[2026-05-16T00:22:58.564+0000] {processor.py:161} INFO - Started process (PID=738) to work on /home/airflow/.local/lib/python3.12/site-packages/airflow/example_dags/example_python_operator.py
[2026-05-16T00:22:58.565+0000] {processor.py:830} INFO - Processing file /home/airflow/.local/lib/python3.12/site-packages/airflow/example_dags/example_python_operator.py for tasks to queue
[2026-05-16T00:22:58.566+0000] {logging_mixin.py:188} INFO - [2026-05-16T00:22:58.566+0000] {dagbag.py:545} INFO - Filling up the DagBag from /home/airflow/.local/lib/python3.12/site-packages/airflow/example_dags/example_python_operator.py
[2026-05-16T00:22:58.572+0000] {processor.py:840} INFO - DAG(s) 'example_python_operator' retrieved from /home/airflow/.local/lib/python3.12/site-packages/airflow/example_dags/example_python_operator.py
[2026-05-16T00:22:58.584+0000] {logging_mixin.py:188} INFO - [2026-05-16T00:22:58.584+0000] {dag.py:3089} INFO - Sync 1 DAGs
[2026-05-16T00:22:58.591+0000] {logging_mixin.py:188} INFO - [2026-05-16T00:22:58.590+0000] {dag.py:3947} INFO - Setting next_dagrun for example_python_operator to None, run_after=None
[2026-05-16T00:22:58.598+0000] {processor.py:183} INFO - Processing /home/airflow/.local/lib/python3.12/site-packages/airflow/example_dags/example_python_operator.py took 0.037 seconds
[2026-05-16T01:00:08.077+0000] {processor.py:161} INFO - Started process (PID=812) to work on /home/airflow/.local/lib/python3.12/site-packages/airflow/example_dags/example_python_operator.py
[2026-05-16T01:00:08.078+0000] {processor.py:830} INFO - Processing file /home/airflow/.local/lib/python3.12/site-packages/airflow/example_dags/example_python_operator.py for tasks to queue
[2026-05-16T01:00:08.079+0000] {logging_mixin.py:188} INFO - [2026-05-16T01:00:08.078+0000] {dagbag.py:545} INFO - Filling up the DagBag from /home/airflow/.local/lib/python3.12/site-packages/airflow/example_dags/example_python_operator.py
[2026-05-16T01:00:08.083+0000] {processor.py:840} INFO - DAG(s) 'example_python_operator' retrieved from /home/airflow/.local/lib/python3.12/site-packages/airflow/example_dags/example_python_operator.py
[2026-05-16T01:00:08.091+0000] {logging_mixin.py:188} INFO - [2026-05-16T01:00:08.091+0000] {dag.py:3089} INFO - Sync 1 DAGs
[2026-05-16T01:00:08.094+0000] {logging_mixin.py:188} INFO - [2026-05-16T01:00:08.094+0000] {dag.py:3947} INFO - Setting next_dagrun for example_python_operator to None, run_after=None
[2026-05-16T01:00:08.100+0000] {processor.py:183} INFO - Processing /home/airflow/.local/lib/python3.12/site-packages/airflow/example_dags/example_python_operator.py took 0.025 seconds
[2026-05-16T01:15:40.433+0000] {processor.py:161} INFO - Started process (PID=870) to work on /home/airflow/.local/lib/python3.12/site-packages/airflow/example_dags/example_python_operator.py
[2026-05-16T01:15:40.434+0000] {processor.py:830} INFO - Processing file /home/airflow/.local/lib/python3.12/site-packages/airflow/example_dags/example_python_operator.py for tasks to queue
[2026-05-16T01:15:40.434+0000] {logging_mixin.py:188} INFO - [2026-05-16T01:15:40.434+0000] {dagbag.py:545} INFO - Filling up the DagBag from /home/airflow/.local/lib/python3.12/site-packages/airflow/example_dags/example_python_operator.py
[2026-05-16T01:15:40.438+0000] {processor.py:840} INFO - DAG(s) 'example_python_operator' retrieved from /home/airflow/.local/lib/python3.12/site-packages/airflow/example_dags/example_python_operator.py
[2026-05-16T01:15:40.446+0000] {logging_mixin.py:188} INFO - [2026-05-16T01:15:40.446+0000] {dag.py:3089} INFO - Sync 1 DAGs
[2026-05-16T01:15:40.450+0000] {logging_mixin.py:188} INFO - [2026-05-16T01:15:40.450+0000] {dag.py:3947} INFO - Setting next_dagrun for example_python_operator to None, run_after=None
[2026-05-16T01:15:40.454+0000] {processor.py:183} INFO - Processing /home/airflow/.local/lib/python3.12/site-packages/airflow/example_dags/example_python_operator.py took 0.023 seconds
[2026-05-16T01:23:56.047+0000] {processor.py:161} INFO - Started process (PID=922) to work on /home/airflow/.local/lib/python3.12/site-packages/airflow/example_dags/example_python_operator.py
[2026-05-16T01:23:56.047+0000] {processor.py:830} INFO - Processing file /home/airflow/.local/lib/python3.12/site-packages/airflow/example_dags/example_python_operator.py for tasks to queue
[2026-05-16T01:23:56.048+0000] {logging_mixin.py:188} INFO - [2026-05-16T01:23:56.048+0000] {dagbag.py:545} INFO - Filling up the DagBag from /home/airflow/.local/lib/python3.12/site-packages/airflow/example_dags/example_python_operator.py
[2026-05-16T01:23:56.053+0000] {processor.py:840} INFO - DAG(s) 'example_python_operator' retrieved from /home/airflow/.local/lib/python3.12/site-packages/airflow/example_dags/example_python_operator.py
[2026-05-16T01:23:56.063+0000] {logging_mixin.py:188} INFO - [2026-05-16T01:23:56.063+0000] {dag.py:3089} INFO - Sync 1 DAGs
[2026-05-16T01:23:56.068+0000] {logging_mixin.py:188} INFO - [2026-05-16T01:23:56.068+0000] {dag.py:3947} INFO - Setting next_dagrun for example_python_operator to None, run_after=None
[2026-05-16T01:23:56.074+0000] {processor.py:183} INFO - Processing /home/airflow/.local/lib/python3.12/site-packages/airflow/example_dags/example_python_operator.py took 0.030 seconds
[2026-05-16T01:41:38.795+0000] {processor.py:161} INFO - Started process (PID=974) to work on /home/airflow/.local/lib/python3.12/site-packages/airflow/example_dags/example_python_operator.py
[2026-05-16T01:41:38.796+0000] {processor.py:830} INFO - Processing file /home/airflow/.local/lib/python3.12/site-packages/airflow/example_dags/example_python_operator.py for tasks to queue
[2026-05-16T01:41:38.796+0000] {logging_mixin.py:188} INFO - [2026-05-16T01:41:38.796+0000] {dagbag.py:545} INFO - Filling up the DagBag from /home/airflow/.local/lib/python3.12/site-packages/airflow/example_dags/example_python_operator.py
[2026-05-16T01:41:38.800+0000] {processor.py:840} INFO - DAG(s) 'example_python_operator' retrieved from /home/airflow/.local/lib/python3.12/site-packages/airflow/example_dags/example_python_operator.py
[2026-05-16T01:41:38.808+0000] {logging_mixin.py:188} INFO - [2026-05-16T01:41:38.808+0000] {dag.py:3089} INFO - Sync 1 DAGs
[2026-05-16T01:41:38.812+0000] {logging_mixin.py:188} INFO - [2026-05-16T01:41:38.812+0000] {dag.py:3947} INFO - Setting next_dagrun for example_python_operator to None, run_after=None
[2026-05-16T01:41:38.817+0000] {processor.py:183} INFO - Processing /home/airflow/.local/lib/python3.12/site-packages/airflow/example_dags/example_python_operator.py took 0.023 seconds
[2026-05-16T01:42:09.078+0000] {processor.py:161} INFO - Started process (PID=1032) to work on /home/airflow/.local/lib/python3.12/site-packages/airflow/example_dags/example_python_operator.py
[2026-05-16T01:42:09.079+0000] {processor.py:830} INFO - Processing file /home/airflow/.local/lib/python3.12/site-packages/airflow/example_dags/example_python_operator.py for tasks to queue
[2026-05-16T01:42:09.079+0000] {logging_mixin.py:188} INFO - [2026-05-16T01:42:09.079+0000] {dagbag.py:545} INFO - Filling up the DagBag from /home/airflow/.local/lib/python3.12/site-packages/airflow/example_dags/example_python_operator.py
[2026-05-16T01:42:09.083+0000] {processor.py:840} INFO - DAG(s) 'example_python_operator' retrieved from /home/airflow/.local/lib/python3.12/site-packages/airflow/example_dags/example_python_operator.py
[2026-05-16T01:42:09.090+0000] {logging_mixin.py:188} INFO - [2026-05-16T01:42:09.090+0000] {dag.py:3089} INFO - Sync 1 DAGs
[2026-05-16T01:42:09.094+0000] {logging_mixin.py:188} INFO - [2026-05-16T01:42:09.094+0000] {dag.py:3947} INFO - Setting next_dagrun for example_python_operator to None, run_after=None
[2026-05-16T01:42:09.098+0000] {processor.py:183} INFO - Processing /home/airflow/.local/lib/python3.12/site-packages/airflow/example_dags/example_python_operator.py took 0.022 seconds
[2026-05-16T02:58:06.155+0000] {processor.py:161} INFO - Started process (PID=1088) to work on /home/airflow/.local/lib/python3.12/site-packages/airflow/example_dags/example_python_operator.py
[2026-05-16T02:58:06.155+0000] {processor.py:830} INFO - Processing file /home/airflow/.local/lib/python3.12/site-packages/airflow/example_dags/example_python_operator.py for tasks to queue
[2026-05-16T02:58:06.156+0000] {logging_mixin.py:188} INFO - [2026-05-16T02:58:06.156+0000] {dagbag.py:545} INFO - Filling up the DagBag from /home/airflow/.local/lib/python3.12/site-packages/airflow/example_dags/example_python_operator.py
[2026-05-16T02:58:06.163+0000] {processor.py:840} INFO - DAG(s) 'example_python_operator' retrieved from /home/airflow/.local/lib/python3.12/site-packages/airflow/example_dags/example_python_operator.py
[2026-05-16T02:58:06.174+0000] {logging_mixin.py:188} INFO - [2026-05-16T02:58:06.174+0000] {dag.py:3089} INFO - Sync 1 DAGs
[2026-05-16T02:58:06.178+0000] {logging_mixin.py:188} INFO - [2026-05-16T02:58:06.178+0000] {dag.py:3947} INFO - Setting next_dagrun for example_python_operator to None, run_after=None
[2026-05-16T02:58:06.183+0000] {processor.py:183} INFO - Processing /home/airflow/.local/lib/python3.12/site-packages/airflow/example_dags/example_python_operator.py took 0.032 seconds
[2026-05-16T03:24:45.606+0000] {processor.py:161} INFO - Started process (PID=1140) to work on /home/airflow/.local/lib/python3.12/site-packages/airflow/example_dags/example_python_operator.py
[2026-05-16T03:24:45.606+0000] {processor.py:830} INFO - Processing file /home/airflow/.local/lib/python3.12/site-packages/airflow/example_dags/example_python_operator.py for tasks to queue
[2026-05-16T03:24:45.607+0000] {logging_mixin.py:188} INFO - [2026-05-16T03:24:45.607+0000] {dagbag.py:545} INFO - Filling up the DagBag from /home/airflow/.local/lib/python3.12/site-packages/airflow/example_dags/example_python_operator.py
[2026-05-16T03:24:45.612+0000] {processor.py:840} INFO - DAG(s) 'example_python_operator' retrieved from /home/airflow/.local/lib/python3.12/site-packages/airflow/example_dags/example_python_operator.py
[2026-05-16T03:24:45.620+0000] {logging_mixin.py:188} INFO - [2026-05-16T03:24:45.620+0000] {dag.py:3089} INFO - Sync 1 DAGs
[2026-05-16T03:24:45.624+0000] {logging_mixin.py:188} INFO - [2026-05-16T03:24:45.624+0000] {dag.py:3947} INFO - Setting next_dagrun for example_python_operator to None, run_after=None
[2026-05-16T03:24:45.630+0000] {processor.py:183} INFO - Processing /home/airflow/.local/lib/python3.12/site-packages/airflow/example_dags/example_python_operator.py took 0.026 seconds
[2026-05-16T03:25:16.008+0000] {processor.py:161} INFO - Started process (PID=1198) to work on /home/airflow/.local/lib/python3.12/site-packages/airflow/example_dags/example_python_operator.py
[2026-05-16T03:25:16.008+0000] {processor.py:830} INFO - Processing file /home/airflow/.local/lib/python3.12/site-packages/airflow/example_dags/example_python_operator.py for tasks to queue
[2026-05-16T03:25:16.009+0000] {logging_mixin.py:188} INFO - [2026-05-16T03:25:16.009+0000] {dagbag.py:545} INFO - Filling up the DagBag from /home/airflow/.local/lib/python3.12/site-packages/airflow/example_dags/example_python_operator.py
[2026-05-16T03:25:16.013+0000] {processor.py:840} INFO - DAG(s) 'example_python_operator' retrieved from /home/airflow/.local/lib/python3.12/site-packages/airflow/example_dags/example_python_operator.py
[2026-05-16T03:25:16.020+0000] {logging_mixin.py:188} INFO - [2026-05-16T03:25:16.019+0000] {dag.py:3089} INFO - Sync 1 DAGs
[2026-05-16T03:25:16.023+0000] {logging_mixin.py:188} INFO - [2026-05-16T03:25:16.023+0000] {dag.py:3947} INFO - Setting next_dagrun for example_python_operator to None, run_after=None
[2026-05-16T03:25:16.028+0000] {processor.py:183} INFO - Processing /home/airflow/.local/lib/python3.12/site-packages/airflow/example_dags/example_python_operator.py took 0.023 seconds
[2026-05-16T03:36:43.367+0000] {processor.py:161} INFO - Started process (PID=1273) to work on /home/airflow/.local/lib/python3.12/site-packages/airflow/example_dags/example_python_operator.py
[2026-05-16T03:36:43.367+0000] {processor.py:830} INFO - Processing file /home/airflow/.local/lib/python3.12/site-packages/airflow/example_dags/example_python_operator.py for tasks to queue
[2026-05-16T03:36:43.368+0000] {logging_mixin.py:188} INFO - [2026-05-16T03:36:43.368+0000] {dagbag.py:545} INFO - Filling up the DagBag from /home/airflow/.local/lib/python3.12/site-packages/airflow/example_dags/example_python_operator.py
[2026-05-16T03:36:43.372+0000] {processor.py:840} INFO - DAG(s) 'example_python_operator' retrieved from /home/airflow/.local/lib/python3.12/site-packages/airflow/example_dags/example_python_operator.py
[2026-05-16T03:36:43.383+0000] {logging_mixin.py:188} INFO - [2026-05-16T03:36:43.383+0000] {dag.py:3089} INFO - Sync 1 DAGs
[2026-05-16T03:36:43.388+0000] {logging_mixin.py:188} INFO - [2026-05-16T03:36:43.388+0000] {dag.py:3947} INFO - Setting next_dagrun for example_python_operator to None, run_after=None
[2026-05-16T03:36:43.393+0000] {processor.py:183} INFO - Processing /home/airflow/.local/lib/python3.12/site-packages/airflow/example_dags/example_python_operator.py took 0.028 seconds
[2026-05-16T03:41:23.997+0000] {processor.py:161} INFO - Started process (PID=1330) to work on /home/airflow/.local/lib/python3.12/site-packages/airflow/example_dags/example_python_operator.py
[2026-05-16T03:41:23.998+0000] {processor.py:830} INFO - Processing file /home/airflow/.local/lib/python3.12/site-packages/airflow/example_dags/example_python_operator.py for tasks to queue
[2026-05-16T03:41:23.998+0000] {logging_mixin.py:188} INFO - [2026-05-16T03:41:23.998+0000] {dagbag.py:545} INFO - Filling up the DagBag from /home/airflow/.local/lib/python3.12/site-packages/airflow/example_dags/example_python_operator.py
[2026-05-16T03:41:24.003+0000] {processor.py:840} INFO - DAG(s) 'example_python_operator' retrieved from /home/airflow/.local/lib/python3.12/site-packages/airflow/example_dags/example_python_operator.py
[2026-05-16T03:41:24.010+0000] {logging_mixin.py:188} INFO - [2026-05-16T03:41:24.009+0000] {dag.py:3089} INFO - Sync 1 DAGs
[2026-05-16T03:41:24.013+0000] {logging_mixin.py:188} INFO - [2026-05-16T03:41:24.013+0000] {dag.py:3947} INFO - Setting next_dagrun for example_python_operator to None, run_after=None
[2026-05-16T03:41:24.018+0000] {processor.py:183} INFO - Processing /home/airflow/.local/lib/python3.12/site-packages/airflow/example_dags/example_python_operator.py took 0.023 seconds
[2026-05-16T03:41:54.504+0000] {processor.py:161} INFO - Started process (PID=1388) to work on /home/airflow/.local/lib/python3.12/site-packages/airflow/example_dags/example_python_operator.py
[2026-05-16T03:41:54.504+0000] {processor.py:830} INFO - Processing file /home/airflow/.local/lib/python3.12/site-packages/airflow/example_dags/example_python_operator.py for tasks to queue
[2026-05-16T03:41:54.505+0000] {logging_mixin.py:188} INFO - [2026-05-16T03:41:54.504+0000] {dagbag.py:545} INFO - Filling up the DagBag from /home/airflow/.local/lib/python3.12/site-packages/airflow/example_dags/example_python_operator.py
[2026-05-16T03:41:54.509+0000] {processor.py:840} INFO - DAG(s) 'example_python_operator' retrieved from /home/airflow/.local/lib/python3.12/site-packages/airflow/example_dags/example_python_operator.py
[2026-05-16T03:41:54.517+0000] {logging_mixin.py:188} INFO - [2026-05-16T03:41:54.517+0000] {dag.py:3089} INFO - Sync 1 DAGs
[2026-05-16T03:41:54.521+0000] {logging_mixin.py:188} INFO - [2026-05-16T03:41:54.521+0000] {dag.py:3947} INFO - Setting next_dagrun for example_python_operator to None, run_after=None
[2026-05-16T03:41:54.526+0000] {processor.py:183} INFO - Processing /home/airflow/.local/lib/python3.12/site-packages/airflow/example_dags/example_python_operator.py took 0.025 seconds
[2026-05-16T05:07:43.638+0000] {processor.py:161} INFO - Started process (PID=1440) to work on /home/airflow/.local/lib/python3.12/site-packages/airflow/example_dags/example_python_operator.py
[2026-05-16T05:07:43.638+0000] {processor.py:830} INFO - Processing file /home/airflow/.local/lib/python3.12/site-packages/airflow/example_dags/example_python_operator.py for tasks to queue
[2026-05-16T05:07:43.639+0000] {logging_mixin.py:188} INFO - [2026-05-16T05:07:43.638+0000] {dagbag.py:545} INFO - Filling up the DagBag from /home/airflow/.local/lib/python3.12/site-packages/airflow/example_dags/example_python_operator.py
[2026-05-16T05:07:43.642+0000] {processor.py:840} INFO - DAG(s) 'example_python_operator' retrieved from /home/airflow/.local/lib/python3.12/site-packages/airflow/example_dags/example_python_operator.py
[2026-05-16T05:07:43.649+0000] {logging_mixin.py:188} INFO - [2026-05-16T05:07:43.649+0000] {dag.py:3089} INFO - Sync 1 DAGs
[2026-05-16T05:07:43.653+0000] {logging_mixin.py:188} INFO - [2026-05-16T05:07:43.652+0000] {dag.py:3947} INFO - Setting next_dagrun for example_python_operator to None, run_after=None
[2026-05-16T05:07:43.657+0000] {processor.py:183} INFO - Processing /home/airflow/.local/lib/python3.12/site-packages/airflow/example_dags/example_python_operator.py took 0.021 seconds
[2026-05-16T05:40:47.771+0000] {processor.py:161} INFO - Started process (PID=1498) to work on /home/airflow/.local/lib/python3.12/site-packages/airflow/example_dags/example_python_operator.py
[2026-05-16T05:40:47.771+0000] {processor.py:830} INFO - Processing file /home/airflow/.local/lib/python3.12/site-packages/airflow/example_dags/example_python_operator.py for tasks to queue
[2026-05-16T05:40:47.772+0000] {logging_mixin.py:188} INFO - [2026-05-16T05:40:47.772+0000] {dagbag.py:545} INFO - Filling up the DagBag from /home/airflow/.local/lib/python3.12/site-packages/airflow/example_dags/example_python_operator.py
[2026-05-16T05:40:47.777+0000] {processor.py:840} INFO - DAG(s) 'example_python_operator' retrieved from /home/airflow/.local/lib/python3.12/site-packages/airflow/example_dags/example_python_operator.py
[2026-05-16T05:40:47.787+0000] {logging_mixin.py:188} INFO - [2026-05-16T05:40:47.787+0000] {dag.py:3089} INFO - Sync 1 DAGs
[2026-05-16T05:40:47.791+0000] {logging_mixin.py:188} INFO - [2026-05-16T05:40:47.791+0000] {dag.py:3947} INFO - Setting next_dagrun for example_python_operator to None, run_after=None
[2026-05-16T05:40:47.800+0000] {processor.py:183} INFO - Processing /home/airflow/.local/lib/python3.12/site-packages/airflow/example_dags/example_python_operator.py took 0.032 seconds
[2026-05-16T05:58:43.202+0000] {processor.py:161} INFO - Started process (PID=1550) to work on /home/airflow/.local/lib/python3.12/site-packages/airflow/example_dags/example_python_operator.py
[2026-05-16T05:58:43.202+0000] {processor.py:830} INFO - Processing file /home/airflow/.local/lib/python3.12/site-packages/airflow/example_dags/example_python_operator.py for tasks to queue
[2026-05-16T05:58:43.203+0000] {logging_mixin.py:188} INFO - [2026-05-16T05:58:43.203+0000] {dagbag.py:545} INFO - Filling up the DagBag from /home/airflow/.local/lib/python3.12/site-packages/airflow/example_dags/example_python_operator.py
[2026-05-16T05:58:43.206+0000] {processor.py:840} INFO - DAG(s) 'example_python_operator' retrieved from /home/airflow/.local/lib/python3.12/site-packages/airflow/example_dags/example_python_operator.py
[2026-05-16T05:58:43.213+0000] {logging_mixin.py:188} INFO - [2026-05-16T05:58:43.213+0000] {dag.py:3089} INFO - Sync 1 DAGs
[2026-05-16T05:58:43.217+0000] {logging_mixin.py:188} INFO - [2026-05-16T05:58:43.217+0000] {dag.py:3947} INFO - Setting next_dagrun for example_python_operator to None, run_after=None
[2026-05-16T05:58:43.222+0000] {processor.py:183} INFO - Processing /home/airflow/.local/lib/python3.12/site-packages/airflow/example_dags/example_python_operator.py took 0.022 seconds
[2026-05-16T06:22:16.874+0000] {processor.py:161} INFO - Started process (PID=1608) to work on /home/airflow/.local/lib/python3.12/site-packages/airflow/example_dags/example_python_operator.py
[2026-05-16T06:22:16.874+0000] {processor.py:830} INFO - Processing file /home/airflow/.local/lib/python3.12/site-packages/airflow/example_dags/example_python_operator.py for tasks to queue
[2026-05-16T06:22:16.875+0000] {logging_mixin.py:188} INFO - [2026-05-16T06:22:16.874+0000] {dagbag.py:545} INFO - Filling up the DagBag from /home/airflow/.local/lib/python3.12/site-packages/airflow/example_dags/example_python_operator.py
[2026-05-16T06:22:16.879+0000] {processor.py:840} INFO - DAG(s) 'example_python_operator' retrieved from /home/airflow/.local/lib/python3.12/site-packages/airflow/example_dags/example_python_operator.py
[2026-05-16T06:22:16.888+0000] {logging_mixin.py:188} INFO - [2026-05-16T06:22:16.888+0000] {dag.py:3089} INFO - Sync 1 DAGs
[2026-05-16T06:22:16.893+0000] {logging_mixin.py:188} INFO - [2026-05-16T06:22:16.892+0000] {dag.py:3947} INFO - Setting next_dagrun for example_python_operator to None, run_after=None
[2026-05-16T06:22:16.898+0000] {processor.py:183} INFO - Processing /home/airflow/.local/lib/python3.12/site-packages/airflow/example_dags/example_python_operator.py took 0.027 seconds
[2026-05-16T06:23:11.672+0000] {processor.py:161} INFO - Started process (PID=1666) to work on /home/airflow/.local/lib/python3.12/site-packages/airflow/example_dags/example_python_operator.py
[2026-05-16T06:23:11.672+0000] {processor.py:830} INFO - Processing file /home/airflow/.local/lib/python3.12/site-packages/airflow/example_dags/example_python_operator.py for tasks to queue
[2026-05-16T06:23:11.673+0000] {logging_mixin.py:188} INFO - [2026-05-16T06:23:11.673+0000] {dagbag.py:545} INFO - Filling up the DagBag from /home/airflow/.local/lib/python3.12/site-packages/airflow/example_dags/example_python_operator.py
[2026-05-16T06:23:11.677+0000] {processor.py:840} INFO - DAG(s) 'example_python_operator' retrieved from /home/airflow/.local/lib/python3.12/site-packages/airflow/example_dags/example_python_operator.py
[2026-05-16T06:23:11.683+0000] {logging_mixin.py:188} INFO - [2026-05-16T06:23:11.683+0000] {dag.py:3089} INFO - Sync 1 DAGs
[2026-05-16T06:23:11.687+0000] {logging_mixin.py:188} INFO - [2026-05-16T06:23:11.687+0000] {dag.py:3947} INFO - Setting next_dagrun for example_python_operator to None, run_after=None
[2026-05-16T06:23:11.692+0000] {processor.py:183} INFO - Processing /home/airflow/.local/lib/python3.12/site-packages/airflow/example_dags/example_python_operator.py took 0.022 seconds
[2026-05-16T06:23:41.938+0000] {processor.py:161} INFO - Started process (PID=1724) to work on /home/airflow/.local/lib/python3.12/site-packages/airflow/example_dags/example_python_operator.py
[2026-05-16T06:23:41.939+0000] {processor.py:830} INFO - Processing file /home/airflow/.local/lib/python3.12/site-packages/airflow/example_dags/example_python_operator.py for tasks to queue
[2026-05-16T06:23:41.939+0000] {logging_mixin.py:188} INFO - [2026-05-16T06:23:41.939+0000] {dagbag.py:545} INFO - Filling up the DagBag from /home/airflow/.local/lib/python3.12/site-packages/airflow/example_dags/example_python_operator.py
[2026-05-16T06:23:41.943+0000] {processor.py:840} INFO - DAG(s) 'example_python_operator' retrieved from /home/airflow/.local/lib/python3.12/site-packages/airflow/example_dags/example_python_operator.py
[2026-05-16T06:23:41.952+0000] {logging_mixin.py:188} INFO - [2026-05-16T06:23:41.952+0000] {dag.py:3089} INFO - Sync 1 DAGs
[2026-05-16T06:23:41.956+0000] {logging_mixin.py:188} INFO - [2026-05-16T06:23:41.956+0000] {dag.py:3947} INFO - Setting next_dagrun for example_python_operator to None, run_after=None
[2026-05-16T06:23:41.961+0000] {processor.py:183} INFO - Processing /home/airflow/.local/lib/python3.12/site-packages/airflow/example_dags/example_python_operator.py took 0.025 seconds
[2026-05-16T06:27:08.654+0000] {processor.py:161} INFO - Started process (PID=1776) to work on /home/airflow/.local/lib/python3.12/site-packages/airflow/example_dags/example_python_operator.py
[2026-05-16T06:27:08.654+0000] {processor.py:830} INFO - Processing file /home/airflow/.local/lib/python3.12/site-packages/airflow/example_dags/example_python_operator.py for tasks to queue
[2026-05-16T06:27:08.655+0000] {logging_mixin.py:188} INFO - [2026-05-16T06:27:08.655+0000] {dagbag.py:545} INFO - Filling up the DagBag from /home/airflow/.local/lib/python3.12/site-packages/airflow/example_dags/example_python_operator.py
[2026-05-16T06:27:08.659+0000] {processor.py:840} INFO - DAG(s) 'example_python_operator' retrieved from /home/airflow/.local/lib/python3.12/site-packages/airflow/example_dags/example_python_operator.py
[2026-05-16T06:27:08.667+0000] {logging_mixin.py:188} INFO - [2026-05-16T06:27:08.667+0000] {dag.py:3089} INFO - Sync 1 DAGs
[2026-05-16T06:27:08.671+0000] {logging_mixin.py:188} INFO - [2026-05-16T06:27:08.671+0000] {dag.py:3947} INFO - Setting next_dagrun for example_python_operator to None, run_after=None
[2026-05-16T06:27:08.676+0000] {processor.py:183} INFO - Processing /home/airflow/.local/lib/python3.12/site-packages/airflow/example_dags/example_python_operator.py took 0.024 seconds
[2026-05-16T06:46:31.406+0000] {processor.py:161} INFO - Started process (PID=1828) to work on /home/airflow/.local/lib/python3.12/site-packages/airflow/example_dags/example_python_operator.py
[2026-05-16T06:46:31.407+0000] {processor.py:830} INFO - Processing file /home/airflow/.local/lib/python3.12/site-packages/airflow/example_dags/example_python_operator.py for tasks to queue
[2026-05-16T06:46:31.407+0000] {logging_mixin.py:188} INFO - [2026-05-16T06:46:31.407+0000] {dagbag.py:545} INFO - Filling up the DagBag from /home/airflow/.local/lib/python3.12/site-packages/airflow/example_dags/example_python_operator.py
[2026-05-16T06:46:31.412+0000] {processor.py:840} INFO - DAG(s) 'example_python_operator' retrieved from /home/airflow/.local/lib/python3.12/site-packages/airflow/example_dags/example_python_operator.py
[2026-05-16T06:46:31.421+0000] {logging_mixin.py:188} INFO - [2026-05-16T06:46:31.421+0000] {dag.py:3089} INFO - Sync 1 DAGs
[2026-05-16T06:46:31.425+0000] {logging_mixin.py:188} INFO - [2026-05-16T06:46:31.425+0000] {dag.py:3947} INFO - Setting next_dagrun for example_python_operator to None, run_after=None
[2026-05-16T06:46:31.430+0000] {processor.py:183} INFO - Processing /home/airflow/.local/lib/python3.12/site-packages/airflow/example_dags/example_python_operator.py took 0.026 seconds
[2026-05-16T06:54:13.840+0000] {processor.py:161} INFO - Started process (PID=1885) to work on /home/airflow/.local/lib/python3.12/site-packages/airflow/example_dags/example_python_operator.py
[2026-05-16T06:54:13.840+0000] {processor.py:830} INFO - Processing file /home/airflow/.local/lib/python3.12/site-packages/airflow/example_dags/example_python_operator.py for tasks to queue
[2026-05-16T06:54:13.841+0000] {logging_mixin.py:188} INFO - [2026-05-16T06:54:13.841+0000] {dagbag.py:545} INFO - Filling up the DagBag from /home/airflow/.local/lib/python3.12/site-packages/airflow/example_dags/example_python_operator.py
[2026-05-16T06:54:13.845+0000] {processor.py:840} INFO - DAG(s) 'example_python_operator' retrieved from /home/airflow/.local/lib/python3.12/site-packages/airflow/example_dags/example_python_operator.py
[2026-05-16T06:54:13.854+0000] {logging_mixin.py:188} INFO - [2026-05-16T06:54:13.854+0000] {dag.py:3089} INFO - Sync 1 DAGs
[2026-05-16T06:54:13.932+0000] {logging_mixin.py:188} INFO - [2026-05-16T06:54:13.932+0000] {dag.py:3947} INFO - Setting next_dagrun for example_python_operator to None, run_after=None
[2026-05-16T06:54:13.940+0000] {processor.py:183} INFO - Processing /home/airflow/.local/lib/python3.12/site-packages/airflow/example_dags/example_python_operator.py took 0.103 seconds
[2026-05-16T07:10:30.987+0000] {processor.py:161} INFO - Started process (PID=1943) to work on /home/airflow/.local/lib/python3.12/site-packages/airflow/example_dags/example_python_operator.py
[2026-05-16T07:10:30.987+0000] {processor.py:830} INFO - Processing file /home/airflow/.local/lib/python3.12/site-packages/airflow/example_dags/example_python_operator.py for tasks to queue
[2026-05-16T07:10:30.988+0000] {logging_mixin.py:188} INFO - [2026-05-16T07:10:30.988+0000] {dagbag.py:545} INFO - Filling up the DagBag from /home/airflow/.local/lib/python3.12/site-packages/airflow/example_dags/example_python_operator.py
[2026-05-16T07:10:30.995+0000] {processor.py:840} INFO - DAG(s) 'example_python_operator' retrieved from /home/airflow/.local/lib/python3.12/site-packages/airflow/example_dags/example_python_operator.py
[2026-05-16T07:10:31.004+0000] {logging_mixin.py:188} INFO - [2026-05-16T07:10:31.004+0000] {dag.py:3089} INFO - Sync 1 DAGs
[2026-05-16T07:10:31.009+0000] {logging_mixin.py:188} INFO - [2026-05-16T07:10:31.009+0000] {dag.py:3947} INFO - Setting next_dagrun for example_python_operator to None, run_after=None
[2026-05-16T07:10:31.018+0000] {processor.py:183} INFO - Processing /home/airflow/.local/lib/python3.12/site-packages/airflow/example_dags/example_python_operator.py took 0.036 seconds
[2026-05-16T07:11:01.061+0000] {processor.py:161} INFO - Started process (PID=2001) to work on /home/airflow/.local/lib/python3.12/site-packages/airflow/example_dags/example_python_operator.py
[2026-05-16T07:11:01.061+0000] {processor.py:830} INFO - Processing file /home/airflow/.local/lib/python3.12/site-packages/airflow/example_dags/example_python_operator.py for tasks to queue
[2026-05-16T07:11:01.062+0000] {logging_mixin.py:188} INFO - [2026-05-16T07:11:01.061+0000] {dagbag.py:545} INFO - Filling up the DagBag from /home/airflow/.local/lib/python3.12/site-packages/airflow/example_dags/example_python_operator.py
[2026-05-16T07:11:01.066+0000] {processor.py:840} INFO - DAG(s) 'example_python_operator' retrieved from /home/airflow/.local/lib/python3.12/site-packages/airflow/example_dags/example_python_operator.py
[2026-05-16T07:11:01.075+0000] {logging_mixin.py:188} INFO - [2026-05-16T07:11:01.075+0000] {dag.py:3089} INFO - Sync 1 DAGs
[2026-05-16T07:11:01.080+0000] {logging_mixin.py:188} INFO - [2026-05-16T07:11:01.080+0000] {dag.py:3947} INFO - Setting next_dagrun for example_python_operator to None, run_after=None
[2026-05-16T07:11:01.086+0000] {processor.py:183} INFO - Processing /home/airflow/.local/lib/python3.12/site-packages/airflow/example_dags/example_python_operator.py took 0.028 seconds
[2026-05-16T07:48:07.476+0000] {processor.py:161} INFO - Started process (PID=2050) to work on /home/airflow/.local/lib/python3.12/site-packages/airflow/example_dags/example_python_operator.py
[2026-05-16T07:48:07.476+0000] {processor.py:830} INFO - Processing file /home/airflow/.local/lib/python3.12/site-packages/airflow/example_dags/example_python_operator.py for tasks to queue
[2026-05-16T07:48:07.476+0000] {logging_mixin.py:188} INFO - [2026-05-16T07:48:07.476+0000] {dagbag.py:545} INFO - Filling up the DagBag from /home/airflow/.local/lib/python3.12/site-packages/airflow/example_dags/example_python_operator.py
[2026-05-16T07:48:07.481+0000] {processor.py:840} INFO - DAG(s) 'example_python_operator' retrieved from /home/airflow/.local/lib/python3.12/site-packages/airflow/example_dags/example_python_operator.py
[2026-05-16T07:48:07.557+0000] {logging_mixin.py:188} INFO - [2026-05-16T07:48:07.557+0000] {dag.py:3089} INFO - Sync 1 DAGs
[2026-05-16T07:48:07.561+0000] {logging_mixin.py:188} INFO - [2026-05-16T07:48:07.561+0000] {dag.py:3947} INFO - Setting next_dagrun for example_python_operator to None, run_after=None
[2026-05-16T07:48:07.565+0000] {processor.py:183} INFO - Processing /home/airflow/.local/lib/python3.12/site-packages/airflow/example_dags/example_python_operator.py took 0.092 seconds
[2026-05-16T07:48:38.372+0000] {processor.py:161} INFO - Started process (PID=2108) to work on /home/airflow/.local/lib/python3.12/site-packages/airflow/example_dags/example_python_operator.py
[2026-05-16T07:48:38.372+0000] {processor.py:830} INFO - Processing file /home/airflow/.local/lib/python3.12/site-packages/airflow/example_dags/example_python_operator.py for tasks to queue
[2026-05-16T07:48:38.373+0000] {logging_mixin.py:188} INFO - [2026-05-16T07:48:38.372+0000] {dagbag.py:545} INFO - Filling up the DagBag from /home/airflow/.local/lib/python3.12/site-packages/airflow/example_dags/example_python_operator.py
[2026-05-16T07:48:38.377+0000] {processor.py:840} INFO - DAG(s) 'example_python_operator' retrieved from /home/airflow/.local/lib/python3.12/site-packages/airflow/example_dags/example_python_operator.py
[2026-05-16T07:48:38.386+0000] {logging_mixin.py:188} INFO - [2026-05-16T07:48:38.386+0000] {dag.py:3089} INFO - Sync 1 DAGs
[2026-05-16T07:48:38.393+0000] {logging_mixin.py:188} INFO - [2026-05-16T07:48:38.393+0000] {dag.py:3947} INFO - Setting next_dagrun for example_python_operator to None, run_after=None
[2026-05-16T07:48:38.475+0000] {processor.py:183} INFO - Processing /home/airflow/.local/lib/python3.12/site-packages/airflow/example_dags/example_python_operator.py took 0.105 seconds
[2026-05-16T10:32:08.218+0000] {processor.py:161} INFO - Started process (PID=2154) to work on /home/airflow/.local/lib/python3.12/site-packages/airflow/example_dags/example_python_operator.py
[2026-05-16T10:32:08.221+0000] {processor.py:830} INFO - Processing file /home/airflow/.local/lib/python3.12/site-packages/airflow/example_dags/example_python_operator.py for tasks to queue
[2026-05-16T10:32:08.221+0000] {logging_mixin.py:188} INFO - [2026-05-16T10:32:08.221+0000] {dagbag.py:545} INFO - Filling up the DagBag from /home/airflow/.local/lib/python3.12/site-packages/airflow/example_dags/example_python_operator.py
[2026-05-16T10:32:08.228+0000] {processor.py:840} INFO - DAG(s) 'example_python_operator' retrieved from /home/airflow/.local/lib/python3.12/site-packages/airflow/example_dags/example_python_operator.py
[2026-05-16T10:32:08.243+0000] {logging_mixin.py:188} INFO - [2026-05-16T10:32:08.243+0000] {dag.py:3089} INFO - Sync 1 DAGs
[2026-05-16T10:32:08.250+0000] {logging_mixin.py:188} INFO - [2026-05-16T10:32:08.250+0000] {dag.py:3947} INFO - Setting next_dagrun for example_python_operator to None, run_after=None
[2026-05-16T10:32:08.258+0000] {processor.py:183} INFO - Processing /home/airflow/.local/lib/python3.12/site-packages/airflow/example_dags/example_python_operator.py took 0.045 seconds
[2026-05-16T10:32:38.833+0000] {processor.py:161} INFO - Started process (PID=2211) to work on /home/airflow/.local/lib/python3.12/site-packages/airflow/example_dags/example_python_operator.py
[2026-05-16T10:32:38.834+0000] {processor.py:830} INFO - Processing file /home/airflow/.local/lib/python3.12/site-packages/airflow/example_dags/example_python_operator.py for tasks to queue
[2026-05-16T10:32:38.834+0000] {logging_mixin.py:188} INFO - [2026-05-16T10:32:38.834+0000] {dagbag.py:545} INFO - Filling up the DagBag from /home/airflow/.local/lib/python3.12/site-packages/airflow/example_dags/example_python_operator.py
[2026-05-16T10:32:38.838+0000] {processor.py:840} INFO - DAG(s) 'example_python_operator' retrieved from /home/airflow/.local/lib/python3.12/site-packages/airflow/example_dags/example_python_operator.py
[2026-05-16T10:32:38.846+0000] {logging_mixin.py:188} INFO - [2026-05-16T10:32:38.846+0000] {dag.py:3089} INFO - Sync 1 DAGs
[2026-05-16T10:32:38.850+0000] {logging_mixin.py:188} INFO - [2026-05-16T10:32:38.850+0000] {dag.py:3947} INFO - Setting next_dagrun for example_python_operator to None, run_after=None
[2026-05-16T10:32:38.855+0000] {processor.py:183} INFO - Processing /home/airflow/.local/lib/python3.12/site-packages/airflow/example_dags/example_python_operator.py took 0.024 seconds
[2026-05-16T10:33:09.208+0000] {processor.py:161} INFO - Started process (PID=2269) to work on /home/airflow/.local/lib/python3.12/site-packages/airflow/example_dags/example_python_operator.py
[2026-05-16T10:33:09.209+0000] {processor.py:830} INFO - Processing file /home/airflow/.local/lib/python3.12/site-packages/airflow/example_dags/example_python_operator.py for tasks to queue
[2026-05-16T10:33:09.209+0000] {logging_mixin.py:188} INFO - [2026-05-16T10:33:09.209+0000] {dagbag.py:545} INFO - Filling up the DagBag from /home/airflow/.local/lib/python3.12/site-packages/airflow/example_dags/example_python_operator.py
[2026-05-16T10:33:09.214+0000] {processor.py:840} INFO - DAG(s) 'example_python_operator' retrieved from /home/airflow/.local/lib/python3.12/site-packages/airflow/example_dags/example_python_operator.py
[2026-05-16T10:33:09.222+0000] {logging_mixin.py:188} INFO - [2026-05-16T10:33:09.221+0000] {dag.py:3089} INFO - Sync 1 DAGs
[2026-05-16T10:33:09.225+0000] {logging_mixin.py:188} INFO - [2026-05-16T10:33:09.225+0000] {dag.py:3947} INFO - Setting next_dagrun for example_python_operator to None, run_after=None
[2026-05-16T10:33:09.230+0000] {processor.py:183} INFO - Processing /home/airflow/.local/lib/python3.12/site-packages/airflow/example_dags/example_python_operator.py took 0.024 seconds
[2026-05-16T10:33:39.760+0000] {processor.py:161} INFO - Started process (PID=2327) to work on /home/airflow/.local/lib/python3.12/site-packages/airflow/example_dags/example_python_operator.py
[2026-05-16T10:33:39.761+0000] {processor.py:830} INFO - Processing file /home/airflow/.local/lib/python3.12/site-packages/airflow/example_dags/example_python_operator.py for tasks to queue
[2026-05-16T10:33:39.761+0000] {logging_mixin.py:188} INFO - [2026-05-16T10:33:39.761+0000] {dagbag.py:545} INFO - Filling up the DagBag from /home/airflow/.local/lib/python3.12/site-packages/airflow/example_dags/example_python_operator.py
[2026-05-16T10:33:39.765+0000] {processor.py:840} INFO - DAG(s) 'example_python_operator' retrieved from /home/airflow/.local/lib/python3.12/site-packages/airflow/example_dags/example_python_operator.py
[2026-05-16T10:33:39.776+0000] {logging_mixin.py:188} INFO - [2026-05-16T10:33:39.776+0000] {dag.py:3089} INFO - Sync 1 DAGs
[2026-05-16T10:33:39.780+0000] {logging_mixin.py:188} INFO - [2026-05-16T10:33:39.780+0000] {dag.py:3947} INFO - Setting next_dagrun for example_python_operator to None, run_after=None
[2026-05-16T10:33:39.786+0000] {processor.py:183} INFO - Processing /home/airflow/.local/lib/python3.12/site-packages/airflow/example_dags/example_python_operator.py took 0.027 seconds
[2026-05-16T10:34:10.150+0000] {processor.py:161} INFO - Started process (PID=2385) to work on /home/airflow/.local/lib/python3.12/site-packages/airflow/example_dags/example_python_operator.py
[2026-05-16T10:34:10.150+0000] {processor.py:830} INFO - Processing file /home/airflow/.local/lib/python3.12/site-packages/airflow/example_dags/example_python_operator.py for tasks to queue
[2026-05-16T10:34:10.151+0000] {logging_mixin.py:188} INFO - [2026-05-16T10:34:10.151+0000] {dagbag.py:545} INFO - Filling up the DagBag from /home/airflow/.local/lib/python3.12/site-packages/airflow/example_dags/example_python_operator.py
[2026-05-16T10:34:10.157+0000] {processor.py:840} INFO - DAG(s) 'example_python_operator' retrieved from /home/airflow/.local/lib/python3.12/site-packages/airflow/example_dags/example_python_operator.py
[2026-05-16T10:34:10.165+0000] {logging_mixin.py:188} INFO - [2026-05-16T10:34:10.165+0000] {dag.py:3089} INFO - Sync 1 DAGs
[2026-05-16T10:34:10.169+0000] {logging_mixin.py:188} INFO - [2026-05-16T10:34:10.169+0000] {dag.py:3947} INFO - Setting next_dagrun for example_python_operator to None, run_after=None
[2026-05-16T10:34:10.174+0000] {processor.py:183} INFO - Processing /home/airflow/.local/lib/python3.12/site-packages/airflow/example_dags/example_python_operator.py took 0.026 seconds
[2026-05-16T10:34:40.451+0000] {processor.py:161} INFO - Started process (PID=2443) to work on /home/airflow/.local/lib/python3.12/site-packages/airflow/example_dags/example_python_operator.py
[2026-05-16T10:34:40.451+0000] {processor.py:830} INFO - Processing file /home/airflow/.local/lib/python3.12/site-packages/airflow/example_dags/example_python_operator.py for tasks to queue
[2026-05-16T10:34:40.452+0000] {logging_mixin.py:188} INFO - [2026-05-16T10:34:40.452+0000] {dagbag.py:545} INFO - Filling up the DagBag from /home/airflow/.local/lib/python3.12/site-packages/airflow/example_dags/example_python_operator.py
[2026-05-16T10:34:40.455+0000] {processor.py:840} INFO - DAG(s) 'example_python_operator' retrieved from /home/airflow/.local/lib/python3.12/site-packages/airflow/example_dags/example_python_operator.py
[2026-05-16T10:34:40.463+0000] {logging_mixin.py:188} INFO - [2026-05-16T10:34:40.463+0000] {dag.py:3089} INFO - Sync 1 DAGs
[2026-05-16T10:34:40.467+0000] {logging_mixin.py:188} INFO - [2026-05-16T10:34:40.467+0000] {dag.py:3947} INFO - Setting next_dagrun for example_python_operator to None, run_after=None
[2026-05-16T10:34:40.471+0000] {processor.py:183} INFO - Processing /home/airflow/.local/lib/python3.12/site-packages/airflow/example_dags/example_python_operator.py took 0.022 seconds
[2026-05-16T10:35:10.745+0000] {processor.py:161} INFO - Started process (PID=2501) to work on /home/airflow/.local/lib/python3.12/site-packages/airflow/example_dags/example_python_operator.py
[2026-05-16T10:35:10.745+0000] {processor.py:830} INFO - Processing file /home/airflow/.local/lib/python3.12/site-packages/airflow/example_dags/example_python_operator.py for tasks to queue
[2026-05-16T10:35:10.745+0000] {logging_mixin.py:188} INFO - [2026-05-16T10:35:10.745+0000] {dagbag.py:545} INFO - Filling up the DagBag from /home/airflow/.local/lib/python3.12/site-packages/airflow/example_dags/example_python_operator.py
[2026-05-16T10:35:10.749+0000] {processor.py:840} INFO - DAG(s) 'example_python_operator' retrieved from /home/airflow/.local/lib/python3.12/site-packages/airflow/example_dags/example_python_operator.py
[2026-05-16T10:35:10.757+0000] {logging_mixin.py:188} INFO - [2026-05-16T10:35:10.757+0000] {dag.py:3089} INFO - Sync 1 DAGs
[2026-05-16T10:35:10.761+0000] {logging_mixin.py:188} INFO - [2026-05-16T10:35:10.761+0000] {dag.py:3947} INFO - Setting next_dagrun for example_python_operator to None, run_after=None
[2026-05-16T10:35:10.766+0000] {processor.py:183} INFO - Processing /home/airflow/.local/lib/python3.12/site-packages/airflow/example_dags/example_python_operator.py took 0.024 seconds
[2026-05-16T10:35:41.044+0000] {processor.py:161} INFO - Started process (PID=2560) to work on /home/airflow/.local/lib/python3.12/site-packages/airflow/example_dags/example_python_operator.py
[2026-05-16T10:35:41.045+0000] {processor.py:830} INFO - Processing file /home/airflow/.local/lib/python3.12/site-packages/airflow/example_dags/example_python_operator.py for tasks to queue
[2026-05-16T10:35:41.045+0000] {logging_mixin.py:188} INFO - [2026-05-16T10:35:41.045+0000] {dagbag.py:545} INFO - Filling up the DagBag from /home/airflow/.local/lib/python3.12/site-packages/airflow/example_dags/example_python_operator.py
[2026-05-16T10:35:41.050+0000] {processor.py:840} INFO - DAG(s) 'example_python_operator' retrieved from /home/airflow/.local/lib/python3.12/site-packages/airflow/example_dags/example_python_operator.py
[2026-05-16T10:35:41.057+0000] {logging_mixin.py:188} INFO - [2026-05-16T10:35:41.057+0000] {dag.py:3089} INFO - Sync 1 DAGs
[2026-05-16T10:35:41.061+0000] {logging_mixin.py:188} INFO - [2026-05-16T10:35:41.061+0000] {dag.py:3947} INFO - Setting next_dagrun for example_python_operator to None, run_after=None
[2026-05-16T10:35:41.066+0000] {processor.py:183} INFO - Processing /home/airflow/.local/lib/python3.12/site-packages/airflow/example_dags/example_python_operator.py took 0.024 seconds
[2026-05-16T10:36:11.398+0000] {processor.py:161} INFO - Started process (PID=2618) to work on /home/airflow/.local/lib/python3.12/site-packages/airflow/example_dags/example_python_operator.py
[2026-05-16T10:36:11.399+0000] {processor.py:830} INFO - Processing file /home/airflow/.local/lib/python3.12/site-packages/airflow/example_dags/example_python_operator.py for tasks to queue
[2026-05-16T10:36:11.399+0000] {logging_mixin.py:188} INFO - [2026-05-16T10:36:11.399+0000] {dagbag.py:545} INFO - Filling up the DagBag from /home/airflow/.local/lib/python3.12/site-packages/airflow/example_dags/example_python_operator.py
[2026-05-16T10:36:11.404+0000] {processor.py:840} INFO - DAG(s) 'example_python_operator' retrieved from /home/airflow/.local/lib/python3.12/site-packages/airflow/example_dags/example_python_operator.py
[2026-05-16T10:36:11.414+0000] {logging_mixin.py:188} INFO - [2026-05-16T10:36:11.413+0000] {dag.py:3089} INFO - Sync 1 DAGs
[2026-05-16T10:36:11.420+0000] {logging_mixin.py:188} INFO - [2026-05-16T10:36:11.419+0000] {dag.py:3947} INFO - Setting next_dagrun for example_python_operator to None, run_after=None
[2026-05-16T10:36:11.427+0000] {processor.py:183} INFO - Processing /home/airflow/.local/lib/python3.12/site-packages/airflow/example_dags/example_python_operator.py took 0.031 seconds
[2026-05-16T10:36:41.613+0000] {processor.py:161} INFO - Started process (PID=2676) to work on /home/airflow/.local/lib/python3.12/site-packages/airflow/example_dags/example_python_operator.py
[2026-05-16T10:36:41.614+0000] {processor.py:830} INFO - Processing file /home/airflow/.local/lib/python3.12/site-packages/airflow/example_dags/example_python_operator.py for tasks to queue
[2026-05-16T10:36:41.614+0000] {logging_mixin.py:188} INFO - [2026-05-16T10:36:41.614+0000] {dagbag.py:545} INFO - Filling up the DagBag from /home/airflow/.local/lib/python3.12/site-packages/airflow/example_dags/example_python_operator.py
[2026-05-16T10:36:41.618+0000] {processor.py:840} INFO - DAG(s) 'example_python_operator' retrieved from /home/airflow/.local/lib/python3.12/site-packages/airflow/example_dags/example_python_operator.py
[2026-05-16T10:36:41.625+0000] {logging_mixin.py:188} INFO - [2026-05-16T10:36:41.625+0000] {dag.py:3089} INFO - Sync 1 DAGs
[2026-05-16T10:36:41.629+0000] {logging_mixin.py:188} INFO - [2026-05-16T10:36:41.629+0000] {dag.py:3947} INFO - Setting next_dagrun for example_python_operator to None, run_after=None
[2026-05-16T10:36:41.633+0000] {processor.py:183} INFO - Processing /home/airflow/.local/lib/python3.12/site-packages/airflow/example_dags/example_python_operator.py took 0.022 seconds
[2026-05-16T10:37:11.822+0000] {processor.py:161} INFO - Started process (PID=2734) to work on /home/airflow/.local/lib/python3.12/site-packages/airflow/example_dags/example_python_operator.py
[2026-05-16T10:37:11.822+0000] {processor.py:830} INFO - Processing file /home/airflow/.local/lib/python3.12/site-packages/airflow/example_dags/example_python_operator.py for tasks to queue
[2026-05-16T10:37:11.822+0000] {logging_mixin.py:188} INFO - [2026-05-16T10:37:11.822+0000] {dagbag.py:545} INFO - Filling up the DagBag from /home/airflow/.local/lib/python3.12/site-packages/airflow/example_dags/example_python_operator.py
[2026-05-16T10:37:11.826+0000] {processor.py:840} INFO - DAG(s) 'example_python_operator' retrieved from /home/airflow/.local/lib/python3.12/site-packages/airflow/example_dags/example_python_operator.py
[2026-05-16T10:37:11.833+0000] {logging_mixin.py:188} INFO - [2026-05-16T10:37:11.833+0000] {dag.py:3089} INFO - Sync 1 DAGs
[2026-05-16T10:37:11.837+0000] {logging_mixin.py:188} INFO - [2026-05-16T10:37:11.837+0000] {dag.py:3947} INFO - Setting next_dagrun for example_python_operator to None, run_after=None
[2026-05-16T10:37:11.845+0000] {processor.py:183} INFO - Processing /home/airflow/.local/lib/python3.12/site-packages/airflow/example_dags/example_python_operator.py took 0.025 seconds
[2026-05-16T10:37:42.249+0000] {processor.py:161} INFO - Started process (PID=2792) to work on /home/airflow/.local/lib/python3.12/site-packages/airflow/example_dags/example_python_operator.py
[2026-05-16T10:37:42.249+0000] {processor.py:830} INFO - Processing file /home/airflow/.local/lib/python3.12/site-packages/airflow/example_dags/example_python_operator.py for tasks to queue
[2026-05-16T10:37:42.250+0000] {logging_mixin.py:188} INFO - [2026-05-16T10:37:42.250+0000] {dagbag.py:545} INFO - Filling up the DagBag from /home/airflow/.local/lib/python3.12/site-packages/airflow/example_dags/example_python_operator.py
[2026-05-16T10:37:42.254+0000] {processor.py:840} INFO - DAG(s) 'example_python_operator' retrieved from /home/airflow/.local/lib/python3.12/site-packages/airflow/example_dags/example_python_operator.py
[2026-05-16T10:37:42.263+0000] {logging_mixin.py:188} INFO - [2026-05-16T10:37:42.263+0000] {dag.py:3089} INFO - Sync 1 DAGs
[2026-05-16T10:37:42.267+0000] {logging_mixin.py:188} INFO - [2026-05-16T10:37:42.267+0000] {dag.py:3947} INFO - Setting next_dagrun for example_python_operator to None, run_after=None
[2026-05-16T10:37:42.272+0000] {processor.py:183} INFO - Processing /home/airflow/.local/lib/python3.12/site-packages/airflow/example_dags/example_python_operator.py took 0.025 seconds
[2026-05-16T10:38:12.659+0000] {processor.py:161} INFO - Started process (PID=2851) to work on /home/airflow/.local/lib/python3.12/site-packages/airflow/example_dags/example_python_operator.py
[2026-05-16T10:38:12.660+0000] {processor.py:830} INFO - Processing file /home/airflow/.local/lib/python3.12/site-packages/airflow/example_dags/example_python_operator.py for tasks to queue
[2026-05-16T10:38:12.660+0000] {logging_mixin.py:188} INFO - [2026-05-16T10:38:12.660+0000] {dagbag.py:545} INFO - Filling up the DagBag from /home/airflow/.local/lib/python3.12/site-packages/airflow/example_dags/example_python_operator.py
[2026-05-16T10:38:12.668+0000] {processor.py:840} INFO - DAG(s) 'example_python_operator' retrieved from /home/airflow/.local/lib/python3.12/site-packages/airflow/example_dags/example_python_operator.py
[2026-05-16T10:38:12.684+0000] {logging_mixin.py:188} INFO - [2026-05-16T10:38:12.684+0000] {dag.py:3089} INFO - Sync 1 DAGs
[2026-05-16T10:38:12.692+0000] {logging_mixin.py:188} INFO - [2026-05-16T10:38:12.692+0000] {dag.py:3947} INFO - Setting next_dagrun for example_python_operator to None, run_after=None
[2026-05-16T10:38:12.705+0000] {processor.py:183} INFO - Processing /home/airflow/.local/lib/python3.12/site-packages/airflow/example_dags/example_python_operator.py took 0.050 seconds
[2026-05-16T10:38:43.136+0000] {processor.py:161} INFO - Started process (PID=2909) to work on /home/airflow/.local/lib/python3.12/site-packages/airflow/example_dags/example_python_operator.py
[2026-05-16T10:38:43.136+0000] {processor.py:830} INFO - Processing file /home/airflow/.local/lib/python3.12/site-packages/airflow/example_dags/example_python_operator.py for tasks to queue
[2026-05-16T10:38:43.136+0000] {logging_mixin.py:188} INFO - [2026-05-16T10:38:43.136+0000] {dagbag.py:545} INFO - Filling up the DagBag from /home/airflow/.local/lib/python3.12/site-packages/airflow/example_dags/example_python_operator.py
[2026-05-16T10:38:43.140+0000] {processor.py:840} INFO - DAG(s) 'example_python_operator' retrieved from /home/airflow/.local/lib/python3.12/site-packages/airflow/example_dags/example_python_operator.py
[2026-05-16T10:38:43.147+0000] {logging_mixin.py:188} INFO - [2026-05-16T10:38:43.147+0000] {dag.py:3089} INFO - Sync 1 DAGs
[2026-05-16T10:38:43.151+0000] {logging_mixin.py:188} INFO - [2026-05-16T10:38:43.151+0000] {dag.py:3947} INFO - Setting next_dagrun for example_python_operator to None, run_after=None
[2026-05-16T10:38:43.155+0000] {processor.py:183} INFO - Processing /home/airflow/.local/lib/python3.12/site-packages/airflow/example_dags/example_python_operator.py took 0.022 seconds
[2026-05-16T10:39:13.672+0000] {processor.py:161} INFO - Started process (PID=2967) to work on /home/airflow/.local/lib/python3.12/site-packages/airflow/example_dags/example_python_operator.py
[2026-05-16T10:39:13.672+0000] {processor.py:830} INFO - Processing file /home/airflow/.local/lib/python3.12/site-packages/airflow/example_dags/example_python_operator.py for tasks to queue
[2026-05-16T10:39:13.673+0000] {logging_mixin.py:188} INFO - [2026-05-16T10:39:13.673+0000] {dagbag.py:545} INFO - Filling up the DagBag from /home/airflow/.local/lib/python3.12/site-packages/airflow/example_dags/example_python_operator.py
[2026-05-16T10:39:13.677+0000] {processor.py:840} INFO - DAG(s) 'example_python_operator' retrieved from /home/airflow/.local/lib/python3.12/site-packages/airflow/example_dags/example_python_operator.py
[2026-05-16T10:39:13.684+0000] {logging_mixin.py:188} INFO - [2026-05-16T10:39:13.684+0000] {dag.py:3089} INFO - Sync 1 DAGs
[2026-05-16T10:39:13.688+0000] {logging_mixin.py:188} INFO - [2026-05-16T10:39:13.687+0000] {dag.py:3947} INFO - Setting next_dagrun for example_python_operator to None, run_after=None
[2026-05-16T10:39:13.692+0000] {processor.py:183} INFO - Processing /home/airflow/.local/lib/python3.12/site-packages/airflow/example_dags/example_python_operator.py took 0.022 seconds
[2026-05-16T10:39:44.237+0000] {processor.py:161} INFO - Started process (PID=3025) to work on /home/airflow/.local/lib/python3.12/site-packages/airflow/example_dags/example_python_operator.py
[2026-05-16T10:39:44.241+0000] {processor.py:830} INFO - Processing file /home/airflow/.local/lib/python3.12/site-packages/airflow/example_dags/example_python_operator.py for tasks to queue
[2026-05-16T10:39:44.241+0000] {logging_mixin.py:188} INFO - [2026-05-16T10:39:44.241+0000] {dagbag.py:545} INFO - Filling up the DagBag from /home/airflow/.local/lib/python3.12/site-packages/airflow/example_dags/example_python_operator.py
[2026-05-16T10:39:44.255+0000] {processor.py:840} INFO - DAG(s) 'example_python_operator' retrieved from /home/airflow/.local/lib/python3.12/site-packages/airflow/example_dags/example_python_operator.py
[2026-05-16T10:39:44.264+0000] {logging_mixin.py:188} INFO - [2026-05-16T10:39:44.264+0000] {dag.py:3089} INFO - Sync 1 DAGs
[2026-05-16T10:39:44.268+0000] {logging_mixin.py:188} INFO - [2026-05-16T10:39:44.268+0000] {dag.py:3947} INFO - Setting next_dagrun for example_python_operator to None, run_after=None
[2026-05-16T10:39:44.273+0000] {processor.py:183} INFO - Processing /home/airflow/.local/lib/python3.12/site-packages/airflow/example_dags/example_python_operator.py took 0.043 seconds
[2026-05-16T10:40:14.818+0000] {processor.py:161} INFO - Started process (PID=3082) to work on /home/airflow/.local/lib/python3.12/site-packages/airflow/example_dags/example_python_operator.py
[2026-05-16T10:40:14.819+0000] {processor.py:830} INFO - Processing file /home/airflow/.local/lib/python3.12/site-packages/airflow/example_dags/example_python_operator.py for tasks to queue
[2026-05-16T10:40:14.819+0000] {logging_mixin.py:188} INFO - [2026-05-16T10:40:14.819+0000] {dagbag.py:545} INFO - Filling up the DagBag from /home/airflow/.local/lib/python3.12/site-packages/airflow/example_dags/example_python_operator.py
[2026-05-16T10:40:14.824+0000] {processor.py:840} INFO - DAG(s) 'example_python_operator' retrieved from /home/airflow/.local/lib/python3.12/site-packages/airflow/example_dags/example_python_operator.py
[2026-05-16T10:40:14.834+0000] {logging_mixin.py:188} INFO - [2026-05-16T10:40:14.834+0000] {dag.py:3089} INFO - Sync 1 DAGs
[2026-05-16T10:40:14.842+0000] {logging_mixin.py:188} INFO - [2026-05-16T10:40:14.842+0000] {dag.py:3947} INFO - Setting next_dagrun for example_python_operator to None, run_after=None
[2026-05-16T10:40:14.852+0000] {processor.py:183} INFO - Processing /home/airflow/.local/lib/python3.12/site-packages/airflow/example_dags/example_python_operator.py took 0.036 seconds
[2026-05-16T10:40:45.398+0000] {processor.py:161} INFO - Started process (PID=3140) to work on /home/airflow/.local/lib/python3.12/site-packages/airflow/example_dags/example_python_operator.py
[2026-05-16T10:40:45.398+0000] {processor.py:830} INFO - Processing file /home/airflow/.local/lib/python3.12/site-packages/airflow/example_dags/example_python_operator.py for tasks to queue
[2026-05-16T10:40:45.398+0000] {logging_mixin.py:188} INFO - [2026-05-16T10:40:45.398+0000] {dagbag.py:545} INFO - Filling up the DagBag from /home/airflow/.local/lib/python3.12/site-packages/airflow/example_dags/example_python_operator.py
[2026-05-16T10:40:45.402+0000] {processor.py:840} INFO - DAG(s) 'example_python_operator' retrieved from /home/airflow/.local/lib/python3.12/site-packages/airflow/example_dags/example_python_operator.py
[2026-05-16T10:40:45.410+0000] {logging_mixin.py:188} INFO - [2026-05-16T10:40:45.410+0000] {dag.py:3089} INFO - Sync 1 DAGs
[2026-05-16T10:40:45.413+0000] {logging_mixin.py:188} INFO - [2026-05-16T10:40:45.413+0000] {dag.py:3947} INFO - Setting next_dagrun for example_python_operator to None, run_after=None
[2026-05-16T10:40:45.418+0000] {processor.py:183} INFO - Processing /home/airflow/.local/lib/python3.12/site-packages/airflow/example_dags/example_python_operator.py took 0.023 seconds
[2026-05-16T10:41:15.810+0000] {processor.py:161} INFO - Started process (PID=3198) to work on /home/airflow/.local/lib/python3.12/site-packages/airflow/example_dags/example_python_operator.py
[2026-05-16T10:41:15.811+0000] {processor.py:830} INFO - Processing file /home/airflow/.local/lib/python3.12/site-packages/airflow/example_dags/example_python_operator.py for tasks to queue
[2026-05-16T10:41:15.811+0000] {logging_mixin.py:188} INFO - [2026-05-16T10:41:15.811+0000] {dagbag.py:545} INFO - Filling up the DagBag from /home/airflow/.local/lib/python3.12/site-packages/airflow/example_dags/example_python_operator.py
[2026-05-16T10:41:15.816+0000] {processor.py:840} INFO - DAG(s) 'example_python_operator' retrieved from /home/airflow/.local/lib/python3.12/site-packages/airflow/example_dags/example_python_operator.py
[2026-05-16T10:41:15.826+0000] {logging_mixin.py:188} INFO - [2026-05-16T10:41:15.826+0000] {dag.py:3089} INFO - Sync 1 DAGs
[2026-05-16T10:41:15.831+0000] {logging_mixin.py:188} INFO - [2026-05-16T10:41:15.831+0000] {dag.py:3947} INFO - Setting next_dagrun for example_python_operator to None, run_after=None
[2026-05-16T10:41:15.838+0000] {processor.py:183} INFO - Processing /home/airflow/.local/lib/python3.12/site-packages/airflow/example_dags/example_python_operator.py took 0.031 seconds
[2026-05-16T10:41:46.114+0000] {processor.py:161} INFO - Started process (PID=3256) to work on /home/airflow/.local/lib/python3.12/site-packages/airflow/example_dags/example_python_operator.py
[2026-05-16T10:41:46.114+0000] {processor.py:830} INFO - Processing file /home/airflow/.local/lib/python3.12/site-packages/airflow/example_dags/example_python_operator.py for tasks to queue
[2026-05-16T10:41:46.114+0000] {logging_mixin.py:188} INFO - [2026-05-16T10:41:46.114+0000] {dagbag.py:545} INFO - Filling up the DagBag from /home/airflow/.local/lib/python3.12/site-packages/airflow/example_dags/example_python_operator.py
[2026-05-16T10:41:46.119+0000] {processor.py:840} INFO - DAG(s) 'example_python_operator' retrieved from /home/airflow/.local/lib/python3.12/site-packages/airflow/example_dags/example_python_operator.py
[2026-05-16T10:41:46.130+0000] {logging_mixin.py:188} INFO - [2026-05-16T10:41:46.130+0000] {dag.py:3089} INFO - Sync 1 DAGs
[2026-05-16T10:41:46.134+0000] {logging_mixin.py:188} INFO - [2026-05-16T10:41:46.134+0000] {dag.py:3947} INFO - Setting next_dagrun for example_python_operator to None, run_after=None
[2026-05-16T10:41:46.140+0000] {processor.py:183} INFO - Processing /home/airflow/.local/lib/python3.12/site-packages/airflow/example_dags/example_python_operator.py took 0.029 seconds
[2026-05-16T10:42:16.533+0000] {processor.py:161} INFO - Started process (PID=3314) to work on /home/airflow/.local/lib/python3.12/site-packages/airflow/example_dags/example_python_operator.py
[2026-05-16T10:42:16.533+0000] {processor.py:830} INFO - Processing file /home/airflow/.local/lib/python3.12/site-packages/airflow/example_dags/example_python_operator.py for tasks to queue
[2026-05-16T10:42:16.534+0000] {logging_mixin.py:188} INFO - [2026-05-16T10:42:16.534+0000] {dagbag.py:545} INFO - Filling up the DagBag from /home/airflow/.local/lib/python3.12/site-packages/airflow/example_dags/example_python_operator.py
[2026-05-16T10:42:16.539+0000] {processor.py:840} INFO - DAG(s) 'example_python_operator' retrieved from /home/airflow/.local/lib/python3.12/site-packages/airflow/example_dags/example_python_operator.py
[2026-05-16T10:42:16.549+0000] {logging_mixin.py:188} INFO - [2026-05-16T10:42:16.549+0000] {dag.py:3089} INFO - Sync 1 DAGs
[2026-05-16T10:42:16.554+0000] {logging_mixin.py:188} INFO - [2026-05-16T10:42:16.554+0000] {dag.py:3947} INFO - Setting next_dagrun for example_python_operator to None, run_after=None
[2026-05-16T10:42:16.560+0000] {processor.py:183} INFO - Processing /home/airflow/.local/lib/python3.12/site-packages/airflow/example_dags/example_python_operator.py took 0.030 seconds
[2026-05-16T10:42:46.943+0000] {processor.py:161} INFO - Started process (PID=3372) to work on /home/airflow/.local/lib/python3.12/site-packages/airflow/example_dags/example_python_operator.py
[2026-05-16T10:42:46.944+0000] {processor.py:830} INFO - Processing file /home/airflow/.local/lib/python3.12/site-packages/airflow/example_dags/example_python_operator.py for tasks to queue
[2026-05-16T10:42:46.944+0000] {logging_mixin.py:188} INFO - [2026-05-16T10:42:46.944+0000] {dagbag.py:545} INFO - Filling up the DagBag from /home/airflow/.local/lib/python3.12/site-packages/airflow/example_dags/example_python_operator.py
[2026-05-16T10:42:46.949+0000] {processor.py:840} INFO - DAG(s) 'example_python_operator' retrieved from /home/airflow/.local/lib/python3.12/site-packages/airflow/example_dags/example_python_operator.py
[2026-05-16T10:42:46.957+0000] {logging_mixin.py:188} INFO - [2026-05-16T10:42:46.957+0000] {dag.py:3089} INFO - Sync 1 DAGs
[2026-05-16T10:42:46.962+0000] {logging_mixin.py:188} INFO - [2026-05-16T10:42:46.962+0000] {dag.py:3947} INFO - Setting next_dagrun for example_python_operator to None, run_after=None
[2026-05-16T10:42:46.968+0000] {processor.py:183} INFO - Processing /home/airflow/.local/lib/python3.12/site-packages/airflow/example_dags/example_python_operator.py took 0.028 seconds
[2026-05-16T10:43:17.339+0000] {processor.py:161} INFO - Started process (PID=3430) to work on /home/airflow/.local/lib/python3.12/site-packages/airflow/example_dags/example_python_operator.py
[2026-05-16T10:43:17.339+0000] {processor.py:830} INFO - Processing file /home/airflow/.local/lib/python3.12/site-packages/airflow/example_dags/example_python_operator.py for tasks to queue
[2026-05-16T10:43:17.340+0000] {logging_mixin.py:188} INFO - [2026-05-16T10:43:17.339+0000] {dagbag.py:545} INFO - Filling up the DagBag from /home/airflow/.local/lib/python3.12/site-packages/airflow/example_dags/example_python_operator.py
[2026-05-16T10:43:17.346+0000] {processor.py:840} INFO - DAG(s) 'example_python_operator' retrieved from /home/airflow/.local/lib/python3.12/site-packages/airflow/example_dags/example_python_operator.py
[2026-05-16T10:43:17.356+0000] {logging_mixin.py:188} INFO - [2026-05-16T10:43:17.356+0000] {dag.py:3089} INFO - Sync 1 DAGs
[2026-05-16T10:43:17.361+0000] {logging_mixin.py:188} INFO - [2026-05-16T10:43:17.361+0000] {dag.py:3947} INFO - Setting next_dagrun for example_python_operator to None, run_after=None
[2026-05-16T10:43:17.367+0000] {processor.py:183} INFO - Processing /home/airflow/.local/lib/python3.12/site-packages/airflow/example_dags/example_python_operator.py took 0.032 seconds
[2026-05-16T10:43:47.702+0000] {processor.py:161} INFO - Started process (PID=3488) to work on /home/airflow/.local/lib/python3.12/site-packages/airflow/example_dags/example_python_operator.py
[2026-05-16T10:43:47.702+0000] {processor.py:830} INFO - Processing file /home/airflow/.local/lib/python3.12/site-packages/airflow/example_dags/example_python_operator.py for tasks to queue
[2026-05-16T10:43:47.702+0000] {logging_mixin.py:188} INFO - [2026-05-16T10:43:47.702+0000] {dagbag.py:545} INFO - Filling up the DagBag from /home/airflow/.local/lib/python3.12/site-packages/airflow/example_dags/example_python_operator.py
[2026-05-16T10:43:47.707+0000] {processor.py:840} INFO - DAG(s) 'example_python_operator' retrieved from /home/airflow/.local/lib/python3.12/site-packages/airflow/example_dags/example_python_operator.py
[2026-05-16T10:43:47.714+0000] {logging_mixin.py:188} INFO - [2026-05-16T10:43:47.714+0000] {dag.py:3089} INFO - Sync 1 DAGs
[2026-05-16T10:43:47.717+0000] {logging_mixin.py:188} INFO - [2026-05-16T10:43:47.717+0000] {dag.py:3947} INFO - Setting next_dagrun for example_python_operator to None, run_after=None
[2026-05-16T10:43:47.722+0000] {processor.py:183} INFO - Processing /home/airflow/.local/lib/python3.12/site-packages/airflow/example_dags/example_python_operator.py took 0.023 seconds
[2026-05-16T10:44:18.073+0000] {processor.py:161} INFO - Started process (PID=3546) to work on /home/airflow/.local/lib/python3.12/site-packages/airflow/example_dags/example_python_operator.py
[2026-05-16T10:44:18.073+0000] {processor.py:830} INFO - Processing file /home/airflow/.local/lib/python3.12/site-packages/airflow/example_dags/example_python_operator.py for tasks to queue
[2026-05-16T10:44:18.073+0000] {logging_mixin.py:188} INFO - [2026-05-16T10:44:18.073+0000] {dagbag.py:545} INFO - Filling up the DagBag from /home/airflow/.local/lib/python3.12/site-packages/airflow/example_dags/example_python_operator.py
[2026-05-16T10:44:18.078+0000] {processor.py:840} INFO - DAG(s) 'example_python_operator' retrieved from /home/airflow/.local/lib/python3.12/site-packages/airflow/example_dags/example_python_operator.py
[2026-05-16T10:44:18.086+0000] {logging_mixin.py:188} INFO - [2026-05-16T10:44:18.086+0000] {dag.py:3089} INFO - Sync 1 DAGs
[2026-05-16T10:44:18.090+0000] {logging_mixin.py:188} INFO - [2026-05-16T10:44:18.090+0000] {dag.py:3947} INFO - Setting next_dagrun for example_python_operator to None, run_after=None
[2026-05-16T10:44:18.095+0000] {processor.py:183} INFO - Processing /home/airflow/.local/lib/python3.12/site-packages/airflow/example_dags/example_python_operator.py took 0.025 seconds
[2026-05-16T10:44:48.449+0000] {processor.py:161} INFO - Started process (PID=3604) to work on /home/airflow/.local/lib/python3.12/site-packages/airflow/example_dags/example_python_operator.py
[2026-05-16T10:44:48.450+0000] {processor.py:830} INFO - Processing file /home/airflow/.local/lib/python3.12/site-packages/airflow/example_dags/example_python_operator.py for tasks to queue
[2026-05-16T10:44:48.450+0000] {logging_mixin.py:188} INFO - [2026-05-16T10:44:48.450+0000] {dagbag.py:545} INFO - Filling up the DagBag from /home/airflow/.local/lib/python3.12/site-packages/airflow/example_dags/example_python_operator.py
[2026-05-16T10:44:48.455+0000] {processor.py:840} INFO - DAG(s) 'example_python_operator' retrieved from /home/airflow/.local/lib/python3.12/site-packages/airflow/example_dags/example_python_operator.py
[2026-05-16T10:44:48.465+0000] {logging_mixin.py:188} INFO - [2026-05-16T10:44:48.465+0000] {dag.py:3089} INFO - Sync 1 DAGs
[2026-05-16T10:44:48.469+0000] {logging_mixin.py:188} INFO - [2026-05-16T10:44:48.469+0000] {dag.py:3947} INFO - Setting next_dagrun for example_python_operator to None, run_after=None
[2026-05-16T10:44:48.474+0000] {processor.py:183} INFO - Processing /home/airflow/.local/lib/python3.12/site-packages/airflow/example_dags/example_python_operator.py took 0.028 seconds
[2026-05-16T10:45:18.867+0000] {processor.py:161} INFO - Started process (PID=3662) to work on /home/airflow/.local/lib/python3.12/site-packages/airflow/example_dags/example_python_operator.py
[2026-05-16T10:45:18.867+0000] {processor.py:830} INFO - Processing file /home/airflow/.local/lib/python3.12/site-packages/airflow/example_dags/example_python_operator.py for tasks to queue
[2026-05-16T10:45:18.868+0000] {logging_mixin.py:188} INFO - [2026-05-16T10:45:18.868+0000] {dagbag.py:545} INFO - Filling up the DagBag from /home/airflow/.local/lib/python3.12/site-packages/airflow/example_dags/example_python_operator.py
[2026-05-16T10:45:18.875+0000] {processor.py:840} INFO - DAG(s) 'example_python_operator' retrieved from /home/airflow/.local/lib/python3.12/site-packages/airflow/example_dags/example_python_operator.py
[2026-05-16T10:45:18.886+0000] {logging_mixin.py:188} INFO - [2026-05-16T10:45:18.886+0000] {dag.py:3089} INFO - Sync 1 DAGs
[2026-05-16T10:45:18.891+0000] {logging_mixin.py:188} INFO - [2026-05-16T10:45:18.891+0000] {dag.py:3947} INFO - Setting next_dagrun for example_python_operator to None, run_after=None
[2026-05-16T10:45:18.897+0000] {processor.py:183} INFO - Processing /home/airflow/.local/lib/python3.12/site-packages/airflow/example_dags/example_python_operator.py took 0.034 seconds
[2026-05-16T10:45:49.234+0000] {processor.py:161} INFO - Started process (PID=3720) to work on /home/airflow/.local/lib/python3.12/site-packages/airflow/example_dags/example_python_operator.py
[2026-05-16T10:45:49.234+0000] {processor.py:830} INFO - Processing file /home/airflow/.local/lib/python3.12/site-packages/airflow/example_dags/example_python_operator.py for tasks to queue
[2026-05-16T10:45:49.235+0000] {logging_mixin.py:188} INFO - [2026-05-16T10:45:49.235+0000] {dagbag.py:545} INFO - Filling up the DagBag from /home/airflow/.local/lib/python3.12/site-packages/airflow/example_dags/example_python_operator.py
[2026-05-16T10:45:49.239+0000] {processor.py:840} INFO - DAG(s) 'example_python_operator' retrieved from /home/airflow/.local/lib/python3.12/site-packages/airflow/example_dags/example_python_operator.py
[2026-05-16T10:45:49.246+0000] {logging_mixin.py:188} INFO - [2026-05-16T10:45:49.246+0000] {dag.py:3089} INFO - Sync 1 DAGs
[2026-05-16T10:45:49.250+0000] {logging_mixin.py:188} INFO - [2026-05-16T10:45:49.250+0000] {dag.py:3947} INFO - Setting next_dagrun for example_python_operator to None, run_after=None
[2026-05-16T10:45:49.256+0000] {processor.py:183} INFO - Processing /home/airflow/.local/lib/python3.12/site-packages/airflow/example_dags/example_python_operator.py took 0.025 seconds
[2026-05-16T10:46:19.545+0000] {processor.py:161} INFO - Started process (PID=3778) to work on /home/airflow/.local/lib/python3.12/site-packages/airflow/example_dags/example_python_operator.py
[2026-05-16T10:46:19.545+0000] {processor.py:830} INFO - Processing file /home/airflow/.local/lib/python3.12/site-packages/airflow/example_dags/example_python_operator.py for tasks to queue
[2026-05-16T10:46:19.545+0000] {logging_mixin.py:188} INFO - [2026-05-16T10:46:19.545+0000] {dagbag.py:545} INFO - Filling up the DagBag from /home/airflow/.local/lib/python3.12/site-packages/airflow/example_dags/example_python_operator.py
[2026-05-16T10:46:19.549+0000] {processor.py:840} INFO - DAG(s) 'example_python_operator' retrieved from /home/airflow/.local/lib/python3.12/site-packages/airflow/example_dags/example_python_operator.py
[2026-05-16T10:46:19.559+0000] {logging_mixin.py:188} INFO - [2026-05-16T10:46:19.559+0000] {dag.py:3089} INFO - Sync 1 DAGs
[2026-05-16T10:46:19.563+0000] {logging_mixin.py:188} INFO - [2026-05-16T10:46:19.563+0000] {dag.py:3947} INFO - Setting next_dagrun for example_python_operator to None, run_after=None
[2026-05-16T10:46:19.569+0000] {processor.py:183} INFO - Processing /home/airflow/.local/lib/python3.12/site-packages/airflow/example_dags/example_python_operator.py took 0.026 seconds
[2026-05-16T10:46:49.828+0000] {processor.py:161} INFO - Started process (PID=3836) to work on /home/airflow/.local/lib/python3.12/site-packages/airflow/example_dags/example_python_operator.py
[2026-05-16T10:46:49.828+0000] {processor.py:830} INFO - Processing file /home/airflow/.local/lib/python3.12/site-packages/airflow/example_dags/example_python_operator.py for tasks to queue
[2026-05-16T10:46:49.828+0000] {logging_mixin.py:188} INFO - [2026-05-16T10:46:49.828+0000] {dagbag.py:545} INFO - Filling up the DagBag from /home/airflow/.local/lib/python3.12/site-packages/airflow/example_dags/example_python_operator.py
[2026-05-16T10:46:49.835+0000] {processor.py:840} INFO - DAG(s) 'example_python_operator' retrieved from /home/airflow/.local/lib/python3.12/site-packages/airflow/example_dags/example_python_operator.py
[2026-05-16T10:46:49.843+0000] {logging_mixin.py:188} INFO - [2026-05-16T10:46:49.843+0000] {dag.py:3089} INFO - Sync 1 DAGs
[2026-05-16T10:46:49.847+0000] {logging_mixin.py:188} INFO - [2026-05-16T10:46:49.847+0000] {dag.py:3947} INFO - Setting next_dagrun for example_python_operator to None, run_after=None
[2026-05-16T10:46:49.852+0000] {processor.py:183} INFO - Processing /home/airflow/.local/lib/python3.12/site-packages/airflow/example_dags/example_python_operator.py took 0.026 seconds
[2026-05-16T10:47:20.492+0000] {processor.py:161} INFO - Started process (PID=3894) to work on /home/airflow/.local/lib/python3.12/site-packages/airflow/example_dags/example_python_operator.py
[2026-05-16T10:47:20.495+0000] {processor.py:830} INFO - Processing file /home/airflow/.local/lib/python3.12/site-packages/airflow/example_dags/example_python_operator.py for tasks to queue
[2026-05-16T10:47:20.495+0000] {logging_mixin.py:188} INFO - [2026-05-16T10:47:20.495+0000] {dagbag.py:545} INFO - Filling up the DagBag from /home/airflow/.local/lib/python3.12/site-packages/airflow/example_dags/example_python_operator.py
[2026-05-16T10:47:20.503+0000] {processor.py:840} INFO - DAG(s) 'example_python_operator' retrieved from /home/airflow/.local/lib/python3.12/site-packages/airflow/example_dags/example_python_operator.py
[2026-05-16T10:47:20.513+0000] {logging_mixin.py:188} INFO - [2026-05-16T10:47:20.513+0000] {dag.py:3089} INFO - Sync 1 DAGs
[2026-05-16T10:47:20.518+0000] {logging_mixin.py:188} INFO - [2026-05-16T10:47:20.518+0000] {dag.py:3947} INFO - Setting next_dagrun for example_python_operator to None, run_after=None
[2026-05-16T10:47:20.523+0000] {processor.py:183} INFO - Processing /home/airflow/.local/lib/python3.12/site-packages/airflow/example_dags/example_python_operator.py took 0.040 seconds
[2026-05-16T10:47:50.966+0000] {processor.py:161} INFO - Started process (PID=3953) to work on /home/airflow/.local/lib/python3.12/site-packages/airflow/example_dags/example_python_operator.py
[2026-05-16T10:47:50.967+0000] {processor.py:830} INFO - Processing file /home/airflow/.local/lib/python3.12/site-packages/airflow/example_dags/example_python_operator.py for tasks to queue
[2026-05-16T10:47:50.967+0000] {logging_mixin.py:188} INFO - [2026-05-16T10:47:50.967+0000] {dagbag.py:545} INFO - Filling up the DagBag from /home/airflow/.local/lib/python3.12/site-packages/airflow/example_dags/example_python_operator.py
[2026-05-16T10:47:50.971+0000] {processor.py:840} INFO - DAG(s) 'example_python_operator' retrieved from /home/airflow/.local/lib/python3.12/site-packages/airflow/example_dags/example_python_operator.py
[2026-05-16T10:47:50.983+0000] {logging_mixin.py:188} INFO - [2026-05-16T10:47:50.983+0000] {dag.py:3089} INFO - Sync 1 DAGs
[2026-05-16T10:47:50.988+0000] {logging_mixin.py:188} INFO - [2026-05-16T10:47:50.988+0000] {dag.py:3947} INFO - Setting next_dagrun for example_python_operator to None, run_after=None
[2026-05-16T10:47:50.993+0000] {processor.py:183} INFO - Processing /home/airflow/.local/lib/python3.12/site-packages/airflow/example_dags/example_python_operator.py took 0.030 seconds
[2026-05-16T10:48:21.265+0000] {processor.py:161} INFO - Started process (PID=4012) to work on /home/airflow/.local/lib/python3.12/site-packages/airflow/example_dags/example_python_operator.py
[2026-05-16T10:48:21.266+0000] {processor.py:830} INFO - Processing file /home/airflow/.local/lib/python3.12/site-packages/airflow/example_dags/example_python_operator.py for tasks to queue
[2026-05-16T10:48:21.266+0000] {logging_mixin.py:188} INFO - [2026-05-16T10:48:21.266+0000] {dagbag.py:545} INFO - Filling up the DagBag from /home/airflow/.local/lib/python3.12/site-packages/airflow/example_dags/example_python_operator.py
[2026-05-16T10:48:21.270+0000] {processor.py:840} INFO - DAG(s) 'example_python_operator' retrieved from /home/airflow/.local/lib/python3.12/site-packages/airflow/example_dags/example_python_operator.py
[2026-05-16T10:48:21.278+0000] {logging_mixin.py:188} INFO - [2026-05-16T10:48:21.278+0000] {dag.py:3089} INFO - Sync 1 DAGs
[2026-05-16T10:48:21.282+0000] {logging_mixin.py:188} INFO - [2026-05-16T10:48:21.282+0000] {dag.py:3947} INFO - Setting next_dagrun for example_python_operator to None, run_after=None
[2026-05-16T10:48:21.288+0000] {processor.py:183} INFO - Processing /home/airflow/.local/lib/python3.12/site-packages/airflow/example_dags/example_python_operator.py took 0.026 seconds
[2026-05-16T10:48:51.639+0000] {processor.py:161} INFO - Started process (PID=4071) to work on /home/airflow/.local/lib/python3.12/site-packages/airflow/example_dags/example_python_operator.py
[2026-05-16T10:48:51.640+0000] {processor.py:830} INFO - Processing file /home/airflow/.local/lib/python3.12/site-packages/airflow/example_dags/example_python_operator.py for tasks to queue
[2026-05-16T10:48:51.640+0000] {logging_mixin.py:188} INFO - [2026-05-16T10:48:51.640+0000] {dagbag.py:545} INFO - Filling up the DagBag from /home/airflow/.local/lib/python3.12/site-packages/airflow/example_dags/example_python_operator.py
[2026-05-16T10:48:51.644+0000] {processor.py:840} INFO - DAG(s) 'example_python_operator' retrieved from /home/airflow/.local/lib/python3.12/site-packages/airflow/example_dags/example_python_operator.py
[2026-05-16T10:48:51.651+0000] {logging_mixin.py:188} INFO - [2026-05-16T10:48:51.651+0000] {dag.py:3089} INFO - Sync 1 DAGs
[2026-05-16T10:48:51.655+0000] {logging_mixin.py:188} INFO - [2026-05-16T10:48:51.655+0000] {dag.py:3947} INFO - Setting next_dagrun for example_python_operator to None, run_after=None
[2026-05-16T10:48:51.660+0000] {processor.py:183} INFO - Processing /home/airflow/.local/lib/python3.12/site-packages/airflow/example_dags/example_python_operator.py took 0.023 seconds
[2026-05-16T10:49:21.946+0000] {processor.py:161} INFO - Started process (PID=4130) to work on /home/airflow/.local/lib/python3.12/site-packages/airflow/example_dags/example_python_operator.py
[2026-05-16T10:49:21.946+0000] {processor.py:830} INFO - Processing file /home/airflow/.local/lib/python3.12/site-packages/airflow/example_dags/example_python_operator.py for tasks to queue
[2026-05-16T10:49:21.946+0000] {logging_mixin.py:188} INFO - [2026-05-16T10:49:21.946+0000] {dagbag.py:545} INFO - Filling up the DagBag from /home/airflow/.local/lib/python3.12/site-packages/airflow/example_dags/example_python_operator.py
[2026-05-16T10:49:21.950+0000] {processor.py:840} INFO - DAG(s) 'example_python_operator' retrieved from /home/airflow/.local/lib/python3.12/site-packages/airflow/example_dags/example_python_operator.py
[2026-05-16T10:49:21.958+0000] {logging_mixin.py:188} INFO - [2026-05-16T10:49:21.958+0000] {dag.py:3089} INFO - Sync 1 DAGs
[2026-05-16T10:49:21.961+0000] {logging_mixin.py:188} INFO - [2026-05-16T10:49:21.961+0000] {dag.py:3947} INFO - Setting next_dagrun for example_python_operator to None, run_after=None
[2026-05-16T10:49:21.966+0000] {processor.py:183} INFO - Processing /home/airflow/.local/lib/python3.12/site-packages/airflow/example_dags/example_python_operator.py took 0.022 seconds
[2026-05-16T10:49:52.456+0000] {processor.py:161} INFO - Started process (PID=4189) to work on /home/airflow/.local/lib/python3.12/site-packages/airflow/example_dags/example_python_operator.py
[2026-05-16T10:49:52.456+0000] {processor.py:830} INFO - Processing file /home/airflow/.local/lib/python3.12/site-packages/airflow/example_dags/example_python_operator.py for tasks to queue
[2026-05-16T10:49:52.456+0000] {logging_mixin.py:188} INFO - [2026-05-16T10:49:52.456+0000] {dagbag.py:545} INFO - Filling up the DagBag from /home/airflow/.local/lib/python3.12/site-packages/airflow/example_dags/example_python_operator.py
[2026-05-16T10:49:52.461+0000] {processor.py:840} INFO - DAG(s) 'example_python_operator' retrieved from /home/airflow/.local/lib/python3.12/site-packages/airflow/example_dags/example_python_operator.py
[2026-05-16T10:49:52.470+0000] {logging_mixin.py:188} INFO - [2026-05-16T10:49:52.470+0000] {dag.py:3089} INFO - Sync 1 DAGs
[2026-05-16T10:49:52.475+0000] {logging_mixin.py:188} INFO - [2026-05-16T10:49:52.475+0000] {dag.py:3947} INFO - Setting next_dagrun for example_python_operator to None, run_after=None
[2026-05-16T10:49:52.483+0000] {processor.py:183} INFO - Processing /home/airflow/.local/lib/python3.12/site-packages/airflow/example_dags/example_python_operator.py took 0.030 seconds
[2026-05-16T10:50:22.963+0000] {processor.py:161} INFO - Started process (PID=4248) to work on /home/airflow/.local/lib/python3.12/site-packages/airflow/example_dags/example_python_operator.py
[2026-05-16T10:50:22.963+0000] {processor.py:830} INFO - Processing file /home/airflow/.local/lib/python3.12/site-packages/airflow/example_dags/example_python_operator.py for tasks to queue
[2026-05-16T10:50:22.963+0000] {logging_mixin.py:188} INFO - [2026-05-16T10:50:22.963+0000] {dagbag.py:545} INFO - Filling up the DagBag from /home/airflow/.local/lib/python3.12/site-packages/airflow/example_dags/example_python_operator.py
[2026-05-16T10:50:22.967+0000] {processor.py:840} INFO - DAG(s) 'example_python_operator' retrieved from /home/airflow/.local/lib/python3.12/site-packages/airflow/example_dags/example_python_operator.py
[2026-05-16T10:50:22.975+0000] {logging_mixin.py:188} INFO - [2026-05-16T10:50:22.975+0000] {dag.py:3089} INFO - Sync 1 DAGs
[2026-05-16T10:50:22.979+0000] {logging_mixin.py:188} INFO - [2026-05-16T10:50:22.979+0000] {dag.py:3947} INFO - Setting next_dagrun for example_python_operator to None, run_after=None
[2026-05-16T10:50:22.984+0000] {processor.py:183} INFO - Processing /home/airflow/.local/lib/python3.12/site-packages/airflow/example_dags/example_python_operator.py took 0.024 seconds
[2026-05-16T10:50:53.630+0000] {processor.py:161} INFO - Started process (PID=4307) to work on /home/airflow/.local/lib/python3.12/site-packages/airflow/example_dags/example_python_operator.py
[2026-05-16T10:50:53.631+0000] {processor.py:830} INFO - Processing file /home/airflow/.local/lib/python3.12/site-packages/airflow/example_dags/example_python_operator.py for tasks to queue
[2026-05-16T10:50:53.631+0000] {logging_mixin.py:188} INFO - [2026-05-16T10:50:53.631+0000] {dagbag.py:545} INFO - Filling up the DagBag from /home/airflow/.local/lib/python3.12/site-packages/airflow/example_dags/example_python_operator.py
[2026-05-16T10:50:53.635+0000] {processor.py:840} INFO - DAG(s) 'example_python_operator' retrieved from /home/airflow/.local/lib/python3.12/site-packages/airflow/example_dags/example_python_operator.py
[2026-05-16T10:50:53.643+0000] {logging_mixin.py:188} INFO - [2026-05-16T10:50:53.643+0000] {dag.py:3089} INFO - Sync 1 DAGs
[2026-05-16T10:50:53.647+0000] {logging_mixin.py:188} INFO - [2026-05-16T10:50:53.647+0000] {dag.py:3947} INFO - Setting next_dagrun for example_python_operator to None, run_after=None
[2026-05-16T10:50:53.652+0000] {processor.py:183} INFO - Processing /home/airflow/.local/lib/python3.12/site-packages/airflow/example_dags/example_python_operator.py took 0.024 seconds
[2026-05-16T10:51:24.014+0000] {processor.py:161} INFO - Started process (PID=4366) to work on /home/airflow/.local/lib/python3.12/site-packages/airflow/example_dags/example_python_operator.py
[2026-05-16T10:51:24.015+0000] {processor.py:830} INFO - Processing file /home/airflow/.local/lib/python3.12/site-packages/airflow/example_dags/example_python_operator.py for tasks to queue
[2026-05-16T10:51:24.015+0000] {logging_mixin.py:188} INFO - [2026-05-16T10:51:24.015+0000] {dagbag.py:545} INFO - Filling up the DagBag from /home/airflow/.local/lib/python3.12/site-packages/airflow/example_dags/example_python_operator.py
[2026-05-16T10:51:24.019+0000] {processor.py:840} INFO - DAG(s) 'example_python_operator' retrieved from /home/airflow/.local/lib/python3.12/site-packages/airflow/example_dags/example_python_operator.py
[2026-05-16T10:51:24.027+0000] {logging_mixin.py:188} INFO - [2026-05-16T10:51:24.027+0000] {dag.py:3089} INFO - Sync 1 DAGs
[2026-05-16T10:51:24.031+0000] {logging_mixin.py:188} INFO - [2026-05-16T10:51:24.031+0000] {dag.py:3947} INFO - Setting next_dagrun for example_python_operator to None, run_after=None
[2026-05-16T10:51:24.036+0000] {processor.py:183} INFO - Processing /home/airflow/.local/lib/python3.12/site-packages/airflow/example_dags/example_python_operator.py took 0.024 seconds
[2026-05-16T10:51:54.318+0000] {processor.py:161} INFO - Started process (PID=4425) to work on /home/airflow/.local/lib/python3.12/site-packages/airflow/example_dags/example_python_operator.py
[2026-05-16T10:51:54.319+0000] {processor.py:830} INFO - Processing file /home/airflow/.local/lib/python3.12/site-packages/airflow/example_dags/example_python_operator.py for tasks to queue
[2026-05-16T10:51:54.319+0000] {logging_mixin.py:188} INFO - [2026-05-16T10:51:54.319+0000] {dagbag.py:545} INFO - Filling up the DagBag from /home/airflow/.local/lib/python3.12/site-packages/airflow/example_dags/example_python_operator.py
[2026-05-16T10:51:54.323+0000] {processor.py:840} INFO - DAG(s) 'example_python_operator' retrieved from /home/airflow/.local/lib/python3.12/site-packages/airflow/example_dags/example_python_operator.py
[2026-05-16T10:51:54.331+0000] {logging_mixin.py:188} INFO - [2026-05-16T10:51:54.331+0000] {dag.py:3089} INFO - Sync 1 DAGs
[2026-05-16T10:51:54.335+0000] {logging_mixin.py:188} INFO - [2026-05-16T10:51:54.335+0000] {dag.py:3947} INFO - Setting next_dagrun for example_python_operator to None, run_after=None
[2026-05-16T10:51:54.340+0000] {processor.py:183} INFO - Processing /home/airflow/.local/lib/python3.12/site-packages/airflow/example_dags/example_python_operator.py took 0.024 seconds
[2026-05-16T10:52:24.772+0000] {processor.py:161} INFO - Started process (PID=4484) to work on /home/airflow/.local/lib/python3.12/site-packages/airflow/example_dags/example_python_operator.py
[2026-05-16T10:52:24.773+0000] {processor.py:830} INFO - Processing file /home/airflow/.local/lib/python3.12/site-packages/airflow/example_dags/example_python_operator.py for tasks to queue
[2026-05-16T10:52:24.773+0000] {logging_mixin.py:188} INFO - [2026-05-16T10:52:24.773+0000] {dagbag.py:545} INFO - Filling up the DagBag from /home/airflow/.local/lib/python3.12/site-packages/airflow/example_dags/example_python_operator.py
[2026-05-16T10:52:24.781+0000] {processor.py:840} INFO - DAG(s) 'example_python_operator' retrieved from /home/airflow/.local/lib/python3.12/site-packages/airflow/example_dags/example_python_operator.py
[2026-05-16T10:52:24.790+0000] {logging_mixin.py:188} INFO - [2026-05-16T10:52:24.789+0000] {dag.py:3089} INFO - Sync 1 DAGs
[2026-05-16T10:52:24.794+0000] {logging_mixin.py:188} INFO - [2026-05-16T10:52:24.794+0000] {dag.py:3947} INFO - Setting next_dagrun for example_python_operator to None, run_after=None
[2026-05-16T10:52:24.799+0000] {processor.py:183} INFO - Processing /home/airflow/.local/lib/python3.12/site-packages/airflow/example_dags/example_python_operator.py took 0.029 seconds
[2026-05-16T10:52:55.154+0000] {processor.py:161} INFO - Started process (PID=4543) to work on /home/airflow/.local/lib/python3.12/site-packages/airflow/example_dags/example_python_operator.py
[2026-05-16T10:52:55.154+0000] {processor.py:830} INFO - Processing file /home/airflow/.local/lib/python3.12/site-packages/airflow/example_dags/example_python_operator.py for tasks to queue
[2026-05-16T10:52:55.154+0000] {logging_mixin.py:188} INFO - [2026-05-16T10:52:55.154+0000] {dagbag.py:545} INFO - Filling up the DagBag from /home/airflow/.local/lib/python3.12/site-packages/airflow/example_dags/example_python_operator.py
[2026-05-16T10:52:55.159+0000] {processor.py:840} INFO - DAG(s) 'example_python_operator' retrieved from /home/airflow/.local/lib/python3.12/site-packages/airflow/example_dags/example_python_operator.py
[2026-05-16T10:52:55.167+0000] {logging_mixin.py:188} INFO - [2026-05-16T10:52:55.166+0000] {dag.py:3089} INFO - Sync 1 DAGs
[2026-05-16T10:52:55.171+0000] {logging_mixin.py:188} INFO - [2026-05-16T10:52:55.171+0000] {dag.py:3947} INFO - Setting next_dagrun for example_python_operator to None, run_after=None
[2026-05-16T10:52:55.176+0000] {processor.py:183} INFO - Processing /home/airflow/.local/lib/python3.12/site-packages/airflow/example_dags/example_python_operator.py took 0.025 seconds
[2026-05-16T10:53:25.593+0000] {processor.py:161} INFO - Started process (PID=4601) to work on /home/airflow/.local/lib/python3.12/site-packages/airflow/example_dags/example_python_operator.py
[2026-05-16T10:53:25.594+0000] {processor.py:830} INFO - Processing file /home/airflow/.local/lib/python3.12/site-packages/airflow/example_dags/example_python_operator.py for tasks to queue
[2026-05-16T10:53:25.594+0000] {logging_mixin.py:188} INFO - [2026-05-16T10:53:25.594+0000] {dagbag.py:545} INFO - Filling up the DagBag from /home/airflow/.local/lib/python3.12/site-packages/airflow/example_dags/example_python_operator.py
[2026-05-16T10:53:25.598+0000] {processor.py:840} INFO - DAG(s) 'example_python_operator' retrieved from /home/airflow/.local/lib/python3.12/site-packages/airflow/example_dags/example_python_operator.py
[2026-05-16T10:53:25.606+0000] {logging_mixin.py:188} INFO - [2026-05-16T10:53:25.606+0000] {dag.py:3089} INFO - Sync 1 DAGs
[2026-05-16T10:53:25.610+0000] {logging_mixin.py:188} INFO - [2026-05-16T10:53:25.610+0000] {dag.py:3947} INFO - Setting next_dagrun for example_python_operator to None, run_after=None
[2026-05-16T10:53:25.615+0000] {processor.py:183} INFO - Processing /home/airflow/.local/lib/python3.12/site-packages/airflow/example_dags/example_python_operator.py took 0.024 seconds
[2026-05-16T10:53:55.983+0000] {processor.py:161} INFO - Started process (PID=4660) to work on /home/airflow/.local/lib/python3.12/site-packages/airflow/example_dags/example_python_operator.py
[2026-05-16T10:53:55.984+0000] {processor.py:830} INFO - Processing file /home/airflow/.local/lib/python3.12/site-packages/airflow/example_dags/example_python_operator.py for tasks to queue
[2026-05-16T10:53:55.984+0000] {logging_mixin.py:188} INFO - [2026-05-16T10:53:55.984+0000] {dagbag.py:545} INFO - Filling up the DagBag from /home/airflow/.local/lib/python3.12/site-packages/airflow/example_dags/example_python_operator.py
[2026-05-16T10:53:55.989+0000] {processor.py:840} INFO - DAG(s) 'example_python_operator' retrieved from /home/airflow/.local/lib/python3.12/site-packages/airflow/example_dags/example_python_operator.py
[2026-05-16T10:53:55.999+0000] {logging_mixin.py:188} INFO - [2026-05-16T10:53:55.998+0000] {dag.py:3089} INFO - Sync 1 DAGs
[2026-05-16T10:53:56.003+0000] {logging_mixin.py:188} INFO - [2026-05-16T10:53:56.003+0000] {dag.py:3947} INFO - Setting next_dagrun for example_python_operator to None, run_after=None
[2026-05-16T10:53:56.008+0000] {processor.py:183} INFO - Processing /home/airflow/.local/lib/python3.12/site-packages/airflow/example_dags/example_python_operator.py took 0.027 seconds
[2026-05-16T10:54:26.371+0000] {processor.py:161} INFO - Started process (PID=4718) to work on /home/airflow/.local/lib/python3.12/site-packages/airflow/example_dags/example_python_operator.py
[2026-05-16T10:54:26.371+0000] {processor.py:830} INFO - Processing file /home/airflow/.local/lib/python3.12/site-packages/airflow/example_dags/example_python_operator.py for tasks to queue
[2026-05-16T10:54:26.371+0000] {logging_mixin.py:188} INFO - [2026-05-16T10:54:26.371+0000] {dagbag.py:545} INFO - Filling up the DagBag from /home/airflow/.local/lib/python3.12/site-packages/airflow/example_dags/example_python_operator.py
[2026-05-16T10:54:26.376+0000] {processor.py:840} INFO - DAG(s) 'example_python_operator' retrieved from /home/airflow/.local/lib/python3.12/site-packages/airflow/example_dags/example_python_operator.py
[2026-05-16T10:54:26.383+0000] {logging_mixin.py:188} INFO - [2026-05-16T10:54:26.383+0000] {dag.py:3089} INFO - Sync 1 DAGs
[2026-05-16T10:54:26.387+0000] {logging_mixin.py:188} INFO - [2026-05-16T10:54:26.387+0000] {dag.py:3947} INFO - Setting next_dagrun for example_python_operator to None, run_after=None
[2026-05-16T10:54:26.394+0000] {processor.py:183} INFO - Processing /home/airflow/.local/lib/python3.12/site-packages/airflow/example_dags/example_python_operator.py took 0.026 seconds
[2026-05-16T10:54:56.734+0000] {processor.py:161} INFO - Started process (PID=4778) to work on /home/airflow/.local/lib/python3.12/site-packages/airflow/example_dags/example_python_operator.py
[2026-05-16T10:54:56.734+0000] {processor.py:830} INFO - Processing file /home/airflow/.local/lib/python3.12/site-packages/airflow/example_dags/example_python_operator.py for tasks to queue
[2026-05-16T10:54:56.734+0000] {logging_mixin.py:188} INFO - [2026-05-16T10:54:56.734+0000] {dagbag.py:545} INFO - Filling up the DagBag from /home/airflow/.local/lib/python3.12/site-packages/airflow/example_dags/example_python_operator.py
[2026-05-16T10:54:56.739+0000] {processor.py:840} INFO - DAG(s) 'example_python_operator' retrieved from /home/airflow/.local/lib/python3.12/site-packages/airflow/example_dags/example_python_operator.py
[2026-05-16T10:54:56.746+0000] {logging_mixin.py:188} INFO - [2026-05-16T10:54:56.746+0000] {dag.py:3089} INFO - Sync 1 DAGs
[2026-05-16T10:54:56.750+0000] {logging_mixin.py:188} INFO - [2026-05-16T10:54:56.750+0000] {dag.py:3947} INFO - Setting next_dagrun for example_python_operator to None, run_after=None
[2026-05-16T10:54:56.755+0000] {processor.py:183} INFO - Processing /home/airflow/.local/lib/python3.12/site-packages/airflow/example_dags/example_python_operator.py took 0.024 seconds
[2026-05-16T10:55:27.053+0000] {processor.py:161} INFO - Started process (PID=4837) to work on /home/airflow/.local/lib/python3.12/site-packages/airflow/example_dags/example_python_operator.py
[2026-05-16T10:55:27.053+0000] {processor.py:830} INFO - Processing file /home/airflow/.local/lib/python3.12/site-packages/airflow/example_dags/example_python_operator.py for tasks to queue
[2026-05-16T10:55:27.053+0000] {logging_mixin.py:188} INFO - [2026-05-16T10:55:27.053+0000] {dagbag.py:545} INFO - Filling up the DagBag from /home/airflow/.local/lib/python3.12/site-packages/airflow/example_dags/example_python_operator.py
[2026-05-16T10:55:27.058+0000] {processor.py:840} INFO - DAG(s) 'example_python_operator' retrieved from /home/airflow/.local/lib/python3.12/site-packages/airflow/example_dags/example_python_operator.py
[2026-05-16T10:55:27.065+0000] {logging_mixin.py:188} INFO - [2026-05-16T10:55:27.065+0000] {dag.py:3089} INFO - Sync 1 DAGs
[2026-05-16T10:55:27.069+0000] {logging_mixin.py:188} INFO - [2026-05-16T10:55:27.069+0000] {dag.py:3947} INFO - Setting next_dagrun for example_python_operator to None, run_after=None
[2026-05-16T10:55:27.074+0000] {processor.py:183} INFO - Processing /home/airflow/.local/lib/python3.12/site-packages/airflow/example_dags/example_python_operator.py took 0.023 seconds
[2026-05-16T10:55:57.484+0000] {processor.py:161} INFO - Started process (PID=4897) to work on /home/airflow/.local/lib/python3.12/site-packages/airflow/example_dags/example_python_operator.py
[2026-05-16T10:55:57.484+0000] {processor.py:830} INFO - Processing file /home/airflow/.local/lib/python3.12/site-packages/airflow/example_dags/example_python_operator.py for tasks to queue
[2026-05-16T10:55:57.485+0000] {logging_mixin.py:188} INFO - [2026-05-16T10:55:57.485+0000] {dagbag.py:545} INFO - Filling up the DagBag from /home/airflow/.local/lib/python3.12/site-packages/airflow/example_dags/example_python_operator.py
[2026-05-16T10:55:57.489+0000] {processor.py:840} INFO - DAG(s) 'example_python_operator' retrieved from /home/airflow/.local/lib/python3.12/site-packages/airflow/example_dags/example_python_operator.py
[2026-05-16T10:55:57.500+0000] {logging_mixin.py:188} INFO - [2026-05-16T10:55:57.500+0000] {dag.py:3089} INFO - Sync 1 DAGs
[2026-05-16T10:55:57.505+0000] {logging_mixin.py:188} INFO - [2026-05-16T10:55:57.504+0000] {dag.py:3947} INFO - Setting next_dagrun for example_python_operator to None, run_after=None
[2026-05-16T10:55:57.510+0000] {processor.py:183} INFO - Processing /home/airflow/.local/lib/python3.12/site-packages/airflow/example_dags/example_python_operator.py took 0.028 seconds
[2026-05-16T10:56:27.825+0000] {processor.py:161} INFO - Started process (PID=4956) to work on /home/airflow/.local/lib/python3.12/site-packages/airflow/example_dags/example_python_operator.py
[2026-05-16T10:56:27.825+0000] {processor.py:830} INFO - Processing file /home/airflow/.local/lib/python3.12/site-packages/airflow/example_dags/example_python_operator.py for tasks to queue
[2026-05-16T10:56:27.826+0000] {logging_mixin.py:188} INFO - [2026-05-16T10:56:27.825+0000] {dagbag.py:545} INFO - Filling up the DagBag from /home/airflow/.local/lib/python3.12/site-packages/airflow/example_dags/example_python_operator.py
[2026-05-16T10:56:27.830+0000] {processor.py:840} INFO - DAG(s) 'example_python_operator' retrieved from /home/airflow/.local/lib/python3.12/site-packages/airflow/example_dags/example_python_operator.py
[2026-05-16T10:56:27.839+0000] {logging_mixin.py:188} INFO - [2026-05-16T10:56:27.839+0000] {dag.py:3089} INFO - Sync 1 DAGs
[2026-05-16T10:56:27.844+0000] {logging_mixin.py:188} INFO - [2026-05-16T10:56:27.844+0000] {dag.py:3947} INFO - Setting next_dagrun for example_python_operator to None, run_after=None
[2026-05-16T10:56:27.849+0000] {processor.py:183} INFO - Processing /home/airflow/.local/lib/python3.12/site-packages/airflow/example_dags/example_python_operator.py took 0.027 seconds
[2026-05-16T10:56:58.305+0000] {processor.py:161} INFO - Started process (PID=5015) to work on /home/airflow/.local/lib/python3.12/site-packages/airflow/example_dags/example_python_operator.py
[2026-05-16T10:56:58.306+0000] {processor.py:830} INFO - Processing file /home/airflow/.local/lib/python3.12/site-packages/airflow/example_dags/example_python_operator.py for tasks to queue
[2026-05-16T10:56:58.306+0000] {logging_mixin.py:188} INFO - [2026-05-16T10:56:58.306+0000] {dagbag.py:545} INFO - Filling up the DagBag from /home/airflow/.local/lib/python3.12/site-packages/airflow/example_dags/example_python_operator.py
[2026-05-16T10:56:58.310+0000] {processor.py:840} INFO - DAG(s) 'example_python_operator' retrieved from /home/airflow/.local/lib/python3.12/site-packages/airflow/example_dags/example_python_operator.py
[2026-05-16T10:56:58.319+0000] {logging_mixin.py:188} INFO - [2026-05-16T10:56:58.319+0000] {dag.py:3089} INFO - Sync 1 DAGs
[2026-05-16T10:56:58.323+0000] {logging_mixin.py:188} INFO - [2026-05-16T10:56:58.323+0000] {dag.py:3947} INFO - Setting next_dagrun for example_python_operator to None, run_after=None
[2026-05-16T10:56:58.328+0000] {processor.py:183} INFO - Processing /home/airflow/.local/lib/python3.12/site-packages/airflow/example_dags/example_python_operator.py took 0.026 seconds
[2026-05-16T10:57:28.590+0000] {processor.py:161} INFO - Started process (PID=5074) to work on /home/airflow/.local/lib/python3.12/site-packages/airflow/example_dags/example_python_operator.py
[2026-05-16T10:57:28.591+0000] {processor.py:830} INFO - Processing file /home/airflow/.local/lib/python3.12/site-packages/airflow/example_dags/example_python_operator.py for tasks to queue
[2026-05-16T10:57:28.591+0000] {logging_mixin.py:188} INFO - [2026-05-16T10:57:28.591+0000] {dagbag.py:545} INFO - Filling up the DagBag from /home/airflow/.local/lib/python3.12/site-packages/airflow/example_dags/example_python_operator.py
[2026-05-16T10:57:28.596+0000] {processor.py:840} INFO - DAG(s) 'example_python_operator' retrieved from /home/airflow/.local/lib/python3.12/site-packages/airflow/example_dags/example_python_operator.py
[2026-05-16T10:57:28.604+0000] {logging_mixin.py:188} INFO - [2026-05-16T10:57:28.604+0000] {dag.py:3089} INFO - Sync 1 DAGs
[2026-05-16T10:57:28.608+0000] {logging_mixin.py:188} INFO - [2026-05-16T10:57:28.608+0000] {dag.py:3947} INFO - Setting next_dagrun for example_python_operator to None, run_after=None
[2026-05-16T10:57:28.614+0000] {processor.py:183} INFO - Processing /home/airflow/.local/lib/python3.12/site-packages/airflow/example_dags/example_python_operator.py took 0.026 seconds
[2026-05-16T10:57:58.936+0000] {processor.py:161} INFO - Started process (PID=5133) to work on /home/airflow/.local/lib/python3.12/site-packages/airflow/example_dags/example_python_operator.py
[2026-05-16T10:57:58.936+0000] {processor.py:830} INFO - Processing file /home/airflow/.local/lib/python3.12/site-packages/airflow/example_dags/example_python_operator.py for tasks to queue
[2026-05-16T10:57:58.936+0000] {logging_mixin.py:188} INFO - [2026-05-16T10:57:58.936+0000] {dagbag.py:545} INFO - Filling up the DagBag from /home/airflow/.local/lib/python3.12/site-packages/airflow/example_dags/example_python_operator.py
[2026-05-16T10:57:58.940+0000] {processor.py:840} INFO - DAG(s) 'example_python_operator' retrieved from /home/airflow/.local/lib/python3.12/site-packages/airflow/example_dags/example_python_operator.py
[2026-05-16T10:57:58.948+0000] {logging_mixin.py:188} INFO - [2026-05-16T10:57:58.948+0000] {dag.py:3089} INFO - Sync 1 DAGs
[2026-05-16T10:57:58.953+0000] {logging_mixin.py:188} INFO - [2026-05-16T10:57:58.952+0000] {dag.py:3947} INFO - Setting next_dagrun for example_python_operator to None, run_after=None
[2026-05-16T10:57:58.958+0000] {processor.py:183} INFO - Processing /home/airflow/.local/lib/python3.12/site-packages/airflow/example_dags/example_python_operator.py took 0.028 seconds
[2026-05-16T10:58:29.239+0000] {processor.py:161} INFO - Started process (PID=5192) to work on /home/airflow/.local/lib/python3.12/site-packages/airflow/example_dags/example_python_operator.py
[2026-05-16T10:58:29.240+0000] {processor.py:830} INFO - Processing file /home/airflow/.local/lib/python3.12/site-packages/airflow/example_dags/example_python_operator.py for tasks to queue
[2026-05-16T10:58:29.240+0000] {logging_mixin.py:188} INFO - [2026-05-16T10:58:29.240+0000] {dagbag.py:545} INFO - Filling up the DagBag from /home/airflow/.local/lib/python3.12/site-packages/airflow/example_dags/example_python_operator.py
[2026-05-16T10:58:29.245+0000] {processor.py:840} INFO - DAG(s) 'example_python_operator' retrieved from /home/airflow/.local/lib/python3.12/site-packages/airflow/example_dags/example_python_operator.py
[2026-05-16T10:58:29.254+0000] {logging_mixin.py:188} INFO - [2026-05-16T10:58:29.254+0000] {dag.py:3089} INFO - Sync 1 DAGs
[2026-05-16T10:58:29.258+0000] {logging_mixin.py:188} INFO - [2026-05-16T10:58:29.258+0000] {dag.py:3947} INFO - Setting next_dagrun for example_python_operator to None, run_after=None
[2026-05-16T10:58:29.267+0000] {processor.py:183} INFO - Processing /home/airflow/.local/lib/python3.12/site-packages/airflow/example_dags/example_python_operator.py took 0.030 seconds
[2026-05-16T10:58:59.602+0000] {processor.py:161} INFO - Started process (PID=5251) to work on /home/airflow/.local/lib/python3.12/site-packages/airflow/example_dags/example_python_operator.py
[2026-05-16T10:58:59.603+0000] {processor.py:830} INFO - Processing file /home/airflow/.local/lib/python3.12/site-packages/airflow/example_dags/example_python_operator.py for tasks to queue
[2026-05-16T10:58:59.603+0000] {logging_mixin.py:188} INFO - [2026-05-16T10:58:59.603+0000] {dagbag.py:545} INFO - Filling up the DagBag from /home/airflow/.local/lib/python3.12/site-packages/airflow/example_dags/example_python_operator.py
[2026-05-16T10:58:59.608+0000] {processor.py:840} INFO - DAG(s) 'example_python_operator' retrieved from /home/airflow/.local/lib/python3.12/site-packages/airflow/example_dags/example_python_operator.py
[2026-05-16T10:58:59.621+0000] {logging_mixin.py:188} INFO - [2026-05-16T10:58:59.621+0000] {dag.py:3089} INFO - Sync 1 DAGs
[2026-05-16T10:58:59.626+0000] {logging_mixin.py:188} INFO - [2026-05-16T10:58:59.626+0000] {dag.py:3947} INFO - Setting next_dagrun for example_python_operator to None, run_after=None
[2026-05-16T10:58:59.633+0000] {processor.py:183} INFO - Processing /home/airflow/.local/lib/python3.12/site-packages/airflow/example_dags/example_python_operator.py took 0.033 seconds
[2026-05-16T10:59:30.133+0000] {processor.py:161} INFO - Started process (PID=5310) to work on /home/airflow/.local/lib/python3.12/site-packages/airflow/example_dags/example_python_operator.py
[2026-05-16T10:59:30.134+0000] {processor.py:830} INFO - Processing file /home/airflow/.local/lib/python3.12/site-packages/airflow/example_dags/example_python_operator.py for tasks to queue
[2026-05-16T10:59:30.134+0000] {logging_mixin.py:188} INFO - [2026-05-16T10:59:30.134+0000] {dagbag.py:545} INFO - Filling up the DagBag from /home/airflow/.local/lib/python3.12/site-packages/airflow/example_dags/example_python_operator.py
[2026-05-16T10:59:30.139+0000] {processor.py:840} INFO - DAG(s) 'example_python_operator' retrieved from /home/airflow/.local/lib/python3.12/site-packages/airflow/example_dags/example_python_operator.py
[2026-05-16T10:59:30.148+0000] {logging_mixin.py:188} INFO - [2026-05-16T10:59:30.148+0000] {dag.py:3089} INFO - Sync 1 DAGs
[2026-05-16T10:59:30.152+0000] {logging_mixin.py:188} INFO - [2026-05-16T10:59:30.152+0000] {dag.py:3947} INFO - Setting next_dagrun for example_python_operator to None, run_after=None
[2026-05-16T10:59:30.158+0000] {processor.py:183} INFO - Processing /home/airflow/.local/lib/python3.12/site-packages/airflow/example_dags/example_python_operator.py took 0.027 seconds
[2026-05-16T11:00:00.405+0000] {processor.py:161} INFO - Started process (PID=5369) to work on /home/airflow/.local/lib/python3.12/site-packages/airflow/example_dags/example_python_operator.py
[2026-05-16T11:00:00.405+0000] {processor.py:830} INFO - Processing file /home/airflow/.local/lib/python3.12/site-packages/airflow/example_dags/example_python_operator.py for tasks to queue
[2026-05-16T11:00:00.406+0000] {logging_mixin.py:188} INFO - [2026-05-16T11:00:00.405+0000] {dagbag.py:545} INFO - Filling up the DagBag from /home/airflow/.local/lib/python3.12/site-packages/airflow/example_dags/example_python_operator.py
[2026-05-16T11:00:00.410+0000] {processor.py:840} INFO - DAG(s) 'example_python_operator' retrieved from /home/airflow/.local/lib/python3.12/site-packages/airflow/example_dags/example_python_operator.py
[2026-05-16T11:00:00.418+0000] {logging_mixin.py:188} INFO - [2026-05-16T11:00:00.418+0000] {dag.py:3089} INFO - Sync 1 DAGs
[2026-05-16T11:00:00.422+0000] {logging_mixin.py:188} INFO - [2026-05-16T11:00:00.422+0000] {dag.py:3947} INFO - Setting next_dagrun for example_python_operator to None, run_after=None
[2026-05-16T11:00:00.427+0000] {processor.py:183} INFO - Processing /home/airflow/.local/lib/python3.12/site-packages/airflow/example_dags/example_python_operator.py took 0.024 seconds
[2026-05-16T11:00:30.734+0000] {processor.py:161} INFO - Started process (PID=5428) to work on /home/airflow/.local/lib/python3.12/site-packages/airflow/example_dags/example_python_operator.py
[2026-05-16T11:00:30.734+0000] {processor.py:830} INFO - Processing file /home/airflow/.local/lib/python3.12/site-packages/airflow/example_dags/example_python_operator.py for tasks to queue
[2026-05-16T11:00:30.734+0000] {logging_mixin.py:188} INFO - [2026-05-16T11:00:30.734+0000] {dagbag.py:545} INFO - Filling up the DagBag from /home/airflow/.local/lib/python3.12/site-packages/airflow/example_dags/example_python_operator.py
[2026-05-16T11:00:30.739+0000] {processor.py:840} INFO - DAG(s) 'example_python_operator' retrieved from /home/airflow/.local/lib/python3.12/site-packages/airflow/example_dags/example_python_operator.py
[2026-05-16T11:00:30.743+0000] {logging_mixin.py:188} INFO - [2026-05-16T11:00:30.743+0000] {dag.py:3089} INFO - Sync 1 DAGs
[2026-05-16T11:00:30.749+0000] {logging_mixin.py:188} INFO - [2026-05-16T11:00:30.749+0000] {dag.py:3947} INFO - Setting next_dagrun for example_python_operator to None, run_after=None
[2026-05-16T11:00:30.755+0000] {processor.py:183} INFO - Processing /home/airflow/.local/lib/python3.12/site-packages/airflow/example_dags/example_python_operator.py took 0.024 seconds
[2026-05-16T11:01:01.302+0000] {processor.py:161} INFO - Started process (PID=5487) to work on /home/airflow/.local/lib/python3.12/site-packages/airflow/example_dags/example_python_operator.py
[2026-05-16T11:01:01.302+0000] {processor.py:830} INFO - Processing file /home/airflow/.local/lib/python3.12/site-packages/airflow/example_dags/example_python_operator.py for tasks to queue
[2026-05-16T11:01:01.303+0000] {logging_mixin.py:188} INFO - [2026-05-16T11:01:01.303+0000] {dagbag.py:545} INFO - Filling up the DagBag from /home/airflow/.local/lib/python3.12/site-packages/airflow/example_dags/example_python_operator.py
[2026-05-16T11:01:01.307+0000] {processor.py:840} INFO - DAG(s) 'example_python_operator' retrieved from /home/airflow/.local/lib/python3.12/site-packages/airflow/example_dags/example_python_operator.py
[2026-05-16T11:01:01.344+0000] {logging_mixin.py:188} INFO - [2026-05-16T11:01:01.344+0000] {dag.py:3089} INFO - Sync 1 DAGs
[2026-05-16T11:01:01.347+0000] {logging_mixin.py:188} INFO - [2026-05-16T11:01:01.347+0000] {dag.py:3947} INFO - Setting next_dagrun for example_python_operator to None, run_after=None
[2026-05-16T11:01:01.353+0000] {processor.py:183} INFO - Processing /home/airflow/.local/lib/python3.12/site-packages/airflow/example_dags/example_python_operator.py took 0.054 seconds
[2026-05-16T11:01:32.135+0000] {processor.py:161} INFO - Started process (PID=5546) to work on /home/airflow/.local/lib/python3.12/site-packages/airflow/example_dags/example_python_operator.py
[2026-05-16T11:01:32.136+0000] {processor.py:830} INFO - Processing file /home/airflow/.local/lib/python3.12/site-packages/airflow/example_dags/example_python_operator.py for tasks to queue
[2026-05-16T11:01:32.136+0000] {logging_mixin.py:188} INFO - [2026-05-16T11:01:32.136+0000] {dagbag.py:545} INFO - Filling up the DagBag from /home/airflow/.local/lib/python3.12/site-packages/airflow/example_dags/example_python_operator.py
[2026-05-16T11:01:32.141+0000] {processor.py:840} INFO - DAG(s) 'example_python_operator' retrieved from /home/airflow/.local/lib/python3.12/site-packages/airflow/example_dags/example_python_operator.py
[2026-05-16T11:01:32.149+0000] {logging_mixin.py:188} INFO - [2026-05-16T11:01:32.149+0000] {dag.py:3089} INFO - Sync 1 DAGs
[2026-05-16T11:01:32.154+0000] {logging_mixin.py:188} INFO - [2026-05-16T11:01:32.154+0000] {dag.py:3947} INFO - Setting next_dagrun for example_python_operator to None, run_after=None
[2026-05-16T11:01:32.160+0000] {processor.py:183} INFO - Processing /home/airflow/.local/lib/python3.12/site-packages/airflow/example_dags/example_python_operator.py took 0.028 seconds
[2026-05-16T11:02:02.605+0000] {processor.py:161} INFO - Started process (PID=5605) to work on /home/airflow/.local/lib/python3.12/site-packages/airflow/example_dags/example_python_operator.py
[2026-05-16T11:02:02.606+0000] {processor.py:830} INFO - Processing file /home/airflow/.local/lib/python3.12/site-packages/airflow/example_dags/example_python_operator.py for tasks to queue
[2026-05-16T11:02:02.606+0000] {logging_mixin.py:188} INFO - [2026-05-16T11:02:02.606+0000] {dagbag.py:545} INFO - Filling up the DagBag from /home/airflow/.local/lib/python3.12/site-packages/airflow/example_dags/example_python_operator.py
[2026-05-16T11:02:02.611+0000] {processor.py:840} INFO - DAG(s) 'example_python_operator' retrieved from /home/airflow/.local/lib/python3.12/site-packages/airflow/example_dags/example_python_operator.py
[2026-05-16T11:02:02.620+0000] {logging_mixin.py:188} INFO - [2026-05-16T11:02:02.620+0000] {dag.py:3089} INFO - Sync 1 DAGs
[2026-05-16T11:02:02.625+0000] {logging_mixin.py:188} INFO - [2026-05-16T11:02:02.625+0000] {dag.py:3947} INFO - Setting next_dagrun for example_python_operator to None, run_after=None
[2026-05-16T11:02:02.631+0000] {processor.py:183} INFO - Processing /home/airflow/.local/lib/python3.12/site-packages/airflow/example_dags/example_python_operator.py took 0.027 seconds
[2026-05-16T11:02:33.082+0000] {processor.py:161} INFO - Started process (PID=5665) to work on /home/airflow/.local/lib/python3.12/site-packages/airflow/example_dags/example_python_operator.py
[2026-05-16T11:02:33.083+0000] {processor.py:830} INFO - Processing file /home/airflow/.local/lib/python3.12/site-packages/airflow/example_dags/example_python_operator.py for tasks to queue
[2026-05-16T11:02:33.083+0000] {logging_mixin.py:188} INFO - [2026-05-16T11:02:33.083+0000] {dagbag.py:545} INFO - Filling up the DagBag from /home/airflow/.local/lib/python3.12/site-packages/airflow/example_dags/example_python_operator.py
[2026-05-16T11:02:33.089+0000] {processor.py:840} INFO - DAG(s) 'example_python_operator' retrieved from /home/airflow/.local/lib/python3.12/site-packages/airflow/example_dags/example_python_operator.py
[2026-05-16T11:02:33.099+0000] {logging_mixin.py:188} INFO - [2026-05-16T11:02:33.098+0000] {dag.py:3089} INFO - Sync 1 DAGs
[2026-05-16T11:02:33.103+0000] {logging_mixin.py:188} INFO - [2026-05-16T11:02:33.103+0000] {dag.py:3947} INFO - Setting next_dagrun for example_python_operator to None, run_after=None
[2026-05-16T11:02:33.109+0000] {processor.py:183} INFO - Processing /home/airflow/.local/lib/python3.12/site-packages/airflow/example_dags/example_python_operator.py took 0.030 seconds
[2026-05-16T11:03:03.770+0000] {processor.py:161} INFO - Started process (PID=5726) to work on /home/airflow/.local/lib/python3.12/site-packages/airflow/example_dags/example_python_operator.py
[2026-05-16T11:03:03.771+0000] {processor.py:830} INFO - Processing file /home/airflow/.local/lib/python3.12/site-packages/airflow/example_dags/example_python_operator.py for tasks to queue
[2026-05-16T11:03:03.771+0000] {logging_mixin.py:188} INFO - [2026-05-16T11:03:03.771+0000] {dagbag.py:545} INFO - Filling up the DagBag from /home/airflow/.local/lib/python3.12/site-packages/airflow/example_dags/example_python_operator.py
[2026-05-16T11:03:03.775+0000] {processor.py:840} INFO - DAG(s) 'example_python_operator' retrieved from /home/airflow/.local/lib/python3.12/site-packages/airflow/example_dags/example_python_operator.py
[2026-05-16T11:03:03.779+0000] {logging_mixin.py:188} INFO - [2026-05-16T11:03:03.779+0000] {dag.py:3089} INFO - Sync 1 DAGs
[2026-05-16T11:03:03.784+0000] {logging_mixin.py:188} INFO - [2026-05-16T11:03:03.784+0000] {dag.py:3947} INFO - Setting next_dagrun for example_python_operator to None, run_after=None
[2026-05-16T11:03:03.789+0000] {processor.py:183} INFO - Processing /home/airflow/.local/lib/python3.12/site-packages/airflow/example_dags/example_python_operator.py took 0.021 seconds
[2026-05-16T11:03:34.548+0000] {processor.py:161} INFO - Started process (PID=5786) to work on /home/airflow/.local/lib/python3.12/site-packages/airflow/example_dags/example_python_operator.py
[2026-05-16T11:03:34.548+0000] {processor.py:830} INFO - Processing file /home/airflow/.local/lib/python3.12/site-packages/airflow/example_dags/example_python_operator.py for tasks to queue
[2026-05-16T11:03:34.549+0000] {logging_mixin.py:188} INFO - [2026-05-16T11:03:34.548+0000] {dagbag.py:545} INFO - Filling up the DagBag from /home/airflow/.local/lib/python3.12/site-packages/airflow/example_dags/example_python_operator.py
[2026-05-16T11:03:34.553+0000] {processor.py:840} INFO - DAG(s) 'example_python_operator' retrieved from /home/airflow/.local/lib/python3.12/site-packages/airflow/example_dags/example_python_operator.py
[2026-05-16T11:03:34.591+0000] {logging_mixin.py:188} INFO - [2026-05-16T11:03:34.591+0000] {dag.py:3089} INFO - Sync 1 DAGs
[2026-05-16T11:03:34.594+0000] {logging_mixin.py:188} INFO - [2026-05-16T11:03:34.594+0000] {dag.py:3947} INFO - Setting next_dagrun for example_python_operator to None, run_after=None
[2026-05-16T11:03:34.599+0000] {processor.py:183} INFO - Processing /home/airflow/.local/lib/python3.12/site-packages/airflow/example_dags/example_python_operator.py took 0.053 seconds
[2026-05-16T11:04:05.409+0000] {processor.py:161} INFO - Started process (PID=5846) to work on /home/airflow/.local/lib/python3.12/site-packages/airflow/example_dags/example_python_operator.py
[2026-05-16T11:04:05.410+0000] {processor.py:830} INFO - Processing file /home/airflow/.local/lib/python3.12/site-packages/airflow/example_dags/example_python_operator.py for tasks to queue
[2026-05-16T11:04:05.410+0000] {logging_mixin.py:188} INFO - [2026-05-16T11:04:05.410+0000] {dagbag.py:545} INFO - Filling up the DagBag from /home/airflow/.local/lib/python3.12/site-packages/airflow/example_dags/example_python_operator.py
[2026-05-16T11:04:05.418+0000] {processor.py:840} INFO - DAG(s) 'example_python_operator' retrieved from /home/airflow/.local/lib/python3.12/site-packages/airflow/example_dags/example_python_operator.py
[2026-05-16T11:04:05.432+0000] {logging_mixin.py:188} INFO - [2026-05-16T11:04:05.432+0000] {dag.py:3089} INFO - Sync 1 DAGs
[2026-05-16T11:04:05.436+0000] {logging_mixin.py:188} INFO - [2026-05-16T11:04:05.436+0000] {dag.py:3947} INFO - Setting next_dagrun for example_python_operator to None, run_after=None
[2026-05-16T11:04:05.441+0000] {processor.py:183} INFO - Processing /home/airflow/.local/lib/python3.12/site-packages/airflow/example_dags/example_python_operator.py took 0.037 seconds
[2026-05-16T11:04:36.147+0000] {processor.py:161} INFO - Started process (PID=5912) to work on /home/airflow/.local/lib/python3.12/site-packages/airflow/example_dags/example_python_operator.py
[2026-05-16T11:04:36.151+0000] {processor.py:830} INFO - Processing file /home/airflow/.local/lib/python3.12/site-packages/airflow/example_dags/example_python_operator.py for tasks to queue
[2026-05-16T11:04:36.151+0000] {logging_mixin.py:188} INFO - [2026-05-16T11:04:36.151+0000] {dagbag.py:545} INFO - Filling up the DagBag from /home/airflow/.local/lib/python3.12/site-packages/airflow/example_dags/example_python_operator.py
[2026-05-16T11:04:36.162+0000] {processor.py:840} INFO - DAG(s) 'example_python_operator' retrieved from /home/airflow/.local/lib/python3.12/site-packages/airflow/example_dags/example_python_operator.py
[2026-05-16T11:04:36.180+0000] {logging_mixin.py:188} INFO - [2026-05-16T11:04:36.180+0000] {dag.py:3089} INFO - Sync 1 DAGs
[2026-05-16T11:04:36.189+0000] {logging_mixin.py:188} INFO - [2026-05-16T11:04:36.189+0000] {dag.py:3947} INFO - Setting next_dagrun for example_python_operator to None, run_after=None
[2026-05-16T11:04:36.201+0000] {processor.py:183} INFO - Processing /home/airflow/.local/lib/python3.12/site-packages/airflow/example_dags/example_python_operator.py took 0.063 seconds
[2026-05-16T11:05:07.058+0000] {processor.py:161} INFO - Started process (PID=5972) to work on /home/airflow/.local/lib/python3.12/site-packages/airflow/example_dags/example_python_operator.py
[2026-05-16T11:05:07.059+0000] {processor.py:830} INFO - Processing file /home/airflow/.local/lib/python3.12/site-packages/airflow/example_dags/example_python_operator.py for tasks to queue
[2026-05-16T11:05:07.059+0000] {logging_mixin.py:188} INFO - [2026-05-16T11:05:07.059+0000] {dagbag.py:545} INFO - Filling up the DagBag from /home/airflow/.local/lib/python3.12/site-packages/airflow/example_dags/example_python_operator.py
[2026-05-16T11:05:07.068+0000] {processor.py:840} INFO - DAG(s) 'example_python_operator' retrieved from /home/airflow/.local/lib/python3.12/site-packages/airflow/example_dags/example_python_operator.py
[2026-05-16T11:05:07.088+0000] {logging_mixin.py:188} INFO - [2026-05-16T11:05:07.088+0000] {dag.py:3089} INFO - Sync 1 DAGs
[2026-05-16T11:05:07.096+0000] {logging_mixin.py:188} INFO - [2026-05-16T11:05:07.095+0000] {dag.py:3947} INFO - Setting next_dagrun for example_python_operator to None, run_after=None
[2026-05-16T11:05:07.108+0000] {processor.py:183} INFO - Processing /home/airflow/.local/lib/python3.12/site-packages/airflow/example_dags/example_python_operator.py took 0.054 seconds
[2026-05-16T11:05:37.853+0000] {processor.py:161} INFO - Started process (PID=6032) to work on /home/airflow/.local/lib/python3.12/site-packages/airflow/example_dags/example_python_operator.py
[2026-05-16T11:05:37.853+0000] {processor.py:830} INFO - Processing file /home/airflow/.local/lib/python3.12/site-packages/airflow/example_dags/example_python_operator.py for tasks to queue
[2026-05-16T11:05:37.854+0000] {logging_mixin.py:188} INFO - [2026-05-16T11:05:37.854+0000] {dagbag.py:545} INFO - Filling up the DagBag from /home/airflow/.local/lib/python3.12/site-packages/airflow/example_dags/example_python_operator.py
[2026-05-16T11:05:37.859+0000] {processor.py:840} INFO - DAG(s) 'example_python_operator' retrieved from /home/airflow/.local/lib/python3.12/site-packages/airflow/example_dags/example_python_operator.py
[2026-05-16T11:05:37.868+0000] {logging_mixin.py:188} INFO - [2026-05-16T11:05:37.868+0000] {dag.py:3089} INFO - Sync 1 DAGs
[2026-05-16T11:05:37.874+0000] {logging_mixin.py:188} INFO - [2026-05-16T11:05:37.874+0000] {dag.py:3947} INFO - Setting next_dagrun for example_python_operator to None, run_after=None
[2026-05-16T11:05:37.880+0000] {processor.py:183} INFO - Processing /home/airflow/.local/lib/python3.12/site-packages/airflow/example_dags/example_python_operator.py took 0.029 seconds
[2026-05-16T11:06:08.723+0000] {processor.py:161} INFO - Started process (PID=6092) to work on /home/airflow/.local/lib/python3.12/site-packages/airflow/example_dags/example_python_operator.py
[2026-05-16T11:06:08.723+0000] {processor.py:830} INFO - Processing file /home/airflow/.local/lib/python3.12/site-packages/airflow/example_dags/example_python_operator.py for tasks to queue
[2026-05-16T11:06:08.723+0000] {logging_mixin.py:188} INFO - [2026-05-16T11:06:08.723+0000] {dagbag.py:545} INFO - Filling up the DagBag from /home/airflow/.local/lib/python3.12/site-packages/airflow/example_dags/example_python_operator.py
[2026-05-16T11:06:08.728+0000] {processor.py:840} INFO - DAG(s) 'example_python_operator' retrieved from /home/airflow/.local/lib/python3.12/site-packages/airflow/example_dags/example_python_operator.py
[2026-05-16T11:06:08.737+0000] {logging_mixin.py:188} INFO - [2026-05-16T11:06:08.737+0000] {dag.py:3089} INFO - Sync 1 DAGs
[2026-05-16T11:06:08.741+0000] {logging_mixin.py:188} INFO - [2026-05-16T11:06:08.741+0000] {dag.py:3947} INFO - Setting next_dagrun for example_python_operator to None, run_after=None
[2026-05-16T11:06:08.749+0000] {processor.py:183} INFO - Processing /home/airflow/.local/lib/python3.12/site-packages/airflow/example_dags/example_python_operator.py took 0.028 seconds
[2026-05-16T11:06:39.458+0000] {processor.py:161} INFO - Started process (PID=6152) to work on /home/airflow/.local/lib/python3.12/site-packages/airflow/example_dags/example_python_operator.py
[2026-05-16T11:06:39.459+0000] {processor.py:830} INFO - Processing file /home/airflow/.local/lib/python3.12/site-packages/airflow/example_dags/example_python_operator.py for tasks to queue
[2026-05-16T11:06:39.460+0000] {logging_mixin.py:188} INFO - [2026-05-16T11:06:39.460+0000] {dagbag.py:545} INFO - Filling up the DagBag from /home/airflow/.local/lib/python3.12/site-packages/airflow/example_dags/example_python_operator.py
[2026-05-16T11:06:39.466+0000] {processor.py:840} INFO - DAG(s) 'example_python_operator' retrieved from /home/airflow/.local/lib/python3.12/site-packages/airflow/example_dags/example_python_operator.py
[2026-05-16T11:06:39.480+0000] {logging_mixin.py:188} INFO - [2026-05-16T11:06:39.480+0000] {dag.py:3089} INFO - Sync 1 DAGs
[2026-05-16T11:06:39.487+0000] {logging_mixin.py:188} INFO - [2026-05-16T11:06:39.487+0000] {dag.py:3947} INFO - Setting next_dagrun for example_python_operator to None, run_after=None
[2026-05-16T11:06:39.492+0000] {processor.py:183} INFO - Processing /home/airflow/.local/lib/python3.12/site-packages/airflow/example_dags/example_python_operator.py took 0.041 seconds
[2026-05-16T11:07:10.222+0000] {processor.py:161} INFO - Started process (PID=6212) to work on /home/airflow/.local/lib/python3.12/site-packages/airflow/example_dags/example_python_operator.py
[2026-05-16T11:07:10.224+0000] {processor.py:830} INFO - Processing file /home/airflow/.local/lib/python3.12/site-packages/airflow/example_dags/example_python_operator.py for tasks to queue
[2026-05-16T11:07:10.224+0000] {logging_mixin.py:188} INFO - [2026-05-16T11:07:10.224+0000] {dagbag.py:545} INFO - Filling up the DagBag from /home/airflow/.local/lib/python3.12/site-packages/airflow/example_dags/example_python_operator.py
[2026-05-16T11:07:10.234+0000] {processor.py:840} INFO - DAG(s) 'example_python_operator' retrieved from /home/airflow/.local/lib/python3.12/site-packages/airflow/example_dags/example_python_operator.py
[2026-05-16T11:07:10.258+0000] {logging_mixin.py:188} INFO - [2026-05-16T11:07:10.258+0000] {dag.py:3089} INFO - Sync 1 DAGs
[2026-05-16T11:07:10.269+0000] {logging_mixin.py:188} INFO - [2026-05-16T11:07:10.269+0000] {dag.py:3947} INFO - Setting next_dagrun for example_python_operator to None, run_after=None
[2026-05-16T11:07:10.286+0000] {processor.py:183} INFO - Processing /home/airflow/.local/lib/python3.12/site-packages/airflow/example_dags/example_python_operator.py took 0.069 seconds
[2026-05-16T11:07:40.897+0000] {processor.py:161} INFO - Started process (PID=6272) to work on /home/airflow/.local/lib/python3.12/site-packages/airflow/example_dags/example_python_operator.py
[2026-05-16T11:07:40.897+0000] {processor.py:830} INFO - Processing file /home/airflow/.local/lib/python3.12/site-packages/airflow/example_dags/example_python_operator.py for tasks to queue
[2026-05-16T11:07:40.897+0000] {logging_mixin.py:188} INFO - [2026-05-16T11:07:40.897+0000] {dagbag.py:545} INFO - Filling up the DagBag from /home/airflow/.local/lib/python3.12/site-packages/airflow/example_dags/example_python_operator.py
[2026-05-16T11:07:40.901+0000] {processor.py:840} INFO - DAG(s) 'example_python_operator' retrieved from /home/airflow/.local/lib/python3.12/site-packages/airflow/example_dags/example_python_operator.py
[2026-05-16T11:07:40.908+0000] {logging_mixin.py:188} INFO - [2026-05-16T11:07:40.908+0000] {dag.py:3089} INFO - Sync 1 DAGs
[2026-05-16T11:07:40.913+0000] {logging_mixin.py:188} INFO - [2026-05-16T11:07:40.912+0000] {dag.py:3947} INFO - Setting next_dagrun for example_python_operator to None, run_after=None
[2026-05-16T11:07:40.917+0000] {processor.py:183} INFO - Processing /home/airflow/.local/lib/python3.12/site-packages/airflow/example_dags/example_python_operator.py took 0.023 seconds
[2026-05-16T11:08:11.509+0000] {processor.py:161} INFO - Started process (PID=6332) to work on /home/airflow/.local/lib/python3.12/site-packages/airflow/example_dags/example_python_operator.py
[2026-05-16T11:08:11.509+0000] {processor.py:830} INFO - Processing file /home/airflow/.local/lib/python3.12/site-packages/airflow/example_dags/example_python_operator.py for tasks to queue
[2026-05-16T11:08:11.509+0000] {logging_mixin.py:188} INFO - [2026-05-16T11:08:11.509+0000] {dagbag.py:545} INFO - Filling up the DagBag from /home/airflow/.local/lib/python3.12/site-packages/airflow/example_dags/example_python_operator.py
[2026-05-16T11:08:11.514+0000] {processor.py:840} INFO - DAG(s) 'example_python_operator' retrieved from /home/airflow/.local/lib/python3.12/site-packages/airflow/example_dags/example_python_operator.py
[2026-05-16T11:08:11.523+0000] {logging_mixin.py:188} INFO - [2026-05-16T11:08:11.523+0000] {dag.py:3089} INFO - Sync 1 DAGs
[2026-05-16T11:08:11.527+0000] {logging_mixin.py:188} INFO - [2026-05-16T11:08:11.527+0000] {dag.py:3947} INFO - Setting next_dagrun for example_python_operator to None, run_after=None
[2026-05-16T11:08:11.532+0000] {processor.py:183} INFO - Processing /home/airflow/.local/lib/python3.12/site-packages/airflow/example_dags/example_python_operator.py took 0.026 seconds
[2026-05-16T11:08:42.040+0000] {processor.py:161} INFO - Started process (PID=6392) to work on /home/airflow/.local/lib/python3.12/site-packages/airflow/example_dags/example_python_operator.py
[2026-05-16T11:08:42.040+0000] {processor.py:830} INFO - Processing file /home/airflow/.local/lib/python3.12/site-packages/airflow/example_dags/example_python_operator.py for tasks to queue
[2026-05-16T11:08:42.040+0000] {logging_mixin.py:188} INFO - [2026-05-16T11:08:42.040+0000] {dagbag.py:545} INFO - Filling up the DagBag from /home/airflow/.local/lib/python3.12/site-packages/airflow/example_dags/example_python_operator.py
[2026-05-16T11:08:42.045+0000] {processor.py:840} INFO - DAG(s) 'example_python_operator' retrieved from /home/airflow/.local/lib/python3.12/site-packages/airflow/example_dags/example_python_operator.py
[2026-05-16T11:08:42.052+0000] {logging_mixin.py:188} INFO - [2026-05-16T11:08:42.052+0000] {dag.py:3089} INFO - Sync 1 DAGs
[2026-05-16T11:08:42.056+0000] {logging_mixin.py:188} INFO - [2026-05-16T11:08:42.056+0000] {dag.py:3947} INFO - Setting next_dagrun for example_python_operator to None, run_after=None
[2026-05-16T11:08:42.060+0000] {processor.py:183} INFO - Processing /home/airflow/.local/lib/python3.12/site-packages/airflow/example_dags/example_python_operator.py took 0.023 seconds
[2026-05-16T11:09:12.548+0000] {processor.py:161} INFO - Started process (PID=6452) to work on /home/airflow/.local/lib/python3.12/site-packages/airflow/example_dags/example_python_operator.py
[2026-05-16T11:09:12.549+0000] {processor.py:830} INFO - Processing file /home/airflow/.local/lib/python3.12/site-packages/airflow/example_dags/example_python_operator.py for tasks to queue
[2026-05-16T11:09:12.549+0000] {logging_mixin.py:188} INFO - [2026-05-16T11:09:12.549+0000] {dagbag.py:545} INFO - Filling up the DagBag from /home/airflow/.local/lib/python3.12/site-packages/airflow/example_dags/example_python_operator.py
[2026-05-16T11:09:12.553+0000] {processor.py:840} INFO - DAG(s) 'example_python_operator' retrieved from /home/airflow/.local/lib/python3.12/site-packages/airflow/example_dags/example_python_operator.py
[2026-05-16T11:09:12.562+0000] {logging_mixin.py:188} INFO - [2026-05-16T11:09:12.562+0000] {dag.py:3089} INFO - Sync 1 DAGs
[2026-05-16T11:09:12.566+0000] {logging_mixin.py:188} INFO - [2026-05-16T11:09:12.566+0000] {dag.py:3947} INFO - Setting next_dagrun for example_python_operator to None, run_after=None
[2026-05-16T11:09:12.572+0000] {processor.py:183} INFO - Processing /home/airflow/.local/lib/python3.12/site-packages/airflow/example_dags/example_python_operator.py took 0.026 seconds
[2026-05-16T11:09:43.017+0000] {processor.py:161} INFO - Started process (PID=6512) to work on /home/airflow/.local/lib/python3.12/site-packages/airflow/example_dags/example_python_operator.py
[2026-05-16T11:09:43.017+0000] {processor.py:830} INFO - Processing file /home/airflow/.local/lib/python3.12/site-packages/airflow/example_dags/example_python_operator.py for tasks to queue
[2026-05-16T11:09:43.017+0000] {logging_mixin.py:188} INFO - [2026-05-16T11:09:43.017+0000] {dagbag.py:545} INFO - Filling up the DagBag from /home/airflow/.local/lib/python3.12/site-packages/airflow/example_dags/example_python_operator.py
[2026-05-16T11:09:43.023+0000] {processor.py:840} INFO - DAG(s) 'example_python_operator' retrieved from /home/airflow/.local/lib/python3.12/site-packages/airflow/example_dags/example_python_operator.py
[2026-05-16T11:09:43.031+0000] {logging_mixin.py:188} INFO - [2026-05-16T11:09:43.031+0000] {dag.py:3089} INFO - Sync 1 DAGs
[2026-05-16T11:09:43.035+0000] {logging_mixin.py:188} INFO - [2026-05-16T11:09:43.035+0000] {dag.py:3947} INFO - Setting next_dagrun for example_python_operator to None, run_after=None
[2026-05-16T11:09:43.040+0000] {processor.py:183} INFO - Processing /home/airflow/.local/lib/python3.12/site-packages/airflow/example_dags/example_python_operator.py took 0.026 seconds
[2026-05-16T11:10:13.431+0000] {processor.py:161} INFO - Started process (PID=6572) to work on /home/airflow/.local/lib/python3.12/site-packages/airflow/example_dags/example_python_operator.py
[2026-05-16T11:10:13.431+0000] {processor.py:830} INFO - Processing file /home/airflow/.local/lib/python3.12/site-packages/airflow/example_dags/example_python_operator.py for tasks to queue
[2026-05-16T11:10:13.431+0000] {logging_mixin.py:188} INFO - [2026-05-16T11:10:13.431+0000] {dagbag.py:545} INFO - Filling up the DagBag from /home/airflow/.local/lib/python3.12/site-packages/airflow/example_dags/example_python_operator.py
[2026-05-16T11:10:13.435+0000] {processor.py:840} INFO - DAG(s) 'example_python_operator' retrieved from /home/airflow/.local/lib/python3.12/site-packages/airflow/example_dags/example_python_operator.py
[2026-05-16T11:10:13.443+0000] {logging_mixin.py:188} INFO - [2026-05-16T11:10:13.442+0000] {dag.py:3089} INFO - Sync 1 DAGs
[2026-05-16T11:10:13.446+0000] {logging_mixin.py:188} INFO - [2026-05-16T11:10:13.446+0000] {dag.py:3947} INFO - Setting next_dagrun for example_python_operator to None, run_after=None
[2026-05-16T11:10:13.452+0000] {processor.py:183} INFO - Processing /home/airflow/.local/lib/python3.12/site-packages/airflow/example_dags/example_python_operator.py took 0.024 seconds
[2026-05-16T11:10:43.893+0000] {processor.py:161} INFO - Started process (PID=6632) to work on /home/airflow/.local/lib/python3.12/site-packages/airflow/example_dags/example_python_operator.py
[2026-05-16T11:10:43.894+0000] {processor.py:830} INFO - Processing file /home/airflow/.local/lib/python3.12/site-packages/airflow/example_dags/example_python_operator.py for tasks to queue
[2026-05-16T11:10:43.894+0000] {logging_mixin.py:188} INFO - [2026-05-16T11:10:43.894+0000] {dagbag.py:545} INFO - Filling up the DagBag from /home/airflow/.local/lib/python3.12/site-packages/airflow/example_dags/example_python_operator.py
[2026-05-16T11:10:43.898+0000] {processor.py:840} INFO - DAG(s) 'example_python_operator' retrieved from /home/airflow/.local/lib/python3.12/site-packages/airflow/example_dags/example_python_operator.py
[2026-05-16T11:10:43.906+0000] {logging_mixin.py:188} INFO - [2026-05-16T11:10:43.906+0000] {dag.py:3089} INFO - Sync 1 DAGs
[2026-05-16T11:10:43.910+0000] {logging_mixin.py:188} INFO - [2026-05-16T11:10:43.910+0000] {dag.py:3947} INFO - Setting next_dagrun for example_python_operator to None, run_after=None
[2026-05-16T11:10:43.915+0000] {processor.py:183} INFO - Processing /home/airflow/.local/lib/python3.12/site-packages/airflow/example_dags/example_python_operator.py took 0.024 seconds
[2026-05-16T11:11:14.611+0000] {processor.py:161} INFO - Started process (PID=6692) to work on /home/airflow/.local/lib/python3.12/site-packages/airflow/example_dags/example_python_operator.py
[2026-05-16T11:11:14.612+0000] {processor.py:830} INFO - Processing file /home/airflow/.local/lib/python3.12/site-packages/airflow/example_dags/example_python_operator.py for tasks to queue
[2026-05-16T11:11:14.612+0000] {logging_mixin.py:188} INFO - [2026-05-16T11:11:14.612+0000] {dagbag.py:545} INFO - Filling up the DagBag from /home/airflow/.local/lib/python3.12/site-packages/airflow/example_dags/example_python_operator.py
[2026-05-16T11:11:14.617+0000] {processor.py:840} INFO - DAG(s) 'example_python_operator' retrieved from /home/airflow/.local/lib/python3.12/site-packages/airflow/example_dags/example_python_operator.py
[2026-05-16T11:11:14.625+0000] {logging_mixin.py:188} INFO - [2026-05-16T11:11:14.625+0000] {dag.py:3089} INFO - Sync 1 DAGs
[2026-05-16T11:11:14.629+0000] {logging_mixin.py:188} INFO - [2026-05-16T11:11:14.629+0000] {dag.py:3947} INFO - Setting next_dagrun for example_python_operator to None, run_after=None
[2026-05-16T11:11:14.634+0000] {processor.py:183} INFO - Processing /home/airflow/.local/lib/python3.12/site-packages/airflow/example_dags/example_python_operator.py took 0.026 seconds
[2026-05-16T11:11:45.196+0000] {processor.py:161} INFO - Started process (PID=6752) to work on /home/airflow/.local/lib/python3.12/site-packages/airflow/example_dags/example_python_operator.py
[2026-05-16T11:11:45.196+0000] {processor.py:830} INFO - Processing file /home/airflow/.local/lib/python3.12/site-packages/airflow/example_dags/example_python_operator.py for tasks to queue
[2026-05-16T11:11:45.196+0000] {logging_mixin.py:188} INFO - [2026-05-16T11:11:45.196+0000] {dagbag.py:545} INFO - Filling up the DagBag from /home/airflow/.local/lib/python3.12/site-packages/airflow/example_dags/example_python_operator.py
[2026-05-16T11:11:45.202+0000] {processor.py:840} INFO - DAG(s) 'example_python_operator' retrieved from /home/airflow/.local/lib/python3.12/site-packages/airflow/example_dags/example_python_operator.py
[2026-05-16T11:11:45.211+0000] {logging_mixin.py:188} INFO - [2026-05-16T11:11:45.211+0000] {dag.py:3089} INFO - Sync 1 DAGs
[2026-05-16T11:11:45.215+0000] {logging_mixin.py:188} INFO - [2026-05-16T11:11:45.215+0000] {dag.py:3947} INFO - Setting next_dagrun for example_python_operator to None, run_after=None
[2026-05-16T11:11:45.223+0000] {processor.py:183} INFO - Processing /home/airflow/.local/lib/python3.12/site-packages/airflow/example_dags/example_python_operator.py took 0.029 seconds
[2026-05-16T11:12:16.243+0000] {processor.py:161} INFO - Started process (PID=6812) to work on /home/airflow/.local/lib/python3.12/site-packages/airflow/example_dags/example_python_operator.py
[2026-05-16T11:12:16.243+0000] {processor.py:830} INFO - Processing file /home/airflow/.local/lib/python3.12/site-packages/airflow/example_dags/example_python_operator.py for tasks to queue
[2026-05-16T11:12:16.244+0000] {logging_mixin.py:188} INFO - [2026-05-16T11:12:16.244+0000] {dagbag.py:545} INFO - Filling up the DagBag from /home/airflow/.local/lib/python3.12/site-packages/airflow/example_dags/example_python_operator.py
[2026-05-16T11:12:16.250+0000] {processor.py:840} INFO - DAG(s) 'example_python_operator' retrieved from /home/airflow/.local/lib/python3.12/site-packages/airflow/example_dags/example_python_operator.py
[2026-05-16T11:12:16.259+0000] {logging_mixin.py:188} INFO - [2026-05-16T11:12:16.259+0000] {dag.py:3089} INFO - Sync 1 DAGs
[2026-05-16T11:12:16.336+0000] {logging_mixin.py:188} INFO - [2026-05-16T11:12:16.336+0000] {dag.py:3947} INFO - Setting next_dagrun for example_python_operator to None, run_after=None
[2026-05-16T11:12:16.342+0000] {processor.py:183} INFO - Processing /home/airflow/.local/lib/python3.12/site-packages/airflow/example_dags/example_python_operator.py took 0.102 seconds
[2026-05-16T11:12:46.904+0000] {processor.py:161} INFO - Started process (PID=6872) to work on /home/airflow/.local/lib/python3.12/site-packages/airflow/example_dags/example_python_operator.py
[2026-05-16T11:12:46.904+0000] {processor.py:830} INFO - Processing file /home/airflow/.local/lib/python3.12/site-packages/airflow/example_dags/example_python_operator.py for tasks to queue
[2026-05-16T11:12:46.904+0000] {logging_mixin.py:188} INFO - [2026-05-16T11:12:46.904+0000] {dagbag.py:545} INFO - Filling up the DagBag from /home/airflow/.local/lib/python3.12/site-packages/airflow/example_dags/example_python_operator.py
[2026-05-16T11:12:46.909+0000] {processor.py:840} INFO - DAG(s) 'example_python_operator' retrieved from /home/airflow/.local/lib/python3.12/site-packages/airflow/example_dags/example_python_operator.py
[2026-05-16T11:12:46.917+0000] {logging_mixin.py:188} INFO - [2026-05-16T11:12:46.917+0000] {dag.py:3089} INFO - Sync 1 DAGs
[2026-05-16T11:12:46.922+0000] {logging_mixin.py:188} INFO - [2026-05-16T11:12:46.921+0000] {dag.py:3947} INFO - Setting next_dagrun for example_python_operator to None, run_after=None
[2026-05-16T11:12:46.927+0000] {processor.py:183} INFO - Processing /home/airflow/.local/lib/python3.12/site-packages/airflow/example_dags/example_python_operator.py took 0.025 seconds
[2026-05-16T11:13:17.010+0000] {processor.py:161} INFO - Started process (PID=6931) to work on /home/airflow/.local/lib/python3.12/site-packages/airflow/example_dags/example_python_operator.py
[2026-05-16T11:13:17.011+0000] {processor.py:830} INFO - Processing file /home/airflow/.local/lib/python3.12/site-packages/airflow/example_dags/example_python_operator.py for tasks to queue
[2026-05-16T11:13:17.011+0000] {logging_mixin.py:188} INFO - [2026-05-16T11:13:17.011+0000] {dagbag.py:545} INFO - Filling up the DagBag from /home/airflow/.local/lib/python3.12/site-packages/airflow/example_dags/example_python_operator.py
[2026-05-16T11:13:17.016+0000] {processor.py:840} INFO - DAG(s) 'example_python_operator' retrieved from /home/airflow/.local/lib/python3.12/site-packages/airflow/example_dags/example_python_operator.py
[2026-05-16T11:13:17.025+0000] {logging_mixin.py:188} INFO - [2026-05-16T11:13:17.025+0000] {dag.py:3089} INFO - Sync 1 DAGs
[2026-05-16T11:13:17.029+0000] {logging_mixin.py:188} INFO - [2026-05-16T11:13:17.029+0000] {dag.py:3947} INFO - Setting next_dagrun for example_python_operator to None, run_after=None
[2026-05-16T11:13:17.034+0000] {processor.py:183} INFO - Processing /home/airflow/.local/lib/python3.12/site-packages/airflow/example_dags/example_python_operator.py took 0.026 seconds
[2026-05-16T11:13:47.777+0000] {processor.py:161} INFO - Started process (PID=6992) to work on /home/airflow/.local/lib/python3.12/site-packages/airflow/example_dags/example_python_operator.py
[2026-05-16T11:13:47.778+0000] {processor.py:830} INFO - Processing file /home/airflow/.local/lib/python3.12/site-packages/airflow/example_dags/example_python_operator.py for tasks to queue
[2026-05-16T11:13:47.779+0000] {logging_mixin.py:188} INFO - [2026-05-16T11:13:47.779+0000] {dagbag.py:545} INFO - Filling up the DagBag from /home/airflow/.local/lib/python3.12/site-packages/airflow/example_dags/example_python_operator.py
[2026-05-16T11:13:47.783+0000] {processor.py:840} INFO - DAG(s) 'example_python_operator' retrieved from /home/airflow/.local/lib/python3.12/site-packages/airflow/example_dags/example_python_operator.py
[2026-05-16T11:13:47.791+0000] {logging_mixin.py:188} INFO - [2026-05-16T11:13:47.791+0000] {dag.py:3089} INFO - Sync 1 DAGs
[2026-05-16T11:13:47.795+0000] {logging_mixin.py:188} INFO - [2026-05-16T11:13:47.795+0000] {dag.py:3947} INFO - Setting next_dagrun for example_python_operator to None, run_after=None
[2026-05-16T11:13:47.800+0000] {processor.py:183} INFO - Processing /home/airflow/.local/lib/python3.12/site-packages/airflow/example_dags/example_python_operator.py took 0.025 seconds
[2026-05-16T11:14:18.315+0000] {processor.py:161} INFO - Started process (PID=7052) to work on /home/airflow/.local/lib/python3.12/site-packages/airflow/example_dags/example_python_operator.py
[2026-05-16T11:14:18.315+0000] {processor.py:830} INFO - Processing file /home/airflow/.local/lib/python3.12/site-packages/airflow/example_dags/example_python_operator.py for tasks to queue
[2026-05-16T11:14:18.315+0000] {logging_mixin.py:188} INFO - [2026-05-16T11:14:18.315+0000] {dagbag.py:545} INFO - Filling up the DagBag from /home/airflow/.local/lib/python3.12/site-packages/airflow/example_dags/example_python_operator.py
[2026-05-16T11:14:18.319+0000] {processor.py:840} INFO - DAG(s) 'example_python_operator' retrieved from /home/airflow/.local/lib/python3.12/site-packages/airflow/example_dags/example_python_operator.py
[2026-05-16T11:14:18.331+0000] {logging_mixin.py:188} INFO - [2026-05-16T11:14:18.331+0000] {dag.py:3089} INFO - Sync 1 DAGs
[2026-05-16T11:14:18.334+0000] {logging_mixin.py:188} INFO - [2026-05-16T11:14:18.334+0000] {dag.py:3947} INFO - Setting next_dagrun for example_python_operator to None, run_after=None
[2026-05-16T11:14:18.340+0000] {processor.py:183} INFO - Processing /home/airflow/.local/lib/python3.12/site-packages/airflow/example_dags/example_python_operator.py took 0.028 seconds
[2026-05-16T11:14:48.749+0000] {processor.py:161} INFO - Started process (PID=7112) to work on /home/airflow/.local/lib/python3.12/site-packages/airflow/example_dags/example_python_operator.py
[2026-05-16T11:14:48.749+0000] {processor.py:830} INFO - Processing file /home/airflow/.local/lib/python3.12/site-packages/airflow/example_dags/example_python_operator.py for tasks to queue
[2026-05-16T11:14:48.749+0000] {logging_mixin.py:188} INFO - [2026-05-16T11:14:48.749+0000] {dagbag.py:545} INFO - Filling up the DagBag from /home/airflow/.local/lib/python3.12/site-packages/airflow/example_dags/example_python_operator.py
[2026-05-16T11:14:48.754+0000] {processor.py:840} INFO - DAG(s) 'example_python_operator' retrieved from /home/airflow/.local/lib/python3.12/site-packages/airflow/example_dags/example_python_operator.py
[2026-05-16T11:14:48.762+0000] {logging_mixin.py:188} INFO - [2026-05-16T11:14:48.761+0000] {dag.py:3089} INFO - Sync 1 DAGs
[2026-05-16T11:14:48.766+0000] {logging_mixin.py:188} INFO - [2026-05-16T11:14:48.766+0000] {dag.py:3947} INFO - Setting next_dagrun for example_python_operator to None, run_after=None
[2026-05-16T11:14:48.770+0000] {processor.py:183} INFO - Processing /home/airflow/.local/lib/python3.12/site-packages/airflow/example_dags/example_python_operator.py took 0.024 seconds
[2026-05-16T11:15:19.266+0000] {processor.py:161} INFO - Started process (PID=7171) to work on /home/airflow/.local/lib/python3.12/site-packages/airflow/example_dags/example_python_operator.py
[2026-05-16T11:15:19.267+0000] {processor.py:830} INFO - Processing file /home/airflow/.local/lib/python3.12/site-packages/airflow/example_dags/example_python_operator.py for tasks to queue
[2026-05-16T11:15:19.267+0000] {logging_mixin.py:188} INFO - [2026-05-16T11:15:19.267+0000] {dagbag.py:545} INFO - Filling up the DagBag from /home/airflow/.local/lib/python3.12/site-packages/airflow/example_dags/example_python_operator.py
[2026-05-16T11:15:19.271+0000] {processor.py:840} INFO - DAG(s) 'example_python_operator' retrieved from /home/airflow/.local/lib/python3.12/site-packages/airflow/example_dags/example_python_operator.py
[2026-05-16T11:15:19.279+0000] {logging_mixin.py:188} INFO - [2026-05-16T11:15:19.279+0000] {dag.py:3089} INFO - Sync 1 DAGs
[2026-05-16T11:15:19.283+0000] {logging_mixin.py:188} INFO - [2026-05-16T11:15:19.283+0000] {dag.py:3947} INFO - Setting next_dagrun for example_python_operator to None, run_after=None
[2026-05-16T11:15:19.288+0000] {processor.py:183} INFO - Processing /home/airflow/.local/lib/python3.12/site-packages/airflow/example_dags/example_python_operator.py took 0.025 seconds
[2026-05-16T11:15:49.808+0000] {processor.py:161} INFO - Started process (PID=7231) to work on /home/airflow/.local/lib/python3.12/site-packages/airflow/example_dags/example_python_operator.py
[2026-05-16T11:15:49.809+0000] {processor.py:830} INFO - Processing file /home/airflow/.local/lib/python3.12/site-packages/airflow/example_dags/example_python_operator.py for tasks to queue
[2026-05-16T11:15:49.809+0000] {logging_mixin.py:188} INFO - [2026-05-16T11:15:49.809+0000] {dagbag.py:545} INFO - Filling up the DagBag from /home/airflow/.local/lib/python3.12/site-packages/airflow/example_dags/example_python_operator.py
[2026-05-16T11:15:49.813+0000] {processor.py:840} INFO - DAG(s) 'example_python_operator' retrieved from /home/airflow/.local/lib/python3.12/site-packages/airflow/example_dags/example_python_operator.py
[2026-05-16T11:15:49.821+0000] {logging_mixin.py:188} INFO - [2026-05-16T11:15:49.821+0000] {dag.py:3089} INFO - Sync 1 DAGs
[2026-05-16T11:15:49.825+0000] {logging_mixin.py:188} INFO - [2026-05-16T11:15:49.825+0000] {dag.py:3947} INFO - Setting next_dagrun for example_python_operator to None, run_after=None
[2026-05-16T11:15:49.829+0000] {processor.py:183} INFO - Processing /home/airflow/.local/lib/python3.12/site-packages/airflow/example_dags/example_python_operator.py took 0.023 seconds
[2026-05-16T11:16:20.184+0000] {processor.py:161} INFO - Started process (PID=7291) to work on /home/airflow/.local/lib/python3.12/site-packages/airflow/example_dags/example_python_operator.py
[2026-05-16T11:16:20.184+0000] {processor.py:830} INFO - Processing file /home/airflow/.local/lib/python3.12/site-packages/airflow/example_dags/example_python_operator.py for tasks to queue
[2026-05-16T11:16:20.184+0000] {logging_mixin.py:188} INFO - [2026-05-16T11:16:20.184+0000] {dagbag.py:545} INFO - Filling up the DagBag from /home/airflow/.local/lib/python3.12/site-packages/airflow/example_dags/example_python_operator.py
[2026-05-16T11:16:20.189+0000] {processor.py:840} INFO - DAG(s) 'example_python_operator' retrieved from /home/airflow/.local/lib/python3.12/site-packages/airflow/example_dags/example_python_operator.py
[2026-05-16T11:16:20.199+0000] {logging_mixin.py:188} INFO - [2026-05-16T11:16:20.198+0000] {dag.py:3089} INFO - Sync 1 DAGs
[2026-05-16T11:16:20.204+0000] {logging_mixin.py:188} INFO - [2026-05-16T11:16:20.204+0000] {dag.py:3947} INFO - Setting next_dagrun for example_python_operator to None, run_after=None
[2026-05-16T11:16:20.211+0000] {processor.py:183} INFO - Processing /home/airflow/.local/lib/python3.12/site-packages/airflow/example_dags/example_python_operator.py took 0.030 seconds
[2026-05-16T11:16:50.697+0000] {processor.py:161} INFO - Started process (PID=7351) to work on /home/airflow/.local/lib/python3.12/site-packages/airflow/example_dags/example_python_operator.py
[2026-05-16T11:16:50.698+0000] {processor.py:830} INFO - Processing file /home/airflow/.local/lib/python3.12/site-packages/airflow/example_dags/example_python_operator.py for tasks to queue
[2026-05-16T11:16:50.698+0000] {logging_mixin.py:188} INFO - [2026-05-16T11:16:50.698+0000] {dagbag.py:545} INFO - Filling up the DagBag from /home/airflow/.local/lib/python3.12/site-packages/airflow/example_dags/example_python_operator.py
[2026-05-16T11:16:50.702+0000] {processor.py:840} INFO - DAG(s) 'example_python_operator' retrieved from /home/airflow/.local/lib/python3.12/site-packages/airflow/example_dags/example_python_operator.py
[2026-05-16T11:16:50.714+0000] {logging_mixin.py:188} INFO - [2026-05-16T11:16:50.714+0000] {dag.py:3089} INFO - Sync 1 DAGs
[2026-05-16T11:16:50.719+0000] {logging_mixin.py:188} INFO - [2026-05-16T11:16:50.719+0000] {dag.py:3947} INFO - Setting next_dagrun for example_python_operator to None, run_after=None
[2026-05-16T11:16:50.728+0000] {processor.py:183} INFO - Processing /home/airflow/.local/lib/python3.12/site-packages/airflow/example_dags/example_python_operator.py took 0.034 seconds
[2026-05-16T11:17:21.298+0000] {processor.py:161} INFO - Started process (PID=7411) to work on /home/airflow/.local/lib/python3.12/site-packages/airflow/example_dags/example_python_operator.py
[2026-05-16T11:17:21.299+0000] {processor.py:830} INFO - Processing file /home/airflow/.local/lib/python3.12/site-packages/airflow/example_dags/example_python_operator.py for tasks to queue
[2026-05-16T11:17:21.299+0000] {logging_mixin.py:188} INFO - [2026-05-16T11:17:21.299+0000] {dagbag.py:545} INFO - Filling up the DagBag from /home/airflow/.local/lib/python3.12/site-packages/airflow/example_dags/example_python_operator.py
[2026-05-16T11:17:21.304+0000] {processor.py:840} INFO - DAG(s) 'example_python_operator' retrieved from /home/airflow/.local/lib/python3.12/site-packages/airflow/example_dags/example_python_operator.py
[2026-05-16T11:17:21.314+0000] {logging_mixin.py:188} INFO - [2026-05-16T11:17:21.314+0000] {dag.py:3089} INFO - Sync 1 DAGs
[2026-05-16T11:17:21.318+0000] {logging_mixin.py:188} INFO - [2026-05-16T11:17:21.318+0000] {dag.py:3947} INFO - Setting next_dagrun for example_python_operator to None, run_after=None
[2026-05-16T11:17:21.324+0000] {processor.py:183} INFO - Processing /home/airflow/.local/lib/python3.12/site-packages/airflow/example_dags/example_python_operator.py took 0.028 seconds
[2026-05-16T11:17:51.875+0000] {processor.py:161} INFO - Started process (PID=7471) to work on /home/airflow/.local/lib/python3.12/site-packages/airflow/example_dags/example_python_operator.py
[2026-05-16T11:17:51.875+0000] {processor.py:830} INFO - Processing file /home/airflow/.local/lib/python3.12/site-packages/airflow/example_dags/example_python_operator.py for tasks to queue
[2026-05-16T11:17:51.875+0000] {logging_mixin.py:188} INFO - [2026-05-16T11:17:51.875+0000] {dagbag.py:545} INFO - Filling up the DagBag from /home/airflow/.local/lib/python3.12/site-packages/airflow/example_dags/example_python_operator.py
[2026-05-16T11:17:51.880+0000] {processor.py:840} INFO - DAG(s) 'example_python_operator' retrieved from /home/airflow/.local/lib/python3.12/site-packages/airflow/example_dags/example_python_operator.py
[2026-05-16T11:17:51.890+0000] {logging_mixin.py:188} INFO - [2026-05-16T11:17:51.890+0000] {dag.py:3089} INFO - Sync 1 DAGs
[2026-05-16T11:17:51.895+0000] {logging_mixin.py:188} INFO - [2026-05-16T11:17:51.895+0000] {dag.py:3947} INFO - Setting next_dagrun for example_python_operator to None, run_after=None
[2026-05-16T11:17:51.901+0000] {processor.py:183} INFO - Processing /home/airflow/.local/lib/python3.12/site-packages/airflow/example_dags/example_python_operator.py took 0.030 seconds
[2026-05-16T11:18:22.425+0000] {processor.py:161} INFO - Started process (PID=7531) to work on /home/airflow/.local/lib/python3.12/site-packages/airflow/example_dags/example_python_operator.py
[2026-05-16T11:18:22.426+0000] {processor.py:830} INFO - Processing file /home/airflow/.local/lib/python3.12/site-packages/airflow/example_dags/example_python_operator.py for tasks to queue
[2026-05-16T11:18:22.427+0000] {logging_mixin.py:188} INFO - [2026-05-16T11:18:22.426+0000] {dagbag.py:545} INFO - Filling up the DagBag from /home/airflow/.local/lib/python3.12/site-packages/airflow/example_dags/example_python_operator.py
[2026-05-16T11:18:22.431+0000] {processor.py:840} INFO - DAG(s) 'example_python_operator' retrieved from /home/airflow/.local/lib/python3.12/site-packages/airflow/example_dags/example_python_operator.py
[2026-05-16T11:18:22.439+0000] {logging_mixin.py:188} INFO - [2026-05-16T11:18:22.439+0000] {dag.py:3089} INFO - Sync 1 DAGs
[2026-05-16T11:18:22.443+0000] {logging_mixin.py:188} INFO - [2026-05-16T11:18:22.443+0000] {dag.py:3947} INFO - Setting next_dagrun for example_python_operator to None, run_after=None
[2026-05-16T11:18:22.448+0000] {processor.py:183} INFO - Processing /home/airflow/.local/lib/python3.12/site-packages/airflow/example_dags/example_python_operator.py took 0.026 seconds
[2026-05-16T11:18:52.947+0000] {processor.py:161} INFO - Started process (PID=7591) to work on /home/airflow/.local/lib/python3.12/site-packages/airflow/example_dags/example_python_operator.py
[2026-05-16T11:18:52.948+0000] {processor.py:830} INFO - Processing file /home/airflow/.local/lib/python3.12/site-packages/airflow/example_dags/example_python_operator.py for tasks to queue
[2026-05-16T11:18:52.948+0000] {logging_mixin.py:188} INFO - [2026-05-16T11:18:52.948+0000] {dagbag.py:545} INFO - Filling up the DagBag from /home/airflow/.local/lib/python3.12/site-packages/airflow/example_dags/example_python_operator.py
[2026-05-16T11:18:52.952+0000] {processor.py:840} INFO - DAG(s) 'example_python_operator' retrieved from /home/airflow/.local/lib/python3.12/site-packages/airflow/example_dags/example_python_operator.py
[2026-05-16T11:18:52.959+0000] {logging_mixin.py:188} INFO - [2026-05-16T11:18:52.959+0000] {dag.py:3089} INFO - Sync 1 DAGs
[2026-05-16T11:18:52.962+0000] {logging_mixin.py:188} INFO - [2026-05-16T11:18:52.962+0000] {dag.py:3947} INFO - Setting next_dagrun for example_python_operator to None, run_after=None
[2026-05-16T11:18:52.967+0000] {processor.py:183} INFO - Processing /home/airflow/.local/lib/python3.12/site-packages/airflow/example_dags/example_python_operator.py took 0.022 seconds
[2026-05-16T11:19:23.365+0000] {processor.py:161} INFO - Started process (PID=7651) to work on /home/airflow/.local/lib/python3.12/site-packages/airflow/example_dags/example_python_operator.py
[2026-05-16T11:19:23.367+0000] {processor.py:830} INFO - Processing file /home/airflow/.local/lib/python3.12/site-packages/airflow/example_dags/example_python_operator.py for tasks to queue
[2026-05-16T11:19:23.367+0000] {logging_mixin.py:188} INFO - [2026-05-16T11:19:23.367+0000] {dagbag.py:545} INFO - Filling up the DagBag from /home/airflow/.local/lib/python3.12/site-packages/airflow/example_dags/example_python_operator.py
[2026-05-16T11:19:23.371+0000] {processor.py:840} INFO - DAG(s) 'example_python_operator' retrieved from /home/airflow/.local/lib/python3.12/site-packages/airflow/example_dags/example_python_operator.py
[2026-05-16T11:19:23.381+0000] {logging_mixin.py:188} INFO - [2026-05-16T11:19:23.381+0000] {dag.py:3089} INFO - Sync 1 DAGs
[2026-05-16T11:19:23.386+0000] {logging_mixin.py:188} INFO - [2026-05-16T11:19:23.386+0000] {dag.py:3947} INFO - Setting next_dagrun for example_python_operator to None, run_after=None
[2026-05-16T11:19:23.395+0000] {processor.py:183} INFO - Processing /home/airflow/.local/lib/python3.12/site-packages/airflow/example_dags/example_python_operator.py took 0.032 seconds
[2026-05-16T11:19:53.709+0000] {processor.py:161} INFO - Started process (PID=7711) to work on /home/airflow/.local/lib/python3.12/site-packages/airflow/example_dags/example_python_operator.py
[2026-05-16T11:19:53.709+0000] {processor.py:830} INFO - Processing file /home/airflow/.local/lib/python3.12/site-packages/airflow/example_dags/example_python_operator.py for tasks to queue
[2026-05-16T11:19:53.710+0000] {logging_mixin.py:188} INFO - [2026-05-16T11:19:53.710+0000] {dagbag.py:545} INFO - Filling up the DagBag from /home/airflow/.local/lib/python3.12/site-packages/airflow/example_dags/example_python_operator.py
[2026-05-16T11:19:53.714+0000] {processor.py:840} INFO - DAG(s) 'example_python_operator' retrieved from /home/airflow/.local/lib/python3.12/site-packages/airflow/example_dags/example_python_operator.py
[2026-05-16T11:19:53.723+0000] {logging_mixin.py:188} INFO - [2026-05-16T11:19:53.723+0000] {dag.py:3089} INFO - Sync 1 DAGs
[2026-05-16T11:19:53.727+0000] {logging_mixin.py:188} INFO - [2026-05-16T11:19:53.727+0000] {dag.py:3947} INFO - Setting next_dagrun for example_python_operator to None, run_after=None
[2026-05-16T11:19:53.733+0000] {processor.py:183} INFO - Processing /home/airflow/.local/lib/python3.12/site-packages/airflow/example_dags/example_python_operator.py took 0.026 seconds
[2026-05-16T11:20:24.143+0000] {processor.py:161} INFO - Started process (PID=7771) to work on /home/airflow/.local/lib/python3.12/site-packages/airflow/example_dags/example_python_operator.py
[2026-05-16T11:20:24.144+0000] {processor.py:830} INFO - Processing file /home/airflow/.local/lib/python3.12/site-packages/airflow/example_dags/example_python_operator.py for tasks to queue
[2026-05-16T11:20:24.144+0000] {logging_mixin.py:188} INFO - [2026-05-16T11:20:24.144+0000] {dagbag.py:545} INFO - Filling up the DagBag from /home/airflow/.local/lib/python3.12/site-packages/airflow/example_dags/example_python_operator.py
[2026-05-16T11:20:24.149+0000] {processor.py:840} INFO - DAG(s) 'example_python_operator' retrieved from /home/airflow/.local/lib/python3.12/site-packages/airflow/example_dags/example_python_operator.py
[2026-05-16T11:20:24.157+0000] {logging_mixin.py:188} INFO - [2026-05-16T11:20:24.157+0000] {dag.py:3089} INFO - Sync 1 DAGs
[2026-05-16T11:20:24.161+0000] {logging_mixin.py:188} INFO - [2026-05-16T11:20:24.161+0000] {dag.py:3947} INFO - Setting next_dagrun for example_python_operator to None, run_after=None
[2026-05-16T11:20:24.167+0000] {processor.py:183} INFO - Processing /home/airflow/.local/lib/python3.12/site-packages/airflow/example_dags/example_python_operator.py took 0.026 seconds
[2026-05-16T11:20:54.471+0000] {processor.py:161} INFO - Started process (PID=7831) to work on /home/airflow/.local/lib/python3.12/site-packages/airflow/example_dags/example_python_operator.py
[2026-05-16T11:20:54.471+0000] {processor.py:830} INFO - Processing file /home/airflow/.local/lib/python3.12/site-packages/airflow/example_dags/example_python_operator.py for tasks to queue
[2026-05-16T11:20:54.472+0000] {logging_mixin.py:188} INFO - [2026-05-16T11:20:54.472+0000] {dagbag.py:545} INFO - Filling up the DagBag from /home/airflow/.local/lib/python3.12/site-packages/airflow/example_dags/example_python_operator.py
[2026-05-16T11:20:54.476+0000] {processor.py:840} INFO - DAG(s) 'example_python_operator' retrieved from /home/airflow/.local/lib/python3.12/site-packages/airflow/example_dags/example_python_operator.py
[2026-05-16T11:20:54.483+0000] {logging_mixin.py:188} INFO - [2026-05-16T11:20:54.483+0000] {dag.py:3089} INFO - Sync 1 DAGs
[2026-05-16T11:20:54.487+0000] {logging_mixin.py:188} INFO - [2026-05-16T11:20:54.487+0000] {dag.py:3947} INFO - Setting next_dagrun for example_python_operator to None, run_after=None
[2026-05-16T11:20:54.491+0000] {processor.py:183} INFO - Processing /home/airflow/.local/lib/python3.12/site-packages/airflow/example_dags/example_python_operator.py took 0.022 seconds
[2026-05-16T11:21:24.897+0000] {processor.py:161} INFO - Started process (PID=7891) to work on /home/airflow/.local/lib/python3.12/site-packages/airflow/example_dags/example_python_operator.py
[2026-05-16T11:21:24.898+0000] {processor.py:830} INFO - Processing file /home/airflow/.local/lib/python3.12/site-packages/airflow/example_dags/example_python_operator.py for tasks to queue
[2026-05-16T11:21:24.898+0000] {logging_mixin.py:188} INFO - [2026-05-16T11:21:24.898+0000] {dagbag.py:545} INFO - Filling up the DagBag from /home/airflow/.local/lib/python3.12/site-packages/airflow/example_dags/example_python_operator.py
[2026-05-16T11:21:24.902+0000] {processor.py:840} INFO - DAG(s) 'example_python_operator' retrieved from /home/airflow/.local/lib/python3.12/site-packages/airflow/example_dags/example_python_operator.py
[2026-05-16T11:21:24.912+0000] {logging_mixin.py:188} INFO - [2026-05-16T11:21:24.912+0000] {dag.py:3089} INFO - Sync 1 DAGs
[2026-05-16T11:21:24.917+0000] {logging_mixin.py:188} INFO - [2026-05-16T11:21:24.916+0000] {dag.py:3947} INFO - Setting next_dagrun for example_python_operator to None, run_after=None
[2026-05-16T11:21:24.922+0000] {processor.py:183} INFO - Processing /home/airflow/.local/lib/python3.12/site-packages/airflow/example_dags/example_python_operator.py took 0.027 seconds
[2026-05-16T11:21:55.332+0000] {processor.py:161} INFO - Started process (PID=7952) to work on /home/airflow/.local/lib/python3.12/site-packages/airflow/example_dags/example_python_operator.py
[2026-05-16T11:21:55.333+0000] {processor.py:830} INFO - Processing file /home/airflow/.local/lib/python3.12/site-packages/airflow/example_dags/example_python_operator.py for tasks to queue
[2026-05-16T11:21:55.333+0000] {logging_mixin.py:188} INFO - [2026-05-16T11:21:55.333+0000] {dagbag.py:545} INFO - Filling up the DagBag from /home/airflow/.local/lib/python3.12/site-packages/airflow/example_dags/example_python_operator.py
[2026-05-16T11:21:55.337+0000] {processor.py:840} INFO - DAG(s) 'example_python_operator' retrieved from /home/airflow/.local/lib/python3.12/site-packages/airflow/example_dags/example_python_operator.py
[2026-05-16T11:21:55.345+0000] {logging_mixin.py:188} INFO - [2026-05-16T11:21:55.345+0000] {dag.py:3089} INFO - Sync 1 DAGs
[2026-05-16T11:21:55.349+0000] {logging_mixin.py:188} INFO - [2026-05-16T11:21:55.349+0000] {dag.py:3947} INFO - Setting next_dagrun for example_python_operator to None, run_after=None
[2026-05-16T11:21:55.354+0000] {processor.py:183} INFO - Processing /home/airflow/.local/lib/python3.12/site-packages/airflow/example_dags/example_python_operator.py took 0.024 seconds
[2026-05-16T11:22:25.685+0000] {processor.py:161} INFO - Started process (PID=8012) to work on /home/airflow/.local/lib/python3.12/site-packages/airflow/example_dags/example_python_operator.py
[2026-05-16T11:22:25.686+0000] {processor.py:830} INFO - Processing file /home/airflow/.local/lib/python3.12/site-packages/airflow/example_dags/example_python_operator.py for tasks to queue
[2026-05-16T11:22:25.687+0000] {logging_mixin.py:188} INFO - [2026-05-16T11:22:25.687+0000] {dagbag.py:545} INFO - Filling up the DagBag from /home/airflow/.local/lib/python3.12/site-packages/airflow/example_dags/example_python_operator.py
[2026-05-16T11:22:25.690+0000] {processor.py:840} INFO - DAG(s) 'example_python_operator' retrieved from /home/airflow/.local/lib/python3.12/site-packages/airflow/example_dags/example_python_operator.py
[2026-05-16T11:22:25.698+0000] {logging_mixin.py:188} INFO - [2026-05-16T11:22:25.698+0000] {dag.py:3089} INFO - Sync 1 DAGs
[2026-05-16T11:22:25.702+0000] {logging_mixin.py:188} INFO - [2026-05-16T11:22:25.702+0000] {dag.py:3947} INFO - Setting next_dagrun for example_python_operator to None, run_after=None
[2026-05-16T11:22:25.708+0000] {processor.py:183} INFO - Processing /home/airflow/.local/lib/python3.12/site-packages/airflow/example_dags/example_python_operator.py took 0.024 seconds
[2026-05-16T11:22:56.042+0000] {processor.py:161} INFO - Started process (PID=8072) to work on /home/airflow/.local/lib/python3.12/site-packages/airflow/example_dags/example_python_operator.py
[2026-05-16T11:22:56.042+0000] {processor.py:830} INFO - Processing file /home/airflow/.local/lib/python3.12/site-packages/airflow/example_dags/example_python_operator.py for tasks to queue
[2026-05-16T11:22:56.043+0000] {logging_mixin.py:188} INFO - [2026-05-16T11:22:56.043+0000] {dagbag.py:545} INFO - Filling up the DagBag from /home/airflow/.local/lib/python3.12/site-packages/airflow/example_dags/example_python_operator.py
[2026-05-16T11:22:56.047+0000] {processor.py:840} INFO - DAG(s) 'example_python_operator' retrieved from /home/airflow/.local/lib/python3.12/site-packages/airflow/example_dags/example_python_operator.py
[2026-05-16T11:22:56.053+0000] {logging_mixin.py:188} INFO - [2026-05-16T11:22:56.053+0000] {dag.py:3089} INFO - Sync 1 DAGs
[2026-05-16T11:22:56.057+0000] {logging_mixin.py:188} INFO - [2026-05-16T11:22:56.057+0000] {dag.py:3947} INFO - Setting next_dagrun for example_python_operator to None, run_after=None
[2026-05-16T11:22:56.062+0000] {processor.py:183} INFO - Processing /home/airflow/.local/lib/python3.12/site-packages/airflow/example_dags/example_python_operator.py took 0.022 seconds
[2026-05-16T11:23:26.487+0000] {processor.py:161} INFO - Started process (PID=8132) to work on /home/airflow/.local/lib/python3.12/site-packages/airflow/example_dags/example_python_operator.py
[2026-05-16T11:23:26.487+0000] {processor.py:830} INFO - Processing file /home/airflow/.local/lib/python3.12/site-packages/airflow/example_dags/example_python_operator.py for tasks to queue
[2026-05-16T11:23:26.488+0000] {logging_mixin.py:188} INFO - [2026-05-16T11:23:26.487+0000] {dagbag.py:545} INFO - Filling up the DagBag from /home/airflow/.local/lib/python3.12/site-packages/airflow/example_dags/example_python_operator.py
[2026-05-16T11:23:26.492+0000] {processor.py:840} INFO - DAG(s) 'example_python_operator' retrieved from /home/airflow/.local/lib/python3.12/site-packages/airflow/example_dags/example_python_operator.py
[2026-05-16T11:23:26.499+0000] {logging_mixin.py:188} INFO - [2026-05-16T11:23:26.499+0000] {dag.py:3089} INFO - Sync 1 DAGs
[2026-05-16T11:23:26.503+0000] {logging_mixin.py:188} INFO - [2026-05-16T11:23:26.503+0000] {dag.py:3947} INFO - Setting next_dagrun for example_python_operator to None, run_after=None
[2026-05-16T11:23:26.508+0000] {processor.py:183} INFO - Processing /home/airflow/.local/lib/python3.12/site-packages/airflow/example_dags/example_python_operator.py took 0.024 seconds
[2026-05-16T11:23:56.888+0000] {processor.py:161} INFO - Started process (PID=8192) to work on /home/airflow/.local/lib/python3.12/site-packages/airflow/example_dags/example_python_operator.py
[2026-05-16T11:23:56.889+0000] {processor.py:830} INFO - Processing file /home/airflow/.local/lib/python3.12/site-packages/airflow/example_dags/example_python_operator.py for tasks to queue
[2026-05-16T11:23:56.889+0000] {logging_mixin.py:188} INFO - [2026-05-16T11:23:56.889+0000] {dagbag.py:545} INFO - Filling up the DagBag from /home/airflow/.local/lib/python3.12/site-packages/airflow/example_dags/example_python_operator.py
[2026-05-16T11:23:56.893+0000] {processor.py:840} INFO - DAG(s) 'example_python_operator' retrieved from /home/airflow/.local/lib/python3.12/site-packages/airflow/example_dags/example_python_operator.py
[2026-05-16T11:23:56.900+0000] {logging_mixin.py:188} INFO - [2026-05-16T11:23:56.900+0000] {dag.py:3089} INFO - Sync 1 DAGs
[2026-05-16T11:23:56.904+0000] {logging_mixin.py:188} INFO - [2026-05-16T11:23:56.904+0000] {dag.py:3947} INFO - Setting next_dagrun for example_python_operator to None, run_after=None
[2026-05-16T11:23:56.909+0000] {processor.py:183} INFO - Processing /home/airflow/.local/lib/python3.12/site-packages/airflow/example_dags/example_python_operator.py took 0.023 seconds
[2026-05-16T11:24:27.332+0000] {processor.py:161} INFO - Started process (PID=8252) to work on /home/airflow/.local/lib/python3.12/site-packages/airflow/example_dags/example_python_operator.py
[2026-05-16T11:24:27.332+0000] {processor.py:830} INFO - Processing file /home/airflow/.local/lib/python3.12/site-packages/airflow/example_dags/example_python_operator.py for tasks to queue
[2026-05-16T11:24:27.333+0000] {logging_mixin.py:188} INFO - [2026-05-16T11:24:27.332+0000] {dagbag.py:545} INFO - Filling up the DagBag from /home/airflow/.local/lib/python3.12/site-packages/airflow/example_dags/example_python_operator.py
[2026-05-16T11:24:27.338+0000] {processor.py:840} INFO - DAG(s) 'example_python_operator' retrieved from /home/airflow/.local/lib/python3.12/site-packages/airflow/example_dags/example_python_operator.py
[2026-05-16T11:24:27.345+0000] {logging_mixin.py:188} INFO - [2026-05-16T11:24:27.345+0000] {dag.py:3089} INFO - Sync 1 DAGs
[2026-05-16T11:24:27.349+0000] {logging_mixin.py:188} INFO - [2026-05-16T11:24:27.349+0000] {dag.py:3947} INFO - Setting next_dagrun for example_python_operator to None, run_after=None
[2026-05-16T11:24:27.354+0000] {processor.py:183} INFO - Processing /home/airflow/.local/lib/python3.12/site-packages/airflow/example_dags/example_python_operator.py took 0.024 seconds
[2026-05-16T11:24:57.917+0000] {processor.py:161} INFO - Started process (PID=8312) to work on /home/airflow/.local/lib/python3.12/site-packages/airflow/example_dags/example_python_operator.py
[2026-05-16T11:24:57.918+0000] {processor.py:830} INFO - Processing file /home/airflow/.local/lib/python3.12/site-packages/airflow/example_dags/example_python_operator.py for tasks to queue
[2026-05-16T11:24:57.918+0000] {logging_mixin.py:188} INFO - [2026-05-16T11:24:57.918+0000] {dagbag.py:545} INFO - Filling up the DagBag from /home/airflow/.local/lib/python3.12/site-packages/airflow/example_dags/example_python_operator.py
[2026-05-16T11:24:57.924+0000] {processor.py:840} INFO - DAG(s) 'example_python_operator' retrieved from /home/airflow/.local/lib/python3.12/site-packages/airflow/example_dags/example_python_operator.py
[2026-05-16T11:24:57.933+0000] {logging_mixin.py:188} INFO - [2026-05-16T11:24:57.933+0000] {dag.py:3089} INFO - Sync 1 DAGs
[2026-05-16T11:24:57.937+0000] {logging_mixin.py:188} INFO - [2026-05-16T11:24:57.937+0000] {dag.py:3947} INFO - Setting next_dagrun for example_python_operator to None, run_after=None
[2026-05-16T11:24:57.942+0000] {processor.py:183} INFO - Processing /home/airflow/.local/lib/python3.12/site-packages/airflow/example_dags/example_python_operator.py took 0.028 seconds
[2026-05-16T11:25:28.485+0000] {processor.py:161} INFO - Started process (PID=8372) to work on /home/airflow/.local/lib/python3.12/site-packages/airflow/example_dags/example_python_operator.py
[2026-05-16T11:25:28.486+0000] {processor.py:830} INFO - Processing file /home/airflow/.local/lib/python3.12/site-packages/airflow/example_dags/example_python_operator.py for tasks to queue
[2026-05-16T11:25:28.486+0000] {logging_mixin.py:188} INFO - [2026-05-16T11:25:28.486+0000] {dagbag.py:545} INFO - Filling up the DagBag from /home/airflow/.local/lib/python3.12/site-packages/airflow/example_dags/example_python_operator.py
[2026-05-16T11:25:28.490+0000] {processor.py:840} INFO - DAG(s) 'example_python_operator' retrieved from /home/airflow/.local/lib/python3.12/site-packages/airflow/example_dags/example_python_operator.py
[2026-05-16T11:25:28.499+0000] {logging_mixin.py:188} INFO - [2026-05-16T11:25:28.499+0000] {dag.py:3089} INFO - Sync 1 DAGs
[2026-05-16T11:25:28.503+0000] {logging_mixin.py:188} INFO - [2026-05-16T11:25:28.503+0000] {dag.py:3947} INFO - Setting next_dagrun for example_python_operator to None, run_after=None
[2026-05-16T11:25:28.508+0000] {processor.py:183} INFO - Processing /home/airflow/.local/lib/python3.12/site-packages/airflow/example_dags/example_python_operator.py took 0.024 seconds
[2026-05-16T11:25:59.057+0000] {processor.py:161} INFO - Started process (PID=8432) to work on /home/airflow/.local/lib/python3.12/site-packages/airflow/example_dags/example_python_operator.py
[2026-05-16T11:25:59.059+0000] {processor.py:830} INFO - Processing file /home/airflow/.local/lib/python3.12/site-packages/airflow/example_dags/example_python_operator.py for tasks to queue
[2026-05-16T11:25:59.059+0000] {logging_mixin.py:188} INFO - [2026-05-16T11:25:59.059+0000] {dagbag.py:545} INFO - Filling up the DagBag from /home/airflow/.local/lib/python3.12/site-packages/airflow/example_dags/example_python_operator.py
[2026-05-16T11:25:59.064+0000] {processor.py:840} INFO - DAG(s) 'example_python_operator' retrieved from /home/airflow/.local/lib/python3.12/site-packages/airflow/example_dags/example_python_operator.py
[2026-05-16T11:25:59.073+0000] {logging_mixin.py:188} INFO - [2026-05-16T11:25:59.073+0000] {dag.py:3089} INFO - Sync 1 DAGs
[2026-05-16T11:25:59.077+0000] {logging_mixin.py:188} INFO - [2026-05-16T11:25:59.077+0000] {dag.py:3947} INFO - Setting next_dagrun for example_python_operator to None, run_after=None
[2026-05-16T11:25:59.084+0000] {processor.py:183} INFO - Processing /home/airflow/.local/lib/python3.12/site-packages/airflow/example_dags/example_python_operator.py took 0.029 seconds
[2026-05-16T11:26:29.698+0000] {processor.py:161} INFO - Started process (PID=8492) to work on /home/airflow/.local/lib/python3.12/site-packages/airflow/example_dags/example_python_operator.py
[2026-05-16T11:26:29.698+0000] {processor.py:830} INFO - Processing file /home/airflow/.local/lib/python3.12/site-packages/airflow/example_dags/example_python_operator.py for tasks to queue
[2026-05-16T11:26:29.699+0000] {logging_mixin.py:188} INFO - [2026-05-16T11:26:29.699+0000] {dagbag.py:545} INFO - Filling up the DagBag from /home/airflow/.local/lib/python3.12/site-packages/airflow/example_dags/example_python_operator.py
[2026-05-16T11:26:29.705+0000] {processor.py:840} INFO - DAG(s) 'example_python_operator' retrieved from /home/airflow/.local/lib/python3.12/site-packages/airflow/example_dags/example_python_operator.py
[2026-05-16T11:26:29.715+0000] {logging_mixin.py:188} INFO - [2026-05-16T11:26:29.715+0000] {dag.py:3089} INFO - Sync 1 DAGs
[2026-05-16T11:26:29.720+0000] {logging_mixin.py:188} INFO - [2026-05-16T11:26:29.720+0000] {dag.py:3947} INFO - Setting next_dagrun for example_python_operator to None, run_after=None
[2026-05-16T11:26:29.726+0000] {processor.py:183} INFO - Processing /home/airflow/.local/lib/python3.12/site-packages/airflow/example_dags/example_python_operator.py took 0.031 seconds
[2026-05-16T11:27:00.223+0000] {processor.py:161} INFO - Started process (PID=8552) to work on /home/airflow/.local/lib/python3.12/site-packages/airflow/example_dags/example_python_operator.py
[2026-05-16T11:27:00.223+0000] {processor.py:830} INFO - Processing file /home/airflow/.local/lib/python3.12/site-packages/airflow/example_dags/example_python_operator.py for tasks to queue
[2026-05-16T11:27:00.224+0000] {logging_mixin.py:188} INFO - [2026-05-16T11:27:00.223+0000] {dagbag.py:545} INFO - Filling up the DagBag from /home/airflow/.local/lib/python3.12/site-packages/airflow/example_dags/example_python_operator.py
[2026-05-16T11:27:00.228+0000] {processor.py:840} INFO - DAG(s) 'example_python_operator' retrieved from /home/airflow/.local/lib/python3.12/site-packages/airflow/example_dags/example_python_operator.py
[2026-05-16T11:27:00.236+0000] {logging_mixin.py:188} INFO - [2026-05-16T11:27:00.236+0000] {dag.py:3089} INFO - Sync 1 DAGs
[2026-05-16T11:27:00.240+0000] {logging_mixin.py:188} INFO - [2026-05-16T11:27:00.240+0000] {dag.py:3947} INFO - Setting next_dagrun for example_python_operator to None, run_after=None
[2026-05-16T11:27:00.272+0000] {processor.py:183} INFO - Processing /home/airflow/.local/lib/python3.12/site-packages/airflow/example_dags/example_python_operator.py took 0.051 seconds
[2026-05-16T11:27:30.843+0000] {processor.py:161} INFO - Started process (PID=8613) to work on /home/airflow/.local/lib/python3.12/site-packages/airflow/example_dags/example_python_operator.py
[2026-05-16T11:27:30.843+0000] {processor.py:830} INFO - Processing file /home/airflow/.local/lib/python3.12/site-packages/airflow/example_dags/example_python_operator.py for tasks to queue
[2026-05-16T11:27:30.844+0000] {logging_mixin.py:188} INFO - [2026-05-16T11:27:30.843+0000] {dagbag.py:545} INFO - Filling up the DagBag from /home/airflow/.local/lib/python3.12/site-packages/airflow/example_dags/example_python_operator.py
[2026-05-16T11:27:30.849+0000] {processor.py:840} INFO - DAG(s) 'example_python_operator' retrieved from /home/airflow/.local/lib/python3.12/site-packages/airflow/example_dags/example_python_operator.py
[2026-05-16T11:27:30.855+0000] {logging_mixin.py:188} INFO - [2026-05-16T11:27:30.855+0000] {dag.py:3089} INFO - Sync 1 DAGs
[2026-05-16T11:27:30.861+0000] {logging_mixin.py:188} INFO - [2026-05-16T11:27:30.861+0000] {dag.py:3947} INFO - Setting next_dagrun for example_python_operator to None, run_after=None
[2026-05-16T11:27:30.868+0000] {processor.py:183} INFO - Processing /home/airflow/.local/lib/python3.12/site-packages/airflow/example_dags/example_python_operator.py took 0.028 seconds
[2026-05-16T11:28:01.612+0000] {processor.py:161} INFO - Started process (PID=8674) to work on /home/airflow/.local/lib/python3.12/site-packages/airflow/example_dags/example_python_operator.py
[2026-05-16T11:28:01.612+0000] {processor.py:830} INFO - Processing file /home/airflow/.local/lib/python3.12/site-packages/airflow/example_dags/example_python_operator.py for tasks to queue
[2026-05-16T11:28:01.612+0000] {logging_mixin.py:188} INFO - [2026-05-16T11:28:01.612+0000] {dagbag.py:545} INFO - Filling up the DagBag from /home/airflow/.local/lib/python3.12/site-packages/airflow/example_dags/example_python_operator.py
[2026-05-16T11:28:01.616+0000] {processor.py:840} INFO - DAG(s) 'example_python_operator' retrieved from /home/airflow/.local/lib/python3.12/site-packages/airflow/example_dags/example_python_operator.py
[2026-05-16T11:28:01.652+0000] {logging_mixin.py:188} INFO - [2026-05-16T11:28:01.652+0000] {dag.py:3089} INFO - Sync 1 DAGs
[2026-05-16T11:28:01.657+0000] {logging_mixin.py:188} INFO - [2026-05-16T11:28:01.657+0000] {dag.py:3947} INFO - Setting next_dagrun for example_python_operator to None, run_after=None
[2026-05-16T11:28:01.662+0000] {processor.py:183} INFO - Processing /home/airflow/.local/lib/python3.12/site-packages/airflow/example_dags/example_python_operator.py took 0.053 seconds
[2026-05-16T11:28:32.509+0000] {processor.py:161} INFO - Started process (PID=8735) to work on /home/airflow/.local/lib/python3.12/site-packages/airflow/example_dags/example_python_operator.py
[2026-05-16T11:28:32.509+0000] {processor.py:830} INFO - Processing file /home/airflow/.local/lib/python3.12/site-packages/airflow/example_dags/example_python_operator.py for tasks to queue
[2026-05-16T11:28:32.510+0000] {logging_mixin.py:188} INFO - [2026-05-16T11:28:32.509+0000] {dagbag.py:545} INFO - Filling up the DagBag from /home/airflow/.local/lib/python3.12/site-packages/airflow/example_dags/example_python_operator.py
[2026-05-16T11:28:32.514+0000] {processor.py:840} INFO - DAG(s) 'example_python_operator' retrieved from /home/airflow/.local/lib/python3.12/site-packages/airflow/example_dags/example_python_operator.py
[2026-05-16T11:28:32.522+0000] {logging_mixin.py:188} INFO - [2026-05-16T11:28:32.522+0000] {dag.py:3089} INFO - Sync 1 DAGs
[2026-05-16T11:28:32.526+0000] {logging_mixin.py:188} INFO - [2026-05-16T11:28:32.526+0000] {dag.py:3947} INFO - Setting next_dagrun for example_python_operator to None, run_after=None
[2026-05-16T11:28:32.531+0000] {processor.py:183} INFO - Processing /home/airflow/.local/lib/python3.12/site-packages/airflow/example_dags/example_python_operator.py took 0.024 seconds
[2026-05-16T11:29:02.950+0000] {processor.py:161} INFO - Started process (PID=8796) to work on /home/airflow/.local/lib/python3.12/site-packages/airflow/example_dags/example_python_operator.py
[2026-05-16T11:29:02.951+0000] {processor.py:830} INFO - Processing file /home/airflow/.local/lib/python3.12/site-packages/airflow/example_dags/example_python_operator.py for tasks to queue
[2026-05-16T11:29:02.951+0000] {logging_mixin.py:188} INFO - [2026-05-16T11:29:02.951+0000] {dagbag.py:545} INFO - Filling up the DagBag from /home/airflow/.local/lib/python3.12/site-packages/airflow/example_dags/example_python_operator.py
[2026-05-16T11:29:02.955+0000] {processor.py:840} INFO - DAG(s) 'example_python_operator' retrieved from /home/airflow/.local/lib/python3.12/site-packages/airflow/example_dags/example_python_operator.py
[2026-05-16T11:29:02.963+0000] {logging_mixin.py:188} INFO - [2026-05-16T11:29:02.963+0000] {dag.py:3089} INFO - Sync 1 DAGs
[2026-05-16T11:29:02.967+0000] {logging_mixin.py:188} INFO - [2026-05-16T11:29:02.967+0000] {dag.py:3947} INFO - Setting next_dagrun for example_python_operator to None, run_after=None
[2026-05-16T11:29:02.972+0000] {processor.py:183} INFO - Processing /home/airflow/.local/lib/python3.12/site-packages/airflow/example_dags/example_python_operator.py took 0.025 seconds
[2026-05-16T11:29:33.557+0000] {processor.py:161} INFO - Started process (PID=8858) to work on /home/airflow/.local/lib/python3.12/site-packages/airflow/example_dags/example_python_operator.py
[2026-05-16T11:29:33.558+0000] {processor.py:830} INFO - Processing file /home/airflow/.local/lib/python3.12/site-packages/airflow/example_dags/example_python_operator.py for tasks to queue
[2026-05-16T11:29:33.558+0000] {logging_mixin.py:188} INFO - [2026-05-16T11:29:33.558+0000] {dagbag.py:545} INFO - Filling up the DagBag from /home/airflow/.local/lib/python3.12/site-packages/airflow/example_dags/example_python_operator.py
[2026-05-16T11:29:33.564+0000] {processor.py:840} INFO - DAG(s) 'example_python_operator' retrieved from /home/airflow/.local/lib/python3.12/site-packages/airflow/example_dags/example_python_operator.py
[2026-05-16T11:29:33.575+0000] {logging_mixin.py:188} INFO - [2026-05-16T11:29:33.574+0000] {dag.py:3089} INFO - Sync 1 DAGs
[2026-05-16T11:29:33.580+0000] {logging_mixin.py:188} INFO - [2026-05-16T11:29:33.579+0000] {dag.py:3947} INFO - Setting next_dagrun for example_python_operator to None, run_after=None
[2026-05-16T11:29:33.586+0000] {processor.py:183} INFO - Processing /home/airflow/.local/lib/python3.12/site-packages/airflow/example_dags/example_python_operator.py took 0.031 seconds
[2026-05-16T11:30:04.159+0000] {processor.py:161} INFO - Started process (PID=8919) to work on /home/airflow/.local/lib/python3.12/site-packages/airflow/example_dags/example_python_operator.py
[2026-05-16T11:30:04.160+0000] {processor.py:830} INFO - Processing file /home/airflow/.local/lib/python3.12/site-packages/airflow/example_dags/example_python_operator.py for tasks to queue
[2026-05-16T11:30:04.160+0000] {logging_mixin.py:188} INFO - [2026-05-16T11:30:04.160+0000] {dagbag.py:545} INFO - Filling up the DagBag from /home/airflow/.local/lib/python3.12/site-packages/airflow/example_dags/example_python_operator.py
[2026-05-16T11:30:04.165+0000] {processor.py:840} INFO - DAG(s) 'example_python_operator' retrieved from /home/airflow/.local/lib/python3.12/site-packages/airflow/example_dags/example_python_operator.py
[2026-05-16T11:30:04.175+0000] {logging_mixin.py:188} INFO - [2026-05-16T11:30:04.175+0000] {dag.py:3089} INFO - Sync 1 DAGs
[2026-05-16T11:30:04.180+0000] {logging_mixin.py:188} INFO - [2026-05-16T11:30:04.180+0000] {dag.py:3947} INFO - Setting next_dagrun for example_python_operator to None, run_after=None
[2026-05-16T11:30:04.185+0000] {processor.py:183} INFO - Processing /home/airflow/.local/lib/python3.12/site-packages/airflow/example_dags/example_python_operator.py took 0.029 seconds
[2026-05-16T11:30:34.846+0000] {processor.py:161} INFO - Started process (PID=8980) to work on /home/airflow/.local/lib/python3.12/site-packages/airflow/example_dags/example_python_operator.py
[2026-05-16T11:30:34.846+0000] {processor.py:830} INFO - Processing file /home/airflow/.local/lib/python3.12/site-packages/airflow/example_dags/example_python_operator.py for tasks to queue
[2026-05-16T11:30:34.846+0000] {logging_mixin.py:188} INFO - [2026-05-16T11:30:34.846+0000] {dagbag.py:545} INFO - Filling up the DagBag from /home/airflow/.local/lib/python3.12/site-packages/airflow/example_dags/example_python_operator.py
[2026-05-16T11:30:34.851+0000] {processor.py:840} INFO - DAG(s) 'example_python_operator' retrieved from /home/airflow/.local/lib/python3.12/site-packages/airflow/example_dags/example_python_operator.py
[2026-05-16T11:30:34.872+0000] {logging_mixin.py:188} INFO - [2026-05-16T11:30:34.872+0000] {dag.py:3089} INFO - Sync 1 DAGs
[2026-05-16T11:30:34.885+0000] {logging_mixin.py:188} INFO - [2026-05-16T11:30:34.884+0000] {dag.py:3947} INFO - Setting next_dagrun for example_python_operator to None, run_after=None
[2026-05-16T11:30:34.890+0000] {processor.py:183} INFO - Processing /home/airflow/.local/lib/python3.12/site-packages/airflow/example_dags/example_python_operator.py took 0.048 seconds
[2026-05-16T11:31:05.543+0000] {processor.py:161} INFO - Started process (PID=9041) to work on /home/airflow/.local/lib/python3.12/site-packages/airflow/example_dags/example_python_operator.py
[2026-05-16T11:31:05.543+0000] {processor.py:830} INFO - Processing file /home/airflow/.local/lib/python3.12/site-packages/airflow/example_dags/example_python_operator.py for tasks to queue
[2026-05-16T11:31:05.544+0000] {logging_mixin.py:188} INFO - [2026-05-16T11:31:05.544+0000] {dagbag.py:545} INFO - Filling up the DagBag from /home/airflow/.local/lib/python3.12/site-packages/airflow/example_dags/example_python_operator.py
[2026-05-16T11:31:05.548+0000] {processor.py:840} INFO - DAG(s) 'example_python_operator' retrieved from /home/airflow/.local/lib/python3.12/site-packages/airflow/example_dags/example_python_operator.py
[2026-05-16T11:31:05.558+0000] {logging_mixin.py:188} INFO - [2026-05-16T11:31:05.558+0000] {dag.py:3089} INFO - Sync 1 DAGs
[2026-05-16T11:31:05.563+0000] {logging_mixin.py:188} INFO - [2026-05-16T11:31:05.563+0000] {dag.py:3947} INFO - Setting next_dagrun for example_python_operator to None, run_after=None
[2026-05-16T11:31:05.572+0000] {processor.py:183} INFO - Processing /home/airflow/.local/lib/python3.12/site-packages/airflow/example_dags/example_python_operator.py took 0.031 seconds
[2026-05-16T11:31:35.988+0000] {processor.py:161} INFO - Started process (PID=9102) to work on /home/airflow/.local/lib/python3.12/site-packages/airflow/example_dags/example_python_operator.py
[2026-05-16T11:31:35.988+0000] {processor.py:830} INFO - Processing file /home/airflow/.local/lib/python3.12/site-packages/airflow/example_dags/example_python_operator.py for tasks to queue
[2026-05-16T11:31:35.988+0000] {logging_mixin.py:188} INFO - [2026-05-16T11:31:35.988+0000] {dagbag.py:545} INFO - Filling up the DagBag from /home/airflow/.local/lib/python3.12/site-packages/airflow/example_dags/example_python_operator.py
[2026-05-16T11:31:35.995+0000] {processor.py:840} INFO - DAG(s) 'example_python_operator' retrieved from /home/airflow/.local/lib/python3.12/site-packages/airflow/example_dags/example_python_operator.py
[2026-05-16T11:31:36.006+0000] {logging_mixin.py:188} INFO - [2026-05-16T11:31:36.006+0000] {dag.py:3089} INFO - Sync 1 DAGs
[2026-05-16T11:31:36.012+0000] {logging_mixin.py:188} INFO - [2026-05-16T11:31:36.012+0000] {dag.py:3947} INFO - Setting next_dagrun for example_python_operator to None, run_after=None
[2026-05-16T11:31:36.018+0000] {processor.py:183} INFO - Processing /home/airflow/.local/lib/python3.12/site-packages/airflow/example_dags/example_python_operator.py took 0.032 seconds
[2026-05-16T11:32:06.465+0000] {processor.py:161} INFO - Started process (PID=9163) to work on /home/airflow/.local/lib/python3.12/site-packages/airflow/example_dags/example_python_operator.py
[2026-05-16T11:32:06.465+0000] {processor.py:830} INFO - Processing file /home/airflow/.local/lib/python3.12/site-packages/airflow/example_dags/example_python_operator.py for tasks to queue
[2026-05-16T11:32:06.465+0000] {logging_mixin.py:188} INFO - [2026-05-16T11:32:06.465+0000] {dagbag.py:545} INFO - Filling up the DagBag from /home/airflow/.local/lib/python3.12/site-packages/airflow/example_dags/example_python_operator.py
[2026-05-16T11:32:06.470+0000] {processor.py:840} INFO - DAG(s) 'example_python_operator' retrieved from /home/airflow/.local/lib/python3.12/site-packages/airflow/example_dags/example_python_operator.py
[2026-05-16T11:32:06.479+0000] {logging_mixin.py:188} INFO - [2026-05-16T11:32:06.479+0000] {dag.py:3089} INFO - Sync 1 DAGs
[2026-05-16T11:32:06.484+0000] {logging_mixin.py:188} INFO - [2026-05-16T11:32:06.483+0000] {dag.py:3947} INFO - Setting next_dagrun for example_python_operator to None, run_after=None
[2026-05-16T11:32:06.489+0000] {processor.py:183} INFO - Processing /home/airflow/.local/lib/python3.12/site-packages/airflow/example_dags/example_python_operator.py took 0.026 seconds
[2026-05-16T11:32:36.946+0000] {processor.py:161} INFO - Started process (PID=9225) to work on /home/airflow/.local/lib/python3.12/site-packages/airflow/example_dags/example_python_operator.py
[2026-05-16T11:32:36.947+0000] {processor.py:830} INFO - Processing file /home/airflow/.local/lib/python3.12/site-packages/airflow/example_dags/example_python_operator.py for tasks to queue
[2026-05-16T11:32:36.947+0000] {logging_mixin.py:188} INFO - [2026-05-16T11:32:36.947+0000] {dagbag.py:545} INFO - Filling up the DagBag from /home/airflow/.local/lib/python3.12/site-packages/airflow/example_dags/example_python_operator.py
[2026-05-16T11:32:36.951+0000] {processor.py:840} INFO - DAG(s) 'example_python_operator' retrieved from /home/airflow/.local/lib/python3.12/site-packages/airflow/example_dags/example_python_operator.py
[2026-05-16T11:32:36.958+0000] {logging_mixin.py:188} INFO - [2026-05-16T11:32:36.958+0000] {dag.py:3089} INFO - Sync 1 DAGs
[2026-05-16T11:32:36.962+0000] {logging_mixin.py:188} INFO - [2026-05-16T11:32:36.962+0000] {dag.py:3947} INFO - Setting next_dagrun for example_python_operator to None, run_after=None
[2026-05-16T11:32:36.967+0000] {processor.py:183} INFO - Processing /home/airflow/.local/lib/python3.12/site-packages/airflow/example_dags/example_python_operator.py took 0.022 seconds
[2026-05-16T11:33:07.609+0000] {processor.py:161} INFO - Started process (PID=9287) to work on /home/airflow/.local/lib/python3.12/site-packages/airflow/example_dags/example_python_operator.py
[2026-05-16T11:33:07.609+0000] {processor.py:830} INFO - Processing file /home/airflow/.local/lib/python3.12/site-packages/airflow/example_dags/example_python_operator.py for tasks to queue
[2026-05-16T11:33:07.609+0000] {logging_mixin.py:188} INFO - [2026-05-16T11:33:07.609+0000] {dagbag.py:545} INFO - Filling up the DagBag from /home/airflow/.local/lib/python3.12/site-packages/airflow/example_dags/example_python_operator.py
[2026-05-16T11:33:07.614+0000] {processor.py:840} INFO - DAG(s) 'example_python_operator' retrieved from /home/airflow/.local/lib/python3.12/site-packages/airflow/example_dags/example_python_operator.py
[2026-05-16T11:33:07.621+0000] {logging_mixin.py:188} INFO - [2026-05-16T11:33:07.621+0000] {dag.py:3089} INFO - Sync 1 DAGs
[2026-05-16T11:33:07.625+0000] {logging_mixin.py:188} INFO - [2026-05-16T11:33:07.625+0000] {dag.py:3947} INFO - Setting next_dagrun for example_python_operator to None, run_after=None
[2026-05-16T11:33:07.629+0000] {processor.py:183} INFO - Processing /home/airflow/.local/lib/python3.12/site-packages/airflow/example_dags/example_python_operator.py took 0.023 seconds
[2026-05-16T11:33:38.242+0000] {processor.py:161} INFO - Started process (PID=9349) to work on /home/airflow/.local/lib/python3.12/site-packages/airflow/example_dags/example_python_operator.py
[2026-05-16T11:33:38.242+0000] {processor.py:830} INFO - Processing file /home/airflow/.local/lib/python3.12/site-packages/airflow/example_dags/example_python_operator.py for tasks to queue
[2026-05-16T11:33:38.243+0000] {logging_mixin.py:188} INFO - [2026-05-16T11:33:38.242+0000] {dagbag.py:545} INFO - Filling up the DagBag from /home/airflow/.local/lib/python3.12/site-packages/airflow/example_dags/example_python_operator.py
[2026-05-16T11:33:38.247+0000] {processor.py:840} INFO - DAG(s) 'example_python_operator' retrieved from /home/airflow/.local/lib/python3.12/site-packages/airflow/example_dags/example_python_operator.py
[2026-05-16T11:33:38.260+0000] {logging_mixin.py:188} INFO - [2026-05-16T11:33:38.259+0000] {dag.py:3089} INFO - Sync 1 DAGs
[2026-05-16T11:33:38.265+0000] {logging_mixin.py:188} INFO - [2026-05-16T11:33:38.265+0000] {dag.py:3947} INFO - Setting next_dagrun for example_python_operator to None, run_after=None
[2026-05-16T11:33:38.270+0000] {processor.py:183} INFO - Processing /home/airflow/.local/lib/python3.12/site-packages/airflow/example_dags/example_python_operator.py took 0.031 seconds
[2026-05-16T11:34:08.690+0000] {processor.py:161} INFO - Started process (PID=9417) to work on /home/airflow/.local/lib/python3.12/site-packages/airflow/example_dags/example_python_operator.py
[2026-05-16T11:34:08.690+0000] {processor.py:830} INFO - Processing file /home/airflow/.local/lib/python3.12/site-packages/airflow/example_dags/example_python_operator.py for tasks to queue
[2026-05-16T11:34:08.690+0000] {logging_mixin.py:188} INFO - [2026-05-16T11:34:08.690+0000] {dagbag.py:545} INFO - Filling up the DagBag from /home/airflow/.local/lib/python3.12/site-packages/airflow/example_dags/example_python_operator.py
[2026-05-16T11:34:08.694+0000] {processor.py:840} INFO - DAG(s) 'example_python_operator' retrieved from /home/airflow/.local/lib/python3.12/site-packages/airflow/example_dags/example_python_operator.py
[2026-05-16T11:34:08.701+0000] {logging_mixin.py:188} INFO - [2026-05-16T11:34:08.701+0000] {dag.py:3089} INFO - Sync 1 DAGs
[2026-05-16T11:34:08.706+0000] {logging_mixin.py:188} INFO - [2026-05-16T11:34:08.705+0000] {dag.py:3947} INFO - Setting next_dagrun for example_python_operator to None, run_after=None
[2026-05-16T11:34:08.710+0000] {processor.py:183} INFO - Processing /home/airflow/.local/lib/python3.12/site-packages/airflow/example_dags/example_python_operator.py took 0.023 seconds
[2026-05-16T11:34:39.217+0000] {processor.py:161} INFO - Started process (PID=9480) to work on /home/airflow/.local/lib/python3.12/site-packages/airflow/example_dags/example_python_operator.py
[2026-05-16T11:34:39.217+0000] {processor.py:830} INFO - Processing file /home/airflow/.local/lib/python3.12/site-packages/airflow/example_dags/example_python_operator.py for tasks to queue
[2026-05-16T11:34:39.218+0000] {logging_mixin.py:188} INFO - [2026-05-16T11:34:39.218+0000] {dagbag.py:545} INFO - Filling up the DagBag from /home/airflow/.local/lib/python3.12/site-packages/airflow/example_dags/example_python_operator.py
[2026-05-16T11:34:39.222+0000] {processor.py:840} INFO - DAG(s) 'example_python_operator' retrieved from /home/airflow/.local/lib/python3.12/site-packages/airflow/example_dags/example_python_operator.py
[2026-05-16T11:34:39.229+0000] {logging_mixin.py:188} INFO - [2026-05-16T11:34:39.229+0000] {dag.py:3089} INFO - Sync 1 DAGs
[2026-05-16T11:34:39.233+0000] {logging_mixin.py:188} INFO - [2026-05-16T11:34:39.233+0000] {dag.py:3947} INFO - Setting next_dagrun for example_python_operator to None, run_after=None
[2026-05-16T11:34:39.238+0000] {processor.py:183} INFO - Processing /home/airflow/.local/lib/python3.12/site-packages/airflow/example_dags/example_python_operator.py took 0.023 seconds
[2026-05-16T11:35:09.740+0000] {processor.py:161} INFO - Started process (PID=9542) to work on /home/airflow/.local/lib/python3.12/site-packages/airflow/example_dags/example_python_operator.py
[2026-05-16T11:35:09.740+0000] {processor.py:830} INFO - Processing file /home/airflow/.local/lib/python3.12/site-packages/airflow/example_dags/example_python_operator.py for tasks to queue
[2026-05-16T11:35:09.740+0000] {logging_mixin.py:188} INFO - [2026-05-16T11:35:09.740+0000] {dagbag.py:545} INFO - Filling up the DagBag from /home/airflow/.local/lib/python3.12/site-packages/airflow/example_dags/example_python_operator.py
[2026-05-16T11:35:09.745+0000] {processor.py:840} INFO - DAG(s) 'example_python_operator' retrieved from /home/airflow/.local/lib/python3.12/site-packages/airflow/example_dags/example_python_operator.py
[2026-05-16T11:35:09.752+0000] {logging_mixin.py:188} INFO - [2026-05-16T11:35:09.752+0000] {dag.py:3089} INFO - Sync 1 DAGs
[2026-05-16T11:35:09.757+0000] {logging_mixin.py:188} INFO - [2026-05-16T11:35:09.757+0000] {dag.py:3947} INFO - Setting next_dagrun for example_python_operator to None, run_after=None
[2026-05-16T11:35:09.761+0000] {processor.py:183} INFO - Processing /home/airflow/.local/lib/python3.12/site-packages/airflow/example_dags/example_python_operator.py took 0.025 seconds
[2026-05-16T11:35:40.315+0000] {processor.py:161} INFO - Started process (PID=9604) to work on /home/airflow/.local/lib/python3.12/site-packages/airflow/example_dags/example_python_operator.py
[2026-05-16T11:35:40.315+0000] {processor.py:830} INFO - Processing file /home/airflow/.local/lib/python3.12/site-packages/airflow/example_dags/example_python_operator.py for tasks to queue
[2026-05-16T11:35:40.316+0000] {logging_mixin.py:188} INFO - [2026-05-16T11:35:40.315+0000] {dagbag.py:545} INFO - Filling up the DagBag from /home/airflow/.local/lib/python3.12/site-packages/airflow/example_dags/example_python_operator.py
[2026-05-16T11:35:40.320+0000] {processor.py:840} INFO - DAG(s) 'example_python_operator' retrieved from /home/airflow/.local/lib/python3.12/site-packages/airflow/example_dags/example_python_operator.py
[2026-05-16T11:35:40.327+0000] {logging_mixin.py:188} INFO - [2026-05-16T11:35:40.327+0000] {dag.py:3089} INFO - Sync 1 DAGs
[2026-05-16T11:35:40.331+0000] {logging_mixin.py:188} INFO - [2026-05-16T11:35:40.331+0000] {dag.py:3947} INFO - Setting next_dagrun for example_python_operator to None, run_after=None
[2026-05-16T11:35:40.336+0000] {processor.py:183} INFO - Processing /home/airflow/.local/lib/python3.12/site-packages/airflow/example_dags/example_python_operator.py took 0.024 seconds
[2026-05-16T11:36:10.800+0000] {processor.py:161} INFO - Started process (PID=9666) to work on /home/airflow/.local/lib/python3.12/site-packages/airflow/example_dags/example_python_operator.py
[2026-05-16T11:36:10.800+0000] {processor.py:830} INFO - Processing file /home/airflow/.local/lib/python3.12/site-packages/airflow/example_dags/example_python_operator.py for tasks to queue
[2026-05-16T11:36:10.801+0000] {logging_mixin.py:188} INFO - [2026-05-16T11:36:10.800+0000] {dagbag.py:545} INFO - Filling up the DagBag from /home/airflow/.local/lib/python3.12/site-packages/airflow/example_dags/example_python_operator.py
[2026-05-16T11:36:10.805+0000] {processor.py:840} INFO - DAG(s) 'example_python_operator' retrieved from /home/airflow/.local/lib/python3.12/site-packages/airflow/example_dags/example_python_operator.py
[2026-05-16T11:36:10.815+0000] {logging_mixin.py:188} INFO - [2026-05-16T11:36:10.815+0000] {dag.py:3089} INFO - Sync 1 DAGs
[2026-05-16T11:36:10.819+0000] {logging_mixin.py:188} INFO - [2026-05-16T11:36:10.819+0000] {dag.py:3947} INFO - Setting next_dagrun for example_python_operator to None, run_after=None
[2026-05-16T11:36:10.825+0000] {processor.py:183} INFO - Processing /home/airflow/.local/lib/python3.12/site-packages/airflow/example_dags/example_python_operator.py took 0.028 seconds
[2026-05-16T11:36:41.433+0000] {processor.py:161} INFO - Started process (PID=9728) to work on /home/airflow/.local/lib/python3.12/site-packages/airflow/example_dags/example_python_operator.py
[2026-05-16T11:36:41.433+0000] {processor.py:830} INFO - Processing file /home/airflow/.local/lib/python3.12/site-packages/airflow/example_dags/example_python_operator.py for tasks to queue
[2026-05-16T11:36:41.434+0000] {logging_mixin.py:188} INFO - [2026-05-16T11:36:41.433+0000] {dagbag.py:545} INFO - Filling up the DagBag from /home/airflow/.local/lib/python3.12/site-packages/airflow/example_dags/example_python_operator.py
[2026-05-16T11:36:41.438+0000] {processor.py:840} INFO - DAG(s) 'example_python_operator' retrieved from /home/airflow/.local/lib/python3.12/site-packages/airflow/example_dags/example_python_operator.py
[2026-05-16T11:36:41.448+0000] {logging_mixin.py:188} INFO - [2026-05-16T11:36:41.448+0000] {dag.py:3089} INFO - Sync 1 DAGs
[2026-05-16T11:36:41.454+0000] {logging_mixin.py:188} INFO - [2026-05-16T11:36:41.454+0000] {dag.py:3947} INFO - Setting next_dagrun for example_python_operator to None, run_after=None
[2026-05-16T11:36:41.460+0000] {processor.py:183} INFO - Processing /home/airflow/.local/lib/python3.12/site-packages/airflow/example_dags/example_python_operator.py took 0.029 seconds
[2026-05-16T11:37:12.034+0000] {processor.py:161} INFO - Started process (PID=9790) to work on /home/airflow/.local/lib/python3.12/site-packages/airflow/example_dags/example_python_operator.py
[2026-05-16T11:37:12.034+0000] {processor.py:830} INFO - Processing file /home/airflow/.local/lib/python3.12/site-packages/airflow/example_dags/example_python_operator.py for tasks to queue
[2026-05-16T11:37:12.035+0000] {logging_mixin.py:188} INFO - [2026-05-16T11:37:12.035+0000] {dagbag.py:545} INFO - Filling up the DagBag from /home/airflow/.local/lib/python3.12/site-packages/airflow/example_dags/example_python_operator.py
[2026-05-16T11:37:12.039+0000] {processor.py:840} INFO - DAG(s) 'example_python_operator' retrieved from /home/airflow/.local/lib/python3.12/site-packages/airflow/example_dags/example_python_operator.py
[2026-05-16T11:37:12.046+0000] {logging_mixin.py:188} INFO - [2026-05-16T11:37:12.046+0000] {dag.py:3089} INFO - Sync 1 DAGs
[2026-05-16T11:37:12.050+0000] {logging_mixin.py:188} INFO - [2026-05-16T11:37:12.050+0000] {dag.py:3947} INFO - Setting next_dagrun for example_python_operator to None, run_after=None
[2026-05-16T11:37:12.055+0000] {processor.py:183} INFO - Processing /home/airflow/.local/lib/python3.12/site-packages/airflow/example_dags/example_python_operator.py took 0.024 seconds
[2026-05-16T11:37:42.773+0000] {processor.py:161} INFO - Started process (PID=9852) to work on /home/airflow/.local/lib/python3.12/site-packages/airflow/example_dags/example_python_operator.py
[2026-05-16T11:37:42.773+0000] {processor.py:830} INFO - Processing file /home/airflow/.local/lib/python3.12/site-packages/airflow/example_dags/example_python_operator.py for tasks to queue
[2026-05-16T11:37:42.773+0000] {logging_mixin.py:188} INFO - [2026-05-16T11:37:42.773+0000] {dagbag.py:545} INFO - Filling up the DagBag from /home/airflow/.local/lib/python3.12/site-packages/airflow/example_dags/example_python_operator.py
[2026-05-16T11:37:42.778+0000] {processor.py:840} INFO - DAG(s) 'example_python_operator' retrieved from /home/airflow/.local/lib/python3.12/site-packages/airflow/example_dags/example_python_operator.py
[2026-05-16T11:37:42.787+0000] {logging_mixin.py:188} INFO - [2026-05-16T11:37:42.787+0000] {dag.py:3089} INFO - Sync 1 DAGs
[2026-05-16T11:37:42.794+0000] {logging_mixin.py:188} INFO - [2026-05-16T11:37:42.793+0000] {dag.py:3947} INFO - Setting next_dagrun for example_python_operator to None, run_after=None
[2026-05-16T11:37:42.805+0000] {processor.py:183} INFO - Processing /home/airflow/.local/lib/python3.12/site-packages/airflow/example_dags/example_python_operator.py took 0.035 seconds
[2026-05-16T11:38:13.357+0000] {processor.py:161} INFO - Started process (PID=9914) to work on /home/airflow/.local/lib/python3.12/site-packages/airflow/example_dags/example_python_operator.py
[2026-05-16T11:38:13.358+0000] {processor.py:830} INFO - Processing file /home/airflow/.local/lib/python3.12/site-packages/airflow/example_dags/example_python_operator.py for tasks to queue
[2026-05-16T11:38:13.358+0000] {logging_mixin.py:188} INFO - [2026-05-16T11:38:13.358+0000] {dagbag.py:545} INFO - Filling up the DagBag from /home/airflow/.local/lib/python3.12/site-packages/airflow/example_dags/example_python_operator.py
[2026-05-16T11:38:13.371+0000] {processor.py:840} INFO - DAG(s) 'example_python_operator' retrieved from /home/airflow/.local/lib/python3.12/site-packages/airflow/example_dags/example_python_operator.py
[2026-05-16T11:38:13.390+0000] {logging_mixin.py:188} INFO - [2026-05-16T11:38:13.390+0000] {dag.py:3089} INFO - Sync 1 DAGs
[2026-05-16T11:38:13.400+0000] {logging_mixin.py:188} INFO - [2026-05-16T11:38:13.400+0000] {dag.py:3947} INFO - Setting next_dagrun for example_python_operator to None, run_after=None
[2026-05-16T11:38:13.413+0000] {processor.py:183} INFO - Processing /home/airflow/.local/lib/python3.12/site-packages/airflow/example_dags/example_python_operator.py took 0.060 seconds
[2026-05-16T11:38:44.102+0000] {processor.py:161} INFO - Started process (PID=9976) to work on /home/airflow/.local/lib/python3.12/site-packages/airflow/example_dags/example_python_operator.py
[2026-05-16T11:38:44.104+0000] {processor.py:830} INFO - Processing file /home/airflow/.local/lib/python3.12/site-packages/airflow/example_dags/example_python_operator.py for tasks to queue
[2026-05-16T11:38:44.104+0000] {logging_mixin.py:188} INFO - [2026-05-16T11:38:44.104+0000] {dagbag.py:545} INFO - Filling up the DagBag from /home/airflow/.local/lib/python3.12/site-packages/airflow/example_dags/example_python_operator.py
[2026-05-16T11:38:44.113+0000] {processor.py:840} INFO - DAG(s) 'example_python_operator' retrieved from /home/airflow/.local/lib/python3.12/site-packages/airflow/example_dags/example_python_operator.py
[2026-05-16T11:38:44.129+0000] {logging_mixin.py:188} INFO - [2026-05-16T11:38:44.129+0000] {dag.py:3089} INFO - Sync 1 DAGs
[2026-05-16T11:38:44.139+0000] {logging_mixin.py:188} INFO - [2026-05-16T11:38:44.139+0000] {dag.py:3947} INFO - Setting next_dagrun for example_python_operator to None, run_after=None
[2026-05-16T11:38:44.153+0000] {processor.py:183} INFO - Processing /home/airflow/.local/lib/python3.12/site-packages/airflow/example_dags/example_python_operator.py took 0.055 seconds
[2026-05-16T11:39:15.117+0000] {processor.py:161} INFO - Started process (PID=10038) to work on /home/airflow/.local/lib/python3.12/site-packages/airflow/example_dags/example_python_operator.py
[2026-05-16T11:39:15.117+0000] {processor.py:830} INFO - Processing file /home/airflow/.local/lib/python3.12/site-packages/airflow/example_dags/example_python_operator.py for tasks to queue
[2026-05-16T11:39:15.118+0000] {logging_mixin.py:188} INFO - [2026-05-16T11:39:15.117+0000] {dagbag.py:545} INFO - Filling up the DagBag from /home/airflow/.local/lib/python3.12/site-packages/airflow/example_dags/example_python_operator.py
[2026-05-16T11:39:15.122+0000] {processor.py:840} INFO - DAG(s) 'example_python_operator' retrieved from /home/airflow/.local/lib/python3.12/site-packages/airflow/example_dags/example_python_operator.py
[2026-05-16T11:39:15.134+0000] {logging_mixin.py:188} INFO - [2026-05-16T11:39:15.134+0000] {dag.py:3089} INFO - Sync 1 DAGs
[2026-05-16T11:39:15.140+0000] {logging_mixin.py:188} INFO - [2026-05-16T11:39:15.140+0000] {dag.py:3947} INFO - Setting next_dagrun for example_python_operator to None, run_after=None
[2026-05-16T11:39:15.146+0000] {processor.py:183} INFO - Processing /home/airflow/.local/lib/python3.12/site-packages/airflow/example_dags/example_python_operator.py took 0.031 seconds
[2026-05-16T11:39:45.800+0000] {processor.py:161} INFO - Started process (PID=10100) to work on /home/airflow/.local/lib/python3.12/site-packages/airflow/example_dags/example_python_operator.py
[2026-05-16T11:39:45.800+0000] {processor.py:830} INFO - Processing file /home/airflow/.local/lib/python3.12/site-packages/airflow/example_dags/example_python_operator.py for tasks to queue
[2026-05-16T11:39:45.800+0000] {logging_mixin.py:188} INFO - [2026-05-16T11:39:45.800+0000] {dagbag.py:545} INFO - Filling up the DagBag from /home/airflow/.local/lib/python3.12/site-packages/airflow/example_dags/example_python_operator.py
[2026-05-16T11:39:45.804+0000] {processor.py:840} INFO - DAG(s) 'example_python_operator' retrieved from /home/airflow/.local/lib/python3.12/site-packages/airflow/example_dags/example_python_operator.py
[2026-05-16T11:39:45.811+0000] {logging_mixin.py:188} INFO - [2026-05-16T11:39:45.811+0000] {dag.py:3089} INFO - Sync 1 DAGs
[2026-05-16T11:39:45.816+0000] {logging_mixin.py:188} INFO - [2026-05-16T11:39:45.816+0000] {dag.py:3947} INFO - Setting next_dagrun for example_python_operator to None, run_after=None
[2026-05-16T11:39:45.821+0000] {processor.py:183} INFO - Processing /home/airflow/.local/lib/python3.12/site-packages/airflow/example_dags/example_python_operator.py took 0.023 seconds
[2026-05-16T11:40:16.591+0000] {processor.py:161} INFO - Started process (PID=10162) to work on /home/airflow/.local/lib/python3.12/site-packages/airflow/example_dags/example_python_operator.py
[2026-05-16T11:40:16.591+0000] {processor.py:830} INFO - Processing file /home/airflow/.local/lib/python3.12/site-packages/airflow/example_dags/example_python_operator.py for tasks to queue
[2026-05-16T11:40:16.592+0000] {logging_mixin.py:188} INFO - [2026-05-16T11:40:16.591+0000] {dagbag.py:545} INFO - Filling up the DagBag from /home/airflow/.local/lib/python3.12/site-packages/airflow/example_dags/example_python_operator.py
[2026-05-16T11:40:16.596+0000] {processor.py:840} INFO - DAG(s) 'example_python_operator' retrieved from /home/airflow/.local/lib/python3.12/site-packages/airflow/example_dags/example_python_operator.py
[2026-05-16T11:40:16.603+0000] {logging_mixin.py:188} INFO - [2026-05-16T11:40:16.603+0000] {dag.py:3089} INFO - Sync 1 DAGs
[2026-05-16T11:40:16.607+0000] {logging_mixin.py:188} INFO - [2026-05-16T11:40:16.607+0000] {dag.py:3947} INFO - Setting next_dagrun for example_python_operator to None, run_after=None
[2026-05-16T11:40:16.612+0000] {processor.py:183} INFO - Processing /home/airflow/.local/lib/python3.12/site-packages/airflow/example_dags/example_python_operator.py took 0.023 seconds
[2026-05-16T11:40:47.328+0000] {processor.py:161} INFO - Started process (PID=10224) to work on /home/airflow/.local/lib/python3.12/site-packages/airflow/example_dags/example_python_operator.py
[2026-05-16T11:40:47.328+0000] {processor.py:830} INFO - Processing file /home/airflow/.local/lib/python3.12/site-packages/airflow/example_dags/example_python_operator.py for tasks to queue
[2026-05-16T11:40:47.328+0000] {logging_mixin.py:188} INFO - [2026-05-16T11:40:47.328+0000] {dagbag.py:545} INFO - Filling up the DagBag from /home/airflow/.local/lib/python3.12/site-packages/airflow/example_dags/example_python_operator.py
[2026-05-16T11:40:47.333+0000] {processor.py:840} INFO - DAG(s) 'example_python_operator' retrieved from /home/airflow/.local/lib/python3.12/site-packages/airflow/example_dags/example_python_operator.py
[2026-05-16T11:40:47.340+0000] {logging_mixin.py:188} INFO - [2026-05-16T11:40:47.340+0000] {dag.py:3089} INFO - Sync 1 DAGs
[2026-05-16T11:40:47.344+0000] {logging_mixin.py:188} INFO - [2026-05-16T11:40:47.344+0000] {dag.py:3947} INFO - Setting next_dagrun for example_python_operator to None, run_after=None
[2026-05-16T11:40:47.349+0000] {processor.py:183} INFO - Processing /home/airflow/.local/lib/python3.12/site-packages/airflow/example_dags/example_python_operator.py took 0.024 seconds
[2026-05-16T11:41:18.043+0000] {processor.py:161} INFO - Started process (PID=10286) to work on /home/airflow/.local/lib/python3.12/site-packages/airflow/example_dags/example_python_operator.py
[2026-05-16T11:41:18.043+0000] {processor.py:830} INFO - Processing file /home/airflow/.local/lib/python3.12/site-packages/airflow/example_dags/example_python_operator.py for tasks to queue
[2026-05-16T11:41:18.044+0000] {logging_mixin.py:188} INFO - [2026-05-16T11:41:18.044+0000] {dagbag.py:545} INFO - Filling up the DagBag from /home/airflow/.local/lib/python3.12/site-packages/airflow/example_dags/example_python_operator.py
[2026-05-16T11:41:18.048+0000] {processor.py:840} INFO - DAG(s) 'example_python_operator' retrieved from /home/airflow/.local/lib/python3.12/site-packages/airflow/example_dags/example_python_operator.py
[2026-05-16T11:41:18.056+0000] {logging_mixin.py:188} INFO - [2026-05-16T11:41:18.056+0000] {dag.py:3089} INFO - Sync 1 DAGs
[2026-05-16T11:41:18.060+0000] {logging_mixin.py:188} INFO - [2026-05-16T11:41:18.060+0000] {dag.py:3947} INFO - Setting next_dagrun for example_python_operator to None, run_after=None
[2026-05-16T11:41:18.066+0000] {processor.py:183} INFO - Processing /home/airflow/.local/lib/python3.12/site-packages/airflow/example_dags/example_python_operator.py took 0.025 seconds
[2026-05-16T11:41:48.717+0000] {processor.py:161} INFO - Started process (PID=10347) to work on /home/airflow/.local/lib/python3.12/site-packages/airflow/example_dags/example_python_operator.py
[2026-05-16T11:41:48.718+0000] {processor.py:830} INFO - Processing file /home/airflow/.local/lib/python3.12/site-packages/airflow/example_dags/example_python_operator.py for tasks to queue
[2026-05-16T11:41:48.719+0000] {logging_mixin.py:188} INFO - [2026-05-16T11:41:48.718+0000] {dagbag.py:545} INFO - Filling up the DagBag from /home/airflow/.local/lib/python3.12/site-packages/airflow/example_dags/example_python_operator.py
[2026-05-16T11:41:48.726+0000] {processor.py:840} INFO - DAG(s) 'example_python_operator' retrieved from /home/airflow/.local/lib/python3.12/site-packages/airflow/example_dags/example_python_operator.py
[2026-05-16T11:41:48.734+0000] {logging_mixin.py:188} INFO - [2026-05-16T11:41:48.734+0000] {dag.py:3089} INFO - Sync 1 DAGs
[2026-05-16T11:41:48.738+0000] {logging_mixin.py:188} INFO - [2026-05-16T11:41:48.738+0000] {dag.py:3947} INFO - Setting next_dagrun for example_python_operator to None, run_after=None
[2026-05-16T11:41:48.743+0000] {processor.py:183} INFO - Processing /home/airflow/.local/lib/python3.12/site-packages/airflow/example_dags/example_python_operator.py took 0.030 seconds
[2026-05-16T11:42:19.345+0000] {processor.py:161} INFO - Started process (PID=10409) to work on /home/airflow/.local/lib/python3.12/site-packages/airflow/example_dags/example_python_operator.py
[2026-05-16T11:42:19.346+0000] {processor.py:830} INFO - Processing file /home/airflow/.local/lib/python3.12/site-packages/airflow/example_dags/example_python_operator.py for tasks to queue
[2026-05-16T11:42:19.346+0000] {logging_mixin.py:188} INFO - [2026-05-16T11:42:19.346+0000] {dagbag.py:545} INFO - Filling up the DagBag from /home/airflow/.local/lib/python3.12/site-packages/airflow/example_dags/example_python_operator.py
[2026-05-16T11:42:19.351+0000] {processor.py:840} INFO - DAG(s) 'example_python_operator' retrieved from /home/airflow/.local/lib/python3.12/site-packages/airflow/example_dags/example_python_operator.py
[2026-05-16T11:42:19.358+0000] {logging_mixin.py:188} INFO - [2026-05-16T11:42:19.358+0000] {dag.py:3089} INFO - Sync 1 DAGs
[2026-05-16T11:42:19.362+0000] {logging_mixin.py:188} INFO - [2026-05-16T11:42:19.362+0000] {dag.py:3947} INFO - Setting next_dagrun for example_python_operator to None, run_after=None
[2026-05-16T11:42:19.367+0000] {processor.py:183} INFO - Processing /home/airflow/.local/lib/python3.12/site-packages/airflow/example_dags/example_python_operator.py took 0.024 seconds
[2026-05-16T11:42:49.917+0000] {processor.py:161} INFO - Started process (PID=10471) to work on /home/airflow/.local/lib/python3.12/site-packages/airflow/example_dags/example_python_operator.py
[2026-05-16T11:42:49.917+0000] {processor.py:830} INFO - Processing file /home/airflow/.local/lib/python3.12/site-packages/airflow/example_dags/example_python_operator.py for tasks to queue
[2026-05-16T11:42:49.918+0000] {logging_mixin.py:188} INFO - [2026-05-16T11:42:49.917+0000] {dagbag.py:545} INFO - Filling up the DagBag from /home/airflow/.local/lib/python3.12/site-packages/airflow/example_dags/example_python_operator.py
[2026-05-16T11:42:49.922+0000] {processor.py:840} INFO - DAG(s) 'example_python_operator' retrieved from /home/airflow/.local/lib/python3.12/site-packages/airflow/example_dags/example_python_operator.py
[2026-05-16T11:42:49.930+0000] {logging_mixin.py:188} INFO - [2026-05-16T11:42:49.930+0000] {dag.py:3089} INFO - Sync 1 DAGs
[2026-05-16T11:42:49.933+0000] {logging_mixin.py:188} INFO - [2026-05-16T11:42:49.933+0000] {dag.py:3947} INFO - Setting next_dagrun for example_python_operator to None, run_after=None
[2026-05-16T11:42:49.938+0000] {processor.py:183} INFO - Processing /home/airflow/.local/lib/python3.12/site-packages/airflow/example_dags/example_python_operator.py took 0.024 seconds
[2026-05-16T11:43:20.638+0000] {processor.py:161} INFO - Started process (PID=10533) to work on /home/airflow/.local/lib/python3.12/site-packages/airflow/example_dags/example_python_operator.py
[2026-05-16T11:43:20.639+0000] {processor.py:830} INFO - Processing file /home/airflow/.local/lib/python3.12/site-packages/airflow/example_dags/example_python_operator.py for tasks to queue
[2026-05-16T11:43:20.639+0000] {logging_mixin.py:188} INFO - [2026-05-16T11:43:20.639+0000] {dagbag.py:545} INFO - Filling up the DagBag from /home/airflow/.local/lib/python3.12/site-packages/airflow/example_dags/example_python_operator.py
[2026-05-16T11:43:20.645+0000] {processor.py:840} INFO - DAG(s) 'example_python_operator' retrieved from /home/airflow/.local/lib/python3.12/site-packages/airflow/example_dags/example_python_operator.py
[2026-05-16T11:43:20.657+0000] {logging_mixin.py:188} INFO - [2026-05-16T11:43:20.657+0000] {dag.py:3089} INFO - Sync 1 DAGs
[2026-05-16T11:43:20.667+0000] {logging_mixin.py:188} INFO - [2026-05-16T11:43:20.667+0000] {dag.py:3947} INFO - Setting next_dagrun for example_python_operator to None, run_after=None
[2026-05-16T11:43:20.674+0000] {processor.py:183} INFO - Processing /home/airflow/.local/lib/python3.12/site-packages/airflow/example_dags/example_python_operator.py took 0.038 seconds
[2026-05-16T11:43:51.371+0000] {processor.py:161} INFO - Started process (PID=10595) to work on /home/airflow/.local/lib/python3.12/site-packages/airflow/example_dags/example_python_operator.py
[2026-05-16T11:43:51.371+0000] {processor.py:830} INFO - Processing file /home/airflow/.local/lib/python3.12/site-packages/airflow/example_dags/example_python_operator.py for tasks to queue
[2026-05-16T11:43:51.372+0000] {logging_mixin.py:188} INFO - [2026-05-16T11:43:51.371+0000] {dagbag.py:545} INFO - Filling up the DagBag from /home/airflow/.local/lib/python3.12/site-packages/airflow/example_dags/example_python_operator.py
[2026-05-16T11:43:51.376+0000] {processor.py:840} INFO - DAG(s) 'example_python_operator' retrieved from /home/airflow/.local/lib/python3.12/site-packages/airflow/example_dags/example_python_operator.py
[2026-05-16T11:43:51.384+0000] {logging_mixin.py:188} INFO - [2026-05-16T11:43:51.384+0000] {dag.py:3089} INFO - Sync 1 DAGs
[2026-05-16T11:43:51.391+0000] {logging_mixin.py:188} INFO - [2026-05-16T11:43:51.391+0000] {dag.py:3947} INFO - Setting next_dagrun for example_python_operator to None, run_after=None
[2026-05-16T11:43:51.396+0000] {processor.py:183} INFO - Processing /home/airflow/.local/lib/python3.12/site-packages/airflow/example_dags/example_python_operator.py took 0.029 seconds
[2026-05-16T11:44:22.119+0000] {processor.py:161} INFO - Started process (PID=10657) to work on /home/airflow/.local/lib/python3.12/site-packages/airflow/example_dags/example_python_operator.py
[2026-05-16T11:44:22.119+0000] {processor.py:830} INFO - Processing file /home/airflow/.local/lib/python3.12/site-packages/airflow/example_dags/example_python_operator.py for tasks to queue
[2026-05-16T11:44:22.120+0000] {logging_mixin.py:188} INFO - [2026-05-16T11:44:22.120+0000] {dagbag.py:545} INFO - Filling up the DagBag from /home/airflow/.local/lib/python3.12/site-packages/airflow/example_dags/example_python_operator.py
[2026-05-16T11:44:22.130+0000] {processor.py:840} INFO - DAG(s) 'example_python_operator' retrieved from /home/airflow/.local/lib/python3.12/site-packages/airflow/example_dags/example_python_operator.py
[2026-05-16T11:44:22.145+0000] {logging_mixin.py:188} INFO - [2026-05-16T11:44:22.145+0000] {dag.py:3089} INFO - Sync 1 DAGs
[2026-05-16T11:44:22.150+0000] {logging_mixin.py:188} INFO - [2026-05-16T11:44:22.150+0000] {dag.py:3947} INFO - Setting next_dagrun for example_python_operator to None, run_after=None
[2026-05-16T11:44:22.165+0000] {processor.py:183} INFO - Processing /home/airflow/.local/lib/python3.12/site-packages/airflow/example_dags/example_python_operator.py took 0.053 seconds
[2026-05-16T11:44:52.900+0000] {processor.py:161} INFO - Started process (PID=10719) to work on /home/airflow/.local/lib/python3.12/site-packages/airflow/example_dags/example_python_operator.py
[2026-05-16T11:44:52.904+0000] {processor.py:830} INFO - Processing file /home/airflow/.local/lib/python3.12/site-packages/airflow/example_dags/example_python_operator.py for tasks to queue
[2026-05-16T11:44:52.904+0000] {logging_mixin.py:188} INFO - [2026-05-16T11:44:52.904+0000] {dagbag.py:545} INFO - Filling up the DagBag from /home/airflow/.local/lib/python3.12/site-packages/airflow/example_dags/example_python_operator.py
[2026-05-16T11:44:52.909+0000] {processor.py:840} INFO - DAG(s) 'example_python_operator' retrieved from /home/airflow/.local/lib/python3.12/site-packages/airflow/example_dags/example_python_operator.py
[2026-05-16T11:44:52.927+0000] {logging_mixin.py:188} INFO - [2026-05-16T11:44:52.927+0000] {dag.py:3089} INFO - Sync 1 DAGs
[2026-05-16T11:44:52.935+0000] {logging_mixin.py:188} INFO - [2026-05-16T11:44:52.935+0000] {dag.py:3947} INFO - Setting next_dagrun for example_python_operator to None, run_after=None
[2026-05-16T11:44:52.945+0000] {processor.py:183} INFO - Processing /home/airflow/.local/lib/python3.12/site-packages/airflow/example_dags/example_python_operator.py took 0.048 seconds
[2026-05-16T11:45:23.473+0000] {processor.py:161} INFO - Started process (PID=10781) to work on /home/airflow/.local/lib/python3.12/site-packages/airflow/example_dags/example_python_operator.py
[2026-05-16T11:45:23.473+0000] {processor.py:830} INFO - Processing file /home/airflow/.local/lib/python3.12/site-packages/airflow/example_dags/example_python_operator.py for tasks to queue
[2026-05-16T11:45:23.473+0000] {logging_mixin.py:188} INFO - [2026-05-16T11:45:23.473+0000] {dagbag.py:545} INFO - Filling up the DagBag from /home/airflow/.local/lib/python3.12/site-packages/airflow/example_dags/example_python_operator.py
[2026-05-16T11:45:23.477+0000] {processor.py:840} INFO - DAG(s) 'example_python_operator' retrieved from /home/airflow/.local/lib/python3.12/site-packages/airflow/example_dags/example_python_operator.py
[2026-05-16T11:45:23.489+0000] {logging_mixin.py:188} INFO - [2026-05-16T11:45:23.489+0000] {dag.py:3089} INFO - Sync 1 DAGs
[2026-05-16T11:45:23.492+0000] {logging_mixin.py:188} INFO - [2026-05-16T11:45:23.492+0000] {dag.py:3947} INFO - Setting next_dagrun for example_python_operator to None, run_after=None
[2026-05-16T11:45:23.497+0000] {processor.py:183} INFO - Processing /home/airflow/.local/lib/python3.12/site-packages/airflow/example_dags/example_python_operator.py took 0.027 seconds
[2026-05-16T11:45:54.166+0000] {processor.py:161} INFO - Started process (PID=10843) to work on /home/airflow/.local/lib/python3.12/site-packages/airflow/example_dags/example_python_operator.py
[2026-05-16T11:45:54.167+0000] {processor.py:830} INFO - Processing file /home/airflow/.local/lib/python3.12/site-packages/airflow/example_dags/example_python_operator.py for tasks to queue
[2026-05-16T11:45:54.168+0000] {logging_mixin.py:188} INFO - [2026-05-16T11:45:54.168+0000] {dagbag.py:545} INFO - Filling up the DagBag from /home/airflow/.local/lib/python3.12/site-packages/airflow/example_dags/example_python_operator.py
[2026-05-16T11:45:54.172+0000] {processor.py:840} INFO - DAG(s) 'example_python_operator' retrieved from /home/airflow/.local/lib/python3.12/site-packages/airflow/example_dags/example_python_operator.py
[2026-05-16T11:45:54.181+0000] {logging_mixin.py:188} INFO - [2026-05-16T11:45:54.181+0000] {dag.py:3089} INFO - Sync 1 DAGs
[2026-05-16T11:45:54.186+0000] {logging_mixin.py:188} INFO - [2026-05-16T11:45:54.186+0000] {dag.py:3947} INFO - Setting next_dagrun for example_python_operator to None, run_after=None
[2026-05-16T11:45:54.190+0000] {processor.py:183} INFO - Processing /home/airflow/.local/lib/python3.12/site-packages/airflow/example_dags/example_python_operator.py took 0.027 seconds
[2026-05-16T11:46:25.092+0000] {processor.py:161} INFO - Started process (PID=10905) to work on /home/airflow/.local/lib/python3.12/site-packages/airflow/example_dags/example_python_operator.py
[2026-05-16T11:46:25.092+0000] {processor.py:830} INFO - Processing file /home/airflow/.local/lib/python3.12/site-packages/airflow/example_dags/example_python_operator.py for tasks to queue
[2026-05-16T11:46:25.092+0000] {logging_mixin.py:188} INFO - [2026-05-16T11:46:25.092+0000] {dagbag.py:545} INFO - Filling up the DagBag from /home/airflow/.local/lib/python3.12/site-packages/airflow/example_dags/example_python_operator.py
[2026-05-16T11:46:25.097+0000] {processor.py:840} INFO - DAG(s) 'example_python_operator' retrieved from /home/airflow/.local/lib/python3.12/site-packages/airflow/example_dags/example_python_operator.py
[2026-05-16T11:46:25.104+0000] {logging_mixin.py:188} INFO - [2026-05-16T11:46:25.104+0000] {dag.py:3089} INFO - Sync 1 DAGs
[2026-05-16T11:46:25.108+0000] {logging_mixin.py:188} INFO - [2026-05-16T11:46:25.108+0000] {dag.py:3947} INFO - Setting next_dagrun for example_python_operator to None, run_after=None
[2026-05-16T11:46:25.113+0000] {processor.py:183} INFO - Processing /home/airflow/.local/lib/python3.12/site-packages/airflow/example_dags/example_python_operator.py took 0.023 seconds
[2026-05-16T11:46:55.254+0000] {processor.py:161} INFO - Started process (PID=10967) to work on /home/airflow/.local/lib/python3.12/site-packages/airflow/example_dags/example_python_operator.py
[2026-05-16T11:46:55.254+0000] {processor.py:830} INFO - Processing file /home/airflow/.local/lib/python3.12/site-packages/airflow/example_dags/example_python_operator.py for tasks to queue
[2026-05-16T11:46:55.255+0000] {logging_mixin.py:188} INFO - [2026-05-16T11:46:55.255+0000] {dagbag.py:545} INFO - Filling up the DagBag from /home/airflow/.local/lib/python3.12/site-packages/airflow/example_dags/example_python_operator.py
[2026-05-16T11:46:55.259+0000] {processor.py:840} INFO - DAG(s) 'example_python_operator' retrieved from /home/airflow/.local/lib/python3.12/site-packages/airflow/example_dags/example_python_operator.py
[2026-05-16T11:46:55.267+0000] {logging_mixin.py:188} INFO - [2026-05-16T11:46:55.267+0000] {dag.py:3089} INFO - Sync 1 DAGs
[2026-05-16T11:46:55.272+0000] {logging_mixin.py:188} INFO - [2026-05-16T11:46:55.271+0000] {dag.py:3947} INFO - Setting next_dagrun for example_python_operator to None, run_after=None
[2026-05-16T11:46:55.277+0000] {processor.py:183} INFO - Processing /home/airflow/.local/lib/python3.12/site-packages/airflow/example_dags/example_python_operator.py took 0.026 seconds
[2026-05-16T11:47:26.220+0000] {processor.py:161} INFO - Started process (PID=11029) to work on /home/airflow/.local/lib/python3.12/site-packages/airflow/example_dags/example_python_operator.py
[2026-05-16T11:47:26.220+0000] {processor.py:830} INFO - Processing file /home/airflow/.local/lib/python3.12/site-packages/airflow/example_dags/example_python_operator.py for tasks to queue
[2026-05-16T11:47:26.221+0000] {logging_mixin.py:188} INFO - [2026-05-16T11:47:26.221+0000] {dagbag.py:545} INFO - Filling up the DagBag from /home/airflow/.local/lib/python3.12/site-packages/airflow/example_dags/example_python_operator.py
[2026-05-16T11:47:26.225+0000] {processor.py:840} INFO - DAG(s) 'example_python_operator' retrieved from /home/airflow/.local/lib/python3.12/site-packages/airflow/example_dags/example_python_operator.py
[2026-05-16T11:47:26.232+0000] {logging_mixin.py:188} INFO - [2026-05-16T11:47:26.232+0000] {dag.py:3089} INFO - Sync 1 DAGs
[2026-05-16T11:47:26.236+0000] {logging_mixin.py:188} INFO - [2026-05-16T11:47:26.236+0000] {dag.py:3947} INFO - Setting next_dagrun for example_python_operator to None, run_after=None
[2026-05-16T11:47:26.240+0000] {processor.py:183} INFO - Processing /home/airflow/.local/lib/python3.12/site-packages/airflow/example_dags/example_python_operator.py took 0.023 seconds
[2026-05-16T11:47:56.724+0000] {processor.py:161} INFO - Started process (PID=11091) to work on /home/airflow/.local/lib/python3.12/site-packages/airflow/example_dags/example_python_operator.py
[2026-05-16T11:47:56.725+0000] {processor.py:830} INFO - Processing file /home/airflow/.local/lib/python3.12/site-packages/airflow/example_dags/example_python_operator.py for tasks to queue
[2026-05-16T11:47:56.725+0000] {logging_mixin.py:188} INFO - [2026-05-16T11:47:56.725+0000] {dagbag.py:545} INFO - Filling up the DagBag from /home/airflow/.local/lib/python3.12/site-packages/airflow/example_dags/example_python_operator.py
[2026-05-16T11:47:56.731+0000] {processor.py:840} INFO - DAG(s) 'example_python_operator' retrieved from /home/airflow/.local/lib/python3.12/site-packages/airflow/example_dags/example_python_operator.py
[2026-05-16T11:47:56.741+0000] {logging_mixin.py:188} INFO - [2026-05-16T11:47:56.741+0000] {dag.py:3089} INFO - Sync 1 DAGs
[2026-05-16T11:47:56.744+0000] {logging_mixin.py:188} INFO - [2026-05-16T11:47:56.744+0000] {dag.py:3947} INFO - Setting next_dagrun for example_python_operator to None, run_after=None
[2026-05-16T11:47:56.749+0000] {processor.py:183} INFO - Processing /home/airflow/.local/lib/python3.12/site-packages/airflow/example_dags/example_python_operator.py took 0.027 seconds
[2026-05-16T11:48:27.244+0000] {processor.py:161} INFO - Started process (PID=11153) to work on /home/airflow/.local/lib/python3.12/site-packages/airflow/example_dags/example_python_operator.py
[2026-05-16T11:48:27.245+0000] {processor.py:830} INFO - Processing file /home/airflow/.local/lib/python3.12/site-packages/airflow/example_dags/example_python_operator.py for tasks to queue
[2026-05-16T11:48:27.245+0000] {logging_mixin.py:188} INFO - [2026-05-16T11:48:27.245+0000] {dagbag.py:545} INFO - Filling up the DagBag from /home/airflow/.local/lib/python3.12/site-packages/airflow/example_dags/example_python_operator.py
[2026-05-16T11:48:27.250+0000] {processor.py:840} INFO - DAG(s) 'example_python_operator' retrieved from /home/airflow/.local/lib/python3.12/site-packages/airflow/example_dags/example_python_operator.py
[2026-05-16T11:48:27.258+0000] {logging_mixin.py:188} INFO - [2026-05-16T11:48:27.258+0000] {dag.py:3089} INFO - Sync 1 DAGs
[2026-05-16T11:48:27.262+0000] {logging_mixin.py:188} INFO - [2026-05-16T11:48:27.262+0000] {dag.py:3947} INFO - Setting next_dagrun for example_python_operator to None, run_after=None
[2026-05-16T11:48:27.268+0000] {processor.py:183} INFO - Processing /home/airflow/.local/lib/python3.12/site-packages/airflow/example_dags/example_python_operator.py took 0.026 seconds
[2026-05-16T11:48:57.769+0000] {processor.py:161} INFO - Started process (PID=11215) to work on /home/airflow/.local/lib/python3.12/site-packages/airflow/example_dags/example_python_operator.py
[2026-05-16T11:48:57.770+0000] {processor.py:830} INFO - Processing file /home/airflow/.local/lib/python3.12/site-packages/airflow/example_dags/example_python_operator.py for tasks to queue
[2026-05-16T11:48:57.771+0000] {logging_mixin.py:188} INFO - [2026-05-16T11:48:57.770+0000] {dagbag.py:545} INFO - Filling up the DagBag from /home/airflow/.local/lib/python3.12/site-packages/airflow/example_dags/example_python_operator.py
[2026-05-16T11:48:57.779+0000] {processor.py:840} INFO - DAG(s) 'example_python_operator' retrieved from /home/airflow/.local/lib/python3.12/site-packages/airflow/example_dags/example_python_operator.py
[2026-05-16T11:48:57.798+0000] {logging_mixin.py:188} INFO - [2026-05-16T11:48:57.798+0000] {dag.py:3089} INFO - Sync 1 DAGs
[2026-05-16T11:48:57.806+0000] {logging_mixin.py:188} INFO - [2026-05-16T11:48:57.806+0000] {dag.py:3947} INFO - Setting next_dagrun for example_python_operator to None, run_after=None
[2026-05-16T11:48:57.813+0000] {processor.py:183} INFO - Processing /home/airflow/.local/lib/python3.12/site-packages/airflow/example_dags/example_python_operator.py took 0.048 seconds
[2026-05-16T11:49:28.752+0000] {processor.py:161} INFO - Started process (PID=11277) to work on /home/airflow/.local/lib/python3.12/site-packages/airflow/example_dags/example_python_operator.py
[2026-05-16T11:49:28.755+0000] {processor.py:830} INFO - Processing file /home/airflow/.local/lib/python3.12/site-packages/airflow/example_dags/example_python_operator.py for tasks to queue
[2026-05-16T11:49:28.755+0000] {logging_mixin.py:188} INFO - [2026-05-16T11:49:28.755+0000] {dagbag.py:545} INFO - Filling up the DagBag from /home/airflow/.local/lib/python3.12/site-packages/airflow/example_dags/example_python_operator.py
[2026-05-16T11:49:28.764+0000] {processor.py:840} INFO - DAG(s) 'example_python_operator' retrieved from /home/airflow/.local/lib/python3.12/site-packages/airflow/example_dags/example_python_operator.py
[2026-05-16T11:49:28.783+0000] {logging_mixin.py:188} INFO - [2026-05-16T11:49:28.783+0000] {dag.py:3089} INFO - Sync 1 DAGs
[2026-05-16T11:49:28.791+0000] {logging_mixin.py:188} INFO - [2026-05-16T11:49:28.791+0000] {dag.py:3947} INFO - Setting next_dagrun for example_python_operator to None, run_after=None
[2026-05-16T11:49:28.807+0000] {processor.py:183} INFO - Processing /home/airflow/.local/lib/python3.12/site-packages/airflow/example_dags/example_python_operator.py took 0.060 seconds
[2026-05-16T11:49:59.777+0000] {processor.py:161} INFO - Started process (PID=11339) to work on /home/airflow/.local/lib/python3.12/site-packages/airflow/example_dags/example_python_operator.py
[2026-05-16T11:49:59.778+0000] {processor.py:830} INFO - Processing file /home/airflow/.local/lib/python3.12/site-packages/airflow/example_dags/example_python_operator.py for tasks to queue
[2026-05-16T11:49:59.778+0000] {logging_mixin.py:188} INFO - [2026-05-16T11:49:59.778+0000] {dagbag.py:545} INFO - Filling up the DagBag from /home/airflow/.local/lib/python3.12/site-packages/airflow/example_dags/example_python_operator.py
[2026-05-16T11:49:59.783+0000] {processor.py:840} INFO - DAG(s) 'example_python_operator' retrieved from /home/airflow/.local/lib/python3.12/site-packages/airflow/example_dags/example_python_operator.py
[2026-05-16T11:49:59.793+0000] {logging_mixin.py:188} INFO - [2026-05-16T11:49:59.793+0000] {dag.py:3089} INFO - Sync 1 DAGs
[2026-05-16T11:49:59.799+0000] {logging_mixin.py:188} INFO - [2026-05-16T11:49:59.799+0000] {dag.py:3947} INFO - Setting next_dagrun for example_python_operator to None, run_after=None
[2026-05-16T11:49:59.804+0000] {processor.py:183} INFO - Processing /home/airflow/.local/lib/python3.12/site-packages/airflow/example_dags/example_python_operator.py took 0.029 seconds
[2026-05-16T11:50:29.945+0000] {processor.py:161} INFO - Started process (PID=11401) to work on /home/airflow/.local/lib/python3.12/site-packages/airflow/example_dags/example_python_operator.py
[2026-05-16T11:50:29.946+0000] {processor.py:830} INFO - Processing file /home/airflow/.local/lib/python3.12/site-packages/airflow/example_dags/example_python_operator.py for tasks to queue
[2026-05-16T11:50:29.946+0000] {logging_mixin.py:188} INFO - [2026-05-16T11:50:29.946+0000] {dagbag.py:545} INFO - Filling up the DagBag from /home/airflow/.local/lib/python3.12/site-packages/airflow/example_dags/example_python_operator.py
[2026-05-16T11:50:29.950+0000] {processor.py:840} INFO - DAG(s) 'example_python_operator' retrieved from /home/airflow/.local/lib/python3.12/site-packages/airflow/example_dags/example_python_operator.py
[2026-05-16T11:50:29.959+0000] {logging_mixin.py:188} INFO - [2026-05-16T11:50:29.959+0000] {dag.py:3089} INFO - Sync 1 DAGs
[2026-05-16T11:50:29.963+0000] {logging_mixin.py:188} INFO - [2026-05-16T11:50:29.963+0000] {dag.py:3947} INFO - Setting next_dagrun for example_python_operator to None, run_after=None
[2026-05-16T11:50:29.968+0000] {processor.py:183} INFO - Processing /home/airflow/.local/lib/python3.12/site-packages/airflow/example_dags/example_python_operator.py took 0.025 seconds
[2026-05-16T11:51:00.396+0000] {processor.py:161} INFO - Started process (PID=11463) to work on /home/airflow/.local/lib/python3.12/site-packages/airflow/example_dags/example_python_operator.py
[2026-05-16T11:51:00.396+0000] {processor.py:830} INFO - Processing file /home/airflow/.local/lib/python3.12/site-packages/airflow/example_dags/example_python_operator.py for tasks to queue
[2026-05-16T11:51:00.397+0000] {logging_mixin.py:188} INFO - [2026-05-16T11:51:00.397+0000] {dagbag.py:545} INFO - Filling up the DagBag from /home/airflow/.local/lib/python3.12/site-packages/airflow/example_dags/example_python_operator.py
[2026-05-16T11:51:00.401+0000] {processor.py:840} INFO - DAG(s) 'example_python_operator' retrieved from /home/airflow/.local/lib/python3.12/site-packages/airflow/example_dags/example_python_operator.py
[2026-05-16T11:51:00.410+0000] {logging_mixin.py:188} INFO - [2026-05-16T11:51:00.410+0000] {dag.py:3089} INFO - Sync 1 DAGs
[2026-05-16T11:51:00.416+0000] {logging_mixin.py:188} INFO - [2026-05-16T11:51:00.416+0000] {dag.py:3947} INFO - Setting next_dagrun for example_python_operator to None, run_after=None
[2026-05-16T11:51:00.422+0000] {processor.py:183} INFO - Processing /home/airflow/.local/lib/python3.12/site-packages/airflow/example_dags/example_python_operator.py took 0.031 seconds
[2026-05-16T11:51:30.854+0000] {processor.py:161} INFO - Started process (PID=11525) to work on /home/airflow/.local/lib/python3.12/site-packages/airflow/example_dags/example_python_operator.py
[2026-05-16T11:51:30.855+0000] {processor.py:830} INFO - Processing file /home/airflow/.local/lib/python3.12/site-packages/airflow/example_dags/example_python_operator.py for tasks to queue
[2026-05-16T11:51:30.855+0000] {logging_mixin.py:188} INFO - [2026-05-16T11:51:30.855+0000] {dagbag.py:545} INFO - Filling up the DagBag from /home/airflow/.local/lib/python3.12/site-packages/airflow/example_dags/example_python_operator.py
[2026-05-16T11:51:30.861+0000] {processor.py:840} INFO - DAG(s) 'example_python_operator' retrieved from /home/airflow/.local/lib/python3.12/site-packages/airflow/example_dags/example_python_operator.py
[2026-05-16T11:51:30.869+0000] {logging_mixin.py:188} INFO - [2026-05-16T11:51:30.869+0000] {dag.py:3089} INFO - Sync 1 DAGs
[2026-05-16T11:51:30.873+0000] {logging_mixin.py:188} INFO - [2026-05-16T11:51:30.873+0000] {dag.py:3947} INFO - Setting next_dagrun for example_python_operator to None, run_after=None
[2026-05-16T11:51:30.878+0000] {processor.py:183} INFO - Processing /home/airflow/.local/lib/python3.12/site-packages/airflow/example_dags/example_python_operator.py took 0.026 seconds
[2026-05-16T11:52:01.323+0000] {processor.py:161} INFO - Started process (PID=11587) to work on /home/airflow/.local/lib/python3.12/site-packages/airflow/example_dags/example_python_operator.py
[2026-05-16T11:52:01.323+0000] {processor.py:830} INFO - Processing file /home/airflow/.local/lib/python3.12/site-packages/airflow/example_dags/example_python_operator.py for tasks to queue
[2026-05-16T11:52:01.323+0000] {logging_mixin.py:188} INFO - [2026-05-16T11:52:01.323+0000] {dagbag.py:545} INFO - Filling up the DagBag from /home/airflow/.local/lib/python3.12/site-packages/airflow/example_dags/example_python_operator.py
[2026-05-16T11:52:01.328+0000] {processor.py:840} INFO - DAG(s) 'example_python_operator' retrieved from /home/airflow/.local/lib/python3.12/site-packages/airflow/example_dags/example_python_operator.py
[2026-05-16T11:52:01.336+0000] {logging_mixin.py:188} INFO - [2026-05-16T11:52:01.336+0000] {dag.py:3089} INFO - Sync 1 DAGs
[2026-05-16T11:52:01.340+0000] {logging_mixin.py:188} INFO - [2026-05-16T11:52:01.340+0000] {dag.py:3947} INFO - Setting next_dagrun for example_python_operator to None, run_after=None
[2026-05-16T11:52:01.345+0000] {processor.py:183} INFO - Processing /home/airflow/.local/lib/python3.12/site-packages/airflow/example_dags/example_python_operator.py took 0.024 seconds
[2026-05-16T11:52:31.961+0000] {processor.py:161} INFO - Started process (PID=11649) to work on /home/airflow/.local/lib/python3.12/site-packages/airflow/example_dags/example_python_operator.py
[2026-05-16T11:52:31.961+0000] {processor.py:830} INFO - Processing file /home/airflow/.local/lib/python3.12/site-packages/airflow/example_dags/example_python_operator.py for tasks to queue
[2026-05-16T11:52:31.962+0000] {logging_mixin.py:188} INFO - [2026-05-16T11:52:31.962+0000] {dagbag.py:545} INFO - Filling up the DagBag from /home/airflow/.local/lib/python3.12/site-packages/airflow/example_dags/example_python_operator.py
[2026-05-16T11:52:31.966+0000] {processor.py:840} INFO - DAG(s) 'example_python_operator' retrieved from /home/airflow/.local/lib/python3.12/site-packages/airflow/example_dags/example_python_operator.py
[2026-05-16T11:52:31.975+0000] {logging_mixin.py:188} INFO - [2026-05-16T11:52:31.975+0000] {dag.py:3089} INFO - Sync 1 DAGs
[2026-05-16T11:52:31.979+0000] {logging_mixin.py:188} INFO - [2026-05-16T11:52:31.979+0000] {dag.py:3947} INFO - Setting next_dagrun for example_python_operator to None, run_after=None
[2026-05-16T11:52:31.985+0000] {processor.py:183} INFO - Processing /home/airflow/.local/lib/python3.12/site-packages/airflow/example_dags/example_python_operator.py took 0.026 seconds
[2026-05-16T11:53:02.599+0000] {processor.py:161} INFO - Started process (PID=11711) to work on /home/airflow/.local/lib/python3.12/site-packages/airflow/example_dags/example_python_operator.py
[2026-05-16T11:53:02.600+0000] {processor.py:830} INFO - Processing file /home/airflow/.local/lib/python3.12/site-packages/airflow/example_dags/example_python_operator.py for tasks to queue
[2026-05-16T11:53:02.600+0000] {logging_mixin.py:188} INFO - [2026-05-16T11:53:02.600+0000] {dagbag.py:545} INFO - Filling up the DagBag from /home/airflow/.local/lib/python3.12/site-packages/airflow/example_dags/example_python_operator.py
[2026-05-16T11:53:02.604+0000] {processor.py:840} INFO - DAG(s) 'example_python_operator' retrieved from /home/airflow/.local/lib/python3.12/site-packages/airflow/example_dags/example_python_operator.py
[2026-05-16T11:53:02.613+0000] {logging_mixin.py:188} INFO - [2026-05-16T11:53:02.613+0000] {dag.py:3089} INFO - Sync 1 DAGs
[2026-05-16T11:53:02.617+0000] {logging_mixin.py:188} INFO - [2026-05-16T11:53:02.617+0000] {dag.py:3947} INFO - Setting next_dagrun for example_python_operator to None, run_after=None
[2026-05-16T11:53:02.622+0000] {processor.py:183} INFO - Processing /home/airflow/.local/lib/python3.12/site-packages/airflow/example_dags/example_python_operator.py took 0.025 seconds
[2026-05-16T11:53:33.202+0000] {processor.py:161} INFO - Started process (PID=11773) to work on /home/airflow/.local/lib/python3.12/site-packages/airflow/example_dags/example_python_operator.py
[2026-05-16T11:53:33.203+0000] {processor.py:830} INFO - Processing file /home/airflow/.local/lib/python3.12/site-packages/airflow/example_dags/example_python_operator.py for tasks to queue
[2026-05-16T11:53:33.203+0000] {logging_mixin.py:188} INFO - [2026-05-16T11:53:33.203+0000] {dagbag.py:545} INFO - Filling up the DagBag from /home/airflow/.local/lib/python3.12/site-packages/airflow/example_dags/example_python_operator.py
[2026-05-16T11:53:33.208+0000] {processor.py:840} INFO - DAG(s) 'example_python_operator' retrieved from /home/airflow/.local/lib/python3.12/site-packages/airflow/example_dags/example_python_operator.py
[2026-05-16T11:53:33.216+0000] {logging_mixin.py:188} INFO - [2026-05-16T11:53:33.216+0000] {dag.py:3089} INFO - Sync 1 DAGs
[2026-05-16T11:53:33.220+0000] {logging_mixin.py:188} INFO - [2026-05-16T11:53:33.220+0000] {dag.py:3947} INFO - Setting next_dagrun for example_python_operator to None, run_after=None
[2026-05-16T11:53:33.225+0000] {processor.py:183} INFO - Processing /home/airflow/.local/lib/python3.12/site-packages/airflow/example_dags/example_python_operator.py took 0.027 seconds
[2026-05-16T11:54:03.788+0000] {processor.py:161} INFO - Started process (PID=11835) to work on /home/airflow/.local/lib/python3.12/site-packages/airflow/example_dags/example_python_operator.py
[2026-05-16T11:54:03.788+0000] {processor.py:830} INFO - Processing file /home/airflow/.local/lib/python3.12/site-packages/airflow/example_dags/example_python_operator.py for tasks to queue
[2026-05-16T11:54:03.788+0000] {logging_mixin.py:188} INFO - [2026-05-16T11:54:03.788+0000] {dagbag.py:545} INFO - Filling up the DagBag from /home/airflow/.local/lib/python3.12/site-packages/airflow/example_dags/example_python_operator.py
[2026-05-16T11:54:03.793+0000] {processor.py:840} INFO - DAG(s) 'example_python_operator' retrieved from /home/airflow/.local/lib/python3.12/site-packages/airflow/example_dags/example_python_operator.py
[2026-05-16T11:54:03.801+0000] {logging_mixin.py:188} INFO - [2026-05-16T11:54:03.801+0000] {dag.py:3089} INFO - Sync 1 DAGs
[2026-05-16T11:54:03.805+0000] {logging_mixin.py:188} INFO - [2026-05-16T11:54:03.805+0000] {dag.py:3947} INFO - Setting next_dagrun for example_python_operator to None, run_after=None
[2026-05-16T11:54:03.810+0000] {processor.py:183} INFO - Processing /home/airflow/.local/lib/python3.12/site-packages/airflow/example_dags/example_python_operator.py took 0.024 seconds
[2026-05-16T11:54:34.426+0000] {processor.py:161} INFO - Started process (PID=11897) to work on /home/airflow/.local/lib/python3.12/site-packages/airflow/example_dags/example_python_operator.py
[2026-05-16T11:54:34.426+0000] {processor.py:830} INFO - Processing file /home/airflow/.local/lib/python3.12/site-packages/airflow/example_dags/example_python_operator.py for tasks to queue
[2026-05-16T11:54:34.427+0000] {logging_mixin.py:188} INFO - [2026-05-16T11:54:34.427+0000] {dagbag.py:545} INFO - Filling up the DagBag from /home/airflow/.local/lib/python3.12/site-packages/airflow/example_dags/example_python_operator.py
[2026-05-16T11:54:34.432+0000] {processor.py:840} INFO - DAG(s) 'example_python_operator' retrieved from /home/airflow/.local/lib/python3.12/site-packages/airflow/example_dags/example_python_operator.py
[2026-05-16T11:54:34.441+0000] {logging_mixin.py:188} INFO - [2026-05-16T11:54:34.441+0000] {dag.py:3089} INFO - Sync 1 DAGs
[2026-05-16T11:54:34.446+0000] {logging_mixin.py:188} INFO - [2026-05-16T11:54:34.446+0000] {dag.py:3947} INFO - Setting next_dagrun for example_python_operator to None, run_after=None
[2026-05-16T11:54:34.452+0000] {processor.py:183} INFO - Processing /home/airflow/.local/lib/python3.12/site-packages/airflow/example_dags/example_python_operator.py took 0.029 seconds
[2026-05-16T11:55:04.974+0000] {processor.py:161} INFO - Started process (PID=11959) to work on /home/airflow/.local/lib/python3.12/site-packages/airflow/example_dags/example_python_operator.py
[2026-05-16T11:55:04.974+0000] {processor.py:830} INFO - Processing file /home/airflow/.local/lib/python3.12/site-packages/airflow/example_dags/example_python_operator.py for tasks to queue
[2026-05-16T11:55:04.975+0000] {logging_mixin.py:188} INFO - [2026-05-16T11:55:04.975+0000] {dagbag.py:545} INFO - Filling up the DagBag from /home/airflow/.local/lib/python3.12/site-packages/airflow/example_dags/example_python_operator.py
[2026-05-16T11:55:04.980+0000] {processor.py:840} INFO - DAG(s) 'example_python_operator' retrieved from /home/airflow/.local/lib/python3.12/site-packages/airflow/example_dags/example_python_operator.py
[2026-05-16T11:55:04.989+0000] {logging_mixin.py:188} INFO - [2026-05-16T11:55:04.989+0000] {dag.py:3089} INFO - Sync 1 DAGs
[2026-05-16T11:55:04.995+0000] {logging_mixin.py:188} INFO - [2026-05-16T11:55:04.995+0000] {dag.py:3947} INFO - Setting next_dagrun for example_python_operator to None, run_after=None
[2026-05-16T11:55:05.002+0000] {processor.py:183} INFO - Processing /home/airflow/.local/lib/python3.12/site-packages/airflow/example_dags/example_python_operator.py took 0.030 seconds
[2026-05-16T11:55:35.689+0000] {processor.py:161} INFO - Started process (PID=12021) to work on /home/airflow/.local/lib/python3.12/site-packages/airflow/example_dags/example_python_operator.py
[2026-05-16T11:55:35.689+0000] {processor.py:830} INFO - Processing file /home/airflow/.local/lib/python3.12/site-packages/airflow/example_dags/example_python_operator.py for tasks to queue
[2026-05-16T11:55:35.689+0000] {logging_mixin.py:188} INFO - [2026-05-16T11:55:35.689+0000] {dagbag.py:545} INFO - Filling up the DagBag from /home/airflow/.local/lib/python3.12/site-packages/airflow/example_dags/example_python_operator.py
[2026-05-16T11:55:35.694+0000] {processor.py:840} INFO - DAG(s) 'example_python_operator' retrieved from /home/airflow/.local/lib/python3.12/site-packages/airflow/example_dags/example_python_operator.py
[2026-05-16T11:55:35.701+0000] {logging_mixin.py:188} INFO - [2026-05-16T11:55:35.701+0000] {dag.py:3089} INFO - Sync 1 DAGs
[2026-05-16T11:55:35.705+0000] {logging_mixin.py:188} INFO - [2026-05-16T11:55:35.705+0000] {dag.py:3947} INFO - Setting next_dagrun for example_python_operator to None, run_after=None
[2026-05-16T11:55:35.710+0000] {processor.py:183} INFO - Processing /home/airflow/.local/lib/python3.12/site-packages/airflow/example_dags/example_python_operator.py took 0.024 seconds
[2026-05-16T11:56:06.422+0000] {processor.py:161} INFO - Started process (PID=12082) to work on /home/airflow/.local/lib/python3.12/site-packages/airflow/example_dags/example_python_operator.py
[2026-05-16T11:56:06.422+0000] {processor.py:830} INFO - Processing file /home/airflow/.local/lib/python3.12/site-packages/airflow/example_dags/example_python_operator.py for tasks to queue
[2026-05-16T11:56:06.422+0000] {logging_mixin.py:188} INFO - [2026-05-16T11:56:06.422+0000] {dagbag.py:545} INFO - Filling up the DagBag from /home/airflow/.local/lib/python3.12/site-packages/airflow/example_dags/example_python_operator.py
[2026-05-16T11:56:06.427+0000] {processor.py:840} INFO - DAG(s) 'example_python_operator' retrieved from /home/airflow/.local/lib/python3.12/site-packages/airflow/example_dags/example_python_operator.py
[2026-05-16T11:56:06.436+0000] {logging_mixin.py:188} INFO - [2026-05-16T11:56:06.436+0000] {dag.py:3089} INFO - Sync 1 DAGs
[2026-05-16T11:56:06.441+0000] {logging_mixin.py:188} INFO - [2026-05-16T11:56:06.441+0000] {dag.py:3947} INFO - Setting next_dagrun for example_python_operator to None, run_after=None
[2026-05-16T11:56:06.446+0000] {processor.py:183} INFO - Processing /home/airflow/.local/lib/python3.12/site-packages/airflow/example_dags/example_python_operator.py took 0.027 seconds
[2026-05-16T11:56:37.020+0000] {processor.py:161} INFO - Started process (PID=12144) to work on /home/airflow/.local/lib/python3.12/site-packages/airflow/example_dags/example_python_operator.py
[2026-05-16T11:56:37.020+0000] {processor.py:830} INFO - Processing file /home/airflow/.local/lib/python3.12/site-packages/airflow/example_dags/example_python_operator.py for tasks to queue
[2026-05-16T11:56:37.021+0000] {logging_mixin.py:188} INFO - [2026-05-16T11:56:37.021+0000] {dagbag.py:545} INFO - Filling up the DagBag from /home/airflow/.local/lib/python3.12/site-packages/airflow/example_dags/example_python_operator.py
[2026-05-16T11:56:37.025+0000] {processor.py:840} INFO - DAG(s) 'example_python_operator' retrieved from /home/airflow/.local/lib/python3.12/site-packages/airflow/example_dags/example_python_operator.py
[2026-05-16T11:56:37.033+0000] {logging_mixin.py:188} INFO - [2026-05-16T11:56:37.033+0000] {dag.py:3089} INFO - Sync 1 DAGs
[2026-05-16T11:56:37.037+0000] {logging_mixin.py:188} INFO - [2026-05-16T11:56:37.037+0000] {dag.py:3947} INFO - Setting next_dagrun for example_python_operator to None, run_after=None
[2026-05-16T11:56:37.042+0000] {processor.py:183} INFO - Processing /home/airflow/.local/lib/python3.12/site-packages/airflow/example_dags/example_python_operator.py took 0.025 seconds
[2026-05-16T11:57:07.592+0000] {processor.py:161} INFO - Started process (PID=12206) to work on /home/airflow/.local/lib/python3.12/site-packages/airflow/example_dags/example_python_operator.py
[2026-05-16T11:57:07.592+0000] {processor.py:830} INFO - Processing file /home/airflow/.local/lib/python3.12/site-packages/airflow/example_dags/example_python_operator.py for tasks to queue
[2026-05-16T11:57:07.593+0000] {logging_mixin.py:188} INFO - [2026-05-16T11:57:07.593+0000] {dagbag.py:545} INFO - Filling up the DagBag from /home/airflow/.local/lib/python3.12/site-packages/airflow/example_dags/example_python_operator.py
[2026-05-16T11:57:07.598+0000] {processor.py:840} INFO - DAG(s) 'example_python_operator' retrieved from /home/airflow/.local/lib/python3.12/site-packages/airflow/example_dags/example_python_operator.py
[2026-05-16T11:57:07.609+0000] {logging_mixin.py:188} INFO - [2026-05-16T11:57:07.609+0000] {dag.py:3089} INFO - Sync 1 DAGs
[2026-05-16T11:57:07.613+0000] {logging_mixin.py:188} INFO - [2026-05-16T11:57:07.613+0000] {dag.py:3947} INFO - Setting next_dagrun for example_python_operator to None, run_after=None
[2026-05-16T11:57:07.619+0000] {processor.py:183} INFO - Processing /home/airflow/.local/lib/python3.12/site-packages/airflow/example_dags/example_python_operator.py took 0.030 seconds
[2026-05-16T11:57:38.138+0000] {processor.py:161} INFO - Started process (PID=12269) to work on /home/airflow/.local/lib/python3.12/site-packages/airflow/example_dags/example_python_operator.py
[2026-05-16T11:57:38.140+0000] {processor.py:830} INFO - Processing file /home/airflow/.local/lib/python3.12/site-packages/airflow/example_dags/example_python_operator.py for tasks to queue
[2026-05-16T11:57:38.140+0000] {logging_mixin.py:188} INFO - [2026-05-16T11:57:38.140+0000] {dagbag.py:545} INFO - Filling up the DagBag from /home/airflow/.local/lib/python3.12/site-packages/airflow/example_dags/example_python_operator.py
[2026-05-16T11:57:38.144+0000] {processor.py:840} INFO - DAG(s) 'example_python_operator' retrieved from /home/airflow/.local/lib/python3.12/site-packages/airflow/example_dags/example_python_operator.py
[2026-05-16T11:57:38.153+0000] {logging_mixin.py:188} INFO - [2026-05-16T11:57:38.153+0000] {dag.py:3089} INFO - Sync 1 DAGs
[2026-05-16T11:57:38.157+0000] {logging_mixin.py:188} INFO - [2026-05-16T11:57:38.157+0000] {dag.py:3947} INFO - Setting next_dagrun for example_python_operator to None, run_after=None
[2026-05-16T11:57:38.162+0000] {processor.py:183} INFO - Processing /home/airflow/.local/lib/python3.12/site-packages/airflow/example_dags/example_python_operator.py took 0.027 seconds
[2026-05-16T11:58:08.714+0000] {processor.py:161} INFO - Started process (PID=12331) to work on /home/airflow/.local/lib/python3.12/site-packages/airflow/example_dags/example_python_operator.py
[2026-05-16T11:58:08.715+0000] {processor.py:830} INFO - Processing file /home/airflow/.local/lib/python3.12/site-packages/airflow/example_dags/example_python_operator.py for tasks to queue
[2026-05-16T11:58:08.715+0000] {logging_mixin.py:188} INFO - [2026-05-16T11:58:08.715+0000] {dagbag.py:545} INFO - Filling up the DagBag from /home/airflow/.local/lib/python3.12/site-packages/airflow/example_dags/example_python_operator.py
[2026-05-16T11:58:08.719+0000] {processor.py:840} INFO - DAG(s) 'example_python_operator' retrieved from /home/airflow/.local/lib/python3.12/site-packages/airflow/example_dags/example_python_operator.py
[2026-05-16T11:58:08.730+0000] {logging_mixin.py:188} INFO - [2026-05-16T11:58:08.730+0000] {dag.py:3089} INFO - Sync 1 DAGs
[2026-05-16T11:58:08.734+0000] {logging_mixin.py:188} INFO - [2026-05-16T11:58:08.734+0000] {dag.py:3947} INFO - Setting next_dagrun for example_python_operator to None, run_after=None
[2026-05-16T11:58:08.739+0000] {processor.py:183} INFO - Processing /home/airflow/.local/lib/python3.12/site-packages/airflow/example_dags/example_python_operator.py took 0.027 seconds
[2026-05-16T11:58:39.227+0000] {processor.py:161} INFO - Started process (PID=12393) to work on /home/airflow/.local/lib/python3.12/site-packages/airflow/example_dags/example_python_operator.py
[2026-05-16T11:58:39.227+0000] {processor.py:830} INFO - Processing file /home/airflow/.local/lib/python3.12/site-packages/airflow/example_dags/example_python_operator.py for tasks to queue
[2026-05-16T11:58:39.228+0000] {logging_mixin.py:188} INFO - [2026-05-16T11:58:39.227+0000] {dagbag.py:545} INFO - Filling up the DagBag from /home/airflow/.local/lib/python3.12/site-packages/airflow/example_dags/example_python_operator.py
[2026-05-16T11:58:39.232+0000] {processor.py:840} INFO - DAG(s) 'example_python_operator' retrieved from /home/airflow/.local/lib/python3.12/site-packages/airflow/example_dags/example_python_operator.py
[2026-05-16T11:58:39.240+0000] {logging_mixin.py:188} INFO - [2026-05-16T11:58:39.240+0000] {dag.py:3089} INFO - Sync 1 DAGs
[2026-05-16T11:58:39.244+0000] {logging_mixin.py:188} INFO - [2026-05-16T11:58:39.244+0000] {dag.py:3947} INFO - Setting next_dagrun for example_python_operator to None, run_after=None
[2026-05-16T11:58:39.249+0000] {processor.py:183} INFO - Processing /home/airflow/.local/lib/python3.12/site-packages/airflow/example_dags/example_python_operator.py took 0.025 seconds
[2026-05-16T11:59:09.748+0000] {processor.py:161} INFO - Started process (PID=12455) to work on /home/airflow/.local/lib/python3.12/site-packages/airflow/example_dags/example_python_operator.py
[2026-05-16T11:59:09.748+0000] {processor.py:830} INFO - Processing file /home/airflow/.local/lib/python3.12/site-packages/airflow/example_dags/example_python_operator.py for tasks to queue
[2026-05-16T11:59:09.749+0000] {logging_mixin.py:188} INFO - [2026-05-16T11:59:09.748+0000] {dagbag.py:545} INFO - Filling up the DagBag from /home/airflow/.local/lib/python3.12/site-packages/airflow/example_dags/example_python_operator.py
[2026-05-16T11:59:09.753+0000] {processor.py:840} INFO - DAG(s) 'example_python_operator' retrieved from /home/airflow/.local/lib/python3.12/site-packages/airflow/example_dags/example_python_operator.py
[2026-05-16T11:59:09.761+0000] {logging_mixin.py:188} INFO - [2026-05-16T11:59:09.761+0000] {dag.py:3089} INFO - Sync 1 DAGs
[2026-05-16T11:59:09.765+0000] {logging_mixin.py:188} INFO - [2026-05-16T11:59:09.765+0000] {dag.py:3947} INFO - Setting next_dagrun for example_python_operator to None, run_after=None
[2026-05-16T11:59:09.774+0000] {processor.py:183} INFO - Processing /home/airflow/.local/lib/python3.12/site-packages/airflow/example_dags/example_python_operator.py took 0.028 seconds
[2026-05-16T11:59:40.287+0000] {processor.py:161} INFO - Started process (PID=12517) to work on /home/airflow/.local/lib/python3.12/site-packages/airflow/example_dags/example_python_operator.py
[2026-05-16T11:59:40.288+0000] {processor.py:830} INFO - Processing file /home/airflow/.local/lib/python3.12/site-packages/airflow/example_dags/example_python_operator.py for tasks to queue
[2026-05-16T11:59:40.288+0000] {logging_mixin.py:188} INFO - [2026-05-16T11:59:40.288+0000] {dagbag.py:545} INFO - Filling up the DagBag from /home/airflow/.local/lib/python3.12/site-packages/airflow/example_dags/example_python_operator.py
[2026-05-16T11:59:40.295+0000] {processor.py:840} INFO - DAG(s) 'example_python_operator' retrieved from /home/airflow/.local/lib/python3.12/site-packages/airflow/example_dags/example_python_operator.py
[2026-05-16T11:59:40.305+0000] {logging_mixin.py:188} INFO - [2026-05-16T11:59:40.305+0000] {dag.py:3089} INFO - Sync 1 DAGs
[2026-05-16T11:59:40.308+0000] {logging_mixin.py:188} INFO - [2026-05-16T11:59:40.308+0000] {dag.py:3947} INFO - Setting next_dagrun for example_python_operator to None, run_after=None
[2026-05-16T11:59:40.313+0000] {processor.py:183} INFO - Processing /home/airflow/.local/lib/python3.12/site-packages/airflow/example_dags/example_python_operator.py took 0.028 seconds
[2026-05-16T12:00:10.778+0000] {processor.py:161} INFO - Started process (PID=12579) to work on /home/airflow/.local/lib/python3.12/site-packages/airflow/example_dags/example_python_operator.py
[2026-05-16T12:00:10.779+0000] {processor.py:830} INFO - Processing file /home/airflow/.local/lib/python3.12/site-packages/airflow/example_dags/example_python_operator.py for tasks to queue
[2026-05-16T12:00:10.779+0000] {logging_mixin.py:188} INFO - [2026-05-16T12:00:10.779+0000] {dagbag.py:545} INFO - Filling up the DagBag from /home/airflow/.local/lib/python3.12/site-packages/airflow/example_dags/example_python_operator.py
[2026-05-16T12:00:10.784+0000] {processor.py:840} INFO - DAG(s) 'example_python_operator' retrieved from /home/airflow/.local/lib/python3.12/site-packages/airflow/example_dags/example_python_operator.py
[2026-05-16T12:00:10.793+0000] {logging_mixin.py:188} INFO - [2026-05-16T12:00:10.793+0000] {dag.py:3089} INFO - Sync 1 DAGs
[2026-05-16T12:00:10.798+0000] {logging_mixin.py:188} INFO - [2026-05-16T12:00:10.798+0000] {dag.py:3947} INFO - Setting next_dagrun for example_python_operator to None, run_after=None
[2026-05-16T12:00:10.803+0000] {processor.py:183} INFO - Processing /home/airflow/.local/lib/python3.12/site-packages/airflow/example_dags/example_python_operator.py took 0.028 seconds
[2026-05-16T12:00:41.367+0000] {processor.py:161} INFO - Started process (PID=12648) to work on /home/airflow/.local/lib/python3.12/site-packages/airflow/example_dags/example_python_operator.py
[2026-05-16T12:00:41.368+0000] {processor.py:830} INFO - Processing file /home/airflow/.local/lib/python3.12/site-packages/airflow/example_dags/example_python_operator.py for tasks to queue
[2026-05-16T12:00:41.368+0000] {logging_mixin.py:188} INFO - [2026-05-16T12:00:41.368+0000] {dagbag.py:545} INFO - Filling up the DagBag from /home/airflow/.local/lib/python3.12/site-packages/airflow/example_dags/example_python_operator.py
[2026-05-16T12:00:41.373+0000] {processor.py:840} INFO - DAG(s) 'example_python_operator' retrieved from /home/airflow/.local/lib/python3.12/site-packages/airflow/example_dags/example_python_operator.py
[2026-05-16T12:00:41.387+0000] {logging_mixin.py:188} INFO - [2026-05-16T12:00:41.387+0000] {dag.py:3089} INFO - Sync 1 DAGs
[2026-05-16T12:00:41.391+0000] {logging_mixin.py:188} INFO - [2026-05-16T12:00:41.391+0000] {dag.py:3947} INFO - Setting next_dagrun for example_python_operator to None, run_after=None
[2026-05-16T12:00:41.398+0000] {processor.py:183} INFO - Processing /home/airflow/.local/lib/python3.12/site-packages/airflow/example_dags/example_python_operator.py took 0.034 seconds
[2026-05-16T12:01:11.999+0000] {processor.py:161} INFO - Started process (PID=12710) to work on /home/airflow/.local/lib/python3.12/site-packages/airflow/example_dags/example_python_operator.py
[2026-05-16T12:01:11.999+0000] {processor.py:830} INFO - Processing file /home/airflow/.local/lib/python3.12/site-packages/airflow/example_dags/example_python_operator.py for tasks to queue
[2026-05-16T12:01:12.000+0000] {logging_mixin.py:188} INFO - [2026-05-16T12:01:12.000+0000] {dagbag.py:545} INFO - Filling up the DagBag from /home/airflow/.local/lib/python3.12/site-packages/airflow/example_dags/example_python_operator.py
[2026-05-16T12:01:12.005+0000] {processor.py:840} INFO - DAG(s) 'example_python_operator' retrieved from /home/airflow/.local/lib/python3.12/site-packages/airflow/example_dags/example_python_operator.py
[2026-05-16T12:01:12.013+0000] {logging_mixin.py:188} INFO - [2026-05-16T12:01:12.013+0000] {dag.py:3089} INFO - Sync 1 DAGs
[2026-05-16T12:01:12.016+0000] {logging_mixin.py:188} INFO - [2026-05-16T12:01:12.016+0000] {dag.py:3947} INFO - Setting next_dagrun for example_python_operator to None, run_after=None
[2026-05-16T12:01:12.021+0000] {processor.py:183} INFO - Processing /home/airflow/.local/lib/python3.12/site-packages/airflow/example_dags/example_python_operator.py took 0.025 seconds
[2026-05-16T12:01:42.584+0000] {processor.py:161} INFO - Started process (PID=12773) to work on /home/airflow/.local/lib/python3.12/site-packages/airflow/example_dags/example_python_operator.py
[2026-05-16T12:01:42.584+0000] {processor.py:830} INFO - Processing file /home/airflow/.local/lib/python3.12/site-packages/airflow/example_dags/example_python_operator.py for tasks to queue
[2026-05-16T12:01:42.584+0000] {logging_mixin.py:188} INFO - [2026-05-16T12:01:42.584+0000] {dagbag.py:545} INFO - Filling up the DagBag from /home/airflow/.local/lib/python3.12/site-packages/airflow/example_dags/example_python_operator.py
[2026-05-16T12:01:42.589+0000] {processor.py:840} INFO - DAG(s) 'example_python_operator' retrieved from /home/airflow/.local/lib/python3.12/site-packages/airflow/example_dags/example_python_operator.py
[2026-05-16T12:01:42.599+0000] {logging_mixin.py:188} INFO - [2026-05-16T12:01:42.599+0000] {dag.py:3089} INFO - Sync 1 DAGs
[2026-05-16T12:01:42.604+0000] {logging_mixin.py:188} INFO - [2026-05-16T12:01:42.604+0000] {dag.py:3947} INFO - Setting next_dagrun for example_python_operator to None, run_after=None
[2026-05-16T12:01:42.611+0000] {processor.py:183} INFO - Processing /home/airflow/.local/lib/python3.12/site-packages/airflow/example_dags/example_python_operator.py took 0.030 seconds
[2026-05-16T12:02:13.118+0000] {processor.py:161} INFO - Started process (PID=12835) to work on /home/airflow/.local/lib/python3.12/site-packages/airflow/example_dags/example_python_operator.py
[2026-05-16T12:02:13.119+0000] {processor.py:830} INFO - Processing file /home/airflow/.local/lib/python3.12/site-packages/airflow/example_dags/example_python_operator.py for tasks to queue
[2026-05-16T12:02:13.119+0000] {logging_mixin.py:188} INFO - [2026-05-16T12:02:13.119+0000] {dagbag.py:545} INFO - Filling up the DagBag from /home/airflow/.local/lib/python3.12/site-packages/airflow/example_dags/example_python_operator.py
[2026-05-16T12:02:13.124+0000] {processor.py:840} INFO - DAG(s) 'example_python_operator' retrieved from /home/airflow/.local/lib/python3.12/site-packages/airflow/example_dags/example_python_operator.py
[2026-05-16T12:02:13.132+0000] {logging_mixin.py:188} INFO - [2026-05-16T12:02:13.132+0000] {dag.py:3089} INFO - Sync 1 DAGs
[2026-05-16T12:02:13.136+0000] {logging_mixin.py:188} INFO - [2026-05-16T12:02:13.136+0000] {dag.py:3947} INFO - Setting next_dagrun for example_python_operator to None, run_after=None
[2026-05-16T12:02:13.140+0000] {processor.py:183} INFO - Processing /home/airflow/.local/lib/python3.12/site-packages/airflow/example_dags/example_python_operator.py took 0.024 seconds
[2026-05-16T12:02:43.660+0000] {processor.py:161} INFO - Started process (PID=12898) to work on /home/airflow/.local/lib/python3.12/site-packages/airflow/example_dags/example_python_operator.py
[2026-05-16T12:02:43.660+0000] {processor.py:830} INFO - Processing file /home/airflow/.local/lib/python3.12/site-packages/airflow/example_dags/example_python_operator.py for tasks to queue
[2026-05-16T12:02:43.660+0000] {logging_mixin.py:188} INFO - [2026-05-16T12:02:43.660+0000] {dagbag.py:545} INFO - Filling up the DagBag from /home/airflow/.local/lib/python3.12/site-packages/airflow/example_dags/example_python_operator.py
[2026-05-16T12:02:43.667+0000] {processor.py:840} INFO - DAG(s) 'example_python_operator' retrieved from /home/airflow/.local/lib/python3.12/site-packages/airflow/example_dags/example_python_operator.py
[2026-05-16T12:02:43.676+0000] {logging_mixin.py:188} INFO - [2026-05-16T12:02:43.675+0000] {dag.py:3089} INFO - Sync 1 DAGs
[2026-05-16T12:02:43.680+0000] {logging_mixin.py:188} INFO - [2026-05-16T12:02:43.680+0000] {dag.py:3947} INFO - Setting next_dagrun for example_python_operator to None, run_after=None
[2026-05-16T12:02:43.685+0000] {processor.py:183} INFO - Processing /home/airflow/.local/lib/python3.12/site-packages/airflow/example_dags/example_python_operator.py took 0.028 seconds
[2026-05-16T12:03:14.242+0000] {processor.py:161} INFO - Started process (PID=12960) to work on /home/airflow/.local/lib/python3.12/site-packages/airflow/example_dags/example_python_operator.py
[2026-05-16T12:03:14.243+0000] {processor.py:830} INFO - Processing file /home/airflow/.local/lib/python3.12/site-packages/airflow/example_dags/example_python_operator.py for tasks to queue
[2026-05-16T12:03:14.243+0000] {logging_mixin.py:188} INFO - [2026-05-16T12:03:14.243+0000] {dagbag.py:545} INFO - Filling up the DagBag from /home/airflow/.local/lib/python3.12/site-packages/airflow/example_dags/example_python_operator.py
[2026-05-16T12:03:14.247+0000] {processor.py:840} INFO - DAG(s) 'example_python_operator' retrieved from /home/airflow/.local/lib/python3.12/site-packages/airflow/example_dags/example_python_operator.py
[2026-05-16T12:03:14.255+0000] {logging_mixin.py:188} INFO - [2026-05-16T12:03:14.255+0000] {dag.py:3089} INFO - Sync 1 DAGs
[2026-05-16T12:03:14.260+0000] {logging_mixin.py:188} INFO - [2026-05-16T12:03:14.260+0000] {dag.py:3947} INFO - Setting next_dagrun for example_python_operator to None, run_after=None
[2026-05-16T12:03:14.265+0000] {processor.py:183} INFO - Processing /home/airflow/.local/lib/python3.12/site-packages/airflow/example_dags/example_python_operator.py took 0.025 seconds
[2026-05-16T12:03:44.886+0000] {processor.py:161} INFO - Started process (PID=13022) to work on /home/airflow/.local/lib/python3.12/site-packages/airflow/example_dags/example_python_operator.py
[2026-05-16T12:03:44.887+0000] {processor.py:830} INFO - Processing file /home/airflow/.local/lib/python3.12/site-packages/airflow/example_dags/example_python_operator.py for tasks to queue
[2026-05-16T12:03:44.887+0000] {logging_mixin.py:188} INFO - [2026-05-16T12:03:44.887+0000] {dagbag.py:545} INFO - Filling up the DagBag from /home/airflow/.local/lib/python3.12/site-packages/airflow/example_dags/example_python_operator.py
[2026-05-16T12:03:44.892+0000] {processor.py:840} INFO - DAG(s) 'example_python_operator' retrieved from /home/airflow/.local/lib/python3.12/site-packages/airflow/example_dags/example_python_operator.py
[2026-05-16T12:03:44.902+0000] {logging_mixin.py:188} INFO - [2026-05-16T12:03:44.902+0000] {dag.py:3089} INFO - Sync 1 DAGs
[2026-05-16T12:03:44.906+0000] {logging_mixin.py:188} INFO - [2026-05-16T12:03:44.906+0000] {dag.py:3947} INFO - Setting next_dagrun for example_python_operator to None, run_after=None
[2026-05-16T12:03:44.912+0000] {processor.py:183} INFO - Processing /home/airflow/.local/lib/python3.12/site-packages/airflow/example_dags/example_python_operator.py took 0.028 seconds
[2026-05-16T12:04:15.642+0000] {processor.py:161} INFO - Started process (PID=13084) to work on /home/airflow/.local/lib/python3.12/site-packages/airflow/example_dags/example_python_operator.py
[2026-05-16T12:04:15.643+0000] {processor.py:830} INFO - Processing file /home/airflow/.local/lib/python3.12/site-packages/airflow/example_dags/example_python_operator.py for tasks to queue
[2026-05-16T12:04:15.644+0000] {logging_mixin.py:188} INFO - [2026-05-16T12:04:15.644+0000] {dagbag.py:545} INFO - Filling up the DagBag from /home/airflow/.local/lib/python3.12/site-packages/airflow/example_dags/example_python_operator.py
[2026-05-16T12:04:15.656+0000] {processor.py:840} INFO - DAG(s) 'example_python_operator' retrieved from /home/airflow/.local/lib/python3.12/site-packages/airflow/example_dags/example_python_operator.py
[2026-05-16T12:04:15.679+0000] {logging_mixin.py:188} INFO - [2026-05-16T12:04:15.679+0000] {dag.py:3089} INFO - Sync 1 DAGs
[2026-05-16T12:04:15.685+0000] {logging_mixin.py:188} INFO - [2026-05-16T12:04:15.685+0000] {dag.py:3947} INFO - Setting next_dagrun for example_python_operator to None, run_after=None
[2026-05-16T12:04:15.693+0000] {processor.py:183} INFO - Processing /home/airflow/.local/lib/python3.12/site-packages/airflow/example_dags/example_python_operator.py took 0.058 seconds
[2026-05-16T12:04:46.239+0000] {processor.py:161} INFO - Started process (PID=13146) to work on /home/airflow/.local/lib/python3.12/site-packages/airflow/example_dags/example_python_operator.py
[2026-05-16T12:04:46.240+0000] {processor.py:830} INFO - Processing file /home/airflow/.local/lib/python3.12/site-packages/airflow/example_dags/example_python_operator.py for tasks to queue
[2026-05-16T12:04:46.240+0000] {logging_mixin.py:188} INFO - [2026-05-16T12:04:46.240+0000] {dagbag.py:545} INFO - Filling up the DagBag from /home/airflow/.local/lib/python3.12/site-packages/airflow/example_dags/example_python_operator.py
[2026-05-16T12:04:46.245+0000] {processor.py:840} INFO - DAG(s) 'example_python_operator' retrieved from /home/airflow/.local/lib/python3.12/site-packages/airflow/example_dags/example_python_operator.py
[2026-05-16T12:04:46.253+0000] {logging_mixin.py:188} INFO - [2026-05-16T12:04:46.253+0000] {dag.py:3089} INFO - Sync 1 DAGs
[2026-05-16T12:04:46.258+0000] {logging_mixin.py:188} INFO - [2026-05-16T12:04:46.258+0000] {dag.py:3947} INFO - Setting next_dagrun for example_python_operator to None, run_after=None
[2026-05-16T12:04:46.263+0000] {processor.py:183} INFO - Processing /home/airflow/.local/lib/python3.12/site-packages/airflow/example_dags/example_python_operator.py took 0.026 seconds
[2026-05-16T12:05:16.805+0000] {processor.py:161} INFO - Started process (PID=13208) to work on /home/airflow/.local/lib/python3.12/site-packages/airflow/example_dags/example_python_operator.py
[2026-05-16T12:05:16.805+0000] {processor.py:830} INFO - Processing file /home/airflow/.local/lib/python3.12/site-packages/airflow/example_dags/example_python_operator.py for tasks to queue
[2026-05-16T12:05:16.806+0000] {logging_mixin.py:188} INFO - [2026-05-16T12:05:16.806+0000] {dagbag.py:545} INFO - Filling up the DagBag from /home/airflow/.local/lib/python3.12/site-packages/airflow/example_dags/example_python_operator.py
[2026-05-16T12:05:16.811+0000] {processor.py:840} INFO - DAG(s) 'example_python_operator' retrieved from /home/airflow/.local/lib/python3.12/site-packages/airflow/example_dags/example_python_operator.py
[2026-05-16T12:05:16.821+0000] {logging_mixin.py:188} INFO - [2026-05-16T12:05:16.821+0000] {dag.py:3089} INFO - Sync 1 DAGs
[2026-05-16T12:05:16.826+0000] {logging_mixin.py:188} INFO - [2026-05-16T12:05:16.826+0000] {dag.py:3947} INFO - Setting next_dagrun for example_python_operator to None, run_after=None
[2026-05-16T12:05:16.831+0000] {processor.py:183} INFO - Processing /home/airflow/.local/lib/python3.12/site-packages/airflow/example_dags/example_python_operator.py took 0.029 seconds
[2026-05-16T12:05:47.417+0000] {processor.py:161} INFO - Started process (PID=13271) to work on /home/airflow/.local/lib/python3.12/site-packages/airflow/example_dags/example_python_operator.py
[2026-05-16T12:05:47.418+0000] {processor.py:830} INFO - Processing file /home/airflow/.local/lib/python3.12/site-packages/airflow/example_dags/example_python_operator.py for tasks to queue
[2026-05-16T12:05:47.418+0000] {logging_mixin.py:188} INFO - [2026-05-16T12:05:47.418+0000] {dagbag.py:545} INFO - Filling up the DagBag from /home/airflow/.local/lib/python3.12/site-packages/airflow/example_dags/example_python_operator.py
[2026-05-16T12:05:47.422+0000] {processor.py:840} INFO - DAG(s) 'example_python_operator' retrieved from /home/airflow/.local/lib/python3.12/site-packages/airflow/example_dags/example_python_operator.py
[2026-05-16T12:05:47.431+0000] {logging_mixin.py:188} INFO - [2026-05-16T12:05:47.431+0000] {dag.py:3089} INFO - Sync 1 DAGs
[2026-05-16T12:05:47.436+0000] {logging_mixin.py:188} INFO - [2026-05-16T12:05:47.436+0000] {dag.py:3947} INFO - Setting next_dagrun for example_python_operator to None, run_after=None
[2026-05-16T12:05:47.441+0000] {processor.py:183} INFO - Processing /home/airflow/.local/lib/python3.12/site-packages/airflow/example_dags/example_python_operator.py took 0.026 seconds
[2026-05-16T12:06:18.041+0000] {processor.py:161} INFO - Started process (PID=13333) to work on /home/airflow/.local/lib/python3.12/site-packages/airflow/example_dags/example_python_operator.py
[2026-05-16T12:06:18.042+0000] {processor.py:830} INFO - Processing file /home/airflow/.local/lib/python3.12/site-packages/airflow/example_dags/example_python_operator.py for tasks to queue
[2026-05-16T12:06:18.042+0000] {logging_mixin.py:188} INFO - [2026-05-16T12:06:18.042+0000] {dagbag.py:545} INFO - Filling up the DagBag from /home/airflow/.local/lib/python3.12/site-packages/airflow/example_dags/example_python_operator.py
[2026-05-16T12:06:18.047+0000] {processor.py:840} INFO - DAG(s) 'example_python_operator' retrieved from /home/airflow/.local/lib/python3.12/site-packages/airflow/example_dags/example_python_operator.py
[2026-05-16T12:06:18.055+0000] {logging_mixin.py:188} INFO - [2026-05-16T12:06:18.055+0000] {dag.py:3089} INFO - Sync 1 DAGs
[2026-05-16T12:06:18.059+0000] {logging_mixin.py:188} INFO - [2026-05-16T12:06:18.059+0000] {dag.py:3947} INFO - Setting next_dagrun for example_python_operator to None, run_after=None
[2026-05-16T12:06:18.064+0000] {processor.py:183} INFO - Processing /home/airflow/.local/lib/python3.12/site-packages/airflow/example_dags/example_python_operator.py took 0.026 seconds
[2026-05-16T12:06:48.771+0000] {processor.py:161} INFO - Started process (PID=13395) to work on /home/airflow/.local/lib/python3.12/site-packages/airflow/example_dags/example_python_operator.py
[2026-05-16T12:06:48.771+0000] {processor.py:830} INFO - Processing file /home/airflow/.local/lib/python3.12/site-packages/airflow/example_dags/example_python_operator.py for tasks to queue
[2026-05-16T12:06:48.771+0000] {logging_mixin.py:188} INFO - [2026-05-16T12:06:48.771+0000] {dagbag.py:545} INFO - Filling up the DagBag from /home/airflow/.local/lib/python3.12/site-packages/airflow/example_dags/example_python_operator.py
[2026-05-16T12:06:48.776+0000] {processor.py:840} INFO - DAG(s) 'example_python_operator' retrieved from /home/airflow/.local/lib/python3.12/site-packages/airflow/example_dags/example_python_operator.py
[2026-05-16T12:06:48.786+0000] {logging_mixin.py:188} INFO - [2026-05-16T12:06:48.786+0000] {dag.py:3089} INFO - Sync 1 DAGs
[2026-05-16T12:06:48.791+0000] {logging_mixin.py:188} INFO - [2026-05-16T12:06:48.791+0000] {dag.py:3947} INFO - Setting next_dagrun for example_python_operator to None, run_after=None
[2026-05-16T12:06:48.796+0000] {processor.py:183} INFO - Processing /home/airflow/.local/lib/python3.12/site-packages/airflow/example_dags/example_python_operator.py took 0.027 seconds
[2026-05-16T12:07:19.451+0000] {processor.py:161} INFO - Started process (PID=13457) to work on /home/airflow/.local/lib/python3.12/site-packages/airflow/example_dags/example_python_operator.py
[2026-05-16T12:07:19.451+0000] {processor.py:830} INFO - Processing file /home/airflow/.local/lib/python3.12/site-packages/airflow/example_dags/example_python_operator.py for tasks to queue
[2026-05-16T12:07:19.452+0000] {logging_mixin.py:188} INFO - [2026-05-16T12:07:19.451+0000] {dagbag.py:545} INFO - Filling up the DagBag from /home/airflow/.local/lib/python3.12/site-packages/airflow/example_dags/example_python_operator.py
[2026-05-16T12:07:19.458+0000] {processor.py:840} INFO - DAG(s) 'example_python_operator' retrieved from /home/airflow/.local/lib/python3.12/site-packages/airflow/example_dags/example_python_operator.py
[2026-05-16T12:07:19.468+0000] {logging_mixin.py:188} INFO - [2026-05-16T12:07:19.468+0000] {dag.py:3089} INFO - Sync 1 DAGs
[2026-05-16T12:07:19.474+0000] {logging_mixin.py:188} INFO - [2026-05-16T12:07:19.473+0000] {dag.py:3947} INFO - Setting next_dagrun for example_python_operator to None, run_after=None
[2026-05-16T12:07:19.480+0000] {processor.py:183} INFO - Processing /home/airflow/.local/lib/python3.12/site-packages/airflow/example_dags/example_python_operator.py took 0.034 seconds
[2026-05-16T12:07:50.170+0000] {processor.py:161} INFO - Started process (PID=13519) to work on /home/airflow/.local/lib/python3.12/site-packages/airflow/example_dags/example_python_operator.py
[2026-05-16T12:07:50.171+0000] {processor.py:830} INFO - Processing file /home/airflow/.local/lib/python3.12/site-packages/airflow/example_dags/example_python_operator.py for tasks to queue
[2026-05-16T12:07:50.171+0000] {logging_mixin.py:188} INFO - [2026-05-16T12:07:50.171+0000] {dagbag.py:545} INFO - Filling up the DagBag from /home/airflow/.local/lib/python3.12/site-packages/airflow/example_dags/example_python_operator.py
[2026-05-16T12:07:50.176+0000] {processor.py:840} INFO - DAG(s) 'example_python_operator' retrieved from /home/airflow/.local/lib/python3.12/site-packages/airflow/example_dags/example_python_operator.py
[2026-05-16T12:07:50.185+0000] {logging_mixin.py:188} INFO - [2026-05-16T12:07:50.185+0000] {dag.py:3089} INFO - Sync 1 DAGs
[2026-05-16T12:07:50.189+0000] {logging_mixin.py:188} INFO - [2026-05-16T12:07:50.189+0000] {dag.py:3947} INFO - Setting next_dagrun for example_python_operator to None, run_after=None
[2026-05-16T12:07:50.194+0000] {processor.py:183} INFO - Processing /home/airflow/.local/lib/python3.12/site-packages/airflow/example_dags/example_python_operator.py took 0.026 seconds
[2026-05-16T12:08:20.906+0000] {processor.py:161} INFO - Started process (PID=13581) to work on /home/airflow/.local/lib/python3.12/site-packages/airflow/example_dags/example_python_operator.py
[2026-05-16T12:08:20.906+0000] {processor.py:830} INFO - Processing file /home/airflow/.local/lib/python3.12/site-packages/airflow/example_dags/example_python_operator.py for tasks to queue
[2026-05-16T12:08:20.907+0000] {logging_mixin.py:188} INFO - [2026-05-16T12:08:20.907+0000] {dagbag.py:545} INFO - Filling up the DagBag from /home/airflow/.local/lib/python3.12/site-packages/airflow/example_dags/example_python_operator.py
[2026-05-16T12:08:20.911+0000] {processor.py:840} INFO - DAG(s) 'example_python_operator' retrieved from /home/airflow/.local/lib/python3.12/site-packages/airflow/example_dags/example_python_operator.py
[2026-05-16T12:08:20.921+0000] {logging_mixin.py:188} INFO - [2026-05-16T12:08:20.921+0000] {dag.py:3089} INFO - Sync 1 DAGs
[2026-05-16T12:08:20.925+0000] {logging_mixin.py:188} INFO - [2026-05-16T12:08:20.925+0000] {dag.py:3947} INFO - Setting next_dagrun for example_python_operator to None, run_after=None
[2026-05-16T12:08:20.933+0000] {processor.py:183} INFO - Processing /home/airflow/.local/lib/python3.12/site-packages/airflow/example_dags/example_python_operator.py took 0.029 seconds
[2026-05-16T12:08:51.445+0000] {processor.py:161} INFO - Started process (PID=13644) to work on /home/airflow/.local/lib/python3.12/site-packages/airflow/example_dags/example_python_operator.py
[2026-05-16T12:08:51.446+0000] {processor.py:830} INFO - Processing file /home/airflow/.local/lib/python3.12/site-packages/airflow/example_dags/example_python_operator.py for tasks to queue
[2026-05-16T12:08:51.446+0000] {logging_mixin.py:188} INFO - [2026-05-16T12:08:51.446+0000] {dagbag.py:545} INFO - Filling up the DagBag from /home/airflow/.local/lib/python3.12/site-packages/airflow/example_dags/example_python_operator.py
[2026-05-16T12:08:51.450+0000] {processor.py:840} INFO - DAG(s) 'example_python_operator' retrieved from /home/airflow/.local/lib/python3.12/site-packages/airflow/example_dags/example_python_operator.py
[2026-05-16T12:08:51.457+0000] {logging_mixin.py:188} INFO - [2026-05-16T12:08:51.457+0000] {dag.py:3089} INFO - Sync 1 DAGs
[2026-05-16T12:08:51.461+0000] {logging_mixin.py:188} INFO - [2026-05-16T12:08:51.461+0000] {dag.py:3947} INFO - Setting next_dagrun for example_python_operator to None, run_after=None
[2026-05-16T12:08:51.466+0000] {processor.py:183} INFO - Processing /home/airflow/.local/lib/python3.12/site-packages/airflow/example_dags/example_python_operator.py took 0.023 seconds
[2026-05-16T12:09:22.227+0000] {processor.py:161} INFO - Started process (PID=13706) to work on /home/airflow/.local/lib/python3.12/site-packages/airflow/example_dags/example_python_operator.py
[2026-05-16T12:09:22.228+0000] {processor.py:830} INFO - Processing file /home/airflow/.local/lib/python3.12/site-packages/airflow/example_dags/example_python_operator.py for tasks to queue
[2026-05-16T12:09:22.228+0000] {logging_mixin.py:188} INFO - [2026-05-16T12:09:22.228+0000] {dagbag.py:545} INFO - Filling up the DagBag from /home/airflow/.local/lib/python3.12/site-packages/airflow/example_dags/example_python_operator.py
[2026-05-16T12:09:22.233+0000] {processor.py:840} INFO - DAG(s) 'example_python_operator' retrieved from /home/airflow/.local/lib/python3.12/site-packages/airflow/example_dags/example_python_operator.py
[2026-05-16T12:09:22.240+0000] {logging_mixin.py:188} INFO - [2026-05-16T12:09:22.240+0000] {dag.py:3089} INFO - Sync 1 DAGs
[2026-05-16T12:09:22.244+0000] {logging_mixin.py:188} INFO - [2026-05-16T12:09:22.244+0000] {dag.py:3947} INFO - Setting next_dagrun for example_python_operator to None, run_after=None
[2026-05-16T12:09:22.250+0000] {processor.py:183} INFO - Processing /home/airflow/.local/lib/python3.12/site-packages/airflow/example_dags/example_python_operator.py took 0.026 seconds
[2026-05-16T12:09:52.468+0000] {processor.py:161} INFO - Started process (PID=13768) to work on /home/airflow/.local/lib/python3.12/site-packages/airflow/example_dags/example_python_operator.py
[2026-05-16T12:09:52.468+0000] {processor.py:830} INFO - Processing file /home/airflow/.local/lib/python3.12/site-packages/airflow/example_dags/example_python_operator.py for tasks to queue
[2026-05-16T12:09:52.468+0000] {logging_mixin.py:188} INFO - [2026-05-16T12:09:52.468+0000] {dagbag.py:545} INFO - Filling up the DagBag from /home/airflow/.local/lib/python3.12/site-packages/airflow/example_dags/example_python_operator.py
[2026-05-16T12:09:52.474+0000] {processor.py:840} INFO - DAG(s) 'example_python_operator' retrieved from /home/airflow/.local/lib/python3.12/site-packages/airflow/example_dags/example_python_operator.py
[2026-05-16T12:09:52.483+0000] {logging_mixin.py:188} INFO - [2026-05-16T12:09:52.483+0000] {dag.py:3089} INFO - Sync 1 DAGs
[2026-05-16T12:09:52.489+0000] {logging_mixin.py:188} INFO - [2026-05-16T12:09:52.488+0000] {dag.py:3947} INFO - Setting next_dagrun for example_python_operator to None, run_after=None
[2026-05-16T12:09:52.498+0000] {processor.py:183} INFO - Processing /home/airflow/.local/lib/python3.12/site-packages/airflow/example_dags/example_python_operator.py took 0.034 seconds
[2026-05-16T12:10:23.422+0000] {processor.py:161} INFO - Started process (PID=13830) to work on /home/airflow/.local/lib/python3.12/site-packages/airflow/example_dags/example_python_operator.py
[2026-05-16T12:10:23.423+0000] {processor.py:830} INFO - Processing file /home/airflow/.local/lib/python3.12/site-packages/airflow/example_dags/example_python_operator.py for tasks to queue
[2026-05-16T12:10:23.423+0000] {logging_mixin.py:188} INFO - [2026-05-16T12:10:23.423+0000] {dagbag.py:545} INFO - Filling up the DagBag from /home/airflow/.local/lib/python3.12/site-packages/airflow/example_dags/example_python_operator.py
[2026-05-16T12:10:23.429+0000] {processor.py:840} INFO - DAG(s) 'example_python_operator' retrieved from /home/airflow/.local/lib/python3.12/site-packages/airflow/example_dags/example_python_operator.py
[2026-05-16T12:10:23.439+0000] {logging_mixin.py:188} INFO - [2026-05-16T12:10:23.439+0000] {dag.py:3089} INFO - Sync 1 DAGs
[2026-05-16T12:10:23.445+0000] {logging_mixin.py:188} INFO - [2026-05-16T12:10:23.445+0000] {dag.py:3947} INFO - Setting next_dagrun for example_python_operator to None, run_after=None
[2026-05-16T12:10:23.451+0000] {processor.py:183} INFO - Processing /home/airflow/.local/lib/python3.12/site-packages/airflow/example_dags/example_python_operator.py took 0.031 seconds
[2026-05-16T12:10:54.249+0000] {processor.py:161} INFO - Started process (PID=13892) to work on /home/airflow/.local/lib/python3.12/site-packages/airflow/example_dags/example_python_operator.py
[2026-05-16T12:10:54.249+0000] {processor.py:830} INFO - Processing file /home/airflow/.local/lib/python3.12/site-packages/airflow/example_dags/example_python_operator.py for tasks to queue
[2026-05-16T12:10:54.250+0000] {logging_mixin.py:188} INFO - [2026-05-16T12:10:54.250+0000] {dagbag.py:545} INFO - Filling up the DagBag from /home/airflow/.local/lib/python3.12/site-packages/airflow/example_dags/example_python_operator.py
[2026-05-16T12:10:54.261+0000] {processor.py:840} INFO - DAG(s) 'example_python_operator' retrieved from /home/airflow/.local/lib/python3.12/site-packages/airflow/example_dags/example_python_operator.py
[2026-05-16T12:10:54.272+0000] {logging_mixin.py:188} INFO - [2026-05-16T12:10:54.272+0000] {dag.py:3089} INFO - Sync 1 DAGs
[2026-05-16T12:10:54.278+0000] {logging_mixin.py:188} INFO - [2026-05-16T12:10:54.277+0000] {dag.py:3947} INFO - Setting next_dagrun for example_python_operator to None, run_after=None
[2026-05-16T12:10:54.285+0000] {processor.py:183} INFO - Processing /home/airflow/.local/lib/python3.12/site-packages/airflow/example_dags/example_python_operator.py took 0.039 seconds
[2026-05-16T12:11:24.965+0000] {processor.py:161} INFO - Started process (PID=13954) to work on /home/airflow/.local/lib/python3.12/site-packages/airflow/example_dags/example_python_operator.py
[2026-05-16T12:11:24.966+0000] {processor.py:830} INFO - Processing file /home/airflow/.local/lib/python3.12/site-packages/airflow/example_dags/example_python_operator.py for tasks to queue
[2026-05-16T12:11:24.966+0000] {logging_mixin.py:188} INFO - [2026-05-16T12:11:24.966+0000] {dagbag.py:545} INFO - Filling up the DagBag from /home/airflow/.local/lib/python3.12/site-packages/airflow/example_dags/example_python_operator.py
[2026-05-16T12:11:24.971+0000] {processor.py:840} INFO - DAG(s) 'example_python_operator' retrieved from /home/airflow/.local/lib/python3.12/site-packages/airflow/example_dags/example_python_operator.py
[2026-05-16T12:11:24.981+0000] {logging_mixin.py:188} INFO - [2026-05-16T12:11:24.981+0000] {dag.py:3089} INFO - Sync 1 DAGs
[2026-05-16T12:11:24.985+0000] {logging_mixin.py:188} INFO - [2026-05-16T12:11:24.985+0000] {dag.py:3947} INFO - Setting next_dagrun for example_python_operator to None, run_after=None
[2026-05-16T12:11:24.991+0000] {processor.py:183} INFO - Processing /home/airflow/.local/lib/python3.12/site-packages/airflow/example_dags/example_python_operator.py took 0.028 seconds
[2026-05-16T12:11:55.725+0000] {processor.py:161} INFO - Started process (PID=14015) to work on /home/airflow/.local/lib/python3.12/site-packages/airflow/example_dags/example_python_operator.py
[2026-05-16T12:11:55.725+0000] {processor.py:830} INFO - Processing file /home/airflow/.local/lib/python3.12/site-packages/airflow/example_dags/example_python_operator.py for tasks to queue
[2026-05-16T12:11:55.726+0000] {logging_mixin.py:188} INFO - [2026-05-16T12:11:55.726+0000] {dagbag.py:545} INFO - Filling up the DagBag from /home/airflow/.local/lib/python3.12/site-packages/airflow/example_dags/example_python_operator.py
[2026-05-16T12:11:55.732+0000] {processor.py:840} INFO - DAG(s) 'example_python_operator' retrieved from /home/airflow/.local/lib/python3.12/site-packages/airflow/example_dags/example_python_operator.py
[2026-05-16T12:11:55.742+0000] {logging_mixin.py:188} INFO - [2026-05-16T12:11:55.741+0000] {dag.py:3089} INFO - Sync 1 DAGs
[2026-05-16T12:11:55.746+0000] {logging_mixin.py:188} INFO - [2026-05-16T12:11:55.746+0000] {dag.py:3947} INFO - Setting next_dagrun for example_python_operator to None, run_after=None
[2026-05-16T12:11:55.751+0000] {processor.py:183} INFO - Processing /home/airflow/.local/lib/python3.12/site-packages/airflow/example_dags/example_python_operator.py took 0.028 seconds
[2026-05-16T12:12:26.482+0000] {processor.py:161} INFO - Started process (PID=14077) to work on /home/airflow/.local/lib/python3.12/site-packages/airflow/example_dags/example_python_operator.py
[2026-05-16T12:12:26.482+0000] {processor.py:830} INFO - Processing file /home/airflow/.local/lib/python3.12/site-packages/airflow/example_dags/example_python_operator.py for tasks to queue
[2026-05-16T12:12:26.483+0000] {logging_mixin.py:188} INFO - [2026-05-16T12:12:26.483+0000] {dagbag.py:545} INFO - Filling up the DagBag from /home/airflow/.local/lib/python3.12/site-packages/airflow/example_dags/example_python_operator.py
[2026-05-16T12:12:26.489+0000] {processor.py:840} INFO - DAG(s) 'example_python_operator' retrieved from /home/airflow/.local/lib/python3.12/site-packages/airflow/example_dags/example_python_operator.py
[2026-05-16T12:12:26.499+0000] {logging_mixin.py:188} INFO - [2026-05-16T12:12:26.499+0000] {dag.py:3089} INFO - Sync 1 DAGs
[2026-05-16T12:12:26.504+0000] {logging_mixin.py:188} INFO - [2026-05-16T12:12:26.504+0000] {dag.py:3947} INFO - Setting next_dagrun for example_python_operator to None, run_after=None
[2026-05-16T12:12:26.510+0000] {processor.py:183} INFO - Processing /home/airflow/.local/lib/python3.12/site-packages/airflow/example_dags/example_python_operator.py took 0.030 seconds
[2026-05-16T12:12:57.169+0000] {processor.py:161} INFO - Started process (PID=14138) to work on /home/airflow/.local/lib/python3.12/site-packages/airflow/example_dags/example_python_operator.py
[2026-05-16T12:12:57.169+0000] {processor.py:830} INFO - Processing file /home/airflow/.local/lib/python3.12/site-packages/airflow/example_dags/example_python_operator.py for tasks to queue
[2026-05-16T12:12:57.169+0000] {logging_mixin.py:188} INFO - [2026-05-16T12:12:57.169+0000] {dagbag.py:545} INFO - Filling up the DagBag from /home/airflow/.local/lib/python3.12/site-packages/airflow/example_dags/example_python_operator.py
[2026-05-16T12:12:57.173+0000] {processor.py:840} INFO - DAG(s) 'example_python_operator' retrieved from /home/airflow/.local/lib/python3.12/site-packages/airflow/example_dags/example_python_operator.py
[2026-05-16T12:12:57.181+0000] {logging_mixin.py:188} INFO - [2026-05-16T12:12:57.181+0000] {dag.py:3089} INFO - Sync 1 DAGs
[2026-05-16T12:12:57.186+0000] {logging_mixin.py:188} INFO - [2026-05-16T12:12:57.185+0000] {dag.py:3947} INFO - Setting next_dagrun for example_python_operator to None, run_after=None
[2026-05-16T12:12:57.190+0000] {processor.py:183} INFO - Processing /home/airflow/.local/lib/python3.12/site-packages/airflow/example_dags/example_python_operator.py took 0.024 seconds
[2026-05-16T12:13:27.772+0000] {processor.py:161} INFO - Started process (PID=14200) to work on /home/airflow/.local/lib/python3.12/site-packages/airflow/example_dags/example_python_operator.py
[2026-05-16T12:13:27.773+0000] {processor.py:830} INFO - Processing file /home/airflow/.local/lib/python3.12/site-packages/airflow/example_dags/example_python_operator.py for tasks to queue
[2026-05-16T12:13:27.773+0000] {logging_mixin.py:188} INFO - [2026-05-16T12:13:27.773+0000] {dagbag.py:545} INFO - Filling up the DagBag from /home/airflow/.local/lib/python3.12/site-packages/airflow/example_dags/example_python_operator.py
[2026-05-16T12:13:27.777+0000] {processor.py:840} INFO - DAG(s) 'example_python_operator' retrieved from /home/airflow/.local/lib/python3.12/site-packages/airflow/example_dags/example_python_operator.py
[2026-05-16T12:13:27.788+0000] {logging_mixin.py:188} INFO - [2026-05-16T12:13:27.788+0000] {dag.py:3089} INFO - Sync 1 DAGs
[2026-05-16T12:13:27.792+0000] {logging_mixin.py:188} INFO - [2026-05-16T12:13:27.792+0000] {dag.py:3947} INFO - Setting next_dagrun for example_python_operator to None, run_after=None
[2026-05-16T12:13:27.797+0000] {processor.py:183} INFO - Processing /home/airflow/.local/lib/python3.12/site-packages/airflow/example_dags/example_python_operator.py took 0.027 seconds
[2026-05-16T12:13:59.308+0000] {processor.py:161} INFO - Started process (PID=14262) to work on /home/airflow/.local/lib/python3.12/site-packages/airflow/example_dags/example_python_operator.py
[2026-05-16T12:13:59.310+0000] {processor.py:830} INFO - Processing file /home/airflow/.local/lib/python3.12/site-packages/airflow/example_dags/example_python_operator.py for tasks to queue
[2026-05-16T12:13:59.311+0000] {logging_mixin.py:188} INFO - [2026-05-16T12:13:59.311+0000] {dagbag.py:545} INFO - Filling up the DagBag from /home/airflow/.local/lib/python3.12/site-packages/airflow/example_dags/example_python_operator.py
[2026-05-16T12:13:59.316+0000] {processor.py:840} INFO - DAG(s) 'example_python_operator' retrieved from /home/airflow/.local/lib/python3.12/site-packages/airflow/example_dags/example_python_operator.py
[2026-05-16T12:13:59.325+0000] {logging_mixin.py:188} INFO - [2026-05-16T12:13:59.325+0000] {dag.py:3089} INFO - Sync 1 DAGs
[2026-05-16T12:13:59.329+0000] {logging_mixin.py:188} INFO - [2026-05-16T12:13:59.329+0000] {dag.py:3947} INFO - Setting next_dagrun for example_python_operator to None, run_after=None
[2026-05-16T12:13:59.334+0000] {processor.py:183} INFO - Processing /home/airflow/.local/lib/python3.12/site-packages/airflow/example_dags/example_python_operator.py took 0.029 seconds
[2026-05-16T12:14:29.956+0000] {processor.py:161} INFO - Started process (PID=14324) to work on /home/airflow/.local/lib/python3.12/site-packages/airflow/example_dags/example_python_operator.py
[2026-05-16T12:14:29.957+0000] {processor.py:830} INFO - Processing file /home/airflow/.local/lib/python3.12/site-packages/airflow/example_dags/example_python_operator.py for tasks to queue
[2026-05-16T12:14:29.957+0000] {logging_mixin.py:188} INFO - [2026-05-16T12:14:29.957+0000] {dagbag.py:545} INFO - Filling up the DagBag from /home/airflow/.local/lib/python3.12/site-packages/airflow/example_dags/example_python_operator.py
[2026-05-16T12:14:29.961+0000] {processor.py:840} INFO - DAG(s) 'example_python_operator' retrieved from /home/airflow/.local/lib/python3.12/site-packages/airflow/example_dags/example_python_operator.py
[2026-05-16T12:14:29.969+0000] {logging_mixin.py:188} INFO - [2026-05-16T12:14:29.969+0000] {dag.py:3089} INFO - Sync 1 DAGs
[2026-05-16T12:14:29.973+0000] {logging_mixin.py:188} INFO - [2026-05-16T12:14:29.973+0000] {dag.py:3947} INFO - Setting next_dagrun for example_python_operator to None, run_after=None
[2026-05-16T12:14:29.980+0000] {processor.py:183} INFO - Processing /home/airflow/.local/lib/python3.12/site-packages/airflow/example_dags/example_python_operator.py took 0.026 seconds
[2026-05-16T12:15:00.643+0000] {processor.py:161} INFO - Started process (PID=14386) to work on /home/airflow/.local/lib/python3.12/site-packages/airflow/example_dags/example_python_operator.py
[2026-05-16T12:15:00.643+0000] {processor.py:830} INFO - Processing file /home/airflow/.local/lib/python3.12/site-packages/airflow/example_dags/example_python_operator.py for tasks to queue
[2026-05-16T12:15:00.644+0000] {logging_mixin.py:188} INFO - [2026-05-16T12:15:00.643+0000] {dagbag.py:545} INFO - Filling up the DagBag from /home/airflow/.local/lib/python3.12/site-packages/airflow/example_dags/example_python_operator.py
[2026-05-16T12:15:00.648+0000] {processor.py:840} INFO - DAG(s) 'example_python_operator' retrieved from /home/airflow/.local/lib/python3.12/site-packages/airflow/example_dags/example_python_operator.py
[2026-05-16T12:15:00.656+0000] {logging_mixin.py:188} INFO - [2026-05-16T12:15:00.656+0000] {dag.py:3089} INFO - Sync 1 DAGs
[2026-05-16T12:15:00.659+0000] {logging_mixin.py:188} INFO - [2026-05-16T12:15:00.659+0000] {dag.py:3947} INFO - Setting next_dagrun for example_python_operator to None, run_after=None
[2026-05-16T12:15:00.664+0000] {processor.py:183} INFO - Processing /home/airflow/.local/lib/python3.12/site-packages/airflow/example_dags/example_python_operator.py took 0.024 seconds
[2026-05-16T12:15:31.049+0000] {processor.py:161} INFO - Started process (PID=14447) to work on /home/airflow/.local/lib/python3.12/site-packages/airflow/example_dags/example_python_operator.py
[2026-05-16T12:15:31.050+0000] {processor.py:830} INFO - Processing file /home/airflow/.local/lib/python3.12/site-packages/airflow/example_dags/example_python_operator.py for tasks to queue
[2026-05-16T12:15:31.050+0000] {logging_mixin.py:188} INFO - [2026-05-16T12:15:31.050+0000] {dagbag.py:545} INFO - Filling up the DagBag from /home/airflow/.local/lib/python3.12/site-packages/airflow/example_dags/example_python_operator.py
[2026-05-16T12:15:31.062+0000] {processor.py:840} INFO - DAG(s) 'example_python_operator' retrieved from /home/airflow/.local/lib/python3.12/site-packages/airflow/example_dags/example_python_operator.py
[2026-05-16T12:15:31.088+0000] {logging_mixin.py:188} INFO - [2026-05-16T12:15:31.088+0000] {dag.py:3089} INFO - Sync 1 DAGs
[2026-05-16T12:15:31.254+0000] {logging_mixin.py:188} INFO - [2026-05-16T12:15:31.254+0000] {dag.py:3947} INFO - Setting next_dagrun for example_python_operator to None, run_after=None
[2026-05-16T12:15:31.259+0000] {processor.py:183} INFO - Processing /home/airflow/.local/lib/python3.12/site-packages/airflow/example_dags/example_python_operator.py took 0.221 seconds
[2026-05-16T12:16:01.341+0000] {processor.py:161} INFO - Started process (PID=14509) to work on /home/airflow/.local/lib/python3.12/site-packages/airflow/example_dags/example_python_operator.py
[2026-05-16T12:16:01.343+0000] {processor.py:830} INFO - Processing file /home/airflow/.local/lib/python3.12/site-packages/airflow/example_dags/example_python_operator.py for tasks to queue
[2026-05-16T12:16:01.345+0000] {logging_mixin.py:188} INFO - [2026-05-16T12:16:01.345+0000] {dagbag.py:545} INFO - Filling up the DagBag from /home/airflow/.local/lib/python3.12/site-packages/airflow/example_dags/example_python_operator.py
[2026-05-16T12:16:01.352+0000] {processor.py:840} INFO - DAG(s) 'example_python_operator' retrieved from /home/airflow/.local/lib/python3.12/site-packages/airflow/example_dags/example_python_operator.py
[2026-05-16T12:16:01.367+0000] {logging_mixin.py:188} INFO - [2026-05-16T12:16:01.367+0000] {dag.py:3089} INFO - Sync 1 DAGs
[2026-05-16T12:16:01.375+0000] {logging_mixin.py:188} INFO - [2026-05-16T12:16:01.375+0000] {dag.py:3947} INFO - Setting next_dagrun for example_python_operator to None, run_after=None
[2026-05-16T12:16:01.541+0000] {processor.py:183} INFO - Processing /home/airflow/.local/lib/python3.12/site-packages/airflow/example_dags/example_python_operator.py took 0.205 seconds
[2026-05-16T12:16:31.757+0000] {processor.py:161} INFO - Started process (PID=14570) to work on /home/airflow/.local/lib/python3.12/site-packages/airflow/example_dags/example_python_operator.py
[2026-05-16T12:16:31.757+0000] {processor.py:830} INFO - Processing file /home/airflow/.local/lib/python3.12/site-packages/airflow/example_dags/example_python_operator.py for tasks to queue
[2026-05-16T12:16:31.758+0000] {logging_mixin.py:188} INFO - [2026-05-16T12:16:31.757+0000] {dagbag.py:545} INFO - Filling up the DagBag from /home/airflow/.local/lib/python3.12/site-packages/airflow/example_dags/example_python_operator.py
[2026-05-16T12:16:31.762+0000] {processor.py:840} INFO - DAG(s) 'example_python_operator' retrieved from /home/airflow/.local/lib/python3.12/site-packages/airflow/example_dags/example_python_operator.py
[2026-05-16T12:16:31.770+0000] {logging_mixin.py:188} INFO - [2026-05-16T12:16:31.770+0000] {dag.py:3089} INFO - Sync 1 DAGs
[2026-05-16T12:16:31.774+0000] {logging_mixin.py:188} INFO - [2026-05-16T12:16:31.774+0000] {dag.py:3947} INFO - Setting next_dagrun for example_python_operator to None, run_after=None
[2026-05-16T12:16:31.780+0000] {processor.py:183} INFO - Processing /home/airflow/.local/lib/python3.12/site-packages/airflow/example_dags/example_python_operator.py took 0.025 seconds
[2026-05-16T12:17:02.462+0000] {processor.py:161} INFO - Started process (PID=14631) to work on /home/airflow/.local/lib/python3.12/site-packages/airflow/example_dags/example_python_operator.py
[2026-05-16T12:17:02.462+0000] {processor.py:830} INFO - Processing file /home/airflow/.local/lib/python3.12/site-packages/airflow/example_dags/example_python_operator.py for tasks to queue
[2026-05-16T12:17:02.463+0000] {logging_mixin.py:188} INFO - [2026-05-16T12:17:02.463+0000] {dagbag.py:545} INFO - Filling up the DagBag from /home/airflow/.local/lib/python3.12/site-packages/airflow/example_dags/example_python_operator.py
[2026-05-16T12:17:02.470+0000] {processor.py:840} INFO - DAG(s) 'example_python_operator' retrieved from /home/airflow/.local/lib/python3.12/site-packages/airflow/example_dags/example_python_operator.py
[2026-05-16T12:17:02.478+0000] {logging_mixin.py:188} INFO - [2026-05-16T12:17:02.478+0000] {dag.py:3089} INFO - Sync 1 DAGs
[2026-05-16T12:17:02.482+0000] {logging_mixin.py:188} INFO - [2026-05-16T12:17:02.482+0000] {dag.py:3947} INFO - Setting next_dagrun for example_python_operator to None, run_after=None
[2026-05-16T12:17:02.486+0000] {processor.py:183} INFO - Processing /home/airflow/.local/lib/python3.12/site-packages/airflow/example_dags/example_python_operator.py took 0.027 seconds
[2026-05-16T12:17:33.075+0000] {processor.py:161} INFO - Started process (PID=14693) to work on /home/airflow/.local/lib/python3.12/site-packages/airflow/example_dags/example_python_operator.py
[2026-05-16T12:17:33.075+0000] {processor.py:830} INFO - Processing file /home/airflow/.local/lib/python3.12/site-packages/airflow/example_dags/example_python_operator.py for tasks to queue
[2026-05-16T12:17:33.076+0000] {logging_mixin.py:188} INFO - [2026-05-16T12:17:33.075+0000] {dagbag.py:545} INFO - Filling up the DagBag from /home/airflow/.local/lib/python3.12/site-packages/airflow/example_dags/example_python_operator.py
[2026-05-16T12:17:33.079+0000] {processor.py:840} INFO - DAG(s) 'example_python_operator' retrieved from /home/airflow/.local/lib/python3.12/site-packages/airflow/example_dags/example_python_operator.py
[2026-05-16T12:17:33.087+0000] {logging_mixin.py:188} INFO - [2026-05-16T12:17:33.087+0000] {dag.py:3089} INFO - Sync 1 DAGs
[2026-05-16T12:17:33.091+0000] {logging_mixin.py:188} INFO - [2026-05-16T12:17:33.091+0000] {dag.py:3947} INFO - Setting next_dagrun for example_python_operator to None, run_after=None
[2026-05-16T12:17:33.097+0000] {processor.py:183} INFO - Processing /home/airflow/.local/lib/python3.12/site-packages/airflow/example_dags/example_python_operator.py took 0.024 seconds
[2026-05-16T12:18:03.634+0000] {processor.py:161} INFO - Started process (PID=14755) to work on /home/airflow/.local/lib/python3.12/site-packages/airflow/example_dags/example_python_operator.py
[2026-05-16T12:18:03.634+0000] {processor.py:830} INFO - Processing file /home/airflow/.local/lib/python3.12/site-packages/airflow/example_dags/example_python_operator.py for tasks to queue
[2026-05-16T12:18:03.635+0000] {logging_mixin.py:188} INFO - [2026-05-16T12:18:03.634+0000] {dagbag.py:545} INFO - Filling up the DagBag from /home/airflow/.local/lib/python3.12/site-packages/airflow/example_dags/example_python_operator.py
[2026-05-16T12:18:03.639+0000] {processor.py:840} INFO - DAG(s) 'example_python_operator' retrieved from /home/airflow/.local/lib/python3.12/site-packages/airflow/example_dags/example_python_operator.py
[2026-05-16T12:18:03.646+0000] {logging_mixin.py:188} INFO - [2026-05-16T12:18:03.646+0000] {dag.py:3089} INFO - Sync 1 DAGs
[2026-05-16T12:18:03.650+0000] {logging_mixin.py:188} INFO - [2026-05-16T12:18:03.650+0000] {dag.py:3947} INFO - Setting next_dagrun for example_python_operator to None, run_after=None
[2026-05-16T12:18:03.654+0000] {processor.py:183} INFO - Processing /home/airflow/.local/lib/python3.12/site-packages/airflow/example_dags/example_python_operator.py took 0.023 seconds
[2026-05-16T12:18:34.183+0000] {processor.py:161} INFO - Started process (PID=14817) to work on /home/airflow/.local/lib/python3.12/site-packages/airflow/example_dags/example_python_operator.py
[2026-05-16T12:18:34.183+0000] {processor.py:830} INFO - Processing file /home/airflow/.local/lib/python3.12/site-packages/airflow/example_dags/example_python_operator.py for tasks to queue
[2026-05-16T12:18:34.183+0000] {logging_mixin.py:188} INFO - [2026-05-16T12:18:34.183+0000] {dagbag.py:545} INFO - Filling up the DagBag from /home/airflow/.local/lib/python3.12/site-packages/airflow/example_dags/example_python_operator.py
[2026-05-16T12:18:34.187+0000] {processor.py:840} INFO - DAG(s) 'example_python_operator' retrieved from /home/airflow/.local/lib/python3.12/site-packages/airflow/example_dags/example_python_operator.py
[2026-05-16T12:18:34.196+0000] {logging_mixin.py:188} INFO - [2026-05-16T12:18:34.196+0000] {dag.py:3089} INFO - Sync 1 DAGs
[2026-05-16T12:18:34.202+0000] {logging_mixin.py:188} INFO - [2026-05-16T12:18:34.202+0000] {dag.py:3947} INFO - Setting next_dagrun for example_python_operator to None, run_after=None
[2026-05-16T12:18:34.208+0000] {processor.py:183} INFO - Processing /home/airflow/.local/lib/python3.12/site-packages/airflow/example_dags/example_python_operator.py took 0.027 seconds
[2026-05-16T12:19:04.868+0000] {processor.py:161} INFO - Started process (PID=14879) to work on /home/airflow/.local/lib/python3.12/site-packages/airflow/example_dags/example_python_operator.py
[2026-05-16T12:19:04.868+0000] {processor.py:830} INFO - Processing file /home/airflow/.local/lib/python3.12/site-packages/airflow/example_dags/example_python_operator.py for tasks to queue
[2026-05-16T12:19:04.869+0000] {logging_mixin.py:188} INFO - [2026-05-16T12:19:04.869+0000] {dagbag.py:545} INFO - Filling up the DagBag from /home/airflow/.local/lib/python3.12/site-packages/airflow/example_dags/example_python_operator.py
[2026-05-16T12:19:04.873+0000] {processor.py:840} INFO - DAG(s) 'example_python_operator' retrieved from /home/airflow/.local/lib/python3.12/site-packages/airflow/example_dags/example_python_operator.py
[2026-05-16T12:19:04.880+0000] {logging_mixin.py:188} INFO - [2026-05-16T12:19:04.880+0000] {dag.py:3089} INFO - Sync 1 DAGs
[2026-05-16T12:19:04.884+0000] {logging_mixin.py:188} INFO - [2026-05-16T12:19:04.884+0000] {dag.py:3947} INFO - Setting next_dagrun for example_python_operator to None, run_after=None
[2026-05-16T12:19:04.889+0000] {processor.py:183} INFO - Processing /home/airflow/.local/lib/python3.12/site-packages/airflow/example_dags/example_python_operator.py took 0.023 seconds
[2026-05-16T12:19:35.410+0000] {processor.py:161} INFO - Started process (PID=14941) to work on /home/airflow/.local/lib/python3.12/site-packages/airflow/example_dags/example_python_operator.py
[2026-05-16T12:19:35.410+0000] {processor.py:830} INFO - Processing file /home/airflow/.local/lib/python3.12/site-packages/airflow/example_dags/example_python_operator.py for tasks to queue
[2026-05-16T12:19:35.410+0000] {logging_mixin.py:188} INFO - [2026-05-16T12:19:35.410+0000] {dagbag.py:545} INFO - Filling up the DagBag from /home/airflow/.local/lib/python3.12/site-packages/airflow/example_dags/example_python_operator.py
[2026-05-16T12:19:35.414+0000] {processor.py:840} INFO - DAG(s) 'example_python_operator' retrieved from /home/airflow/.local/lib/python3.12/site-packages/airflow/example_dags/example_python_operator.py
[2026-05-16T12:19:35.423+0000] {logging_mixin.py:188} INFO - [2026-05-16T12:19:35.422+0000] {dag.py:3089} INFO - Sync 1 DAGs
[2026-05-16T12:19:35.427+0000] {logging_mixin.py:188} INFO - [2026-05-16T12:19:35.426+0000] {dag.py:3947} INFO - Setting next_dagrun for example_python_operator to None, run_after=None
[2026-05-16T12:19:35.431+0000] {processor.py:183} INFO - Processing /home/airflow/.local/lib/python3.12/site-packages/airflow/example_dags/example_python_operator.py took 0.024 seconds
[2026-05-16T12:20:05.849+0000] {processor.py:161} INFO - Started process (PID=15003) to work on /home/airflow/.local/lib/python3.12/site-packages/airflow/example_dags/example_python_operator.py
[2026-05-16T12:20:05.849+0000] {processor.py:830} INFO - Processing file /home/airflow/.local/lib/python3.12/site-packages/airflow/example_dags/example_python_operator.py for tasks to queue
[2026-05-16T12:20:05.850+0000] {logging_mixin.py:188} INFO - [2026-05-16T12:20:05.849+0000] {dagbag.py:545} INFO - Filling up the DagBag from /home/airflow/.local/lib/python3.12/site-packages/airflow/example_dags/example_python_operator.py
[2026-05-16T12:20:05.854+0000] {processor.py:840} INFO - DAG(s) 'example_python_operator' retrieved from /home/airflow/.local/lib/python3.12/site-packages/airflow/example_dags/example_python_operator.py
[2026-05-16T12:20:05.862+0000] {logging_mixin.py:188} INFO - [2026-05-16T12:20:05.862+0000] {dag.py:3089} INFO - Sync 1 DAGs
[2026-05-16T12:20:05.866+0000] {logging_mixin.py:188} INFO - [2026-05-16T12:20:05.866+0000] {dag.py:3947} INFO - Setting next_dagrun for example_python_operator to None, run_after=None
[2026-05-16T12:20:05.871+0000] {processor.py:183} INFO - Processing /home/airflow/.local/lib/python3.12/site-packages/airflow/example_dags/example_python_operator.py took 0.025 seconds
[2026-05-16T12:20:36.425+0000] {processor.py:161} INFO - Started process (PID=15065) to work on /home/airflow/.local/lib/python3.12/site-packages/airflow/example_dags/example_python_operator.py
[2026-05-16T12:20:36.425+0000] {processor.py:830} INFO - Processing file /home/airflow/.local/lib/python3.12/site-packages/airflow/example_dags/example_python_operator.py for tasks to queue
[2026-05-16T12:20:36.426+0000] {logging_mixin.py:188} INFO - [2026-05-16T12:20:36.425+0000] {dagbag.py:545} INFO - Filling up the DagBag from /home/airflow/.local/lib/python3.12/site-packages/airflow/example_dags/example_python_operator.py
[2026-05-16T12:20:36.430+0000] {processor.py:840} INFO - DAG(s) 'example_python_operator' retrieved from /home/airflow/.local/lib/python3.12/site-packages/airflow/example_dags/example_python_operator.py
[2026-05-16T12:20:36.437+0000] {logging_mixin.py:188} INFO - [2026-05-16T12:20:36.437+0000] {dag.py:3089} INFO - Sync 1 DAGs
[2026-05-16T12:20:36.441+0000] {logging_mixin.py:188} INFO - [2026-05-16T12:20:36.441+0000] {dag.py:3947} INFO - Setting next_dagrun for example_python_operator to None, run_after=None
[2026-05-16T12:20:36.445+0000] {processor.py:183} INFO - Processing /home/airflow/.local/lib/python3.12/site-packages/airflow/example_dags/example_python_operator.py took 0.023 seconds
[2026-05-16T12:21:06.991+0000] {processor.py:161} INFO - Started process (PID=15127) to work on /home/airflow/.local/lib/python3.12/site-packages/airflow/example_dags/example_python_operator.py
[2026-05-16T12:21:06.991+0000] {processor.py:830} INFO - Processing file /home/airflow/.local/lib/python3.12/site-packages/airflow/example_dags/example_python_operator.py for tasks to queue
[2026-05-16T12:21:06.991+0000] {logging_mixin.py:188} INFO - [2026-05-16T12:21:06.991+0000] {dagbag.py:545} INFO - Filling up the DagBag from /home/airflow/.local/lib/python3.12/site-packages/airflow/example_dags/example_python_operator.py
[2026-05-16T12:21:06.997+0000] {processor.py:840} INFO - DAG(s) 'example_python_operator' retrieved from /home/airflow/.local/lib/python3.12/site-packages/airflow/example_dags/example_python_operator.py
[2026-05-16T12:21:07.007+0000] {logging_mixin.py:188} INFO - [2026-05-16T12:21:07.007+0000] {dag.py:3089} INFO - Sync 1 DAGs
[2026-05-16T12:21:07.012+0000] {logging_mixin.py:188} INFO - [2026-05-16T12:21:07.012+0000] {dag.py:3947} INFO - Setting next_dagrun for example_python_operator to None, run_after=None
[2026-05-16T12:21:07.022+0000] {processor.py:183} INFO - Processing /home/airflow/.local/lib/python3.12/site-packages/airflow/example_dags/example_python_operator.py took 0.034 seconds
[2026-05-16T12:21:37.538+0000] {processor.py:161} INFO - Started process (PID=15189) to work on /home/airflow/.local/lib/python3.12/site-packages/airflow/example_dags/example_python_operator.py
[2026-05-16T12:21:37.538+0000] {processor.py:830} INFO - Processing file /home/airflow/.local/lib/python3.12/site-packages/airflow/example_dags/example_python_operator.py for tasks to queue
[2026-05-16T12:21:37.539+0000] {logging_mixin.py:188} INFO - [2026-05-16T12:21:37.539+0000] {dagbag.py:545} INFO - Filling up the DagBag from /home/airflow/.local/lib/python3.12/site-packages/airflow/example_dags/example_python_operator.py
[2026-05-16T12:21:37.543+0000] {processor.py:840} INFO - DAG(s) 'example_python_operator' retrieved from /home/airflow/.local/lib/python3.12/site-packages/airflow/example_dags/example_python_operator.py
[2026-05-16T12:21:37.551+0000] {logging_mixin.py:188} INFO - [2026-05-16T12:21:37.551+0000] {dag.py:3089} INFO - Sync 1 DAGs
[2026-05-16T12:21:37.556+0000] {logging_mixin.py:188} INFO - [2026-05-16T12:21:37.556+0000] {dag.py:3947} INFO - Setting next_dagrun for example_python_operator to None, run_after=None
[2026-05-16T12:21:37.560+0000] {processor.py:183} INFO - Processing /home/airflow/.local/lib/python3.12/site-packages/airflow/example_dags/example_python_operator.py took 0.026 seconds
[2026-05-16T12:22:07.992+0000] {processor.py:161} INFO - Started process (PID=15251) to work on /home/airflow/.local/lib/python3.12/site-packages/airflow/example_dags/example_python_operator.py
[2026-05-16T12:22:07.992+0000] {processor.py:830} INFO - Processing file /home/airflow/.local/lib/python3.12/site-packages/airflow/example_dags/example_python_operator.py for tasks to queue
[2026-05-16T12:22:07.993+0000] {logging_mixin.py:188} INFO - [2026-05-16T12:22:07.992+0000] {dagbag.py:545} INFO - Filling up the DagBag from /home/airflow/.local/lib/python3.12/site-packages/airflow/example_dags/example_python_operator.py
[2026-05-16T12:22:07.999+0000] {processor.py:840} INFO - DAG(s) 'example_python_operator' retrieved from /home/airflow/.local/lib/python3.12/site-packages/airflow/example_dags/example_python_operator.py
[2026-05-16T12:22:08.008+0000] {logging_mixin.py:188} INFO - [2026-05-16T12:22:08.008+0000] {dag.py:3089} INFO - Sync 1 DAGs
[2026-05-16T12:22:08.012+0000] {logging_mixin.py:188} INFO - [2026-05-16T12:22:08.012+0000] {dag.py:3947} INFO - Setting next_dagrun for example_python_operator to None, run_after=None
[2026-05-16T12:22:08.017+0000] {processor.py:183} INFO - Processing /home/airflow/.local/lib/python3.12/site-packages/airflow/example_dags/example_python_operator.py took 0.027 seconds
[2026-05-16T12:22:38.539+0000] {processor.py:161} INFO - Started process (PID=15313) to work on /home/airflow/.local/lib/python3.12/site-packages/airflow/example_dags/example_python_operator.py
[2026-05-16T12:22:38.539+0000] {processor.py:830} INFO - Processing file /home/airflow/.local/lib/python3.12/site-packages/airflow/example_dags/example_python_operator.py for tasks to queue
[2026-05-16T12:22:38.539+0000] {logging_mixin.py:188} INFO - [2026-05-16T12:22:38.539+0000] {dagbag.py:545} INFO - Filling up the DagBag from /home/airflow/.local/lib/python3.12/site-packages/airflow/example_dags/example_python_operator.py
[2026-05-16T12:22:38.544+0000] {processor.py:840} INFO - DAG(s) 'example_python_operator' retrieved from /home/airflow/.local/lib/python3.12/site-packages/airflow/example_dags/example_python_operator.py
[2026-05-16T12:22:38.552+0000] {logging_mixin.py:188} INFO - [2026-05-16T12:22:38.552+0000] {dag.py:3089} INFO - Sync 1 DAGs
[2026-05-16T12:22:38.556+0000] {logging_mixin.py:188} INFO - [2026-05-16T12:22:38.556+0000] {dag.py:3947} INFO - Setting next_dagrun for example_python_operator to None, run_after=None
[2026-05-16T12:22:38.561+0000] {processor.py:183} INFO - Processing /home/airflow/.local/lib/python3.12/site-packages/airflow/example_dags/example_python_operator.py took 0.025 seconds
[2026-05-16T12:23:09.075+0000] {processor.py:161} INFO - Started process (PID=15375) to work on /home/airflow/.local/lib/python3.12/site-packages/airflow/example_dags/example_python_operator.py
[2026-05-16T12:23:09.076+0000] {processor.py:830} INFO - Processing file /home/airflow/.local/lib/python3.12/site-packages/airflow/example_dags/example_python_operator.py for tasks to queue
[2026-05-16T12:23:09.076+0000] {logging_mixin.py:188} INFO - [2026-05-16T12:23:09.076+0000] {dagbag.py:545} INFO - Filling up the DagBag from /home/airflow/.local/lib/python3.12/site-packages/airflow/example_dags/example_python_operator.py
[2026-05-16T12:23:09.081+0000] {processor.py:840} INFO - DAG(s) 'example_python_operator' retrieved from /home/airflow/.local/lib/python3.12/site-packages/airflow/example_dags/example_python_operator.py
[2026-05-16T12:23:09.090+0000] {logging_mixin.py:188} INFO - [2026-05-16T12:23:09.090+0000] {dag.py:3089} INFO - Sync 1 DAGs
[2026-05-16T12:23:09.095+0000] {logging_mixin.py:188} INFO - [2026-05-16T12:23:09.095+0000] {dag.py:3947} INFO - Setting next_dagrun for example_python_operator to None, run_after=None
[2026-05-16T12:23:09.101+0000] {processor.py:183} INFO - Processing /home/airflow/.local/lib/python3.12/site-packages/airflow/example_dags/example_python_operator.py took 0.029 seconds
[2026-05-16T12:23:39.630+0000] {processor.py:161} INFO - Started process (PID=15437) to work on /home/airflow/.local/lib/python3.12/site-packages/airflow/example_dags/example_python_operator.py
[2026-05-16T12:23:39.630+0000] {processor.py:830} INFO - Processing file /home/airflow/.local/lib/python3.12/site-packages/airflow/example_dags/example_python_operator.py for tasks to queue
[2026-05-16T12:23:39.630+0000] {logging_mixin.py:188} INFO - [2026-05-16T12:23:39.630+0000] {dagbag.py:545} INFO - Filling up the DagBag from /home/airflow/.local/lib/python3.12/site-packages/airflow/example_dags/example_python_operator.py
[2026-05-16T12:23:39.635+0000] {processor.py:840} INFO - DAG(s) 'example_python_operator' retrieved from /home/airflow/.local/lib/python3.12/site-packages/airflow/example_dags/example_python_operator.py
[2026-05-16T12:23:39.643+0000] {logging_mixin.py:188} INFO - [2026-05-16T12:23:39.643+0000] {dag.py:3089} INFO - Sync 1 DAGs
[2026-05-16T12:23:39.647+0000] {logging_mixin.py:188} INFO - [2026-05-16T12:23:39.647+0000] {dag.py:3947} INFO - Setting next_dagrun for example_python_operator to None, run_after=None
[2026-05-16T12:23:39.653+0000] {processor.py:183} INFO - Processing /home/airflow/.local/lib/python3.12/site-packages/airflow/example_dags/example_python_operator.py took 0.025 seconds
[2026-05-16T12:24:10.190+0000] {processor.py:161} INFO - Started process (PID=15499) to work on /home/airflow/.local/lib/python3.12/site-packages/airflow/example_dags/example_python_operator.py
[2026-05-16T12:24:10.191+0000] {processor.py:830} INFO - Processing file /home/airflow/.local/lib/python3.12/site-packages/airflow/example_dags/example_python_operator.py for tasks to queue
[2026-05-16T12:24:10.191+0000] {logging_mixin.py:188} INFO - [2026-05-16T12:24:10.191+0000] {dagbag.py:545} INFO - Filling up the DagBag from /home/airflow/.local/lib/python3.12/site-packages/airflow/example_dags/example_python_operator.py
[2026-05-16T12:24:10.195+0000] {processor.py:840} INFO - DAG(s) 'example_python_operator' retrieved from /home/airflow/.local/lib/python3.12/site-packages/airflow/example_dags/example_python_operator.py
[2026-05-16T12:24:10.203+0000] {logging_mixin.py:188} INFO - [2026-05-16T12:24:10.203+0000] {dag.py:3089} INFO - Sync 1 DAGs
[2026-05-16T12:24:10.207+0000] {logging_mixin.py:188} INFO - [2026-05-16T12:24:10.207+0000] {dag.py:3947} INFO - Setting next_dagrun for example_python_operator to None, run_after=None
[2026-05-16T12:24:10.211+0000] {processor.py:183} INFO - Processing /home/airflow/.local/lib/python3.12/site-packages/airflow/example_dags/example_python_operator.py took 0.024 seconds
[2026-05-16T12:24:40.693+0000] {processor.py:161} INFO - Started process (PID=15561) to work on /home/airflow/.local/lib/python3.12/site-packages/airflow/example_dags/example_python_operator.py
[2026-05-16T12:24:40.697+0000] {processor.py:830} INFO - Processing file /home/airflow/.local/lib/python3.12/site-packages/airflow/example_dags/example_python_operator.py for tasks to queue
[2026-05-16T12:24:40.697+0000] {logging_mixin.py:188} INFO - [2026-05-16T12:24:40.697+0000] {dagbag.py:545} INFO - Filling up the DagBag from /home/airflow/.local/lib/python3.12/site-packages/airflow/example_dags/example_python_operator.py
[2026-05-16T12:24:40.706+0000] {processor.py:840} INFO - DAG(s) 'example_python_operator' retrieved from /home/airflow/.local/lib/python3.12/site-packages/airflow/example_dags/example_python_operator.py
[2026-05-16T12:24:40.717+0000] {logging_mixin.py:188} INFO - [2026-05-16T12:24:40.717+0000] {dag.py:3089} INFO - Sync 1 DAGs
[2026-05-16T12:24:40.726+0000] {logging_mixin.py:188} INFO - [2026-05-16T12:24:40.726+0000] {dag.py:3947} INFO - Setting next_dagrun for example_python_operator to None, run_after=None
[2026-05-16T12:24:40.735+0000] {processor.py:183} INFO - Processing /home/airflow/.local/lib/python3.12/site-packages/airflow/example_dags/example_python_operator.py took 0.046 seconds
[2026-05-16T12:25:11.374+0000] {processor.py:161} INFO - Started process (PID=15623) to work on /home/airflow/.local/lib/python3.12/site-packages/airflow/example_dags/example_python_operator.py
[2026-05-16T12:25:11.376+0000] {processor.py:830} INFO - Processing file /home/airflow/.local/lib/python3.12/site-packages/airflow/example_dags/example_python_operator.py for tasks to queue
[2026-05-16T12:25:11.377+0000] {logging_mixin.py:188} INFO - [2026-05-16T12:25:11.376+0000] {dagbag.py:545} INFO - Filling up the DagBag from /home/airflow/.local/lib/python3.12/site-packages/airflow/example_dags/example_python_operator.py
[2026-05-16T12:25:11.386+0000] {processor.py:840} INFO - DAG(s) 'example_python_operator' retrieved from /home/airflow/.local/lib/python3.12/site-packages/airflow/example_dags/example_python_operator.py
[2026-05-16T12:25:11.400+0000] {logging_mixin.py:188} INFO - [2026-05-16T12:25:11.400+0000] {dag.py:3089} INFO - Sync 1 DAGs
[2026-05-16T12:25:11.409+0000] {logging_mixin.py:188} INFO - [2026-05-16T12:25:11.409+0000] {dag.py:3947} INFO - Setting next_dagrun for example_python_operator to None, run_after=None
[2026-05-16T12:25:11.423+0000] {processor.py:183} INFO - Processing /home/airflow/.local/lib/python3.12/site-packages/airflow/example_dags/example_python_operator.py took 0.054 seconds
[2026-05-16T12:25:42.088+0000] {processor.py:161} INFO - Started process (PID=15685) to work on /home/airflow/.local/lib/python3.12/site-packages/airflow/example_dags/example_python_operator.py
[2026-05-16T12:25:42.089+0000] {processor.py:830} INFO - Processing file /home/airflow/.local/lib/python3.12/site-packages/airflow/example_dags/example_python_operator.py for tasks to queue
[2026-05-16T12:25:42.089+0000] {logging_mixin.py:188} INFO - [2026-05-16T12:25:42.089+0000] {dagbag.py:545} INFO - Filling up the DagBag from /home/airflow/.local/lib/python3.12/site-packages/airflow/example_dags/example_python_operator.py
[2026-05-16T12:25:42.094+0000] {processor.py:840} INFO - DAG(s) 'example_python_operator' retrieved from /home/airflow/.local/lib/python3.12/site-packages/airflow/example_dags/example_python_operator.py
[2026-05-16T12:25:42.104+0000] {logging_mixin.py:188} INFO - [2026-05-16T12:25:42.104+0000] {dag.py:3089} INFO - Sync 1 DAGs
[2026-05-16T12:25:42.109+0000] {logging_mixin.py:188} INFO - [2026-05-16T12:25:42.109+0000] {dag.py:3947} INFO - Setting next_dagrun for example_python_operator to None, run_after=None
[2026-05-16T12:25:42.115+0000] {processor.py:183} INFO - Processing /home/airflow/.local/lib/python3.12/site-packages/airflow/example_dags/example_python_operator.py took 0.030 seconds
[2026-05-16T12:26:12.599+0000] {processor.py:161} INFO - Started process (PID=15747) to work on /home/airflow/.local/lib/python3.12/site-packages/airflow/example_dags/example_python_operator.py
[2026-05-16T12:26:12.600+0000] {processor.py:830} INFO - Processing file /home/airflow/.local/lib/python3.12/site-packages/airflow/example_dags/example_python_operator.py for tasks to queue
[2026-05-16T12:26:12.600+0000] {logging_mixin.py:188} INFO - [2026-05-16T12:26:12.600+0000] {dagbag.py:545} INFO - Filling up the DagBag from /home/airflow/.local/lib/python3.12/site-packages/airflow/example_dags/example_python_operator.py
[2026-05-16T12:26:12.607+0000] {processor.py:840} INFO - DAG(s) 'example_python_operator' retrieved from /home/airflow/.local/lib/python3.12/site-packages/airflow/example_dags/example_python_operator.py
[2026-05-16T12:26:12.615+0000] {logging_mixin.py:188} INFO - [2026-05-16T12:26:12.615+0000] {dag.py:3089} INFO - Sync 1 DAGs
[2026-05-16T12:26:12.619+0000] {logging_mixin.py:188} INFO - [2026-05-16T12:26:12.619+0000] {dag.py:3947} INFO - Setting next_dagrun for example_python_operator to None, run_after=None
[2026-05-16T12:26:12.624+0000] {processor.py:183} INFO - Processing /home/airflow/.local/lib/python3.12/site-packages/airflow/example_dags/example_python_operator.py took 0.027 seconds
[2026-05-16T12:26:43.177+0000] {processor.py:161} INFO - Started process (PID=15810) to work on /home/airflow/.local/lib/python3.12/site-packages/airflow/example_dags/example_python_operator.py
[2026-05-16T12:26:43.177+0000] {processor.py:830} INFO - Processing file /home/airflow/.local/lib/python3.12/site-packages/airflow/example_dags/example_python_operator.py for tasks to queue
[2026-05-16T12:26:43.178+0000] {logging_mixin.py:188} INFO - [2026-05-16T12:26:43.178+0000] {dagbag.py:545} INFO - Filling up the DagBag from /home/airflow/.local/lib/python3.12/site-packages/airflow/example_dags/example_python_operator.py
[2026-05-16T12:26:43.185+0000] {processor.py:840} INFO - DAG(s) 'example_python_operator' retrieved from /home/airflow/.local/lib/python3.12/site-packages/airflow/example_dags/example_python_operator.py
[2026-05-16T12:26:43.193+0000] {logging_mixin.py:188} INFO - [2026-05-16T12:26:43.192+0000] {dag.py:3089} INFO - Sync 1 DAGs
[2026-05-16T12:26:43.198+0000] {logging_mixin.py:188} INFO - [2026-05-16T12:26:43.198+0000] {dag.py:3947} INFO - Setting next_dagrun for example_python_operator to None, run_after=None
[2026-05-16T12:26:43.203+0000] {processor.py:183} INFO - Processing /home/airflow/.local/lib/python3.12/site-packages/airflow/example_dags/example_python_operator.py took 0.028 seconds
[2026-05-16T12:27:13.763+0000] {processor.py:161} INFO - Started process (PID=15878) to work on /home/airflow/.local/lib/python3.12/site-packages/airflow/example_dags/example_python_operator.py
[2026-05-16T12:27:13.764+0000] {processor.py:830} INFO - Processing file /home/airflow/.local/lib/python3.12/site-packages/airflow/example_dags/example_python_operator.py for tasks to queue
[2026-05-16T12:27:13.764+0000] {logging_mixin.py:188} INFO - [2026-05-16T12:27:13.764+0000] {dagbag.py:545} INFO - Filling up the DagBag from /home/airflow/.local/lib/python3.12/site-packages/airflow/example_dags/example_python_operator.py
[2026-05-16T12:27:13.770+0000] {processor.py:840} INFO - DAG(s) 'example_python_operator' retrieved from /home/airflow/.local/lib/python3.12/site-packages/airflow/example_dags/example_python_operator.py
[2026-05-16T12:27:13.780+0000] {logging_mixin.py:188} INFO - [2026-05-16T12:27:13.780+0000] {dag.py:3089} INFO - Sync 1 DAGs
[2026-05-16T12:27:13.784+0000] {logging_mixin.py:188} INFO - [2026-05-16T12:27:13.784+0000] {dag.py:3947} INFO - Setting next_dagrun for example_python_operator to None, run_after=None
[2026-05-16T12:27:13.789+0000] {processor.py:183} INFO - Processing /home/airflow/.local/lib/python3.12/site-packages/airflow/example_dags/example_python_operator.py took 0.029 seconds
[2026-05-16T12:27:44.312+0000] {processor.py:161} INFO - Started process (PID=15940) to work on /home/airflow/.local/lib/python3.12/site-packages/airflow/example_dags/example_python_operator.py
[2026-05-16T12:27:44.312+0000] {processor.py:830} INFO - Processing file /home/airflow/.local/lib/python3.12/site-packages/airflow/example_dags/example_python_operator.py for tasks to queue
[2026-05-16T12:27:44.312+0000] {logging_mixin.py:188} INFO - [2026-05-16T12:27:44.312+0000] {dagbag.py:545} INFO - Filling up the DagBag from /home/airflow/.local/lib/python3.12/site-packages/airflow/example_dags/example_python_operator.py
[2026-05-16T12:27:44.317+0000] {processor.py:840} INFO - DAG(s) 'example_python_operator' retrieved from /home/airflow/.local/lib/python3.12/site-packages/airflow/example_dags/example_python_operator.py
[2026-05-16T12:27:44.324+0000] {logging_mixin.py:188} INFO - [2026-05-16T12:27:44.324+0000] {dag.py:3089} INFO - Sync 1 DAGs
[2026-05-16T12:27:44.328+0000] {logging_mixin.py:188} INFO - [2026-05-16T12:27:44.328+0000] {dag.py:3947} INFO - Setting next_dagrun for example_python_operator to None, run_after=None
[2026-05-16T12:27:44.333+0000] {processor.py:183} INFO - Processing /home/airflow/.local/lib/python3.12/site-packages/airflow/example_dags/example_python_operator.py took 0.024 seconds
[2026-05-16T12:28:14.696+0000] {processor.py:161} INFO - Started process (PID=16002) to work on /home/airflow/.local/lib/python3.12/site-packages/airflow/example_dags/example_python_operator.py
[2026-05-16T12:28:14.696+0000] {processor.py:830} INFO - Processing file /home/airflow/.local/lib/python3.12/site-packages/airflow/example_dags/example_python_operator.py for tasks to queue
[2026-05-16T12:28:14.696+0000] {logging_mixin.py:188} INFO - [2026-05-16T12:28:14.696+0000] {dagbag.py:545} INFO - Filling up the DagBag from /home/airflow/.local/lib/python3.12/site-packages/airflow/example_dags/example_python_operator.py
[2026-05-16T12:28:14.700+0000] {processor.py:840} INFO - DAG(s) 'example_python_operator' retrieved from /home/airflow/.local/lib/python3.12/site-packages/airflow/example_dags/example_python_operator.py
[2026-05-16T12:28:14.710+0000] {logging_mixin.py:188} INFO - [2026-05-16T12:28:14.710+0000] {dag.py:3089} INFO - Sync 1 DAGs
[2026-05-16T12:28:14.714+0000] {logging_mixin.py:188} INFO - [2026-05-16T12:28:14.714+0000] {dag.py:3947} INFO - Setting next_dagrun for example_python_operator to None, run_after=None
[2026-05-16T12:28:14.719+0000] {processor.py:183} INFO - Processing /home/airflow/.local/lib/python3.12/site-packages/airflow/example_dags/example_python_operator.py took 0.026 seconds
[2026-05-16T12:28:45.296+0000] {processor.py:161} INFO - Started process (PID=16064) to work on /home/airflow/.local/lib/python3.12/site-packages/airflow/example_dags/example_python_operator.py
[2026-05-16T12:28:45.297+0000] {processor.py:830} INFO - Processing file /home/airflow/.local/lib/python3.12/site-packages/airflow/example_dags/example_python_operator.py for tasks to queue
[2026-05-16T12:28:45.297+0000] {logging_mixin.py:188} INFO - [2026-05-16T12:28:45.297+0000] {dagbag.py:545} INFO - Filling up the DagBag from /home/airflow/.local/lib/python3.12/site-packages/airflow/example_dags/example_python_operator.py
[2026-05-16T12:28:45.302+0000] {processor.py:840} INFO - DAG(s) 'example_python_operator' retrieved from /home/airflow/.local/lib/python3.12/site-packages/airflow/example_dags/example_python_operator.py
[2026-05-16T12:28:45.311+0000] {logging_mixin.py:188} INFO - [2026-05-16T12:28:45.311+0000] {dag.py:3089} INFO - Sync 1 DAGs
[2026-05-16T12:28:45.316+0000] {logging_mixin.py:188} INFO - [2026-05-16T12:28:45.316+0000] {dag.py:3947} INFO - Setting next_dagrun for example_python_operator to None, run_after=None
[2026-05-16T12:28:45.321+0000] {processor.py:183} INFO - Processing /home/airflow/.local/lib/python3.12/site-packages/airflow/example_dags/example_python_operator.py took 0.027 seconds
[2026-05-16T12:29:15.890+0000] {processor.py:161} INFO - Started process (PID=16126) to work on /home/airflow/.local/lib/python3.12/site-packages/airflow/example_dags/example_python_operator.py
[2026-05-16T12:29:15.890+0000] {processor.py:830} INFO - Processing file /home/airflow/.local/lib/python3.12/site-packages/airflow/example_dags/example_python_operator.py for tasks to queue
[2026-05-16T12:29:15.890+0000] {logging_mixin.py:188} INFO - [2026-05-16T12:29:15.890+0000] {dagbag.py:545} INFO - Filling up the DagBag from /home/airflow/.local/lib/python3.12/site-packages/airflow/example_dags/example_python_operator.py
[2026-05-16T12:29:15.898+0000] {processor.py:840} INFO - DAG(s) 'example_python_operator' retrieved from /home/airflow/.local/lib/python3.12/site-packages/airflow/example_dags/example_python_operator.py
[2026-05-16T12:29:15.908+0000] {logging_mixin.py:188} INFO - [2026-05-16T12:29:15.908+0000] {dag.py:3089} INFO - Sync 1 DAGs
[2026-05-16T12:29:15.913+0000] {logging_mixin.py:188} INFO - [2026-05-16T12:29:15.913+0000] {dag.py:3947} INFO - Setting next_dagrun for example_python_operator to None, run_after=None
[2026-05-16T12:29:15.919+0000] {processor.py:183} INFO - Processing /home/airflow/.local/lib/python3.12/site-packages/airflow/example_dags/example_python_operator.py took 0.032 seconds
[2026-05-16T12:29:46.408+0000] {processor.py:161} INFO - Started process (PID=16188) to work on /home/airflow/.local/lib/python3.12/site-packages/airflow/example_dags/example_python_operator.py
[2026-05-16T12:29:46.408+0000] {processor.py:830} INFO - Processing file /home/airflow/.local/lib/python3.12/site-packages/airflow/example_dags/example_python_operator.py for tasks to queue
[2026-05-16T12:29:46.408+0000] {logging_mixin.py:188} INFO - [2026-05-16T12:29:46.408+0000] {dagbag.py:545} INFO - Filling up the DagBag from /home/airflow/.local/lib/python3.12/site-packages/airflow/example_dags/example_python_operator.py
[2026-05-16T12:29:46.413+0000] {processor.py:840} INFO - DAG(s) 'example_python_operator' retrieved from /home/airflow/.local/lib/python3.12/site-packages/airflow/example_dags/example_python_operator.py
[2026-05-16T12:29:46.420+0000] {logging_mixin.py:188} INFO - [2026-05-16T12:29:46.420+0000] {dag.py:3089} INFO - Sync 1 DAGs
[2026-05-16T12:29:46.424+0000] {logging_mixin.py:188} INFO - [2026-05-16T12:29:46.424+0000] {dag.py:3947} INFO - Setting next_dagrun for example_python_operator to None, run_after=None
[2026-05-16T12:29:46.429+0000] {processor.py:183} INFO - Processing /home/airflow/.local/lib/python3.12/site-packages/airflow/example_dags/example_python_operator.py took 0.025 seconds
[2026-05-16T12:31:46.949+0000] {processor.py:161} INFO - Started process (PID=16251) to work on /home/airflow/.local/lib/python3.12/site-packages/airflow/example_dags/example_python_operator.py
[2026-05-16T12:31:46.949+0000] {processor.py:830} INFO - Processing file /home/airflow/.local/lib/python3.12/site-packages/airflow/example_dags/example_python_operator.py for tasks to queue
[2026-05-16T12:31:46.950+0000] {logging_mixin.py:188} INFO - [2026-05-16T12:31:46.949+0000] {dagbag.py:545} INFO - Filling up the DagBag from /home/airflow/.local/lib/python3.12/site-packages/airflow/example_dags/example_python_operator.py
[2026-05-16T12:31:46.954+0000] {processor.py:840} INFO - DAG(s) 'example_python_operator' retrieved from /home/airflow/.local/lib/python3.12/site-packages/airflow/example_dags/example_python_operator.py
[2026-05-16T12:31:46.962+0000] {logging_mixin.py:188} INFO - [2026-05-16T12:31:46.962+0000] {dag.py:3089} INFO - Sync 1 DAGs
[2026-05-16T12:31:46.966+0000] {logging_mixin.py:188} INFO - [2026-05-16T12:31:46.966+0000] {dag.py:3947} INFO - Setting next_dagrun for example_python_operator to None, run_after=None
[2026-05-16T12:31:46.971+0000] {processor.py:183} INFO - Processing /home/airflow/.local/lib/python3.12/site-packages/airflow/example_dags/example_python_operator.py took 0.024 seconds
[2026-05-16T12:32:17.245+0000] {processor.py:161} INFO - Started process (PID=16313) to work on /home/airflow/.local/lib/python3.12/site-packages/airflow/example_dags/example_python_operator.py
[2026-05-16T12:32:17.246+0000] {processor.py:830} INFO - Processing file /home/airflow/.local/lib/python3.12/site-packages/airflow/example_dags/example_python_operator.py for tasks to queue
[2026-05-16T12:32:17.246+0000] {logging_mixin.py:188} INFO - [2026-05-16T12:32:17.246+0000] {dagbag.py:545} INFO - Filling up the DagBag from /home/airflow/.local/lib/python3.12/site-packages/airflow/example_dags/example_python_operator.py
[2026-05-16T12:32:17.250+0000] {processor.py:840} INFO - DAG(s) 'example_python_operator' retrieved from /home/airflow/.local/lib/python3.12/site-packages/airflow/example_dags/example_python_operator.py
[2026-05-16T12:32:17.257+0000] {logging_mixin.py:188} INFO - [2026-05-16T12:32:17.257+0000] {dag.py:3089} INFO - Sync 1 DAGs
[2026-05-16T12:32:17.262+0000] {logging_mixin.py:188} INFO - [2026-05-16T12:32:17.262+0000] {dag.py:3947} INFO - Setting next_dagrun for example_python_operator to None, run_after=None
[2026-05-16T12:32:17.266+0000] {processor.py:183} INFO - Processing /home/airflow/.local/lib/python3.12/site-packages/airflow/example_dags/example_python_operator.py took 0.023 seconds
[2026-05-16T13:03:48.400+0000] {processor.py:161} INFO - Started process (PID=16375) to work on /home/airflow/.local/lib/python3.12/site-packages/airflow/example_dags/example_python_operator.py
[2026-05-16T13:03:48.415+0000] {processor.py:830} INFO - Processing file /home/airflow/.local/lib/python3.12/site-packages/airflow/example_dags/example_python_operator.py for tasks to queue
[2026-05-16T13:03:48.425+0000] {logging_mixin.py:188} INFO - [2026-05-16T13:03:48.421+0000] {dagbag.py:545} INFO - Filling up the DagBag from /home/airflow/.local/lib/python3.12/site-packages/airflow/example_dags/example_python_operator.py
[2026-05-16T13:03:48.536+0000] {processor.py:840} INFO - DAG(s) 'example_python_operator' retrieved from /home/airflow/.local/lib/python3.12/site-packages/airflow/example_dags/example_python_operator.py
[2026-05-16T13:03:48.724+0000] {logging_mixin.py:188} INFO - [2026-05-16T13:03:48.718+0000] {dag.py:3089} INFO - Sync 1 DAGs
[2026-05-16T13:03:48.846+0000] {logging_mixin.py:188} INFO - [2026-05-16T13:03:48.846+0000] {dag.py:3947} INFO - Setting next_dagrun for example_python_operator to None, run_after=None
[2026-05-16T13:03:48.968+0000] {processor.py:183} INFO - Processing /home/airflow/.local/lib/python3.12/site-packages/airflow/example_dags/example_python_operator.py took 0.640 seconds
[2026-05-16T13:04:19.054+0000] {processor.py:161} INFO - Started process (PID=16437) to work on /home/airflow/.local/lib/python3.12/site-packages/airflow/example_dags/example_python_operator.py
[2026-05-16T13:04:19.055+0000] {processor.py:830} INFO - Processing file /home/airflow/.local/lib/python3.12/site-packages/airflow/example_dags/example_python_operator.py for tasks to queue
[2026-05-16T13:04:19.055+0000] {logging_mixin.py:188} INFO - [2026-05-16T13:04:19.055+0000] {dagbag.py:545} INFO - Filling up the DagBag from /home/airflow/.local/lib/python3.12/site-packages/airflow/example_dags/example_python_operator.py
[2026-05-16T13:04:19.061+0000] {processor.py:840} INFO - DAG(s) 'example_python_operator' retrieved from /home/airflow/.local/lib/python3.12/site-packages/airflow/example_dags/example_python_operator.py
[2026-05-16T13:04:19.071+0000] {logging_mixin.py:188} INFO - [2026-05-16T13:04:19.071+0000] {dag.py:3089} INFO - Sync 1 DAGs
[2026-05-16T13:04:19.076+0000] {logging_mixin.py:188} INFO - [2026-05-16T13:04:19.076+0000] {dag.py:3947} INFO - Setting next_dagrun for example_python_operator to None, run_after=None
[2026-05-16T13:04:19.082+0000] {processor.py:183} INFO - Processing /home/airflow/.local/lib/python3.12/site-packages/airflow/example_dags/example_python_operator.py took 0.032 seconds
[2026-05-16T13:04:49.735+0000] {processor.py:161} INFO - Started process (PID=16499) to work on /home/airflow/.local/lib/python3.12/site-packages/airflow/example_dags/example_python_operator.py
[2026-05-16T13:04:49.735+0000] {processor.py:830} INFO - Processing file /home/airflow/.local/lib/python3.12/site-packages/airflow/example_dags/example_python_operator.py for tasks to queue
[2026-05-16T13:04:49.736+0000] {logging_mixin.py:188} INFO - [2026-05-16T13:04:49.736+0000] {dagbag.py:545} INFO - Filling up the DagBag from /home/airflow/.local/lib/python3.12/site-packages/airflow/example_dags/example_python_operator.py
[2026-05-16T13:04:49.741+0000] {processor.py:840} INFO - DAG(s) 'example_python_operator' retrieved from /home/airflow/.local/lib/python3.12/site-packages/airflow/example_dags/example_python_operator.py
[2026-05-16T13:04:49.749+0000] {logging_mixin.py:188} INFO - [2026-05-16T13:04:49.749+0000] {dag.py:3089} INFO - Sync 1 DAGs
[2026-05-16T13:04:49.753+0000] {logging_mixin.py:188} INFO - [2026-05-16T13:04:49.753+0000] {dag.py:3947} INFO - Setting next_dagrun for example_python_operator to None, run_after=None
[2026-05-16T13:04:49.759+0000] {processor.py:183} INFO - Processing /home/airflow/.local/lib/python3.12/site-packages/airflow/example_dags/example_python_operator.py took 0.027 seconds
[2026-05-16T13:05:20.410+0000] {processor.py:161} INFO - Started process (PID=16561) to work on /home/airflow/.local/lib/python3.12/site-packages/airflow/example_dags/example_python_operator.py
[2026-05-16T13:05:20.410+0000] {processor.py:830} INFO - Processing file /home/airflow/.local/lib/python3.12/site-packages/airflow/example_dags/example_python_operator.py for tasks to queue
[2026-05-16T13:05:20.411+0000] {logging_mixin.py:188} INFO - [2026-05-16T13:05:20.411+0000] {dagbag.py:545} INFO - Filling up the DagBag from /home/airflow/.local/lib/python3.12/site-packages/airflow/example_dags/example_python_operator.py
[2026-05-16T13:05:20.418+0000] {processor.py:840} INFO - DAG(s) 'example_python_operator' retrieved from /home/airflow/.local/lib/python3.12/site-packages/airflow/example_dags/example_python_operator.py
[2026-05-16T13:05:20.426+0000] {logging_mixin.py:188} INFO - [2026-05-16T13:05:20.426+0000] {dag.py:3089} INFO - Sync 1 DAGs
[2026-05-16T13:05:20.430+0000] {logging_mixin.py:188} INFO - [2026-05-16T13:05:20.430+0000] {dag.py:3947} INFO - Setting next_dagrun for example_python_operator to None, run_after=None
[2026-05-16T13:05:20.435+0000] {processor.py:183} INFO - Processing /home/airflow/.local/lib/python3.12/site-packages/airflow/example_dags/example_python_operator.py took 0.029 seconds
[2026-05-16T13:06:33.486+0000] {processor.py:161} INFO - Started process (PID=16592) to work on /home/airflow/.local/lib/python3.12/site-packages/airflow/example_dags/example_python_operator.py
[2026-05-16T13:06:33.486+0000] {processor.py:830} INFO - Processing file /home/airflow/.local/lib/python3.12/site-packages/airflow/example_dags/example_python_operator.py for tasks to queue
[2026-05-16T13:06:33.487+0000] {logging_mixin.py:188} INFO - [2026-05-16T13:06:33.486+0000] {dagbag.py:545} INFO - Filling up the DagBag from /home/airflow/.local/lib/python3.12/site-packages/airflow/example_dags/example_python_operator.py
[2026-05-16T13:06:33.491+0000] {processor.py:840} INFO - DAG(s) 'example_python_operator' retrieved from /home/airflow/.local/lib/python3.12/site-packages/airflow/example_dags/example_python_operator.py
[2026-05-16T13:06:33.501+0000] {logging_mixin.py:188} INFO - [2026-05-16T13:06:33.501+0000] {dag.py:3089} INFO - Sync 1 DAGs
[2026-05-16T13:06:33.506+0000] {logging_mixin.py:188} INFO - [2026-05-16T13:06:33.506+0000] {dag.py:3947} INFO - Setting next_dagrun for example_python_operator to None, run_after=None
[2026-05-16T13:06:33.514+0000] {processor.py:183} INFO - Processing /home/airflow/.local/lib/python3.12/site-packages/airflow/example_dags/example_python_operator.py took 0.030 seconds
[2026-05-16T13:07:03.986+0000] {processor.py:161} INFO - Started process (PID=16654) to work on /home/airflow/.local/lib/python3.12/site-packages/airflow/example_dags/example_python_operator.py
[2026-05-16T13:07:03.986+0000] {processor.py:830} INFO - Processing file /home/airflow/.local/lib/python3.12/site-packages/airflow/example_dags/example_python_operator.py for tasks to queue
[2026-05-16T13:07:03.986+0000] {logging_mixin.py:188} INFO - [2026-05-16T13:07:03.986+0000] {dagbag.py:545} INFO - Filling up the DagBag from /home/airflow/.local/lib/python3.12/site-packages/airflow/example_dags/example_python_operator.py
[2026-05-16T13:07:03.991+0000] {processor.py:840} INFO - DAG(s) 'example_python_operator' retrieved from /home/airflow/.local/lib/python3.12/site-packages/airflow/example_dags/example_python_operator.py
[2026-05-16T13:07:03.998+0000] {logging_mixin.py:188} INFO - [2026-05-16T13:07:03.998+0000] {dag.py:3089} INFO - Sync 1 DAGs
[2026-05-16T13:07:04.003+0000] {logging_mixin.py:188} INFO - [2026-05-16T13:07:04.003+0000] {dag.py:3947} INFO - Setting next_dagrun for example_python_operator to None, run_after=None
[2026-05-16T13:07:04.008+0000] {processor.py:183} INFO - Processing /home/airflow/.local/lib/python3.12/site-packages/airflow/example_dags/example_python_operator.py took 0.025 seconds
[2026-05-16T13:07:34.424+0000] {processor.py:161} INFO - Started process (PID=16716) to work on /home/airflow/.local/lib/python3.12/site-packages/airflow/example_dags/example_python_operator.py
[2026-05-16T13:07:34.425+0000] {processor.py:830} INFO - Processing file /home/airflow/.local/lib/python3.12/site-packages/airflow/example_dags/example_python_operator.py for tasks to queue
[2026-05-16T13:07:34.427+0000] {logging_mixin.py:188} INFO - [2026-05-16T13:07:34.426+0000] {dagbag.py:545} INFO - Filling up the DagBag from /home/airflow/.local/lib/python3.12/site-packages/airflow/example_dags/example_python_operator.py
[2026-05-16T13:07:34.432+0000] {processor.py:840} INFO - DAG(s) 'example_python_operator' retrieved from /home/airflow/.local/lib/python3.12/site-packages/airflow/example_dags/example_python_operator.py
[2026-05-16T13:07:34.441+0000] {logging_mixin.py:188} INFO - [2026-05-16T13:07:34.441+0000] {dag.py:3089} INFO - Sync 1 DAGs
[2026-05-16T13:07:34.445+0000] {logging_mixin.py:188} INFO - [2026-05-16T13:07:34.445+0000] {dag.py:3947} INFO - Setting next_dagrun for example_python_operator to None, run_after=None
[2026-05-16T13:07:34.450+0000] {processor.py:183} INFO - Processing /home/airflow/.local/lib/python3.12/site-packages/airflow/example_dags/example_python_operator.py took 0.028 seconds
[2026-05-16T13:08:04.836+0000] {processor.py:161} INFO - Started process (PID=16778) to work on /home/airflow/.local/lib/python3.12/site-packages/airflow/example_dags/example_python_operator.py
[2026-05-16T13:08:04.836+0000] {processor.py:830} INFO - Processing file /home/airflow/.local/lib/python3.12/site-packages/airflow/example_dags/example_python_operator.py for tasks to queue
[2026-05-16T13:08:04.836+0000] {logging_mixin.py:188} INFO - [2026-05-16T13:08:04.836+0000] {dagbag.py:545} INFO - Filling up the DagBag from /home/airflow/.local/lib/python3.12/site-packages/airflow/example_dags/example_python_operator.py
[2026-05-16T13:08:04.841+0000] {processor.py:840} INFO - DAG(s) 'example_python_operator' retrieved from /home/airflow/.local/lib/python3.12/site-packages/airflow/example_dags/example_python_operator.py
[2026-05-16T13:08:04.851+0000] {logging_mixin.py:188} INFO - [2026-05-16T13:08:04.851+0000] {dag.py:3089} INFO - Sync 1 DAGs
[2026-05-16T13:08:04.856+0000] {logging_mixin.py:188} INFO - [2026-05-16T13:08:04.856+0000] {dag.py:3947} INFO - Setting next_dagrun for example_python_operator to None, run_after=None
[2026-05-16T13:08:04.862+0000] {processor.py:183} INFO - Processing /home/airflow/.local/lib/python3.12/site-packages/airflow/example_dags/example_python_operator.py took 0.029 seconds
[2026-05-16T13:08:35.243+0000] {processor.py:161} INFO - Started process (PID=16840) to work on /home/airflow/.local/lib/python3.12/site-packages/airflow/example_dags/example_python_operator.py
[2026-05-16T13:08:35.243+0000] {processor.py:830} INFO - Processing file /home/airflow/.local/lib/python3.12/site-packages/airflow/example_dags/example_python_operator.py for tasks to queue
[2026-05-16T13:08:35.244+0000] {logging_mixin.py:188} INFO - [2026-05-16T13:08:35.243+0000] {dagbag.py:545} INFO - Filling up the DagBag from /home/airflow/.local/lib/python3.12/site-packages/airflow/example_dags/example_python_operator.py
[2026-05-16T13:08:35.248+0000] {processor.py:840} INFO - DAG(s) 'example_python_operator' retrieved from /home/airflow/.local/lib/python3.12/site-packages/airflow/example_dags/example_python_operator.py
[2026-05-16T13:08:35.257+0000] {logging_mixin.py:188} INFO - [2026-05-16T13:08:35.257+0000] {dag.py:3089} INFO - Sync 1 DAGs
[2026-05-16T13:08:35.262+0000] {logging_mixin.py:188} INFO - [2026-05-16T13:08:35.261+0000] {dag.py:3947} INFO - Setting next_dagrun for example_python_operator to None, run_after=None
[2026-05-16T13:08:35.268+0000] {processor.py:183} INFO - Processing /home/airflow/.local/lib/python3.12/site-packages/airflow/example_dags/example_python_operator.py took 0.028 seconds
[2026-05-16T13:09:05.785+0000] {processor.py:161} INFO - Started process (PID=16902) to work on /home/airflow/.local/lib/python3.12/site-packages/airflow/example_dags/example_python_operator.py
[2026-05-16T13:09:05.786+0000] {processor.py:830} INFO - Processing file /home/airflow/.local/lib/python3.12/site-packages/airflow/example_dags/example_python_operator.py for tasks to queue
[2026-05-16T13:09:05.786+0000] {logging_mixin.py:188} INFO - [2026-05-16T13:09:05.786+0000] {dagbag.py:545} INFO - Filling up the DagBag from /home/airflow/.local/lib/python3.12/site-packages/airflow/example_dags/example_python_operator.py
[2026-05-16T13:09:05.791+0000] {processor.py:840} INFO - DAG(s) 'example_python_operator' retrieved from /home/airflow/.local/lib/python3.12/site-packages/airflow/example_dags/example_python_operator.py
[2026-05-16T13:09:05.802+0000] {logging_mixin.py:188} INFO - [2026-05-16T13:09:05.801+0000] {dag.py:3089} INFO - Sync 1 DAGs
[2026-05-16T13:09:05.807+0000] {logging_mixin.py:188} INFO - [2026-05-16T13:09:05.807+0000] {dag.py:3947} INFO - Setting next_dagrun for example_python_operator to None, run_after=None
[2026-05-16T13:09:05.812+0000] {processor.py:183} INFO - Processing /home/airflow/.local/lib/python3.12/site-packages/airflow/example_dags/example_python_operator.py took 0.031 seconds
[2026-05-16T13:09:36.306+0000] {processor.py:161} INFO - Started process (PID=16964) to work on /home/airflow/.local/lib/python3.12/site-packages/airflow/example_dags/example_python_operator.py
[2026-05-16T13:09:36.307+0000] {processor.py:830} INFO - Processing file /home/airflow/.local/lib/python3.12/site-packages/airflow/example_dags/example_python_operator.py for tasks to queue
[2026-05-16T13:09:36.307+0000] {logging_mixin.py:188} INFO - [2026-05-16T13:09:36.307+0000] {dagbag.py:545} INFO - Filling up the DagBag from /home/airflow/.local/lib/python3.12/site-packages/airflow/example_dags/example_python_operator.py
[2026-05-16T13:09:36.311+0000] {processor.py:840} INFO - DAG(s) 'example_python_operator' retrieved from /home/airflow/.local/lib/python3.12/site-packages/airflow/example_dags/example_python_operator.py
[2026-05-16T13:09:36.318+0000] {logging_mixin.py:188} INFO - [2026-05-16T13:09:36.318+0000] {dag.py:3089} INFO - Sync 1 DAGs
[2026-05-16T13:09:36.322+0000] {logging_mixin.py:188} INFO - [2026-05-16T13:09:36.322+0000] {dag.py:3947} INFO - Setting next_dagrun for example_python_operator to None, run_after=None
[2026-05-16T13:09:36.326+0000] {processor.py:183} INFO - Processing /home/airflow/.local/lib/python3.12/site-packages/airflow/example_dags/example_python_operator.py took 0.023 seconds
[2026-05-16T13:10:06.748+0000] {processor.py:161} INFO - Started process (PID=17026) to work on /home/airflow/.local/lib/python3.12/site-packages/airflow/example_dags/example_python_operator.py
[2026-05-16T13:10:06.748+0000] {processor.py:830} INFO - Processing file /home/airflow/.local/lib/python3.12/site-packages/airflow/example_dags/example_python_operator.py for tasks to queue
[2026-05-16T13:10:06.748+0000] {logging_mixin.py:188} INFO - [2026-05-16T13:10:06.748+0000] {dagbag.py:545} INFO - Filling up the DagBag from /home/airflow/.local/lib/python3.12/site-packages/airflow/example_dags/example_python_operator.py
[2026-05-16T13:10:06.755+0000] {processor.py:840} INFO - DAG(s) 'example_python_operator' retrieved from /home/airflow/.local/lib/python3.12/site-packages/airflow/example_dags/example_python_operator.py
[2026-05-16T13:10:06.764+0000] {logging_mixin.py:188} INFO - [2026-05-16T13:10:06.764+0000] {dag.py:3089} INFO - Sync 1 DAGs
[2026-05-16T13:10:06.768+0000] {logging_mixin.py:188} INFO - [2026-05-16T13:10:06.768+0000] {dag.py:3947} INFO - Setting next_dagrun for example_python_operator to None, run_after=None
[2026-05-16T13:10:06.777+0000] {processor.py:183} INFO - Processing /home/airflow/.local/lib/python3.12/site-packages/airflow/example_dags/example_python_operator.py took 0.032 seconds
[2026-05-16T13:10:37.272+0000] {processor.py:161} INFO - Started process (PID=17088) to work on /home/airflow/.local/lib/python3.12/site-packages/airflow/example_dags/example_python_operator.py
[2026-05-16T13:10:37.272+0000] {processor.py:830} INFO - Processing file /home/airflow/.local/lib/python3.12/site-packages/airflow/example_dags/example_python_operator.py for tasks to queue
[2026-05-16T13:10:37.273+0000] {logging_mixin.py:188} INFO - [2026-05-16T13:10:37.272+0000] {dagbag.py:545} INFO - Filling up the DagBag from /home/airflow/.local/lib/python3.12/site-packages/airflow/example_dags/example_python_operator.py
[2026-05-16T13:10:37.279+0000] {processor.py:840} INFO - DAG(s) 'example_python_operator' retrieved from /home/airflow/.local/lib/python3.12/site-packages/airflow/example_dags/example_python_operator.py
[2026-05-16T13:10:37.291+0000] {logging_mixin.py:188} INFO - [2026-05-16T13:10:37.291+0000] {dag.py:3089} INFO - Sync 1 DAGs
[2026-05-16T13:10:37.296+0000] {logging_mixin.py:188} INFO - [2026-05-16T13:10:37.296+0000] {dag.py:3947} INFO - Setting next_dagrun for example_python_operator to None, run_after=None
[2026-05-16T13:10:37.303+0000] {processor.py:183} INFO - Processing /home/airflow/.local/lib/python3.12/site-packages/airflow/example_dags/example_python_operator.py took 0.034 seconds
[2026-05-16T13:11:07.770+0000] {processor.py:161} INFO - Started process (PID=17151) to work on /home/airflow/.local/lib/python3.12/site-packages/airflow/example_dags/example_python_operator.py
[2026-05-16T13:11:07.770+0000] {processor.py:830} INFO - Processing file /home/airflow/.local/lib/python3.12/site-packages/airflow/example_dags/example_python_operator.py for tasks to queue
[2026-05-16T13:11:07.770+0000] {logging_mixin.py:188} INFO - [2026-05-16T13:11:07.770+0000] {dagbag.py:545} INFO - Filling up the DagBag from /home/airflow/.local/lib/python3.12/site-packages/airflow/example_dags/example_python_operator.py
[2026-05-16T13:11:07.775+0000] {processor.py:840} INFO - DAG(s) 'example_python_operator' retrieved from /home/airflow/.local/lib/python3.12/site-packages/airflow/example_dags/example_python_operator.py
[2026-05-16T13:11:07.782+0000] {logging_mixin.py:188} INFO - [2026-05-16T13:11:07.782+0000] {dag.py:3089} INFO - Sync 1 DAGs
[2026-05-16T13:11:07.787+0000] {logging_mixin.py:188} INFO - [2026-05-16T13:11:07.787+0000] {dag.py:3947} INFO - Setting next_dagrun for example_python_operator to None, run_after=None
[2026-05-16T13:11:07.792+0000] {processor.py:183} INFO - Processing /home/airflow/.local/lib/python3.12/site-packages/airflow/example_dags/example_python_operator.py took 0.024 seconds
[2026-05-16T13:11:38.226+0000] {processor.py:161} INFO - Started process (PID=17213) to work on /home/airflow/.local/lib/python3.12/site-packages/airflow/example_dags/example_python_operator.py
[2026-05-16T13:11:38.226+0000] {processor.py:830} INFO - Processing file /home/airflow/.local/lib/python3.12/site-packages/airflow/example_dags/example_python_operator.py for tasks to queue
[2026-05-16T13:11:38.227+0000] {logging_mixin.py:188} INFO - [2026-05-16T13:11:38.227+0000] {dagbag.py:545} INFO - Filling up the DagBag from /home/airflow/.local/lib/python3.12/site-packages/airflow/example_dags/example_python_operator.py
[2026-05-16T13:11:38.231+0000] {processor.py:840} INFO - DAG(s) 'example_python_operator' retrieved from /home/airflow/.local/lib/python3.12/site-packages/airflow/example_dags/example_python_operator.py
[2026-05-16T13:11:38.239+0000] {logging_mixin.py:188} INFO - [2026-05-16T13:11:38.239+0000] {dag.py:3089} INFO - Sync 1 DAGs
[2026-05-16T13:11:38.243+0000] {logging_mixin.py:188} INFO - [2026-05-16T13:11:38.243+0000] {dag.py:3947} INFO - Setting next_dagrun for example_python_operator to None, run_after=None
[2026-05-16T13:11:38.249+0000] {processor.py:183} INFO - Processing /home/airflow/.local/lib/python3.12/site-packages/airflow/example_dags/example_python_operator.py took 0.025 seconds
[2026-05-16T13:12:08.636+0000] {processor.py:161} INFO - Started process (PID=17275) to work on /home/airflow/.local/lib/python3.12/site-packages/airflow/example_dags/example_python_operator.py
[2026-05-16T13:12:08.636+0000] {processor.py:830} INFO - Processing file /home/airflow/.local/lib/python3.12/site-packages/airflow/example_dags/example_python_operator.py for tasks to queue
[2026-05-16T13:12:08.637+0000] {logging_mixin.py:188} INFO - [2026-05-16T13:12:08.636+0000] {dagbag.py:545} INFO - Filling up the DagBag from /home/airflow/.local/lib/python3.12/site-packages/airflow/example_dags/example_python_operator.py
[2026-05-16T13:12:08.641+0000] {processor.py:840} INFO - DAG(s) 'example_python_operator' retrieved from /home/airflow/.local/lib/python3.12/site-packages/airflow/example_dags/example_python_operator.py
[2026-05-16T13:12:08.652+0000] {logging_mixin.py:188} INFO - [2026-05-16T13:12:08.652+0000] {dag.py:3089} INFO - Sync 1 DAGs
[2026-05-16T13:12:08.658+0000] {logging_mixin.py:188} INFO - [2026-05-16T13:12:08.658+0000] {dag.py:3947} INFO - Setting next_dagrun for example_python_operator to None, run_after=None
[2026-05-16T13:12:08.665+0000] {processor.py:183} INFO - Processing /home/airflow/.local/lib/python3.12/site-packages/airflow/example_dags/example_python_operator.py took 0.032 seconds
[2026-05-16T13:12:39.166+0000] {processor.py:161} INFO - Started process (PID=17337) to work on /home/airflow/.local/lib/python3.12/site-packages/airflow/example_dags/example_python_operator.py
[2026-05-16T13:12:39.167+0000] {processor.py:830} INFO - Processing file /home/airflow/.local/lib/python3.12/site-packages/airflow/example_dags/example_python_operator.py for tasks to queue
[2026-05-16T13:12:39.167+0000] {logging_mixin.py:188} INFO - [2026-05-16T13:12:39.167+0000] {dagbag.py:545} INFO - Filling up the DagBag from /home/airflow/.local/lib/python3.12/site-packages/airflow/example_dags/example_python_operator.py
[2026-05-16T13:12:39.171+0000] {processor.py:840} INFO - DAG(s) 'example_python_operator' retrieved from /home/airflow/.local/lib/python3.12/site-packages/airflow/example_dags/example_python_operator.py
[2026-05-16T13:12:39.179+0000] {logging_mixin.py:188} INFO - [2026-05-16T13:12:39.178+0000] {dag.py:3089} INFO - Sync 1 DAGs
[2026-05-16T13:12:39.183+0000] {logging_mixin.py:188} INFO - [2026-05-16T13:12:39.183+0000] {dag.py:3947} INFO - Setting next_dagrun for example_python_operator to None, run_after=None
[2026-05-16T13:12:39.188+0000] {processor.py:183} INFO - Processing /home/airflow/.local/lib/python3.12/site-packages/airflow/example_dags/example_python_operator.py took 0.023 seconds
[2026-05-16T13:13:09.949+0000] {processor.py:161} INFO - Started process (PID=17399) to work on /home/airflow/.local/lib/python3.12/site-packages/airflow/example_dags/example_python_operator.py
[2026-05-16T13:13:09.950+0000] {processor.py:830} INFO - Processing file /home/airflow/.local/lib/python3.12/site-packages/airflow/example_dags/example_python_operator.py for tasks to queue
[2026-05-16T13:13:09.950+0000] {logging_mixin.py:188} INFO - [2026-05-16T13:13:09.950+0000] {dagbag.py:545} INFO - Filling up the DagBag from /home/airflow/.local/lib/python3.12/site-packages/airflow/example_dags/example_python_operator.py
[2026-05-16T13:13:09.954+0000] {processor.py:840} INFO - DAG(s) 'example_python_operator' retrieved from /home/airflow/.local/lib/python3.12/site-packages/airflow/example_dags/example_python_operator.py
[2026-05-16T13:13:09.964+0000] {logging_mixin.py:188} INFO - [2026-05-16T13:13:09.963+0000] {dag.py:3089} INFO - Sync 1 DAGs
[2026-05-16T13:13:09.968+0000] {logging_mixin.py:188} INFO - [2026-05-16T13:13:09.968+0000] {dag.py:3947} INFO - Setting next_dagrun for example_python_operator to None, run_after=None
[2026-05-16T13:13:09.973+0000] {processor.py:183} INFO - Processing /home/airflow/.local/lib/python3.12/site-packages/airflow/example_dags/example_python_operator.py took 0.028 seconds
[2026-05-16T13:13:41.069+0000] {processor.py:161} INFO - Started process (PID=17461) to work on /home/airflow/.local/lib/python3.12/site-packages/airflow/example_dags/example_python_operator.py
[2026-05-16T13:13:41.070+0000] {processor.py:830} INFO - Processing file /home/airflow/.local/lib/python3.12/site-packages/airflow/example_dags/example_python_operator.py for tasks to queue
[2026-05-16T13:13:41.070+0000] {logging_mixin.py:188} INFO - [2026-05-16T13:13:41.070+0000] {dagbag.py:545} INFO - Filling up the DagBag from /home/airflow/.local/lib/python3.12/site-packages/airflow/example_dags/example_python_operator.py
[2026-05-16T13:13:41.074+0000] {processor.py:840} INFO - DAG(s) 'example_python_operator' retrieved from /home/airflow/.local/lib/python3.12/site-packages/airflow/example_dags/example_python_operator.py
[2026-05-16T13:13:41.083+0000] {logging_mixin.py:188} INFO - [2026-05-16T13:13:41.082+0000] {dag.py:3089} INFO - Sync 1 DAGs
[2026-05-16T13:13:41.087+0000] {logging_mixin.py:188} INFO - [2026-05-16T13:13:41.087+0000] {dag.py:3947} INFO - Setting next_dagrun for example_python_operator to None, run_after=None
[2026-05-16T13:13:41.092+0000] {processor.py:183} INFO - Processing /home/airflow/.local/lib/python3.12/site-packages/airflow/example_dags/example_python_operator.py took 0.025 seconds
[2026-05-16T13:14:11.656+0000] {processor.py:161} INFO - Started process (PID=17523) to work on /home/airflow/.local/lib/python3.12/site-packages/airflow/example_dags/example_python_operator.py
[2026-05-16T13:14:11.657+0000] {processor.py:830} INFO - Processing file /home/airflow/.local/lib/python3.12/site-packages/airflow/example_dags/example_python_operator.py for tasks to queue
[2026-05-16T13:14:11.658+0000] {logging_mixin.py:188} INFO - [2026-05-16T13:14:11.657+0000] {dagbag.py:545} INFO - Filling up the DagBag from /home/airflow/.local/lib/python3.12/site-packages/airflow/example_dags/example_python_operator.py
[2026-05-16T13:14:11.662+0000] {processor.py:840} INFO - DAG(s) 'example_python_operator' retrieved from /home/airflow/.local/lib/python3.12/site-packages/airflow/example_dags/example_python_operator.py
[2026-05-16T13:14:11.670+0000] {logging_mixin.py:188} INFO - [2026-05-16T13:14:11.670+0000] {dag.py:3089} INFO - Sync 1 DAGs
[2026-05-16T13:14:11.674+0000] {logging_mixin.py:188} INFO - [2026-05-16T13:14:11.674+0000] {dag.py:3947} INFO - Setting next_dagrun for example_python_operator to None, run_after=None
[2026-05-16T13:14:11.679+0000] {processor.py:183} INFO - Processing /home/airflow/.local/lib/python3.12/site-packages/airflow/example_dags/example_python_operator.py took 0.026 seconds
[2026-05-16T13:14:42.086+0000] {processor.py:161} INFO - Started process (PID=17585) to work on /home/airflow/.local/lib/python3.12/site-packages/airflow/example_dags/example_python_operator.py
[2026-05-16T13:14:42.087+0000] {processor.py:830} INFO - Processing file /home/airflow/.local/lib/python3.12/site-packages/airflow/example_dags/example_python_operator.py for tasks to queue
[2026-05-16T13:14:42.087+0000] {logging_mixin.py:188} INFO - [2026-05-16T13:14:42.087+0000] {dagbag.py:545} INFO - Filling up the DagBag from /home/airflow/.local/lib/python3.12/site-packages/airflow/example_dags/example_python_operator.py
[2026-05-16T13:14:42.094+0000] {processor.py:840} INFO - DAG(s) 'example_python_operator' retrieved from /home/airflow/.local/lib/python3.12/site-packages/airflow/example_dags/example_python_operator.py
[2026-05-16T13:14:42.102+0000] {logging_mixin.py:188} INFO - [2026-05-16T13:14:42.102+0000] {dag.py:3089} INFO - Sync 1 DAGs
[2026-05-16T13:14:42.107+0000] {logging_mixin.py:188} INFO - [2026-05-16T13:14:42.107+0000] {dag.py:3947} INFO - Setting next_dagrun for example_python_operator to None, run_after=None
[2026-05-16T13:14:42.111+0000] {processor.py:183} INFO - Processing /home/airflow/.local/lib/python3.12/site-packages/airflow/example_dags/example_python_operator.py took 0.027 seconds
[2026-05-16T13:15:12.612+0000] {processor.py:161} INFO - Started process (PID=17647) to work on /home/airflow/.local/lib/python3.12/site-packages/airflow/example_dags/example_python_operator.py
[2026-05-16T13:15:12.613+0000] {processor.py:830} INFO - Processing file /home/airflow/.local/lib/python3.12/site-packages/airflow/example_dags/example_python_operator.py for tasks to queue
[2026-05-16T13:15:12.614+0000] {logging_mixin.py:188} INFO - [2026-05-16T13:15:12.614+0000] {dagbag.py:545} INFO - Filling up the DagBag from /home/airflow/.local/lib/python3.12/site-packages/airflow/example_dags/example_python_operator.py
[2026-05-16T13:15:12.619+0000] {processor.py:840} INFO - DAG(s) 'example_python_operator' retrieved from /home/airflow/.local/lib/python3.12/site-packages/airflow/example_dags/example_python_operator.py
[2026-05-16T13:15:12.628+0000] {logging_mixin.py:188} INFO - [2026-05-16T13:15:12.627+0000] {dag.py:3089} INFO - Sync 1 DAGs
[2026-05-16T13:15:12.632+0000] {logging_mixin.py:188} INFO - [2026-05-16T13:15:12.632+0000] {dag.py:3947} INFO - Setting next_dagrun for example_python_operator to None, run_after=None
[2026-05-16T13:15:12.637+0000] {processor.py:183} INFO - Processing /home/airflow/.local/lib/python3.12/site-packages/airflow/example_dags/example_python_operator.py took 0.028 seconds
[2026-05-16T13:15:43.009+0000] {processor.py:161} INFO - Started process (PID=17709) to work on /home/airflow/.local/lib/python3.12/site-packages/airflow/example_dags/example_python_operator.py
[2026-05-16T13:15:43.009+0000] {processor.py:830} INFO - Processing file /home/airflow/.local/lib/python3.12/site-packages/airflow/example_dags/example_python_operator.py for tasks to queue
[2026-05-16T13:15:43.009+0000] {logging_mixin.py:188} INFO - [2026-05-16T13:15:43.009+0000] {dagbag.py:545} INFO - Filling up the DagBag from /home/airflow/.local/lib/python3.12/site-packages/airflow/example_dags/example_python_operator.py
[2026-05-16T13:15:43.014+0000] {processor.py:840} INFO - DAG(s) 'example_python_operator' retrieved from /home/airflow/.local/lib/python3.12/site-packages/airflow/example_dags/example_python_operator.py
[2026-05-16T13:15:43.024+0000] {logging_mixin.py:188} INFO - [2026-05-16T13:15:43.024+0000] {dag.py:3089} INFO - Sync 1 DAGs
[2026-05-16T13:15:43.028+0000] {logging_mixin.py:188} INFO - [2026-05-16T13:15:43.028+0000] {dag.py:3947} INFO - Setting next_dagrun for example_python_operator to None, run_after=None
[2026-05-16T13:15:43.033+0000] {processor.py:183} INFO - Processing /home/airflow/.local/lib/python3.12/site-packages/airflow/example_dags/example_python_operator.py took 0.027 seconds
[2026-05-16T13:16:13.461+0000] {processor.py:161} INFO - Started process (PID=17771) to work on /home/airflow/.local/lib/python3.12/site-packages/airflow/example_dags/example_python_operator.py
[2026-05-16T13:16:13.462+0000] {processor.py:830} INFO - Processing file /home/airflow/.local/lib/python3.12/site-packages/airflow/example_dags/example_python_operator.py for tasks to queue
[2026-05-16T13:16:13.462+0000] {logging_mixin.py:188} INFO - [2026-05-16T13:16:13.462+0000] {dagbag.py:545} INFO - Filling up the DagBag from /home/airflow/.local/lib/python3.12/site-packages/airflow/example_dags/example_python_operator.py
[2026-05-16T13:16:13.467+0000] {processor.py:840} INFO - DAG(s) 'example_python_operator' retrieved from /home/airflow/.local/lib/python3.12/site-packages/airflow/example_dags/example_python_operator.py
[2026-05-16T13:16:13.475+0000] {logging_mixin.py:188} INFO - [2026-05-16T13:16:13.475+0000] {dag.py:3089} INFO - Sync 1 DAGs
[2026-05-16T13:16:13.480+0000] {logging_mixin.py:188} INFO - [2026-05-16T13:16:13.479+0000] {dag.py:3947} INFO - Setting next_dagrun for example_python_operator to None, run_after=None
[2026-05-16T13:16:13.484+0000] {processor.py:183} INFO - Processing /home/airflow/.local/lib/python3.12/site-packages/airflow/example_dags/example_python_operator.py took 0.025 seconds
[2026-05-16T13:16:43.974+0000] {processor.py:161} INFO - Started process (PID=17833) to work on /home/airflow/.local/lib/python3.12/site-packages/airflow/example_dags/example_python_operator.py
[2026-05-16T13:16:43.975+0000] {processor.py:830} INFO - Processing file /home/airflow/.local/lib/python3.12/site-packages/airflow/example_dags/example_python_operator.py for tasks to queue
[2026-05-16T13:16:43.975+0000] {logging_mixin.py:188} INFO - [2026-05-16T13:16:43.975+0000] {dagbag.py:545} INFO - Filling up the DagBag from /home/airflow/.local/lib/python3.12/site-packages/airflow/example_dags/example_python_operator.py
[2026-05-16T13:16:43.982+0000] {processor.py:840} INFO - DAG(s) 'example_python_operator' retrieved from /home/airflow/.local/lib/python3.12/site-packages/airflow/example_dags/example_python_operator.py
[2026-05-16T13:16:43.990+0000] {logging_mixin.py:188} INFO - [2026-05-16T13:16:43.990+0000] {dag.py:3089} INFO - Sync 1 DAGs
[2026-05-16T13:16:43.994+0000] {logging_mixin.py:188} INFO - [2026-05-16T13:16:43.994+0000] {dag.py:3947} INFO - Setting next_dagrun for example_python_operator to None, run_after=None
[2026-05-16T13:16:44.003+0000] {processor.py:183} INFO - Processing /home/airflow/.local/lib/python3.12/site-packages/airflow/example_dags/example_python_operator.py took 0.032 seconds
[2026-05-16T13:17:14.515+0000] {processor.py:161} INFO - Started process (PID=17895) to work on /home/airflow/.local/lib/python3.12/site-packages/airflow/example_dags/example_python_operator.py
[2026-05-16T13:17:14.516+0000] {processor.py:830} INFO - Processing file /home/airflow/.local/lib/python3.12/site-packages/airflow/example_dags/example_python_operator.py for tasks to queue
[2026-05-16T13:17:14.516+0000] {logging_mixin.py:188} INFO - [2026-05-16T13:17:14.516+0000] {dagbag.py:545} INFO - Filling up the DagBag from /home/airflow/.local/lib/python3.12/site-packages/airflow/example_dags/example_python_operator.py
[2026-05-16T13:17:14.522+0000] {processor.py:840} INFO - DAG(s) 'example_python_operator' retrieved from /home/airflow/.local/lib/python3.12/site-packages/airflow/example_dags/example_python_operator.py
[2026-05-16T13:17:14.532+0000] {logging_mixin.py:188} INFO - [2026-05-16T13:17:14.532+0000] {dag.py:3089} INFO - Sync 1 DAGs
[2026-05-16T13:17:14.535+0000] {logging_mixin.py:188} INFO - [2026-05-16T13:17:14.535+0000] {dag.py:3947} INFO - Setting next_dagrun for example_python_operator to None, run_after=None
[2026-05-16T13:17:14.540+0000] {processor.py:183} INFO - Processing /home/airflow/.local/lib/python3.12/site-packages/airflow/example_dags/example_python_operator.py took 0.027 seconds
[2026-05-16T13:17:44.980+0000] {processor.py:161} INFO - Started process (PID=17957) to work on /home/airflow/.local/lib/python3.12/site-packages/airflow/example_dags/example_python_operator.py
[2026-05-16T13:17:44.981+0000] {processor.py:830} INFO - Processing file /home/airflow/.local/lib/python3.12/site-packages/airflow/example_dags/example_python_operator.py for tasks to queue
[2026-05-16T13:17:44.981+0000] {logging_mixin.py:188} INFO - [2026-05-16T13:17:44.981+0000] {dagbag.py:545} INFO - Filling up the DagBag from /home/airflow/.local/lib/python3.12/site-packages/airflow/example_dags/example_python_operator.py
[2026-05-16T13:17:44.985+0000] {processor.py:840} INFO - DAG(s) 'example_python_operator' retrieved from /home/airflow/.local/lib/python3.12/site-packages/airflow/example_dags/example_python_operator.py
[2026-05-16T13:17:44.994+0000] {logging_mixin.py:188} INFO - [2026-05-16T13:17:44.994+0000] {dag.py:3089} INFO - Sync 1 DAGs
[2026-05-16T13:17:44.999+0000] {logging_mixin.py:188} INFO - [2026-05-16T13:17:44.999+0000] {dag.py:3947} INFO - Setting next_dagrun for example_python_operator to None, run_after=None
[2026-05-16T13:17:45.005+0000] {processor.py:183} INFO - Processing /home/airflow/.local/lib/python3.12/site-packages/airflow/example_dags/example_python_operator.py took 0.027 seconds
[2026-05-16T13:18:15.506+0000] {processor.py:161} INFO - Started process (PID=18018) to work on /home/airflow/.local/lib/python3.12/site-packages/airflow/example_dags/example_python_operator.py
[2026-05-16T13:18:15.506+0000] {processor.py:830} INFO - Processing file /home/airflow/.local/lib/python3.12/site-packages/airflow/example_dags/example_python_operator.py for tasks to queue
[2026-05-16T13:18:15.506+0000] {logging_mixin.py:188} INFO - [2026-05-16T13:18:15.506+0000] {dagbag.py:545} INFO - Filling up the DagBag from /home/airflow/.local/lib/python3.12/site-packages/airflow/example_dags/example_python_operator.py
[2026-05-16T13:18:15.511+0000] {processor.py:840} INFO - DAG(s) 'example_python_operator' retrieved from /home/airflow/.local/lib/python3.12/site-packages/airflow/example_dags/example_python_operator.py
[2026-05-16T13:18:15.520+0000] {logging_mixin.py:188} INFO - [2026-05-16T13:18:15.520+0000] {dag.py:3089} INFO - Sync 1 DAGs
[2026-05-16T13:18:15.524+0000] {logging_mixin.py:188} INFO - [2026-05-16T13:18:15.524+0000] {dag.py:3947} INFO - Setting next_dagrun for example_python_operator to None, run_after=None
[2026-05-16T13:18:15.530+0000] {processor.py:183} INFO - Processing /home/airflow/.local/lib/python3.12/site-packages/airflow/example_dags/example_python_operator.py took 0.027 seconds
[2026-05-16T13:18:45.947+0000] {processor.py:161} INFO - Started process (PID=18080) to work on /home/airflow/.local/lib/python3.12/site-packages/airflow/example_dags/example_python_operator.py
[2026-05-16T13:18:45.947+0000] {processor.py:830} INFO - Processing file /home/airflow/.local/lib/python3.12/site-packages/airflow/example_dags/example_python_operator.py for tasks to queue
[2026-05-16T13:18:45.947+0000] {logging_mixin.py:188} INFO - [2026-05-16T13:18:45.947+0000] {dagbag.py:545} INFO - Filling up the DagBag from /home/airflow/.local/lib/python3.12/site-packages/airflow/example_dags/example_python_operator.py
[2026-05-16T13:18:45.952+0000] {processor.py:840} INFO - DAG(s) 'example_python_operator' retrieved from /home/airflow/.local/lib/python3.12/site-packages/airflow/example_dags/example_python_operator.py
[2026-05-16T13:18:45.960+0000] {logging_mixin.py:188} INFO - [2026-05-16T13:18:45.960+0000] {dag.py:3089} INFO - Sync 1 DAGs
[2026-05-16T13:18:45.964+0000] {logging_mixin.py:188} INFO - [2026-05-16T13:18:45.964+0000] {dag.py:3947} INFO - Setting next_dagrun for example_python_operator to None, run_after=None
[2026-05-16T13:18:45.969+0000] {processor.py:183} INFO - Processing /home/airflow/.local/lib/python3.12/site-packages/airflow/example_dags/example_python_operator.py took 0.024 seconds
[2026-05-16T13:19:16.322+0000] {processor.py:161} INFO - Started process (PID=18142) to work on /home/airflow/.local/lib/python3.12/site-packages/airflow/example_dags/example_python_operator.py
[2026-05-16T13:19:16.322+0000] {processor.py:830} INFO - Processing file /home/airflow/.local/lib/python3.12/site-packages/airflow/example_dags/example_python_operator.py for tasks to queue
[2026-05-16T13:19:16.323+0000] {logging_mixin.py:188} INFO - [2026-05-16T13:19:16.322+0000] {dagbag.py:545} INFO - Filling up the DagBag from /home/airflow/.local/lib/python3.12/site-packages/airflow/example_dags/example_python_operator.py
[2026-05-16T13:19:16.327+0000] {processor.py:840} INFO - DAG(s) 'example_python_operator' retrieved from /home/airflow/.local/lib/python3.12/site-packages/airflow/example_dags/example_python_operator.py
[2026-05-16T13:19:16.335+0000] {logging_mixin.py:188} INFO - [2026-05-16T13:19:16.335+0000] {dag.py:3089} INFO - Sync 1 DAGs
[2026-05-16T13:19:16.340+0000] {logging_mixin.py:188} INFO - [2026-05-16T13:19:16.339+0000] {dag.py:3947} INFO - Setting next_dagrun for example_python_operator to None, run_after=None
[2026-05-16T13:19:16.349+0000] {processor.py:183} INFO - Processing /home/airflow/.local/lib/python3.12/site-packages/airflow/example_dags/example_python_operator.py took 0.030 seconds
[2026-05-16T13:19:46.724+0000] {processor.py:161} INFO - Started process (PID=18204) to work on /home/airflow/.local/lib/python3.12/site-packages/airflow/example_dags/example_python_operator.py
[2026-05-16T13:19:46.724+0000] {processor.py:830} INFO - Processing file /home/airflow/.local/lib/python3.12/site-packages/airflow/example_dags/example_python_operator.py for tasks to queue
[2026-05-16T13:19:46.724+0000] {logging_mixin.py:188} INFO - [2026-05-16T13:19:46.724+0000] {dagbag.py:545} INFO - Filling up the DagBag from /home/airflow/.local/lib/python3.12/site-packages/airflow/example_dags/example_python_operator.py
[2026-05-16T13:19:46.729+0000] {processor.py:840} INFO - DAG(s) 'example_python_operator' retrieved from /home/airflow/.local/lib/python3.12/site-packages/airflow/example_dags/example_python_operator.py
[2026-05-16T13:19:46.736+0000] {logging_mixin.py:188} INFO - [2026-05-16T13:19:46.736+0000] {dag.py:3089} INFO - Sync 1 DAGs
[2026-05-16T13:19:46.740+0000] {logging_mixin.py:188} INFO - [2026-05-16T13:19:46.740+0000] {dag.py:3947} INFO - Setting next_dagrun for example_python_operator to None, run_after=None
[2026-05-16T13:19:46.744+0000] {processor.py:183} INFO - Processing /home/airflow/.local/lib/python3.12/site-packages/airflow/example_dags/example_python_operator.py took 0.023 seconds
[2026-05-16T13:20:17.175+0000] {processor.py:161} INFO - Started process (PID=18266) to work on /home/airflow/.local/lib/python3.12/site-packages/airflow/example_dags/example_python_operator.py
[2026-05-16T13:20:17.175+0000] {processor.py:830} INFO - Processing file /home/airflow/.local/lib/python3.12/site-packages/airflow/example_dags/example_python_operator.py for tasks to queue
[2026-05-16T13:20:17.176+0000] {logging_mixin.py:188} INFO - [2026-05-16T13:20:17.175+0000] {dagbag.py:545} INFO - Filling up the DagBag from /home/airflow/.local/lib/python3.12/site-packages/airflow/example_dags/example_python_operator.py
[2026-05-16T13:20:17.180+0000] {processor.py:840} INFO - DAG(s) 'example_python_operator' retrieved from /home/airflow/.local/lib/python3.12/site-packages/airflow/example_dags/example_python_operator.py
[2026-05-16T13:20:17.187+0000] {logging_mixin.py:188} INFO - [2026-05-16T13:20:17.187+0000] {dag.py:3089} INFO - Sync 1 DAGs
[2026-05-16T13:20:17.191+0000] {logging_mixin.py:188} INFO - [2026-05-16T13:20:17.191+0000] {dag.py:3947} INFO - Setting next_dagrun for example_python_operator to None, run_after=None
[2026-05-16T13:20:17.196+0000] {processor.py:183} INFO - Processing /home/airflow/.local/lib/python3.12/site-packages/airflow/example_dags/example_python_operator.py took 0.023 seconds
[2026-05-16T13:20:47.563+0000] {processor.py:161} INFO - Started process (PID=18328) to work on /home/airflow/.local/lib/python3.12/site-packages/airflow/example_dags/example_python_operator.py
[2026-05-16T13:20:47.564+0000] {processor.py:830} INFO - Processing file /home/airflow/.local/lib/python3.12/site-packages/airflow/example_dags/example_python_operator.py for tasks to queue
[2026-05-16T13:20:47.564+0000] {logging_mixin.py:188} INFO - [2026-05-16T13:20:47.564+0000] {dagbag.py:545} INFO - Filling up the DagBag from /home/airflow/.local/lib/python3.12/site-packages/airflow/example_dags/example_python_operator.py
[2026-05-16T13:20:47.568+0000] {processor.py:840} INFO - DAG(s) 'example_python_operator' retrieved from /home/airflow/.local/lib/python3.12/site-packages/airflow/example_dags/example_python_operator.py
[2026-05-16T13:20:47.576+0000] {logging_mixin.py:188} INFO - [2026-05-16T13:20:47.576+0000] {dag.py:3089} INFO - Sync 1 DAGs
[2026-05-16T13:20:47.581+0000] {logging_mixin.py:188} INFO - [2026-05-16T13:20:47.581+0000] {dag.py:3947} INFO - Setting next_dagrun for example_python_operator to None, run_after=None
[2026-05-16T13:20:47.585+0000] {processor.py:183} INFO - Processing /home/airflow/.local/lib/python3.12/site-packages/airflow/example_dags/example_python_operator.py took 0.026 seconds
[2026-05-16T13:21:18.024+0000] {processor.py:161} INFO - Started process (PID=18390) to work on /home/airflow/.local/lib/python3.12/site-packages/airflow/example_dags/example_python_operator.py
[2026-05-16T13:21:18.024+0000] {processor.py:830} INFO - Processing file /home/airflow/.local/lib/python3.12/site-packages/airflow/example_dags/example_python_operator.py for tasks to queue
[2026-05-16T13:21:18.024+0000] {logging_mixin.py:188} INFO - [2026-05-16T13:21:18.024+0000] {dagbag.py:545} INFO - Filling up the DagBag from /home/airflow/.local/lib/python3.12/site-packages/airflow/example_dags/example_python_operator.py
[2026-05-16T13:21:18.029+0000] {processor.py:840} INFO - DAG(s) 'example_python_operator' retrieved from /home/airflow/.local/lib/python3.12/site-packages/airflow/example_dags/example_python_operator.py
[2026-05-16T13:21:18.037+0000] {logging_mixin.py:188} INFO - [2026-05-16T13:21:18.037+0000] {dag.py:3089} INFO - Sync 1 DAGs
[2026-05-16T13:21:18.042+0000] {logging_mixin.py:188} INFO - [2026-05-16T13:21:18.042+0000] {dag.py:3947} INFO - Setting next_dagrun for example_python_operator to None, run_after=None
[2026-05-16T13:21:18.047+0000] {processor.py:183} INFO - Processing /home/airflow/.local/lib/python3.12/site-packages/airflow/example_dags/example_python_operator.py took 0.026 seconds
[2026-05-16T13:21:48.377+0000] {processor.py:161} INFO - Started process (PID=18453) to work on /home/airflow/.local/lib/python3.12/site-packages/airflow/example_dags/example_python_operator.py
[2026-05-16T13:21:48.377+0000] {processor.py:830} INFO - Processing file /home/airflow/.local/lib/python3.12/site-packages/airflow/example_dags/example_python_operator.py for tasks to queue
[2026-05-16T13:21:48.377+0000] {logging_mixin.py:188} INFO - [2026-05-16T13:21:48.377+0000] {dagbag.py:545} INFO - Filling up the DagBag from /home/airflow/.local/lib/python3.12/site-packages/airflow/example_dags/example_python_operator.py
[2026-05-16T13:21:48.382+0000] {processor.py:840} INFO - DAG(s) 'example_python_operator' retrieved from /home/airflow/.local/lib/python3.12/site-packages/airflow/example_dags/example_python_operator.py
[2026-05-16T13:21:48.390+0000] {logging_mixin.py:188} INFO - [2026-05-16T13:21:48.390+0000] {dag.py:3089} INFO - Sync 1 DAGs
[2026-05-16T13:21:48.394+0000] {logging_mixin.py:188} INFO - [2026-05-16T13:21:48.394+0000] {dag.py:3947} INFO - Setting next_dagrun for example_python_operator to None, run_after=None
[2026-05-16T13:21:48.399+0000] {processor.py:183} INFO - Processing /home/airflow/.local/lib/python3.12/site-packages/airflow/example_dags/example_python_operator.py took 0.025 seconds
[2026-05-16T13:22:18.810+0000] {processor.py:161} INFO - Started process (PID=18514) to work on /home/airflow/.local/lib/python3.12/site-packages/airflow/example_dags/example_python_operator.py
[2026-05-16T13:22:18.810+0000] {processor.py:830} INFO - Processing file /home/airflow/.local/lib/python3.12/site-packages/airflow/example_dags/example_python_operator.py for tasks to queue
[2026-05-16T13:22:18.811+0000] {logging_mixin.py:188} INFO - [2026-05-16T13:22:18.810+0000] {dagbag.py:545} INFO - Filling up the DagBag from /home/airflow/.local/lib/python3.12/site-packages/airflow/example_dags/example_python_operator.py
[2026-05-16T13:22:18.815+0000] {processor.py:840} INFO - DAG(s) 'example_python_operator' retrieved from /home/airflow/.local/lib/python3.12/site-packages/airflow/example_dags/example_python_operator.py
[2026-05-16T13:22:18.824+0000] {logging_mixin.py:188} INFO - [2026-05-16T13:22:18.824+0000] {dag.py:3089} INFO - Sync 1 DAGs
[2026-05-16T13:22:18.828+0000] {logging_mixin.py:188} INFO - [2026-05-16T13:22:18.828+0000] {dag.py:3947} INFO - Setting next_dagrun for example_python_operator to None, run_after=None
[2026-05-16T13:22:18.837+0000] {processor.py:183} INFO - Processing /home/airflow/.local/lib/python3.12/site-packages/airflow/example_dags/example_python_operator.py took 0.030 seconds
[2026-05-16T13:22:49.209+0000] {processor.py:161} INFO - Started process (PID=18576) to work on /home/airflow/.local/lib/python3.12/site-packages/airflow/example_dags/example_python_operator.py
[2026-05-16T13:22:49.209+0000] {processor.py:830} INFO - Processing file /home/airflow/.local/lib/python3.12/site-packages/airflow/example_dags/example_python_operator.py for tasks to queue
[2026-05-16T13:22:49.209+0000] {logging_mixin.py:188} INFO - [2026-05-16T13:22:49.209+0000] {dagbag.py:545} INFO - Filling up the DagBag from /home/airflow/.local/lib/python3.12/site-packages/airflow/example_dags/example_python_operator.py
[2026-05-16T13:22:49.214+0000] {processor.py:840} INFO - DAG(s) 'example_python_operator' retrieved from /home/airflow/.local/lib/python3.12/site-packages/airflow/example_dags/example_python_operator.py
[2026-05-16T13:22:49.221+0000] {logging_mixin.py:188} INFO - [2026-05-16T13:22:49.221+0000] {dag.py:3089} INFO - Sync 1 DAGs
[2026-05-16T13:22:49.225+0000] {logging_mixin.py:188} INFO - [2026-05-16T13:22:49.225+0000] {dag.py:3947} INFO - Setting next_dagrun for example_python_operator to None, run_after=None
[2026-05-16T13:22:49.230+0000] {processor.py:183} INFO - Processing /home/airflow/.local/lib/python3.12/site-packages/airflow/example_dags/example_python_operator.py took 0.023 seconds
[2026-05-16T13:23:19.644+0000] {processor.py:161} INFO - Started process (PID=18637) to work on /home/airflow/.local/lib/python3.12/site-packages/airflow/example_dags/example_python_operator.py
[2026-05-16T13:23:19.644+0000] {processor.py:830} INFO - Processing file /home/airflow/.local/lib/python3.12/site-packages/airflow/example_dags/example_python_operator.py for tasks to queue
[2026-05-16T13:23:19.644+0000] {logging_mixin.py:188} INFO - [2026-05-16T13:23:19.644+0000] {dagbag.py:545} INFO - Filling up the DagBag from /home/airflow/.local/lib/python3.12/site-packages/airflow/example_dags/example_python_operator.py
[2026-05-16T13:23:19.650+0000] {processor.py:840} INFO - DAG(s) 'example_python_operator' retrieved from /home/airflow/.local/lib/python3.12/site-packages/airflow/example_dags/example_python_operator.py
[2026-05-16T13:23:19.659+0000] {logging_mixin.py:188} INFO - [2026-05-16T13:23:19.659+0000] {dag.py:3089} INFO - Sync 1 DAGs
[2026-05-16T13:23:19.664+0000] {logging_mixin.py:188} INFO - [2026-05-16T13:23:19.664+0000] {dag.py:3947} INFO - Setting next_dagrun for example_python_operator to None, run_after=None
[2026-05-16T13:23:19.670+0000] {processor.py:183} INFO - Processing /home/airflow/.local/lib/python3.12/site-packages/airflow/example_dags/example_python_operator.py took 0.029 seconds
[2026-05-16T13:23:50.032+0000] {processor.py:161} INFO - Started process (PID=18699) to work on /home/airflow/.local/lib/python3.12/site-packages/airflow/example_dags/example_python_operator.py
[2026-05-16T13:23:50.033+0000] {processor.py:830} INFO - Processing file /home/airflow/.local/lib/python3.12/site-packages/airflow/example_dags/example_python_operator.py for tasks to queue
[2026-05-16T13:23:50.033+0000] {logging_mixin.py:188} INFO - [2026-05-16T13:23:50.033+0000] {dagbag.py:545} INFO - Filling up the DagBag from /home/airflow/.local/lib/python3.12/site-packages/airflow/example_dags/example_python_operator.py
[2026-05-16T13:23:50.037+0000] {processor.py:840} INFO - DAG(s) 'example_python_operator' retrieved from /home/airflow/.local/lib/python3.12/site-packages/airflow/example_dags/example_python_operator.py
[2026-05-16T13:23:50.045+0000] {logging_mixin.py:188} INFO - [2026-05-16T13:23:50.045+0000] {dag.py:3089} INFO - Sync 1 DAGs
[2026-05-16T13:23:50.049+0000] {logging_mixin.py:188} INFO - [2026-05-16T13:23:50.049+0000] {dag.py:3947} INFO - Setting next_dagrun for example_python_operator to None, run_after=None
[2026-05-16T13:23:50.054+0000] {processor.py:183} INFO - Processing /home/airflow/.local/lib/python3.12/site-packages/airflow/example_dags/example_python_operator.py took 0.024 seconds
[2026-05-16T13:24:20.487+0000] {processor.py:161} INFO - Started process (PID=18761) to work on /home/airflow/.local/lib/python3.12/site-packages/airflow/example_dags/example_python_operator.py
[2026-05-16T13:24:20.488+0000] {processor.py:830} INFO - Processing file /home/airflow/.local/lib/python3.12/site-packages/airflow/example_dags/example_python_operator.py for tasks to queue
[2026-05-16T13:24:20.488+0000] {logging_mixin.py:188} INFO - [2026-05-16T13:24:20.488+0000] {dagbag.py:545} INFO - Filling up the DagBag from /home/airflow/.local/lib/python3.12/site-packages/airflow/example_dags/example_python_operator.py
[2026-05-16T13:24:20.493+0000] {processor.py:840} INFO - DAG(s) 'example_python_operator' retrieved from /home/airflow/.local/lib/python3.12/site-packages/airflow/example_dags/example_python_operator.py
[2026-05-16T13:24:20.500+0000] {logging_mixin.py:188} INFO - [2026-05-16T13:24:20.500+0000] {dag.py:3089} INFO - Sync 1 DAGs
[2026-05-16T13:24:20.505+0000] {logging_mixin.py:188} INFO - [2026-05-16T13:24:20.505+0000] {dag.py:3947} INFO - Setting next_dagrun for example_python_operator to None, run_after=None
[2026-05-16T13:24:20.510+0000] {processor.py:183} INFO - Processing /home/airflow/.local/lib/python3.12/site-packages/airflow/example_dags/example_python_operator.py took 0.024 seconds
[2026-05-16T13:24:51.019+0000] {processor.py:161} INFO - Started process (PID=18823) to work on /home/airflow/.local/lib/python3.12/site-packages/airflow/example_dags/example_python_operator.py
[2026-05-16T13:24:51.019+0000] {processor.py:830} INFO - Processing file /home/airflow/.local/lib/python3.12/site-packages/airflow/example_dags/example_python_operator.py for tasks to queue
[2026-05-16T13:24:51.020+0000] {logging_mixin.py:188} INFO - [2026-05-16T13:24:51.019+0000] {dagbag.py:545} INFO - Filling up the DagBag from /home/airflow/.local/lib/python3.12/site-packages/airflow/example_dags/example_python_operator.py
[2026-05-16T13:24:51.024+0000] {processor.py:840} INFO - DAG(s) 'example_python_operator' retrieved from /home/airflow/.local/lib/python3.12/site-packages/airflow/example_dags/example_python_operator.py
[2026-05-16T13:24:51.032+0000] {logging_mixin.py:188} INFO - [2026-05-16T13:24:51.032+0000] {dag.py:3089} INFO - Sync 1 DAGs
[2026-05-16T13:24:51.036+0000] {logging_mixin.py:188} INFO - [2026-05-16T13:24:51.035+0000] {dag.py:3947} INFO - Setting next_dagrun for example_python_operator to None, run_after=None
[2026-05-16T13:24:51.040+0000] {processor.py:183} INFO - Processing /home/airflow/.local/lib/python3.12/site-packages/airflow/example_dags/example_python_operator.py took 0.024 seconds
[2026-05-16T13:25:21.472+0000] {processor.py:161} INFO - Started process (PID=18885) to work on /home/airflow/.local/lib/python3.12/site-packages/airflow/example_dags/example_python_operator.py
[2026-05-16T13:25:21.473+0000] {processor.py:830} INFO - Processing file /home/airflow/.local/lib/python3.12/site-packages/airflow/example_dags/example_python_operator.py for tasks to queue
[2026-05-16T13:25:21.473+0000] {logging_mixin.py:188} INFO - [2026-05-16T13:25:21.473+0000] {dagbag.py:545} INFO - Filling up the DagBag from /home/airflow/.local/lib/python3.12/site-packages/airflow/example_dags/example_python_operator.py
[2026-05-16T13:25:21.478+0000] {processor.py:840} INFO - DAG(s) 'example_python_operator' retrieved from /home/airflow/.local/lib/python3.12/site-packages/airflow/example_dags/example_python_operator.py
[2026-05-16T13:25:21.489+0000] {logging_mixin.py:188} INFO - [2026-05-16T13:25:21.489+0000] {dag.py:3089} INFO - Sync 1 DAGs
[2026-05-16T13:25:21.494+0000] {logging_mixin.py:188} INFO - [2026-05-16T13:25:21.494+0000] {dag.py:3947} INFO - Setting next_dagrun for example_python_operator to None, run_after=None
[2026-05-16T13:25:21.501+0000] {processor.py:183} INFO - Processing /home/airflow/.local/lib/python3.12/site-packages/airflow/example_dags/example_python_operator.py took 0.031 seconds
[2026-05-16T13:25:51.903+0000] {processor.py:161} INFO - Started process (PID=18947) to work on /home/airflow/.local/lib/python3.12/site-packages/airflow/example_dags/example_python_operator.py
[2026-05-16T13:25:51.904+0000] {processor.py:830} INFO - Processing file /home/airflow/.local/lib/python3.12/site-packages/airflow/example_dags/example_python_operator.py for tasks to queue
[2026-05-16T13:25:51.904+0000] {logging_mixin.py:188} INFO - [2026-05-16T13:25:51.904+0000] {dagbag.py:545} INFO - Filling up the DagBag from /home/airflow/.local/lib/python3.12/site-packages/airflow/example_dags/example_python_operator.py
[2026-05-16T13:25:51.909+0000] {processor.py:840} INFO - DAG(s) 'example_python_operator' retrieved from /home/airflow/.local/lib/python3.12/site-packages/airflow/example_dags/example_python_operator.py
[2026-05-16T13:25:51.916+0000] {logging_mixin.py:188} INFO - [2026-05-16T13:25:51.916+0000] {dag.py:3089} INFO - Sync 1 DAGs
[2026-05-16T13:25:51.920+0000] {logging_mixin.py:188} INFO - [2026-05-16T13:25:51.920+0000] {dag.py:3947} INFO - Setting next_dagrun for example_python_operator to None, run_after=None
[2026-05-16T13:25:51.925+0000] {processor.py:183} INFO - Processing /home/airflow/.local/lib/python3.12/site-packages/airflow/example_dags/example_python_operator.py took 0.025 seconds
[2026-05-16T13:26:22.578+0000] {processor.py:161} INFO - Started process (PID=19009) to work on /home/airflow/.local/lib/python3.12/site-packages/airflow/example_dags/example_python_operator.py
[2026-05-16T13:26:22.578+0000] {processor.py:830} INFO - Processing file /home/airflow/.local/lib/python3.12/site-packages/airflow/example_dags/example_python_operator.py for tasks to queue
[2026-05-16T13:26:22.579+0000] {logging_mixin.py:188} INFO - [2026-05-16T13:26:22.578+0000] {dagbag.py:545} INFO - Filling up the DagBag from /home/airflow/.local/lib/python3.12/site-packages/airflow/example_dags/example_python_operator.py
[2026-05-16T13:26:22.583+0000] {processor.py:840} INFO - DAG(s) 'example_python_operator' retrieved from /home/airflow/.local/lib/python3.12/site-packages/airflow/example_dags/example_python_operator.py
[2026-05-16T13:26:22.591+0000] {logging_mixin.py:188} INFO - [2026-05-16T13:26:22.591+0000] {dag.py:3089} INFO - Sync 1 DAGs
[2026-05-16T13:26:22.595+0000] {logging_mixin.py:188} INFO - [2026-05-16T13:26:22.595+0000] {dag.py:3947} INFO - Setting next_dagrun for example_python_operator to None, run_after=None
[2026-05-16T13:26:22.600+0000] {processor.py:183} INFO - Processing /home/airflow/.local/lib/python3.12/site-packages/airflow/example_dags/example_python_operator.py took 0.025 seconds
[2026-05-16T13:26:53.227+0000] {processor.py:161} INFO - Started process (PID=19071) to work on /home/airflow/.local/lib/python3.12/site-packages/airflow/example_dags/example_python_operator.py
[2026-05-16T13:26:53.227+0000] {processor.py:830} INFO - Processing file /home/airflow/.local/lib/python3.12/site-packages/airflow/example_dags/example_python_operator.py for tasks to queue
[2026-05-16T13:26:53.228+0000] {logging_mixin.py:188} INFO - [2026-05-16T13:26:53.228+0000] {dagbag.py:545} INFO - Filling up the DagBag from /home/airflow/.local/lib/python3.12/site-packages/airflow/example_dags/example_python_operator.py
[2026-05-16T13:26:53.235+0000] {processor.py:840} INFO - DAG(s) 'example_python_operator' retrieved from /home/airflow/.local/lib/python3.12/site-packages/airflow/example_dags/example_python_operator.py
[2026-05-16T13:26:53.249+0000] {logging_mixin.py:188} INFO - [2026-05-16T13:26:53.249+0000] {dag.py:3089} INFO - Sync 1 DAGs
[2026-05-16T13:26:53.255+0000] {logging_mixin.py:188} INFO - [2026-05-16T13:26:53.255+0000] {dag.py:3947} INFO - Setting next_dagrun for example_python_operator to None, run_after=None
[2026-05-16T13:26:53.260+0000] {processor.py:183} INFO - Processing /home/airflow/.local/lib/python3.12/site-packages/airflow/example_dags/example_python_operator.py took 0.038 seconds
[2026-05-16T13:27:23.840+0000] {processor.py:161} INFO - Started process (PID=19133) to work on /home/airflow/.local/lib/python3.12/site-packages/airflow/example_dags/example_python_operator.py
[2026-05-16T13:27:23.842+0000] {processor.py:830} INFO - Processing file /home/airflow/.local/lib/python3.12/site-packages/airflow/example_dags/example_python_operator.py for tasks to queue
[2026-05-16T13:27:23.842+0000] {logging_mixin.py:188} INFO - [2026-05-16T13:27:23.842+0000] {dagbag.py:545} INFO - Filling up the DagBag from /home/airflow/.local/lib/python3.12/site-packages/airflow/example_dags/example_python_operator.py
[2026-05-16T13:27:23.850+0000] {processor.py:840} INFO - DAG(s) 'example_python_operator' retrieved from /home/airflow/.local/lib/python3.12/site-packages/airflow/example_dags/example_python_operator.py
[2026-05-16T13:27:23.866+0000] {logging_mixin.py:188} INFO - [2026-05-16T13:27:23.866+0000] {dag.py:3089} INFO - Sync 1 DAGs
[2026-05-16T13:27:23.874+0000] {logging_mixin.py:188} INFO - [2026-05-16T13:27:23.874+0000] {dag.py:3947} INFO - Setting next_dagrun for example_python_operator to None, run_after=None
[2026-05-16T13:27:23.883+0000] {processor.py:183} INFO - Processing /home/airflow/.local/lib/python3.12/site-packages/airflow/example_dags/example_python_operator.py took 0.050 seconds
[2026-05-16T13:27:54.486+0000] {processor.py:161} INFO - Started process (PID=19202) to work on /home/airflow/.local/lib/python3.12/site-packages/airflow/example_dags/example_python_operator.py
[2026-05-16T13:27:54.486+0000] {processor.py:830} INFO - Processing file /home/airflow/.local/lib/python3.12/site-packages/airflow/example_dags/example_python_operator.py for tasks to queue
[2026-05-16T13:27:54.486+0000] {logging_mixin.py:188} INFO - [2026-05-16T13:27:54.486+0000] {dagbag.py:545} INFO - Filling up the DagBag from /home/airflow/.local/lib/python3.12/site-packages/airflow/example_dags/example_python_operator.py
[2026-05-16T13:27:54.490+0000] {processor.py:840} INFO - DAG(s) 'example_python_operator' retrieved from /home/airflow/.local/lib/python3.12/site-packages/airflow/example_dags/example_python_operator.py
[2026-05-16T13:27:54.502+0000] {logging_mixin.py:188} INFO - [2026-05-16T13:27:54.501+0000] {dag.py:3089} INFO - Sync 1 DAGs
[2026-05-16T13:27:54.505+0000] {logging_mixin.py:188} INFO - [2026-05-16T13:27:54.505+0000] {dag.py:3947} INFO - Setting next_dagrun for example_python_operator to None, run_after=None
[2026-05-16T13:27:54.510+0000] {processor.py:183} INFO - Processing /home/airflow/.local/lib/python3.12/site-packages/airflow/example_dags/example_python_operator.py took 0.027 seconds
[2026-05-16T13:28:24.895+0000] {processor.py:161} INFO - Started process (PID=19263) to work on /home/airflow/.local/lib/python3.12/site-packages/airflow/example_dags/example_python_operator.py
[2026-05-16T13:28:24.896+0000] {processor.py:830} INFO - Processing file /home/airflow/.local/lib/python3.12/site-packages/airflow/example_dags/example_python_operator.py for tasks to queue
[2026-05-16T13:28:24.896+0000] {logging_mixin.py:188} INFO - [2026-05-16T13:28:24.896+0000] {dagbag.py:545} INFO - Filling up the DagBag from /home/airflow/.local/lib/python3.12/site-packages/airflow/example_dags/example_python_operator.py
[2026-05-16T13:28:24.901+0000] {processor.py:840} INFO - DAG(s) 'example_python_operator' retrieved from /home/airflow/.local/lib/python3.12/site-packages/airflow/example_dags/example_python_operator.py
[2026-05-16T13:28:24.910+0000] {logging_mixin.py:188} INFO - [2026-05-16T13:28:24.910+0000] {dag.py:3089} INFO - Sync 1 DAGs
[2026-05-16T13:28:24.915+0000] {logging_mixin.py:188} INFO - [2026-05-16T13:28:24.915+0000] {dag.py:3947} INFO - Setting next_dagrun for example_python_operator to None, run_after=None
[2026-05-16T13:28:24.920+0000] {processor.py:183} INFO - Processing /home/airflow/.local/lib/python3.12/site-packages/airflow/example_dags/example_python_operator.py took 0.027 seconds
[2026-05-16T13:28:55.264+0000] {processor.py:161} INFO - Started process (PID=19325) to work on /home/airflow/.local/lib/python3.12/site-packages/airflow/example_dags/example_python_operator.py
[2026-05-16T13:28:55.264+0000] {processor.py:830} INFO - Processing file /home/airflow/.local/lib/python3.12/site-packages/airflow/example_dags/example_python_operator.py for tasks to queue
[2026-05-16T13:28:55.265+0000] {logging_mixin.py:188} INFO - [2026-05-16T13:28:55.265+0000] {dagbag.py:545} INFO - Filling up the DagBag from /home/airflow/.local/lib/python3.12/site-packages/airflow/example_dags/example_python_operator.py
[2026-05-16T13:28:55.269+0000] {processor.py:840} INFO - DAG(s) 'example_python_operator' retrieved from /home/airflow/.local/lib/python3.12/site-packages/airflow/example_dags/example_python_operator.py
[2026-05-16T13:28:55.277+0000] {logging_mixin.py:188} INFO - [2026-05-16T13:28:55.277+0000] {dag.py:3089} INFO - Sync 1 DAGs
[2026-05-16T13:28:55.280+0000] {logging_mixin.py:188} INFO - [2026-05-16T13:28:55.280+0000] {dag.py:3947} INFO - Setting next_dagrun for example_python_operator to None, run_after=None
[2026-05-16T13:28:55.289+0000] {processor.py:183} INFO - Processing /home/airflow/.local/lib/python3.12/site-packages/airflow/example_dags/example_python_operator.py took 0.027 seconds
[2026-05-16T13:29:25.576+0000] {processor.py:161} INFO - Started process (PID=19387) to work on /home/airflow/.local/lib/python3.12/site-packages/airflow/example_dags/example_python_operator.py
[2026-05-16T13:29:25.577+0000] {processor.py:830} INFO - Processing file /home/airflow/.local/lib/python3.12/site-packages/airflow/example_dags/example_python_operator.py for tasks to queue
[2026-05-16T13:29:25.577+0000] {logging_mixin.py:188} INFO - [2026-05-16T13:29:25.577+0000] {dagbag.py:545} INFO - Filling up the DagBag from /home/airflow/.local/lib/python3.12/site-packages/airflow/example_dags/example_python_operator.py
[2026-05-16T13:29:25.582+0000] {processor.py:840} INFO - DAG(s) 'example_python_operator' retrieved from /home/airflow/.local/lib/python3.12/site-packages/airflow/example_dags/example_python_operator.py
[2026-05-16T13:29:25.589+0000] {logging_mixin.py:188} INFO - [2026-05-16T13:29:25.589+0000] {dag.py:3089} INFO - Sync 1 DAGs
[2026-05-16T13:29:25.593+0000] {logging_mixin.py:188} INFO - [2026-05-16T13:29:25.593+0000] {dag.py:3947} INFO - Setting next_dagrun for example_python_operator to None, run_after=None
[2026-05-16T13:29:25.599+0000] {processor.py:183} INFO - Processing /home/airflow/.local/lib/python3.12/site-packages/airflow/example_dags/example_python_operator.py took 0.027 seconds
[2026-05-16T13:29:55.960+0000] {processor.py:161} INFO - Started process (PID=19449) to work on /home/airflow/.local/lib/python3.12/site-packages/airflow/example_dags/example_python_operator.py
[2026-05-16T13:29:55.960+0000] {processor.py:830} INFO - Processing file /home/airflow/.local/lib/python3.12/site-packages/airflow/example_dags/example_python_operator.py for tasks to queue
[2026-05-16T13:29:55.960+0000] {logging_mixin.py:188} INFO - [2026-05-16T13:29:55.960+0000] {dagbag.py:545} INFO - Filling up the DagBag from /home/airflow/.local/lib/python3.12/site-packages/airflow/example_dags/example_python_operator.py
[2026-05-16T13:29:55.965+0000] {processor.py:840} INFO - DAG(s) 'example_python_operator' retrieved from /home/airflow/.local/lib/python3.12/site-packages/airflow/example_dags/example_python_operator.py
[2026-05-16T13:29:55.975+0000] {logging_mixin.py:188} INFO - [2026-05-16T13:29:55.974+0000] {dag.py:3089} INFO - Sync 1 DAGs
[2026-05-16T13:29:55.980+0000] {logging_mixin.py:188} INFO - [2026-05-16T13:29:55.980+0000] {dag.py:3947} INFO - Setting next_dagrun for example_python_operator to None, run_after=None
[2026-05-16T13:29:55.985+0000] {processor.py:183} INFO - Processing /home/airflow/.local/lib/python3.12/site-packages/airflow/example_dags/example_python_operator.py took 0.028 seconds
[2026-05-16T13:30:26.475+0000] {processor.py:161} INFO - Started process (PID=19511) to work on /home/airflow/.local/lib/python3.12/site-packages/airflow/example_dags/example_python_operator.py
[2026-05-16T13:30:26.475+0000] {processor.py:830} INFO - Processing file /home/airflow/.local/lib/python3.12/site-packages/airflow/example_dags/example_python_operator.py for tasks to queue
[2026-05-16T13:30:26.475+0000] {logging_mixin.py:188} INFO - [2026-05-16T13:30:26.475+0000] {dagbag.py:545} INFO - Filling up the DagBag from /home/airflow/.local/lib/python3.12/site-packages/airflow/example_dags/example_python_operator.py
[2026-05-16T13:30:26.480+0000] {processor.py:840} INFO - DAG(s) 'example_python_operator' retrieved from /home/airflow/.local/lib/python3.12/site-packages/airflow/example_dags/example_python_operator.py
[2026-05-16T13:30:26.490+0000] {logging_mixin.py:188} INFO - [2026-05-16T13:30:26.490+0000] {dag.py:3089} INFO - Sync 1 DAGs
[2026-05-16T13:30:26.495+0000] {logging_mixin.py:188} INFO - [2026-05-16T13:30:26.495+0000] {dag.py:3947} INFO - Setting next_dagrun for example_python_operator to None, run_after=None
[2026-05-16T13:30:26.500+0000] {processor.py:183} INFO - Processing /home/airflow/.local/lib/python3.12/site-packages/airflow/example_dags/example_python_operator.py took 0.028 seconds
[2026-05-16T13:30:56.859+0000] {processor.py:161} INFO - Started process (PID=19573) to work on /home/airflow/.local/lib/python3.12/site-packages/airflow/example_dags/example_python_operator.py
[2026-05-16T13:30:56.860+0000] {processor.py:830} INFO - Processing file /home/airflow/.local/lib/python3.12/site-packages/airflow/example_dags/example_python_operator.py for tasks to queue
[2026-05-16T13:30:56.860+0000] {logging_mixin.py:188} INFO - [2026-05-16T13:30:56.860+0000] {dagbag.py:545} INFO - Filling up the DagBag from /home/airflow/.local/lib/python3.12/site-packages/airflow/example_dags/example_python_operator.py
[2026-05-16T13:30:56.866+0000] {processor.py:840} INFO - DAG(s) 'example_python_operator' retrieved from /home/airflow/.local/lib/python3.12/site-packages/airflow/example_dags/example_python_operator.py
[2026-05-16T13:30:56.875+0000] {logging_mixin.py:188} INFO - [2026-05-16T13:30:56.875+0000] {dag.py:3089} INFO - Sync 1 DAGs
[2026-05-16T13:30:56.880+0000] {logging_mixin.py:188} INFO - [2026-05-16T13:30:56.880+0000] {dag.py:3947} INFO - Setting next_dagrun for example_python_operator to None, run_after=None
[2026-05-16T13:30:56.885+0000] {processor.py:183} INFO - Processing /home/airflow/.local/lib/python3.12/site-packages/airflow/example_dags/example_python_operator.py took 0.029 seconds
[2026-05-16T13:31:27.230+0000] {processor.py:161} INFO - Started process (PID=19635) to work on /home/airflow/.local/lib/python3.12/site-packages/airflow/example_dags/example_python_operator.py
[2026-05-16T13:31:27.230+0000] {processor.py:830} INFO - Processing file /home/airflow/.local/lib/python3.12/site-packages/airflow/example_dags/example_python_operator.py for tasks to queue
[2026-05-16T13:31:27.231+0000] {logging_mixin.py:188} INFO - [2026-05-16T13:31:27.230+0000] {dagbag.py:545} INFO - Filling up the DagBag from /home/airflow/.local/lib/python3.12/site-packages/airflow/example_dags/example_python_operator.py
[2026-05-16T13:31:27.235+0000] {processor.py:840} INFO - DAG(s) 'example_python_operator' retrieved from /home/airflow/.local/lib/python3.12/site-packages/airflow/example_dags/example_python_operator.py
[2026-05-16T13:31:27.242+0000] {logging_mixin.py:188} INFO - [2026-05-16T13:31:27.242+0000] {dag.py:3089} INFO - Sync 1 DAGs
[2026-05-16T13:31:27.246+0000] {logging_mixin.py:188} INFO - [2026-05-16T13:31:27.246+0000] {dag.py:3947} INFO - Setting next_dagrun for example_python_operator to None, run_after=None
[2026-05-16T13:31:27.251+0000] {processor.py:183} INFO - Processing /home/airflow/.local/lib/python3.12/site-packages/airflow/example_dags/example_python_operator.py took 0.023 seconds
[2026-05-16T13:31:57.532+0000] {processor.py:161} INFO - Started process (PID=19696) to work on /home/airflow/.local/lib/python3.12/site-packages/airflow/example_dags/example_python_operator.py
[2026-05-16T13:31:57.533+0000] {processor.py:830} INFO - Processing file /home/airflow/.local/lib/python3.12/site-packages/airflow/example_dags/example_python_operator.py for tasks to queue
[2026-05-16T13:31:57.533+0000] {logging_mixin.py:188} INFO - [2026-05-16T13:31:57.533+0000] {dagbag.py:545} INFO - Filling up the DagBag from /home/airflow/.local/lib/python3.12/site-packages/airflow/example_dags/example_python_operator.py
[2026-05-16T13:31:57.537+0000] {processor.py:840} INFO - DAG(s) 'example_python_operator' retrieved from /home/airflow/.local/lib/python3.12/site-packages/airflow/example_dags/example_python_operator.py
[2026-05-16T13:31:57.544+0000] {logging_mixin.py:188} INFO - [2026-05-16T13:31:57.544+0000] {dag.py:3089} INFO - Sync 1 DAGs
[2026-05-16T13:31:57.548+0000] {logging_mixin.py:188} INFO - [2026-05-16T13:31:57.548+0000] {dag.py:3947} INFO - Setting next_dagrun for example_python_operator to None, run_after=None
[2026-05-16T13:31:57.552+0000] {processor.py:183} INFO - Processing /home/airflow/.local/lib/python3.12/site-packages/airflow/example_dags/example_python_operator.py took 0.022 seconds
[2026-05-16T13:32:27.864+0000] {processor.py:161} INFO - Started process (PID=19758) to work on /home/airflow/.local/lib/python3.12/site-packages/airflow/example_dags/example_python_operator.py
[2026-05-16T13:32:27.864+0000] {processor.py:830} INFO - Processing file /home/airflow/.local/lib/python3.12/site-packages/airflow/example_dags/example_python_operator.py for tasks to queue
[2026-05-16T13:32:27.865+0000] {logging_mixin.py:188} INFO - [2026-05-16T13:32:27.865+0000] {dagbag.py:545} INFO - Filling up the DagBag from /home/airflow/.local/lib/python3.12/site-packages/airflow/example_dags/example_python_operator.py
[2026-05-16T13:32:27.871+0000] {processor.py:840} INFO - DAG(s) 'example_python_operator' retrieved from /home/airflow/.local/lib/python3.12/site-packages/airflow/example_dags/example_python_operator.py
[2026-05-16T13:32:27.879+0000] {logging_mixin.py:188} INFO - [2026-05-16T13:32:27.879+0000] {dag.py:3089} INFO - Sync 1 DAGs
[2026-05-16T13:32:27.883+0000] {logging_mixin.py:188} INFO - [2026-05-16T13:32:27.883+0000] {dag.py:3947} INFO - Setting next_dagrun for example_python_operator to None, run_after=None
[2026-05-16T13:32:27.890+0000] {processor.py:183} INFO - Processing /home/airflow/.local/lib/python3.12/site-packages/airflow/example_dags/example_python_operator.py took 0.028 seconds
[2026-05-16T13:32:58.239+0000] {processor.py:161} INFO - Started process (PID=19821) to work on /home/airflow/.local/lib/python3.12/site-packages/airflow/example_dags/example_python_operator.py
[2026-05-16T13:32:58.239+0000] {processor.py:830} INFO - Processing file /home/airflow/.local/lib/python3.12/site-packages/airflow/example_dags/example_python_operator.py for tasks to queue
[2026-05-16T13:32:58.239+0000] {logging_mixin.py:188} INFO - [2026-05-16T13:32:58.239+0000] {dagbag.py:545} INFO - Filling up the DagBag from /home/airflow/.local/lib/python3.12/site-packages/airflow/example_dags/example_python_operator.py
[2026-05-16T13:32:58.243+0000] {processor.py:840} INFO - DAG(s) 'example_python_operator' retrieved from /home/airflow/.local/lib/python3.12/site-packages/airflow/example_dags/example_python_operator.py
[2026-05-16T13:32:58.250+0000] {logging_mixin.py:188} INFO - [2026-05-16T13:32:58.250+0000] {dag.py:3089} INFO - Sync 1 DAGs
[2026-05-16T13:32:58.254+0000] {logging_mixin.py:188} INFO - [2026-05-16T13:32:58.254+0000] {dag.py:3947} INFO - Setting next_dagrun for example_python_operator to None, run_after=None
[2026-05-16T13:32:58.259+0000] {processor.py:183} INFO - Processing /home/airflow/.local/lib/python3.12/site-packages/airflow/example_dags/example_python_operator.py took 0.022 seconds
[2026-05-16T13:33:28.477+0000] {processor.py:161} INFO - Started process (PID=19883) to work on /home/airflow/.local/lib/python3.12/site-packages/airflow/example_dags/example_python_operator.py
[2026-05-16T13:33:28.477+0000] {processor.py:830} INFO - Processing file /home/airflow/.local/lib/python3.12/site-packages/airflow/example_dags/example_python_operator.py for tasks to queue
[2026-05-16T13:33:28.478+0000] {logging_mixin.py:188} INFO - [2026-05-16T13:33:28.478+0000] {dagbag.py:545} INFO - Filling up the DagBag from /home/airflow/.local/lib/python3.12/site-packages/airflow/example_dags/example_python_operator.py
[2026-05-16T13:33:28.482+0000] {processor.py:840} INFO - DAG(s) 'example_python_operator' retrieved from /home/airflow/.local/lib/python3.12/site-packages/airflow/example_dags/example_python_operator.py
[2026-05-16T13:33:28.490+0000] {logging_mixin.py:188} INFO - [2026-05-16T13:33:28.490+0000] {dag.py:3089} INFO - Sync 1 DAGs
[2026-05-16T13:33:28.495+0000] {logging_mixin.py:188} INFO - [2026-05-16T13:33:28.495+0000] {dag.py:3947} INFO - Setting next_dagrun for example_python_operator to None, run_after=None
[2026-05-16T13:33:28.500+0000] {processor.py:183} INFO - Processing /home/airflow/.local/lib/python3.12/site-packages/airflow/example_dags/example_python_operator.py took 0.025 seconds
[2026-05-16T13:33:59.151+0000] {processor.py:161} INFO - Started process (PID=19945) to work on /home/airflow/.local/lib/python3.12/site-packages/airflow/example_dags/example_python_operator.py
[2026-05-16T13:33:59.151+0000] {processor.py:830} INFO - Processing file /home/airflow/.local/lib/python3.12/site-packages/airflow/example_dags/example_python_operator.py for tasks to queue
[2026-05-16T13:33:59.151+0000] {logging_mixin.py:188} INFO - [2026-05-16T13:33:59.151+0000] {dagbag.py:545} INFO - Filling up the DagBag from /home/airflow/.local/lib/python3.12/site-packages/airflow/example_dags/example_python_operator.py
[2026-05-16T13:33:59.155+0000] {processor.py:840} INFO - DAG(s) 'example_python_operator' retrieved from /home/airflow/.local/lib/python3.12/site-packages/airflow/example_dags/example_python_operator.py
[2026-05-16T13:33:59.165+0000] {logging_mixin.py:188} INFO - [2026-05-16T13:33:59.165+0000] {dag.py:3089} INFO - Sync 1 DAGs
[2026-05-16T13:33:59.169+0000] {logging_mixin.py:188} INFO - [2026-05-16T13:33:59.169+0000] {dag.py:3947} INFO - Setting next_dagrun for example_python_operator to None, run_after=None
[2026-05-16T13:33:59.175+0000] {processor.py:183} INFO - Processing /home/airflow/.local/lib/python3.12/site-packages/airflow/example_dags/example_python_operator.py took 0.026 seconds
[2026-05-16T13:34:29.724+0000] {processor.py:161} INFO - Started process (PID=20007) to work on /home/airflow/.local/lib/python3.12/site-packages/airflow/example_dags/example_python_operator.py
[2026-05-16T13:34:29.725+0000] {processor.py:830} INFO - Processing file /home/airflow/.local/lib/python3.12/site-packages/airflow/example_dags/example_python_operator.py for tasks to queue
[2026-05-16T13:34:29.725+0000] {logging_mixin.py:188} INFO - [2026-05-16T13:34:29.725+0000] {dagbag.py:545} INFO - Filling up the DagBag from /home/airflow/.local/lib/python3.12/site-packages/airflow/example_dags/example_python_operator.py
[2026-05-16T13:34:29.731+0000] {processor.py:840} INFO - DAG(s) 'example_python_operator' retrieved from /home/airflow/.local/lib/python3.12/site-packages/airflow/example_dags/example_python_operator.py
[2026-05-16T13:34:29.744+0000] {logging_mixin.py:188} INFO - [2026-05-16T13:34:29.744+0000] {dag.py:3089} INFO - Sync 1 DAGs
[2026-05-16T13:34:29.753+0000] {logging_mixin.py:188} INFO - [2026-05-16T13:34:29.753+0000] {dag.py:3947} INFO - Setting next_dagrun for example_python_operator to None, run_after=None
[2026-05-16T13:34:29.761+0000] {processor.py:183} INFO - Processing /home/airflow/.local/lib/python3.12/site-packages/airflow/example_dags/example_python_operator.py took 0.042 seconds
[2026-05-16T13:35:00.304+0000] {processor.py:161} INFO - Started process (PID=20069) to work on /home/airflow/.local/lib/python3.12/site-packages/airflow/example_dags/example_python_operator.py
[2026-05-16T13:35:00.306+0000] {processor.py:830} INFO - Processing file /home/airflow/.local/lib/python3.12/site-packages/airflow/example_dags/example_python_operator.py for tasks to queue
[2026-05-16T13:35:00.306+0000] {logging_mixin.py:188} INFO - [2026-05-16T13:35:00.306+0000] {dagbag.py:545} INFO - Filling up the DagBag from /home/airflow/.local/lib/python3.12/site-packages/airflow/example_dags/example_python_operator.py
[2026-05-16T13:35:00.312+0000] {processor.py:840} INFO - DAG(s) 'example_python_operator' retrieved from /home/airflow/.local/lib/python3.12/site-packages/airflow/example_dags/example_python_operator.py
[2026-05-16T13:35:00.324+0000] {logging_mixin.py:188} INFO - [2026-05-16T13:35:00.323+0000] {dag.py:3089} INFO - Sync 1 DAGs
[2026-05-16T13:35:00.332+0000] {logging_mixin.py:188} INFO - [2026-05-16T13:35:00.332+0000] {dag.py:3947} INFO - Setting next_dagrun for example_python_operator to None, run_after=None
[2026-05-16T13:35:00.340+0000] {processor.py:183} INFO - Processing /home/airflow/.local/lib/python3.12/site-packages/airflow/example_dags/example_python_operator.py took 0.041 seconds
[2026-05-16T13:35:30.935+0000] {processor.py:161} INFO - Started process (PID=20130) to work on /home/airflow/.local/lib/python3.12/site-packages/airflow/example_dags/example_python_operator.py
[2026-05-16T13:35:30.935+0000] {processor.py:830} INFO - Processing file /home/airflow/.local/lib/python3.12/site-packages/airflow/example_dags/example_python_operator.py for tasks to queue
[2026-05-16T13:35:30.935+0000] {logging_mixin.py:188} INFO - [2026-05-16T13:35:30.935+0000] {dagbag.py:545} INFO - Filling up the DagBag from /home/airflow/.local/lib/python3.12/site-packages/airflow/example_dags/example_python_operator.py
[2026-05-16T13:35:30.939+0000] {processor.py:840} INFO - DAG(s) 'example_python_operator' retrieved from /home/airflow/.local/lib/python3.12/site-packages/airflow/example_dags/example_python_operator.py
[2026-05-16T13:35:30.947+0000] {logging_mixin.py:188} INFO - [2026-05-16T13:35:30.947+0000] {dag.py:3089} INFO - Sync 1 DAGs
[2026-05-16T13:35:30.951+0000] {logging_mixin.py:188} INFO - [2026-05-16T13:35:30.951+0000] {dag.py:3947} INFO - Setting next_dagrun for example_python_operator to None, run_after=None
[2026-05-16T13:35:30.956+0000] {processor.py:183} INFO - Processing /home/airflow/.local/lib/python3.12/site-packages/airflow/example_dags/example_python_operator.py took 0.024 seconds
[2026-05-16T13:36:01.491+0000] {processor.py:161} INFO - Started process (PID=20193) to work on /home/airflow/.local/lib/python3.12/site-packages/airflow/example_dags/example_python_operator.py
[2026-05-16T13:36:01.491+0000] {processor.py:830} INFO - Processing file /home/airflow/.local/lib/python3.12/site-packages/airflow/example_dags/example_python_operator.py for tasks to queue
[2026-05-16T13:36:01.491+0000] {logging_mixin.py:188} INFO - [2026-05-16T13:36:01.491+0000] {dagbag.py:545} INFO - Filling up the DagBag from /home/airflow/.local/lib/python3.12/site-packages/airflow/example_dags/example_python_operator.py
[2026-05-16T13:36:01.495+0000] {processor.py:840} INFO - DAG(s) 'example_python_operator' retrieved from /home/airflow/.local/lib/python3.12/site-packages/airflow/example_dags/example_python_operator.py
[2026-05-16T13:36:01.503+0000] {logging_mixin.py:188} INFO - [2026-05-16T13:36:01.503+0000] {dag.py:3089} INFO - Sync 1 DAGs
[2026-05-16T13:36:01.506+0000] {logging_mixin.py:188} INFO - [2026-05-16T13:36:01.506+0000] {dag.py:3947} INFO - Setting next_dagrun for example_python_operator to None, run_after=None
[2026-05-16T13:36:01.511+0000] {processor.py:183} INFO - Processing /home/airflow/.local/lib/python3.12/site-packages/airflow/example_dags/example_python_operator.py took 0.023 seconds
[2026-05-16T13:36:31.800+0000] {processor.py:161} INFO - Started process (PID=20255) to work on /home/airflow/.local/lib/python3.12/site-packages/airflow/example_dags/example_python_operator.py
[2026-05-16T13:36:31.800+0000] {processor.py:830} INFO - Processing file /home/airflow/.local/lib/python3.12/site-packages/airflow/example_dags/example_python_operator.py for tasks to queue
[2026-05-16T13:36:31.801+0000] {logging_mixin.py:188} INFO - [2026-05-16T13:36:31.801+0000] {dagbag.py:545} INFO - Filling up the DagBag from /home/airflow/.local/lib/python3.12/site-packages/airflow/example_dags/example_python_operator.py
[2026-05-16T13:36:31.806+0000] {processor.py:840} INFO - DAG(s) 'example_python_operator' retrieved from /home/airflow/.local/lib/python3.12/site-packages/airflow/example_dags/example_python_operator.py
[2026-05-16T13:36:31.817+0000] {logging_mixin.py:188} INFO - [2026-05-16T13:36:31.817+0000] {dag.py:3089} INFO - Sync 1 DAGs
[2026-05-16T13:36:31.822+0000] {logging_mixin.py:188} INFO - [2026-05-16T13:36:31.822+0000] {dag.py:3947} INFO - Setting next_dagrun for example_python_operator to None, run_after=None
[2026-05-16T13:36:31.827+0000] {processor.py:183} INFO - Processing /home/airflow/.local/lib/python3.12/site-packages/airflow/example_dags/example_python_operator.py took 0.029 seconds
[2026-05-16T13:37:02.180+0000] {processor.py:161} INFO - Started process (PID=20317) to work on /home/airflow/.local/lib/python3.12/site-packages/airflow/example_dags/example_python_operator.py
[2026-05-16T13:37:02.181+0000] {processor.py:830} INFO - Processing file /home/airflow/.local/lib/python3.12/site-packages/airflow/example_dags/example_python_operator.py for tasks to queue
[2026-05-16T13:37:02.181+0000] {logging_mixin.py:188} INFO - [2026-05-16T13:37:02.181+0000] {dagbag.py:545} INFO - Filling up the DagBag from /home/airflow/.local/lib/python3.12/site-packages/airflow/example_dags/example_python_operator.py
[2026-05-16T13:37:02.185+0000] {processor.py:840} INFO - DAG(s) 'example_python_operator' retrieved from /home/airflow/.local/lib/python3.12/site-packages/airflow/example_dags/example_python_operator.py
[2026-05-16T13:37:02.192+0000] {logging_mixin.py:188} INFO - [2026-05-16T13:37:02.192+0000] {dag.py:3089} INFO - Sync 1 DAGs
[2026-05-16T13:37:02.196+0000] {logging_mixin.py:188} INFO - [2026-05-16T13:37:02.196+0000] {dag.py:3947} INFO - Setting next_dagrun for example_python_operator to None, run_after=None
[2026-05-16T13:37:02.201+0000] {processor.py:183} INFO - Processing /home/airflow/.local/lib/python3.12/site-packages/airflow/example_dags/example_python_operator.py took 0.023 seconds
[2026-05-16T13:37:32.601+0000] {processor.py:161} INFO - Started process (PID=20379) to work on /home/airflow/.local/lib/python3.12/site-packages/airflow/example_dags/example_python_operator.py
[2026-05-16T13:37:32.601+0000] {processor.py:830} INFO - Processing file /home/airflow/.local/lib/python3.12/site-packages/airflow/example_dags/example_python_operator.py for tasks to queue
[2026-05-16T13:37:32.602+0000] {logging_mixin.py:188} INFO - [2026-05-16T13:37:32.601+0000] {dagbag.py:545} INFO - Filling up the DagBag from /home/airflow/.local/lib/python3.12/site-packages/airflow/example_dags/example_python_operator.py
[2026-05-16T13:37:32.606+0000] {processor.py:840} INFO - DAG(s) 'example_python_operator' retrieved from /home/airflow/.local/lib/python3.12/site-packages/airflow/example_dags/example_python_operator.py
[2026-05-16T13:37:32.613+0000] {logging_mixin.py:188} INFO - [2026-05-16T13:37:32.613+0000] {dag.py:3089} INFO - Sync 1 DAGs
[2026-05-16T13:37:32.617+0000] {logging_mixin.py:188} INFO - [2026-05-16T13:37:32.617+0000] {dag.py:3947} INFO - Setting next_dagrun for example_python_operator to None, run_after=None
[2026-05-16T13:37:32.622+0000] {processor.py:183} INFO - Processing /home/airflow/.local/lib/python3.12/site-packages/airflow/example_dags/example_python_operator.py took 0.023 seconds
[2026-05-16T13:38:03.023+0000] {processor.py:161} INFO - Started process (PID=20441) to work on /home/airflow/.local/lib/python3.12/site-packages/airflow/example_dags/example_python_operator.py
[2026-05-16T13:38:03.024+0000] {processor.py:830} INFO - Processing file /home/airflow/.local/lib/python3.12/site-packages/airflow/example_dags/example_python_operator.py for tasks to queue
[2026-05-16T13:38:03.024+0000] {logging_mixin.py:188} INFO - [2026-05-16T13:38:03.024+0000] {dagbag.py:545} INFO - Filling up the DagBag from /home/airflow/.local/lib/python3.12/site-packages/airflow/example_dags/example_python_operator.py
[2026-05-16T13:38:03.028+0000] {processor.py:840} INFO - DAG(s) 'example_python_operator' retrieved from /home/airflow/.local/lib/python3.12/site-packages/airflow/example_dags/example_python_operator.py
[2026-05-16T13:38:03.038+0000] {logging_mixin.py:188} INFO - [2026-05-16T13:38:03.038+0000] {dag.py:3089} INFO - Sync 1 DAGs
[2026-05-16T13:38:03.042+0000] {logging_mixin.py:188} INFO - [2026-05-16T13:38:03.042+0000] {dag.py:3947} INFO - Setting next_dagrun for example_python_operator to None, run_after=None
[2026-05-16T13:38:03.048+0000] {processor.py:183} INFO - Processing /home/airflow/.local/lib/python3.12/site-packages/airflow/example_dags/example_python_operator.py took 0.028 seconds
[2026-05-16T13:38:33.430+0000] {processor.py:161} INFO - Started process (PID=20503) to work on /home/airflow/.local/lib/python3.12/site-packages/airflow/example_dags/example_python_operator.py
[2026-05-16T13:38:33.430+0000] {processor.py:830} INFO - Processing file /home/airflow/.local/lib/python3.12/site-packages/airflow/example_dags/example_python_operator.py for tasks to queue
[2026-05-16T13:38:33.431+0000] {logging_mixin.py:188} INFO - [2026-05-16T13:38:33.431+0000] {dagbag.py:545} INFO - Filling up the DagBag from /home/airflow/.local/lib/python3.12/site-packages/airflow/example_dags/example_python_operator.py
[2026-05-16T13:38:33.436+0000] {processor.py:840} INFO - DAG(s) 'example_python_operator' retrieved from /home/airflow/.local/lib/python3.12/site-packages/airflow/example_dags/example_python_operator.py
[2026-05-16T13:38:33.446+0000] {logging_mixin.py:188} INFO - [2026-05-16T13:38:33.446+0000] {dag.py:3089} INFO - Sync 1 DAGs
[2026-05-16T13:38:33.451+0000] {logging_mixin.py:188} INFO - [2026-05-16T13:38:33.451+0000] {dag.py:3947} INFO - Setting next_dagrun for example_python_operator to None, run_after=None
[2026-05-16T13:38:33.457+0000] {processor.py:183} INFO - Processing /home/airflow/.local/lib/python3.12/site-packages/airflow/example_dags/example_python_operator.py took 0.031 seconds
[2026-05-16T13:39:03.868+0000] {processor.py:161} INFO - Started process (PID=20565) to work on /home/airflow/.local/lib/python3.12/site-packages/airflow/example_dags/example_python_operator.py
[2026-05-16T13:39:03.869+0000] {processor.py:830} INFO - Processing file /home/airflow/.local/lib/python3.12/site-packages/airflow/example_dags/example_python_operator.py for tasks to queue
[2026-05-16T13:39:03.869+0000] {logging_mixin.py:188} INFO - [2026-05-16T13:39:03.869+0000] {dagbag.py:545} INFO - Filling up the DagBag from /home/airflow/.local/lib/python3.12/site-packages/airflow/example_dags/example_python_operator.py
[2026-05-16T13:39:03.873+0000] {processor.py:840} INFO - DAG(s) 'example_python_operator' retrieved from /home/airflow/.local/lib/python3.12/site-packages/airflow/example_dags/example_python_operator.py
[2026-05-16T13:39:03.883+0000] {logging_mixin.py:188} INFO - [2026-05-16T13:39:03.883+0000] {dag.py:3089} INFO - Sync 1 DAGs
[2026-05-16T13:39:03.890+0000] {logging_mixin.py:188} INFO - [2026-05-16T13:39:03.889+0000] {dag.py:3947} INFO - Setting next_dagrun for example_python_operator to None, run_after=None
[2026-05-16T13:39:03.896+0000] {processor.py:183} INFO - Processing /home/airflow/.local/lib/python3.12/site-packages/airflow/example_dags/example_python_operator.py took 0.029 seconds
[2026-05-16T13:39:34.244+0000] {processor.py:161} INFO - Started process (PID=20628) to work on /home/airflow/.local/lib/python3.12/site-packages/airflow/example_dags/example_python_operator.py
[2026-05-16T13:39:34.244+0000] {processor.py:830} INFO - Processing file /home/airflow/.local/lib/python3.12/site-packages/airflow/example_dags/example_python_operator.py for tasks to queue
[2026-05-16T13:39:34.245+0000] {logging_mixin.py:188} INFO - [2026-05-16T13:39:34.244+0000] {dagbag.py:545} INFO - Filling up the DagBag from /home/airflow/.local/lib/python3.12/site-packages/airflow/example_dags/example_python_operator.py
[2026-05-16T13:39:34.249+0000] {processor.py:840} INFO - DAG(s) 'example_python_operator' retrieved from /home/airflow/.local/lib/python3.12/site-packages/airflow/example_dags/example_python_operator.py
[2026-05-16T13:39:34.260+0000] {logging_mixin.py:188} INFO - [2026-05-16T13:39:34.260+0000] {dag.py:3089} INFO - Sync 1 DAGs
[2026-05-16T13:39:34.265+0000] {logging_mixin.py:188} INFO - [2026-05-16T13:39:34.265+0000] {dag.py:3947} INFO - Setting next_dagrun for example_python_operator to None, run_after=None
[2026-05-16T13:39:34.271+0000] {processor.py:183} INFO - Processing /home/airflow/.local/lib/python3.12/site-packages/airflow/example_dags/example_python_operator.py took 0.030 seconds
[2026-05-16T13:40:04.593+0000] {processor.py:161} INFO - Started process (PID=20690) to work on /home/airflow/.local/lib/python3.12/site-packages/airflow/example_dags/example_python_operator.py
[2026-05-16T13:40:04.594+0000] {processor.py:830} INFO - Processing file /home/airflow/.local/lib/python3.12/site-packages/airflow/example_dags/example_python_operator.py for tasks to queue
[2026-05-16T13:40:04.594+0000] {logging_mixin.py:188} INFO - [2026-05-16T13:40:04.594+0000] {dagbag.py:545} INFO - Filling up the DagBag from /home/airflow/.local/lib/python3.12/site-packages/airflow/example_dags/example_python_operator.py
[2026-05-16T13:40:04.598+0000] {processor.py:840} INFO - DAG(s) 'example_python_operator' retrieved from /home/airflow/.local/lib/python3.12/site-packages/airflow/example_dags/example_python_operator.py
[2026-05-16T13:40:04.606+0000] {logging_mixin.py:188} INFO - [2026-05-16T13:40:04.605+0000] {dag.py:3089} INFO - Sync 1 DAGs
[2026-05-16T13:40:04.610+0000] {logging_mixin.py:188} INFO - [2026-05-16T13:40:04.610+0000] {dag.py:3947} INFO - Setting next_dagrun for example_python_operator to None, run_after=None
[2026-05-16T13:40:04.615+0000] {processor.py:183} INFO - Processing /home/airflow/.local/lib/python3.12/site-packages/airflow/example_dags/example_python_operator.py took 0.024 seconds
[2026-05-16T13:40:34.953+0000] {processor.py:161} INFO - Started process (PID=20752) to work on /home/airflow/.local/lib/python3.12/site-packages/airflow/example_dags/example_python_operator.py
[2026-05-16T13:40:34.953+0000] {processor.py:830} INFO - Processing file /home/airflow/.local/lib/python3.12/site-packages/airflow/example_dags/example_python_operator.py for tasks to queue
[2026-05-16T13:40:34.953+0000] {logging_mixin.py:188} INFO - [2026-05-16T13:40:34.953+0000] {dagbag.py:545} INFO - Filling up the DagBag from /home/airflow/.local/lib/python3.12/site-packages/airflow/example_dags/example_python_operator.py
[2026-05-16T13:40:34.958+0000] {processor.py:840} INFO - DAG(s) 'example_python_operator' retrieved from /home/airflow/.local/lib/python3.12/site-packages/airflow/example_dags/example_python_operator.py
[2026-05-16T13:40:34.965+0000] {logging_mixin.py:188} INFO - [2026-05-16T13:40:34.965+0000] {dag.py:3089} INFO - Sync 1 DAGs
[2026-05-16T13:40:34.969+0000] {logging_mixin.py:188} INFO - [2026-05-16T13:40:34.969+0000] {dag.py:3947} INFO - Setting next_dagrun for example_python_operator to None, run_after=None
[2026-05-16T13:40:34.974+0000] {processor.py:183} INFO - Processing /home/airflow/.local/lib/python3.12/site-packages/airflow/example_dags/example_python_operator.py took 0.023 seconds
[2026-05-16T13:41:05.310+0000] {processor.py:161} INFO - Started process (PID=20813) to work on /home/airflow/.local/lib/python3.12/site-packages/airflow/example_dags/example_python_operator.py
[2026-05-16T13:41:05.310+0000] {processor.py:830} INFO - Processing file /home/airflow/.local/lib/python3.12/site-packages/airflow/example_dags/example_python_operator.py for tasks to queue
[2026-05-16T13:41:05.310+0000] {logging_mixin.py:188} INFO - [2026-05-16T13:41:05.310+0000] {dagbag.py:545} INFO - Filling up the DagBag from /home/airflow/.local/lib/python3.12/site-packages/airflow/example_dags/example_python_operator.py
[2026-05-16T13:41:05.314+0000] {processor.py:840} INFO - DAG(s) 'example_python_operator' retrieved from /home/airflow/.local/lib/python3.12/site-packages/airflow/example_dags/example_python_operator.py
[2026-05-16T13:41:05.321+0000] {logging_mixin.py:188} INFO - [2026-05-16T13:41:05.321+0000] {dag.py:3089} INFO - Sync 1 DAGs
[2026-05-16T13:41:05.325+0000] {logging_mixin.py:188} INFO - [2026-05-16T13:41:05.325+0000] {dag.py:3947} INFO - Setting next_dagrun for example_python_operator to None, run_after=None
[2026-05-16T13:41:05.330+0000] {processor.py:183} INFO - Processing /home/airflow/.local/lib/python3.12/site-packages/airflow/example_dags/example_python_operator.py took 0.024 seconds
[2026-05-16T13:41:35.730+0000] {processor.py:161} INFO - Started process (PID=20875) to work on /home/airflow/.local/lib/python3.12/site-packages/airflow/example_dags/example_python_operator.py
[2026-05-16T13:41:35.731+0000] {processor.py:830} INFO - Processing file /home/airflow/.local/lib/python3.12/site-packages/airflow/example_dags/example_python_operator.py for tasks to queue
[2026-05-16T13:41:35.731+0000] {logging_mixin.py:188} INFO - [2026-05-16T13:41:35.731+0000] {dagbag.py:545} INFO - Filling up the DagBag from /home/airflow/.local/lib/python3.12/site-packages/airflow/example_dags/example_python_operator.py
[2026-05-16T13:41:35.735+0000] {processor.py:840} INFO - DAG(s) 'example_python_operator' retrieved from /home/airflow/.local/lib/python3.12/site-packages/airflow/example_dags/example_python_operator.py
[2026-05-16T13:41:35.744+0000] {logging_mixin.py:188} INFO - [2026-05-16T13:41:35.744+0000] {dag.py:3089} INFO - Sync 1 DAGs
[2026-05-16T13:41:35.748+0000] {logging_mixin.py:188} INFO - [2026-05-16T13:41:35.748+0000] {dag.py:3947} INFO - Setting next_dagrun for example_python_operator to None, run_after=None
[2026-05-16T13:41:35.753+0000] {processor.py:183} INFO - Processing /home/airflow/.local/lib/python3.12/site-packages/airflow/example_dags/example_python_operator.py took 0.025 seconds
[2026-05-16T13:42:06.132+0000] {processor.py:161} INFO - Started process (PID=20936) to work on /home/airflow/.local/lib/python3.12/site-packages/airflow/example_dags/example_python_operator.py
[2026-05-16T13:42:06.132+0000] {processor.py:830} INFO - Processing file /home/airflow/.local/lib/python3.12/site-packages/airflow/example_dags/example_python_operator.py for tasks to queue
[2026-05-16T13:42:06.133+0000] {logging_mixin.py:188} INFO - [2026-05-16T13:42:06.132+0000] {dagbag.py:545} INFO - Filling up the DagBag from /home/airflow/.local/lib/python3.12/site-packages/airflow/example_dags/example_python_operator.py
[2026-05-16T13:42:06.137+0000] {processor.py:840} INFO - DAG(s) 'example_python_operator' retrieved from /home/airflow/.local/lib/python3.12/site-packages/airflow/example_dags/example_python_operator.py
[2026-05-16T13:42:06.144+0000] {logging_mixin.py:188} INFO - [2026-05-16T13:42:06.144+0000] {dag.py:3089} INFO - Sync 1 DAGs
[2026-05-16T13:42:06.148+0000] {logging_mixin.py:188} INFO - [2026-05-16T13:42:06.148+0000] {dag.py:3947} INFO - Setting next_dagrun for example_python_operator to None, run_after=None
[2026-05-16T13:42:06.152+0000] {processor.py:183} INFO - Processing /home/airflow/.local/lib/python3.12/site-packages/airflow/example_dags/example_python_operator.py took 0.023 seconds
[2026-05-16T13:42:36.491+0000] {processor.py:161} INFO - Started process (PID=20998) to work on /home/airflow/.local/lib/python3.12/site-packages/airflow/example_dags/example_python_operator.py
[2026-05-16T13:42:36.491+0000] {processor.py:830} INFO - Processing file /home/airflow/.local/lib/python3.12/site-packages/airflow/example_dags/example_python_operator.py for tasks to queue
[2026-05-16T13:42:36.491+0000] {logging_mixin.py:188} INFO - [2026-05-16T13:42:36.491+0000] {dagbag.py:545} INFO - Filling up the DagBag from /home/airflow/.local/lib/python3.12/site-packages/airflow/example_dags/example_python_operator.py
[2026-05-16T13:42:36.495+0000] {processor.py:840} INFO - DAG(s) 'example_python_operator' retrieved from /home/airflow/.local/lib/python3.12/site-packages/airflow/example_dags/example_python_operator.py
[2026-05-16T13:42:36.503+0000] {logging_mixin.py:188} INFO - [2026-05-16T13:42:36.503+0000] {dag.py:3089} INFO - Sync 1 DAGs
[2026-05-16T13:42:36.507+0000] {logging_mixin.py:188} INFO - [2026-05-16T13:42:36.507+0000] {dag.py:3947} INFO - Setting next_dagrun for example_python_operator to None, run_after=None
[2026-05-16T13:42:36.512+0000] {processor.py:183} INFO - Processing /home/airflow/.local/lib/python3.12/site-packages/airflow/example_dags/example_python_operator.py took 0.023 seconds
[2026-05-16T13:43:06.853+0000] {processor.py:161} INFO - Started process (PID=21060) to work on /home/airflow/.local/lib/python3.12/site-packages/airflow/example_dags/example_python_operator.py
[2026-05-16T13:43:06.853+0000] {processor.py:830} INFO - Processing file /home/airflow/.local/lib/python3.12/site-packages/airflow/example_dags/example_python_operator.py for tasks to queue
[2026-05-16T13:43:06.854+0000] {logging_mixin.py:188} INFO - [2026-05-16T13:43:06.853+0000] {dagbag.py:545} INFO - Filling up the DagBag from /home/airflow/.local/lib/python3.12/site-packages/airflow/example_dags/example_python_operator.py
[2026-05-16T13:43:06.858+0000] {processor.py:840} INFO - DAG(s) 'example_python_operator' retrieved from /home/airflow/.local/lib/python3.12/site-packages/airflow/example_dags/example_python_operator.py
[2026-05-16T13:43:06.865+0000] {logging_mixin.py:188} INFO - [2026-05-16T13:43:06.865+0000] {dag.py:3089} INFO - Sync 1 DAGs
[2026-05-16T13:43:06.869+0000] {logging_mixin.py:188} INFO - [2026-05-16T13:43:06.869+0000] {dag.py:3947} INFO - Setting next_dagrun for example_python_operator to None, run_after=None
[2026-05-16T13:43:06.874+0000] {processor.py:183} INFO - Processing /home/airflow/.local/lib/python3.12/site-packages/airflow/example_dags/example_python_operator.py took 0.023 seconds
[2026-05-16T13:43:37.217+0000] {processor.py:161} INFO - Started process (PID=21122) to work on /home/airflow/.local/lib/python3.12/site-packages/airflow/example_dags/example_python_operator.py
[2026-05-16T13:43:37.217+0000] {processor.py:830} INFO - Processing file /home/airflow/.local/lib/python3.12/site-packages/airflow/example_dags/example_python_operator.py for tasks to queue
[2026-05-16T13:43:37.217+0000] {logging_mixin.py:188} INFO - [2026-05-16T13:43:37.217+0000] {dagbag.py:545} INFO - Filling up the DagBag from /home/airflow/.local/lib/python3.12/site-packages/airflow/example_dags/example_python_operator.py
[2026-05-16T13:43:37.222+0000] {processor.py:840} INFO - DAG(s) 'example_python_operator' retrieved from /home/airflow/.local/lib/python3.12/site-packages/airflow/example_dags/example_python_operator.py
[2026-05-16T13:43:37.229+0000] {logging_mixin.py:188} INFO - [2026-05-16T13:43:37.229+0000] {dag.py:3089} INFO - Sync 1 DAGs
[2026-05-16T13:43:37.233+0000] {logging_mixin.py:188} INFO - [2026-05-16T13:43:37.233+0000] {dag.py:3947} INFO - Setting next_dagrun for example_python_operator to None, run_after=None
[2026-05-16T13:43:37.237+0000] {processor.py:183} INFO - Processing /home/airflow/.local/lib/python3.12/site-packages/airflow/example_dags/example_python_operator.py took 0.023 seconds
[2026-05-16T13:44:07.618+0000] {processor.py:161} INFO - Started process (PID=21184) to work on /home/airflow/.local/lib/python3.12/site-packages/airflow/example_dags/example_python_operator.py
[2026-05-16T13:44:07.618+0000] {processor.py:830} INFO - Processing file /home/airflow/.local/lib/python3.12/site-packages/airflow/example_dags/example_python_operator.py for tasks to queue
[2026-05-16T13:44:07.619+0000] {logging_mixin.py:188} INFO - [2026-05-16T13:44:07.618+0000] {dagbag.py:545} INFO - Filling up the DagBag from /home/airflow/.local/lib/python3.12/site-packages/airflow/example_dags/example_python_operator.py
[2026-05-16T13:44:07.623+0000] {processor.py:840} INFO - DAG(s) 'example_python_operator' retrieved from /home/airflow/.local/lib/python3.12/site-packages/airflow/example_dags/example_python_operator.py
[2026-05-16T13:44:07.630+0000] {logging_mixin.py:188} INFO - [2026-05-16T13:44:07.630+0000] {dag.py:3089} INFO - Sync 1 DAGs
[2026-05-16T13:44:07.635+0000] {logging_mixin.py:188} INFO - [2026-05-16T13:44:07.635+0000] {dag.py:3947} INFO - Setting next_dagrun for example_python_operator to None, run_after=None
[2026-05-16T13:44:07.640+0000] {processor.py:183} INFO - Processing /home/airflow/.local/lib/python3.12/site-packages/airflow/example_dags/example_python_operator.py took 0.024 seconds
[2026-05-16T13:44:37.886+0000] {processor.py:161} INFO - Started process (PID=21246) to work on /home/airflow/.local/lib/python3.12/site-packages/airflow/example_dags/example_python_operator.py
[2026-05-16T13:44:37.886+0000] {processor.py:830} INFO - Processing file /home/airflow/.local/lib/python3.12/site-packages/airflow/example_dags/example_python_operator.py for tasks to queue
[2026-05-16T13:44:37.886+0000] {logging_mixin.py:188} INFO - [2026-05-16T13:44:37.886+0000] {dagbag.py:545} INFO - Filling up the DagBag from /home/airflow/.local/lib/python3.12/site-packages/airflow/example_dags/example_python_operator.py
[2026-05-16T13:44:37.890+0000] {processor.py:840} INFO - DAG(s) 'example_python_operator' retrieved from /home/airflow/.local/lib/python3.12/site-packages/airflow/example_dags/example_python_operator.py
[2026-05-16T13:44:37.897+0000] {logging_mixin.py:188} INFO - [2026-05-16T13:44:37.897+0000] {dag.py:3089} INFO - Sync 1 DAGs
[2026-05-16T13:44:37.901+0000] {logging_mixin.py:188} INFO - [2026-05-16T13:44:37.901+0000] {dag.py:3947} INFO - Setting next_dagrun for example_python_operator to None, run_after=None
[2026-05-16T13:44:37.906+0000] {processor.py:183} INFO - Processing /home/airflow/.local/lib/python3.12/site-packages/airflow/example_dags/example_python_operator.py took 0.023 seconds
[2026-05-16T13:45:08.247+0000] {processor.py:161} INFO - Started process (PID=21308) to work on /home/airflow/.local/lib/python3.12/site-packages/airflow/example_dags/example_python_operator.py
[2026-05-16T13:45:08.247+0000] {processor.py:830} INFO - Processing file /home/airflow/.local/lib/python3.12/site-packages/airflow/example_dags/example_python_operator.py for tasks to queue
[2026-05-16T13:45:08.247+0000] {logging_mixin.py:188} INFO - [2026-05-16T13:45:08.247+0000] {dagbag.py:545} INFO - Filling up the DagBag from /home/airflow/.local/lib/python3.12/site-packages/airflow/example_dags/example_python_operator.py
[2026-05-16T13:45:08.252+0000] {processor.py:840} INFO - DAG(s) 'example_python_operator' retrieved from /home/airflow/.local/lib/python3.12/site-packages/airflow/example_dags/example_python_operator.py
[2026-05-16T13:45:08.259+0000] {logging_mixin.py:188} INFO - [2026-05-16T13:45:08.259+0000] {dag.py:3089} INFO - Sync 1 DAGs
[2026-05-16T13:45:08.264+0000] {logging_mixin.py:188} INFO - [2026-05-16T13:45:08.264+0000] {dag.py:3947} INFO - Setting next_dagrun for example_python_operator to None, run_after=None
[2026-05-16T13:45:08.271+0000] {processor.py:183} INFO - Processing /home/airflow/.local/lib/python3.12/site-packages/airflow/example_dags/example_python_operator.py took 0.027 seconds
[2026-05-16T13:45:38.599+0000] {processor.py:161} INFO - Started process (PID=21369) to work on /home/airflow/.local/lib/python3.12/site-packages/airflow/example_dags/example_python_operator.py
[2026-05-16T13:45:38.599+0000] {processor.py:830} INFO - Processing file /home/airflow/.local/lib/python3.12/site-packages/airflow/example_dags/example_python_operator.py for tasks to queue
[2026-05-16T13:45:38.599+0000] {logging_mixin.py:188} INFO - [2026-05-16T13:45:38.599+0000] {dagbag.py:545} INFO - Filling up the DagBag from /home/airflow/.local/lib/python3.12/site-packages/airflow/example_dags/example_python_operator.py
[2026-05-16T13:45:38.604+0000] {processor.py:840} INFO - DAG(s) 'example_python_operator' retrieved from /home/airflow/.local/lib/python3.12/site-packages/airflow/example_dags/example_python_operator.py
[2026-05-16T13:45:38.613+0000] {logging_mixin.py:188} INFO - [2026-05-16T13:45:38.613+0000] {dag.py:3089} INFO - Sync 1 DAGs
[2026-05-16T13:45:38.617+0000] {logging_mixin.py:188} INFO - [2026-05-16T13:45:38.617+0000] {dag.py:3947} INFO - Setting next_dagrun for example_python_operator to None, run_after=None
[2026-05-16T13:45:38.622+0000] {processor.py:183} INFO - Processing /home/airflow/.local/lib/python3.12/site-packages/airflow/example_dags/example_python_operator.py took 0.025 seconds
[2026-05-16T13:46:08.892+0000] {processor.py:161} INFO - Started process (PID=21431) to work on /home/airflow/.local/lib/python3.12/site-packages/airflow/example_dags/example_python_operator.py
[2026-05-16T13:46:08.892+0000] {processor.py:830} INFO - Processing file /home/airflow/.local/lib/python3.12/site-packages/airflow/example_dags/example_python_operator.py for tasks to queue
[2026-05-16T13:46:08.892+0000] {logging_mixin.py:188} INFO - [2026-05-16T13:46:08.892+0000] {dagbag.py:545} INFO - Filling up the DagBag from /home/airflow/.local/lib/python3.12/site-packages/airflow/example_dags/example_python_operator.py
[2026-05-16T13:46:08.897+0000] {processor.py:840} INFO - DAG(s) 'example_python_operator' retrieved from /home/airflow/.local/lib/python3.12/site-packages/airflow/example_dags/example_python_operator.py
[2026-05-16T13:46:08.904+0000] {logging_mixin.py:188} INFO - [2026-05-16T13:46:08.904+0000] {dag.py:3089} INFO - Sync 1 DAGs
[2026-05-16T13:46:08.908+0000] {logging_mixin.py:188} INFO - [2026-05-16T13:46:08.908+0000] {dag.py:3947} INFO - Setting next_dagrun for example_python_operator to None, run_after=None
[2026-05-16T13:46:08.912+0000] {processor.py:183} INFO - Processing /home/airflow/.local/lib/python3.12/site-packages/airflow/example_dags/example_python_operator.py took 0.023 seconds
[2026-05-16T13:46:39.263+0000] {processor.py:161} INFO - Started process (PID=21492) to work on /home/airflow/.local/lib/python3.12/site-packages/airflow/example_dags/example_python_operator.py
[2026-05-16T13:46:39.263+0000] {processor.py:830} INFO - Processing file /home/airflow/.local/lib/python3.12/site-packages/airflow/example_dags/example_python_operator.py for tasks to queue
[2026-05-16T13:46:39.263+0000] {logging_mixin.py:188} INFO - [2026-05-16T13:46:39.263+0000] {dagbag.py:545} INFO - Filling up the DagBag from /home/airflow/.local/lib/python3.12/site-packages/airflow/example_dags/example_python_operator.py
[2026-05-16T13:46:39.267+0000] {processor.py:840} INFO - DAG(s) 'example_python_operator' retrieved from /home/airflow/.local/lib/python3.12/site-packages/airflow/example_dags/example_python_operator.py
[2026-05-16T13:46:39.275+0000] {logging_mixin.py:188} INFO - [2026-05-16T13:46:39.275+0000] {dag.py:3089} INFO - Sync 1 DAGs
[2026-05-16T13:46:39.279+0000] {logging_mixin.py:188} INFO - [2026-05-16T13:46:39.278+0000] {dag.py:3947} INFO - Setting next_dagrun for example_python_operator to None, run_after=None
[2026-05-16T13:46:39.283+0000] {processor.py:183} INFO - Processing /home/airflow/.local/lib/python3.12/site-packages/airflow/example_dags/example_python_operator.py took 0.023 seconds
[2026-05-16T13:47:09.595+0000] {processor.py:161} INFO - Started process (PID=21554) to work on /home/airflow/.local/lib/python3.12/site-packages/airflow/example_dags/example_python_operator.py
[2026-05-16T13:47:09.596+0000] {processor.py:830} INFO - Processing file /home/airflow/.local/lib/python3.12/site-packages/airflow/example_dags/example_python_operator.py for tasks to queue
[2026-05-16T13:47:09.596+0000] {logging_mixin.py:188} INFO - [2026-05-16T13:47:09.596+0000] {dagbag.py:545} INFO - Filling up the DagBag from /home/airflow/.local/lib/python3.12/site-packages/airflow/example_dags/example_python_operator.py
[2026-05-16T13:47:09.600+0000] {processor.py:840} INFO - DAG(s) 'example_python_operator' retrieved from /home/airflow/.local/lib/python3.12/site-packages/airflow/example_dags/example_python_operator.py
[2026-05-16T13:47:09.609+0000] {logging_mixin.py:188} INFO - [2026-05-16T13:47:09.609+0000] {dag.py:3089} INFO - Sync 1 DAGs
[2026-05-16T13:47:09.614+0000] {logging_mixin.py:188} INFO - [2026-05-16T13:47:09.614+0000] {dag.py:3947} INFO - Setting next_dagrun for example_python_operator to None, run_after=None
[2026-05-16T13:47:09.618+0000] {processor.py:183} INFO - Processing /home/airflow/.local/lib/python3.12/site-packages/airflow/example_dags/example_python_operator.py took 0.025 seconds
[2026-05-16T13:47:39.951+0000] {processor.py:161} INFO - Started process (PID=21616) to work on /home/airflow/.local/lib/python3.12/site-packages/airflow/example_dags/example_python_operator.py
[2026-05-16T13:47:39.952+0000] {processor.py:830} INFO - Processing file /home/airflow/.local/lib/python3.12/site-packages/airflow/example_dags/example_python_operator.py for tasks to queue
[2026-05-16T13:47:39.952+0000] {logging_mixin.py:188} INFO - [2026-05-16T13:47:39.952+0000] {dagbag.py:545} INFO - Filling up the DagBag from /home/airflow/.local/lib/python3.12/site-packages/airflow/example_dags/example_python_operator.py
[2026-05-16T13:47:39.956+0000] {processor.py:840} INFO - DAG(s) 'example_python_operator' retrieved from /home/airflow/.local/lib/python3.12/site-packages/airflow/example_dags/example_python_operator.py
[2026-05-16T13:47:39.964+0000] {logging_mixin.py:188} INFO - [2026-05-16T13:47:39.964+0000] {dag.py:3089} INFO - Sync 1 DAGs
[2026-05-16T13:47:39.968+0000] {logging_mixin.py:188} INFO - [2026-05-16T13:47:39.968+0000] {dag.py:3947} INFO - Setting next_dagrun for example_python_operator to None, run_after=None
[2026-05-16T13:47:39.973+0000] {processor.py:183} INFO - Processing /home/airflow/.local/lib/python3.12/site-packages/airflow/example_dags/example_python_operator.py took 0.024 seconds
[2026-05-16T13:48:10.279+0000] {processor.py:161} INFO - Started process (PID=21678) to work on /home/airflow/.local/lib/python3.12/site-packages/airflow/example_dags/example_python_operator.py
[2026-05-16T13:48:10.279+0000] {processor.py:830} INFO - Processing file /home/airflow/.local/lib/python3.12/site-packages/airflow/example_dags/example_python_operator.py for tasks to queue
[2026-05-16T13:48:10.279+0000] {logging_mixin.py:188} INFO - [2026-05-16T13:48:10.279+0000] {dagbag.py:545} INFO - Filling up the DagBag from /home/airflow/.local/lib/python3.12/site-packages/airflow/example_dags/example_python_operator.py
[2026-05-16T13:48:10.284+0000] {processor.py:840} INFO - DAG(s) 'example_python_operator' retrieved from /home/airflow/.local/lib/python3.12/site-packages/airflow/example_dags/example_python_operator.py
[2026-05-16T13:48:10.291+0000] {logging_mixin.py:188} INFO - [2026-05-16T13:48:10.291+0000] {dag.py:3089} INFO - Sync 1 DAGs
[2026-05-16T13:48:10.296+0000] {logging_mixin.py:188} INFO - [2026-05-16T13:48:10.296+0000] {dag.py:3947} INFO - Setting next_dagrun for example_python_operator to None, run_after=None
[2026-05-16T13:48:10.302+0000] {processor.py:183} INFO - Processing /home/airflow/.local/lib/python3.12/site-packages/airflow/example_dags/example_python_operator.py took 0.026 seconds
[2026-05-16T13:48:40.640+0000] {processor.py:161} INFO - Started process (PID=21740) to work on /home/airflow/.local/lib/python3.12/site-packages/airflow/example_dags/example_python_operator.py
[2026-05-16T13:48:40.641+0000] {processor.py:830} INFO - Processing file /home/airflow/.local/lib/python3.12/site-packages/airflow/example_dags/example_python_operator.py for tasks to queue
[2026-05-16T13:48:40.641+0000] {logging_mixin.py:188} INFO - [2026-05-16T13:48:40.641+0000] {dagbag.py:545} INFO - Filling up the DagBag from /home/airflow/.local/lib/python3.12/site-packages/airflow/example_dags/example_python_operator.py
[2026-05-16T13:48:40.651+0000] {processor.py:840} INFO - DAG(s) 'example_python_operator' retrieved from /home/airflow/.local/lib/python3.12/site-packages/airflow/example_dags/example_python_operator.py
[2026-05-16T13:48:40.661+0000] {logging_mixin.py:188} INFO - [2026-05-16T13:48:40.661+0000] {dag.py:3089} INFO - Sync 1 DAGs
[2026-05-16T13:48:40.665+0000] {logging_mixin.py:188} INFO - [2026-05-16T13:48:40.665+0000] {dag.py:3947} INFO - Setting next_dagrun for example_python_operator to None, run_after=None
[2026-05-16T13:48:40.670+0000] {processor.py:183} INFO - Processing /home/airflow/.local/lib/python3.12/site-packages/airflow/example_dags/example_python_operator.py took 0.036 seconds
[2026-05-16T13:49:10.995+0000] {processor.py:161} INFO - Started process (PID=21802) to work on /home/airflow/.local/lib/python3.12/site-packages/airflow/example_dags/example_python_operator.py
[2026-05-16T13:49:10.996+0000] {processor.py:830} INFO - Processing file /home/airflow/.local/lib/python3.12/site-packages/airflow/example_dags/example_python_operator.py for tasks to queue
[2026-05-16T13:49:10.996+0000] {logging_mixin.py:188} INFO - [2026-05-16T13:49:10.996+0000] {dagbag.py:545} INFO - Filling up the DagBag from /home/airflow/.local/lib/python3.12/site-packages/airflow/example_dags/example_python_operator.py
[2026-05-16T13:49:11.000+0000] {processor.py:840} INFO - DAG(s) 'example_python_operator' retrieved from /home/airflow/.local/lib/python3.12/site-packages/airflow/example_dags/example_python_operator.py
[2026-05-16T13:49:11.007+0000] {logging_mixin.py:188} INFO - [2026-05-16T13:49:11.007+0000] {dag.py:3089} INFO - Sync 1 DAGs
[2026-05-16T13:49:11.012+0000] {logging_mixin.py:188} INFO - [2026-05-16T13:49:11.012+0000] {dag.py:3947} INFO - Setting next_dagrun for example_python_operator to None, run_after=None
[2026-05-16T13:49:11.017+0000] {processor.py:183} INFO - Processing /home/airflow/.local/lib/python3.12/site-packages/airflow/example_dags/example_python_operator.py took 0.024 seconds
[2026-05-16T13:49:41.322+0000] {processor.py:161} INFO - Started process (PID=21863) to work on /home/airflow/.local/lib/python3.12/site-packages/airflow/example_dags/example_python_operator.py
[2026-05-16T13:49:41.322+0000] {processor.py:830} INFO - Processing file /home/airflow/.local/lib/python3.12/site-packages/airflow/example_dags/example_python_operator.py for tasks to queue
[2026-05-16T13:49:41.323+0000] {logging_mixin.py:188} INFO - [2026-05-16T13:49:41.323+0000] {dagbag.py:545} INFO - Filling up the DagBag from /home/airflow/.local/lib/python3.12/site-packages/airflow/example_dags/example_python_operator.py
[2026-05-16T13:49:41.327+0000] {processor.py:840} INFO - DAG(s) 'example_python_operator' retrieved from /home/airflow/.local/lib/python3.12/site-packages/airflow/example_dags/example_python_operator.py
[2026-05-16T13:49:41.334+0000] {logging_mixin.py:188} INFO - [2026-05-16T13:49:41.334+0000] {dag.py:3089} INFO - Sync 1 DAGs
[2026-05-16T13:49:41.338+0000] {logging_mixin.py:188} INFO - [2026-05-16T13:49:41.338+0000] {dag.py:3947} INFO - Setting next_dagrun for example_python_operator to None, run_after=None
[2026-05-16T13:49:41.343+0000] {processor.py:183} INFO - Processing /home/airflow/.local/lib/python3.12/site-packages/airflow/example_dags/example_python_operator.py took 0.023 seconds
[2026-05-16T13:50:11.649+0000] {processor.py:161} INFO - Started process (PID=21925) to work on /home/airflow/.local/lib/python3.12/site-packages/airflow/example_dags/example_python_operator.py
[2026-05-16T13:50:11.650+0000] {processor.py:830} INFO - Processing file /home/airflow/.local/lib/python3.12/site-packages/airflow/example_dags/example_python_operator.py for tasks to queue
[2026-05-16T13:50:11.650+0000] {logging_mixin.py:188} INFO - [2026-05-16T13:50:11.650+0000] {dagbag.py:545} INFO - Filling up the DagBag from /home/airflow/.local/lib/python3.12/site-packages/airflow/example_dags/example_python_operator.py
[2026-05-16T13:50:11.654+0000] {processor.py:840} INFO - DAG(s) 'example_python_operator' retrieved from /home/airflow/.local/lib/python3.12/site-packages/airflow/example_dags/example_python_operator.py
[2026-05-16T13:50:11.661+0000] {logging_mixin.py:188} INFO - [2026-05-16T13:50:11.661+0000] {dag.py:3089} INFO - Sync 1 DAGs
[2026-05-16T13:50:11.665+0000] {logging_mixin.py:188} INFO - [2026-05-16T13:50:11.665+0000] {dag.py:3947} INFO - Setting next_dagrun for example_python_operator to None, run_after=None
[2026-05-16T13:50:11.670+0000] {processor.py:183} INFO - Processing /home/airflow/.local/lib/python3.12/site-packages/airflow/example_dags/example_python_operator.py took 0.023 seconds
[2026-05-16T13:50:41.972+0000] {processor.py:161} INFO - Started process (PID=21988) to work on /home/airflow/.local/lib/python3.12/site-packages/airflow/example_dags/example_python_operator.py
[2026-05-16T13:50:41.972+0000] {processor.py:830} INFO - Processing file /home/airflow/.local/lib/python3.12/site-packages/airflow/example_dags/example_python_operator.py for tasks to queue
[2026-05-16T13:50:41.973+0000] {logging_mixin.py:188} INFO - [2026-05-16T13:50:41.972+0000] {dagbag.py:545} INFO - Filling up the DagBag from /home/airflow/.local/lib/python3.12/site-packages/airflow/example_dags/example_python_operator.py
[2026-05-16T13:50:41.977+0000] {processor.py:840} INFO - DAG(s) 'example_python_operator' retrieved from /home/airflow/.local/lib/python3.12/site-packages/airflow/example_dags/example_python_operator.py
[2026-05-16T13:50:41.990+0000] {logging_mixin.py:188} INFO - [2026-05-16T13:50:41.990+0000] {dag.py:3089} INFO - Sync 1 DAGs
[2026-05-16T13:50:41.995+0000] {logging_mixin.py:188} INFO - [2026-05-16T13:50:41.995+0000] {dag.py:3947} INFO - Setting next_dagrun for example_python_operator to None, run_after=None
[2026-05-16T13:50:42.001+0000] {processor.py:183} INFO - Processing /home/airflow/.local/lib/python3.12/site-packages/airflow/example_dags/example_python_operator.py took 0.032 seconds
[2026-05-16T13:51:12.277+0000] {processor.py:161} INFO - Started process (PID=22050) to work on /home/airflow/.local/lib/python3.12/site-packages/airflow/example_dags/example_python_operator.py
[2026-05-16T13:51:12.278+0000] {processor.py:830} INFO - Processing file /home/airflow/.local/lib/python3.12/site-packages/airflow/example_dags/example_python_operator.py for tasks to queue
[2026-05-16T13:51:12.278+0000] {logging_mixin.py:188} INFO - [2026-05-16T13:51:12.278+0000] {dagbag.py:545} INFO - Filling up the DagBag from /home/airflow/.local/lib/python3.12/site-packages/airflow/example_dags/example_python_operator.py
[2026-05-16T13:51:12.282+0000] {processor.py:840} INFO - DAG(s) 'example_python_operator' retrieved from /home/airflow/.local/lib/python3.12/site-packages/airflow/example_dags/example_python_operator.py
[2026-05-16T13:51:12.291+0000] {logging_mixin.py:188} INFO - [2026-05-16T13:51:12.291+0000] {dag.py:3089} INFO - Sync 1 DAGs
[2026-05-16T13:51:12.295+0000] {logging_mixin.py:188} INFO - [2026-05-16T13:51:12.295+0000] {dag.py:3947} INFO - Setting next_dagrun for example_python_operator to None, run_after=None
[2026-05-16T13:51:12.300+0000] {processor.py:183} INFO - Processing /home/airflow/.local/lib/python3.12/site-packages/airflow/example_dags/example_python_operator.py took 0.025 seconds
[2026-05-16T13:51:42.660+0000] {processor.py:161} INFO - Started process (PID=22112) to work on /home/airflow/.local/lib/python3.12/site-packages/airflow/example_dags/example_python_operator.py
[2026-05-16T13:51:42.660+0000] {processor.py:830} INFO - Processing file /home/airflow/.local/lib/python3.12/site-packages/airflow/example_dags/example_python_operator.py for tasks to queue
[2026-05-16T13:51:42.661+0000] {logging_mixin.py:188} INFO - [2026-05-16T13:51:42.660+0000] {dagbag.py:545} INFO - Filling up the DagBag from /home/airflow/.local/lib/python3.12/site-packages/airflow/example_dags/example_python_operator.py
[2026-05-16T13:51:42.665+0000] {processor.py:840} INFO - DAG(s) 'example_python_operator' retrieved from /home/airflow/.local/lib/python3.12/site-packages/airflow/example_dags/example_python_operator.py
[2026-05-16T13:51:42.672+0000] {logging_mixin.py:188} INFO - [2026-05-16T13:51:42.671+0000] {dag.py:3089} INFO - Sync 1 DAGs
[2026-05-16T13:51:42.675+0000] {logging_mixin.py:188} INFO - [2026-05-16T13:51:42.675+0000] {dag.py:3947} INFO - Setting next_dagrun for example_python_operator to None, run_after=None
[2026-05-16T13:51:42.680+0000] {processor.py:183} INFO - Processing /home/airflow/.local/lib/python3.12/site-packages/airflow/example_dags/example_python_operator.py took 0.023 seconds
[2026-05-16T13:52:13.126+0000] {processor.py:161} INFO - Started process (PID=22173) to work on /home/airflow/.local/lib/python3.12/site-packages/airflow/example_dags/example_python_operator.py
[2026-05-16T13:52:13.126+0000] {processor.py:830} INFO - Processing file /home/airflow/.local/lib/python3.12/site-packages/airflow/example_dags/example_python_operator.py for tasks to queue
[2026-05-16T13:52:13.126+0000] {logging_mixin.py:188} INFO - [2026-05-16T13:52:13.126+0000] {dagbag.py:545} INFO - Filling up the DagBag from /home/airflow/.local/lib/python3.12/site-packages/airflow/example_dags/example_python_operator.py
[2026-05-16T13:52:13.131+0000] {processor.py:840} INFO - DAG(s) 'example_python_operator' retrieved from /home/airflow/.local/lib/python3.12/site-packages/airflow/example_dags/example_python_operator.py
[2026-05-16T13:52:13.141+0000] {logging_mixin.py:188} INFO - [2026-05-16T13:52:13.141+0000] {dag.py:3089} INFO - Sync 1 DAGs
[2026-05-16T13:52:13.145+0000] {logging_mixin.py:188} INFO - [2026-05-16T13:52:13.145+0000] {dag.py:3947} INFO - Setting next_dagrun for example_python_operator to None, run_after=None
[2026-05-16T13:52:13.150+0000] {processor.py:183} INFO - Processing /home/airflow/.local/lib/python3.12/site-packages/airflow/example_dags/example_python_operator.py took 0.026 seconds
[2026-05-16T13:52:43.900+0000] {processor.py:161} INFO - Started process (PID=22235) to work on /home/airflow/.local/lib/python3.12/site-packages/airflow/example_dags/example_python_operator.py
[2026-05-16T13:52:43.901+0000] {processor.py:830} INFO - Processing file /home/airflow/.local/lib/python3.12/site-packages/airflow/example_dags/example_python_operator.py for tasks to queue
[2026-05-16T13:52:43.902+0000] {logging_mixin.py:188} INFO - [2026-05-16T13:52:43.902+0000] {dagbag.py:545} INFO - Filling up the DagBag from /home/airflow/.local/lib/python3.12/site-packages/airflow/example_dags/example_python_operator.py
[2026-05-16T13:52:43.911+0000] {processor.py:840} INFO - DAG(s) 'example_python_operator' retrieved from /home/airflow/.local/lib/python3.12/site-packages/airflow/example_dags/example_python_operator.py
[2026-05-16T13:52:43.923+0000] {logging_mixin.py:188} INFO - [2026-05-16T13:52:43.923+0000] {dag.py:3089} INFO - Sync 1 DAGs
[2026-05-16T13:52:43.928+0000] {logging_mixin.py:188} INFO - [2026-05-16T13:52:43.928+0000] {dag.py:3947} INFO - Setting next_dagrun for example_python_operator to None, run_after=None
[2026-05-16T13:52:43.933+0000] {processor.py:183} INFO - Processing /home/airflow/.local/lib/python3.12/site-packages/airflow/example_dags/example_python_operator.py took 0.038 seconds
[2026-05-16T13:53:14.378+0000] {processor.py:161} INFO - Started process (PID=22297) to work on /home/airflow/.local/lib/python3.12/site-packages/airflow/example_dags/example_python_operator.py
[2026-05-16T13:53:14.379+0000] {processor.py:830} INFO - Processing file /home/airflow/.local/lib/python3.12/site-packages/airflow/example_dags/example_python_operator.py for tasks to queue
[2026-05-16T13:53:14.380+0000] {logging_mixin.py:188} INFO - [2026-05-16T13:53:14.380+0000] {dagbag.py:545} INFO - Filling up the DagBag from /home/airflow/.local/lib/python3.12/site-packages/airflow/example_dags/example_python_operator.py
[2026-05-16T13:53:14.387+0000] {processor.py:840} INFO - DAG(s) 'example_python_operator' retrieved from /home/airflow/.local/lib/python3.12/site-packages/airflow/example_dags/example_python_operator.py
[2026-05-16T13:53:14.404+0000] {logging_mixin.py:188} INFO - [2026-05-16T13:53:14.404+0000] {dag.py:3089} INFO - Sync 1 DAGs
[2026-05-16T13:53:14.413+0000] {logging_mixin.py:188} INFO - [2026-05-16T13:53:14.413+0000] {dag.py:3947} INFO - Setting next_dagrun for example_python_operator to None, run_after=None
[2026-05-16T13:53:14.419+0000] {processor.py:183} INFO - Processing /home/airflow/.local/lib/python3.12/site-packages/airflow/example_dags/example_python_operator.py took 0.046 seconds
[2026-05-16T13:53:45.116+0000] {processor.py:161} INFO - Started process (PID=22359) to work on /home/airflow/.local/lib/python3.12/site-packages/airflow/example_dags/example_python_operator.py
[2026-05-16T13:53:45.116+0000] {processor.py:830} INFO - Processing file /home/airflow/.local/lib/python3.12/site-packages/airflow/example_dags/example_python_operator.py for tasks to queue
[2026-05-16T13:53:45.117+0000] {logging_mixin.py:188} INFO - [2026-05-16T13:53:45.116+0000] {dagbag.py:545} INFO - Filling up the DagBag from /home/airflow/.local/lib/python3.12/site-packages/airflow/example_dags/example_python_operator.py
[2026-05-16T13:53:45.121+0000] {processor.py:840} INFO - DAG(s) 'example_python_operator' retrieved from /home/airflow/.local/lib/python3.12/site-packages/airflow/example_dags/example_python_operator.py
[2026-05-16T13:53:45.129+0000] {logging_mixin.py:188} INFO - [2026-05-16T13:53:45.129+0000] {dag.py:3089} INFO - Sync 1 DAGs
[2026-05-16T13:53:45.134+0000] {logging_mixin.py:188} INFO - [2026-05-16T13:53:45.134+0000] {dag.py:3947} INFO - Setting next_dagrun for example_python_operator to None, run_after=None
[2026-05-16T13:53:45.139+0000] {processor.py:183} INFO - Processing /home/airflow/.local/lib/python3.12/site-packages/airflow/example_dags/example_python_operator.py took 0.025 seconds
[2026-05-16T13:54:15.812+0000] {processor.py:161} INFO - Started process (PID=22421) to work on /home/airflow/.local/lib/python3.12/site-packages/airflow/example_dags/example_python_operator.py
[2026-05-16T13:54:15.812+0000] {processor.py:830} INFO - Processing file /home/airflow/.local/lib/python3.12/site-packages/airflow/example_dags/example_python_operator.py for tasks to queue
[2026-05-16T13:54:15.812+0000] {logging_mixin.py:188} INFO - [2026-05-16T13:54:15.812+0000] {dagbag.py:545} INFO - Filling up the DagBag from /home/airflow/.local/lib/python3.12/site-packages/airflow/example_dags/example_python_operator.py
[2026-05-16T13:54:15.817+0000] {processor.py:840} INFO - DAG(s) 'example_python_operator' retrieved from /home/airflow/.local/lib/python3.12/site-packages/airflow/example_dags/example_python_operator.py
[2026-05-16T13:54:15.827+0000] {logging_mixin.py:188} INFO - [2026-05-16T13:54:15.827+0000] {dag.py:3089} INFO - Sync 1 DAGs
[2026-05-16T13:54:15.832+0000] {logging_mixin.py:188} INFO - [2026-05-16T13:54:15.832+0000] {dag.py:3947} INFO - Setting next_dagrun for example_python_operator to None, run_after=None
[2026-05-16T13:54:15.837+0000] {processor.py:183} INFO - Processing /home/airflow/.local/lib/python3.12/site-packages/airflow/example_dags/example_python_operator.py took 0.028 seconds
[2026-05-16T13:54:46.217+0000] {processor.py:161} INFO - Started process (PID=22483) to work on /home/airflow/.local/lib/python3.12/site-packages/airflow/example_dags/example_python_operator.py
[2026-05-16T13:54:46.217+0000] {processor.py:830} INFO - Processing file /home/airflow/.local/lib/python3.12/site-packages/airflow/example_dags/example_python_operator.py for tasks to queue
[2026-05-16T13:54:46.218+0000] {logging_mixin.py:188} INFO - [2026-05-16T13:54:46.218+0000] {dagbag.py:545} INFO - Filling up the DagBag from /home/airflow/.local/lib/python3.12/site-packages/airflow/example_dags/example_python_operator.py
[2026-05-16T13:54:46.222+0000] {processor.py:840} INFO - DAG(s) 'example_python_operator' retrieved from /home/airflow/.local/lib/python3.12/site-packages/airflow/example_dags/example_python_operator.py
[2026-05-16T13:54:46.231+0000] {logging_mixin.py:188} INFO - [2026-05-16T13:54:46.231+0000] {dag.py:3089} INFO - Sync 1 DAGs
[2026-05-16T13:54:46.236+0000] {logging_mixin.py:188} INFO - [2026-05-16T13:54:46.236+0000] {dag.py:3947} INFO - Setting next_dagrun for example_python_operator to None, run_after=None
[2026-05-16T13:54:46.242+0000] {processor.py:183} INFO - Processing /home/airflow/.local/lib/python3.12/site-packages/airflow/example_dags/example_python_operator.py took 0.027 seconds
[2026-05-16T13:55:16.745+0000] {processor.py:161} INFO - Started process (PID=22545) to work on /home/airflow/.local/lib/python3.12/site-packages/airflow/example_dags/example_python_operator.py
[2026-05-16T13:55:16.745+0000] {processor.py:830} INFO - Processing file /home/airflow/.local/lib/python3.12/site-packages/airflow/example_dags/example_python_operator.py for tasks to queue
[2026-05-16T13:55:16.745+0000] {logging_mixin.py:188} INFO - [2026-05-16T13:55:16.745+0000] {dagbag.py:545} INFO - Filling up the DagBag from /home/airflow/.local/lib/python3.12/site-packages/airflow/example_dags/example_python_operator.py
[2026-05-16T13:55:16.751+0000] {processor.py:840} INFO - DAG(s) 'example_python_operator' retrieved from /home/airflow/.local/lib/python3.12/site-packages/airflow/example_dags/example_python_operator.py
[2026-05-16T13:55:16.761+0000] {logging_mixin.py:188} INFO - [2026-05-16T13:55:16.761+0000] {dag.py:3089} INFO - Sync 1 DAGs
[2026-05-16T13:55:16.766+0000] {logging_mixin.py:188} INFO - [2026-05-16T13:55:16.766+0000] {dag.py:3947} INFO - Setting next_dagrun for example_python_operator to None, run_after=None
[2026-05-16T13:55:16.773+0000] {processor.py:183} INFO - Processing /home/airflow/.local/lib/python3.12/site-packages/airflow/example_dags/example_python_operator.py took 0.031 seconds
[2026-05-16T13:55:47.202+0000] {processor.py:161} INFO - Started process (PID=22607) to work on /home/airflow/.local/lib/python3.12/site-packages/airflow/example_dags/example_python_operator.py
[2026-05-16T13:55:47.203+0000] {processor.py:830} INFO - Processing file /home/airflow/.local/lib/python3.12/site-packages/airflow/example_dags/example_python_operator.py for tasks to queue
[2026-05-16T13:55:47.203+0000] {logging_mixin.py:188} INFO - [2026-05-16T13:55:47.203+0000] {dagbag.py:545} INFO - Filling up the DagBag from /home/airflow/.local/lib/python3.12/site-packages/airflow/example_dags/example_python_operator.py
[2026-05-16T13:55:47.207+0000] {processor.py:840} INFO - DAG(s) 'example_python_operator' retrieved from /home/airflow/.local/lib/python3.12/site-packages/airflow/example_dags/example_python_operator.py
[2026-05-16T13:55:47.215+0000] {logging_mixin.py:188} INFO - [2026-05-16T13:55:47.215+0000] {dag.py:3089} INFO - Sync 1 DAGs
[2026-05-16T13:55:47.219+0000] {logging_mixin.py:188} INFO - [2026-05-16T13:55:47.219+0000] {dag.py:3947} INFO - Setting next_dagrun for example_python_operator to None, run_after=None
[2026-05-16T13:55:47.224+0000] {processor.py:183} INFO - Processing /home/airflow/.local/lib/python3.12/site-packages/airflow/example_dags/example_python_operator.py took 0.025 seconds
[2026-05-16T13:56:17.677+0000] {processor.py:161} INFO - Started process (PID=22669) to work on /home/airflow/.local/lib/python3.12/site-packages/airflow/example_dags/example_python_operator.py
[2026-05-16T13:56:17.677+0000] {processor.py:830} INFO - Processing file /home/airflow/.local/lib/python3.12/site-packages/airflow/example_dags/example_python_operator.py for tasks to queue
[2026-05-16T13:56:17.678+0000] {logging_mixin.py:188} INFO - [2026-05-16T13:56:17.677+0000] {dagbag.py:545} INFO - Filling up the DagBag from /home/airflow/.local/lib/python3.12/site-packages/airflow/example_dags/example_python_operator.py
[2026-05-16T13:56:17.682+0000] {processor.py:840} INFO - DAG(s) 'example_python_operator' retrieved from /home/airflow/.local/lib/python3.12/site-packages/airflow/example_dags/example_python_operator.py
[2026-05-16T13:56:17.689+0000] {logging_mixin.py:188} INFO - [2026-05-16T13:56:17.689+0000] {dag.py:3089} INFO - Sync 1 DAGs
[2026-05-16T13:56:17.693+0000] {logging_mixin.py:188} INFO - [2026-05-16T13:56:17.693+0000] {dag.py:3947} INFO - Setting next_dagrun for example_python_operator to None, run_after=None
[2026-05-16T13:56:17.698+0000] {processor.py:183} INFO - Processing /home/airflow/.local/lib/python3.12/site-packages/airflow/example_dags/example_python_operator.py took 0.024 seconds
[2026-05-16T13:56:48.126+0000] {processor.py:161} INFO - Started process (PID=22731) to work on /home/airflow/.local/lib/python3.12/site-packages/airflow/example_dags/example_python_operator.py
[2026-05-16T13:56:48.127+0000] {processor.py:830} INFO - Processing file /home/airflow/.local/lib/python3.12/site-packages/airflow/example_dags/example_python_operator.py for tasks to queue
[2026-05-16T13:56:48.127+0000] {logging_mixin.py:188} INFO - [2026-05-16T13:56:48.127+0000] {dagbag.py:545} INFO - Filling up the DagBag from /home/airflow/.local/lib/python3.12/site-packages/airflow/example_dags/example_python_operator.py
[2026-05-16T13:56:48.132+0000] {processor.py:840} INFO - DAG(s) 'example_python_operator' retrieved from /home/airflow/.local/lib/python3.12/site-packages/airflow/example_dags/example_python_operator.py
[2026-05-16T13:56:48.142+0000] {logging_mixin.py:188} INFO - [2026-05-16T13:56:48.142+0000] {dag.py:3089} INFO - Sync 1 DAGs
[2026-05-16T13:56:48.147+0000] {logging_mixin.py:188} INFO - [2026-05-16T13:56:48.147+0000] {dag.py:3947} INFO - Setting next_dagrun for example_python_operator to None, run_after=None
[2026-05-16T13:56:48.154+0000] {processor.py:183} INFO - Processing /home/airflow/.local/lib/python3.12/site-packages/airflow/example_dags/example_python_operator.py took 0.031 seconds
[2026-05-16T13:57:18.542+0000] {processor.py:161} INFO - Started process (PID=22793) to work on /home/airflow/.local/lib/python3.12/site-packages/airflow/example_dags/example_python_operator.py
[2026-05-16T13:57:18.543+0000] {processor.py:830} INFO - Processing file /home/airflow/.local/lib/python3.12/site-packages/airflow/example_dags/example_python_operator.py for tasks to queue
[2026-05-16T13:57:18.543+0000] {logging_mixin.py:188} INFO - [2026-05-16T13:57:18.543+0000] {dagbag.py:545} INFO - Filling up the DagBag from /home/airflow/.local/lib/python3.12/site-packages/airflow/example_dags/example_python_operator.py
[2026-05-16T13:57:18.547+0000] {processor.py:840} INFO - DAG(s) 'example_python_operator' retrieved from /home/airflow/.local/lib/python3.12/site-packages/airflow/example_dags/example_python_operator.py
[2026-05-16T13:57:18.555+0000] {logging_mixin.py:188} INFO - [2026-05-16T13:57:18.554+0000] {dag.py:3089} INFO - Sync 1 DAGs
[2026-05-16T13:57:18.558+0000] {logging_mixin.py:188} INFO - [2026-05-16T13:57:18.558+0000] {dag.py:3947} INFO - Setting next_dagrun for example_python_operator to None, run_after=None
[2026-05-16T13:57:18.564+0000] {processor.py:183} INFO - Processing /home/airflow/.local/lib/python3.12/site-packages/airflow/example_dags/example_python_operator.py took 0.023 seconds
[2026-05-16T13:57:48.890+0000] {processor.py:161} INFO - Started process (PID=22855) to work on /home/airflow/.local/lib/python3.12/site-packages/airflow/example_dags/example_python_operator.py
[2026-05-16T13:57:48.890+0000] {processor.py:830} INFO - Processing file /home/airflow/.local/lib/python3.12/site-packages/airflow/example_dags/example_python_operator.py for tasks to queue
[2026-05-16T13:57:48.891+0000] {logging_mixin.py:188} INFO - [2026-05-16T13:57:48.891+0000] {dagbag.py:545} INFO - Filling up the DagBag from /home/airflow/.local/lib/python3.12/site-packages/airflow/example_dags/example_python_operator.py
[2026-05-16T13:57:48.895+0000] {processor.py:840} INFO - DAG(s) 'example_python_operator' retrieved from /home/airflow/.local/lib/python3.12/site-packages/airflow/example_dags/example_python_operator.py
[2026-05-16T13:57:48.903+0000] {logging_mixin.py:188} INFO - [2026-05-16T13:57:48.903+0000] {dag.py:3089} INFO - Sync 1 DAGs
[2026-05-16T13:57:48.907+0000] {logging_mixin.py:188} INFO - [2026-05-16T13:57:48.907+0000] {dag.py:3947} INFO - Setting next_dagrun for example_python_operator to None, run_after=None
[2026-05-16T13:57:48.913+0000] {processor.py:183} INFO - Processing /home/airflow/.local/lib/python3.12/site-packages/airflow/example_dags/example_python_operator.py took 0.025 seconds
[2026-05-16T13:58:19.324+0000] {processor.py:161} INFO - Started process (PID=22918) to work on /home/airflow/.local/lib/python3.12/site-packages/airflow/example_dags/example_python_operator.py
[2026-05-16T13:58:19.325+0000] {processor.py:830} INFO - Processing file /home/airflow/.local/lib/python3.12/site-packages/airflow/example_dags/example_python_operator.py for tasks to queue
[2026-05-16T13:58:19.325+0000] {logging_mixin.py:188} INFO - [2026-05-16T13:58:19.325+0000] {dagbag.py:545} INFO - Filling up the DagBag from /home/airflow/.local/lib/python3.12/site-packages/airflow/example_dags/example_python_operator.py
[2026-05-16T13:58:19.329+0000] {processor.py:840} INFO - DAG(s) 'example_python_operator' retrieved from /home/airflow/.local/lib/python3.12/site-packages/airflow/example_dags/example_python_operator.py
[2026-05-16T13:58:19.338+0000] {logging_mixin.py:188} INFO - [2026-05-16T13:58:19.338+0000] {dag.py:3089} INFO - Sync 1 DAGs
[2026-05-16T13:58:19.341+0000] {logging_mixin.py:188} INFO - [2026-05-16T13:58:19.341+0000] {dag.py:3947} INFO - Setting next_dagrun for example_python_operator to None, run_after=None
[2026-05-16T13:58:19.347+0000] {processor.py:183} INFO - Processing /home/airflow/.local/lib/python3.12/site-packages/airflow/example_dags/example_python_operator.py took 0.025 seconds
[2026-05-16T13:58:49.701+0000] {processor.py:161} INFO - Started process (PID=22979) to work on /home/airflow/.local/lib/python3.12/site-packages/airflow/example_dags/example_python_operator.py
[2026-05-16T13:58:49.701+0000] {processor.py:830} INFO - Processing file /home/airflow/.local/lib/python3.12/site-packages/airflow/example_dags/example_python_operator.py for tasks to queue
[2026-05-16T13:58:49.701+0000] {logging_mixin.py:188} INFO - [2026-05-16T13:58:49.701+0000] {dagbag.py:545} INFO - Filling up the DagBag from /home/airflow/.local/lib/python3.12/site-packages/airflow/example_dags/example_python_operator.py
[2026-05-16T13:58:49.705+0000] {processor.py:840} INFO - DAG(s) 'example_python_operator' retrieved from /home/airflow/.local/lib/python3.12/site-packages/airflow/example_dags/example_python_operator.py
[2026-05-16T13:58:49.712+0000] {logging_mixin.py:188} INFO - [2026-05-16T13:58:49.712+0000] {dag.py:3089} INFO - Sync 1 DAGs
[2026-05-16T13:58:49.716+0000] {logging_mixin.py:188} INFO - [2026-05-16T13:58:49.716+0000] {dag.py:3947} INFO - Setting next_dagrun for example_python_operator to None, run_after=None
[2026-05-16T13:58:49.721+0000] {processor.py:183} INFO - Processing /home/airflow/.local/lib/python3.12/site-packages/airflow/example_dags/example_python_operator.py took 0.023 seconds
[2026-05-16T13:59:20.105+0000] {processor.py:161} INFO - Started process (PID=23040) to work on /home/airflow/.local/lib/python3.12/site-packages/airflow/example_dags/example_python_operator.py
[2026-05-16T13:59:20.106+0000] {processor.py:830} INFO - Processing file /home/airflow/.local/lib/python3.12/site-packages/airflow/example_dags/example_python_operator.py for tasks to queue
[2026-05-16T13:59:20.106+0000] {logging_mixin.py:188} INFO - [2026-05-16T13:59:20.106+0000] {dagbag.py:545} INFO - Filling up the DagBag from /home/airflow/.local/lib/python3.12/site-packages/airflow/example_dags/example_python_operator.py
[2026-05-16T13:59:20.110+0000] {processor.py:840} INFO - DAG(s) 'example_python_operator' retrieved from /home/airflow/.local/lib/python3.12/site-packages/airflow/example_dags/example_python_operator.py
[2026-05-16T13:59:20.118+0000] {logging_mixin.py:188} INFO - [2026-05-16T13:59:20.117+0000] {dag.py:3089} INFO - Sync 1 DAGs
[2026-05-16T13:59:20.121+0000] {logging_mixin.py:188} INFO - [2026-05-16T13:59:20.121+0000] {dag.py:3947} INFO - Setting next_dagrun for example_python_operator to None, run_after=None
[2026-05-16T13:59:20.126+0000] {processor.py:183} INFO - Processing /home/airflow/.local/lib/python3.12/site-packages/airflow/example_dags/example_python_operator.py took 0.023 seconds
[2026-05-16T13:59:50.663+0000] {processor.py:161} INFO - Started process (PID=23102) to work on /home/airflow/.local/lib/python3.12/site-packages/airflow/example_dags/example_python_operator.py
[2026-05-16T13:59:50.663+0000] {processor.py:830} INFO - Processing file /home/airflow/.local/lib/python3.12/site-packages/airflow/example_dags/example_python_operator.py for tasks to queue
[2026-05-16T13:59:50.664+0000] {logging_mixin.py:188} INFO - [2026-05-16T13:59:50.663+0000] {dagbag.py:545} INFO - Filling up the DagBag from /home/airflow/.local/lib/python3.12/site-packages/airflow/example_dags/example_python_operator.py
[2026-05-16T13:59:50.669+0000] {processor.py:840} INFO - DAG(s) 'example_python_operator' retrieved from /home/airflow/.local/lib/python3.12/site-packages/airflow/example_dags/example_python_operator.py
[2026-05-16T13:59:50.683+0000] {logging_mixin.py:188} INFO - [2026-05-16T13:59:50.682+0000] {dag.py:3089} INFO - Sync 1 DAGs
[2026-05-16T13:59:50.689+0000] {logging_mixin.py:188} INFO - [2026-05-16T13:59:50.689+0000] {dag.py:3947} INFO - Setting next_dagrun for example_python_operator to None, run_after=None
[2026-05-16T13:59:50.697+0000] {processor.py:183} INFO - Processing /home/airflow/.local/lib/python3.12/site-packages/airflow/example_dags/example_python_operator.py took 0.039 seconds
[2026-05-16T14:00:21.135+0000] {processor.py:161} INFO - Started process (PID=23164) to work on /home/airflow/.local/lib/python3.12/site-packages/airflow/example_dags/example_python_operator.py
[2026-05-16T14:00:21.136+0000] {processor.py:830} INFO - Processing file /home/airflow/.local/lib/python3.12/site-packages/airflow/example_dags/example_python_operator.py for tasks to queue
[2026-05-16T14:00:21.136+0000] {logging_mixin.py:188} INFO - [2026-05-16T14:00:21.136+0000] {dagbag.py:545} INFO - Filling up the DagBag from /home/airflow/.local/lib/python3.12/site-packages/airflow/example_dags/example_python_operator.py
[2026-05-16T14:00:21.140+0000] {processor.py:840} INFO - DAG(s) 'example_python_operator' retrieved from /home/airflow/.local/lib/python3.12/site-packages/airflow/example_dags/example_python_operator.py
[2026-05-16T14:00:21.147+0000] {logging_mixin.py:188} INFO - [2026-05-16T14:00:21.147+0000] {dag.py:3089} INFO - Sync 1 DAGs
[2026-05-16T14:00:21.151+0000] {logging_mixin.py:188} INFO - [2026-05-16T14:00:21.151+0000] {dag.py:3947} INFO - Setting next_dagrun for example_python_operator to None, run_after=None
[2026-05-16T14:00:21.156+0000] {processor.py:183} INFO - Processing /home/airflow/.local/lib/python3.12/site-packages/airflow/example_dags/example_python_operator.py took 0.023 seconds
[2026-05-16T14:00:51.540+0000] {processor.py:161} INFO - Started process (PID=23226) to work on /home/airflow/.local/lib/python3.12/site-packages/airflow/example_dags/example_python_operator.py
[2026-05-16T14:00:51.540+0000] {processor.py:830} INFO - Processing file /home/airflow/.local/lib/python3.12/site-packages/airflow/example_dags/example_python_operator.py for tasks to queue
[2026-05-16T14:00:51.541+0000] {logging_mixin.py:188} INFO - [2026-05-16T14:00:51.540+0000] {dagbag.py:545} INFO - Filling up the DagBag from /home/airflow/.local/lib/python3.12/site-packages/airflow/example_dags/example_python_operator.py
[2026-05-16T14:00:51.545+0000] {processor.py:840} INFO - DAG(s) 'example_python_operator' retrieved from /home/airflow/.local/lib/python3.12/site-packages/airflow/example_dags/example_python_operator.py
[2026-05-16T14:00:51.554+0000] {logging_mixin.py:188} INFO - [2026-05-16T14:00:51.554+0000] {dag.py:3089} INFO - Sync 1 DAGs
[2026-05-16T14:00:51.558+0000] {logging_mixin.py:188} INFO - [2026-05-16T14:00:51.558+0000] {dag.py:3947} INFO - Setting next_dagrun for example_python_operator to None, run_after=None
[2026-05-16T14:00:51.566+0000] {processor.py:183} INFO - Processing /home/airflow/.local/lib/python3.12/site-packages/airflow/example_dags/example_python_operator.py took 0.028 seconds
[2026-05-16T14:01:21.953+0000] {processor.py:161} INFO - Started process (PID=23288) to work on /home/airflow/.local/lib/python3.12/site-packages/airflow/example_dags/example_python_operator.py
[2026-05-16T14:01:21.953+0000] {processor.py:830} INFO - Processing file /home/airflow/.local/lib/python3.12/site-packages/airflow/example_dags/example_python_operator.py for tasks to queue
[2026-05-16T14:01:21.953+0000] {logging_mixin.py:188} INFO - [2026-05-16T14:01:21.953+0000] {dagbag.py:545} INFO - Filling up the DagBag from /home/airflow/.local/lib/python3.12/site-packages/airflow/example_dags/example_python_operator.py
[2026-05-16T14:01:21.958+0000] {processor.py:840} INFO - DAG(s) 'example_python_operator' retrieved from /home/airflow/.local/lib/python3.12/site-packages/airflow/example_dags/example_python_operator.py
[2026-05-16T14:01:21.968+0000] {logging_mixin.py:188} INFO - [2026-05-16T14:01:21.968+0000] {dag.py:3089} INFO - Sync 1 DAGs
[2026-05-16T14:01:21.973+0000] {logging_mixin.py:188} INFO - [2026-05-16T14:01:21.973+0000] {dag.py:3947} INFO - Setting next_dagrun for example_python_operator to None, run_after=None
[2026-05-16T14:01:21.981+0000] {processor.py:183} INFO - Processing /home/airflow/.local/lib/python3.12/site-packages/airflow/example_dags/example_python_operator.py took 0.033 seconds
[2026-05-16T14:01:52.431+0000] {processor.py:161} INFO - Started process (PID=23350) to work on /home/airflow/.local/lib/python3.12/site-packages/airflow/example_dags/example_python_operator.py
[2026-05-16T14:01:52.431+0000] {processor.py:830} INFO - Processing file /home/airflow/.local/lib/python3.12/site-packages/airflow/example_dags/example_python_operator.py for tasks to queue
[2026-05-16T14:01:52.431+0000] {logging_mixin.py:188} INFO - [2026-05-16T14:01:52.431+0000] {dagbag.py:545} INFO - Filling up the DagBag from /home/airflow/.local/lib/python3.12/site-packages/airflow/example_dags/example_python_operator.py
[2026-05-16T14:01:52.435+0000] {processor.py:840} INFO - DAG(s) 'example_python_operator' retrieved from /home/airflow/.local/lib/python3.12/site-packages/airflow/example_dags/example_python_operator.py
[2026-05-16T14:01:52.442+0000] {logging_mixin.py:188} INFO - [2026-05-16T14:01:52.442+0000] {dag.py:3089} INFO - Sync 1 DAGs
[2026-05-16T14:01:52.446+0000] {logging_mixin.py:188} INFO - [2026-05-16T14:01:52.446+0000] {dag.py:3947} INFO - Setting next_dagrun for example_python_operator to None, run_after=None
[2026-05-16T14:01:52.451+0000] {processor.py:183} INFO - Processing /home/airflow/.local/lib/python3.12/site-packages/airflow/example_dags/example_python_operator.py took 0.023 seconds
[2026-05-16T14:02:22.842+0000] {processor.py:161} INFO - Started process (PID=23412) to work on /home/airflow/.local/lib/python3.12/site-packages/airflow/example_dags/example_python_operator.py
[2026-05-16T14:02:22.843+0000] {processor.py:830} INFO - Processing file /home/airflow/.local/lib/python3.12/site-packages/airflow/example_dags/example_python_operator.py for tasks to queue
[2026-05-16T14:02:22.843+0000] {logging_mixin.py:188} INFO - [2026-05-16T14:02:22.843+0000] {dagbag.py:545} INFO - Filling up the DagBag from /home/airflow/.local/lib/python3.12/site-packages/airflow/example_dags/example_python_operator.py
[2026-05-16T14:02:22.847+0000] {processor.py:840} INFO - DAG(s) 'example_python_operator' retrieved from /home/airflow/.local/lib/python3.12/site-packages/airflow/example_dags/example_python_operator.py
[2026-05-16T14:02:22.855+0000] {logging_mixin.py:188} INFO - [2026-05-16T14:02:22.855+0000] {dag.py:3089} INFO - Sync 1 DAGs
[2026-05-16T14:02:22.859+0000] {logging_mixin.py:188} INFO - [2026-05-16T14:02:22.859+0000] {dag.py:3947} INFO - Setting next_dagrun for example_python_operator to None, run_after=None
[2026-05-16T14:02:22.864+0000] {processor.py:183} INFO - Processing /home/airflow/.local/lib/python3.12/site-packages/airflow/example_dags/example_python_operator.py took 0.024 seconds
[2026-05-16T14:02:53.188+0000] {processor.py:161} INFO - Started process (PID=23474) to work on /home/airflow/.local/lib/python3.12/site-packages/airflow/example_dags/example_python_operator.py
[2026-05-16T14:02:53.188+0000] {processor.py:830} INFO - Processing file /home/airflow/.local/lib/python3.12/site-packages/airflow/example_dags/example_python_operator.py for tasks to queue
[2026-05-16T14:02:53.188+0000] {logging_mixin.py:188} INFO - [2026-05-16T14:02:53.188+0000] {dagbag.py:545} INFO - Filling up the DagBag from /home/airflow/.local/lib/python3.12/site-packages/airflow/example_dags/example_python_operator.py
[2026-05-16T14:02:53.193+0000] {processor.py:840} INFO - DAG(s) 'example_python_operator' retrieved from /home/airflow/.local/lib/python3.12/site-packages/airflow/example_dags/example_python_operator.py
[2026-05-16T14:02:53.200+0000] {logging_mixin.py:188} INFO - [2026-05-16T14:02:53.200+0000] {dag.py:3089} INFO - Sync 1 DAGs
[2026-05-16T14:02:53.204+0000] {logging_mixin.py:188} INFO - [2026-05-16T14:02:53.204+0000] {dag.py:3947} INFO - Setting next_dagrun for example_python_operator to None, run_after=None
[2026-05-16T14:02:53.209+0000] {processor.py:183} INFO - Processing /home/airflow/.local/lib/python3.12/site-packages/airflow/example_dags/example_python_operator.py took 0.023 seconds
[2026-05-16T14:03:23.878+0000] {processor.py:161} INFO - Started process (PID=23536) to work on /home/airflow/.local/lib/python3.12/site-packages/airflow/example_dags/example_python_operator.py
[2026-05-16T14:03:23.879+0000] {processor.py:830} INFO - Processing file /home/airflow/.local/lib/python3.12/site-packages/airflow/example_dags/example_python_operator.py for tasks to queue
[2026-05-16T14:03:23.879+0000] {logging_mixin.py:188} INFO - [2026-05-16T14:03:23.879+0000] {dagbag.py:545} INFO - Filling up the DagBag from /home/airflow/.local/lib/python3.12/site-packages/airflow/example_dags/example_python_operator.py
[2026-05-16T14:03:23.883+0000] {processor.py:840} INFO - DAG(s) 'example_python_operator' retrieved from /home/airflow/.local/lib/python3.12/site-packages/airflow/example_dags/example_python_operator.py
[2026-05-16T14:03:23.891+0000] {logging_mixin.py:188} INFO - [2026-05-16T14:03:23.891+0000] {dag.py:3089} INFO - Sync 1 DAGs
[2026-05-16T14:03:23.895+0000] {logging_mixin.py:188} INFO - [2026-05-16T14:03:23.895+0000] {dag.py:3947} INFO - Setting next_dagrun for example_python_operator to None, run_after=None
[2026-05-16T14:03:23.900+0000] {processor.py:183} INFO - Processing /home/airflow/.local/lib/python3.12/site-packages/airflow/example_dags/example_python_operator.py took 0.024 seconds
[2026-05-16T14:03:54.416+0000] {processor.py:161} INFO - Started process (PID=23598) to work on /home/airflow/.local/lib/python3.12/site-packages/airflow/example_dags/example_python_operator.py
[2026-05-16T14:03:54.416+0000] {processor.py:830} INFO - Processing file /home/airflow/.local/lib/python3.12/site-packages/airflow/example_dags/example_python_operator.py for tasks to queue
[2026-05-16T14:03:54.416+0000] {logging_mixin.py:188} INFO - [2026-05-16T14:03:54.416+0000] {dagbag.py:545} INFO - Filling up the DagBag from /home/airflow/.local/lib/python3.12/site-packages/airflow/example_dags/example_python_operator.py
[2026-05-16T14:03:54.422+0000] {processor.py:840} INFO - DAG(s) 'example_python_operator' retrieved from /home/airflow/.local/lib/python3.12/site-packages/airflow/example_dags/example_python_operator.py
[2026-05-16T14:03:54.446+0000] {logging_mixin.py:188} INFO - [2026-05-16T14:03:54.446+0000] {dag.py:3089} INFO - Sync 1 DAGs
[2026-05-16T14:03:54.453+0000] {logging_mixin.py:188} INFO - [2026-05-16T14:03:54.452+0000] {dag.py:3947} INFO - Setting next_dagrun for example_python_operator to None, run_after=None
[2026-05-16T14:03:54.468+0000] {processor.py:183} INFO - Processing /home/airflow/.local/lib/python3.12/site-packages/airflow/example_dags/example_python_operator.py took 0.057 seconds
[2026-05-16T14:04:25.098+0000] {processor.py:161} INFO - Started process (PID=23660) to work on /home/airflow/.local/lib/python3.12/site-packages/airflow/example_dags/example_python_operator.py
[2026-05-16T14:04:25.098+0000] {processor.py:830} INFO - Processing file /home/airflow/.local/lib/python3.12/site-packages/airflow/example_dags/example_python_operator.py for tasks to queue
[2026-05-16T14:04:25.099+0000] {logging_mixin.py:188} INFO - [2026-05-16T14:04:25.098+0000] {dagbag.py:545} INFO - Filling up the DagBag from /home/airflow/.local/lib/python3.12/site-packages/airflow/example_dags/example_python_operator.py
[2026-05-16T14:04:25.106+0000] {processor.py:840} INFO - DAG(s) 'example_python_operator' retrieved from /home/airflow/.local/lib/python3.12/site-packages/airflow/example_dags/example_python_operator.py
[2026-05-16T14:04:25.121+0000] {logging_mixin.py:188} INFO - [2026-05-16T14:04:25.121+0000] {dag.py:3089} INFO - Sync 1 DAGs
[2026-05-16T14:04:25.129+0000] {logging_mixin.py:188} INFO - [2026-05-16T14:04:25.128+0000] {dag.py:3947} INFO - Setting next_dagrun for example_python_operator to None, run_after=None
[2026-05-16T14:04:25.142+0000] {processor.py:183} INFO - Processing /home/airflow/.local/lib/python3.12/site-packages/airflow/example_dags/example_python_operator.py took 0.050 seconds
[2026-05-16T14:04:55.852+0000] {processor.py:161} INFO - Started process (PID=23722) to work on /home/airflow/.local/lib/python3.12/site-packages/airflow/example_dags/example_python_operator.py
[2026-05-16T14:04:55.852+0000] {processor.py:830} INFO - Processing file /home/airflow/.local/lib/python3.12/site-packages/airflow/example_dags/example_python_operator.py for tasks to queue
[2026-05-16T14:04:55.852+0000] {logging_mixin.py:188} INFO - [2026-05-16T14:04:55.852+0000] {dagbag.py:545} INFO - Filling up the DagBag from /home/airflow/.local/lib/python3.12/site-packages/airflow/example_dags/example_python_operator.py
[2026-05-16T14:04:55.859+0000] {processor.py:840} INFO - DAG(s) 'example_python_operator' retrieved from /home/airflow/.local/lib/python3.12/site-packages/airflow/example_dags/example_python_operator.py
[2026-05-16T14:04:55.868+0000] {logging_mixin.py:188} INFO - [2026-05-16T14:04:55.868+0000] {dag.py:3089} INFO - Sync 1 DAGs
[2026-05-16T14:04:55.872+0000] {logging_mixin.py:188} INFO - [2026-05-16T14:04:55.872+0000] {dag.py:3947} INFO - Setting next_dagrun for example_python_operator to None, run_after=None
[2026-05-16T14:04:55.878+0000] {processor.py:183} INFO - Processing /home/airflow/.local/lib/python3.12/site-packages/airflow/example_dags/example_python_operator.py took 0.029 seconds
[2026-05-16T14:05:26.416+0000] {processor.py:161} INFO - Started process (PID=23783) to work on /home/airflow/.local/lib/python3.12/site-packages/airflow/example_dags/example_python_operator.py
[2026-05-16T14:05:26.416+0000] {processor.py:830} INFO - Processing file /home/airflow/.local/lib/python3.12/site-packages/airflow/example_dags/example_python_operator.py for tasks to queue
[2026-05-16T14:05:26.417+0000] {logging_mixin.py:188} INFO - [2026-05-16T14:05:26.416+0000] {dagbag.py:545} INFO - Filling up the DagBag from /home/airflow/.local/lib/python3.12/site-packages/airflow/example_dags/example_python_operator.py
[2026-05-16T14:05:26.421+0000] {processor.py:840} INFO - DAG(s) 'example_python_operator' retrieved from /home/airflow/.local/lib/python3.12/site-packages/airflow/example_dags/example_python_operator.py
[2026-05-16T14:05:26.428+0000] {logging_mixin.py:188} INFO - [2026-05-16T14:05:26.428+0000] {dag.py:3089} INFO - Sync 1 DAGs
[2026-05-16T14:05:26.433+0000] {logging_mixin.py:188} INFO - [2026-05-16T14:05:26.433+0000] {dag.py:3947} INFO - Setting next_dagrun for example_python_operator to None, run_after=None
[2026-05-16T14:05:26.438+0000] {processor.py:183} INFO - Processing /home/airflow/.local/lib/python3.12/site-packages/airflow/example_dags/example_python_operator.py took 0.024 seconds
[2026-05-16T14:05:56.848+0000] {processor.py:161} INFO - Started process (PID=23846) to work on /home/airflow/.local/lib/python3.12/site-packages/airflow/example_dags/example_python_operator.py
[2026-05-16T14:05:56.848+0000] {processor.py:830} INFO - Processing file /home/airflow/.local/lib/python3.12/site-packages/airflow/example_dags/example_python_operator.py for tasks to queue
[2026-05-16T14:05:56.849+0000] {logging_mixin.py:188} INFO - [2026-05-16T14:05:56.848+0000] {dagbag.py:545} INFO - Filling up the DagBag from /home/airflow/.local/lib/python3.12/site-packages/airflow/example_dags/example_python_operator.py
[2026-05-16T14:05:56.853+0000] {processor.py:840} INFO - DAG(s) 'example_python_operator' retrieved from /home/airflow/.local/lib/python3.12/site-packages/airflow/example_dags/example_python_operator.py
[2026-05-16T14:05:56.863+0000] {logging_mixin.py:188} INFO - [2026-05-16T14:05:56.863+0000] {dag.py:3089} INFO - Sync 1 DAGs
[2026-05-16T14:05:56.868+0000] {logging_mixin.py:188} INFO - [2026-05-16T14:05:56.867+0000] {dag.py:3947} INFO - Setting next_dagrun for example_python_operator to None, run_after=None
[2026-05-16T14:05:56.873+0000] {processor.py:183} INFO - Processing /home/airflow/.local/lib/python3.12/site-packages/airflow/example_dags/example_python_operator.py took 0.028 seconds
[2026-05-16T14:06:27.251+0000] {processor.py:161} INFO - Started process (PID=23908) to work on /home/airflow/.local/lib/python3.12/site-packages/airflow/example_dags/example_python_operator.py
[2026-05-16T14:06:27.251+0000] {processor.py:830} INFO - Processing file /home/airflow/.local/lib/python3.12/site-packages/airflow/example_dags/example_python_operator.py for tasks to queue
[2026-05-16T14:06:27.252+0000] {logging_mixin.py:188} INFO - [2026-05-16T14:06:27.251+0000] {dagbag.py:545} INFO - Filling up the DagBag from /home/airflow/.local/lib/python3.12/site-packages/airflow/example_dags/example_python_operator.py
[2026-05-16T14:06:27.256+0000] {processor.py:840} INFO - DAG(s) 'example_python_operator' retrieved from /home/airflow/.local/lib/python3.12/site-packages/airflow/example_dags/example_python_operator.py
[2026-05-16T14:06:27.265+0000] {logging_mixin.py:188} INFO - [2026-05-16T14:06:27.265+0000] {dag.py:3089} INFO - Sync 1 DAGs
[2026-05-16T14:06:27.269+0000] {logging_mixin.py:188} INFO - [2026-05-16T14:06:27.269+0000] {dag.py:3947} INFO - Setting next_dagrun for example_python_operator to None, run_after=None
[2026-05-16T14:06:27.274+0000] {processor.py:183} INFO - Processing /home/airflow/.local/lib/python3.12/site-packages/airflow/example_dags/example_python_operator.py took 0.025 seconds
[2026-05-16T14:06:57.747+0000] {processor.py:161} INFO - Started process (PID=23970) to work on /home/airflow/.local/lib/python3.12/site-packages/airflow/example_dags/example_python_operator.py
[2026-05-16T14:06:57.747+0000] {processor.py:830} INFO - Processing file /home/airflow/.local/lib/python3.12/site-packages/airflow/example_dags/example_python_operator.py for tasks to queue
[2026-05-16T14:06:57.748+0000] {logging_mixin.py:188} INFO - [2026-05-16T14:06:57.748+0000] {dagbag.py:545} INFO - Filling up the DagBag from /home/airflow/.local/lib/python3.12/site-packages/airflow/example_dags/example_python_operator.py
[2026-05-16T14:06:57.757+0000] {processor.py:840} INFO - DAG(s) 'example_python_operator' retrieved from /home/airflow/.local/lib/python3.12/site-packages/airflow/example_dags/example_python_operator.py
[2026-05-16T14:06:57.767+0000] {logging_mixin.py:188} INFO - [2026-05-16T14:06:57.767+0000] {dag.py:3089} INFO - Sync 1 DAGs
[2026-05-16T14:06:57.772+0000] {logging_mixin.py:188} INFO - [2026-05-16T14:06:57.772+0000] {dag.py:3947} INFO - Setting next_dagrun for example_python_operator to None, run_after=None
[2026-05-16T14:06:57.778+0000] {processor.py:183} INFO - Processing /home/airflow/.local/lib/python3.12/site-packages/airflow/example_dags/example_python_operator.py took 0.034 seconds
[2026-05-16T14:07:28.220+0000] {processor.py:161} INFO - Started process (PID=24032) to work on /home/airflow/.local/lib/python3.12/site-packages/airflow/example_dags/example_python_operator.py
[2026-05-16T14:07:28.221+0000] {processor.py:830} INFO - Processing file /home/airflow/.local/lib/python3.12/site-packages/airflow/example_dags/example_python_operator.py for tasks to queue
[2026-05-16T14:07:28.221+0000] {logging_mixin.py:188} INFO - [2026-05-16T14:07:28.221+0000] {dagbag.py:545} INFO - Filling up the DagBag from /home/airflow/.local/lib/python3.12/site-packages/airflow/example_dags/example_python_operator.py
[2026-05-16T14:07:28.225+0000] {processor.py:840} INFO - DAG(s) 'example_python_operator' retrieved from /home/airflow/.local/lib/python3.12/site-packages/airflow/example_dags/example_python_operator.py
[2026-05-16T14:07:28.232+0000] {logging_mixin.py:188} INFO - [2026-05-16T14:07:28.232+0000] {dag.py:3089} INFO - Sync 1 DAGs
[2026-05-16T14:07:28.236+0000] {logging_mixin.py:188} INFO - [2026-05-16T14:07:28.236+0000] {dag.py:3947} INFO - Setting next_dagrun for example_python_operator to None, run_after=None
[2026-05-16T14:07:28.242+0000] {processor.py:183} INFO - Processing /home/airflow/.local/lib/python3.12/site-packages/airflow/example_dags/example_python_operator.py took 0.024 seconds
[2026-05-16T14:07:58.656+0000] {processor.py:161} INFO - Started process (PID=24100) to work on /home/airflow/.local/lib/python3.12/site-packages/airflow/example_dags/example_python_operator.py
[2026-05-16T14:07:58.657+0000] {processor.py:830} INFO - Processing file /home/airflow/.local/lib/python3.12/site-packages/airflow/example_dags/example_python_operator.py for tasks to queue
[2026-05-16T14:07:58.657+0000] {logging_mixin.py:188} INFO - [2026-05-16T14:07:58.657+0000] {dagbag.py:545} INFO - Filling up the DagBag from /home/airflow/.local/lib/python3.12/site-packages/airflow/example_dags/example_python_operator.py
[2026-05-16T14:07:58.661+0000] {processor.py:840} INFO - DAG(s) 'example_python_operator' retrieved from /home/airflow/.local/lib/python3.12/site-packages/airflow/example_dags/example_python_operator.py
[2026-05-16T14:07:58.669+0000] {logging_mixin.py:188} INFO - [2026-05-16T14:07:58.669+0000] {dag.py:3089} INFO - Sync 1 DAGs
[2026-05-16T14:07:58.672+0000] {logging_mixin.py:188} INFO - [2026-05-16T14:07:58.672+0000] {dag.py:3947} INFO - Setting next_dagrun for example_python_operator to None, run_after=None
[2026-05-16T14:07:58.677+0000] {processor.py:183} INFO - Processing /home/airflow/.local/lib/python3.12/site-packages/airflow/example_dags/example_python_operator.py took 0.023 seconds
[2026-05-16T14:08:29.044+0000] {processor.py:161} INFO - Started process (PID=24162) to work on /home/airflow/.local/lib/python3.12/site-packages/airflow/example_dags/example_python_operator.py
[2026-05-16T14:08:29.044+0000] {processor.py:830} INFO - Processing file /home/airflow/.local/lib/python3.12/site-packages/airflow/example_dags/example_python_operator.py for tasks to queue
[2026-05-16T14:08:29.044+0000] {logging_mixin.py:188} INFO - [2026-05-16T14:08:29.044+0000] {dagbag.py:545} INFO - Filling up the DagBag from /home/airflow/.local/lib/python3.12/site-packages/airflow/example_dags/example_python_operator.py
[2026-05-16T14:08:29.049+0000] {processor.py:840} INFO - DAG(s) 'example_python_operator' retrieved from /home/airflow/.local/lib/python3.12/site-packages/airflow/example_dags/example_python_operator.py
[2026-05-16T14:08:29.058+0000] {logging_mixin.py:188} INFO - [2026-05-16T14:08:29.058+0000] {dag.py:3089} INFO - Sync 1 DAGs
[2026-05-16T14:08:29.063+0000] {logging_mixin.py:188} INFO - [2026-05-16T14:08:29.063+0000] {dag.py:3947} INFO - Setting next_dagrun for example_python_operator to None, run_after=None
[2026-05-16T14:08:29.071+0000] {processor.py:183} INFO - Processing /home/airflow/.local/lib/python3.12/site-packages/airflow/example_dags/example_python_operator.py took 0.030 seconds
[2026-05-16T14:08:59.477+0000] {processor.py:161} INFO - Started process (PID=24224) to work on /home/airflow/.local/lib/python3.12/site-packages/airflow/example_dags/example_python_operator.py
[2026-05-16T14:08:59.478+0000] {processor.py:830} INFO - Processing file /home/airflow/.local/lib/python3.12/site-packages/airflow/example_dags/example_python_operator.py for tasks to queue
[2026-05-16T14:08:59.478+0000] {logging_mixin.py:188} INFO - [2026-05-16T14:08:59.478+0000] {dagbag.py:545} INFO - Filling up the DagBag from /home/airflow/.local/lib/python3.12/site-packages/airflow/example_dags/example_python_operator.py
[2026-05-16T14:08:59.485+0000] {processor.py:840} INFO - DAG(s) 'example_python_operator' retrieved from /home/airflow/.local/lib/python3.12/site-packages/airflow/example_dags/example_python_operator.py
[2026-05-16T14:08:59.495+0000] {logging_mixin.py:188} INFO - [2026-05-16T14:08:59.495+0000] {dag.py:3089} INFO - Sync 1 DAGs
[2026-05-16T14:08:59.500+0000] {logging_mixin.py:188} INFO - [2026-05-16T14:08:59.500+0000] {dag.py:3947} INFO - Setting next_dagrun for example_python_operator to None, run_after=None
[2026-05-16T14:08:59.506+0000] {processor.py:183} INFO - Processing /home/airflow/.local/lib/python3.12/site-packages/airflow/example_dags/example_python_operator.py took 0.032 seconds
[2026-05-16T14:09:30.015+0000] {processor.py:161} INFO - Started process (PID=24286) to work on /home/airflow/.local/lib/python3.12/site-packages/airflow/example_dags/example_python_operator.py
[2026-05-16T14:09:30.016+0000] {processor.py:830} INFO - Processing file /home/airflow/.local/lib/python3.12/site-packages/airflow/example_dags/example_python_operator.py for tasks to queue
[2026-05-16T14:09:30.016+0000] {logging_mixin.py:188} INFO - [2026-05-16T14:09:30.016+0000] {dagbag.py:545} INFO - Filling up the DagBag from /home/airflow/.local/lib/python3.12/site-packages/airflow/example_dags/example_python_operator.py
[2026-05-16T14:09:30.020+0000] {processor.py:840} INFO - DAG(s) 'example_python_operator' retrieved from /home/airflow/.local/lib/python3.12/site-packages/airflow/example_dags/example_python_operator.py
[2026-05-16T14:09:30.029+0000] {logging_mixin.py:188} INFO - [2026-05-16T14:09:30.029+0000] {dag.py:3089} INFO - Sync 1 DAGs
[2026-05-16T14:09:30.035+0000] {logging_mixin.py:188} INFO - [2026-05-16T14:09:30.035+0000] {dag.py:3947} INFO - Setting next_dagrun for example_python_operator to None, run_after=None
[2026-05-16T14:09:30.043+0000] {processor.py:183} INFO - Processing /home/airflow/.local/lib/python3.12/site-packages/airflow/example_dags/example_python_operator.py took 0.030 seconds
[2026-05-16T14:10:00.644+0000] {processor.py:161} INFO - Started process (PID=24348) to work on /home/airflow/.local/lib/python3.12/site-packages/airflow/example_dags/example_python_operator.py
[2026-05-16T14:10:00.645+0000] {processor.py:830} INFO - Processing file /home/airflow/.local/lib/python3.12/site-packages/airflow/example_dags/example_python_operator.py for tasks to queue
[2026-05-16T14:10:00.645+0000] {logging_mixin.py:188} INFO - [2026-05-16T14:10:00.645+0000] {dagbag.py:545} INFO - Filling up the DagBag from /home/airflow/.local/lib/python3.12/site-packages/airflow/example_dags/example_python_operator.py
[2026-05-16T14:10:00.649+0000] {processor.py:840} INFO - DAG(s) 'example_python_operator' retrieved from /home/airflow/.local/lib/python3.12/site-packages/airflow/example_dags/example_python_operator.py
[2026-05-16T14:10:00.658+0000] {logging_mixin.py:188} INFO - [2026-05-16T14:10:00.657+0000] {dag.py:3089} INFO - Sync 1 DAGs
[2026-05-16T14:10:00.662+0000] {logging_mixin.py:188} INFO - [2026-05-16T14:10:00.662+0000] {dag.py:3947} INFO - Setting next_dagrun for example_python_operator to None, run_after=None
[2026-05-16T14:10:00.667+0000] {processor.py:183} INFO - Processing /home/airflow/.local/lib/python3.12/site-packages/airflow/example_dags/example_python_operator.py took 0.025 seconds
[2026-05-16T14:10:31.080+0000] {processor.py:161} INFO - Started process (PID=24410) to work on /home/airflow/.local/lib/python3.12/site-packages/airflow/example_dags/example_python_operator.py
[2026-05-16T14:10:31.080+0000] {processor.py:830} INFO - Processing file /home/airflow/.local/lib/python3.12/site-packages/airflow/example_dags/example_python_operator.py for tasks to queue
[2026-05-16T14:10:31.080+0000] {logging_mixin.py:188} INFO - [2026-05-16T14:10:31.080+0000] {dagbag.py:545} INFO - Filling up the DagBag from /home/airflow/.local/lib/python3.12/site-packages/airflow/example_dags/example_python_operator.py
[2026-05-16T14:10:31.085+0000] {processor.py:840} INFO - DAG(s) 'example_python_operator' retrieved from /home/airflow/.local/lib/python3.12/site-packages/airflow/example_dags/example_python_operator.py
[2026-05-16T14:10:31.096+0000] {logging_mixin.py:188} INFO - [2026-05-16T14:10:31.096+0000] {dag.py:3089} INFO - Sync 1 DAGs
[2026-05-16T14:10:31.100+0000] {logging_mixin.py:188} INFO - [2026-05-16T14:10:31.100+0000] {dag.py:3947} INFO - Setting next_dagrun for example_python_operator to None, run_after=None
[2026-05-16T14:10:31.105+0000] {processor.py:183} INFO - Processing /home/airflow/.local/lib/python3.12/site-packages/airflow/example_dags/example_python_operator.py took 0.027 seconds
[2026-05-16T14:11:01.533+0000] {processor.py:161} INFO - Started process (PID=24472) to work on /home/airflow/.local/lib/python3.12/site-packages/airflow/example_dags/example_python_operator.py
[2026-05-16T14:11:01.534+0000] {processor.py:830} INFO - Processing file /home/airflow/.local/lib/python3.12/site-packages/airflow/example_dags/example_python_operator.py for tasks to queue
[2026-05-16T14:11:01.534+0000] {logging_mixin.py:188} INFO - [2026-05-16T14:11:01.534+0000] {dagbag.py:545} INFO - Filling up the DagBag from /home/airflow/.local/lib/python3.12/site-packages/airflow/example_dags/example_python_operator.py
[2026-05-16T14:11:01.538+0000] {processor.py:840} INFO - DAG(s) 'example_python_operator' retrieved from /home/airflow/.local/lib/python3.12/site-packages/airflow/example_dags/example_python_operator.py
[2026-05-16T14:11:01.547+0000] {logging_mixin.py:188} INFO - [2026-05-16T14:11:01.547+0000] {dag.py:3089} INFO - Sync 1 DAGs
[2026-05-16T14:11:01.551+0000] {logging_mixin.py:188} INFO - [2026-05-16T14:11:01.551+0000] {dag.py:3947} INFO - Setting next_dagrun for example_python_operator to None, run_after=None
[2026-05-16T14:11:01.556+0000] {processor.py:183} INFO - Processing /home/airflow/.local/lib/python3.12/site-packages/airflow/example_dags/example_python_operator.py took 0.025 seconds
[2026-05-16T14:11:31.933+0000] {processor.py:161} INFO - Started process (PID=24534) to work on /home/airflow/.local/lib/python3.12/site-packages/airflow/example_dags/example_python_operator.py
[2026-05-16T14:11:31.933+0000] {processor.py:830} INFO - Processing file /home/airflow/.local/lib/python3.12/site-packages/airflow/example_dags/example_python_operator.py for tasks to queue
[2026-05-16T14:11:31.934+0000] {logging_mixin.py:188} INFO - [2026-05-16T14:11:31.934+0000] {dagbag.py:545} INFO - Filling up the DagBag from /home/airflow/.local/lib/python3.12/site-packages/airflow/example_dags/example_python_operator.py
[2026-05-16T14:11:31.938+0000] {processor.py:840} INFO - DAG(s) 'example_python_operator' retrieved from /home/airflow/.local/lib/python3.12/site-packages/airflow/example_dags/example_python_operator.py
[2026-05-16T14:11:31.950+0000] {logging_mixin.py:188} INFO - [2026-05-16T14:11:31.950+0000] {dag.py:3089} INFO - Sync 1 DAGs
[2026-05-16T14:11:31.956+0000] {logging_mixin.py:188} INFO - [2026-05-16T14:11:31.956+0000] {dag.py:3947} INFO - Setting next_dagrun for example_python_operator to None, run_after=None
[2026-05-16T14:11:31.962+0000] {processor.py:183} INFO - Processing /home/airflow/.local/lib/python3.12/site-packages/airflow/example_dags/example_python_operator.py took 0.031 seconds
[2026-05-16T14:12:02.369+0000] {processor.py:161} INFO - Started process (PID=24596) to work on /home/airflow/.local/lib/python3.12/site-packages/airflow/example_dags/example_python_operator.py
[2026-05-16T14:12:02.369+0000] {processor.py:830} INFO - Processing file /home/airflow/.local/lib/python3.12/site-packages/airflow/example_dags/example_python_operator.py for tasks to queue
[2026-05-16T14:12:02.369+0000] {logging_mixin.py:188} INFO - [2026-05-16T14:12:02.369+0000] {dagbag.py:545} INFO - Filling up the DagBag from /home/airflow/.local/lib/python3.12/site-packages/airflow/example_dags/example_python_operator.py
[2026-05-16T14:12:02.373+0000] {processor.py:840} INFO - DAG(s) 'example_python_operator' retrieved from /home/airflow/.local/lib/python3.12/site-packages/airflow/example_dags/example_python_operator.py
[2026-05-16T14:12:02.382+0000] {logging_mixin.py:188} INFO - [2026-05-16T14:12:02.382+0000] {dag.py:3089} INFO - Sync 1 DAGs
[2026-05-16T14:12:02.386+0000] {logging_mixin.py:188} INFO - [2026-05-16T14:12:02.386+0000] {dag.py:3947} INFO - Setting next_dagrun for example_python_operator to None, run_after=None
[2026-05-16T14:12:02.391+0000] {processor.py:183} INFO - Processing /home/airflow/.local/lib/python3.12/site-packages/airflow/example_dags/example_python_operator.py took 0.025 seconds
[2026-05-16T14:12:32.872+0000] {processor.py:161} INFO - Started process (PID=24658) to work on /home/airflow/.local/lib/python3.12/site-packages/airflow/example_dags/example_python_operator.py
[2026-05-16T14:12:32.872+0000] {processor.py:830} INFO - Processing file /home/airflow/.local/lib/python3.12/site-packages/airflow/example_dags/example_python_operator.py for tasks to queue
[2026-05-16T14:12:32.872+0000] {logging_mixin.py:188} INFO - [2026-05-16T14:12:32.872+0000] {dagbag.py:545} INFO - Filling up the DagBag from /home/airflow/.local/lib/python3.12/site-packages/airflow/example_dags/example_python_operator.py
[2026-05-16T14:12:32.877+0000] {processor.py:840} INFO - DAG(s) 'example_python_operator' retrieved from /home/airflow/.local/lib/python3.12/site-packages/airflow/example_dags/example_python_operator.py
[2026-05-16T14:12:32.884+0000] {logging_mixin.py:188} INFO - [2026-05-16T14:12:32.884+0000] {dag.py:3089} INFO - Sync 1 DAGs
[2026-05-16T14:12:32.889+0000] {logging_mixin.py:188} INFO - [2026-05-16T14:12:32.889+0000] {dag.py:3947} INFO - Setting next_dagrun for example_python_operator to None, run_after=None
[2026-05-16T14:12:32.894+0000] {processor.py:183} INFO - Processing /home/airflow/.local/lib/python3.12/site-packages/airflow/example_dags/example_python_operator.py took 0.025 seconds
[2026-05-16T14:13:03.296+0000] {processor.py:161} INFO - Started process (PID=24720) to work on /home/airflow/.local/lib/python3.12/site-packages/airflow/example_dags/example_python_operator.py
[2026-05-16T14:13:03.297+0000] {processor.py:830} INFO - Processing file /home/airflow/.local/lib/python3.12/site-packages/airflow/example_dags/example_python_operator.py for tasks to queue
[2026-05-16T14:13:03.297+0000] {logging_mixin.py:188} INFO - [2026-05-16T14:13:03.297+0000] {dagbag.py:545} INFO - Filling up the DagBag from /home/airflow/.local/lib/python3.12/site-packages/airflow/example_dags/example_python_operator.py
[2026-05-16T14:13:03.301+0000] {processor.py:840} INFO - DAG(s) 'example_python_operator' retrieved from /home/airflow/.local/lib/python3.12/site-packages/airflow/example_dags/example_python_operator.py
[2026-05-16T14:13:03.310+0000] {logging_mixin.py:188} INFO - [2026-05-16T14:13:03.310+0000] {dag.py:3089} INFO - Sync 1 DAGs
[2026-05-16T14:13:03.315+0000] {logging_mixin.py:188} INFO - [2026-05-16T14:13:03.315+0000] {dag.py:3947} INFO - Setting next_dagrun for example_python_operator to None, run_after=None
[2026-05-16T14:13:03.319+0000] {processor.py:183} INFO - Processing /home/airflow/.local/lib/python3.12/site-packages/airflow/example_dags/example_python_operator.py took 0.026 seconds
[2026-05-16T14:13:33.869+0000] {processor.py:161} INFO - Started process (PID=24781) to work on /home/airflow/.local/lib/python3.12/site-packages/airflow/example_dags/example_python_operator.py
[2026-05-16T14:13:33.870+0000] {processor.py:830} INFO - Processing file /home/airflow/.local/lib/python3.12/site-packages/airflow/example_dags/example_python_operator.py for tasks to queue
[2026-05-16T14:13:33.870+0000] {logging_mixin.py:188} INFO - [2026-05-16T14:13:33.870+0000] {dagbag.py:545} INFO - Filling up the DagBag from /home/airflow/.local/lib/python3.12/site-packages/airflow/example_dags/example_python_operator.py
[2026-05-16T14:13:33.875+0000] {processor.py:840} INFO - DAG(s) 'example_python_operator' retrieved from /home/airflow/.local/lib/python3.12/site-packages/airflow/example_dags/example_python_operator.py
[2026-05-16T14:13:33.885+0000] {logging_mixin.py:188} INFO - [2026-05-16T14:13:33.885+0000] {dag.py:3089} INFO - Sync 1 DAGs
[2026-05-16T14:13:33.890+0000] {logging_mixin.py:188} INFO - [2026-05-16T14:13:33.889+0000] {dag.py:3947} INFO - Setting next_dagrun for example_python_operator to None, run_after=None
[2026-05-16T14:13:33.895+0000] {processor.py:183} INFO - Processing /home/airflow/.local/lib/python3.12/site-packages/airflow/example_dags/example_python_operator.py took 0.028 seconds
[2026-05-16T14:14:04.706+0000] {processor.py:161} INFO - Started process (PID=24843) to work on /home/airflow/.local/lib/python3.12/site-packages/airflow/example_dags/example_python_operator.py
[2026-05-16T14:14:04.707+0000] {processor.py:830} INFO - Processing file /home/airflow/.local/lib/python3.12/site-packages/airflow/example_dags/example_python_operator.py for tasks to queue
[2026-05-16T14:14:04.707+0000] {logging_mixin.py:188} INFO - [2026-05-16T14:14:04.707+0000] {dagbag.py:545} INFO - Filling up the DagBag from /home/airflow/.local/lib/python3.12/site-packages/airflow/example_dags/example_python_operator.py
[2026-05-16T14:14:04.711+0000] {processor.py:840} INFO - DAG(s) 'example_python_operator' retrieved from /home/airflow/.local/lib/python3.12/site-packages/airflow/example_dags/example_python_operator.py
[2026-05-16T14:14:04.720+0000] {logging_mixin.py:188} INFO - [2026-05-16T14:14:04.720+0000] {dag.py:3089} INFO - Sync 1 DAGs
[2026-05-16T14:14:04.726+0000] {logging_mixin.py:188} INFO - [2026-05-16T14:14:04.725+0000] {dag.py:3947} INFO - Setting next_dagrun for example_python_operator to None, run_after=None
[2026-05-16T14:14:04.734+0000] {processor.py:183} INFO - Processing /home/airflow/.local/lib/python3.12/site-packages/airflow/example_dags/example_python_operator.py took 0.030 seconds
[2026-05-16T14:14:35.227+0000] {processor.py:161} INFO - Started process (PID=24905) to work on /home/airflow/.local/lib/python3.12/site-packages/airflow/example_dags/example_python_operator.py
[2026-05-16T14:14:35.228+0000] {processor.py:830} INFO - Processing file /home/airflow/.local/lib/python3.12/site-packages/airflow/example_dags/example_python_operator.py for tasks to queue
[2026-05-16T14:14:35.228+0000] {logging_mixin.py:188} INFO - [2026-05-16T14:14:35.228+0000] {dagbag.py:545} INFO - Filling up the DagBag from /home/airflow/.local/lib/python3.12/site-packages/airflow/example_dags/example_python_operator.py
[2026-05-16T14:14:35.233+0000] {processor.py:840} INFO - DAG(s) 'example_python_operator' retrieved from /home/airflow/.local/lib/python3.12/site-packages/airflow/example_dags/example_python_operator.py
[2026-05-16T14:14:35.240+0000] {logging_mixin.py:188} INFO - [2026-05-16T14:14:35.240+0000] {dag.py:3089} INFO - Sync 1 DAGs
[2026-05-16T14:14:35.245+0000] {logging_mixin.py:188} INFO - [2026-05-16T14:14:35.244+0000] {dag.py:3947} INFO - Setting next_dagrun for example_python_operator to None, run_after=None
[2026-05-16T14:14:35.249+0000] {processor.py:183} INFO - Processing /home/airflow/.local/lib/python3.12/site-packages/airflow/example_dags/example_python_operator.py took 0.025 seconds
[2026-05-16T14:15:05.684+0000] {processor.py:161} INFO - Started process (PID=24967) to work on /home/airflow/.local/lib/python3.12/site-packages/airflow/example_dags/example_python_operator.py
[2026-05-16T14:15:05.685+0000] {processor.py:830} INFO - Processing file /home/airflow/.local/lib/python3.12/site-packages/airflow/example_dags/example_python_operator.py for tasks to queue
[2026-05-16T14:15:05.686+0000] {logging_mixin.py:188} INFO - [2026-05-16T14:15:05.686+0000] {dagbag.py:545} INFO - Filling up the DagBag from /home/airflow/.local/lib/python3.12/site-packages/airflow/example_dags/example_python_operator.py
[2026-05-16T14:15:05.690+0000] {processor.py:840} INFO - DAG(s) 'example_python_operator' retrieved from /home/airflow/.local/lib/python3.12/site-packages/airflow/example_dags/example_python_operator.py
[2026-05-16T14:15:05.697+0000] {logging_mixin.py:188} INFO - [2026-05-16T14:15:05.697+0000] {dag.py:3089} INFO - Sync 1 DAGs
[2026-05-16T14:15:05.701+0000] {logging_mixin.py:188} INFO - [2026-05-16T14:15:05.701+0000] {dag.py:3947} INFO - Setting next_dagrun for example_python_operator to None, run_after=None
[2026-05-16T14:15:05.706+0000] {processor.py:183} INFO - Processing /home/airflow/.local/lib/python3.12/site-packages/airflow/example_dags/example_python_operator.py took 0.024 seconds
[2026-05-16T14:15:36.696+0000] {processor.py:161} INFO - Started process (PID=25029) to work on /home/airflow/.local/lib/python3.12/site-packages/airflow/example_dags/example_python_operator.py
[2026-05-16T14:15:36.697+0000] {processor.py:830} INFO - Processing file /home/airflow/.local/lib/python3.12/site-packages/airflow/example_dags/example_python_operator.py for tasks to queue
[2026-05-16T14:15:36.697+0000] {logging_mixin.py:188} INFO - [2026-05-16T14:15:36.697+0000] {dagbag.py:545} INFO - Filling up the DagBag from /home/airflow/.local/lib/python3.12/site-packages/airflow/example_dags/example_python_operator.py
[2026-05-16T14:15:36.703+0000] {processor.py:840} INFO - DAG(s) 'example_python_operator' retrieved from /home/airflow/.local/lib/python3.12/site-packages/airflow/example_dags/example_python_operator.py
[2026-05-16T14:15:36.712+0000] {logging_mixin.py:188} INFO - [2026-05-16T14:15:36.712+0000] {dag.py:3089} INFO - Sync 1 DAGs
[2026-05-16T14:15:36.717+0000] {logging_mixin.py:188} INFO - [2026-05-16T14:15:36.717+0000] {dag.py:3947} INFO - Setting next_dagrun for example_python_operator to None, run_after=None
[2026-05-16T14:15:36.723+0000] {processor.py:183} INFO - Processing /home/airflow/.local/lib/python3.12/site-packages/airflow/example_dags/example_python_operator.py took 0.029 seconds
[2026-05-16T14:27:55.983+0000] {processor.py:161} INFO - Started process (PID=25085) to work on /home/airflow/.local/lib/python3.12/site-packages/airflow/example_dags/example_python_operator.py
[2026-05-16T14:27:55.983+0000] {processor.py:830} INFO - Processing file /home/airflow/.local/lib/python3.12/site-packages/airflow/example_dags/example_python_operator.py for tasks to queue
[2026-05-16T14:27:55.984+0000] {logging_mixin.py:188} INFO - [2026-05-16T14:27:55.984+0000] {dagbag.py:545} INFO - Filling up the DagBag from /home/airflow/.local/lib/python3.12/site-packages/airflow/example_dags/example_python_operator.py
[2026-05-16T14:27:55.989+0000] {processor.py:840} INFO - DAG(s) 'example_python_operator' retrieved from /home/airflow/.local/lib/python3.12/site-packages/airflow/example_dags/example_python_operator.py
[2026-05-16T14:27:55.998+0000] {logging_mixin.py:188} INFO - [2026-05-16T14:27:55.998+0000] {dag.py:3089} INFO - Sync 1 DAGs
[2026-05-16T14:27:56.003+0000] {logging_mixin.py:188} INFO - [2026-05-16T14:27:56.003+0000] {dag.py:3947} INFO - Setting next_dagrun for example_python_operator to None, run_after=None
[2026-05-16T14:27:56.082+0000] {processor.py:183} INFO - Processing /home/airflow/.local/lib/python3.12/site-packages/airflow/example_dags/example_python_operator.py took 0.102 seconds
[2026-05-16T14:28:26.303+0000] {processor.py:161} INFO - Started process (PID=25146) to work on /home/airflow/.local/lib/python3.12/site-packages/airflow/example_dags/example_python_operator.py
[2026-05-16T14:28:26.304+0000] {processor.py:830} INFO - Processing file /home/airflow/.local/lib/python3.12/site-packages/airflow/example_dags/example_python_operator.py for tasks to queue
[2026-05-16T14:28:26.304+0000] {logging_mixin.py:188} INFO - [2026-05-16T14:28:26.304+0000] {dagbag.py:545} INFO - Filling up the DagBag from /home/airflow/.local/lib/python3.12/site-packages/airflow/example_dags/example_python_operator.py
[2026-05-16T14:28:26.308+0000] {processor.py:840} INFO - DAG(s) 'example_python_operator' retrieved from /home/airflow/.local/lib/python3.12/site-packages/airflow/example_dags/example_python_operator.py
[2026-05-16T14:28:26.317+0000] {logging_mixin.py:188} INFO - [2026-05-16T14:28:26.317+0000] {dag.py:3089} INFO - Sync 1 DAGs
[2026-05-16T14:28:26.322+0000] {logging_mixin.py:188} INFO - [2026-05-16T14:28:26.322+0000] {dag.py:3947} INFO - Setting next_dagrun for example_python_operator to None, run_after=None
[2026-05-16T14:28:26.398+0000] {processor.py:183} INFO - Processing /home/airflow/.local/lib/python3.12/site-packages/airflow/example_dags/example_python_operator.py took 0.099 seconds
[2026-05-16T14:28:56.697+0000] {processor.py:161} INFO - Started process (PID=25208) to work on /home/airflow/.local/lib/python3.12/site-packages/airflow/example_dags/example_python_operator.py
[2026-05-16T14:28:56.698+0000] {processor.py:830} INFO - Processing file /home/airflow/.local/lib/python3.12/site-packages/airflow/example_dags/example_python_operator.py for tasks to queue
[2026-05-16T14:28:56.698+0000] {logging_mixin.py:188} INFO - [2026-05-16T14:28:56.698+0000] {dagbag.py:545} INFO - Filling up the DagBag from /home/airflow/.local/lib/python3.12/site-packages/airflow/example_dags/example_python_operator.py
[2026-05-16T14:28:56.702+0000] {processor.py:840} INFO - DAG(s) 'example_python_operator' retrieved from /home/airflow/.local/lib/python3.12/site-packages/airflow/example_dags/example_python_operator.py
[2026-05-16T14:28:56.710+0000] {logging_mixin.py:188} INFO - [2026-05-16T14:28:56.710+0000] {dag.py:3089} INFO - Sync 1 DAGs
[2026-05-16T14:28:56.715+0000] {logging_mixin.py:188} INFO - [2026-05-16T14:28:56.715+0000] {dag.py:3947} INFO - Setting next_dagrun for example_python_operator to None, run_after=None
[2026-05-16T14:28:56.788+0000] {processor.py:183} INFO - Processing /home/airflow/.local/lib/python3.12/site-packages/airflow/example_dags/example_python_operator.py took 0.093 seconds
[2026-05-16T14:29:27.170+0000] {processor.py:161} INFO - Started process (PID=25270) to work on /home/airflow/.local/lib/python3.12/site-packages/airflow/example_dags/example_python_operator.py
[2026-05-16T14:29:27.170+0000] {processor.py:830} INFO - Processing file /home/airflow/.local/lib/python3.12/site-packages/airflow/example_dags/example_python_operator.py for tasks to queue
[2026-05-16T14:29:27.171+0000] {logging_mixin.py:188} INFO - [2026-05-16T14:29:27.170+0000] {dagbag.py:545} INFO - Filling up the DagBag from /home/airflow/.local/lib/python3.12/site-packages/airflow/example_dags/example_python_operator.py
[2026-05-16T14:29:27.175+0000] {processor.py:840} INFO - DAG(s) 'example_python_operator' retrieved from /home/airflow/.local/lib/python3.12/site-packages/airflow/example_dags/example_python_operator.py
[2026-05-16T14:29:27.184+0000] {logging_mixin.py:188} INFO - [2026-05-16T14:29:27.184+0000] {dag.py:3089} INFO - Sync 1 DAGs
[2026-05-16T14:29:27.189+0000] {logging_mixin.py:188} INFO - [2026-05-16T14:29:27.189+0000] {dag.py:3947} INFO - Setting next_dagrun for example_python_operator to None, run_after=None
[2026-05-16T14:29:27.279+0000] {processor.py:183} INFO - Processing /home/airflow/.local/lib/python3.12/site-packages/airflow/example_dags/example_python_operator.py took 0.111 seconds
[2026-05-16T14:29:57.364+0000] {processor.py:161} INFO - Started process (PID=25332) to work on /home/airflow/.local/lib/python3.12/site-packages/airflow/example_dags/example_python_operator.py
[2026-05-16T14:29:57.364+0000] {processor.py:830} INFO - Processing file /home/airflow/.local/lib/python3.12/site-packages/airflow/example_dags/example_python_operator.py for tasks to queue
[2026-05-16T14:29:57.364+0000] {logging_mixin.py:188} INFO - [2026-05-16T14:29:57.364+0000] {dagbag.py:545} INFO - Filling up the DagBag from /home/airflow/.local/lib/python3.12/site-packages/airflow/example_dags/example_python_operator.py
[2026-05-16T14:29:57.370+0000] {processor.py:840} INFO - DAG(s) 'example_python_operator' retrieved from /home/airflow/.local/lib/python3.12/site-packages/airflow/example_dags/example_python_operator.py
[2026-05-16T14:29:57.377+0000] {logging_mixin.py:188} INFO - [2026-05-16T14:29:57.377+0000] {dag.py:3089} INFO - Sync 1 DAGs
[2026-05-16T14:29:57.381+0000] {logging_mixin.py:188} INFO - [2026-05-16T14:29:57.381+0000] {dag.py:3947} INFO - Setting next_dagrun for example_python_operator to None, run_after=None
[2026-05-16T14:29:57.386+0000] {processor.py:183} INFO - Processing /home/airflow/.local/lib/python3.12/site-packages/airflow/example_dags/example_python_operator.py took 0.025 seconds
[2026-05-16T14:30:27.826+0000] {processor.py:161} INFO - Started process (PID=25399) to work on /home/airflow/.local/lib/python3.12/site-packages/airflow/example_dags/example_python_operator.py
[2026-05-16T14:30:27.827+0000] {processor.py:830} INFO - Processing file /home/airflow/.local/lib/python3.12/site-packages/airflow/example_dags/example_python_operator.py for tasks to queue
[2026-05-16T14:30:27.827+0000] {logging_mixin.py:188} INFO - [2026-05-16T14:30:27.827+0000] {dagbag.py:545} INFO - Filling up the DagBag from /home/airflow/.local/lib/python3.12/site-packages/airflow/example_dags/example_python_operator.py
[2026-05-16T14:30:27.831+0000] {processor.py:840} INFO - DAG(s) 'example_python_operator' retrieved from /home/airflow/.local/lib/python3.12/site-packages/airflow/example_dags/example_python_operator.py
[2026-05-16T14:30:27.838+0000] {logging_mixin.py:188} INFO - [2026-05-16T14:30:27.838+0000] {dag.py:3089} INFO - Sync 1 DAGs
[2026-05-16T14:30:27.842+0000] {logging_mixin.py:188} INFO - [2026-05-16T14:30:27.842+0000] {dag.py:3947} INFO - Setting next_dagrun for example_python_operator to None, run_after=None
[2026-05-16T14:30:27.847+0000] {processor.py:183} INFO - Processing /home/airflow/.local/lib/python3.12/site-packages/airflow/example_dags/example_python_operator.py took 0.023 seconds
[2026-05-16T14:30:58.287+0000] {processor.py:161} INFO - Started process (PID=25461) to work on /home/airflow/.local/lib/python3.12/site-packages/airflow/example_dags/example_python_operator.py
[2026-05-16T14:30:58.287+0000] {processor.py:830} INFO - Processing file /home/airflow/.local/lib/python3.12/site-packages/airflow/example_dags/example_python_operator.py for tasks to queue
[2026-05-16T14:30:58.288+0000] {logging_mixin.py:188} INFO - [2026-05-16T14:30:58.287+0000] {dagbag.py:545} INFO - Filling up the DagBag from /home/airflow/.local/lib/python3.12/site-packages/airflow/example_dags/example_python_operator.py
[2026-05-16T14:30:58.292+0000] {processor.py:840} INFO - DAG(s) 'example_python_operator' retrieved from /home/airflow/.local/lib/python3.12/site-packages/airflow/example_dags/example_python_operator.py
[2026-05-16T14:30:58.304+0000] {logging_mixin.py:188} INFO - [2026-05-16T14:30:58.304+0000] {dag.py:3089} INFO - Sync 1 DAGs
[2026-05-16T14:30:58.311+0000] {logging_mixin.py:188} INFO - [2026-05-16T14:30:58.311+0000] {dag.py:3947} INFO - Setting next_dagrun for example_python_operator to None, run_after=None
[2026-05-16T14:30:58.317+0000] {processor.py:183} INFO - Processing /home/airflow/.local/lib/python3.12/site-packages/airflow/example_dags/example_python_operator.py took 0.032 seconds
[2026-05-16T14:31:28.744+0000] {processor.py:161} INFO - Started process (PID=25522) to work on /home/airflow/.local/lib/python3.12/site-packages/airflow/example_dags/example_python_operator.py
[2026-05-16T14:31:28.745+0000] {processor.py:830} INFO - Processing file /home/airflow/.local/lib/python3.12/site-packages/airflow/example_dags/example_python_operator.py for tasks to queue
[2026-05-16T14:31:28.745+0000] {logging_mixin.py:188} INFO - [2026-05-16T14:31:28.745+0000] {dagbag.py:545} INFO - Filling up the DagBag from /home/airflow/.local/lib/python3.12/site-packages/airflow/example_dags/example_python_operator.py
[2026-05-16T14:31:28.749+0000] {processor.py:840} INFO - DAG(s) 'example_python_operator' retrieved from /home/airflow/.local/lib/python3.12/site-packages/airflow/example_dags/example_python_operator.py
[2026-05-16T14:31:28.759+0000] {logging_mixin.py:188} INFO - [2026-05-16T14:31:28.759+0000] {dag.py:3089} INFO - Sync 1 DAGs
[2026-05-16T14:31:28.764+0000] {logging_mixin.py:188} INFO - [2026-05-16T14:31:28.764+0000] {dag.py:3947} INFO - Setting next_dagrun for example_python_operator to None, run_after=None
[2026-05-16T14:31:28.769+0000] {processor.py:183} INFO - Processing /home/airflow/.local/lib/python3.12/site-packages/airflow/example_dags/example_python_operator.py took 0.027 seconds
[2026-05-16T14:31:59.124+0000] {processor.py:161} INFO - Started process (PID=25584) to work on /home/airflow/.local/lib/python3.12/site-packages/airflow/example_dags/example_python_operator.py
[2026-05-16T14:31:59.125+0000] {processor.py:830} INFO - Processing file /home/airflow/.local/lib/python3.12/site-packages/airflow/example_dags/example_python_operator.py for tasks to queue
[2026-05-16T14:31:59.125+0000] {logging_mixin.py:188} INFO - [2026-05-16T14:31:59.125+0000] {dagbag.py:545} INFO - Filling up the DagBag from /home/airflow/.local/lib/python3.12/site-packages/airflow/example_dags/example_python_operator.py
[2026-05-16T14:31:59.129+0000] {processor.py:840} INFO - DAG(s) 'example_python_operator' retrieved from /home/airflow/.local/lib/python3.12/site-packages/airflow/example_dags/example_python_operator.py
[2026-05-16T14:31:59.138+0000] {logging_mixin.py:188} INFO - [2026-05-16T14:31:59.138+0000] {dag.py:3089} INFO - Sync 1 DAGs
[2026-05-16T14:31:59.142+0000] {logging_mixin.py:188} INFO - [2026-05-16T14:31:59.142+0000] {dag.py:3947} INFO - Setting next_dagrun for example_python_operator to None, run_after=None
[2026-05-16T14:31:59.148+0000] {processor.py:183} INFO - Processing /home/airflow/.local/lib/python3.12/site-packages/airflow/example_dags/example_python_operator.py took 0.026 seconds
[2026-05-16T14:32:29.537+0000] {processor.py:161} INFO - Started process (PID=25646) to work on /home/airflow/.local/lib/python3.12/site-packages/airflow/example_dags/example_python_operator.py
[2026-05-16T14:32:29.537+0000] {processor.py:830} INFO - Processing file /home/airflow/.local/lib/python3.12/site-packages/airflow/example_dags/example_python_operator.py for tasks to queue
[2026-05-16T14:32:29.537+0000] {logging_mixin.py:188} INFO - [2026-05-16T14:32:29.537+0000] {dagbag.py:545} INFO - Filling up the DagBag from /home/airflow/.local/lib/python3.12/site-packages/airflow/example_dags/example_python_operator.py
[2026-05-16T14:32:29.542+0000] {processor.py:840} INFO - DAG(s) 'example_python_operator' retrieved from /home/airflow/.local/lib/python3.12/site-packages/airflow/example_dags/example_python_operator.py
[2026-05-16T14:32:29.551+0000] {logging_mixin.py:188} INFO - [2026-05-16T14:32:29.551+0000] {dag.py:3089} INFO - Sync 1 DAGs
[2026-05-16T14:32:29.556+0000] {logging_mixin.py:188} INFO - [2026-05-16T14:32:29.556+0000] {dag.py:3947} INFO - Setting next_dagrun for example_python_operator to None, run_after=None
[2026-05-16T14:32:29.561+0000] {processor.py:183} INFO - Processing /home/airflow/.local/lib/python3.12/site-packages/airflow/example_dags/example_python_operator.py took 0.026 seconds
[2026-05-16T14:32:59.955+0000] {processor.py:161} INFO - Started process (PID=25708) to work on /home/airflow/.local/lib/python3.12/site-packages/airflow/example_dags/example_python_operator.py
[2026-05-16T14:32:59.955+0000] {processor.py:830} INFO - Processing file /home/airflow/.local/lib/python3.12/site-packages/airflow/example_dags/example_python_operator.py for tasks to queue
[2026-05-16T14:32:59.956+0000] {logging_mixin.py:188} INFO - [2026-05-16T14:32:59.955+0000] {dagbag.py:545} INFO - Filling up the DagBag from /home/airflow/.local/lib/python3.12/site-packages/airflow/example_dags/example_python_operator.py
[2026-05-16T14:32:59.960+0000] {processor.py:840} INFO - DAG(s) 'example_python_operator' retrieved from /home/airflow/.local/lib/python3.12/site-packages/airflow/example_dags/example_python_operator.py
[2026-05-16T14:32:59.969+0000] {logging_mixin.py:188} INFO - [2026-05-16T14:32:59.969+0000] {dag.py:3089} INFO - Sync 1 DAGs
[2026-05-16T14:32:59.974+0000] {logging_mixin.py:188} INFO - [2026-05-16T14:32:59.974+0000] {dag.py:3947} INFO - Setting next_dagrun for example_python_operator to None, run_after=None
[2026-05-16T14:32:59.978+0000] {processor.py:183} INFO - Processing /home/airflow/.local/lib/python3.12/site-packages/airflow/example_dags/example_python_operator.py took 0.026 seconds
[2026-05-16T14:33:30.381+0000] {processor.py:161} INFO - Started process (PID=25770) to work on /home/airflow/.local/lib/python3.12/site-packages/airflow/example_dags/example_python_operator.py
[2026-05-16T14:33:30.381+0000] {processor.py:830} INFO - Processing file /home/airflow/.local/lib/python3.12/site-packages/airflow/example_dags/example_python_operator.py for tasks to queue
[2026-05-16T14:33:30.382+0000] {logging_mixin.py:188} INFO - [2026-05-16T14:33:30.382+0000] {dagbag.py:545} INFO - Filling up the DagBag from /home/airflow/.local/lib/python3.12/site-packages/airflow/example_dags/example_python_operator.py
[2026-05-16T14:33:30.388+0000] {processor.py:840} INFO - DAG(s) 'example_python_operator' retrieved from /home/airflow/.local/lib/python3.12/site-packages/airflow/example_dags/example_python_operator.py
[2026-05-16T14:33:30.396+0000] {logging_mixin.py:188} INFO - [2026-05-16T14:33:30.396+0000] {dag.py:3089} INFO - Sync 1 DAGs
[2026-05-16T14:33:30.400+0000] {logging_mixin.py:188} INFO - [2026-05-16T14:33:30.400+0000] {dag.py:3947} INFO - Setting next_dagrun for example_python_operator to None, run_after=None
[2026-05-16T14:33:30.405+0000] {processor.py:183} INFO - Processing /home/airflow/.local/lib/python3.12/site-packages/airflow/example_dags/example_python_operator.py took 0.027 seconds
[2026-05-16T14:34:00.824+0000] {processor.py:161} INFO - Started process (PID=25832) to work on /home/airflow/.local/lib/python3.12/site-packages/airflow/example_dags/example_python_operator.py
[2026-05-16T14:34:00.824+0000] {processor.py:830} INFO - Processing file /home/airflow/.local/lib/python3.12/site-packages/airflow/example_dags/example_python_operator.py for tasks to queue
[2026-05-16T14:34:00.825+0000] {logging_mixin.py:188} INFO - [2026-05-16T14:34:00.825+0000] {dagbag.py:545} INFO - Filling up the DagBag from /home/airflow/.local/lib/python3.12/site-packages/airflow/example_dags/example_python_operator.py
[2026-05-16T14:34:00.829+0000] {processor.py:840} INFO - DAG(s) 'example_python_operator' retrieved from /home/airflow/.local/lib/python3.12/site-packages/airflow/example_dags/example_python_operator.py
[2026-05-16T14:34:00.837+0000] {logging_mixin.py:188} INFO - [2026-05-16T14:34:00.837+0000] {dag.py:3089} INFO - Sync 1 DAGs
[2026-05-16T14:34:00.841+0000] {logging_mixin.py:188} INFO - [2026-05-16T14:34:00.841+0000] {dag.py:3947} INFO - Setting next_dagrun for example_python_operator to None, run_after=None
[2026-05-16T14:34:00.846+0000] {processor.py:183} INFO - Processing /home/airflow/.local/lib/python3.12/site-packages/airflow/example_dags/example_python_operator.py took 0.025 seconds
[2026-05-16T14:34:31.373+0000] {processor.py:161} INFO - Started process (PID=25894) to work on /home/airflow/.local/lib/python3.12/site-packages/airflow/example_dags/example_python_operator.py
[2026-05-16T14:34:31.374+0000] {processor.py:830} INFO - Processing file /home/airflow/.local/lib/python3.12/site-packages/airflow/example_dags/example_python_operator.py for tasks to queue
[2026-05-16T14:34:31.374+0000] {logging_mixin.py:188} INFO - [2026-05-16T14:34:31.374+0000] {dagbag.py:545} INFO - Filling up the DagBag from /home/airflow/.local/lib/python3.12/site-packages/airflow/example_dags/example_python_operator.py
[2026-05-16T14:34:31.378+0000] {processor.py:840} INFO - DAG(s) 'example_python_operator' retrieved from /home/airflow/.local/lib/python3.12/site-packages/airflow/example_dags/example_python_operator.py
[2026-05-16T14:34:31.387+0000] {logging_mixin.py:188} INFO - [2026-05-16T14:34:31.387+0000] {dag.py:3089} INFO - Sync 1 DAGs
[2026-05-16T14:34:31.392+0000] {logging_mixin.py:188} INFO - [2026-05-16T14:34:31.392+0000] {dag.py:3947} INFO - Setting next_dagrun for example_python_operator to None, run_after=None
[2026-05-16T14:34:31.398+0000] {processor.py:183} INFO - Processing /home/airflow/.local/lib/python3.12/site-packages/airflow/example_dags/example_python_operator.py took 0.027 seconds
[2026-05-16T14:35:02.034+0000] {processor.py:161} INFO - Started process (PID=25955) to work on /home/airflow/.local/lib/python3.12/site-packages/airflow/example_dags/example_python_operator.py
[2026-05-16T14:35:02.035+0000] {processor.py:830} INFO - Processing file /home/airflow/.local/lib/python3.12/site-packages/airflow/example_dags/example_python_operator.py for tasks to queue
[2026-05-16T14:35:02.035+0000] {logging_mixin.py:188} INFO - [2026-05-16T14:35:02.035+0000] {dagbag.py:545} INFO - Filling up the DagBag from /home/airflow/.local/lib/python3.12/site-packages/airflow/example_dags/example_python_operator.py
[2026-05-16T14:35:02.040+0000] {processor.py:840} INFO - DAG(s) 'example_python_operator' retrieved from /home/airflow/.local/lib/python3.12/site-packages/airflow/example_dags/example_python_operator.py
[2026-05-16T14:35:02.051+0000] {logging_mixin.py:188} INFO - [2026-05-16T14:35:02.050+0000] {dag.py:3089} INFO - Sync 1 DAGs
[2026-05-16T14:35:02.056+0000] {logging_mixin.py:188} INFO - [2026-05-16T14:35:02.056+0000] {dag.py:3947} INFO - Setting next_dagrun for example_python_operator to None, run_after=None
[2026-05-16T14:35:02.063+0000] {processor.py:183} INFO - Processing /home/airflow/.local/lib/python3.12/site-packages/airflow/example_dags/example_python_operator.py took 0.031 seconds
[2026-05-16T14:35:32.558+0000] {processor.py:161} INFO - Started process (PID=26017) to work on /home/airflow/.local/lib/python3.12/site-packages/airflow/example_dags/example_python_operator.py
[2026-05-16T14:35:32.559+0000] {processor.py:830} INFO - Processing file /home/airflow/.local/lib/python3.12/site-packages/airflow/example_dags/example_python_operator.py for tasks to queue
[2026-05-16T14:35:32.559+0000] {logging_mixin.py:188} INFO - [2026-05-16T14:35:32.559+0000] {dagbag.py:545} INFO - Filling up the DagBag from /home/airflow/.local/lib/python3.12/site-packages/airflow/example_dags/example_python_operator.py
[2026-05-16T14:35:32.564+0000] {processor.py:840} INFO - DAG(s) 'example_python_operator' retrieved from /home/airflow/.local/lib/python3.12/site-packages/airflow/example_dags/example_python_operator.py
[2026-05-16T14:35:32.572+0000] {logging_mixin.py:188} INFO - [2026-05-16T14:35:32.572+0000] {dag.py:3089} INFO - Sync 1 DAGs
[2026-05-16T14:35:32.577+0000] {logging_mixin.py:188} INFO - [2026-05-16T14:35:32.577+0000] {dag.py:3947} INFO - Setting next_dagrun for example_python_operator to None, run_after=None
[2026-05-16T14:35:32.581+0000] {processor.py:183} INFO - Processing /home/airflow/.local/lib/python3.12/site-packages/airflow/example_dags/example_python_operator.py took 0.025 seconds
[2026-05-16T14:36:03.017+0000] {processor.py:161} INFO - Started process (PID=26079) to work on /home/airflow/.local/lib/python3.12/site-packages/airflow/example_dags/example_python_operator.py
[2026-05-16T14:36:03.017+0000] {processor.py:830} INFO - Processing file /home/airflow/.local/lib/python3.12/site-packages/airflow/example_dags/example_python_operator.py for tasks to queue
[2026-05-16T14:36:03.017+0000] {logging_mixin.py:188} INFO - [2026-05-16T14:36:03.017+0000] {dagbag.py:545} INFO - Filling up the DagBag from /home/airflow/.local/lib/python3.12/site-packages/airflow/example_dags/example_python_operator.py
[2026-05-16T14:36:03.022+0000] {processor.py:840} INFO - DAG(s) 'example_python_operator' retrieved from /home/airflow/.local/lib/python3.12/site-packages/airflow/example_dags/example_python_operator.py
[2026-05-16T14:36:03.030+0000] {logging_mixin.py:188} INFO - [2026-05-16T14:36:03.030+0000] {dag.py:3089} INFO - Sync 1 DAGs
[2026-05-16T14:36:03.034+0000] {logging_mixin.py:188} INFO - [2026-05-16T14:36:03.033+0000] {dag.py:3947} INFO - Setting next_dagrun for example_python_operator to None, run_after=None
[2026-05-16T14:36:03.038+0000] {processor.py:183} INFO - Processing /home/airflow/.local/lib/python3.12/site-packages/airflow/example_dags/example_python_operator.py took 0.024 seconds
[2026-05-16T14:36:34.446+0000] {processor.py:161} INFO - Started process (PID=26141) to work on /home/airflow/.local/lib/python3.12/site-packages/airflow/example_dags/example_python_operator.py
[2026-05-16T14:36:34.446+0000] {processor.py:830} INFO - Processing file /home/airflow/.local/lib/python3.12/site-packages/airflow/example_dags/example_python_operator.py for tasks to queue
[2026-05-16T14:36:34.446+0000] {logging_mixin.py:188} INFO - [2026-05-16T14:36:34.446+0000] {dagbag.py:545} INFO - Filling up the DagBag from /home/airflow/.local/lib/python3.12/site-packages/airflow/example_dags/example_python_operator.py
[2026-05-16T14:36:34.451+0000] {processor.py:840} INFO - DAG(s) 'example_python_operator' retrieved from /home/airflow/.local/lib/python3.12/site-packages/airflow/example_dags/example_python_operator.py
[2026-05-16T14:36:34.459+0000] {logging_mixin.py:188} INFO - [2026-05-16T14:36:34.459+0000] {dag.py:3089} INFO - Sync 1 DAGs
[2026-05-16T14:36:34.463+0000] {logging_mixin.py:188} INFO - [2026-05-16T14:36:34.463+0000] {dag.py:3947} INFO - Setting next_dagrun for example_python_operator to None, run_after=None
[2026-05-16T14:36:34.468+0000] {processor.py:183} INFO - Processing /home/airflow/.local/lib/python3.12/site-packages/airflow/example_dags/example_python_operator.py took 0.024 seconds
[2026-05-16T14:37:04.987+0000] {processor.py:161} INFO - Started process (PID=26203) to work on /home/airflow/.local/lib/python3.12/site-packages/airflow/example_dags/example_python_operator.py
[2026-05-16T14:37:04.988+0000] {processor.py:830} INFO - Processing file /home/airflow/.local/lib/python3.12/site-packages/airflow/example_dags/example_python_operator.py for tasks to queue
[2026-05-16T14:37:04.988+0000] {logging_mixin.py:188} INFO - [2026-05-16T14:37:04.988+0000] {dagbag.py:545} INFO - Filling up the DagBag from /home/airflow/.local/lib/python3.12/site-packages/airflow/example_dags/example_python_operator.py
[2026-05-16T14:37:04.993+0000] {processor.py:840} INFO - DAG(s) 'example_python_operator' retrieved from /home/airflow/.local/lib/python3.12/site-packages/airflow/example_dags/example_python_operator.py
[2026-05-16T14:37:05.004+0000] {logging_mixin.py:188} INFO - [2026-05-16T14:37:05.004+0000] {dag.py:3089} INFO - Sync 1 DAGs
[2026-05-16T14:37:05.008+0000] {logging_mixin.py:188} INFO - [2026-05-16T14:37:05.008+0000] {dag.py:3947} INFO - Setting next_dagrun for example_python_operator to None, run_after=None
[2026-05-16T14:37:05.017+0000] {processor.py:183} INFO - Processing /home/airflow/.local/lib/python3.12/site-packages/airflow/example_dags/example_python_operator.py took 0.032 seconds
[2026-05-16T14:37:35.417+0000] {processor.py:161} INFO - Started process (PID=26265) to work on /home/airflow/.local/lib/python3.12/site-packages/airflow/example_dags/example_python_operator.py
[2026-05-16T14:37:35.418+0000] {processor.py:830} INFO - Processing file /home/airflow/.local/lib/python3.12/site-packages/airflow/example_dags/example_python_operator.py for tasks to queue
[2026-05-16T14:37:35.418+0000] {logging_mixin.py:188} INFO - [2026-05-16T14:37:35.418+0000] {dagbag.py:545} INFO - Filling up the DagBag from /home/airflow/.local/lib/python3.12/site-packages/airflow/example_dags/example_python_operator.py
[2026-05-16T14:37:35.423+0000] {processor.py:840} INFO - DAG(s) 'example_python_operator' retrieved from /home/airflow/.local/lib/python3.12/site-packages/airflow/example_dags/example_python_operator.py
[2026-05-16T14:37:35.432+0000] {logging_mixin.py:188} INFO - [2026-05-16T14:37:35.432+0000] {dag.py:3089} INFO - Sync 1 DAGs
[2026-05-16T14:37:35.437+0000] {logging_mixin.py:188} INFO - [2026-05-16T14:37:35.437+0000] {dag.py:3947} INFO - Setting next_dagrun for example_python_operator to None, run_after=None
[2026-05-16T14:37:35.442+0000] {processor.py:183} INFO - Processing /home/airflow/.local/lib/python3.12/site-packages/airflow/example_dags/example_python_operator.py took 0.027 seconds
[2026-05-16T14:38:05.909+0000] {processor.py:161} INFO - Started process (PID=26327) to work on /home/airflow/.local/lib/python3.12/site-packages/airflow/example_dags/example_python_operator.py
[2026-05-16T14:38:05.909+0000] {processor.py:830} INFO - Processing file /home/airflow/.local/lib/python3.12/site-packages/airflow/example_dags/example_python_operator.py for tasks to queue
[2026-05-16T14:38:05.910+0000] {logging_mixin.py:188} INFO - [2026-05-16T14:38:05.909+0000] {dagbag.py:545} INFO - Filling up the DagBag from /home/airflow/.local/lib/python3.12/site-packages/airflow/example_dags/example_python_operator.py
[2026-05-16T14:38:05.914+0000] {processor.py:840} INFO - DAG(s) 'example_python_operator' retrieved from /home/airflow/.local/lib/python3.12/site-packages/airflow/example_dags/example_python_operator.py
[2026-05-16T14:38:05.922+0000] {logging_mixin.py:188} INFO - [2026-05-16T14:38:05.922+0000] {dag.py:3089} INFO - Sync 1 DAGs
[2026-05-16T14:38:05.926+0000] {logging_mixin.py:188} INFO - [2026-05-16T14:38:05.926+0000] {dag.py:3947} INFO - Setting next_dagrun for example_python_operator to None, run_after=None
[2026-05-16T14:38:05.931+0000] {processor.py:183} INFO - Processing /home/airflow/.local/lib/python3.12/site-packages/airflow/example_dags/example_python_operator.py took 0.024 seconds
[2026-05-16T14:38:36.317+0000] {processor.py:161} INFO - Started process (PID=26389) to work on /home/airflow/.local/lib/python3.12/site-packages/airflow/example_dags/example_python_operator.py
[2026-05-16T14:38:36.318+0000] {processor.py:830} INFO - Processing file /home/airflow/.local/lib/python3.12/site-packages/airflow/example_dags/example_python_operator.py for tasks to queue
[2026-05-16T14:38:36.318+0000] {logging_mixin.py:188} INFO - [2026-05-16T14:38:36.318+0000] {dagbag.py:545} INFO - Filling up the DagBag from /home/airflow/.local/lib/python3.12/site-packages/airflow/example_dags/example_python_operator.py
[2026-05-16T14:38:36.322+0000] {processor.py:840} INFO - DAG(s) 'example_python_operator' retrieved from /home/airflow/.local/lib/python3.12/site-packages/airflow/example_dags/example_python_operator.py
[2026-05-16T14:38:36.330+0000] {logging_mixin.py:188} INFO - [2026-05-16T14:38:36.330+0000] {dag.py:3089} INFO - Sync 1 DAGs
[2026-05-16T14:38:36.334+0000] {logging_mixin.py:188} INFO - [2026-05-16T14:38:36.334+0000] {dag.py:3947} INFO - Setting next_dagrun for example_python_operator to None, run_after=None
[2026-05-16T14:38:36.338+0000] {processor.py:183} INFO - Processing /home/airflow/.local/lib/python3.12/site-packages/airflow/example_dags/example_python_operator.py took 0.023 seconds
[2026-05-16T14:39:06.909+0000] {processor.py:161} INFO - Started process (PID=26451) to work on /home/airflow/.local/lib/python3.12/site-packages/airflow/example_dags/example_python_operator.py
[2026-05-16T14:39:06.909+0000] {processor.py:830} INFO - Processing file /home/airflow/.local/lib/python3.12/site-packages/airflow/example_dags/example_python_operator.py for tasks to queue
[2026-05-16T14:39:06.910+0000] {logging_mixin.py:188} INFO - [2026-05-16T14:39:06.909+0000] {dagbag.py:545} INFO - Filling up the DagBag from /home/airflow/.local/lib/python3.12/site-packages/airflow/example_dags/example_python_operator.py
[2026-05-16T14:39:06.916+0000] {processor.py:840} INFO - DAG(s) 'example_python_operator' retrieved from /home/airflow/.local/lib/python3.12/site-packages/airflow/example_dags/example_python_operator.py
[2026-05-16T14:39:06.924+0000] {logging_mixin.py:188} INFO - [2026-05-16T14:39:06.924+0000] {dag.py:3089} INFO - Sync 1 DAGs
[2026-05-16T14:39:06.928+0000] {logging_mixin.py:188} INFO - [2026-05-16T14:39:06.928+0000] {dag.py:3947} INFO - Setting next_dagrun for example_python_operator to None, run_after=None
[2026-05-16T14:39:06.935+0000] {processor.py:183} INFO - Processing /home/airflow/.local/lib/python3.12/site-packages/airflow/example_dags/example_python_operator.py took 0.029 seconds
[2026-05-16T14:39:37.391+0000] {processor.py:161} INFO - Started process (PID=26513) to work on /home/airflow/.local/lib/python3.12/site-packages/airflow/example_dags/example_python_operator.py
[2026-05-16T14:39:37.392+0000] {processor.py:830} INFO - Processing file /home/airflow/.local/lib/python3.12/site-packages/airflow/example_dags/example_python_operator.py for tasks to queue
[2026-05-16T14:39:37.392+0000] {logging_mixin.py:188} INFO - [2026-05-16T14:39:37.392+0000] {dagbag.py:545} INFO - Filling up the DagBag from /home/airflow/.local/lib/python3.12/site-packages/airflow/example_dags/example_python_operator.py
[2026-05-16T14:39:37.399+0000] {processor.py:840} INFO - DAG(s) 'example_python_operator' retrieved from /home/airflow/.local/lib/python3.12/site-packages/airflow/example_dags/example_python_operator.py
[2026-05-16T14:39:37.414+0000] {logging_mixin.py:188} INFO - [2026-05-16T14:39:37.414+0000] {dag.py:3089} INFO - Sync 1 DAGs
[2026-05-16T14:39:37.423+0000] {logging_mixin.py:188} INFO - [2026-05-16T14:39:37.423+0000] {dag.py:3947} INFO - Setting next_dagrun for example_python_operator to None, run_after=None
[2026-05-16T14:39:37.435+0000] {processor.py:183} INFO - Processing /home/airflow/.local/lib/python3.12/site-packages/airflow/example_dags/example_python_operator.py took 0.050 seconds
[2026-05-16T14:40:08.118+0000] {processor.py:161} INFO - Started process (PID=26575) to work on /home/airflow/.local/lib/python3.12/site-packages/airflow/example_dags/example_python_operator.py
[2026-05-16T14:40:08.118+0000] {processor.py:830} INFO - Processing file /home/airflow/.local/lib/python3.12/site-packages/airflow/example_dags/example_python_operator.py for tasks to queue
[2026-05-16T14:40:08.119+0000] {logging_mixin.py:188} INFO - [2026-05-16T14:40:08.119+0000] {dagbag.py:545} INFO - Filling up the DagBag from /home/airflow/.local/lib/python3.12/site-packages/airflow/example_dags/example_python_operator.py
[2026-05-16T14:40:08.124+0000] {processor.py:840} INFO - DAG(s) 'example_python_operator' retrieved from /home/airflow/.local/lib/python3.12/site-packages/airflow/example_dags/example_python_operator.py
[2026-05-16T14:40:08.132+0000] {logging_mixin.py:188} INFO - [2026-05-16T14:40:08.132+0000] {dag.py:3089} INFO - Sync 1 DAGs
[2026-05-16T14:40:08.136+0000] {logging_mixin.py:188} INFO - [2026-05-16T14:40:08.136+0000] {dag.py:3947} INFO - Setting next_dagrun for example_python_operator to None, run_after=None
[2026-05-16T14:40:08.141+0000] {processor.py:183} INFO - Processing /home/airflow/.local/lib/python3.12/site-packages/airflow/example_dags/example_python_operator.py took 0.026 seconds
[2026-05-16T14:40:38.824+0000] {processor.py:161} INFO - Started process (PID=26637) to work on /home/airflow/.local/lib/python3.12/site-packages/airflow/example_dags/example_python_operator.py
[2026-05-16T14:40:38.824+0000] {processor.py:830} INFO - Processing file /home/airflow/.local/lib/python3.12/site-packages/airflow/example_dags/example_python_operator.py for tasks to queue
[2026-05-16T14:40:38.824+0000] {logging_mixin.py:188} INFO - [2026-05-16T14:40:38.824+0000] {dagbag.py:545} INFO - Filling up the DagBag from /home/airflow/.local/lib/python3.12/site-packages/airflow/example_dags/example_python_operator.py
[2026-05-16T14:40:38.828+0000] {processor.py:840} INFO - DAG(s) 'example_python_operator' retrieved from /home/airflow/.local/lib/python3.12/site-packages/airflow/example_dags/example_python_operator.py
[2026-05-16T14:40:38.836+0000] {logging_mixin.py:188} INFO - [2026-05-16T14:40:38.836+0000] {dag.py:3089} INFO - Sync 1 DAGs
[2026-05-16T14:40:38.840+0000] {logging_mixin.py:188} INFO - [2026-05-16T14:40:38.840+0000] {dag.py:3947} INFO - Setting next_dagrun for example_python_operator to None, run_after=None
[2026-05-16T14:40:38.845+0000] {processor.py:183} INFO - Processing /home/airflow/.local/lib/python3.12/site-packages/airflow/example_dags/example_python_operator.py took 0.023 seconds
[2026-05-16T14:41:09.372+0000] {processor.py:161} INFO - Started process (PID=26699) to work on /home/airflow/.local/lib/python3.12/site-packages/airflow/example_dags/example_python_operator.py
[2026-05-16T14:41:09.372+0000] {processor.py:830} INFO - Processing file /home/airflow/.local/lib/python3.12/site-packages/airflow/example_dags/example_python_operator.py for tasks to queue
[2026-05-16T14:41:09.372+0000] {logging_mixin.py:188} INFO - [2026-05-16T14:41:09.372+0000] {dagbag.py:545} INFO - Filling up the DagBag from /home/airflow/.local/lib/python3.12/site-packages/airflow/example_dags/example_python_operator.py
[2026-05-16T14:41:09.377+0000] {processor.py:840} INFO - DAG(s) 'example_python_operator' retrieved from /home/airflow/.local/lib/python3.12/site-packages/airflow/example_dags/example_python_operator.py
[2026-05-16T14:41:09.386+0000] {logging_mixin.py:188} INFO - [2026-05-16T14:41:09.386+0000] {dag.py:3089} INFO - Sync 1 DAGs
[2026-05-16T14:41:09.391+0000] {logging_mixin.py:188} INFO - [2026-05-16T14:41:09.391+0000] {dag.py:3947} INFO - Setting next_dagrun for example_python_operator to None, run_after=None
[2026-05-16T14:41:09.396+0000] {processor.py:183} INFO - Processing /home/airflow/.local/lib/python3.12/site-packages/airflow/example_dags/example_python_operator.py took 0.027 seconds
[2026-05-16T14:41:39.828+0000] {processor.py:161} INFO - Started process (PID=26761) to work on /home/airflow/.local/lib/python3.12/site-packages/airflow/example_dags/example_python_operator.py
[2026-05-16T14:41:39.828+0000] {processor.py:830} INFO - Processing file /home/airflow/.local/lib/python3.12/site-packages/airflow/example_dags/example_python_operator.py for tasks to queue
[2026-05-16T14:41:39.828+0000] {logging_mixin.py:188} INFO - [2026-05-16T14:41:39.828+0000] {dagbag.py:545} INFO - Filling up the DagBag from /home/airflow/.local/lib/python3.12/site-packages/airflow/example_dags/example_python_operator.py
[2026-05-16T14:41:39.833+0000] {processor.py:840} INFO - DAG(s) 'example_python_operator' retrieved from /home/airflow/.local/lib/python3.12/site-packages/airflow/example_dags/example_python_operator.py
[2026-05-16T14:41:39.841+0000] {logging_mixin.py:188} INFO - [2026-05-16T14:41:39.841+0000] {dag.py:3089} INFO - Sync 1 DAGs
[2026-05-16T14:41:39.845+0000] {logging_mixin.py:188} INFO - [2026-05-16T14:41:39.845+0000] {dag.py:3947} INFO - Setting next_dagrun for example_python_operator to None, run_after=None
[2026-05-16T14:41:39.850+0000] {processor.py:183} INFO - Processing /home/airflow/.local/lib/python3.12/site-packages/airflow/example_dags/example_python_operator.py took 0.025 seconds
[2026-05-16T14:42:10.184+0000] {processor.py:161} INFO - Started process (PID=26823) to work on /home/airflow/.local/lib/python3.12/site-packages/airflow/example_dags/example_python_operator.py
[2026-05-16T14:42:10.185+0000] {processor.py:830} INFO - Processing file /home/airflow/.local/lib/python3.12/site-packages/airflow/example_dags/example_python_operator.py for tasks to queue
[2026-05-16T14:42:10.185+0000] {logging_mixin.py:188} INFO - [2026-05-16T14:42:10.185+0000] {dagbag.py:545} INFO - Filling up the DagBag from /home/airflow/.local/lib/python3.12/site-packages/airflow/example_dags/example_python_operator.py
[2026-05-16T14:42:10.191+0000] {processor.py:840} INFO - DAG(s) 'example_python_operator' retrieved from /home/airflow/.local/lib/python3.12/site-packages/airflow/example_dags/example_python_operator.py
[2026-05-16T14:42:10.199+0000] {logging_mixin.py:188} INFO - [2026-05-16T14:42:10.199+0000] {dag.py:3089} INFO - Sync 1 DAGs
[2026-05-16T14:42:10.203+0000] {logging_mixin.py:188} INFO - [2026-05-16T14:42:10.203+0000] {dag.py:3947} INFO - Setting next_dagrun for example_python_operator to None, run_after=None
[2026-05-16T14:42:10.209+0000] {processor.py:183} INFO - Processing /home/airflow/.local/lib/python3.12/site-packages/airflow/example_dags/example_python_operator.py took 0.027 seconds
[2026-05-16T14:42:40.625+0000] {processor.py:161} INFO - Started process (PID=26885) to work on /home/airflow/.local/lib/python3.12/site-packages/airflow/example_dags/example_python_operator.py
[2026-05-16T14:42:40.627+0000] {processor.py:830} INFO - Processing file /home/airflow/.local/lib/python3.12/site-packages/airflow/example_dags/example_python_operator.py for tasks to queue
[2026-05-16T14:42:40.627+0000] {logging_mixin.py:188} INFO - [2026-05-16T14:42:40.627+0000] {dagbag.py:545} INFO - Filling up the DagBag from /home/airflow/.local/lib/python3.12/site-packages/airflow/example_dags/example_python_operator.py
[2026-05-16T14:42:40.632+0000] {processor.py:840} INFO - DAG(s) 'example_python_operator' retrieved from /home/airflow/.local/lib/python3.12/site-packages/airflow/example_dags/example_python_operator.py
[2026-05-16T14:42:40.641+0000] {logging_mixin.py:188} INFO - [2026-05-16T14:42:40.641+0000] {dag.py:3089} INFO - Sync 1 DAGs
[2026-05-16T14:42:40.646+0000] {logging_mixin.py:188} INFO - [2026-05-16T14:42:40.646+0000] {dag.py:3947} INFO - Setting next_dagrun for example_python_operator to None, run_after=None
[2026-05-16T14:42:40.653+0000] {processor.py:183} INFO - Processing /home/airflow/.local/lib/python3.12/site-packages/airflow/example_dags/example_python_operator.py took 0.032 seconds
[2026-05-16T14:43:11.033+0000] {processor.py:161} INFO - Started process (PID=26947) to work on /home/airflow/.local/lib/python3.12/site-packages/airflow/example_dags/example_python_operator.py
[2026-05-16T14:43:11.033+0000] {processor.py:830} INFO - Processing file /home/airflow/.local/lib/python3.12/site-packages/airflow/example_dags/example_python_operator.py for tasks to queue
[2026-05-16T14:43:11.033+0000] {logging_mixin.py:188} INFO - [2026-05-16T14:43:11.033+0000] {dagbag.py:545} INFO - Filling up the DagBag from /home/airflow/.local/lib/python3.12/site-packages/airflow/example_dags/example_python_operator.py
[2026-05-16T14:43:11.037+0000] {processor.py:840} INFO - DAG(s) 'example_python_operator' retrieved from /home/airflow/.local/lib/python3.12/site-packages/airflow/example_dags/example_python_operator.py
[2026-05-16T14:43:11.044+0000] {logging_mixin.py:188} INFO - [2026-05-16T14:43:11.044+0000] {dag.py:3089} INFO - Sync 1 DAGs
[2026-05-16T14:43:11.048+0000] {logging_mixin.py:188} INFO - [2026-05-16T14:43:11.048+0000] {dag.py:3947} INFO - Setting next_dagrun for example_python_operator to None, run_after=None
[2026-05-16T14:43:11.053+0000] {processor.py:183} INFO - Processing /home/airflow/.local/lib/python3.12/site-packages/airflow/example_dags/example_python_operator.py took 0.023 seconds
[2026-05-16T14:43:41.513+0000] {processor.py:161} INFO - Started process (PID=27009) to work on /home/airflow/.local/lib/python3.12/site-packages/airflow/example_dags/example_python_operator.py
[2026-05-16T14:43:41.513+0000] {processor.py:830} INFO - Processing file /home/airflow/.local/lib/python3.12/site-packages/airflow/example_dags/example_python_operator.py for tasks to queue
[2026-05-16T14:43:41.513+0000] {logging_mixin.py:188} INFO - [2026-05-16T14:43:41.513+0000] {dagbag.py:545} INFO - Filling up the DagBag from /home/airflow/.local/lib/python3.12/site-packages/airflow/example_dags/example_python_operator.py
[2026-05-16T14:43:41.518+0000] {processor.py:840} INFO - DAG(s) 'example_python_operator' retrieved from /home/airflow/.local/lib/python3.12/site-packages/airflow/example_dags/example_python_operator.py
[2026-05-16T14:43:41.526+0000] {logging_mixin.py:188} INFO - [2026-05-16T14:43:41.526+0000] {dag.py:3089} INFO - Sync 1 DAGs
[2026-05-16T14:43:41.530+0000] {logging_mixin.py:188} INFO - [2026-05-16T14:43:41.530+0000] {dag.py:3947} INFO - Setting next_dagrun for example_python_operator to None, run_after=None
[2026-05-16T14:43:41.535+0000] {processor.py:183} INFO - Processing /home/airflow/.local/lib/python3.12/site-packages/airflow/example_dags/example_python_operator.py took 0.025 seconds
[2026-05-16T14:44:11.925+0000] {processor.py:161} INFO - Started process (PID=27071) to work on /home/airflow/.local/lib/python3.12/site-packages/airflow/example_dags/example_python_operator.py
[2026-05-16T14:44:11.925+0000] {processor.py:830} INFO - Processing file /home/airflow/.local/lib/python3.12/site-packages/airflow/example_dags/example_python_operator.py for tasks to queue
[2026-05-16T14:44:11.925+0000] {logging_mixin.py:188} INFO - [2026-05-16T14:44:11.925+0000] {dagbag.py:545} INFO - Filling up the DagBag from /home/airflow/.local/lib/python3.12/site-packages/airflow/example_dags/example_python_operator.py
[2026-05-16T14:44:11.930+0000] {processor.py:840} INFO - DAG(s) 'example_python_operator' retrieved from /home/airflow/.local/lib/python3.12/site-packages/airflow/example_dags/example_python_operator.py
[2026-05-16T14:44:11.938+0000] {logging_mixin.py:188} INFO - [2026-05-16T14:44:11.938+0000] {dag.py:3089} INFO - Sync 1 DAGs
[2026-05-16T14:44:11.942+0000] {logging_mixin.py:188} INFO - [2026-05-16T14:44:11.942+0000] {dag.py:3947} INFO - Setting next_dagrun for example_python_operator to None, run_after=None
[2026-05-16T14:44:11.947+0000] {processor.py:183} INFO - Processing /home/airflow/.local/lib/python3.12/site-packages/airflow/example_dags/example_python_operator.py took 0.025 seconds
[2026-05-16T14:44:42.378+0000] {processor.py:161} INFO - Started process (PID=27133) to work on /home/airflow/.local/lib/python3.12/site-packages/airflow/example_dags/example_python_operator.py
[2026-05-16T14:44:42.378+0000] {processor.py:830} INFO - Processing file /home/airflow/.local/lib/python3.12/site-packages/airflow/example_dags/example_python_operator.py for tasks to queue
[2026-05-16T14:44:42.379+0000] {logging_mixin.py:188} INFO - [2026-05-16T14:44:42.378+0000] {dagbag.py:545} INFO - Filling up the DagBag from /home/airflow/.local/lib/python3.12/site-packages/airflow/example_dags/example_python_operator.py
[2026-05-16T14:44:42.383+0000] {processor.py:840} INFO - DAG(s) 'example_python_operator' retrieved from /home/airflow/.local/lib/python3.12/site-packages/airflow/example_dags/example_python_operator.py
[2026-05-16T14:44:42.394+0000] {logging_mixin.py:188} INFO - [2026-05-16T14:44:42.394+0000] {dag.py:3089} INFO - Sync 1 DAGs
[2026-05-16T14:44:42.398+0000] {logging_mixin.py:188} INFO - [2026-05-16T14:44:42.398+0000] {dag.py:3947} INFO - Setting next_dagrun for example_python_operator to None, run_after=None
[2026-05-16T14:44:42.404+0000] {processor.py:183} INFO - Processing /home/airflow/.local/lib/python3.12/site-packages/airflow/example_dags/example_python_operator.py took 0.028 seconds
[2026-05-16T14:45:12.795+0000] {processor.py:161} INFO - Started process (PID=27195) to work on /home/airflow/.local/lib/python3.12/site-packages/airflow/example_dags/example_python_operator.py
[2026-05-16T14:45:12.795+0000] {processor.py:830} INFO - Processing file /home/airflow/.local/lib/python3.12/site-packages/airflow/example_dags/example_python_operator.py for tasks to queue
[2026-05-16T14:45:12.795+0000] {logging_mixin.py:188} INFO - [2026-05-16T14:45:12.795+0000] {dagbag.py:545} INFO - Filling up the DagBag from /home/airflow/.local/lib/python3.12/site-packages/airflow/example_dags/example_python_operator.py
[2026-05-16T14:45:12.800+0000] {processor.py:840} INFO - DAG(s) 'example_python_operator' retrieved from /home/airflow/.local/lib/python3.12/site-packages/airflow/example_dags/example_python_operator.py
[2026-05-16T14:45:12.809+0000] {logging_mixin.py:188} INFO - [2026-05-16T14:45:12.809+0000] {dag.py:3089} INFO - Sync 1 DAGs
[2026-05-16T14:45:12.814+0000] {logging_mixin.py:188} INFO - [2026-05-16T14:45:12.813+0000] {dag.py:3947} INFO - Setting next_dagrun for example_python_operator to None, run_after=None
[2026-05-16T14:45:12.820+0000] {processor.py:183} INFO - Processing /home/airflow/.local/lib/python3.12/site-packages/airflow/example_dags/example_python_operator.py took 0.027 seconds
[2026-05-16T14:45:43.245+0000] {processor.py:161} INFO - Started process (PID=27257) to work on /home/airflow/.local/lib/python3.12/site-packages/airflow/example_dags/example_python_operator.py
[2026-05-16T14:45:43.245+0000] {processor.py:830} INFO - Processing file /home/airflow/.local/lib/python3.12/site-packages/airflow/example_dags/example_python_operator.py for tasks to queue
[2026-05-16T14:45:43.246+0000] {logging_mixin.py:188} INFO - [2026-05-16T14:45:43.245+0000] {dagbag.py:545} INFO - Filling up the DagBag from /home/airflow/.local/lib/python3.12/site-packages/airflow/example_dags/example_python_operator.py
[2026-05-16T14:45:43.253+0000] {processor.py:840} INFO - DAG(s) 'example_python_operator' retrieved from /home/airflow/.local/lib/python3.12/site-packages/airflow/example_dags/example_python_operator.py
[2026-05-16T14:45:43.263+0000] {logging_mixin.py:188} INFO - [2026-05-16T14:45:43.263+0000] {dag.py:3089} INFO - Sync 1 DAGs
[2026-05-16T14:45:43.267+0000] {logging_mixin.py:188} INFO - [2026-05-16T14:45:43.267+0000] {dag.py:3947} INFO - Setting next_dagrun for example_python_operator to None, run_after=None
[2026-05-16T14:45:43.272+0000] {processor.py:183} INFO - Processing /home/airflow/.local/lib/python3.12/site-packages/airflow/example_dags/example_python_operator.py took 0.030 seconds
[2026-05-16T14:46:13.756+0000] {processor.py:161} INFO - Started process (PID=27319) to work on /home/airflow/.local/lib/python3.12/site-packages/airflow/example_dags/example_python_operator.py
[2026-05-16T14:46:13.756+0000] {processor.py:830} INFO - Processing file /home/airflow/.local/lib/python3.12/site-packages/airflow/example_dags/example_python_operator.py for tasks to queue
[2026-05-16T14:46:13.757+0000] {logging_mixin.py:188} INFO - [2026-05-16T14:46:13.756+0000] {dagbag.py:545} INFO - Filling up the DagBag from /home/airflow/.local/lib/python3.12/site-packages/airflow/example_dags/example_python_operator.py
[2026-05-16T14:46:13.761+0000] {processor.py:840} INFO - DAG(s) 'example_python_operator' retrieved from /home/airflow/.local/lib/python3.12/site-packages/airflow/example_dags/example_python_operator.py
[2026-05-16T14:46:13.770+0000] {logging_mixin.py:188} INFO - [2026-05-16T14:46:13.770+0000] {dag.py:3089} INFO - Sync 1 DAGs
[2026-05-16T14:46:13.775+0000] {logging_mixin.py:188} INFO - [2026-05-16T14:46:13.774+0000] {dag.py:3947} INFO - Setting next_dagrun for example_python_operator to None, run_after=None
[2026-05-16T14:46:13.780+0000] {processor.py:183} INFO - Processing /home/airflow/.local/lib/python3.12/site-packages/airflow/example_dags/example_python_operator.py took 0.026 seconds
[2026-05-16T14:46:44.190+0000] {processor.py:161} INFO - Started process (PID=27380) to work on /home/airflow/.local/lib/python3.12/site-packages/airflow/example_dags/example_python_operator.py
[2026-05-16T14:46:44.190+0000] {processor.py:830} INFO - Processing file /home/airflow/.local/lib/python3.12/site-packages/airflow/example_dags/example_python_operator.py for tasks to queue
[2026-05-16T14:46:44.191+0000] {logging_mixin.py:188} INFO - [2026-05-16T14:46:44.191+0000] {dagbag.py:545} INFO - Filling up the DagBag from /home/airflow/.local/lib/python3.12/site-packages/airflow/example_dags/example_python_operator.py
[2026-05-16T14:46:44.195+0000] {processor.py:840} INFO - DAG(s) 'example_python_operator' retrieved from /home/airflow/.local/lib/python3.12/site-packages/airflow/example_dags/example_python_operator.py
[2026-05-16T14:46:44.203+0000] {logging_mixin.py:188} INFO - [2026-05-16T14:46:44.203+0000] {dag.py:3089} INFO - Sync 1 DAGs
[2026-05-16T14:46:44.207+0000] {logging_mixin.py:188} INFO - [2026-05-16T14:46:44.207+0000] {dag.py:3947} INFO - Setting next_dagrun for example_python_operator to None, run_after=None
[2026-05-16T14:46:44.212+0000] {processor.py:183} INFO - Processing /home/airflow/.local/lib/python3.12/site-packages/airflow/example_dags/example_python_operator.py took 0.024 seconds
[2026-05-16T14:47:14.718+0000] {processor.py:161} INFO - Started process (PID=27441) to work on /home/airflow/.local/lib/python3.12/site-packages/airflow/example_dags/example_python_operator.py
[2026-05-16T14:47:14.719+0000] {processor.py:830} INFO - Processing file /home/airflow/.local/lib/python3.12/site-packages/airflow/example_dags/example_python_operator.py for tasks to queue
[2026-05-16T14:47:14.719+0000] {logging_mixin.py:188} INFO - [2026-05-16T14:47:14.719+0000] {dagbag.py:545} INFO - Filling up the DagBag from /home/airflow/.local/lib/python3.12/site-packages/airflow/example_dags/example_python_operator.py
[2026-05-16T14:47:14.724+0000] {processor.py:840} INFO - DAG(s) 'example_python_operator' retrieved from /home/airflow/.local/lib/python3.12/site-packages/airflow/example_dags/example_python_operator.py
[2026-05-16T14:47:14.733+0000] {logging_mixin.py:188} INFO - [2026-05-16T14:47:14.733+0000] {dag.py:3089} INFO - Sync 1 DAGs
[2026-05-16T14:47:14.737+0000] {logging_mixin.py:188} INFO - [2026-05-16T14:47:14.737+0000] {dag.py:3947} INFO - Setting next_dagrun for example_python_operator to None, run_after=None
[2026-05-16T14:47:14.742+0000] {processor.py:183} INFO - Processing /home/airflow/.local/lib/python3.12/site-packages/airflow/example_dags/example_python_operator.py took 0.026 seconds
[2026-05-16T14:47:45.167+0000] {processor.py:161} INFO - Started process (PID=27504) to work on /home/airflow/.local/lib/python3.12/site-packages/airflow/example_dags/example_python_operator.py
[2026-05-16T14:47:45.168+0000] {processor.py:830} INFO - Processing file /home/airflow/.local/lib/python3.12/site-packages/airflow/example_dags/example_python_operator.py for tasks to queue
[2026-05-16T14:47:45.168+0000] {logging_mixin.py:188} INFO - [2026-05-16T14:47:45.168+0000] {dagbag.py:545} INFO - Filling up the DagBag from /home/airflow/.local/lib/python3.12/site-packages/airflow/example_dags/example_python_operator.py
[2026-05-16T14:47:45.173+0000] {processor.py:840} INFO - DAG(s) 'example_python_operator' retrieved from /home/airflow/.local/lib/python3.12/site-packages/airflow/example_dags/example_python_operator.py
[2026-05-16T14:47:45.183+0000] {logging_mixin.py:188} INFO - [2026-05-16T14:47:45.182+0000] {dag.py:3089} INFO - Sync 1 DAGs
[2026-05-16T14:47:45.187+0000] {logging_mixin.py:188} INFO - [2026-05-16T14:47:45.187+0000] {dag.py:3947} INFO - Setting next_dagrun for example_python_operator to None, run_after=None
[2026-05-16T14:47:45.192+0000] {processor.py:183} INFO - Processing /home/airflow/.local/lib/python3.12/site-packages/airflow/example_dags/example_python_operator.py took 0.030 seconds
[2026-05-16T14:48:15.652+0000] {processor.py:161} INFO - Started process (PID=27566) to work on /home/airflow/.local/lib/python3.12/site-packages/airflow/example_dags/example_python_operator.py
[2026-05-16T14:48:15.653+0000] {processor.py:830} INFO - Processing file /home/airflow/.local/lib/python3.12/site-packages/airflow/example_dags/example_python_operator.py for tasks to queue
[2026-05-16T14:48:15.653+0000] {logging_mixin.py:188} INFO - [2026-05-16T14:48:15.653+0000] {dagbag.py:545} INFO - Filling up the DagBag from /home/airflow/.local/lib/python3.12/site-packages/airflow/example_dags/example_python_operator.py
[2026-05-16T14:48:15.658+0000] {processor.py:840} INFO - DAG(s) 'example_python_operator' retrieved from /home/airflow/.local/lib/python3.12/site-packages/airflow/example_dags/example_python_operator.py
[2026-05-16T14:48:15.668+0000] {logging_mixin.py:188} INFO - [2026-05-16T14:48:15.667+0000] {dag.py:3089} INFO - Sync 1 DAGs
[2026-05-16T14:48:15.673+0000] {logging_mixin.py:188} INFO - [2026-05-16T14:48:15.673+0000] {dag.py:3947} INFO - Setting next_dagrun for example_python_operator to None, run_after=None
[2026-05-16T14:48:15.679+0000] {processor.py:183} INFO - Processing /home/airflow/.local/lib/python3.12/site-packages/airflow/example_dags/example_python_operator.py took 0.029 seconds
[2026-05-16T14:48:46.098+0000] {processor.py:161} INFO - Started process (PID=27628) to work on /home/airflow/.local/lib/python3.12/site-packages/airflow/example_dags/example_python_operator.py
[2026-05-16T14:48:46.098+0000] {processor.py:830} INFO - Processing file /home/airflow/.local/lib/python3.12/site-packages/airflow/example_dags/example_python_operator.py for tasks to queue
[2026-05-16T14:48:46.098+0000] {logging_mixin.py:188} INFO - [2026-05-16T14:48:46.098+0000] {dagbag.py:545} INFO - Filling up the DagBag from /home/airflow/.local/lib/python3.12/site-packages/airflow/example_dags/example_python_operator.py
[2026-05-16T14:48:46.104+0000] {processor.py:840} INFO - DAG(s) 'example_python_operator' retrieved from /home/airflow/.local/lib/python3.12/site-packages/airflow/example_dags/example_python_operator.py
[2026-05-16T14:48:46.113+0000] {logging_mixin.py:188} INFO - [2026-05-16T14:48:46.113+0000] {dag.py:3089} INFO - Sync 1 DAGs
[2026-05-16T14:48:46.118+0000] {logging_mixin.py:188} INFO - [2026-05-16T14:48:46.118+0000] {dag.py:3947} INFO - Setting next_dagrun for example_python_operator to None, run_after=None
[2026-05-16T14:48:46.127+0000] {processor.py:183} INFO - Processing /home/airflow/.local/lib/python3.12/site-packages/airflow/example_dags/example_python_operator.py took 0.033 seconds
[2026-05-16T14:49:16.495+0000] {processor.py:161} INFO - Started process (PID=27690) to work on /home/airflow/.local/lib/python3.12/site-packages/airflow/example_dags/example_python_operator.py
[2026-05-16T14:49:16.495+0000] {processor.py:830} INFO - Processing file /home/airflow/.local/lib/python3.12/site-packages/airflow/example_dags/example_python_operator.py for tasks to queue
[2026-05-16T14:49:16.495+0000] {logging_mixin.py:188} INFO - [2026-05-16T14:49:16.495+0000] {dagbag.py:545} INFO - Filling up the DagBag from /home/airflow/.local/lib/python3.12/site-packages/airflow/example_dags/example_python_operator.py
[2026-05-16T14:49:16.499+0000] {processor.py:840} INFO - DAG(s) 'example_python_operator' retrieved from /home/airflow/.local/lib/python3.12/site-packages/airflow/example_dags/example_python_operator.py
[2026-05-16T14:49:16.507+0000] {logging_mixin.py:188} INFO - [2026-05-16T14:49:16.507+0000] {dag.py:3089} INFO - Sync 1 DAGs
[2026-05-16T14:49:16.511+0000] {logging_mixin.py:188} INFO - [2026-05-16T14:49:16.511+0000] {dag.py:3947} INFO - Setting next_dagrun for example_python_operator to None, run_after=None
[2026-05-16T14:49:16.516+0000] {processor.py:183} INFO - Processing /home/airflow/.local/lib/python3.12/site-packages/airflow/example_dags/example_python_operator.py took 0.024 seconds
[2026-05-16T14:49:46.887+0000] {processor.py:161} INFO - Started process (PID=27752) to work on /home/airflow/.local/lib/python3.12/site-packages/airflow/example_dags/example_python_operator.py
[2026-05-16T14:49:46.887+0000] {processor.py:830} INFO - Processing file /home/airflow/.local/lib/python3.12/site-packages/airflow/example_dags/example_python_operator.py for tasks to queue
[2026-05-16T14:49:46.887+0000] {logging_mixin.py:188} INFO - [2026-05-16T14:49:46.887+0000] {dagbag.py:545} INFO - Filling up the DagBag from /home/airflow/.local/lib/python3.12/site-packages/airflow/example_dags/example_python_operator.py
[2026-05-16T14:49:46.891+0000] {processor.py:840} INFO - DAG(s) 'example_python_operator' retrieved from /home/airflow/.local/lib/python3.12/site-packages/airflow/example_dags/example_python_operator.py
[2026-05-16T14:49:46.899+0000] {logging_mixin.py:188} INFO - [2026-05-16T14:49:46.899+0000] {dag.py:3089} INFO - Sync 1 DAGs
[2026-05-16T14:49:46.903+0000] {logging_mixin.py:188} INFO - [2026-05-16T14:49:46.903+0000] {dag.py:3947} INFO - Setting next_dagrun for example_python_operator to None, run_after=None
[2026-05-16T14:49:46.908+0000] {processor.py:183} INFO - Processing /home/airflow/.local/lib/python3.12/site-packages/airflow/example_dags/example_python_operator.py took 0.023 seconds
[2026-05-16T14:50:17.301+0000] {processor.py:161} INFO - Started process (PID=27814) to work on /home/airflow/.local/lib/python3.12/site-packages/airflow/example_dags/example_python_operator.py
[2026-05-16T14:50:17.301+0000] {processor.py:830} INFO - Processing file /home/airflow/.local/lib/python3.12/site-packages/airflow/example_dags/example_python_operator.py for tasks to queue
[2026-05-16T14:50:17.302+0000] {logging_mixin.py:188} INFO - [2026-05-16T14:50:17.302+0000] {dagbag.py:545} INFO - Filling up the DagBag from /home/airflow/.local/lib/python3.12/site-packages/airflow/example_dags/example_python_operator.py
[2026-05-16T14:50:17.307+0000] {processor.py:840} INFO - DAG(s) 'example_python_operator' retrieved from /home/airflow/.local/lib/python3.12/site-packages/airflow/example_dags/example_python_operator.py
[2026-05-16T14:50:17.315+0000] {logging_mixin.py:188} INFO - [2026-05-16T14:50:17.315+0000] {dag.py:3089} INFO - Sync 1 DAGs
[2026-05-16T14:50:17.320+0000] {logging_mixin.py:188} INFO - [2026-05-16T14:50:17.320+0000] {dag.py:3947} INFO - Setting next_dagrun for example_python_operator to None, run_after=None
[2026-05-16T14:50:17.325+0000] {processor.py:183} INFO - Processing /home/airflow/.local/lib/python3.12/site-packages/airflow/example_dags/example_python_operator.py took 0.026 seconds
[2026-05-16T14:50:47.632+0000] {processor.py:161} INFO - Started process (PID=27876) to work on /home/airflow/.local/lib/python3.12/site-packages/airflow/example_dags/example_python_operator.py
[2026-05-16T14:50:47.633+0000] {processor.py:830} INFO - Processing file /home/airflow/.local/lib/python3.12/site-packages/airflow/example_dags/example_python_operator.py for tasks to queue
[2026-05-16T14:50:47.633+0000] {logging_mixin.py:188} INFO - [2026-05-16T14:50:47.633+0000] {dagbag.py:545} INFO - Filling up the DagBag from /home/airflow/.local/lib/python3.12/site-packages/airflow/example_dags/example_python_operator.py
[2026-05-16T14:50:47.637+0000] {processor.py:840} INFO - DAG(s) 'example_python_operator' retrieved from /home/airflow/.local/lib/python3.12/site-packages/airflow/example_dags/example_python_operator.py
[2026-05-16T14:50:47.646+0000] {logging_mixin.py:188} INFO - [2026-05-16T14:50:47.645+0000] {dag.py:3089} INFO - Sync 1 DAGs
[2026-05-16T14:50:47.652+0000] {logging_mixin.py:188} INFO - [2026-05-16T14:50:47.651+0000] {dag.py:3947} INFO - Setting next_dagrun for example_python_operator to None, run_after=None
[2026-05-16T14:50:47.658+0000] {processor.py:183} INFO - Processing /home/airflow/.local/lib/python3.12/site-packages/airflow/example_dags/example_python_operator.py took 0.028 seconds
[2026-05-16T14:51:17.955+0000] {processor.py:161} INFO - Started process (PID=27938) to work on /home/airflow/.local/lib/python3.12/site-packages/airflow/example_dags/example_python_operator.py
[2026-05-16T14:51:17.955+0000] {processor.py:830} INFO - Processing file /home/airflow/.local/lib/python3.12/site-packages/airflow/example_dags/example_python_operator.py for tasks to queue
[2026-05-16T14:51:17.955+0000] {logging_mixin.py:188} INFO - [2026-05-16T14:51:17.955+0000] {dagbag.py:545} INFO - Filling up the DagBag from /home/airflow/.local/lib/python3.12/site-packages/airflow/example_dags/example_python_operator.py
[2026-05-16T14:51:17.960+0000] {processor.py:840} INFO - DAG(s) 'example_python_operator' retrieved from /home/airflow/.local/lib/python3.12/site-packages/airflow/example_dags/example_python_operator.py
[2026-05-16T14:51:17.969+0000] {logging_mixin.py:188} INFO - [2026-05-16T14:51:17.969+0000] {dag.py:3089} INFO - Sync 1 DAGs
[2026-05-16T14:51:17.974+0000] {logging_mixin.py:188} INFO - [2026-05-16T14:51:17.973+0000] {dag.py:3947} INFO - Setting next_dagrun for example_python_operator to None, run_after=None
[2026-05-16T14:51:17.979+0000] {processor.py:183} INFO - Processing /home/airflow/.local/lib/python3.12/site-packages/airflow/example_dags/example_python_operator.py took 0.027 seconds
[2026-05-16T14:51:48.303+0000] {processor.py:161} INFO - Started process (PID=28000) to work on /home/airflow/.local/lib/python3.12/site-packages/airflow/example_dags/example_python_operator.py
[2026-05-16T14:51:48.304+0000] {processor.py:830} INFO - Processing file /home/airflow/.local/lib/python3.12/site-packages/airflow/example_dags/example_python_operator.py for tasks to queue
[2026-05-16T14:51:48.304+0000] {logging_mixin.py:188} INFO - [2026-05-16T14:51:48.304+0000] {dagbag.py:545} INFO - Filling up the DagBag from /home/airflow/.local/lib/python3.12/site-packages/airflow/example_dags/example_python_operator.py
[2026-05-16T14:51:48.308+0000] {processor.py:840} INFO - DAG(s) 'example_python_operator' retrieved from /home/airflow/.local/lib/python3.12/site-packages/airflow/example_dags/example_python_operator.py
[2026-05-16T14:51:48.316+0000] {logging_mixin.py:188} INFO - [2026-05-16T14:51:48.316+0000] {dag.py:3089} INFO - Sync 1 DAGs
[2026-05-16T14:51:48.320+0000] {logging_mixin.py:188} INFO - [2026-05-16T14:51:48.320+0000] {dag.py:3947} INFO - Setting next_dagrun for example_python_operator to None, run_after=None
[2026-05-16T14:51:48.324+0000] {processor.py:183} INFO - Processing /home/airflow/.local/lib/python3.12/site-packages/airflow/example_dags/example_python_operator.py took 0.023 seconds
[2026-05-16T14:52:18.631+0000] {processor.py:161} INFO - Started process (PID=28062) to work on /home/airflow/.local/lib/python3.12/site-packages/airflow/example_dags/example_python_operator.py
[2026-05-16T14:52:18.631+0000] {processor.py:830} INFO - Processing file /home/airflow/.local/lib/python3.12/site-packages/airflow/example_dags/example_python_operator.py for tasks to queue
[2026-05-16T14:52:18.631+0000] {logging_mixin.py:188} INFO - [2026-05-16T14:52:18.631+0000] {dagbag.py:545} INFO - Filling up the DagBag from /home/airflow/.local/lib/python3.12/site-packages/airflow/example_dags/example_python_operator.py
[2026-05-16T14:52:18.635+0000] {processor.py:840} INFO - DAG(s) 'example_python_operator' retrieved from /home/airflow/.local/lib/python3.12/site-packages/airflow/example_dags/example_python_operator.py
[2026-05-16T14:52:18.642+0000] {logging_mixin.py:188} INFO - [2026-05-16T14:52:18.642+0000] {dag.py:3089} INFO - Sync 1 DAGs
[2026-05-16T14:52:18.646+0000] {logging_mixin.py:188} INFO - [2026-05-16T14:52:18.646+0000] {dag.py:3947} INFO - Setting next_dagrun for example_python_operator to None, run_after=None
[2026-05-16T14:52:18.651+0000] {processor.py:183} INFO - Processing /home/airflow/.local/lib/python3.12/site-packages/airflow/example_dags/example_python_operator.py took 0.022 seconds
[2026-05-16T14:52:48.912+0000] {processor.py:161} INFO - Started process (PID=28124) to work on /home/airflow/.local/lib/python3.12/site-packages/airflow/example_dags/example_python_operator.py
[2026-05-16T14:52:48.913+0000] {processor.py:830} INFO - Processing file /home/airflow/.local/lib/python3.12/site-packages/airflow/example_dags/example_python_operator.py for tasks to queue
[2026-05-16T14:52:48.913+0000] {logging_mixin.py:188} INFO - [2026-05-16T14:52:48.913+0000] {dagbag.py:545} INFO - Filling up the DagBag from /home/airflow/.local/lib/python3.12/site-packages/airflow/example_dags/example_python_operator.py
[2026-05-16T14:52:48.917+0000] {processor.py:840} INFO - DAG(s) 'example_python_operator' retrieved from /home/airflow/.local/lib/python3.12/site-packages/airflow/example_dags/example_python_operator.py
[2026-05-16T14:52:48.924+0000] {logging_mixin.py:188} INFO - [2026-05-16T14:52:48.924+0000] {dag.py:3089} INFO - Sync 1 DAGs
[2026-05-16T14:52:48.928+0000] {logging_mixin.py:188} INFO - [2026-05-16T14:52:48.928+0000] {dag.py:3947} INFO - Setting next_dagrun for example_python_operator to None, run_after=None
[2026-05-16T14:52:48.933+0000] {processor.py:183} INFO - Processing /home/airflow/.local/lib/python3.12/site-packages/airflow/example_dags/example_python_operator.py took 0.022 seconds
[2026-05-16T14:53:19.236+0000] {processor.py:161} INFO - Started process (PID=28186) to work on /home/airflow/.local/lib/python3.12/site-packages/airflow/example_dags/example_python_operator.py
[2026-05-16T14:53:19.236+0000] {processor.py:830} INFO - Processing file /home/airflow/.local/lib/python3.12/site-packages/airflow/example_dags/example_python_operator.py for tasks to queue
[2026-05-16T14:53:19.237+0000] {logging_mixin.py:188} INFO - [2026-05-16T14:53:19.237+0000] {dagbag.py:545} INFO - Filling up the DagBag from /home/airflow/.local/lib/python3.12/site-packages/airflow/example_dags/example_python_operator.py
[2026-05-16T14:53:19.241+0000] {processor.py:840} INFO - DAG(s) 'example_python_operator' retrieved from /home/airflow/.local/lib/python3.12/site-packages/airflow/example_dags/example_python_operator.py
[2026-05-16T14:53:19.253+0000] {logging_mixin.py:188} INFO - [2026-05-16T14:53:19.253+0000] {dag.py:3089} INFO - Sync 1 DAGs
[2026-05-16T14:53:19.257+0000] {logging_mixin.py:188} INFO - [2026-05-16T14:53:19.256+0000] {dag.py:3947} INFO - Setting next_dagrun for example_python_operator to None, run_after=None
[2026-05-16T14:53:19.261+0000] {processor.py:183} INFO - Processing /home/airflow/.local/lib/python3.12/site-packages/airflow/example_dags/example_python_operator.py took 0.027 seconds
[2026-05-16T14:53:49.659+0000] {processor.py:161} INFO - Started process (PID=28248) to work on /home/airflow/.local/lib/python3.12/site-packages/airflow/example_dags/example_python_operator.py
[2026-05-16T14:53:49.659+0000] {processor.py:830} INFO - Processing file /home/airflow/.local/lib/python3.12/site-packages/airflow/example_dags/example_python_operator.py for tasks to queue
[2026-05-16T14:53:49.660+0000] {logging_mixin.py:188} INFO - [2026-05-16T14:53:49.660+0000] {dagbag.py:545} INFO - Filling up the DagBag from /home/airflow/.local/lib/python3.12/site-packages/airflow/example_dags/example_python_operator.py
[2026-05-16T14:53:49.664+0000] {processor.py:840} INFO - DAG(s) 'example_python_operator' retrieved from /home/airflow/.local/lib/python3.12/site-packages/airflow/example_dags/example_python_operator.py
[2026-05-16T14:53:49.671+0000] {logging_mixin.py:188} INFO - [2026-05-16T14:53:49.671+0000] {dag.py:3089} INFO - Sync 1 DAGs
[2026-05-16T14:53:49.675+0000] {logging_mixin.py:188} INFO - [2026-05-16T14:53:49.675+0000] {dag.py:3947} INFO - Setting next_dagrun for example_python_operator to None, run_after=None
[2026-05-16T14:53:49.680+0000] {processor.py:183} INFO - Processing /home/airflow/.local/lib/python3.12/site-packages/airflow/example_dags/example_python_operator.py took 0.023 seconds
[2026-05-16T14:54:20.207+0000] {processor.py:161} INFO - Started process (PID=28309) to work on /home/airflow/.local/lib/python3.12/site-packages/airflow/example_dags/example_python_operator.py
[2026-05-16T14:54:20.208+0000] {processor.py:830} INFO - Processing file /home/airflow/.local/lib/python3.12/site-packages/airflow/example_dags/example_python_operator.py for tasks to queue
[2026-05-16T14:54:20.209+0000] {logging_mixin.py:188} INFO - [2026-05-16T14:54:20.209+0000] {dagbag.py:545} INFO - Filling up the DagBag from /home/airflow/.local/lib/python3.12/site-packages/airflow/example_dags/example_python_operator.py
[2026-05-16T14:54:20.220+0000] {processor.py:840} INFO - DAG(s) 'example_python_operator' retrieved from /home/airflow/.local/lib/python3.12/site-packages/airflow/example_dags/example_python_operator.py
[2026-05-16T14:54:20.239+0000] {logging_mixin.py:188} INFO - [2026-05-16T14:54:20.239+0000] {dag.py:3089} INFO - Sync 1 DAGs
[2026-05-16T14:54:20.244+0000] {logging_mixin.py:188} INFO - [2026-05-16T14:54:20.244+0000] {dag.py:3947} INFO - Setting next_dagrun for example_python_operator to None, run_after=None
[2026-05-16T14:54:20.253+0000] {processor.py:183} INFO - Processing /home/airflow/.local/lib/python3.12/site-packages/airflow/example_dags/example_python_operator.py took 0.054 seconds
[2026-05-16T14:54:50.734+0000] {processor.py:161} INFO - Started process (PID=28371) to work on /home/airflow/.local/lib/python3.12/site-packages/airflow/example_dags/example_python_operator.py
[2026-05-16T14:54:50.735+0000] {processor.py:830} INFO - Processing file /home/airflow/.local/lib/python3.12/site-packages/airflow/example_dags/example_python_operator.py for tasks to queue
[2026-05-16T14:54:50.736+0000] {logging_mixin.py:188} INFO - [2026-05-16T14:54:50.735+0000] {dagbag.py:545} INFO - Filling up the DagBag from /home/airflow/.local/lib/python3.12/site-packages/airflow/example_dags/example_python_operator.py
[2026-05-16T14:54:50.741+0000] {processor.py:840} INFO - DAG(s) 'example_python_operator' retrieved from /home/airflow/.local/lib/python3.12/site-packages/airflow/example_dags/example_python_operator.py
[2026-05-16T14:54:50.755+0000] {logging_mixin.py:188} INFO - [2026-05-16T14:54:50.755+0000] {dag.py:3089} INFO - Sync 1 DAGs
[2026-05-16T14:54:50.759+0000] {logging_mixin.py:188} INFO - [2026-05-16T14:54:50.759+0000] {dag.py:3947} INFO - Setting next_dagrun for example_python_operator to None, run_after=None
[2026-05-16T14:54:50.764+0000] {processor.py:183} INFO - Processing /home/airflow/.local/lib/python3.12/site-packages/airflow/example_dags/example_python_operator.py took 0.034 seconds
[2026-05-16T14:55:21.421+0000] {processor.py:161} INFO - Started process (PID=28433) to work on /home/airflow/.local/lib/python3.12/site-packages/airflow/example_dags/example_python_operator.py
[2026-05-16T14:55:21.422+0000] {processor.py:830} INFO - Processing file /home/airflow/.local/lib/python3.12/site-packages/airflow/example_dags/example_python_operator.py for tasks to queue
[2026-05-16T14:55:21.422+0000] {logging_mixin.py:188} INFO - [2026-05-16T14:55:21.422+0000] {dagbag.py:545} INFO - Filling up the DagBag from /home/airflow/.local/lib/python3.12/site-packages/airflow/example_dags/example_python_operator.py
[2026-05-16T14:55:21.428+0000] {processor.py:840} INFO - DAG(s) 'example_python_operator' retrieved from /home/airflow/.local/lib/python3.12/site-packages/airflow/example_dags/example_python_operator.py
[2026-05-16T14:55:21.436+0000] {logging_mixin.py:188} INFO - [2026-05-16T14:55:21.436+0000] {dag.py:3089} INFO - Sync 1 DAGs
[2026-05-16T14:55:21.440+0000] {logging_mixin.py:188} INFO - [2026-05-16T14:55:21.440+0000] {dag.py:3947} INFO - Setting next_dagrun for example_python_operator to None, run_after=None
[2026-05-16T14:55:21.445+0000] {processor.py:183} INFO - Processing /home/airflow/.local/lib/python3.12/site-packages/airflow/example_dags/example_python_operator.py took 0.026 seconds
[2026-05-16T14:55:51.967+0000] {processor.py:161} INFO - Started process (PID=28495) to work on /home/airflow/.local/lib/python3.12/site-packages/airflow/example_dags/example_python_operator.py
[2026-05-16T14:55:51.968+0000] {processor.py:830} INFO - Processing file /home/airflow/.local/lib/python3.12/site-packages/airflow/example_dags/example_python_operator.py for tasks to queue
[2026-05-16T14:55:51.968+0000] {logging_mixin.py:188} INFO - [2026-05-16T14:55:51.968+0000] {dagbag.py:545} INFO - Filling up the DagBag from /home/airflow/.local/lib/python3.12/site-packages/airflow/example_dags/example_python_operator.py
[2026-05-16T14:55:51.972+0000] {processor.py:840} INFO - DAG(s) 'example_python_operator' retrieved from /home/airflow/.local/lib/python3.12/site-packages/airflow/example_dags/example_python_operator.py
[2026-05-16T14:55:51.979+0000] {logging_mixin.py:188} INFO - [2026-05-16T14:55:51.979+0000] {dag.py:3089} INFO - Sync 1 DAGs
[2026-05-16T14:55:51.983+0000] {logging_mixin.py:188} INFO - [2026-05-16T14:55:51.983+0000] {dag.py:3947} INFO - Setting next_dagrun for example_python_operator to None, run_after=None
[2026-05-16T14:55:51.988+0000] {processor.py:183} INFO - Processing /home/airflow/.local/lib/python3.12/site-packages/airflow/example_dags/example_python_operator.py took 0.023 seconds
[2026-05-16T14:56:22.271+0000] {processor.py:161} INFO - Started process (PID=28558) to work on /home/airflow/.local/lib/python3.12/site-packages/airflow/example_dags/example_python_operator.py
[2026-05-16T14:56:22.271+0000] {processor.py:830} INFO - Processing file /home/airflow/.local/lib/python3.12/site-packages/airflow/example_dags/example_python_operator.py for tasks to queue
[2026-05-16T14:56:22.271+0000] {logging_mixin.py:188} INFO - [2026-05-16T14:56:22.271+0000] {dagbag.py:545} INFO - Filling up the DagBag from /home/airflow/.local/lib/python3.12/site-packages/airflow/example_dags/example_python_operator.py
[2026-05-16T14:56:22.275+0000] {processor.py:840} INFO - DAG(s) 'example_python_operator' retrieved from /home/airflow/.local/lib/python3.12/site-packages/airflow/example_dags/example_python_operator.py
[2026-05-16T14:56:22.283+0000] {logging_mixin.py:188} INFO - [2026-05-16T14:56:22.283+0000] {dag.py:3089} INFO - Sync 1 DAGs
[2026-05-16T14:56:22.287+0000] {logging_mixin.py:188} INFO - [2026-05-16T14:56:22.287+0000] {dag.py:3947} INFO - Setting next_dagrun for example_python_operator to None, run_after=None
[2026-05-16T14:56:22.292+0000] {processor.py:183} INFO - Processing /home/airflow/.local/lib/python3.12/site-packages/airflow/example_dags/example_python_operator.py took 0.023 seconds
[2026-05-16T14:56:52.590+0000] {processor.py:161} INFO - Started process (PID=28620) to work on /home/airflow/.local/lib/python3.12/site-packages/airflow/example_dags/example_python_operator.py
[2026-05-16T14:56:52.591+0000] {processor.py:830} INFO - Processing file /home/airflow/.local/lib/python3.12/site-packages/airflow/example_dags/example_python_operator.py for tasks to queue
[2026-05-16T14:56:52.591+0000] {logging_mixin.py:188} INFO - [2026-05-16T14:56:52.591+0000] {dagbag.py:545} INFO - Filling up the DagBag from /home/airflow/.local/lib/python3.12/site-packages/airflow/example_dags/example_python_operator.py
[2026-05-16T14:56:52.595+0000] {processor.py:840} INFO - DAG(s) 'example_python_operator' retrieved from /home/airflow/.local/lib/python3.12/site-packages/airflow/example_dags/example_python_operator.py
[2026-05-16T14:56:52.603+0000] {logging_mixin.py:188} INFO - [2026-05-16T14:56:52.603+0000] {dag.py:3089} INFO - Sync 1 DAGs
[2026-05-16T14:56:52.607+0000] {logging_mixin.py:188} INFO - [2026-05-16T14:56:52.607+0000] {dag.py:3947} INFO - Setting next_dagrun for example_python_operator to None, run_after=None
[2026-05-16T14:56:52.612+0000] {processor.py:183} INFO - Processing /home/airflow/.local/lib/python3.12/site-packages/airflow/example_dags/example_python_operator.py took 0.024 seconds
[2026-05-16T14:57:23.256+0000] {processor.py:161} INFO - Started process (PID=28682) to work on /home/airflow/.local/lib/python3.12/site-packages/airflow/example_dags/example_python_operator.py
[2026-05-16T14:57:23.256+0000] {processor.py:830} INFO - Processing file /home/airflow/.local/lib/python3.12/site-packages/airflow/example_dags/example_python_operator.py for tasks to queue
[2026-05-16T14:57:23.256+0000] {logging_mixin.py:188} INFO - [2026-05-16T14:57:23.256+0000] {dagbag.py:545} INFO - Filling up the DagBag from /home/airflow/.local/lib/python3.12/site-packages/airflow/example_dags/example_python_operator.py
[2026-05-16T14:57:23.263+0000] {processor.py:840} INFO - DAG(s) 'example_python_operator' retrieved from /home/airflow/.local/lib/python3.12/site-packages/airflow/example_dags/example_python_operator.py
[2026-05-16T14:57:23.273+0000] {logging_mixin.py:188} INFO - [2026-05-16T14:57:23.273+0000] {dag.py:3089} INFO - Sync 1 DAGs
[2026-05-16T14:57:23.278+0000] {logging_mixin.py:188} INFO - [2026-05-16T14:57:23.278+0000] {dag.py:3947} INFO - Setting next_dagrun for example_python_operator to None, run_after=None
[2026-05-16T14:57:23.286+0000] {processor.py:183} INFO - Processing /home/airflow/.local/lib/python3.12/site-packages/airflow/example_dags/example_python_operator.py took 0.032 seconds
[2026-05-16T14:57:54.825+0000] {processor.py:161} INFO - Started process (PID=28744) to work on /home/airflow/.local/lib/python3.12/site-packages/airflow/example_dags/example_python_operator.py
[2026-05-16T14:57:54.825+0000] {processor.py:830} INFO - Processing file /home/airflow/.local/lib/python3.12/site-packages/airflow/example_dags/example_python_operator.py for tasks to queue
[2026-05-16T14:57:54.826+0000] {logging_mixin.py:188} INFO - [2026-05-16T14:57:54.826+0000] {dagbag.py:545} INFO - Filling up the DagBag from /home/airflow/.local/lib/python3.12/site-packages/airflow/example_dags/example_python_operator.py
[2026-05-16T14:57:54.831+0000] {processor.py:840} INFO - DAG(s) 'example_python_operator' retrieved from /home/airflow/.local/lib/python3.12/site-packages/airflow/example_dags/example_python_operator.py
[2026-05-16T14:57:54.839+0000] {logging_mixin.py:188} INFO - [2026-05-16T14:57:54.839+0000] {dag.py:3089} INFO - Sync 1 DAGs
[2026-05-16T14:57:54.920+0000] {logging_mixin.py:188} INFO - [2026-05-16T14:57:54.920+0000] {dag.py:3947} INFO - Setting next_dagrun for example_python_operator to None, run_after=None
[2026-05-16T14:57:54.924+0000] {processor.py:183} INFO - Processing /home/airflow/.local/lib/python3.12/site-packages/airflow/example_dags/example_python_operator.py took 0.102 seconds
[2026-05-16T14:58:25.537+0000] {processor.py:161} INFO - Started process (PID=28806) to work on /home/airflow/.local/lib/python3.12/site-packages/airflow/example_dags/example_python_operator.py
[2026-05-16T14:58:25.538+0000] {processor.py:830} INFO - Processing file /home/airflow/.local/lib/python3.12/site-packages/airflow/example_dags/example_python_operator.py for tasks to queue
[2026-05-16T14:58:25.538+0000] {logging_mixin.py:188} INFO - [2026-05-16T14:58:25.538+0000] {dagbag.py:545} INFO - Filling up the DagBag from /home/airflow/.local/lib/python3.12/site-packages/airflow/example_dags/example_python_operator.py
[2026-05-16T14:58:25.542+0000] {processor.py:840} INFO - DAG(s) 'example_python_operator' retrieved from /home/airflow/.local/lib/python3.12/site-packages/airflow/example_dags/example_python_operator.py
[2026-05-16T14:58:25.632+0000] {logging_mixin.py:188} INFO - [2026-05-16T14:58:25.632+0000] {dag.py:3089} INFO - Sync 1 DAGs
[2026-05-16T14:58:25.636+0000] {logging_mixin.py:188} INFO - [2026-05-16T14:58:25.636+0000] {dag.py:3947} INFO - Setting next_dagrun for example_python_operator to None, run_after=None
[2026-05-16T14:58:25.640+0000] {processor.py:183} INFO - Processing /home/airflow/.local/lib/python3.12/site-packages/airflow/example_dags/example_python_operator.py took 0.106 seconds
[2026-05-16T14:58:56.341+0000] {processor.py:161} INFO - Started process (PID=28868) to work on /home/airflow/.local/lib/python3.12/site-packages/airflow/example_dags/example_python_operator.py
[2026-05-16T14:58:56.341+0000] {processor.py:830} INFO - Processing file /home/airflow/.local/lib/python3.12/site-packages/airflow/example_dags/example_python_operator.py for tasks to queue
[2026-05-16T14:58:56.342+0000] {logging_mixin.py:188} INFO - [2026-05-16T14:58:56.342+0000] {dagbag.py:545} INFO - Filling up the DagBag from /home/airflow/.local/lib/python3.12/site-packages/airflow/example_dags/example_python_operator.py
[2026-05-16T14:58:56.346+0000] {processor.py:840} INFO - DAG(s) 'example_python_operator' retrieved from /home/airflow/.local/lib/python3.12/site-packages/airflow/example_dags/example_python_operator.py
[2026-05-16T14:58:56.353+0000] {logging_mixin.py:188} INFO - [2026-05-16T14:58:56.353+0000] {dag.py:3089} INFO - Sync 1 DAGs
[2026-05-16T14:58:56.357+0000] {logging_mixin.py:188} INFO - [2026-05-16T14:58:56.357+0000] {dag.py:3947} INFO - Setting next_dagrun for example_python_operator to None, run_after=None
[2026-05-16T14:58:56.362+0000] {processor.py:183} INFO - Processing /home/airflow/.local/lib/python3.12/site-packages/airflow/example_dags/example_python_operator.py took 0.023 seconds
[2026-05-16T14:59:26.761+0000] {processor.py:161} INFO - Started process (PID=28930) to work on /home/airflow/.local/lib/python3.12/site-packages/airflow/example_dags/example_python_operator.py
[2026-05-16T14:59:26.761+0000] {processor.py:830} INFO - Processing file /home/airflow/.local/lib/python3.12/site-packages/airflow/example_dags/example_python_operator.py for tasks to queue
[2026-05-16T14:59:26.761+0000] {logging_mixin.py:188} INFO - [2026-05-16T14:59:26.761+0000] {dagbag.py:545} INFO - Filling up the DagBag from /home/airflow/.local/lib/python3.12/site-packages/airflow/example_dags/example_python_operator.py
[2026-05-16T14:59:26.765+0000] {processor.py:840} INFO - DAG(s) 'example_python_operator' retrieved from /home/airflow/.local/lib/python3.12/site-packages/airflow/example_dags/example_python_operator.py
[2026-05-16T14:59:26.777+0000] {logging_mixin.py:188} INFO - [2026-05-16T14:59:26.777+0000] {dag.py:3089} INFO - Sync 1 DAGs
[2026-05-16T14:59:26.781+0000] {logging_mixin.py:188} INFO - [2026-05-16T14:59:26.781+0000] {dag.py:3947} INFO - Setting next_dagrun for example_python_operator to None, run_after=None
[2026-05-16T14:59:26.785+0000] {processor.py:183} INFO - Processing /home/airflow/.local/lib/python3.12/site-packages/airflow/example_dags/example_python_operator.py took 0.027 seconds
[2026-05-16T14:59:57.137+0000] {processor.py:161} INFO - Started process (PID=28992) to work on /home/airflow/.local/lib/python3.12/site-packages/airflow/example_dags/example_python_operator.py
[2026-05-16T14:59:57.137+0000] {processor.py:830} INFO - Processing file /home/airflow/.local/lib/python3.12/site-packages/airflow/example_dags/example_python_operator.py for tasks to queue
[2026-05-16T14:59:57.139+0000] {logging_mixin.py:188} INFO - [2026-05-16T14:59:57.138+0000] {dagbag.py:545} INFO - Filling up the DagBag from /home/airflow/.local/lib/python3.12/site-packages/airflow/example_dags/example_python_operator.py
[2026-05-16T14:59:57.143+0000] {processor.py:840} INFO - DAG(s) 'example_python_operator' retrieved from /home/airflow/.local/lib/python3.12/site-packages/airflow/example_dags/example_python_operator.py
[2026-05-16T14:59:57.151+0000] {logging_mixin.py:188} INFO - [2026-05-16T14:59:57.151+0000] {dag.py:3089} INFO - Sync 1 DAGs
[2026-05-16T14:59:57.156+0000] {logging_mixin.py:188} INFO - [2026-05-16T14:59:57.156+0000] {dag.py:3947} INFO - Setting next_dagrun for example_python_operator to None, run_after=None
[2026-05-16T14:59:57.160+0000] {processor.py:183} INFO - Processing /home/airflow/.local/lib/python3.12/site-packages/airflow/example_dags/example_python_operator.py took 0.026 seconds
[2026-05-16T15:00:27.557+0000] {processor.py:161} INFO - Started process (PID=29054) to work on /home/airflow/.local/lib/python3.12/site-packages/airflow/example_dags/example_python_operator.py
[2026-05-16T15:00:27.557+0000] {processor.py:830} INFO - Processing file /home/airflow/.local/lib/python3.12/site-packages/airflow/example_dags/example_python_operator.py for tasks to queue
[2026-05-16T15:00:27.558+0000] {logging_mixin.py:188} INFO - [2026-05-16T15:00:27.558+0000] {dagbag.py:545} INFO - Filling up the DagBag from /home/airflow/.local/lib/python3.12/site-packages/airflow/example_dags/example_python_operator.py
[2026-05-16T15:00:27.562+0000] {processor.py:840} INFO - DAG(s) 'example_python_operator' retrieved from /home/airflow/.local/lib/python3.12/site-packages/airflow/example_dags/example_python_operator.py
[2026-05-16T15:00:27.571+0000] {logging_mixin.py:188} INFO - [2026-05-16T15:00:27.571+0000] {dag.py:3089} INFO - Sync 1 DAGs
[2026-05-16T15:00:27.575+0000] {logging_mixin.py:188} INFO - [2026-05-16T15:00:27.575+0000] {dag.py:3947} INFO - Setting next_dagrun for example_python_operator to None, run_after=None
[2026-05-16T15:00:27.581+0000] {processor.py:183} INFO - Processing /home/airflow/.local/lib/python3.12/site-packages/airflow/example_dags/example_python_operator.py took 0.026 seconds
[2026-05-16T15:00:58.027+0000] {processor.py:161} INFO - Started process (PID=29116) to work on /home/airflow/.local/lib/python3.12/site-packages/airflow/example_dags/example_python_operator.py
[2026-05-16T15:00:58.027+0000] {processor.py:830} INFO - Processing file /home/airflow/.local/lib/python3.12/site-packages/airflow/example_dags/example_python_operator.py for tasks to queue
[2026-05-16T15:00:58.027+0000] {logging_mixin.py:188} INFO - [2026-05-16T15:00:58.027+0000] {dagbag.py:545} INFO - Filling up the DagBag from /home/airflow/.local/lib/python3.12/site-packages/airflow/example_dags/example_python_operator.py
[2026-05-16T15:00:58.031+0000] {processor.py:840} INFO - DAG(s) 'example_python_operator' retrieved from /home/airflow/.local/lib/python3.12/site-packages/airflow/example_dags/example_python_operator.py
[2026-05-16T15:00:58.039+0000] {logging_mixin.py:188} INFO - [2026-05-16T15:00:58.039+0000] {dag.py:3089} INFO - Sync 1 DAGs
[2026-05-16T15:00:58.043+0000] {logging_mixin.py:188} INFO - [2026-05-16T15:00:58.042+0000] {dag.py:3947} INFO - Setting next_dagrun for example_python_operator to None, run_after=None
[2026-05-16T15:00:58.047+0000] {processor.py:183} INFO - Processing /home/airflow/.local/lib/python3.12/site-packages/airflow/example_dags/example_python_operator.py took 0.023 seconds
[2026-05-16T15:01:28.432+0000] {processor.py:161} INFO - Started process (PID=29178) to work on /home/airflow/.local/lib/python3.12/site-packages/airflow/example_dags/example_python_operator.py
[2026-05-16T15:01:28.432+0000] {processor.py:830} INFO - Processing file /home/airflow/.local/lib/python3.12/site-packages/airflow/example_dags/example_python_operator.py for tasks to queue
[2026-05-16T15:01:28.432+0000] {logging_mixin.py:188} INFO - [2026-05-16T15:01:28.432+0000] {dagbag.py:545} INFO - Filling up the DagBag from /home/airflow/.local/lib/python3.12/site-packages/airflow/example_dags/example_python_operator.py
[2026-05-16T15:01:28.437+0000] {processor.py:840} INFO - DAG(s) 'example_python_operator' retrieved from /home/airflow/.local/lib/python3.12/site-packages/airflow/example_dags/example_python_operator.py
[2026-05-16T15:01:28.445+0000] {logging_mixin.py:188} INFO - [2026-05-16T15:01:28.445+0000] {dag.py:3089} INFO - Sync 1 DAGs
[2026-05-16T15:01:28.449+0000] {logging_mixin.py:188} INFO - [2026-05-16T15:01:28.449+0000] {dag.py:3947} INFO - Setting next_dagrun for example_python_operator to None, run_after=None
[2026-05-16T15:01:28.456+0000] {processor.py:183} INFO - Processing /home/airflow/.local/lib/python3.12/site-packages/airflow/example_dags/example_python_operator.py took 0.026 seconds
[2026-05-16T15:01:58.880+0000] {processor.py:161} INFO - Started process (PID=29240) to work on /home/airflow/.local/lib/python3.12/site-packages/airflow/example_dags/example_python_operator.py
[2026-05-16T15:01:58.880+0000] {processor.py:830} INFO - Processing file /home/airflow/.local/lib/python3.12/site-packages/airflow/example_dags/example_python_operator.py for tasks to queue
[2026-05-16T15:01:58.880+0000] {logging_mixin.py:188} INFO - [2026-05-16T15:01:58.880+0000] {dagbag.py:545} INFO - Filling up the DagBag from /home/airflow/.local/lib/python3.12/site-packages/airflow/example_dags/example_python_operator.py
[2026-05-16T15:01:58.884+0000] {processor.py:840} INFO - DAG(s) 'example_python_operator' retrieved from /home/airflow/.local/lib/python3.12/site-packages/airflow/example_dags/example_python_operator.py
[2026-05-16T15:01:58.892+0000] {logging_mixin.py:188} INFO - [2026-05-16T15:01:58.892+0000] {dag.py:3089} INFO - Sync 1 DAGs
[2026-05-16T15:01:58.895+0000] {logging_mixin.py:188} INFO - [2026-05-16T15:01:58.895+0000] {dag.py:3947} INFO - Setting next_dagrun for example_python_operator to None, run_after=None
[2026-05-16T15:01:58.900+0000] {processor.py:183} INFO - Processing /home/airflow/.local/lib/python3.12/site-packages/airflow/example_dags/example_python_operator.py took 0.023 seconds
[2026-05-16T15:02:29.302+0000] {processor.py:161} INFO - Started process (PID=29302) to work on /home/airflow/.local/lib/python3.12/site-packages/airflow/example_dags/example_python_operator.py
[2026-05-16T15:02:29.303+0000] {processor.py:830} INFO - Processing file /home/airflow/.local/lib/python3.12/site-packages/airflow/example_dags/example_python_operator.py for tasks to queue
[2026-05-16T15:02:29.303+0000] {logging_mixin.py:188} INFO - [2026-05-16T15:02:29.303+0000] {dagbag.py:545} INFO - Filling up the DagBag from /home/airflow/.local/lib/python3.12/site-packages/airflow/example_dags/example_python_operator.py
[2026-05-16T15:02:29.307+0000] {processor.py:840} INFO - DAG(s) 'example_python_operator' retrieved from /home/airflow/.local/lib/python3.12/site-packages/airflow/example_dags/example_python_operator.py
[2026-05-16T15:02:29.319+0000] {logging_mixin.py:188} INFO - [2026-05-16T15:02:29.319+0000] {dag.py:3089} INFO - Sync 1 DAGs
[2026-05-16T15:02:29.323+0000] {logging_mixin.py:188} INFO - [2026-05-16T15:02:29.323+0000] {dag.py:3947} INFO - Setting next_dagrun for example_python_operator to None, run_after=None
[2026-05-16T15:02:29.331+0000] {processor.py:183} INFO - Processing /home/airflow/.local/lib/python3.12/site-packages/airflow/example_dags/example_python_operator.py took 0.031 seconds
[2026-05-16T15:02:59.691+0000] {processor.py:161} INFO - Started process (PID=29364) to work on /home/airflow/.local/lib/python3.12/site-packages/airflow/example_dags/example_python_operator.py
[2026-05-16T15:02:59.692+0000] {processor.py:830} INFO - Processing file /home/airflow/.local/lib/python3.12/site-packages/airflow/example_dags/example_python_operator.py for tasks to queue
[2026-05-16T15:02:59.692+0000] {logging_mixin.py:188} INFO - [2026-05-16T15:02:59.692+0000] {dagbag.py:545} INFO - Filling up the DagBag from /home/airflow/.local/lib/python3.12/site-packages/airflow/example_dags/example_python_operator.py
[2026-05-16T15:02:59.697+0000] {processor.py:840} INFO - DAG(s) 'example_python_operator' retrieved from /home/airflow/.local/lib/python3.12/site-packages/airflow/example_dags/example_python_operator.py
[2026-05-16T15:02:59.707+0000] {logging_mixin.py:188} INFO - [2026-05-16T15:02:59.707+0000] {dag.py:3089} INFO - Sync 1 DAGs
[2026-05-16T15:02:59.712+0000] {logging_mixin.py:188} INFO - [2026-05-16T15:02:59.712+0000] {dag.py:3947} INFO - Setting next_dagrun for example_python_operator to None, run_after=None
[2026-05-16T15:02:59.718+0000] {processor.py:183} INFO - Processing /home/airflow/.local/lib/python3.12/site-packages/airflow/example_dags/example_python_operator.py took 0.029 seconds
[2026-05-16T15:03:30.298+0000] {processor.py:161} INFO - Started process (PID=29426) to work on /home/airflow/.local/lib/python3.12/site-packages/airflow/example_dags/example_python_operator.py
[2026-05-16T15:03:30.299+0000] {processor.py:830} INFO - Processing file /home/airflow/.local/lib/python3.12/site-packages/airflow/example_dags/example_python_operator.py for tasks to queue
[2026-05-16T15:03:30.299+0000] {logging_mixin.py:188} INFO - [2026-05-16T15:03:30.299+0000] {dagbag.py:545} INFO - Filling up the DagBag from /home/airflow/.local/lib/python3.12/site-packages/airflow/example_dags/example_python_operator.py
[2026-05-16T15:03:30.303+0000] {processor.py:840} INFO - DAG(s) 'example_python_operator' retrieved from /home/airflow/.local/lib/python3.12/site-packages/airflow/example_dags/example_python_operator.py
[2026-05-16T15:03:30.311+0000] {logging_mixin.py:188} INFO - [2026-05-16T15:03:30.311+0000] {dag.py:3089} INFO - Sync 1 DAGs
[2026-05-16T15:03:30.315+0000] {logging_mixin.py:188} INFO - [2026-05-16T15:03:30.315+0000] {dag.py:3947} INFO - Setting next_dagrun for example_python_operator to None, run_after=None
[2026-05-16T15:03:30.320+0000] {processor.py:183} INFO - Processing /home/airflow/.local/lib/python3.12/site-packages/airflow/example_dags/example_python_operator.py took 0.024 seconds
[2026-05-16T16:25:53.945+0000] {processor.py:161} INFO - Started process (PID=73) to work on /home/airflow/.local/lib/python3.12/site-packages/airflow/example_dags/example_python_operator.py
[2026-05-16T16:25:53.949+0000] {processor.py:830} INFO - Processing file /home/airflow/.local/lib/python3.12/site-packages/airflow/example_dags/example_python_operator.py for tasks to queue
[2026-05-16T16:25:53.954+0000] {logging_mixin.py:188} INFO - [2026-05-16T16:25:53.954+0000] {dagbag.py:545} INFO - Filling up the DagBag from /home/airflow/.local/lib/python3.12/site-packages/airflow/example_dags/example_python_operator.py
[2026-05-16T16:25:53.975+0000] {processor.py:840} INFO - DAG(s) 'example_python_operator' retrieved from /home/airflow/.local/lib/python3.12/site-packages/airflow/example_dags/example_python_operator.py
[2026-05-16T16:25:53.990+0000] {logging_mixin.py:188} INFO - [2026-05-16T16:25:53.990+0000] {dag.py:3089} INFO - Sync 1 DAGs
[2026-05-16T16:25:54.005+0000] {logging_mixin.py:188} INFO - [2026-05-16T16:25:54.005+0000] {dag.py:3947} INFO - Setting next_dagrun for example_python_operator to None, run_after=None
[2026-05-16T16:25:54.029+0000] {processor.py:183} INFO - Processing /home/airflow/.local/lib/python3.12/site-packages/airflow/example_dags/example_python_operator.py took 0.092 seconds
[2026-05-16T16:26:24.565+0000] {processor.py:161} INFO - Started process (PID=135) to work on /home/airflow/.local/lib/python3.12/site-packages/airflow/example_dags/example_python_operator.py
[2026-05-16T16:26:24.567+0000] {processor.py:830} INFO - Processing file /home/airflow/.local/lib/python3.12/site-packages/airflow/example_dags/example_python_operator.py for tasks to queue
[2026-05-16T16:26:24.569+0000] {logging_mixin.py:188} INFO - [2026-05-16T16:26:24.568+0000] {dagbag.py:545} INFO - Filling up the DagBag from /home/airflow/.local/lib/python3.12/site-packages/airflow/example_dags/example_python_operator.py
[2026-05-16T16:26:24.577+0000] {processor.py:840} INFO - DAG(s) 'example_python_operator' retrieved from /home/airflow/.local/lib/python3.12/site-packages/airflow/example_dags/example_python_operator.py
[2026-05-16T16:26:24.663+0000] {logging_mixin.py:188} INFO - [2026-05-16T16:26:24.663+0000] {dag.py:3089} INFO - Sync 1 DAGs
[2026-05-16T16:26:24.671+0000] {logging_mixin.py:188} INFO - [2026-05-16T16:26:24.671+0000] {dag.py:3947} INFO - Setting next_dagrun for example_python_operator to None, run_after=None
[2026-05-16T16:26:24.688+0000] {processor.py:183} INFO - Processing /home/airflow/.local/lib/python3.12/site-packages/airflow/example_dags/example_python_operator.py took 0.129 seconds
[2026-05-16T16:26:54.979+0000] {processor.py:161} INFO - Started process (PID=197) to work on /home/airflow/.local/lib/python3.12/site-packages/airflow/example_dags/example_python_operator.py
[2026-05-16T16:26:54.981+0000] {processor.py:830} INFO - Processing file /home/airflow/.local/lib/python3.12/site-packages/airflow/example_dags/example_python_operator.py for tasks to queue
[2026-05-16T16:26:54.982+0000] {logging_mixin.py:188} INFO - [2026-05-16T16:26:54.982+0000] {dagbag.py:545} INFO - Filling up the DagBag from /home/airflow/.local/lib/python3.12/site-packages/airflow/example_dags/example_python_operator.py
[2026-05-16T16:26:54.991+0000] {processor.py:840} INFO - DAG(s) 'example_python_operator' retrieved from /home/airflow/.local/lib/python3.12/site-packages/airflow/example_dags/example_python_operator.py
[2026-05-16T16:26:55.003+0000] {logging_mixin.py:188} INFO - [2026-05-16T16:26:55.003+0000] {dag.py:3089} INFO - Sync 1 DAGs
[2026-05-16T16:26:55.010+0000] {logging_mixin.py:188} INFO - [2026-05-16T16:26:55.010+0000] {dag.py:3947} INFO - Setting next_dagrun for example_python_operator to None, run_after=None
[2026-05-16T16:26:55.021+0000] {processor.py:183} INFO - Processing /home/airflow/.local/lib/python3.12/site-packages/airflow/example_dags/example_python_operator.py took 0.045 seconds
[2026-05-16T16:27:25.136+0000] {processor.py:161} INFO - Started process (PID=259) to work on /home/airflow/.local/lib/python3.12/site-packages/airflow/example_dags/example_python_operator.py
[2026-05-16T16:27:25.137+0000] {processor.py:830} INFO - Processing file /home/airflow/.local/lib/python3.12/site-packages/airflow/example_dags/example_python_operator.py for tasks to queue
[2026-05-16T16:27:25.139+0000] {logging_mixin.py:188} INFO - [2026-05-16T16:27:25.138+0000] {dagbag.py:545} INFO - Filling up the DagBag from /home/airflow/.local/lib/python3.12/site-packages/airflow/example_dags/example_python_operator.py
[2026-05-16T16:27:25.144+0000] {processor.py:840} INFO - DAG(s) 'example_python_operator' retrieved from /home/airflow/.local/lib/python3.12/site-packages/airflow/example_dags/example_python_operator.py
[2026-05-16T16:27:25.155+0000] {logging_mixin.py:188} INFO - [2026-05-16T16:27:25.155+0000] {dag.py:3089} INFO - Sync 1 DAGs
[2026-05-16T16:27:25.162+0000] {logging_mixin.py:188} INFO - [2026-05-16T16:27:25.162+0000] {dag.py:3947} INFO - Setting next_dagrun for example_python_operator to None, run_after=None
[2026-05-16T16:27:25.175+0000] {processor.py:183} INFO - Processing /home/airflow/.local/lib/python3.12/site-packages/airflow/example_dags/example_python_operator.py took 0.043 seconds
[2026-05-16T16:27:55.782+0000] {processor.py:161} INFO - Started process (PID=326) to work on /home/airflow/.local/lib/python3.12/site-packages/airflow/example_dags/example_python_operator.py
[2026-05-16T16:27:55.782+0000] {processor.py:830} INFO - Processing file /home/airflow/.local/lib/python3.12/site-packages/airflow/example_dags/example_python_operator.py for tasks to queue
[2026-05-16T16:27:55.783+0000] {logging_mixin.py:188} INFO - [2026-05-16T16:27:55.783+0000] {dagbag.py:545} INFO - Filling up the DagBag from /home/airflow/.local/lib/python3.12/site-packages/airflow/example_dags/example_python_operator.py
[2026-05-16T16:27:55.787+0000] {processor.py:840} INFO - DAG(s) 'example_python_operator' retrieved from /home/airflow/.local/lib/python3.12/site-packages/airflow/example_dags/example_python_operator.py
[2026-05-16T16:27:55.795+0000] {logging_mixin.py:188} INFO - [2026-05-16T16:27:55.795+0000] {dag.py:3089} INFO - Sync 1 DAGs
[2026-05-16T16:27:55.800+0000] {logging_mixin.py:188} INFO - [2026-05-16T16:27:55.799+0000] {dag.py:3947} INFO - Setting next_dagrun for example_python_operator to None, run_after=None
[2026-05-16T16:27:55.806+0000] {processor.py:183} INFO - Processing /home/airflow/.local/lib/python3.12/site-packages/airflow/example_dags/example_python_operator.py took 0.027 seconds
[2026-05-16T16:28:26.351+0000] {processor.py:161} INFO - Started process (PID=388) to work on /home/airflow/.local/lib/python3.12/site-packages/airflow/example_dags/example_python_operator.py
[2026-05-16T16:28:26.352+0000] {processor.py:830} INFO - Processing file /home/airflow/.local/lib/python3.12/site-packages/airflow/example_dags/example_python_operator.py for tasks to queue
[2026-05-16T16:28:26.352+0000] {logging_mixin.py:188} INFO - [2026-05-16T16:28:26.352+0000] {dagbag.py:545} INFO - Filling up the DagBag from /home/airflow/.local/lib/python3.12/site-packages/airflow/example_dags/example_python_operator.py
[2026-05-16T16:28:26.357+0000] {processor.py:840} INFO - DAG(s) 'example_python_operator' retrieved from /home/airflow/.local/lib/python3.12/site-packages/airflow/example_dags/example_python_operator.py
[2026-05-16T16:28:26.368+0000] {logging_mixin.py:188} INFO - [2026-05-16T16:28:26.368+0000] {dag.py:3089} INFO - Sync 1 DAGs
[2026-05-16T16:28:26.373+0000] {logging_mixin.py:188} INFO - [2026-05-16T16:28:26.373+0000] {dag.py:3947} INFO - Setting next_dagrun for example_python_operator to None, run_after=None
[2026-05-16T16:28:26.381+0000] {processor.py:183} INFO - Processing /home/airflow/.local/lib/python3.12/site-packages/airflow/example_dags/example_python_operator.py took 0.032 seconds
[2026-05-16T16:28:56.919+0000] {processor.py:161} INFO - Started process (PID=449) to work on /home/airflow/.local/lib/python3.12/site-packages/airflow/example_dags/example_python_operator.py
[2026-05-16T16:28:56.919+0000] {processor.py:830} INFO - Processing file /home/airflow/.local/lib/python3.12/site-packages/airflow/example_dags/example_python_operator.py for tasks to queue
[2026-05-16T16:28:56.920+0000] {logging_mixin.py:188} INFO - [2026-05-16T16:28:56.920+0000] {dagbag.py:545} INFO - Filling up the DagBag from /home/airflow/.local/lib/python3.12/site-packages/airflow/example_dags/example_python_operator.py
[2026-05-16T16:28:56.925+0000] {processor.py:840} INFO - DAG(s) 'example_python_operator' retrieved from /home/airflow/.local/lib/python3.12/site-packages/airflow/example_dags/example_python_operator.py
[2026-05-16T16:28:56.934+0000] {logging_mixin.py:188} INFO - [2026-05-16T16:28:56.934+0000] {dag.py:3089} INFO - Sync 1 DAGs
[2026-05-16T16:28:56.940+0000] {logging_mixin.py:188} INFO - [2026-05-16T16:28:56.939+0000] {dag.py:3947} INFO - Setting next_dagrun for example_python_operator to None, run_after=None
[2026-05-16T16:28:56.945+0000] {processor.py:183} INFO - Processing /home/airflow/.local/lib/python3.12/site-packages/airflow/example_dags/example_python_operator.py took 0.030 seconds
[2026-05-16T16:29:27.720+0000] {processor.py:161} INFO - Started process (PID=511) to work on /home/airflow/.local/lib/python3.12/site-packages/airflow/example_dags/example_python_operator.py
[2026-05-16T16:29:27.721+0000] {processor.py:830} INFO - Processing file /home/airflow/.local/lib/python3.12/site-packages/airflow/example_dags/example_python_operator.py for tasks to queue
[2026-05-16T16:29:27.723+0000] {logging_mixin.py:188} INFO - [2026-05-16T16:29:27.722+0000] {dagbag.py:545} INFO - Filling up the DagBag from /home/airflow/.local/lib/python3.12/site-packages/airflow/example_dags/example_python_operator.py
[2026-05-16T16:29:27.728+0000] {processor.py:840} INFO - DAG(s) 'example_python_operator' retrieved from /home/airflow/.local/lib/python3.12/site-packages/airflow/example_dags/example_python_operator.py
[2026-05-16T16:29:27.738+0000] {logging_mixin.py:188} INFO - [2026-05-16T16:29:27.738+0000] {dag.py:3089} INFO - Sync 1 DAGs
[2026-05-16T16:29:27.745+0000] {logging_mixin.py:188} INFO - [2026-05-16T16:29:27.745+0000] {dag.py:3947} INFO - Setting next_dagrun for example_python_operator to None, run_after=None
[2026-05-16T16:29:27.751+0000] {processor.py:183} INFO - Processing /home/airflow/.local/lib/python3.12/site-packages/airflow/example_dags/example_python_operator.py took 0.033 seconds
[2026-05-16T16:29:58.371+0000] {processor.py:161} INFO - Started process (PID=572) to work on /home/airflow/.local/lib/python3.12/site-packages/airflow/example_dags/example_python_operator.py
[2026-05-16T16:29:58.371+0000] {processor.py:830} INFO - Processing file /home/airflow/.local/lib/python3.12/site-packages/airflow/example_dags/example_python_operator.py for tasks to queue
[2026-05-16T16:29:58.372+0000] {logging_mixin.py:188} INFO - [2026-05-16T16:29:58.372+0000] {dagbag.py:545} INFO - Filling up the DagBag from /home/airflow/.local/lib/python3.12/site-packages/airflow/example_dags/example_python_operator.py
[2026-05-16T16:29:58.378+0000] {processor.py:840} INFO - DAG(s) 'example_python_operator' retrieved from /home/airflow/.local/lib/python3.12/site-packages/airflow/example_dags/example_python_operator.py
[2026-05-16T16:29:58.386+0000] {logging_mixin.py:188} INFO - [2026-05-16T16:29:58.386+0000] {dag.py:3089} INFO - Sync 1 DAGs
[2026-05-16T16:29:58.392+0000] {logging_mixin.py:188} INFO - [2026-05-16T16:29:58.392+0000] {dag.py:3947} INFO - Setting next_dagrun for example_python_operator to None, run_after=None
[2026-05-16T16:29:58.397+0000] {processor.py:183} INFO - Processing /home/airflow/.local/lib/python3.12/site-packages/airflow/example_dags/example_python_operator.py took 0.029 seconds
[2026-05-16T16:30:29.029+0000] {processor.py:161} INFO - Started process (PID=634) to work on /home/airflow/.local/lib/python3.12/site-packages/airflow/example_dags/example_python_operator.py
[2026-05-16T16:30:29.030+0000] {processor.py:830} INFO - Processing file /home/airflow/.local/lib/python3.12/site-packages/airflow/example_dags/example_python_operator.py for tasks to queue
[2026-05-16T16:30:29.031+0000] {logging_mixin.py:188} INFO - [2026-05-16T16:30:29.031+0000] {dagbag.py:545} INFO - Filling up the DagBag from /home/airflow/.local/lib/python3.12/site-packages/airflow/example_dags/example_python_operator.py
[2026-05-16T16:30:29.036+0000] {processor.py:840} INFO - DAG(s) 'example_python_operator' retrieved from /home/airflow/.local/lib/python3.12/site-packages/airflow/example_dags/example_python_operator.py
[2026-05-16T16:30:29.047+0000] {logging_mixin.py:188} INFO - [2026-05-16T16:30:29.046+0000] {dag.py:3089} INFO - Sync 1 DAGs
[2026-05-16T16:30:29.052+0000] {logging_mixin.py:188} INFO - [2026-05-16T16:30:29.052+0000] {dag.py:3947} INFO - Setting next_dagrun for example_python_operator to None, run_after=None
[2026-05-16T16:30:29.058+0000] {processor.py:183} INFO - Processing /home/airflow/.local/lib/python3.12/site-packages/airflow/example_dags/example_python_operator.py took 0.032 seconds
[2026-05-16T16:30:59.789+0000] {processor.py:161} INFO - Started process (PID=696) to work on /home/airflow/.local/lib/python3.12/site-packages/airflow/example_dags/example_python_operator.py
[2026-05-16T16:30:59.790+0000] {processor.py:830} INFO - Processing file /home/airflow/.local/lib/python3.12/site-packages/airflow/example_dags/example_python_operator.py for tasks to queue
[2026-05-16T16:30:59.791+0000] {logging_mixin.py:188} INFO - [2026-05-16T16:30:59.791+0000] {dagbag.py:545} INFO - Filling up the DagBag from /home/airflow/.local/lib/python3.12/site-packages/airflow/example_dags/example_python_operator.py
[2026-05-16T16:30:59.798+0000] {processor.py:840} INFO - DAG(s) 'example_python_operator' retrieved from /home/airflow/.local/lib/python3.12/site-packages/airflow/example_dags/example_python_operator.py
[2026-05-16T16:30:59.809+0000] {logging_mixin.py:188} INFO - [2026-05-16T16:30:59.809+0000] {dag.py:3089} INFO - Sync 1 DAGs
[2026-05-16T16:30:59.815+0000] {logging_mixin.py:188} INFO - [2026-05-16T16:30:59.815+0000] {dag.py:3947} INFO - Setting next_dagrun for example_python_operator to None, run_after=None
[2026-05-16T16:30:59.822+0000] {processor.py:183} INFO - Processing /home/airflow/.local/lib/python3.12/site-packages/airflow/example_dags/example_python_operator.py took 0.035 seconds
[2026-05-16T16:31:29.877+0000] {processor.py:161} INFO - Started process (PID=758) to work on /home/airflow/.local/lib/python3.12/site-packages/airflow/example_dags/example_python_operator.py
[2026-05-16T16:31:29.878+0000] {processor.py:830} INFO - Processing file /home/airflow/.local/lib/python3.12/site-packages/airflow/example_dags/example_python_operator.py for tasks to queue
[2026-05-16T16:31:29.880+0000] {logging_mixin.py:188} INFO - [2026-05-16T16:31:29.880+0000] {dagbag.py:545} INFO - Filling up the DagBag from /home/airflow/.local/lib/python3.12/site-packages/airflow/example_dags/example_python_operator.py
[2026-05-16T16:31:29.884+0000] {processor.py:840} INFO - DAG(s) 'example_python_operator' retrieved from /home/airflow/.local/lib/python3.12/site-packages/airflow/example_dags/example_python_operator.py
[2026-05-16T16:31:29.894+0000] {logging_mixin.py:188} INFO - [2026-05-16T16:31:29.894+0000] {dag.py:3089} INFO - Sync 1 DAGs
[2026-05-16T16:31:29.900+0000] {logging_mixin.py:188} INFO - [2026-05-16T16:31:29.899+0000] {dag.py:3947} INFO - Setting next_dagrun for example_python_operator to None, run_after=None
[2026-05-16T16:31:29.907+0000] {processor.py:183} INFO - Processing /home/airflow/.local/lib/python3.12/site-packages/airflow/example_dags/example_python_operator.py took 0.033 seconds
[2026-05-16T16:31:59.982+0000] {processor.py:161} INFO - Started process (PID=819) to work on /home/airflow/.local/lib/python3.12/site-packages/airflow/example_dags/example_python_operator.py
[2026-05-16T16:31:59.982+0000] {processor.py:830} INFO - Processing file /home/airflow/.local/lib/python3.12/site-packages/airflow/example_dags/example_python_operator.py for tasks to queue
[2026-05-16T16:31:59.983+0000] {logging_mixin.py:188} INFO - [2026-05-16T16:31:59.983+0000] {dagbag.py:545} INFO - Filling up the DagBag from /home/airflow/.local/lib/python3.12/site-packages/airflow/example_dags/example_python_operator.py
[2026-05-16T16:31:59.987+0000] {processor.py:840} INFO - DAG(s) 'example_python_operator' retrieved from /home/airflow/.local/lib/python3.12/site-packages/airflow/example_dags/example_python_operator.py
[2026-05-16T16:31:59.997+0000] {logging_mixin.py:188} INFO - [2026-05-16T16:31:59.996+0000] {dag.py:3089} INFO - Sync 1 DAGs
[2026-05-16T16:32:00.002+0000] {logging_mixin.py:188} INFO - [2026-05-16T16:32:00.002+0000] {dag.py:3947} INFO - Setting next_dagrun for example_python_operator to None, run_after=None
[2026-05-16T16:32:00.009+0000] {processor.py:183} INFO - Processing /home/airflow/.local/lib/python3.12/site-packages/airflow/example_dags/example_python_operator.py took 0.030 seconds
[2026-05-16T16:32:30.348+0000] {processor.py:161} INFO - Started process (PID=881) to work on /home/airflow/.local/lib/python3.12/site-packages/airflow/example_dags/example_python_operator.py
[2026-05-16T16:32:30.349+0000] {processor.py:830} INFO - Processing file /home/airflow/.local/lib/python3.12/site-packages/airflow/example_dags/example_python_operator.py for tasks to queue
[2026-05-16T16:32:30.350+0000] {logging_mixin.py:188} INFO - [2026-05-16T16:32:30.350+0000] {dagbag.py:545} INFO - Filling up the DagBag from /home/airflow/.local/lib/python3.12/site-packages/airflow/example_dags/example_python_operator.py
[2026-05-16T16:32:30.355+0000] {processor.py:840} INFO - DAG(s) 'example_python_operator' retrieved from /home/airflow/.local/lib/python3.12/site-packages/airflow/example_dags/example_python_operator.py
[2026-05-16T16:32:30.366+0000] {logging_mixin.py:188} INFO - [2026-05-16T16:32:30.366+0000] {dag.py:3089} INFO - Sync 1 DAGs
[2026-05-16T16:32:30.371+0000] {logging_mixin.py:188} INFO - [2026-05-16T16:32:30.371+0000] {dag.py:3947} INFO - Setting next_dagrun for example_python_operator to None, run_after=None
[2026-05-16T16:32:30.381+0000] {processor.py:183} INFO - Processing /home/airflow/.local/lib/python3.12/site-packages/airflow/example_dags/example_python_operator.py took 0.036 seconds
[2026-05-16T16:33:01.442+0000] {processor.py:161} INFO - Started process (PID=943) to work on /home/airflow/.local/lib/python3.12/site-packages/airflow/example_dags/example_python_operator.py
[2026-05-16T16:33:01.443+0000] {processor.py:830} INFO - Processing file /home/airflow/.local/lib/python3.12/site-packages/airflow/example_dags/example_python_operator.py for tasks to queue
[2026-05-16T16:33:01.443+0000] {logging_mixin.py:188} INFO - [2026-05-16T16:33:01.443+0000] {dagbag.py:545} INFO - Filling up the DagBag from /home/airflow/.local/lib/python3.12/site-packages/airflow/example_dags/example_python_operator.py
[2026-05-16T16:33:01.447+0000] {processor.py:840} INFO - DAG(s) 'example_python_operator' retrieved from /home/airflow/.local/lib/python3.12/site-packages/airflow/example_dags/example_python_operator.py
[2026-05-16T16:33:01.456+0000] {logging_mixin.py:188} INFO - [2026-05-16T16:33:01.456+0000] {dag.py:3089} INFO - Sync 1 DAGs
[2026-05-16T16:33:01.461+0000] {logging_mixin.py:188} INFO - [2026-05-16T16:33:01.461+0000] {dag.py:3947} INFO - Setting next_dagrun for example_python_operator to None, run_after=None
[2026-05-16T16:33:01.539+0000] {processor.py:183} INFO - Processing /home/airflow/.local/lib/python3.12/site-packages/airflow/example_dags/example_python_operator.py took 0.099 seconds
[2026-05-16T16:33:32.302+0000] {processor.py:161} INFO - Started process (PID=1005) to work on /home/airflow/.local/lib/python3.12/site-packages/airflow/example_dags/example_python_operator.py
[2026-05-16T16:33:32.302+0000] {processor.py:830} INFO - Processing file /home/airflow/.local/lib/python3.12/site-packages/airflow/example_dags/example_python_operator.py for tasks to queue
[2026-05-16T16:33:32.303+0000] {logging_mixin.py:188} INFO - [2026-05-16T16:33:32.303+0000] {dagbag.py:545} INFO - Filling up the DagBag from /home/airflow/.local/lib/python3.12/site-packages/airflow/example_dags/example_python_operator.py
[2026-05-16T16:33:32.307+0000] {processor.py:840} INFO - DAG(s) 'example_python_operator' retrieved from /home/airflow/.local/lib/python3.12/site-packages/airflow/example_dags/example_python_operator.py
[2026-05-16T16:33:32.318+0000] {logging_mixin.py:188} INFO - [2026-05-16T16:33:32.317+0000] {dag.py:3089} INFO - Sync 1 DAGs
[2026-05-16T16:33:32.398+0000] {logging_mixin.py:188} INFO - [2026-05-16T16:33:32.398+0000] {dag.py:3947} INFO - Setting next_dagrun for example_python_operator to None, run_after=None
[2026-05-16T16:33:32.403+0000] {processor.py:183} INFO - Processing /home/airflow/.local/lib/python3.12/site-packages/airflow/example_dags/example_python_operator.py took 0.104 seconds
[2026-05-16T16:34:02.709+0000] {processor.py:161} INFO - Started process (PID=1067) to work on /home/airflow/.local/lib/python3.12/site-packages/airflow/example_dags/example_python_operator.py
[2026-05-16T16:34:02.709+0000] {processor.py:830} INFO - Processing file /home/airflow/.local/lib/python3.12/site-packages/airflow/example_dags/example_python_operator.py for tasks to queue
[2026-05-16T16:34:02.711+0000] {logging_mixin.py:188} INFO - [2026-05-16T16:34:02.711+0000] {dagbag.py:545} INFO - Filling up the DagBag from /home/airflow/.local/lib/python3.12/site-packages/airflow/example_dags/example_python_operator.py
[2026-05-16T16:34:02.716+0000] {processor.py:840} INFO - DAG(s) 'example_python_operator' retrieved from /home/airflow/.local/lib/python3.12/site-packages/airflow/example_dags/example_python_operator.py
[2026-05-16T16:34:02.726+0000] {logging_mixin.py:188} INFO - [2026-05-16T16:34:02.726+0000] {dag.py:3089} INFO - Sync 1 DAGs
[2026-05-16T16:34:02.811+0000] {logging_mixin.py:188} INFO - [2026-05-16T16:34:02.811+0000] {dag.py:3947} INFO - Setting next_dagrun for example_python_operator to None, run_after=None
[2026-05-16T16:34:02.817+0000] {processor.py:183} INFO - Processing /home/airflow/.local/lib/python3.12/site-packages/airflow/example_dags/example_python_operator.py took 0.111 seconds
[2026-05-16T16:34:33.090+0000] {processor.py:161} INFO - Started process (PID=1128) to work on /home/airflow/.local/lib/python3.12/site-packages/airflow/example_dags/example_python_operator.py
[2026-05-16T16:34:33.091+0000] {processor.py:830} INFO - Processing file /home/airflow/.local/lib/python3.12/site-packages/airflow/example_dags/example_python_operator.py for tasks to queue
[2026-05-16T16:34:33.092+0000] {logging_mixin.py:188} INFO - [2026-05-16T16:34:33.092+0000] {dagbag.py:545} INFO - Filling up the DagBag from /home/airflow/.local/lib/python3.12/site-packages/airflow/example_dags/example_python_operator.py
[2026-05-16T16:34:33.097+0000] {processor.py:840} INFO - DAG(s) 'example_python_operator' retrieved from /home/airflow/.local/lib/python3.12/site-packages/airflow/example_dags/example_python_operator.py
[2026-05-16T16:34:33.109+0000] {logging_mixin.py:188} INFO - [2026-05-16T16:34:33.109+0000] {dag.py:3089} INFO - Sync 1 DAGs
[2026-05-16T16:34:33.114+0000] {logging_mixin.py:188} INFO - [2026-05-16T16:34:33.114+0000] {dag.py:3947} INFO - Setting next_dagrun for example_python_operator to None, run_after=None
[2026-05-16T16:34:33.123+0000] {processor.py:183} INFO - Processing /home/airflow/.local/lib/python3.12/site-packages/airflow/example_dags/example_python_operator.py took 0.036 seconds
[2026-05-16T16:35:03.764+0000] {processor.py:161} INFO - Started process (PID=1190) to work on /home/airflow/.local/lib/python3.12/site-packages/airflow/example_dags/example_python_operator.py
[2026-05-16T16:35:03.765+0000] {processor.py:830} INFO - Processing file /home/airflow/.local/lib/python3.12/site-packages/airflow/example_dags/example_python_operator.py for tasks to queue
[2026-05-16T16:35:03.766+0000] {logging_mixin.py:188} INFO - [2026-05-16T16:35:03.765+0000] {dagbag.py:545} INFO - Filling up the DagBag from /home/airflow/.local/lib/python3.12/site-packages/airflow/example_dags/example_python_operator.py
[2026-05-16T16:35:03.770+0000] {processor.py:840} INFO - DAG(s) 'example_python_operator' retrieved from /home/airflow/.local/lib/python3.12/site-packages/airflow/example_dags/example_python_operator.py
[2026-05-16T16:35:03.780+0000] {logging_mixin.py:188} INFO - [2026-05-16T16:35:03.779+0000] {dag.py:3089} INFO - Sync 1 DAGs
[2026-05-16T16:35:03.785+0000] {logging_mixin.py:188} INFO - [2026-05-16T16:35:03.784+0000] {dag.py:3947} INFO - Setting next_dagrun for example_python_operator to None, run_after=None
[2026-05-16T16:35:03.791+0000] {processor.py:183} INFO - Processing /home/airflow/.local/lib/python3.12/site-packages/airflow/example_dags/example_python_operator.py took 0.030 seconds
[2026-05-16T16:35:34.446+0000] {processor.py:161} INFO - Started process (PID=1252) to work on /home/airflow/.local/lib/python3.12/site-packages/airflow/example_dags/example_python_operator.py
[2026-05-16T16:35:34.446+0000] {processor.py:830} INFO - Processing file /home/airflow/.local/lib/python3.12/site-packages/airflow/example_dags/example_python_operator.py for tasks to queue
[2026-05-16T16:35:34.447+0000] {logging_mixin.py:188} INFO - [2026-05-16T16:35:34.447+0000] {dagbag.py:545} INFO - Filling up the DagBag from /home/airflow/.local/lib/python3.12/site-packages/airflow/example_dags/example_python_operator.py
[2026-05-16T16:35:34.452+0000] {processor.py:840} INFO - DAG(s) 'example_python_operator' retrieved from /home/airflow/.local/lib/python3.12/site-packages/airflow/example_dags/example_python_operator.py
[2026-05-16T16:35:34.461+0000] {logging_mixin.py:188} INFO - [2026-05-16T16:35:34.461+0000] {dag.py:3089} INFO - Sync 1 DAGs
[2026-05-16T16:35:34.466+0000] {logging_mixin.py:188} INFO - [2026-05-16T16:35:34.466+0000] {dag.py:3947} INFO - Setting next_dagrun for example_python_operator to None, run_after=None
[2026-05-16T16:35:34.473+0000] {processor.py:183} INFO - Processing /home/airflow/.local/lib/python3.12/site-packages/airflow/example_dags/example_python_operator.py took 0.030 seconds
[2026-05-16T16:36:05.101+0000] {processor.py:161} INFO - Started process (PID=1314) to work on /home/airflow/.local/lib/python3.12/site-packages/airflow/example_dags/example_python_operator.py
[2026-05-16T16:36:05.101+0000] {processor.py:830} INFO - Processing file /home/airflow/.local/lib/python3.12/site-packages/airflow/example_dags/example_python_operator.py for tasks to queue
[2026-05-16T16:36:05.102+0000] {logging_mixin.py:188} INFO - [2026-05-16T16:36:05.102+0000] {dagbag.py:545} INFO - Filling up the DagBag from /home/airflow/.local/lib/python3.12/site-packages/airflow/example_dags/example_python_operator.py
[2026-05-16T16:36:05.107+0000] {processor.py:840} INFO - DAG(s) 'example_python_operator' retrieved from /home/airflow/.local/lib/python3.12/site-packages/airflow/example_dags/example_python_operator.py
[2026-05-16T16:36:05.119+0000] {logging_mixin.py:188} INFO - [2026-05-16T16:36:05.119+0000] {dag.py:3089} INFO - Sync 1 DAGs
[2026-05-16T16:36:05.126+0000] {logging_mixin.py:188} INFO - [2026-05-16T16:36:05.126+0000] {dag.py:3947} INFO - Setting next_dagrun for example_python_operator to None, run_after=None
[2026-05-16T16:36:05.132+0000] {processor.py:183} INFO - Processing /home/airflow/.local/lib/python3.12/site-packages/airflow/example_dags/example_python_operator.py took 0.034 seconds
[2026-05-16T16:36:35.718+0000] {processor.py:161} INFO - Started process (PID=1376) to work on /home/airflow/.local/lib/python3.12/site-packages/airflow/example_dags/example_python_operator.py
[2026-05-16T16:36:35.718+0000] {processor.py:830} INFO - Processing file /home/airflow/.local/lib/python3.12/site-packages/airflow/example_dags/example_python_operator.py for tasks to queue
[2026-05-16T16:36:35.719+0000] {logging_mixin.py:188} INFO - [2026-05-16T16:36:35.719+0000] {dagbag.py:545} INFO - Filling up the DagBag from /home/airflow/.local/lib/python3.12/site-packages/airflow/example_dags/example_python_operator.py
[2026-05-16T16:36:35.725+0000] {processor.py:840} INFO - DAG(s) 'example_python_operator' retrieved from /home/airflow/.local/lib/python3.12/site-packages/airflow/example_dags/example_python_operator.py
[2026-05-16T16:36:35.739+0000] {logging_mixin.py:188} INFO - [2026-05-16T16:36:35.739+0000] {dag.py:3089} INFO - Sync 1 DAGs
[2026-05-16T16:36:35.745+0000] {logging_mixin.py:188} INFO - [2026-05-16T16:36:35.745+0000] {dag.py:3947} INFO - Setting next_dagrun for example_python_operator to None, run_after=None
[2026-05-16T16:36:35.755+0000] {processor.py:183} INFO - Processing /home/airflow/.local/lib/python3.12/site-packages/airflow/example_dags/example_python_operator.py took 0.040 seconds
[2026-05-16T16:37:06.361+0000] {processor.py:161} INFO - Started process (PID=1438) to work on /home/airflow/.local/lib/python3.12/site-packages/airflow/example_dags/example_python_operator.py
[2026-05-16T16:37:06.361+0000] {processor.py:830} INFO - Processing file /home/airflow/.local/lib/python3.12/site-packages/airflow/example_dags/example_python_operator.py for tasks to queue
[2026-05-16T16:37:06.362+0000] {logging_mixin.py:188} INFO - [2026-05-16T16:37:06.362+0000] {dagbag.py:545} INFO - Filling up the DagBag from /home/airflow/.local/lib/python3.12/site-packages/airflow/example_dags/example_python_operator.py
[2026-05-16T16:37:06.367+0000] {processor.py:840} INFO - DAG(s) 'example_python_operator' retrieved from /home/airflow/.local/lib/python3.12/site-packages/airflow/example_dags/example_python_operator.py
[2026-05-16T16:37:06.377+0000] {logging_mixin.py:188} INFO - [2026-05-16T16:37:06.377+0000] {dag.py:3089} INFO - Sync 1 DAGs
[2026-05-16T16:37:06.382+0000] {logging_mixin.py:188} INFO - [2026-05-16T16:37:06.382+0000] {dag.py:3947} INFO - Setting next_dagrun for example_python_operator to None, run_after=None
[2026-05-16T16:37:06.392+0000] {processor.py:183} INFO - Processing /home/airflow/.local/lib/python3.12/site-packages/airflow/example_dags/example_python_operator.py took 0.035 seconds
[2026-05-16T16:37:36.990+0000] {processor.py:161} INFO - Started process (PID=1499) to work on /home/airflow/.local/lib/python3.12/site-packages/airflow/example_dags/example_python_operator.py
[2026-05-16T16:37:36.990+0000] {processor.py:830} INFO - Processing file /home/airflow/.local/lib/python3.12/site-packages/airflow/example_dags/example_python_operator.py for tasks to queue
[2026-05-16T16:37:36.991+0000] {logging_mixin.py:188} INFO - [2026-05-16T16:37:36.991+0000] {dagbag.py:545} INFO - Filling up the DagBag from /home/airflow/.local/lib/python3.12/site-packages/airflow/example_dags/example_python_operator.py
[2026-05-16T16:37:36.996+0000] {processor.py:840} INFO - DAG(s) 'example_python_operator' retrieved from /home/airflow/.local/lib/python3.12/site-packages/airflow/example_dags/example_python_operator.py
[2026-05-16T16:37:37.005+0000] {logging_mixin.py:188} INFO - [2026-05-16T16:37:37.005+0000] {dag.py:3089} INFO - Sync 1 DAGs
[2026-05-16T16:37:37.011+0000] {logging_mixin.py:188} INFO - [2026-05-16T16:37:37.011+0000] {dag.py:3947} INFO - Setting next_dagrun for example_python_operator to None, run_after=None
[2026-05-16T16:37:37.018+0000] {processor.py:183} INFO - Processing /home/airflow/.local/lib/python3.12/site-packages/airflow/example_dags/example_python_operator.py took 0.031 seconds
[2026-05-16T16:38:07.586+0000] {processor.py:161} INFO - Started process (PID=1561) to work on /home/airflow/.local/lib/python3.12/site-packages/airflow/example_dags/example_python_operator.py
[2026-05-16T16:38:07.587+0000] {processor.py:830} INFO - Processing file /home/airflow/.local/lib/python3.12/site-packages/airflow/example_dags/example_python_operator.py for tasks to queue
[2026-05-16T16:38:07.588+0000] {logging_mixin.py:188} INFO - [2026-05-16T16:38:07.587+0000] {dagbag.py:545} INFO - Filling up the DagBag from /home/airflow/.local/lib/python3.12/site-packages/airflow/example_dags/example_python_operator.py
[2026-05-16T16:38:07.592+0000] {processor.py:840} INFO - DAG(s) 'example_python_operator' retrieved from /home/airflow/.local/lib/python3.12/site-packages/airflow/example_dags/example_python_operator.py
[2026-05-16T16:38:07.603+0000] {logging_mixin.py:188} INFO - [2026-05-16T16:38:07.603+0000] {dag.py:3089} INFO - Sync 1 DAGs
[2026-05-16T16:38:07.608+0000] {logging_mixin.py:188} INFO - [2026-05-16T16:38:07.608+0000] {dag.py:3947} INFO - Setting next_dagrun for example_python_operator to None, run_after=None
[2026-05-16T16:38:07.615+0000] {processor.py:183} INFO - Processing /home/airflow/.local/lib/python3.12/site-packages/airflow/example_dags/example_python_operator.py took 0.032 seconds
[2026-05-16T16:38:38.179+0000] {processor.py:161} INFO - Started process (PID=1623) to work on /home/airflow/.local/lib/python3.12/site-packages/airflow/example_dags/example_python_operator.py
[2026-05-16T16:38:38.179+0000] {processor.py:830} INFO - Processing file /home/airflow/.local/lib/python3.12/site-packages/airflow/example_dags/example_python_operator.py for tasks to queue
[2026-05-16T16:38:38.180+0000] {logging_mixin.py:188} INFO - [2026-05-16T16:38:38.180+0000] {dagbag.py:545} INFO - Filling up the DagBag from /home/airflow/.local/lib/python3.12/site-packages/airflow/example_dags/example_python_operator.py
[2026-05-16T16:38:38.186+0000] {processor.py:840} INFO - DAG(s) 'example_python_operator' retrieved from /home/airflow/.local/lib/python3.12/site-packages/airflow/example_dags/example_python_operator.py
[2026-05-16T16:38:38.196+0000] {logging_mixin.py:188} INFO - [2026-05-16T16:38:38.196+0000] {dag.py:3089} INFO - Sync 1 DAGs
[2026-05-16T16:38:38.201+0000] {logging_mixin.py:188} INFO - [2026-05-16T16:38:38.201+0000] {dag.py:3947} INFO - Setting next_dagrun for example_python_operator to None, run_after=None
[2026-05-16T16:38:38.209+0000] {processor.py:183} INFO - Processing /home/airflow/.local/lib/python3.12/site-packages/airflow/example_dags/example_python_operator.py took 0.034 seconds
[2026-05-16T16:39:08.751+0000] {processor.py:161} INFO - Started process (PID=1685) to work on /home/airflow/.local/lib/python3.12/site-packages/airflow/example_dags/example_python_operator.py
[2026-05-16T16:39:08.752+0000] {processor.py:830} INFO - Processing file /home/airflow/.local/lib/python3.12/site-packages/airflow/example_dags/example_python_operator.py for tasks to queue
[2026-05-16T16:39:08.753+0000] {logging_mixin.py:188} INFO - [2026-05-16T16:39:08.753+0000] {dagbag.py:545} INFO - Filling up the DagBag from /home/airflow/.local/lib/python3.12/site-packages/airflow/example_dags/example_python_operator.py
[2026-05-16T16:39:08.758+0000] {processor.py:840} INFO - DAG(s) 'example_python_operator' retrieved from /home/airflow/.local/lib/python3.12/site-packages/airflow/example_dags/example_python_operator.py
[2026-05-16T16:39:08.769+0000] {logging_mixin.py:188} INFO - [2026-05-16T16:39:08.769+0000] {dag.py:3089} INFO - Sync 1 DAGs
[2026-05-16T16:39:08.776+0000] {logging_mixin.py:188} INFO - [2026-05-16T16:39:08.775+0000] {dag.py:3947} INFO - Setting next_dagrun for example_python_operator to None, run_after=None
[2026-05-16T16:39:08.782+0000] {processor.py:183} INFO - Processing /home/airflow/.local/lib/python3.12/site-packages/airflow/example_dags/example_python_operator.py took 0.034 seconds
[2026-05-16T16:39:39.369+0000] {processor.py:161} INFO - Started process (PID=1747) to work on /home/airflow/.local/lib/python3.12/site-packages/airflow/example_dags/example_python_operator.py
[2026-05-16T16:39:39.369+0000] {processor.py:830} INFO - Processing file /home/airflow/.local/lib/python3.12/site-packages/airflow/example_dags/example_python_operator.py for tasks to queue
[2026-05-16T16:39:39.370+0000] {logging_mixin.py:188} INFO - [2026-05-16T16:39:39.370+0000] {dagbag.py:545} INFO - Filling up the DagBag from /home/airflow/.local/lib/python3.12/site-packages/airflow/example_dags/example_python_operator.py
[2026-05-16T16:39:39.375+0000] {processor.py:840} INFO - DAG(s) 'example_python_operator' retrieved from /home/airflow/.local/lib/python3.12/site-packages/airflow/example_dags/example_python_operator.py
[2026-05-16T16:39:39.385+0000] {logging_mixin.py:188} INFO - [2026-05-16T16:39:39.385+0000] {dag.py:3089} INFO - Sync 1 DAGs
[2026-05-16T16:39:39.389+0000] {logging_mixin.py:188} INFO - [2026-05-16T16:39:39.389+0000] {dag.py:3947} INFO - Setting next_dagrun for example_python_operator to None, run_after=None
[2026-05-16T16:39:39.395+0000] {processor.py:183} INFO - Processing /home/airflow/.local/lib/python3.12/site-packages/airflow/example_dags/example_python_operator.py took 0.029 seconds
[2026-05-16T16:40:10.072+0000] {processor.py:161} INFO - Started process (PID=1809) to work on /home/airflow/.local/lib/python3.12/site-packages/airflow/example_dags/example_python_operator.py
[2026-05-16T16:40:10.072+0000] {processor.py:830} INFO - Processing file /home/airflow/.local/lib/python3.12/site-packages/airflow/example_dags/example_python_operator.py for tasks to queue
[2026-05-16T16:40:10.074+0000] {logging_mixin.py:188} INFO - [2026-05-16T16:40:10.074+0000] {dagbag.py:545} INFO - Filling up the DagBag from /home/airflow/.local/lib/python3.12/site-packages/airflow/example_dags/example_python_operator.py
[2026-05-16T16:40:10.084+0000] {processor.py:840} INFO - DAG(s) 'example_python_operator' retrieved from /home/airflow/.local/lib/python3.12/site-packages/airflow/example_dags/example_python_operator.py
[2026-05-16T16:40:10.100+0000] {logging_mixin.py:188} INFO - [2026-05-16T16:40:10.099+0000] {dag.py:3089} INFO - Sync 1 DAGs
[2026-05-16T16:40:10.107+0000] {logging_mixin.py:188} INFO - [2026-05-16T16:40:10.107+0000] {dag.py:3947} INFO - Setting next_dagrun for example_python_operator to None, run_after=None
[2026-05-16T16:40:10.114+0000] {processor.py:183} INFO - Processing /home/airflow/.local/lib/python3.12/site-packages/airflow/example_dags/example_python_operator.py took 0.048 seconds
[2026-05-16T16:40:40.804+0000] {processor.py:161} INFO - Started process (PID=1871) to work on /home/airflow/.local/lib/python3.12/site-packages/airflow/example_dags/example_python_operator.py
[2026-05-16T16:40:40.804+0000] {processor.py:830} INFO - Processing file /home/airflow/.local/lib/python3.12/site-packages/airflow/example_dags/example_python_operator.py for tasks to queue
[2026-05-16T16:40:40.805+0000] {logging_mixin.py:188} INFO - [2026-05-16T16:40:40.805+0000] {dagbag.py:545} INFO - Filling up the DagBag from /home/airflow/.local/lib/python3.12/site-packages/airflow/example_dags/example_python_operator.py
[2026-05-16T16:40:40.810+0000] {processor.py:840} INFO - DAG(s) 'example_python_operator' retrieved from /home/airflow/.local/lib/python3.12/site-packages/airflow/example_dags/example_python_operator.py
[2026-05-16T16:40:40.819+0000] {logging_mixin.py:188} INFO - [2026-05-16T16:40:40.819+0000] {dag.py:3089} INFO - Sync 1 DAGs
[2026-05-16T16:40:40.823+0000] {logging_mixin.py:188} INFO - [2026-05-16T16:40:40.823+0000] {dag.py:3947} INFO - Setting next_dagrun for example_python_operator to None, run_after=None
[2026-05-16T16:40:40.829+0000] {processor.py:183} INFO - Processing /home/airflow/.local/lib/python3.12/site-packages/airflow/example_dags/example_python_operator.py took 0.029 seconds
[2026-05-16T16:41:11.498+0000] {processor.py:161} INFO - Started process (PID=1932) to work on /home/airflow/.local/lib/python3.12/site-packages/airflow/example_dags/example_python_operator.py
[2026-05-16T16:41:11.498+0000] {processor.py:830} INFO - Processing file /home/airflow/.local/lib/python3.12/site-packages/airflow/example_dags/example_python_operator.py for tasks to queue
[2026-05-16T16:41:11.499+0000] {logging_mixin.py:188} INFO - [2026-05-16T16:41:11.499+0000] {dagbag.py:545} INFO - Filling up the DagBag from /home/airflow/.local/lib/python3.12/site-packages/airflow/example_dags/example_python_operator.py
[2026-05-16T16:41:11.504+0000] {processor.py:840} INFO - DAG(s) 'example_python_operator' retrieved from /home/airflow/.local/lib/python3.12/site-packages/airflow/example_dags/example_python_operator.py
[2026-05-16T16:41:11.512+0000] {logging_mixin.py:188} INFO - [2026-05-16T16:41:11.512+0000] {dag.py:3089} INFO - Sync 1 DAGs
[2026-05-16T16:41:11.517+0000] {logging_mixin.py:188} INFO - [2026-05-16T16:41:11.517+0000] {dag.py:3947} INFO - Setting next_dagrun for example_python_operator to None, run_after=None
[2026-05-16T16:41:11.523+0000] {processor.py:183} INFO - Processing /home/airflow/.local/lib/python3.12/site-packages/airflow/example_dags/example_python_operator.py took 0.029 seconds
[2026-05-16T16:41:42.139+0000] {processor.py:161} INFO - Started process (PID=1993) to work on /home/airflow/.local/lib/python3.12/site-packages/airflow/example_dags/example_python_operator.py
[2026-05-16T16:41:42.140+0000] {processor.py:830} INFO - Processing file /home/airflow/.local/lib/python3.12/site-packages/airflow/example_dags/example_python_operator.py for tasks to queue
[2026-05-16T16:41:42.141+0000] {logging_mixin.py:188} INFO - [2026-05-16T16:41:42.141+0000] {dagbag.py:545} INFO - Filling up the DagBag from /home/airflow/.local/lib/python3.12/site-packages/airflow/example_dags/example_python_operator.py
[2026-05-16T16:41:42.146+0000] {processor.py:840} INFO - DAG(s) 'example_python_operator' retrieved from /home/airflow/.local/lib/python3.12/site-packages/airflow/example_dags/example_python_operator.py
[2026-05-16T16:41:42.156+0000] {logging_mixin.py:188} INFO - [2026-05-16T16:41:42.156+0000] {dag.py:3089} INFO - Sync 1 DAGs
[2026-05-16T16:41:42.162+0000] {logging_mixin.py:188} INFO - [2026-05-16T16:41:42.161+0000] {dag.py:3947} INFO - Setting next_dagrun for example_python_operator to None, run_after=None
[2026-05-16T16:41:42.169+0000] {processor.py:183} INFO - Processing /home/airflow/.local/lib/python3.12/site-packages/airflow/example_dags/example_python_operator.py took 0.033 seconds
[2026-05-16T16:42:12.777+0000] {processor.py:161} INFO - Started process (PID=2055) to work on /home/airflow/.local/lib/python3.12/site-packages/airflow/example_dags/example_python_operator.py
[2026-05-16T16:42:12.778+0000] {processor.py:830} INFO - Processing file /home/airflow/.local/lib/python3.12/site-packages/airflow/example_dags/example_python_operator.py for tasks to queue
[2026-05-16T16:42:12.779+0000] {logging_mixin.py:188} INFO - [2026-05-16T16:42:12.778+0000] {dagbag.py:545} INFO - Filling up the DagBag from /home/airflow/.local/lib/python3.12/site-packages/airflow/example_dags/example_python_operator.py
[2026-05-16T16:42:12.783+0000] {processor.py:840} INFO - DAG(s) 'example_python_operator' retrieved from /home/airflow/.local/lib/python3.12/site-packages/airflow/example_dags/example_python_operator.py
[2026-05-16T16:42:12.792+0000] {logging_mixin.py:188} INFO - [2026-05-16T16:42:12.792+0000] {dag.py:3089} INFO - Sync 1 DAGs
[2026-05-16T16:42:12.797+0000] {logging_mixin.py:188} INFO - [2026-05-16T16:42:12.796+0000] {dag.py:3947} INFO - Setting next_dagrun for example_python_operator to None, run_after=None
[2026-05-16T16:42:12.802+0000] {processor.py:183} INFO - Processing /home/airflow/.local/lib/python3.12/site-packages/airflow/example_dags/example_python_operator.py took 0.028 seconds
[2026-05-16T16:42:43.342+0000] {processor.py:161} INFO - Started process (PID=2117) to work on /home/airflow/.local/lib/python3.12/site-packages/airflow/example_dags/example_python_operator.py
[2026-05-16T16:42:43.342+0000] {processor.py:830} INFO - Processing file /home/airflow/.local/lib/python3.12/site-packages/airflow/example_dags/example_python_operator.py for tasks to queue
[2026-05-16T16:42:43.343+0000] {logging_mixin.py:188} INFO - [2026-05-16T16:42:43.343+0000] {dagbag.py:545} INFO - Filling up the DagBag from /home/airflow/.local/lib/python3.12/site-packages/airflow/example_dags/example_python_operator.py
[2026-05-16T16:42:43.347+0000] {processor.py:840} INFO - DAG(s) 'example_python_operator' retrieved from /home/airflow/.local/lib/python3.12/site-packages/airflow/example_dags/example_python_operator.py
[2026-05-16T16:42:43.357+0000] {logging_mixin.py:188} INFO - [2026-05-16T16:42:43.357+0000] {dag.py:3089} INFO - Sync 1 DAGs
[2026-05-16T16:42:43.362+0000] {logging_mixin.py:188} INFO - [2026-05-16T16:42:43.362+0000] {dag.py:3947} INFO - Setting next_dagrun for example_python_operator to None, run_after=None
[2026-05-16T16:42:43.368+0000] {processor.py:183} INFO - Processing /home/airflow/.local/lib/python3.12/site-packages/airflow/example_dags/example_python_operator.py took 0.028 seconds
[2026-05-16T16:43:13.887+0000] {processor.py:161} INFO - Started process (PID=2178) to work on /home/airflow/.local/lib/python3.12/site-packages/airflow/example_dags/example_python_operator.py
[2026-05-16T16:43:13.887+0000] {processor.py:830} INFO - Processing file /home/airflow/.local/lib/python3.12/site-packages/airflow/example_dags/example_python_operator.py for tasks to queue
[2026-05-16T16:43:13.888+0000] {logging_mixin.py:188} INFO - [2026-05-16T16:43:13.888+0000] {dagbag.py:545} INFO - Filling up the DagBag from /home/airflow/.local/lib/python3.12/site-packages/airflow/example_dags/example_python_operator.py
[2026-05-16T16:43:13.893+0000] {processor.py:840} INFO - DAG(s) 'example_python_operator' retrieved from /home/airflow/.local/lib/python3.12/site-packages/airflow/example_dags/example_python_operator.py
[2026-05-16T16:43:13.904+0000] {logging_mixin.py:188} INFO - [2026-05-16T16:43:13.904+0000] {dag.py:3089} INFO - Sync 1 DAGs
[2026-05-16T16:43:13.909+0000] {logging_mixin.py:188} INFO - [2026-05-16T16:43:13.909+0000] {dag.py:3947} INFO - Setting next_dagrun for example_python_operator to None, run_after=None
[2026-05-16T16:43:13.915+0000] {processor.py:183} INFO - Processing /home/airflow/.local/lib/python3.12/site-packages/airflow/example_dags/example_python_operator.py took 0.031 seconds
[2026-05-16T16:43:44.458+0000] {processor.py:161} INFO - Started process (PID=2240) to work on /home/airflow/.local/lib/python3.12/site-packages/airflow/example_dags/example_python_operator.py
[2026-05-16T16:43:44.459+0000] {processor.py:830} INFO - Processing file /home/airflow/.local/lib/python3.12/site-packages/airflow/example_dags/example_python_operator.py for tasks to queue
[2026-05-16T16:43:44.460+0000] {logging_mixin.py:188} INFO - [2026-05-16T16:43:44.460+0000] {dagbag.py:545} INFO - Filling up the DagBag from /home/airflow/.local/lib/python3.12/site-packages/airflow/example_dags/example_python_operator.py
[2026-05-16T16:43:44.468+0000] {processor.py:840} INFO - DAG(s) 'example_python_operator' retrieved from /home/airflow/.local/lib/python3.12/site-packages/airflow/example_dags/example_python_operator.py
[2026-05-16T16:43:44.477+0000] {logging_mixin.py:188} INFO - [2026-05-16T16:43:44.477+0000] {dag.py:3089} INFO - Sync 1 DAGs
[2026-05-16T16:43:44.482+0000] {logging_mixin.py:188} INFO - [2026-05-16T16:43:44.482+0000] {dag.py:3947} INFO - Setting next_dagrun for example_python_operator to None, run_after=None
[2026-05-16T16:43:44.491+0000] {processor.py:183} INFO - Processing /home/airflow/.local/lib/python3.12/site-packages/airflow/example_dags/example_python_operator.py took 0.036 seconds
[2026-05-16T16:44:15.042+0000] {processor.py:161} INFO - Started process (PID=2302) to work on /home/airflow/.local/lib/python3.12/site-packages/airflow/example_dags/example_python_operator.py
[2026-05-16T16:44:15.042+0000] {processor.py:830} INFO - Processing file /home/airflow/.local/lib/python3.12/site-packages/airflow/example_dags/example_python_operator.py for tasks to queue
[2026-05-16T16:44:15.043+0000] {logging_mixin.py:188} INFO - [2026-05-16T16:44:15.043+0000] {dagbag.py:545} INFO - Filling up the DagBag from /home/airflow/.local/lib/python3.12/site-packages/airflow/example_dags/example_python_operator.py
[2026-05-16T16:44:15.048+0000] {processor.py:840} INFO - DAG(s) 'example_python_operator' retrieved from /home/airflow/.local/lib/python3.12/site-packages/airflow/example_dags/example_python_operator.py
[2026-05-16T16:44:15.059+0000] {logging_mixin.py:188} INFO - [2026-05-16T16:44:15.059+0000] {dag.py:3089} INFO - Sync 1 DAGs
[2026-05-16T16:44:15.064+0000] {logging_mixin.py:188} INFO - [2026-05-16T16:44:15.064+0000] {dag.py:3947} INFO - Setting next_dagrun for example_python_operator to None, run_after=None
[2026-05-16T16:44:15.073+0000] {processor.py:183} INFO - Processing /home/airflow/.local/lib/python3.12/site-packages/airflow/example_dags/example_python_operator.py took 0.035 seconds
[2026-05-16T16:44:45.688+0000] {processor.py:161} INFO - Started process (PID=2364) to work on /home/airflow/.local/lib/python3.12/site-packages/airflow/example_dags/example_python_operator.py
[2026-05-16T16:44:45.691+0000] {processor.py:830} INFO - Processing file /home/airflow/.local/lib/python3.12/site-packages/airflow/example_dags/example_python_operator.py for tasks to queue
[2026-05-16T16:44:45.692+0000] {logging_mixin.py:188} INFO - [2026-05-16T16:44:45.692+0000] {dagbag.py:545} INFO - Filling up the DagBag from /home/airflow/.local/lib/python3.12/site-packages/airflow/example_dags/example_python_operator.py
[2026-05-16T16:44:45.696+0000] {processor.py:840} INFO - DAG(s) 'example_python_operator' retrieved from /home/airflow/.local/lib/python3.12/site-packages/airflow/example_dags/example_python_operator.py
[2026-05-16T16:44:45.705+0000] {logging_mixin.py:188} INFO - [2026-05-16T16:44:45.705+0000] {dag.py:3089} INFO - Sync 1 DAGs
[2026-05-16T16:44:45.712+0000] {logging_mixin.py:188} INFO - [2026-05-16T16:44:45.712+0000] {dag.py:3947} INFO - Setting next_dagrun for example_python_operator to None, run_after=None
[2026-05-16T16:44:45.717+0000] {processor.py:183} INFO - Processing /home/airflow/.local/lib/python3.12/site-packages/airflow/example_dags/example_python_operator.py took 0.033 seconds
[2026-05-16T16:45:16.238+0000] {processor.py:161} INFO - Started process (PID=2426) to work on /home/airflow/.local/lib/python3.12/site-packages/airflow/example_dags/example_python_operator.py
[2026-05-16T16:45:16.238+0000] {processor.py:830} INFO - Processing file /home/airflow/.local/lib/python3.12/site-packages/airflow/example_dags/example_python_operator.py for tasks to queue
[2026-05-16T16:45:16.239+0000] {logging_mixin.py:188} INFO - [2026-05-16T16:45:16.239+0000] {dagbag.py:545} INFO - Filling up the DagBag from /home/airflow/.local/lib/python3.12/site-packages/airflow/example_dags/example_python_operator.py
[2026-05-16T16:45:16.245+0000] {processor.py:840} INFO - DAG(s) 'example_python_operator' retrieved from /home/airflow/.local/lib/python3.12/site-packages/airflow/example_dags/example_python_operator.py
[2026-05-16T16:45:16.254+0000] {logging_mixin.py:188} INFO - [2026-05-16T16:45:16.254+0000] {dag.py:3089} INFO - Sync 1 DAGs
[2026-05-16T16:45:16.260+0000] {logging_mixin.py:188} INFO - [2026-05-16T16:45:16.260+0000] {dag.py:3947} INFO - Setting next_dagrun for example_python_operator to None, run_after=None
[2026-05-16T16:45:16.272+0000] {processor.py:183} INFO - Processing /home/airflow/.local/lib/python3.12/site-packages/airflow/example_dags/example_python_operator.py took 0.037 seconds
[2026-05-16T16:45:46.934+0000] {processor.py:161} INFO - Started process (PID=2488) to work on /home/airflow/.local/lib/python3.12/site-packages/airflow/example_dags/example_python_operator.py
[2026-05-16T16:45:46.935+0000] {processor.py:830} INFO - Processing file /home/airflow/.local/lib/python3.12/site-packages/airflow/example_dags/example_python_operator.py for tasks to queue
[2026-05-16T16:45:46.936+0000] {logging_mixin.py:188} INFO - [2026-05-16T16:45:46.936+0000] {dagbag.py:545} INFO - Filling up the DagBag from /home/airflow/.local/lib/python3.12/site-packages/airflow/example_dags/example_python_operator.py
[2026-05-16T16:45:46.941+0000] {processor.py:840} INFO - DAG(s) 'example_python_operator' retrieved from /home/airflow/.local/lib/python3.12/site-packages/airflow/example_dags/example_python_operator.py
[2026-05-16T16:45:46.951+0000] {logging_mixin.py:188} INFO - [2026-05-16T16:45:46.951+0000] {dag.py:3089} INFO - Sync 1 DAGs
[2026-05-16T16:45:46.955+0000] {logging_mixin.py:188} INFO - [2026-05-16T16:45:46.955+0000] {dag.py:3947} INFO - Setting next_dagrun for example_python_operator to None, run_after=None
[2026-05-16T16:45:46.961+0000] {processor.py:183} INFO - Processing /home/airflow/.local/lib/python3.12/site-packages/airflow/example_dags/example_python_operator.py took 0.030 seconds
[2026-05-16T16:46:17.720+0000] {processor.py:161} INFO - Started process (PID=2550) to work on /home/airflow/.local/lib/python3.12/site-packages/airflow/example_dags/example_python_operator.py
[2026-05-16T16:46:17.721+0000] {processor.py:830} INFO - Processing file /home/airflow/.local/lib/python3.12/site-packages/airflow/example_dags/example_python_operator.py for tasks to queue
[2026-05-16T16:46:17.722+0000] {logging_mixin.py:188} INFO - [2026-05-16T16:46:17.722+0000] {dagbag.py:545} INFO - Filling up the DagBag from /home/airflow/.local/lib/python3.12/site-packages/airflow/example_dags/example_python_operator.py
[2026-05-16T16:46:17.727+0000] {processor.py:840} INFO - DAG(s) 'example_python_operator' retrieved from /home/airflow/.local/lib/python3.12/site-packages/airflow/example_dags/example_python_operator.py
[2026-05-16T16:46:17.735+0000] {logging_mixin.py:188} INFO - [2026-05-16T16:46:17.735+0000] {dag.py:3089} INFO - Sync 1 DAGs
[2026-05-16T16:46:17.740+0000] {logging_mixin.py:188} INFO - [2026-05-16T16:46:17.740+0000] {dag.py:3947} INFO - Setting next_dagrun for example_python_operator to None, run_after=None
[2026-05-16T16:46:17.746+0000] {processor.py:183} INFO - Processing /home/airflow/.local/lib/python3.12/site-packages/airflow/example_dags/example_python_operator.py took 0.029 seconds
[2026-05-16T16:46:48.284+0000] {processor.py:161} INFO - Started process (PID=2612) to work on /home/airflow/.local/lib/python3.12/site-packages/airflow/example_dags/example_python_operator.py
[2026-05-16T16:46:48.285+0000] {processor.py:830} INFO - Processing file /home/airflow/.local/lib/python3.12/site-packages/airflow/example_dags/example_python_operator.py for tasks to queue
[2026-05-16T16:46:48.287+0000] {logging_mixin.py:188} INFO - [2026-05-16T16:46:48.287+0000] {dagbag.py:545} INFO - Filling up the DagBag from /home/airflow/.local/lib/python3.12/site-packages/airflow/example_dags/example_python_operator.py
[2026-05-16T16:46:48.292+0000] {processor.py:840} INFO - DAG(s) 'example_python_operator' retrieved from /home/airflow/.local/lib/python3.12/site-packages/airflow/example_dags/example_python_operator.py
[2026-05-16T16:46:48.301+0000] {logging_mixin.py:188} INFO - [2026-05-16T16:46:48.300+0000] {dag.py:3089} INFO - Sync 1 DAGs
[2026-05-16T16:46:48.306+0000] {logging_mixin.py:188} INFO - [2026-05-16T16:46:48.305+0000] {dag.py:3947} INFO - Setting next_dagrun for example_python_operator to None, run_after=None
[2026-05-16T16:46:48.311+0000] {processor.py:183} INFO - Processing /home/airflow/.local/lib/python3.12/site-packages/airflow/example_dags/example_python_operator.py took 0.032 seconds
[2026-05-16T16:47:18.897+0000] {processor.py:161} INFO - Started process (PID=2674) to work on /home/airflow/.local/lib/python3.12/site-packages/airflow/example_dags/example_python_operator.py
[2026-05-16T16:47:18.898+0000] {processor.py:830} INFO - Processing file /home/airflow/.local/lib/python3.12/site-packages/airflow/example_dags/example_python_operator.py for tasks to queue
[2026-05-16T16:47:18.898+0000] {logging_mixin.py:188} INFO - [2026-05-16T16:47:18.898+0000] {dagbag.py:545} INFO - Filling up the DagBag from /home/airflow/.local/lib/python3.12/site-packages/airflow/example_dags/example_python_operator.py
[2026-05-16T16:47:18.903+0000] {processor.py:840} INFO - DAG(s) 'example_python_operator' retrieved from /home/airflow/.local/lib/python3.12/site-packages/airflow/example_dags/example_python_operator.py
[2026-05-16T16:47:18.912+0000] {logging_mixin.py:188} INFO - [2026-05-16T16:47:18.912+0000] {dag.py:3089} INFO - Sync 1 DAGs
[2026-05-16T16:47:18.917+0000] {logging_mixin.py:188} INFO - [2026-05-16T16:47:18.917+0000] {dag.py:3947} INFO - Setting next_dagrun for example_python_operator to None, run_after=None
[2026-05-16T16:47:18.923+0000] {processor.py:183} INFO - Processing /home/airflow/.local/lib/python3.12/site-packages/airflow/example_dags/example_python_operator.py took 0.029 seconds
[2026-05-16T16:47:49.367+0000] {processor.py:161} INFO - Started process (PID=2736) to work on /home/airflow/.local/lib/python3.12/site-packages/airflow/example_dags/example_python_operator.py
[2026-05-16T16:47:49.368+0000] {processor.py:830} INFO - Processing file /home/airflow/.local/lib/python3.12/site-packages/airflow/example_dags/example_python_operator.py for tasks to queue
[2026-05-16T16:47:49.369+0000] {logging_mixin.py:188} INFO - [2026-05-16T16:47:49.369+0000] {dagbag.py:545} INFO - Filling up the DagBag from /home/airflow/.local/lib/python3.12/site-packages/airflow/example_dags/example_python_operator.py
[2026-05-16T16:47:49.374+0000] {processor.py:840} INFO - DAG(s) 'example_python_operator' retrieved from /home/airflow/.local/lib/python3.12/site-packages/airflow/example_dags/example_python_operator.py
[2026-05-16T16:47:49.382+0000] {logging_mixin.py:188} INFO - [2026-05-16T16:47:49.382+0000] {dag.py:3089} INFO - Sync 1 DAGs
[2026-05-16T16:47:49.387+0000] {logging_mixin.py:188} INFO - [2026-05-16T16:47:49.387+0000] {dag.py:3947} INFO - Setting next_dagrun for example_python_operator to None, run_after=None
[2026-05-16T16:47:49.393+0000] {processor.py:183} INFO - Processing /home/airflow/.local/lib/python3.12/site-packages/airflow/example_dags/example_python_operator.py took 0.029 seconds
[2026-05-16T16:48:19.912+0000] {processor.py:161} INFO - Started process (PID=2798) to work on /home/airflow/.local/lib/python3.12/site-packages/airflow/example_dags/example_python_operator.py
[2026-05-16T16:48:19.913+0000] {processor.py:830} INFO - Processing file /home/airflow/.local/lib/python3.12/site-packages/airflow/example_dags/example_python_operator.py for tasks to queue
[2026-05-16T16:48:19.914+0000] {logging_mixin.py:188} INFO - [2026-05-16T16:48:19.914+0000] {dagbag.py:545} INFO - Filling up the DagBag from /home/airflow/.local/lib/python3.12/site-packages/airflow/example_dags/example_python_operator.py
[2026-05-16T16:48:19.919+0000] {processor.py:840} INFO - DAG(s) 'example_python_operator' retrieved from /home/airflow/.local/lib/python3.12/site-packages/airflow/example_dags/example_python_operator.py
[2026-05-16T16:48:19.927+0000] {logging_mixin.py:188} INFO - [2026-05-16T16:48:19.927+0000] {dag.py:3089} INFO - Sync 1 DAGs
[2026-05-16T16:48:19.932+0000] {logging_mixin.py:188} INFO - [2026-05-16T16:48:19.932+0000] {dag.py:3947} INFO - Setting next_dagrun for example_python_operator to None, run_after=None
[2026-05-16T16:48:19.938+0000] {processor.py:183} INFO - Processing /home/airflow/.local/lib/python3.12/site-packages/airflow/example_dags/example_python_operator.py took 0.029 seconds
[2026-05-16T16:48:50.444+0000] {processor.py:161} INFO - Started process (PID=2860) to work on /home/airflow/.local/lib/python3.12/site-packages/airflow/example_dags/example_python_operator.py
[2026-05-16T16:48:50.445+0000] {processor.py:830} INFO - Processing file /home/airflow/.local/lib/python3.12/site-packages/airflow/example_dags/example_python_operator.py for tasks to queue
[2026-05-16T16:48:50.446+0000] {logging_mixin.py:188} INFO - [2026-05-16T16:48:50.446+0000] {dagbag.py:545} INFO - Filling up the DagBag from /home/airflow/.local/lib/python3.12/site-packages/airflow/example_dags/example_python_operator.py
[2026-05-16T16:48:50.451+0000] {processor.py:840} INFO - DAG(s) 'example_python_operator' retrieved from /home/airflow/.local/lib/python3.12/site-packages/airflow/example_dags/example_python_operator.py
[2026-05-16T16:48:50.463+0000] {logging_mixin.py:188} INFO - [2026-05-16T16:48:50.463+0000] {dag.py:3089} INFO - Sync 1 DAGs
[2026-05-16T16:48:50.468+0000] {logging_mixin.py:188} INFO - [2026-05-16T16:48:50.468+0000] {dag.py:3947} INFO - Setting next_dagrun for example_python_operator to None, run_after=None
[2026-05-16T16:48:50.475+0000] {processor.py:183} INFO - Processing /home/airflow/.local/lib/python3.12/site-packages/airflow/example_dags/example_python_operator.py took 0.038 seconds
[2026-05-16T16:49:21.362+0000] {processor.py:161} INFO - Started process (PID=2922) to work on /home/airflow/.local/lib/python3.12/site-packages/airflow/example_dags/example_python_operator.py
[2026-05-16T16:49:21.363+0000] {processor.py:830} INFO - Processing file /home/airflow/.local/lib/python3.12/site-packages/airflow/example_dags/example_python_operator.py for tasks to queue
[2026-05-16T16:49:21.364+0000] {logging_mixin.py:188} INFO - [2026-05-16T16:49:21.363+0000] {dagbag.py:545} INFO - Filling up the DagBag from /home/airflow/.local/lib/python3.12/site-packages/airflow/example_dags/example_python_operator.py
[2026-05-16T16:49:21.370+0000] {processor.py:840} INFO - DAG(s) 'example_python_operator' retrieved from /home/airflow/.local/lib/python3.12/site-packages/airflow/example_dags/example_python_operator.py
[2026-05-16T16:49:21.381+0000] {logging_mixin.py:188} INFO - [2026-05-16T16:49:21.380+0000] {dag.py:3089} INFO - Sync 1 DAGs
[2026-05-16T16:49:21.387+0000] {logging_mixin.py:188} INFO - [2026-05-16T16:49:21.387+0000] {dag.py:3947} INFO - Setting next_dagrun for example_python_operator to None, run_after=None
[2026-05-16T16:49:21.396+0000] {processor.py:183} INFO - Processing /home/airflow/.local/lib/python3.12/site-packages/airflow/example_dags/example_python_operator.py took 0.038 seconds
[2026-05-16T16:49:52.304+0000] {processor.py:161} INFO - Started process (PID=2984) to work on /home/airflow/.local/lib/python3.12/site-packages/airflow/example_dags/example_python_operator.py
[2026-05-16T16:49:52.305+0000] {processor.py:830} INFO - Processing file /home/airflow/.local/lib/python3.12/site-packages/airflow/example_dags/example_python_operator.py for tasks to queue
[2026-05-16T16:49:52.305+0000] {logging_mixin.py:188} INFO - [2026-05-16T16:49:52.305+0000] {dagbag.py:545} INFO - Filling up the DagBag from /home/airflow/.local/lib/python3.12/site-packages/airflow/example_dags/example_python_operator.py
[2026-05-16T16:49:52.310+0000] {processor.py:840} INFO - DAG(s) 'example_python_operator' retrieved from /home/airflow/.local/lib/python3.12/site-packages/airflow/example_dags/example_python_operator.py
[2026-05-16T16:49:52.325+0000] {logging_mixin.py:188} INFO - [2026-05-16T16:49:52.325+0000] {dag.py:3089} INFO - Sync 1 DAGs
[2026-05-16T16:49:52.331+0000] {logging_mixin.py:188} INFO - [2026-05-16T16:49:52.331+0000] {dag.py:3947} INFO - Setting next_dagrun for example_python_operator to None, run_after=None
[2026-05-16T16:49:52.339+0000] {processor.py:183} INFO - Processing /home/airflow/.local/lib/python3.12/site-packages/airflow/example_dags/example_python_operator.py took 0.039 seconds
[2026-05-16T16:50:23.351+0000] {processor.py:161} INFO - Started process (PID=3046) to work on /home/airflow/.local/lib/python3.12/site-packages/airflow/example_dags/example_python_operator.py
[2026-05-16T16:50:23.352+0000] {processor.py:830} INFO - Processing file /home/airflow/.local/lib/python3.12/site-packages/airflow/example_dags/example_python_operator.py for tasks to queue
[2026-05-16T16:50:23.353+0000] {logging_mixin.py:188} INFO - [2026-05-16T16:50:23.353+0000] {dagbag.py:545} INFO - Filling up the DagBag from /home/airflow/.local/lib/python3.12/site-packages/airflow/example_dags/example_python_operator.py
[2026-05-16T16:50:23.357+0000] {processor.py:840} INFO - DAG(s) 'example_python_operator' retrieved from /home/airflow/.local/lib/python3.12/site-packages/airflow/example_dags/example_python_operator.py
[2026-05-16T16:50:23.368+0000] {logging_mixin.py:188} INFO - [2026-05-16T16:50:23.368+0000] {dag.py:3089} INFO - Sync 1 DAGs
[2026-05-16T16:50:23.373+0000] {logging_mixin.py:188} INFO - [2026-05-16T16:50:23.373+0000] {dag.py:3947} INFO - Setting next_dagrun for example_python_operator to None, run_after=None
[2026-05-16T16:50:23.382+0000] {processor.py:183} INFO - Processing /home/airflow/.local/lib/python3.12/site-packages/airflow/example_dags/example_python_operator.py took 0.034 seconds
[2026-05-16T16:50:54.397+0000] {processor.py:161} INFO - Started process (PID=3107) to work on /home/airflow/.local/lib/python3.12/site-packages/airflow/example_dags/example_python_operator.py
[2026-05-16T16:50:54.397+0000] {processor.py:830} INFO - Processing file /home/airflow/.local/lib/python3.12/site-packages/airflow/example_dags/example_python_operator.py for tasks to queue
[2026-05-16T16:50:54.398+0000] {logging_mixin.py:188} INFO - [2026-05-16T16:50:54.398+0000] {dagbag.py:545} INFO - Filling up the DagBag from /home/airflow/.local/lib/python3.12/site-packages/airflow/example_dags/example_python_operator.py
[2026-05-16T16:50:54.403+0000] {processor.py:840} INFO - DAG(s) 'example_python_operator' retrieved from /home/airflow/.local/lib/python3.12/site-packages/airflow/example_dags/example_python_operator.py
[2026-05-16T16:50:54.412+0000] {logging_mixin.py:188} INFO - [2026-05-16T16:50:54.412+0000] {dag.py:3089} INFO - Sync 1 DAGs
[2026-05-16T16:50:54.418+0000] {logging_mixin.py:188} INFO - [2026-05-16T16:50:54.418+0000] {dag.py:3947} INFO - Setting next_dagrun for example_python_operator to None, run_after=None
[2026-05-16T16:50:54.424+0000] {processor.py:183} INFO - Processing /home/airflow/.local/lib/python3.12/site-packages/airflow/example_dags/example_python_operator.py took 0.030 seconds
[2026-05-16T16:51:25.114+0000] {processor.py:161} INFO - Started process (PID=3169) to work on /home/airflow/.local/lib/python3.12/site-packages/airflow/example_dags/example_python_operator.py
[2026-05-16T16:51:25.114+0000] {processor.py:830} INFO - Processing file /home/airflow/.local/lib/python3.12/site-packages/airflow/example_dags/example_python_operator.py for tasks to queue
[2026-05-16T16:51:25.115+0000] {logging_mixin.py:188} INFO - [2026-05-16T16:51:25.115+0000] {dagbag.py:545} INFO - Filling up the DagBag from /home/airflow/.local/lib/python3.12/site-packages/airflow/example_dags/example_python_operator.py
[2026-05-16T16:51:25.121+0000] {processor.py:840} INFO - DAG(s) 'example_python_operator' retrieved from /home/airflow/.local/lib/python3.12/site-packages/airflow/example_dags/example_python_operator.py
[2026-05-16T16:51:25.130+0000] {logging_mixin.py:188} INFO - [2026-05-16T16:51:25.130+0000] {dag.py:3089} INFO - Sync 1 DAGs
[2026-05-16T16:51:25.135+0000] {logging_mixin.py:188} INFO - [2026-05-16T16:51:25.135+0000] {dag.py:3947} INFO - Setting next_dagrun for example_python_operator to None, run_after=None
[2026-05-16T16:51:25.142+0000] {processor.py:183} INFO - Processing /home/airflow/.local/lib/python3.12/site-packages/airflow/example_dags/example_python_operator.py took 0.032 seconds
[2026-05-16T16:51:55.861+0000] {processor.py:161} INFO - Started process (PID=3231) to work on /home/airflow/.local/lib/python3.12/site-packages/airflow/example_dags/example_python_operator.py
[2026-05-16T16:51:55.862+0000] {processor.py:830} INFO - Processing file /home/airflow/.local/lib/python3.12/site-packages/airflow/example_dags/example_python_operator.py for tasks to queue
[2026-05-16T16:51:55.863+0000] {logging_mixin.py:188} INFO - [2026-05-16T16:51:55.863+0000] {dagbag.py:545} INFO - Filling up the DagBag from /home/airflow/.local/lib/python3.12/site-packages/airflow/example_dags/example_python_operator.py
[2026-05-16T16:51:55.871+0000] {processor.py:840} INFO - DAG(s) 'example_python_operator' retrieved from /home/airflow/.local/lib/python3.12/site-packages/airflow/example_dags/example_python_operator.py
[2026-05-16T16:51:55.893+0000] {logging_mixin.py:188} INFO - [2026-05-16T16:51:55.893+0000] {dag.py:3089} INFO - Sync 1 DAGs
[2026-05-16T16:51:55.902+0000] {logging_mixin.py:188} INFO - [2026-05-16T16:51:55.902+0000] {dag.py:3947} INFO - Setting next_dagrun for example_python_operator to None, run_after=None
[2026-05-16T16:51:55.919+0000] {processor.py:183} INFO - Processing /home/airflow/.local/lib/python3.12/site-packages/airflow/example_dags/example_python_operator.py took 0.064 seconds
[2026-05-16T16:52:26.571+0000] {processor.py:161} INFO - Started process (PID=3292) to work on /home/airflow/.local/lib/python3.12/site-packages/airflow/example_dags/example_python_operator.py
[2026-05-16T16:52:26.572+0000] {processor.py:830} INFO - Processing file /home/airflow/.local/lib/python3.12/site-packages/airflow/example_dags/example_python_operator.py for tasks to queue
[2026-05-16T16:52:26.574+0000] {logging_mixin.py:188} INFO - [2026-05-16T16:52:26.574+0000] {dagbag.py:545} INFO - Filling up the DagBag from /home/airflow/.local/lib/python3.12/site-packages/airflow/example_dags/example_python_operator.py
[2026-05-16T16:52:26.583+0000] {processor.py:840} INFO - DAG(s) 'example_python_operator' retrieved from /home/airflow/.local/lib/python3.12/site-packages/airflow/example_dags/example_python_operator.py
[2026-05-16T16:52:26.607+0000] {logging_mixin.py:188} INFO - [2026-05-16T16:52:26.606+0000] {dag.py:3089} INFO - Sync 1 DAGs
[2026-05-16T16:52:26.615+0000] {logging_mixin.py:188} INFO - [2026-05-16T16:52:26.615+0000] {dag.py:3947} INFO - Setting next_dagrun for example_python_operator to None, run_after=None
[2026-05-16T16:52:26.637+0000] {processor.py:183} INFO - Processing /home/airflow/.local/lib/python3.12/site-packages/airflow/example_dags/example_python_operator.py took 0.075 seconds
[2026-05-16T16:52:56.703+0000] {processor.py:161} INFO - Started process (PID=3354) to work on /home/airflow/.local/lib/python3.12/site-packages/airflow/example_dags/example_python_operator.py
[2026-05-16T16:52:56.703+0000] {processor.py:830} INFO - Processing file /home/airflow/.local/lib/python3.12/site-packages/airflow/example_dags/example_python_operator.py for tasks to queue
[2026-05-16T16:52:56.704+0000] {logging_mixin.py:188} INFO - [2026-05-16T16:52:56.704+0000] {dagbag.py:545} INFO - Filling up the DagBag from /home/airflow/.local/lib/python3.12/site-packages/airflow/example_dags/example_python_operator.py
[2026-05-16T16:52:56.709+0000] {processor.py:840} INFO - DAG(s) 'example_python_operator' retrieved from /home/airflow/.local/lib/python3.12/site-packages/airflow/example_dags/example_python_operator.py
[2026-05-16T16:52:56.720+0000] {logging_mixin.py:188} INFO - [2026-05-16T16:52:56.720+0000] {dag.py:3089} INFO - Sync 1 DAGs
[2026-05-16T16:52:56.725+0000] {logging_mixin.py:188} INFO - [2026-05-16T16:52:56.725+0000] {dag.py:3947} INFO - Setting next_dagrun for example_python_operator to None, run_after=None
[2026-05-16T16:52:56.731+0000] {processor.py:183} INFO - Processing /home/airflow/.local/lib/python3.12/site-packages/airflow/example_dags/example_python_operator.py took 0.031 seconds
[2026-05-16T16:53:26.777+0000] {processor.py:161} INFO - Started process (PID=3415) to work on /home/airflow/.local/lib/python3.12/site-packages/airflow/example_dags/example_python_operator.py
[2026-05-16T16:53:26.778+0000] {processor.py:830} INFO - Processing file /home/airflow/.local/lib/python3.12/site-packages/airflow/example_dags/example_python_operator.py for tasks to queue
[2026-05-16T16:53:26.778+0000] {logging_mixin.py:188} INFO - [2026-05-16T16:53:26.778+0000] {dagbag.py:545} INFO - Filling up the DagBag from /home/airflow/.local/lib/python3.12/site-packages/airflow/example_dags/example_python_operator.py
[2026-05-16T16:53:26.783+0000] {processor.py:840} INFO - DAG(s) 'example_python_operator' retrieved from /home/airflow/.local/lib/python3.12/site-packages/airflow/example_dags/example_python_operator.py
[2026-05-16T16:53:26.794+0000] {logging_mixin.py:188} INFO - [2026-05-16T16:53:26.794+0000] {dag.py:3089} INFO - Sync 1 DAGs
[2026-05-16T16:53:26.799+0000] {logging_mixin.py:188} INFO - [2026-05-16T16:53:26.799+0000] {dag.py:3947} INFO - Setting next_dagrun for example_python_operator to None, run_after=None
[2026-05-16T16:53:26.805+0000] {processor.py:183} INFO - Processing /home/airflow/.local/lib/python3.12/site-packages/airflow/example_dags/example_python_operator.py took 0.031 seconds
[2026-05-16T16:53:57.550+0000] {processor.py:161} INFO - Started process (PID=3477) to work on /home/airflow/.local/lib/python3.12/site-packages/airflow/example_dags/example_python_operator.py
[2026-05-16T16:53:57.551+0000] {processor.py:830} INFO - Processing file /home/airflow/.local/lib/python3.12/site-packages/airflow/example_dags/example_python_operator.py for tasks to queue
[2026-05-16T16:53:57.553+0000] {logging_mixin.py:188} INFO - [2026-05-16T16:53:57.553+0000] {dagbag.py:545} INFO - Filling up the DagBag from /home/airflow/.local/lib/python3.12/site-packages/airflow/example_dags/example_python_operator.py
[2026-05-16T16:53:57.560+0000] {processor.py:840} INFO - DAG(s) 'example_python_operator' retrieved from /home/airflow/.local/lib/python3.12/site-packages/airflow/example_dags/example_python_operator.py
[2026-05-16T16:53:57.581+0000] {logging_mixin.py:188} INFO - [2026-05-16T16:53:57.581+0000] {dag.py:3089} INFO - Sync 1 DAGs
[2026-05-16T16:53:57.592+0000] {logging_mixin.py:188} INFO - [2026-05-16T16:53:57.592+0000] {dag.py:3947} INFO - Setting next_dagrun for example_python_operator to None, run_after=None
[2026-05-16T16:53:57.608+0000] {processor.py:183} INFO - Processing /home/airflow/.local/lib/python3.12/site-packages/airflow/example_dags/example_python_operator.py took 0.063 seconds
[2026-05-16T16:54:28.294+0000] {processor.py:161} INFO - Started process (PID=3545) to work on /home/airflow/.local/lib/python3.12/site-packages/airflow/example_dags/example_python_operator.py
[2026-05-16T16:54:28.294+0000] {processor.py:830} INFO - Processing file /home/airflow/.local/lib/python3.12/site-packages/airflow/example_dags/example_python_operator.py for tasks to queue
[2026-05-16T16:54:28.295+0000] {logging_mixin.py:188} INFO - [2026-05-16T16:54:28.295+0000] {dagbag.py:545} INFO - Filling up the DagBag from /home/airflow/.local/lib/python3.12/site-packages/airflow/example_dags/example_python_operator.py
[2026-05-16T16:54:28.300+0000] {processor.py:840} INFO - DAG(s) 'example_python_operator' retrieved from /home/airflow/.local/lib/python3.12/site-packages/airflow/example_dags/example_python_operator.py
[2026-05-16T16:54:28.310+0000] {logging_mixin.py:188} INFO - [2026-05-16T16:54:28.310+0000] {dag.py:3089} INFO - Sync 1 DAGs
[2026-05-16T16:54:28.315+0000] {logging_mixin.py:188} INFO - [2026-05-16T16:54:28.315+0000] {dag.py:3947} INFO - Setting next_dagrun for example_python_operator to None, run_after=None
[2026-05-16T16:54:28.322+0000] {processor.py:183} INFO - Processing /home/airflow/.local/lib/python3.12/site-packages/airflow/example_dags/example_python_operator.py took 0.031 seconds
[2026-05-16T16:54:58.944+0000] {processor.py:161} INFO - Started process (PID=3607) to work on /home/airflow/.local/lib/python3.12/site-packages/airflow/example_dags/example_python_operator.py
[2026-05-16T16:54:58.944+0000] {processor.py:830} INFO - Processing file /home/airflow/.local/lib/python3.12/site-packages/airflow/example_dags/example_python_operator.py for tasks to queue
[2026-05-16T16:54:58.945+0000] {logging_mixin.py:188} INFO - [2026-05-16T16:54:58.945+0000] {dagbag.py:545} INFO - Filling up the DagBag from /home/airflow/.local/lib/python3.12/site-packages/airflow/example_dags/example_python_operator.py
[2026-05-16T16:54:58.949+0000] {processor.py:840} INFO - DAG(s) 'example_python_operator' retrieved from /home/airflow/.local/lib/python3.12/site-packages/airflow/example_dags/example_python_operator.py
[2026-05-16T16:54:58.959+0000] {logging_mixin.py:188} INFO - [2026-05-16T16:54:58.959+0000] {dag.py:3089} INFO - Sync 1 DAGs
[2026-05-16T16:54:58.964+0000] {logging_mixin.py:188} INFO - [2026-05-16T16:54:58.964+0000] {dag.py:3947} INFO - Setting next_dagrun for example_python_operator to None, run_after=None
[2026-05-16T16:54:58.971+0000] {processor.py:183} INFO - Processing /home/airflow/.local/lib/python3.12/site-packages/airflow/example_dags/example_python_operator.py took 0.031 seconds
[2026-05-16T16:55:29.509+0000] {processor.py:161} INFO - Started process (PID=3668) to work on /home/airflow/.local/lib/python3.12/site-packages/airflow/example_dags/example_python_operator.py
[2026-05-16T16:55:29.510+0000] {processor.py:830} INFO - Processing file /home/airflow/.local/lib/python3.12/site-packages/airflow/example_dags/example_python_operator.py for tasks to queue
[2026-05-16T16:55:29.512+0000] {logging_mixin.py:188} INFO - [2026-05-16T16:55:29.512+0000] {dagbag.py:545} INFO - Filling up the DagBag from /home/airflow/.local/lib/python3.12/site-packages/airflow/example_dags/example_python_operator.py
[2026-05-16T16:55:29.516+0000] {processor.py:840} INFO - DAG(s) 'example_python_operator' retrieved from /home/airflow/.local/lib/python3.12/site-packages/airflow/example_dags/example_python_operator.py
[2026-05-16T16:55:29.526+0000] {logging_mixin.py:188} INFO - [2026-05-16T16:55:29.526+0000] {dag.py:3089} INFO - Sync 1 DAGs
[2026-05-16T16:55:29.531+0000] {logging_mixin.py:188} INFO - [2026-05-16T16:55:29.531+0000] {dag.py:3947} INFO - Setting next_dagrun for example_python_operator to None, run_after=None
[2026-05-16T16:55:29.537+0000] {processor.py:183} INFO - Processing /home/airflow/.local/lib/python3.12/site-packages/airflow/example_dags/example_python_operator.py took 0.032 seconds
[2026-05-16T16:56:00.362+0000] {processor.py:161} INFO - Started process (PID=3729) to work on /home/airflow/.local/lib/python3.12/site-packages/airflow/example_dags/example_python_operator.py
[2026-05-16T16:56:00.363+0000] {processor.py:830} INFO - Processing file /home/airflow/.local/lib/python3.12/site-packages/airflow/example_dags/example_python_operator.py for tasks to queue
[2026-05-16T16:56:00.364+0000] {logging_mixin.py:188} INFO - [2026-05-16T16:56:00.364+0000] {dagbag.py:545} INFO - Filling up the DagBag from /home/airflow/.local/lib/python3.12/site-packages/airflow/example_dags/example_python_operator.py
[2026-05-16T16:56:00.369+0000] {processor.py:840} INFO - DAG(s) 'example_python_operator' retrieved from /home/airflow/.local/lib/python3.12/site-packages/airflow/example_dags/example_python_operator.py
[2026-05-16T16:56:00.381+0000] {logging_mixin.py:188} INFO - [2026-05-16T16:56:00.381+0000] {dag.py:3089} INFO - Sync 1 DAGs
[2026-05-16T16:56:00.386+0000] {logging_mixin.py:188} INFO - [2026-05-16T16:56:00.386+0000] {dag.py:3947} INFO - Setting next_dagrun for example_python_operator to None, run_after=None
[2026-05-16T16:56:00.393+0000] {processor.py:183} INFO - Processing /home/airflow/.local/lib/python3.12/site-packages/airflow/example_dags/example_python_operator.py took 0.035 seconds
[2026-05-16T16:56:30.473+0000] {processor.py:161} INFO - Started process (PID=3791) to work on /home/airflow/.local/lib/python3.12/site-packages/airflow/example_dags/example_python_operator.py
[2026-05-16T16:56:30.473+0000] {processor.py:830} INFO - Processing file /home/airflow/.local/lib/python3.12/site-packages/airflow/example_dags/example_python_operator.py for tasks to queue
[2026-05-16T16:56:30.474+0000] {logging_mixin.py:188} INFO - [2026-05-16T16:56:30.474+0000] {dagbag.py:545} INFO - Filling up the DagBag from /home/airflow/.local/lib/python3.12/site-packages/airflow/example_dags/example_python_operator.py
[2026-05-16T16:56:30.479+0000] {processor.py:840} INFO - DAG(s) 'example_python_operator' retrieved from /home/airflow/.local/lib/python3.12/site-packages/airflow/example_dags/example_python_operator.py
[2026-05-16T16:56:30.487+0000] {logging_mixin.py:188} INFO - [2026-05-16T16:56:30.487+0000] {dag.py:3089} INFO - Sync 1 DAGs
[2026-05-16T16:56:30.493+0000] {logging_mixin.py:188} INFO - [2026-05-16T16:56:30.493+0000] {dag.py:3947} INFO - Setting next_dagrun for example_python_operator to None, run_after=None
[2026-05-16T16:56:30.499+0000] {processor.py:183} INFO - Processing /home/airflow/.local/lib/python3.12/site-packages/airflow/example_dags/example_python_operator.py took 0.031 seconds
[2026-05-16T16:57:01.171+0000] {processor.py:161} INFO - Started process (PID=3853) to work on /home/airflow/.local/lib/python3.12/site-packages/airflow/example_dags/example_python_operator.py
[2026-05-16T16:57:01.174+0000] {processor.py:830} INFO - Processing file /home/airflow/.local/lib/python3.12/site-packages/airflow/example_dags/example_python_operator.py for tasks to queue
[2026-05-16T16:57:01.175+0000] {logging_mixin.py:188} INFO - [2026-05-16T16:57:01.175+0000] {dagbag.py:545} INFO - Filling up the DagBag from /home/airflow/.local/lib/python3.12/site-packages/airflow/example_dags/example_python_operator.py
[2026-05-16T16:57:01.180+0000] {processor.py:840} INFO - DAG(s) 'example_python_operator' retrieved from /home/airflow/.local/lib/python3.12/site-packages/airflow/example_dags/example_python_operator.py
[2026-05-16T16:57:01.189+0000] {logging_mixin.py:188} INFO - [2026-05-16T16:57:01.189+0000] {dag.py:3089} INFO - Sync 1 DAGs
[2026-05-16T16:57:01.194+0000] {logging_mixin.py:188} INFO - [2026-05-16T16:57:01.194+0000] {dag.py:3947} INFO - Setting next_dagrun for example_python_operator to None, run_after=None
[2026-05-16T16:57:01.201+0000] {processor.py:183} INFO - Processing /home/airflow/.local/lib/python3.12/site-packages/airflow/example_dags/example_python_operator.py took 0.036 seconds
[2026-05-16T16:57:31.270+0000] {processor.py:161} INFO - Started process (PID=3914) to work on /home/airflow/.local/lib/python3.12/site-packages/airflow/example_dags/example_python_operator.py
[2026-05-16T16:57:31.271+0000] {processor.py:830} INFO - Processing file /home/airflow/.local/lib/python3.12/site-packages/airflow/example_dags/example_python_operator.py for tasks to queue
[2026-05-16T16:57:31.272+0000] {logging_mixin.py:188} INFO - [2026-05-16T16:57:31.271+0000] {dagbag.py:545} INFO - Filling up the DagBag from /home/airflow/.local/lib/python3.12/site-packages/airflow/example_dags/example_python_operator.py
[2026-05-16T16:57:31.276+0000] {processor.py:840} INFO - DAG(s) 'example_python_operator' retrieved from /home/airflow/.local/lib/python3.12/site-packages/airflow/example_dags/example_python_operator.py
[2026-05-16T16:57:31.286+0000] {logging_mixin.py:188} INFO - [2026-05-16T16:57:31.286+0000] {dag.py:3089} INFO - Sync 1 DAGs
[2026-05-16T16:57:31.292+0000] {logging_mixin.py:188} INFO - [2026-05-16T16:57:31.292+0000] {dag.py:3947} INFO - Setting next_dagrun for example_python_operator to None, run_after=None
[2026-05-16T16:57:31.301+0000] {processor.py:183} INFO - Processing /home/airflow/.local/lib/python3.12/site-packages/airflow/example_dags/example_python_operator.py took 0.033 seconds
[2026-05-16T16:58:02.086+0000] {processor.py:161} INFO - Started process (PID=3976) to work on /home/airflow/.local/lib/python3.12/site-packages/airflow/example_dags/example_python_operator.py
[2026-05-16T16:58:02.086+0000] {processor.py:830} INFO - Processing file /home/airflow/.local/lib/python3.12/site-packages/airflow/example_dags/example_python_operator.py for tasks to queue
[2026-05-16T16:58:02.087+0000] {logging_mixin.py:188} INFO - [2026-05-16T16:58:02.087+0000] {dagbag.py:545} INFO - Filling up the DagBag from /home/airflow/.local/lib/python3.12/site-packages/airflow/example_dags/example_python_operator.py
[2026-05-16T16:58:02.091+0000] {processor.py:840} INFO - DAG(s) 'example_python_operator' retrieved from /home/airflow/.local/lib/python3.12/site-packages/airflow/example_dags/example_python_operator.py
[2026-05-16T16:58:02.103+0000] {logging_mixin.py:188} INFO - [2026-05-16T16:58:02.103+0000] {dag.py:3089} INFO - Sync 1 DAGs
[2026-05-16T16:58:02.108+0000] {logging_mixin.py:188} INFO - [2026-05-16T16:58:02.108+0000] {dag.py:3947} INFO - Setting next_dagrun for example_python_operator to None, run_after=None
[2026-05-16T16:58:02.115+0000] {processor.py:183} INFO - Processing /home/airflow/.local/lib/python3.12/site-packages/airflow/example_dags/example_python_operator.py took 0.034 seconds
[2026-05-16T16:58:32.866+0000] {processor.py:161} INFO - Started process (PID=4037) to work on /home/airflow/.local/lib/python3.12/site-packages/airflow/example_dags/example_python_operator.py
[2026-05-16T16:58:32.867+0000] {processor.py:830} INFO - Processing file /home/airflow/.local/lib/python3.12/site-packages/airflow/example_dags/example_python_operator.py for tasks to queue
[2026-05-16T16:58:32.868+0000] {logging_mixin.py:188} INFO - [2026-05-16T16:58:32.867+0000] {dagbag.py:545} INFO - Filling up the DagBag from /home/airflow/.local/lib/python3.12/site-packages/airflow/example_dags/example_python_operator.py
[2026-05-16T16:58:32.873+0000] {processor.py:840} INFO - DAG(s) 'example_python_operator' retrieved from /home/airflow/.local/lib/python3.12/site-packages/airflow/example_dags/example_python_operator.py
[2026-05-16T16:58:32.883+0000] {logging_mixin.py:188} INFO - [2026-05-16T16:58:32.883+0000] {dag.py:3089} INFO - Sync 1 DAGs
[2026-05-16T16:58:32.888+0000] {logging_mixin.py:188} INFO - [2026-05-16T16:58:32.888+0000] {dag.py:3947} INFO - Setting next_dagrun for example_python_operator to None, run_after=None
[2026-05-16T16:58:32.897+0000] {processor.py:183} INFO - Processing /home/airflow/.local/lib/python3.12/site-packages/airflow/example_dags/example_python_operator.py took 0.034 seconds
[2026-05-16T16:59:03.509+0000] {processor.py:161} INFO - Started process (PID=4099) to work on /home/airflow/.local/lib/python3.12/site-packages/airflow/example_dags/example_python_operator.py
[2026-05-16T16:59:03.509+0000] {processor.py:830} INFO - Processing file /home/airflow/.local/lib/python3.12/site-packages/airflow/example_dags/example_python_operator.py for tasks to queue
[2026-05-16T16:59:03.510+0000] {logging_mixin.py:188} INFO - [2026-05-16T16:59:03.510+0000] {dagbag.py:545} INFO - Filling up the DagBag from /home/airflow/.local/lib/python3.12/site-packages/airflow/example_dags/example_python_operator.py
[2026-05-16T16:59:03.515+0000] {processor.py:840} INFO - DAG(s) 'example_python_operator' retrieved from /home/airflow/.local/lib/python3.12/site-packages/airflow/example_dags/example_python_operator.py
[2026-05-16T16:59:03.523+0000] {logging_mixin.py:188} INFO - [2026-05-16T16:59:03.523+0000] {dag.py:3089} INFO - Sync 1 DAGs
[2026-05-16T16:59:03.530+0000] {logging_mixin.py:188} INFO - [2026-05-16T16:59:03.529+0000] {dag.py:3947} INFO - Setting next_dagrun for example_python_operator to None, run_after=None
[2026-05-16T16:59:03.536+0000] {processor.py:183} INFO - Processing /home/airflow/.local/lib/python3.12/site-packages/airflow/example_dags/example_python_operator.py took 0.029 seconds
[2026-05-16T16:59:34.348+0000] {processor.py:161} INFO - Started process (PID=4161) to work on /home/airflow/.local/lib/python3.12/site-packages/airflow/example_dags/example_python_operator.py
[2026-05-16T16:59:34.348+0000] {processor.py:830} INFO - Processing file /home/airflow/.local/lib/python3.12/site-packages/airflow/example_dags/example_python_operator.py for tasks to queue
[2026-05-16T16:59:34.349+0000] {logging_mixin.py:188} INFO - [2026-05-16T16:59:34.349+0000] {dagbag.py:545} INFO - Filling up the DagBag from /home/airflow/.local/lib/python3.12/site-packages/airflow/example_dags/example_python_operator.py
[2026-05-16T16:59:34.354+0000] {processor.py:840} INFO - DAG(s) 'example_python_operator' retrieved from /home/airflow/.local/lib/python3.12/site-packages/airflow/example_dags/example_python_operator.py
[2026-05-16T16:59:34.363+0000] {logging_mixin.py:188} INFO - [2026-05-16T16:59:34.363+0000] {dag.py:3089} INFO - Sync 1 DAGs
[2026-05-16T16:59:34.368+0000] {logging_mixin.py:188} INFO - [2026-05-16T16:59:34.368+0000] {dag.py:3947} INFO - Setting next_dagrun for example_python_operator to None, run_after=None
[2026-05-16T16:59:34.373+0000] {processor.py:183} INFO - Processing /home/airflow/.local/lib/python3.12/site-packages/airflow/example_dags/example_python_operator.py took 0.029 seconds
[2026-05-16T17:00:04.985+0000] {processor.py:161} INFO - Started process (PID=4223) to work on /home/airflow/.local/lib/python3.12/site-packages/airflow/example_dags/example_python_operator.py
[2026-05-16T17:00:04.985+0000] {processor.py:830} INFO - Processing file /home/airflow/.local/lib/python3.12/site-packages/airflow/example_dags/example_python_operator.py for tasks to queue
[2026-05-16T17:00:04.986+0000] {logging_mixin.py:188} INFO - [2026-05-16T17:00:04.986+0000] {dagbag.py:545} INFO - Filling up the DagBag from /home/airflow/.local/lib/python3.12/site-packages/airflow/example_dags/example_python_operator.py
[2026-05-16T17:00:04.991+0000] {processor.py:840} INFO - DAG(s) 'example_python_operator' retrieved from /home/airflow/.local/lib/python3.12/site-packages/airflow/example_dags/example_python_operator.py
[2026-05-16T17:00:05.001+0000] {logging_mixin.py:188} INFO - [2026-05-16T17:00:05.001+0000] {dag.py:3089} INFO - Sync 1 DAGs
[2026-05-16T17:00:05.006+0000] {logging_mixin.py:188} INFO - [2026-05-16T17:00:05.006+0000] {dag.py:3947} INFO - Setting next_dagrun for example_python_operator to None, run_after=None
[2026-05-16T17:00:05.013+0000] {processor.py:183} INFO - Processing /home/airflow/.local/lib/python3.12/site-packages/airflow/example_dags/example_python_operator.py took 0.031 seconds
[2026-05-16T17:00:35.758+0000] {processor.py:161} INFO - Started process (PID=4285) to work on /home/airflow/.local/lib/python3.12/site-packages/airflow/example_dags/example_python_operator.py
[2026-05-16T17:00:35.759+0000] {processor.py:830} INFO - Processing file /home/airflow/.local/lib/python3.12/site-packages/airflow/example_dags/example_python_operator.py for tasks to queue
[2026-05-16T17:00:35.759+0000] {logging_mixin.py:188} INFO - [2026-05-16T17:00:35.759+0000] {dagbag.py:545} INFO - Filling up the DagBag from /home/airflow/.local/lib/python3.12/site-packages/airflow/example_dags/example_python_operator.py
[2026-05-16T17:00:35.764+0000] {processor.py:840} INFO - DAG(s) 'example_python_operator' retrieved from /home/airflow/.local/lib/python3.12/site-packages/airflow/example_dags/example_python_operator.py
[2026-05-16T17:00:35.773+0000] {logging_mixin.py:188} INFO - [2026-05-16T17:00:35.773+0000] {dag.py:3089} INFO - Sync 1 DAGs
[2026-05-16T17:00:35.778+0000] {logging_mixin.py:188} INFO - [2026-05-16T17:00:35.778+0000] {dag.py:3947} INFO - Setting next_dagrun for example_python_operator to None, run_after=None
[2026-05-16T17:00:35.785+0000] {processor.py:183} INFO - Processing /home/airflow/.local/lib/python3.12/site-packages/airflow/example_dags/example_python_operator.py took 0.029 seconds
[2026-05-16T17:01:06.488+0000] {processor.py:161} INFO - Started process (PID=4347) to work on /home/airflow/.local/lib/python3.12/site-packages/airflow/example_dags/example_python_operator.py
[2026-05-16T17:01:06.488+0000] {processor.py:830} INFO - Processing file /home/airflow/.local/lib/python3.12/site-packages/airflow/example_dags/example_python_operator.py for tasks to queue
[2026-05-16T17:01:06.489+0000] {logging_mixin.py:188} INFO - [2026-05-16T17:01:06.489+0000] {dagbag.py:545} INFO - Filling up the DagBag from /home/airflow/.local/lib/python3.12/site-packages/airflow/example_dags/example_python_operator.py
[2026-05-16T17:01:06.494+0000] {processor.py:840} INFO - DAG(s) 'example_python_operator' retrieved from /home/airflow/.local/lib/python3.12/site-packages/airflow/example_dags/example_python_operator.py
[2026-05-16T17:01:06.506+0000] {logging_mixin.py:188} INFO - [2026-05-16T17:01:06.506+0000] {dag.py:3089} INFO - Sync 1 DAGs
[2026-05-16T17:01:06.512+0000] {logging_mixin.py:188} INFO - [2026-05-16T17:01:06.512+0000] {dag.py:3947} INFO - Setting next_dagrun for example_python_operator to None, run_after=None
[2026-05-16T17:01:06.517+0000] {processor.py:183} INFO - Processing /home/airflow/.local/lib/python3.12/site-packages/airflow/example_dags/example_python_operator.py took 0.033 seconds
[2026-05-16T17:01:37.192+0000] {processor.py:161} INFO - Started process (PID=4409) to work on /home/airflow/.local/lib/python3.12/site-packages/airflow/example_dags/example_python_operator.py
[2026-05-16T17:01:37.193+0000] {processor.py:830} INFO - Processing file /home/airflow/.local/lib/python3.12/site-packages/airflow/example_dags/example_python_operator.py for tasks to queue
[2026-05-16T17:01:37.194+0000] {logging_mixin.py:188} INFO - [2026-05-16T17:01:37.194+0000] {dagbag.py:545} INFO - Filling up the DagBag from /home/airflow/.local/lib/python3.12/site-packages/airflow/example_dags/example_python_operator.py
[2026-05-16T17:01:37.198+0000] {processor.py:840} INFO - DAG(s) 'example_python_operator' retrieved from /home/airflow/.local/lib/python3.12/site-packages/airflow/example_dags/example_python_operator.py
[2026-05-16T17:01:37.209+0000] {logging_mixin.py:188} INFO - [2026-05-16T17:01:37.209+0000] {dag.py:3089} INFO - Sync 1 DAGs
[2026-05-16T17:01:37.214+0000] {logging_mixin.py:188} INFO - [2026-05-16T17:01:37.214+0000] {dag.py:3947} INFO - Setting next_dagrun for example_python_operator to None, run_after=None
[2026-05-16T17:01:37.221+0000] {processor.py:183} INFO - Processing /home/airflow/.local/lib/python3.12/site-packages/airflow/example_dags/example_python_operator.py took 0.032 seconds
[2026-05-16T17:02:07.888+0000] {processor.py:161} INFO - Started process (PID=4471) to work on /home/airflow/.local/lib/python3.12/site-packages/airflow/example_dags/example_python_operator.py
[2026-05-16T17:02:07.889+0000] {processor.py:830} INFO - Processing file /home/airflow/.local/lib/python3.12/site-packages/airflow/example_dags/example_python_operator.py for tasks to queue
[2026-05-16T17:02:07.890+0000] {logging_mixin.py:188} INFO - [2026-05-16T17:02:07.890+0000] {dagbag.py:545} INFO - Filling up the DagBag from /home/airflow/.local/lib/python3.12/site-packages/airflow/example_dags/example_python_operator.py
[2026-05-16T17:02:07.895+0000] {processor.py:840} INFO - DAG(s) 'example_python_operator' retrieved from /home/airflow/.local/lib/python3.12/site-packages/airflow/example_dags/example_python_operator.py
[2026-05-16T17:02:07.903+0000] {logging_mixin.py:188} INFO - [2026-05-16T17:02:07.903+0000] {dag.py:3089} INFO - Sync 1 DAGs
[2026-05-16T17:02:07.908+0000] {logging_mixin.py:188} INFO - [2026-05-16T17:02:07.908+0000] {dag.py:3947} INFO - Setting next_dagrun for example_python_operator to None, run_after=None
[2026-05-16T17:02:07.914+0000] {processor.py:183} INFO - Processing /home/airflow/.local/lib/python3.12/site-packages/airflow/example_dags/example_python_operator.py took 0.028 seconds
[2026-05-16T17:02:38.516+0000] {processor.py:161} INFO - Started process (PID=4533) to work on /home/airflow/.local/lib/python3.12/site-packages/airflow/example_dags/example_python_operator.py
[2026-05-16T17:02:38.517+0000] {processor.py:830} INFO - Processing file /home/airflow/.local/lib/python3.12/site-packages/airflow/example_dags/example_python_operator.py for tasks to queue
[2026-05-16T17:02:38.517+0000] {logging_mixin.py:188} INFO - [2026-05-16T17:02:38.517+0000] {dagbag.py:545} INFO - Filling up the DagBag from /home/airflow/.local/lib/python3.12/site-packages/airflow/example_dags/example_python_operator.py
[2026-05-16T17:02:38.522+0000] {processor.py:840} INFO - DAG(s) 'example_python_operator' retrieved from /home/airflow/.local/lib/python3.12/site-packages/airflow/example_dags/example_python_operator.py
[2026-05-16T17:02:38.531+0000] {logging_mixin.py:188} INFO - [2026-05-16T17:02:38.531+0000] {dag.py:3089} INFO - Sync 1 DAGs
[2026-05-16T17:02:38.537+0000] {logging_mixin.py:188} INFO - [2026-05-16T17:02:38.537+0000] {dag.py:3947} INFO - Setting next_dagrun for example_python_operator to None, run_after=None
[2026-05-16T17:02:38.545+0000] {processor.py:183} INFO - Processing /home/airflow/.local/lib/python3.12/site-packages/airflow/example_dags/example_python_operator.py took 0.032 seconds
[2026-05-16T17:03:09.206+0000] {processor.py:161} INFO - Started process (PID=4595) to work on /home/airflow/.local/lib/python3.12/site-packages/airflow/example_dags/example_python_operator.py
[2026-05-16T17:03:09.207+0000] {processor.py:830} INFO - Processing file /home/airflow/.local/lib/python3.12/site-packages/airflow/example_dags/example_python_operator.py for tasks to queue
[2026-05-16T17:03:09.207+0000] {logging_mixin.py:188} INFO - [2026-05-16T17:03:09.207+0000] {dagbag.py:545} INFO - Filling up the DagBag from /home/airflow/.local/lib/python3.12/site-packages/airflow/example_dags/example_python_operator.py
[2026-05-16T17:03:09.213+0000] {processor.py:840} INFO - DAG(s) 'example_python_operator' retrieved from /home/airflow/.local/lib/python3.12/site-packages/airflow/example_dags/example_python_operator.py
[2026-05-16T17:03:09.222+0000] {logging_mixin.py:188} INFO - [2026-05-16T17:03:09.222+0000] {dag.py:3089} INFO - Sync 1 DAGs
[2026-05-16T17:03:09.227+0000] {logging_mixin.py:188} INFO - [2026-05-16T17:03:09.226+0000] {dag.py:3947} INFO - Setting next_dagrun for example_python_operator to None, run_after=None
[2026-05-16T17:03:09.234+0000] {processor.py:183} INFO - Processing /home/airflow/.local/lib/python3.12/site-packages/airflow/example_dags/example_python_operator.py took 0.031 seconds
[2026-05-16T17:03:39.505+0000] {processor.py:161} INFO - Started process (PID=4656) to work on /home/airflow/.local/lib/python3.12/site-packages/airflow/example_dags/example_python_operator.py
[2026-05-16T17:03:39.506+0000] {processor.py:830} INFO - Processing file /home/airflow/.local/lib/python3.12/site-packages/airflow/example_dags/example_python_operator.py for tasks to queue
[2026-05-16T17:03:39.507+0000] {logging_mixin.py:188} INFO - [2026-05-16T17:03:39.507+0000] {dagbag.py:545} INFO - Filling up the DagBag from /home/airflow/.local/lib/python3.12/site-packages/airflow/example_dags/example_python_operator.py
[2026-05-16T17:03:39.518+0000] {processor.py:840} INFO - DAG(s) 'example_python_operator' retrieved from /home/airflow/.local/lib/python3.12/site-packages/airflow/example_dags/example_python_operator.py
[2026-05-16T17:03:39.530+0000] {logging_mixin.py:188} INFO - [2026-05-16T17:03:39.530+0000] {dag.py:3089} INFO - Sync 1 DAGs
[2026-05-16T17:03:39.537+0000] {logging_mixin.py:188} INFO - [2026-05-16T17:03:39.537+0000] {dag.py:3947} INFO - Setting next_dagrun for example_python_operator to None, run_after=None
[2026-05-16T17:03:39.632+0000] {processor.py:183} INFO - Processing /home/airflow/.local/lib/python3.12/site-packages/airflow/example_dags/example_python_operator.py took 0.131 seconds
[2026-05-16T17:04:10.036+0000] {processor.py:161} INFO - Started process (PID=4718) to work on /home/airflow/.local/lib/python3.12/site-packages/airflow/example_dags/example_python_operator.py
[2026-05-16T17:04:10.039+0000] {processor.py:830} INFO - Processing file /home/airflow/.local/lib/python3.12/site-packages/airflow/example_dags/example_python_operator.py for tasks to queue
[2026-05-16T17:04:10.041+0000] {logging_mixin.py:188} INFO - [2026-05-16T17:04:10.041+0000] {dagbag.py:545} INFO - Filling up the DagBag from /home/airflow/.local/lib/python3.12/site-packages/airflow/example_dags/example_python_operator.py
[2026-05-16T17:04:10.056+0000] {processor.py:840} INFO - DAG(s) 'example_python_operator' retrieved from /home/airflow/.local/lib/python3.12/site-packages/airflow/example_dags/example_python_operator.py
[2026-05-16T17:04:10.076+0000] {logging_mixin.py:188} INFO - [2026-05-16T17:04:10.076+0000] {dag.py:3089} INFO - Sync 1 DAGs
[2026-05-16T17:04:10.092+0000] {logging_mixin.py:188} INFO - [2026-05-16T17:04:10.092+0000] {dag.py:3947} INFO - Setting next_dagrun for example_python_operator to None, run_after=None
[2026-05-16T17:04:10.270+0000] {processor.py:183} INFO - Processing /home/airflow/.local/lib/python3.12/site-packages/airflow/example_dags/example_python_operator.py took 0.243 seconds
[2026-05-16T17:04:40.624+0000] {processor.py:161} INFO - Started process (PID=4780) to work on /home/airflow/.local/lib/python3.12/site-packages/airflow/example_dags/example_python_operator.py
[2026-05-16T17:04:40.624+0000] {processor.py:830} INFO - Processing file /home/airflow/.local/lib/python3.12/site-packages/airflow/example_dags/example_python_operator.py for tasks to queue
[2026-05-16T17:04:40.625+0000] {logging_mixin.py:188} INFO - [2026-05-16T17:04:40.625+0000] {dagbag.py:545} INFO - Filling up the DagBag from /home/airflow/.local/lib/python3.12/site-packages/airflow/example_dags/example_python_operator.py
[2026-05-16T17:04:40.630+0000] {processor.py:840} INFO - DAG(s) 'example_python_operator' retrieved from /home/airflow/.local/lib/python3.12/site-packages/airflow/example_dags/example_python_operator.py
[2026-05-16T17:04:40.641+0000] {logging_mixin.py:188} INFO - [2026-05-16T17:04:40.641+0000] {dag.py:3089} INFO - Sync 1 DAGs
[2026-05-16T17:04:40.646+0000] {logging_mixin.py:188} INFO - [2026-05-16T17:04:40.646+0000] {dag.py:3947} INFO - Setting next_dagrun for example_python_operator to None, run_after=None
[2026-05-16T17:04:40.654+0000] {processor.py:183} INFO - Processing /home/airflow/.local/lib/python3.12/site-packages/airflow/example_dags/example_python_operator.py took 0.033 seconds
[2026-05-16T17:05:11.359+0000] {processor.py:161} INFO - Started process (PID=4841) to work on /home/airflow/.local/lib/python3.12/site-packages/airflow/example_dags/example_python_operator.py
[2026-05-16T17:05:11.360+0000] {processor.py:830} INFO - Processing file /home/airflow/.local/lib/python3.12/site-packages/airflow/example_dags/example_python_operator.py for tasks to queue
[2026-05-16T17:05:11.361+0000] {logging_mixin.py:188} INFO - [2026-05-16T17:05:11.360+0000] {dagbag.py:545} INFO - Filling up the DagBag from /home/airflow/.local/lib/python3.12/site-packages/airflow/example_dags/example_python_operator.py
[2026-05-16T17:05:11.366+0000] {processor.py:840} INFO - DAG(s) 'example_python_operator' retrieved from /home/airflow/.local/lib/python3.12/site-packages/airflow/example_dags/example_python_operator.py
[2026-05-16T17:05:11.375+0000] {logging_mixin.py:188} INFO - [2026-05-16T17:05:11.375+0000] {dag.py:3089} INFO - Sync 1 DAGs
[2026-05-16T17:05:11.380+0000] {logging_mixin.py:188} INFO - [2026-05-16T17:05:11.380+0000] {dag.py:3947} INFO - Setting next_dagrun for example_python_operator to None, run_after=None
[2026-05-16T17:05:11.388+0000] {processor.py:183} INFO - Processing /home/airflow/.local/lib/python3.12/site-packages/airflow/example_dags/example_python_operator.py took 0.031 seconds
[2026-05-16T17:05:42.047+0000] {processor.py:161} INFO - Started process (PID=4902) to work on /home/airflow/.local/lib/python3.12/site-packages/airflow/example_dags/example_python_operator.py
[2026-05-16T17:05:42.047+0000] {processor.py:830} INFO - Processing file /home/airflow/.local/lib/python3.12/site-packages/airflow/example_dags/example_python_operator.py for tasks to queue
[2026-05-16T17:05:42.048+0000] {logging_mixin.py:188} INFO - [2026-05-16T17:05:42.048+0000] {dagbag.py:545} INFO - Filling up the DagBag from /home/airflow/.local/lib/python3.12/site-packages/airflow/example_dags/example_python_operator.py
[2026-05-16T17:05:42.053+0000] {processor.py:840} INFO - DAG(s) 'example_python_operator' retrieved from /home/airflow/.local/lib/python3.12/site-packages/airflow/example_dags/example_python_operator.py
[2026-05-16T17:05:42.066+0000] {logging_mixin.py:188} INFO - [2026-05-16T17:05:42.066+0000] {dag.py:3089} INFO - Sync 1 DAGs
[2026-05-16T17:05:42.072+0000] {logging_mixin.py:188} INFO - [2026-05-16T17:05:42.072+0000] {dag.py:3947} INFO - Setting next_dagrun for example_python_operator to None, run_after=None
[2026-05-16T17:05:42.078+0000] {processor.py:183} INFO - Processing /home/airflow/.local/lib/python3.12/site-packages/airflow/example_dags/example_python_operator.py took 0.034 seconds
[2026-05-16T17:06:12.845+0000] {processor.py:161} INFO - Started process (PID=4964) to work on /home/airflow/.local/lib/python3.12/site-packages/airflow/example_dags/example_python_operator.py
[2026-05-16T17:06:12.846+0000] {processor.py:830} INFO - Processing file /home/airflow/.local/lib/python3.12/site-packages/airflow/example_dags/example_python_operator.py for tasks to queue
[2026-05-16T17:06:12.846+0000] {logging_mixin.py:188} INFO - [2026-05-16T17:06:12.846+0000] {dagbag.py:545} INFO - Filling up the DagBag from /home/airflow/.local/lib/python3.12/site-packages/airflow/example_dags/example_python_operator.py
[2026-05-16T17:06:12.853+0000] {processor.py:840} INFO - DAG(s) 'example_python_operator' retrieved from /home/airflow/.local/lib/python3.12/site-packages/airflow/example_dags/example_python_operator.py
[2026-05-16T17:06:12.863+0000] {logging_mixin.py:188} INFO - [2026-05-16T17:06:12.863+0000] {dag.py:3089} INFO - Sync 1 DAGs
[2026-05-16T17:06:12.870+0000] {logging_mixin.py:188} INFO - [2026-05-16T17:06:12.870+0000] {dag.py:3947} INFO - Setting next_dagrun for example_python_operator to None, run_after=None
[2026-05-16T17:06:12.876+0000] {processor.py:183} INFO - Processing /home/airflow/.local/lib/python3.12/site-packages/airflow/example_dags/example_python_operator.py took 0.036 seconds
[2026-05-16T17:06:43.576+0000] {processor.py:161} INFO - Started process (PID=5026) to work on /home/airflow/.local/lib/python3.12/site-packages/airflow/example_dags/example_python_operator.py
[2026-05-16T17:06:43.577+0000] {processor.py:830} INFO - Processing file /home/airflow/.local/lib/python3.12/site-packages/airflow/example_dags/example_python_operator.py for tasks to queue
[2026-05-16T17:06:43.577+0000] {logging_mixin.py:188} INFO - [2026-05-16T17:06:43.577+0000] {dagbag.py:545} INFO - Filling up the DagBag from /home/airflow/.local/lib/python3.12/site-packages/airflow/example_dags/example_python_operator.py
[2026-05-16T17:06:43.582+0000] {processor.py:840} INFO - DAG(s) 'example_python_operator' retrieved from /home/airflow/.local/lib/python3.12/site-packages/airflow/example_dags/example_python_operator.py
[2026-05-16T17:06:43.593+0000] {logging_mixin.py:188} INFO - [2026-05-16T17:06:43.593+0000] {dag.py:3089} INFO - Sync 1 DAGs
[2026-05-16T17:06:43.598+0000] {logging_mixin.py:188} INFO - [2026-05-16T17:06:43.598+0000] {dag.py:3947} INFO - Setting next_dagrun for example_python_operator to None, run_after=None
[2026-05-16T17:06:43.603+0000] {processor.py:183} INFO - Processing /home/airflow/.local/lib/python3.12/site-packages/airflow/example_dags/example_python_operator.py took 0.030 seconds
[2026-05-16T17:07:14.276+0000] {processor.py:161} INFO - Started process (PID=5087) to work on /home/airflow/.local/lib/python3.12/site-packages/airflow/example_dags/example_python_operator.py
[2026-05-16T17:07:14.276+0000] {processor.py:830} INFO - Processing file /home/airflow/.local/lib/python3.12/site-packages/airflow/example_dags/example_python_operator.py for tasks to queue
[2026-05-16T17:07:14.278+0000] {logging_mixin.py:188} INFO - [2026-05-16T17:07:14.278+0000] {dagbag.py:545} INFO - Filling up the DagBag from /home/airflow/.local/lib/python3.12/site-packages/airflow/example_dags/example_python_operator.py
[2026-05-16T17:07:14.287+0000] {processor.py:840} INFO - DAG(s) 'example_python_operator' retrieved from /home/airflow/.local/lib/python3.12/site-packages/airflow/example_dags/example_python_operator.py
[2026-05-16T17:07:14.296+0000] {logging_mixin.py:188} INFO - [2026-05-16T17:07:14.296+0000] {dag.py:3089} INFO - Sync 1 DAGs
[2026-05-16T17:07:14.302+0000] {logging_mixin.py:188} INFO - [2026-05-16T17:07:14.302+0000] {dag.py:3947} INFO - Setting next_dagrun for example_python_operator to None, run_after=None
[2026-05-16T17:07:14.308+0000] {processor.py:183} INFO - Processing /home/airflow/.local/lib/python3.12/site-packages/airflow/example_dags/example_python_operator.py took 0.035 seconds
[2026-05-16T17:07:45.049+0000] {processor.py:161} INFO - Started process (PID=5149) to work on /home/airflow/.local/lib/python3.12/site-packages/airflow/example_dags/example_python_operator.py
[2026-05-16T17:07:45.050+0000] {processor.py:830} INFO - Processing file /home/airflow/.local/lib/python3.12/site-packages/airflow/example_dags/example_python_operator.py for tasks to queue
[2026-05-16T17:07:45.051+0000] {logging_mixin.py:188} INFO - [2026-05-16T17:07:45.051+0000] {dagbag.py:545} INFO - Filling up the DagBag from /home/airflow/.local/lib/python3.12/site-packages/airflow/example_dags/example_python_operator.py
[2026-05-16T17:07:45.057+0000] {processor.py:840} INFO - DAG(s) 'example_python_operator' retrieved from /home/airflow/.local/lib/python3.12/site-packages/airflow/example_dags/example_python_operator.py
[2026-05-16T17:07:45.070+0000] {logging_mixin.py:188} INFO - [2026-05-16T17:07:45.069+0000] {dag.py:3089} INFO - Sync 1 DAGs
[2026-05-16T17:07:45.076+0000] {logging_mixin.py:188} INFO - [2026-05-16T17:07:45.076+0000] {dag.py:3947} INFO - Setting next_dagrun for example_python_operator to None, run_after=None
[2026-05-16T17:07:45.082+0000] {processor.py:183} INFO - Processing /home/airflow/.local/lib/python3.12/site-packages/airflow/example_dags/example_python_operator.py took 0.037 seconds
[2026-05-16T17:08:15.958+0000] {processor.py:161} INFO - Started process (PID=5211) to work on /home/airflow/.local/lib/python3.12/site-packages/airflow/example_dags/example_python_operator.py
[2026-05-16T17:08:15.958+0000] {processor.py:830} INFO - Processing file /home/airflow/.local/lib/python3.12/site-packages/airflow/example_dags/example_python_operator.py for tasks to queue
[2026-05-16T17:08:15.959+0000] {logging_mixin.py:188} INFO - [2026-05-16T17:08:15.959+0000] {dagbag.py:545} INFO - Filling up the DagBag from /home/airflow/.local/lib/python3.12/site-packages/airflow/example_dags/example_python_operator.py
[2026-05-16T17:08:15.965+0000] {processor.py:840} INFO - DAG(s) 'example_python_operator' retrieved from /home/airflow/.local/lib/python3.12/site-packages/airflow/example_dags/example_python_operator.py
[2026-05-16T17:08:15.976+0000] {logging_mixin.py:188} INFO - [2026-05-16T17:08:15.976+0000] {dag.py:3089} INFO - Sync 1 DAGs
[2026-05-16T17:08:15.980+0000] {logging_mixin.py:188} INFO - [2026-05-16T17:08:15.980+0000] {dag.py:3947} INFO - Setting next_dagrun for example_python_operator to None, run_after=None
[2026-05-16T17:08:15.987+0000] {processor.py:183} INFO - Processing /home/airflow/.local/lib/python3.12/site-packages/airflow/example_dags/example_python_operator.py took 0.033 seconds
[2026-05-16T17:08:46.043+0000] {processor.py:161} INFO - Started process (PID=5273) to work on /home/airflow/.local/lib/python3.12/site-packages/airflow/example_dags/example_python_operator.py
[2026-05-16T17:08:46.043+0000] {processor.py:830} INFO - Processing file /home/airflow/.local/lib/python3.12/site-packages/airflow/example_dags/example_python_operator.py for tasks to queue
[2026-05-16T17:08:46.044+0000] {logging_mixin.py:188} INFO - [2026-05-16T17:08:46.044+0000] {dagbag.py:545} INFO - Filling up the DagBag from /home/airflow/.local/lib/python3.12/site-packages/airflow/example_dags/example_python_operator.py
[2026-05-16T17:08:46.049+0000] {processor.py:840} INFO - DAG(s) 'example_python_operator' retrieved from /home/airflow/.local/lib/python3.12/site-packages/airflow/example_dags/example_python_operator.py
[2026-05-16T17:08:46.062+0000] {logging_mixin.py:188} INFO - [2026-05-16T17:08:46.062+0000] {dag.py:3089} INFO - Sync 1 DAGs
[2026-05-16T17:08:46.070+0000] {logging_mixin.py:188} INFO - [2026-05-16T17:08:46.070+0000] {dag.py:3947} INFO - Setting next_dagrun for example_python_operator to None, run_after=None
[2026-05-16T17:08:46.077+0000] {processor.py:183} INFO - Processing /home/airflow/.local/lib/python3.12/site-packages/airflow/example_dags/example_python_operator.py took 0.037 seconds
[2026-05-16T17:09:16.114+0000] {processor.py:161} INFO - Started process (PID=5335) to work on /home/airflow/.local/lib/python3.12/site-packages/airflow/example_dags/example_python_operator.py
[2026-05-16T17:09:16.114+0000] {processor.py:830} INFO - Processing file /home/airflow/.local/lib/python3.12/site-packages/airflow/example_dags/example_python_operator.py for tasks to queue
[2026-05-16T17:09:16.115+0000] {logging_mixin.py:188} INFO - [2026-05-16T17:09:16.115+0000] {dagbag.py:545} INFO - Filling up the DagBag from /home/airflow/.local/lib/python3.12/site-packages/airflow/example_dags/example_python_operator.py
[2026-05-16T17:09:16.121+0000] {processor.py:840} INFO - DAG(s) 'example_python_operator' retrieved from /home/airflow/.local/lib/python3.12/site-packages/airflow/example_dags/example_python_operator.py
[2026-05-16T17:09:16.130+0000] {logging_mixin.py:188} INFO - [2026-05-16T17:09:16.130+0000] {dag.py:3089} INFO - Sync 1 DAGs
[2026-05-16T17:09:16.137+0000] {logging_mixin.py:188} INFO - [2026-05-16T17:09:16.137+0000] {dag.py:3947} INFO - Setting next_dagrun for example_python_operator to None, run_after=None
[2026-05-16T17:09:16.144+0000] {processor.py:183} INFO - Processing /home/airflow/.local/lib/python3.12/site-packages/airflow/example_dags/example_python_operator.py took 0.033 seconds
[2026-05-16T17:09:46.894+0000] {processor.py:161} INFO - Started process (PID=5396) to work on /home/airflow/.local/lib/python3.12/site-packages/airflow/example_dags/example_python_operator.py
[2026-05-16T17:09:46.894+0000] {processor.py:830} INFO - Processing file /home/airflow/.local/lib/python3.12/site-packages/airflow/example_dags/example_python_operator.py for tasks to queue
[2026-05-16T17:09:46.895+0000] {logging_mixin.py:188} INFO - [2026-05-16T17:09:46.895+0000] {dagbag.py:545} INFO - Filling up the DagBag from /home/airflow/.local/lib/python3.12/site-packages/airflow/example_dags/example_python_operator.py
[2026-05-16T17:09:46.900+0000] {processor.py:840} INFO - DAG(s) 'example_python_operator' retrieved from /home/airflow/.local/lib/python3.12/site-packages/airflow/example_dags/example_python_operator.py
[2026-05-16T17:09:46.913+0000] {logging_mixin.py:188} INFO - [2026-05-16T17:09:46.913+0000] {dag.py:3089} INFO - Sync 1 DAGs
[2026-05-16T17:09:46.918+0000] {logging_mixin.py:188} INFO - [2026-05-16T17:09:46.918+0000] {dag.py:3947} INFO - Setting next_dagrun for example_python_operator to None, run_after=None
[2026-05-16T17:09:46.927+0000] {processor.py:183} INFO - Processing /home/airflow/.local/lib/python3.12/site-packages/airflow/example_dags/example_python_operator.py took 0.036 seconds
[2026-05-16T17:10:17.696+0000] {processor.py:161} INFO - Started process (PID=5457) to work on /home/airflow/.local/lib/python3.12/site-packages/airflow/example_dags/example_python_operator.py
[2026-05-16T17:10:17.696+0000] {processor.py:830} INFO - Processing file /home/airflow/.local/lib/python3.12/site-packages/airflow/example_dags/example_python_operator.py for tasks to queue
[2026-05-16T17:10:17.697+0000] {logging_mixin.py:188} INFO - [2026-05-16T17:10:17.697+0000] {dagbag.py:545} INFO - Filling up the DagBag from /home/airflow/.local/lib/python3.12/site-packages/airflow/example_dags/example_python_operator.py
[2026-05-16T17:10:17.703+0000] {processor.py:840} INFO - DAG(s) 'example_python_operator' retrieved from /home/airflow/.local/lib/python3.12/site-packages/airflow/example_dags/example_python_operator.py
[2026-05-16T17:10:17.712+0000] {logging_mixin.py:188} INFO - [2026-05-16T17:10:17.712+0000] {dag.py:3089} INFO - Sync 1 DAGs
[2026-05-16T17:10:17.718+0000] {logging_mixin.py:188} INFO - [2026-05-16T17:10:17.717+0000] {dag.py:3947} INFO - Setting next_dagrun for example_python_operator to None, run_after=None
[2026-05-16T17:10:17.725+0000] {processor.py:183} INFO - Processing /home/airflow/.local/lib/python3.12/site-packages/airflow/example_dags/example_python_operator.py took 0.032 seconds
[2026-05-16T17:10:47.863+0000] {processor.py:161} INFO - Started process (PID=5519) to work on /home/airflow/.local/lib/python3.12/site-packages/airflow/example_dags/example_python_operator.py
[2026-05-16T17:10:47.864+0000] {processor.py:830} INFO - Processing file /home/airflow/.local/lib/python3.12/site-packages/airflow/example_dags/example_python_operator.py for tasks to queue
[2026-05-16T17:10:47.865+0000] {logging_mixin.py:188} INFO - [2026-05-16T17:10:47.865+0000] {dagbag.py:545} INFO - Filling up the DagBag from /home/airflow/.local/lib/python3.12/site-packages/airflow/example_dags/example_python_operator.py
[2026-05-16T17:10:47.871+0000] {processor.py:840} INFO - DAG(s) 'example_python_operator' retrieved from /home/airflow/.local/lib/python3.12/site-packages/airflow/example_dags/example_python_operator.py
[2026-05-16T17:10:47.882+0000] {logging_mixin.py:188} INFO - [2026-05-16T17:10:47.882+0000] {dag.py:3089} INFO - Sync 1 DAGs
[2026-05-16T17:10:47.888+0000] {logging_mixin.py:188} INFO - [2026-05-16T17:10:47.888+0000] {dag.py:3947} INFO - Setting next_dagrun for example_python_operator to None, run_after=None
[2026-05-16T17:10:47.894+0000] {processor.py:183} INFO - Processing /home/airflow/.local/lib/python3.12/site-packages/airflow/example_dags/example_python_operator.py took 0.034 seconds
[2026-05-16T17:11:18.602+0000] {processor.py:161} INFO - Started process (PID=5581) to work on /home/airflow/.local/lib/python3.12/site-packages/airflow/example_dags/example_python_operator.py
[2026-05-16T17:11:18.603+0000] {processor.py:830} INFO - Processing file /home/airflow/.local/lib/python3.12/site-packages/airflow/example_dags/example_python_operator.py for tasks to queue
[2026-05-16T17:11:18.604+0000] {logging_mixin.py:188} INFO - [2026-05-16T17:11:18.603+0000] {dagbag.py:545} INFO - Filling up the DagBag from /home/airflow/.local/lib/python3.12/site-packages/airflow/example_dags/example_python_operator.py
[2026-05-16T17:11:18.609+0000] {processor.py:840} INFO - DAG(s) 'example_python_operator' retrieved from /home/airflow/.local/lib/python3.12/site-packages/airflow/example_dags/example_python_operator.py
[2026-05-16T17:11:18.618+0000] {logging_mixin.py:188} INFO - [2026-05-16T17:11:18.618+0000] {dag.py:3089} INFO - Sync 1 DAGs
[2026-05-16T17:11:18.624+0000] {logging_mixin.py:188} INFO - [2026-05-16T17:11:18.624+0000] {dag.py:3947} INFO - Setting next_dagrun for example_python_operator to None, run_after=None
[2026-05-16T17:11:18.631+0000] {processor.py:183} INFO - Processing /home/airflow/.local/lib/python3.12/site-packages/airflow/example_dags/example_python_operator.py took 0.031 seconds
[2026-05-16T17:11:49.332+0000] {processor.py:161} INFO - Started process (PID=5643) to work on /home/airflow/.local/lib/python3.12/site-packages/airflow/example_dags/example_python_operator.py
[2026-05-16T17:11:49.332+0000] {processor.py:830} INFO - Processing file /home/airflow/.local/lib/python3.12/site-packages/airflow/example_dags/example_python_operator.py for tasks to queue
[2026-05-16T17:11:49.333+0000] {logging_mixin.py:188} INFO - [2026-05-16T17:11:49.333+0000] {dagbag.py:545} INFO - Filling up the DagBag from /home/airflow/.local/lib/python3.12/site-packages/airflow/example_dags/example_python_operator.py
[2026-05-16T17:11:49.339+0000] {processor.py:840} INFO - DAG(s) 'example_python_operator' retrieved from /home/airflow/.local/lib/python3.12/site-packages/airflow/example_dags/example_python_operator.py
[2026-05-16T17:11:49.349+0000] {logging_mixin.py:188} INFO - [2026-05-16T17:11:49.349+0000] {dag.py:3089} INFO - Sync 1 DAGs
[2026-05-16T17:11:49.354+0000] {logging_mixin.py:188} INFO - [2026-05-16T17:11:49.354+0000] {dag.py:3947} INFO - Setting next_dagrun for example_python_operator to None, run_after=None
[2026-05-16T17:11:49.362+0000] {processor.py:183} INFO - Processing /home/airflow/.local/lib/python3.12/site-packages/airflow/example_dags/example_python_operator.py took 0.033 seconds
[2026-05-16T17:12:20.080+0000] {processor.py:161} INFO - Started process (PID=5704) to work on /home/airflow/.local/lib/python3.12/site-packages/airflow/example_dags/example_python_operator.py
[2026-05-16T17:12:20.080+0000] {processor.py:830} INFO - Processing file /home/airflow/.local/lib/python3.12/site-packages/airflow/example_dags/example_python_operator.py for tasks to queue
[2026-05-16T17:12:20.081+0000] {logging_mixin.py:188} INFO - [2026-05-16T17:12:20.081+0000] {dagbag.py:545} INFO - Filling up the DagBag from /home/airflow/.local/lib/python3.12/site-packages/airflow/example_dags/example_python_operator.py
[2026-05-16T17:12:20.086+0000] {processor.py:840} INFO - DAG(s) 'example_python_operator' retrieved from /home/airflow/.local/lib/python3.12/site-packages/airflow/example_dags/example_python_operator.py
[2026-05-16T17:12:20.096+0000] {logging_mixin.py:188} INFO - [2026-05-16T17:12:20.096+0000] {dag.py:3089} INFO - Sync 1 DAGs
[2026-05-16T17:12:20.101+0000] {logging_mixin.py:188} INFO - [2026-05-16T17:12:20.101+0000] {dag.py:3947} INFO - Setting next_dagrun for example_python_operator to None, run_after=None
[2026-05-16T17:12:20.107+0000] {processor.py:183} INFO - Processing /home/airflow/.local/lib/python3.12/site-packages/airflow/example_dags/example_python_operator.py took 0.030 seconds
[2026-05-16T17:12:50.819+0000] {processor.py:161} INFO - Started process (PID=5766) to work on /home/airflow/.local/lib/python3.12/site-packages/airflow/example_dags/example_python_operator.py
[2026-05-16T17:12:50.820+0000] {processor.py:830} INFO - Processing file /home/airflow/.local/lib/python3.12/site-packages/airflow/example_dags/example_python_operator.py for tasks to queue
[2026-05-16T17:12:50.820+0000] {logging_mixin.py:188} INFO - [2026-05-16T17:12:50.820+0000] {dagbag.py:545} INFO - Filling up the DagBag from /home/airflow/.local/lib/python3.12/site-packages/airflow/example_dags/example_python_operator.py
[2026-05-16T17:12:50.826+0000] {processor.py:840} INFO - DAG(s) 'example_python_operator' retrieved from /home/airflow/.local/lib/python3.12/site-packages/airflow/example_dags/example_python_operator.py
[2026-05-16T17:12:50.835+0000] {logging_mixin.py:188} INFO - [2026-05-16T17:12:50.835+0000] {dag.py:3089} INFO - Sync 1 DAGs
[2026-05-16T17:12:50.841+0000] {logging_mixin.py:188} INFO - [2026-05-16T17:12:50.840+0000] {dag.py:3947} INFO - Setting next_dagrun for example_python_operator to None, run_after=None
[2026-05-16T17:12:50.847+0000] {processor.py:183} INFO - Processing /home/airflow/.local/lib/python3.12/site-packages/airflow/example_dags/example_python_operator.py took 0.030 seconds
[2026-05-16T17:13:21.648+0000] {processor.py:161} INFO - Started process (PID=5828) to work on /home/airflow/.local/lib/python3.12/site-packages/airflow/example_dags/example_python_operator.py
[2026-05-16T17:13:21.649+0000] {processor.py:830} INFO - Processing file /home/airflow/.local/lib/python3.12/site-packages/airflow/example_dags/example_python_operator.py for tasks to queue
[2026-05-16T17:13:21.650+0000] {logging_mixin.py:188} INFO - [2026-05-16T17:13:21.650+0000] {dagbag.py:545} INFO - Filling up the DagBag from /home/airflow/.local/lib/python3.12/site-packages/airflow/example_dags/example_python_operator.py
[2026-05-16T17:13:21.655+0000] {processor.py:840} INFO - DAG(s) 'example_python_operator' retrieved from /home/airflow/.local/lib/python3.12/site-packages/airflow/example_dags/example_python_operator.py
[2026-05-16T17:13:21.664+0000] {logging_mixin.py:188} INFO - [2026-05-16T17:13:21.664+0000] {dag.py:3089} INFO - Sync 1 DAGs
[2026-05-16T17:13:21.670+0000] {logging_mixin.py:188} INFO - [2026-05-16T17:13:21.670+0000] {dag.py:3947} INFO - Setting next_dagrun for example_python_operator to None, run_after=None
[2026-05-16T17:13:21.676+0000] {processor.py:183} INFO - Processing /home/airflow/.local/lib/python3.12/site-packages/airflow/example_dags/example_python_operator.py took 0.031 seconds
[2026-05-16T17:13:52.383+0000] {processor.py:161} INFO - Started process (PID=5889) to work on /home/airflow/.local/lib/python3.12/site-packages/airflow/example_dags/example_python_operator.py
[2026-05-16T17:13:52.384+0000] {processor.py:830} INFO - Processing file /home/airflow/.local/lib/python3.12/site-packages/airflow/example_dags/example_python_operator.py for tasks to queue
[2026-05-16T17:13:52.385+0000] {logging_mixin.py:188} INFO - [2026-05-16T17:13:52.384+0000] {dagbag.py:545} INFO - Filling up the DagBag from /home/airflow/.local/lib/python3.12/site-packages/airflow/example_dags/example_python_operator.py
[2026-05-16T17:13:52.390+0000] {processor.py:840} INFO - DAG(s) 'example_python_operator' retrieved from /home/airflow/.local/lib/python3.12/site-packages/airflow/example_dags/example_python_operator.py
[2026-05-16T17:13:52.399+0000] {logging_mixin.py:188} INFO - [2026-05-16T17:13:52.399+0000] {dag.py:3089} INFO - Sync 1 DAGs
[2026-05-16T17:13:52.404+0000] {logging_mixin.py:188} INFO - [2026-05-16T17:13:52.404+0000] {dag.py:3947} INFO - Setting next_dagrun for example_python_operator to None, run_after=None
[2026-05-16T17:13:52.410+0000] {processor.py:183} INFO - Processing /home/airflow/.local/lib/python3.12/site-packages/airflow/example_dags/example_python_operator.py took 0.030 seconds
[2026-05-16T17:14:23.197+0000] {processor.py:161} INFO - Started process (PID=5951) to work on /home/airflow/.local/lib/python3.12/site-packages/airflow/example_dags/example_python_operator.py
[2026-05-16T17:14:23.198+0000] {processor.py:830} INFO - Processing file /home/airflow/.local/lib/python3.12/site-packages/airflow/example_dags/example_python_operator.py for tasks to queue
[2026-05-16T17:14:23.199+0000] {logging_mixin.py:188} INFO - [2026-05-16T17:14:23.199+0000] {dagbag.py:545} INFO - Filling up the DagBag from /home/airflow/.local/lib/python3.12/site-packages/airflow/example_dags/example_python_operator.py
[2026-05-16T17:14:23.206+0000] {processor.py:840} INFO - DAG(s) 'example_python_operator' retrieved from /home/airflow/.local/lib/python3.12/site-packages/airflow/example_dags/example_python_operator.py
[2026-05-16T17:14:23.216+0000] {logging_mixin.py:188} INFO - [2026-05-16T17:14:23.216+0000] {dag.py:3089} INFO - Sync 1 DAGs
[2026-05-16T17:14:23.222+0000] {logging_mixin.py:188} INFO - [2026-05-16T17:14:23.222+0000] {dag.py:3947} INFO - Setting next_dagrun for example_python_operator to None, run_after=None
[2026-05-16T17:14:23.229+0000] {processor.py:183} INFO - Processing /home/airflow/.local/lib/python3.12/site-packages/airflow/example_dags/example_python_operator.py took 0.035 seconds
[2026-05-16T17:14:53.915+0000] {processor.py:161} INFO - Started process (PID=6013) to work on /home/airflow/.local/lib/python3.12/site-packages/airflow/example_dags/example_python_operator.py
[2026-05-16T17:14:53.915+0000] {processor.py:830} INFO - Processing file /home/airflow/.local/lib/python3.12/site-packages/airflow/example_dags/example_python_operator.py for tasks to queue
[2026-05-16T17:14:53.916+0000] {logging_mixin.py:188} INFO - [2026-05-16T17:14:53.916+0000] {dagbag.py:545} INFO - Filling up the DagBag from /home/airflow/.local/lib/python3.12/site-packages/airflow/example_dags/example_python_operator.py
[2026-05-16T17:14:53.923+0000] {processor.py:840} INFO - DAG(s) 'example_python_operator' retrieved from /home/airflow/.local/lib/python3.12/site-packages/airflow/example_dags/example_python_operator.py
[2026-05-16T17:14:53.931+0000] {logging_mixin.py:188} INFO - [2026-05-16T17:14:53.931+0000] {dag.py:3089} INFO - Sync 1 DAGs
[2026-05-16T17:14:53.937+0000] {logging_mixin.py:188} INFO - [2026-05-16T17:14:53.937+0000] {dag.py:3947} INFO - Setting next_dagrun for example_python_operator to None, run_after=None
[2026-05-16T17:14:53.944+0000] {processor.py:183} INFO - Processing /home/airflow/.local/lib/python3.12/site-packages/airflow/example_dags/example_python_operator.py took 0.032 seconds
[2026-05-16T17:15:24.774+0000] {processor.py:161} INFO - Started process (PID=6075) to work on /home/airflow/.local/lib/python3.12/site-packages/airflow/example_dags/example_python_operator.py
[2026-05-16T17:15:24.774+0000] {processor.py:830} INFO - Processing file /home/airflow/.local/lib/python3.12/site-packages/airflow/example_dags/example_python_operator.py for tasks to queue
[2026-05-16T17:15:24.775+0000] {logging_mixin.py:188} INFO - [2026-05-16T17:15:24.775+0000] {dagbag.py:545} INFO - Filling up the DagBag from /home/airflow/.local/lib/python3.12/site-packages/airflow/example_dags/example_python_operator.py
[2026-05-16T17:15:24.781+0000] {processor.py:840} INFO - DAG(s) 'example_python_operator' retrieved from /home/airflow/.local/lib/python3.12/site-packages/airflow/example_dags/example_python_operator.py
[2026-05-16T17:15:24.790+0000] {logging_mixin.py:188} INFO - [2026-05-16T17:15:24.790+0000] {dag.py:3089} INFO - Sync 1 DAGs
[2026-05-16T17:15:24.795+0000] {logging_mixin.py:188} INFO - [2026-05-16T17:15:24.794+0000] {dag.py:3947} INFO - Setting next_dagrun for example_python_operator to None, run_after=None
[2026-05-16T17:15:24.801+0000] {processor.py:183} INFO - Processing /home/airflow/.local/lib/python3.12/site-packages/airflow/example_dags/example_python_operator.py took 0.030 seconds
[2026-05-16T17:15:55.582+0000] {processor.py:161} INFO - Started process (PID=6137) to work on /home/airflow/.local/lib/python3.12/site-packages/airflow/example_dags/example_python_operator.py
[2026-05-16T17:15:55.582+0000] {processor.py:830} INFO - Processing file /home/airflow/.local/lib/python3.12/site-packages/airflow/example_dags/example_python_operator.py for tasks to queue
[2026-05-16T17:15:55.583+0000] {logging_mixin.py:188} INFO - [2026-05-16T17:15:55.583+0000] {dagbag.py:545} INFO - Filling up the DagBag from /home/airflow/.local/lib/python3.12/site-packages/airflow/example_dags/example_python_operator.py
[2026-05-16T17:15:55.588+0000] {processor.py:840} INFO - DAG(s) 'example_python_operator' retrieved from /home/airflow/.local/lib/python3.12/site-packages/airflow/example_dags/example_python_operator.py
[2026-05-16T17:15:55.597+0000] {logging_mixin.py:188} INFO - [2026-05-16T17:15:55.597+0000] {dag.py:3089} INFO - Sync 1 DAGs
[2026-05-16T17:15:55.602+0000] {logging_mixin.py:188} INFO - [2026-05-16T17:15:55.602+0000] {dag.py:3947} INFO - Setting next_dagrun for example_python_operator to None, run_after=None
[2026-05-16T17:15:55.607+0000] {processor.py:183} INFO - Processing /home/airflow/.local/lib/python3.12/site-packages/airflow/example_dags/example_python_operator.py took 0.029 seconds
[2026-05-16T17:16:26.414+0000] {processor.py:161} INFO - Started process (PID=6199) to work on /home/airflow/.local/lib/python3.12/site-packages/airflow/example_dags/example_python_operator.py
[2026-05-16T17:16:26.415+0000] {processor.py:830} INFO - Processing file /home/airflow/.local/lib/python3.12/site-packages/airflow/example_dags/example_python_operator.py for tasks to queue
[2026-05-16T17:16:26.415+0000] {logging_mixin.py:188} INFO - [2026-05-16T17:16:26.415+0000] {dagbag.py:545} INFO - Filling up the DagBag from /home/airflow/.local/lib/python3.12/site-packages/airflow/example_dags/example_python_operator.py
[2026-05-16T17:16:26.421+0000] {processor.py:840} INFO - DAG(s) 'example_python_operator' retrieved from /home/airflow/.local/lib/python3.12/site-packages/airflow/example_dags/example_python_operator.py
[2026-05-16T17:16:26.433+0000] {logging_mixin.py:188} INFO - [2026-05-16T17:16:26.433+0000] {dag.py:3089} INFO - Sync 1 DAGs
[2026-05-16T17:16:26.438+0000] {logging_mixin.py:188} INFO - [2026-05-16T17:16:26.438+0000] {dag.py:3947} INFO - Setting next_dagrun for example_python_operator to None, run_after=None
[2026-05-16T17:16:26.445+0000] {processor.py:183} INFO - Processing /home/airflow/.local/lib/python3.12/site-packages/airflow/example_dags/example_python_operator.py took 0.034 seconds
[2026-05-16T17:16:57.274+0000] {processor.py:161} INFO - Started process (PID=6261) to work on /home/airflow/.local/lib/python3.12/site-packages/airflow/example_dags/example_python_operator.py
[2026-05-16T17:16:57.275+0000] {processor.py:830} INFO - Processing file /home/airflow/.local/lib/python3.12/site-packages/airflow/example_dags/example_python_operator.py for tasks to queue
[2026-05-16T17:16:57.276+0000] {logging_mixin.py:188} INFO - [2026-05-16T17:16:57.276+0000] {dagbag.py:545} INFO - Filling up the DagBag from /home/airflow/.local/lib/python3.12/site-packages/airflow/example_dags/example_python_operator.py
[2026-05-16T17:16:57.280+0000] {processor.py:840} INFO - DAG(s) 'example_python_operator' retrieved from /home/airflow/.local/lib/python3.12/site-packages/airflow/example_dags/example_python_operator.py
[2026-05-16T17:16:57.289+0000] {logging_mixin.py:188} INFO - [2026-05-16T17:16:57.289+0000] {dag.py:3089} INFO - Sync 1 DAGs
[2026-05-16T17:16:57.294+0000] {logging_mixin.py:188} INFO - [2026-05-16T17:16:57.294+0000] {dag.py:3947} INFO - Setting next_dagrun for example_python_operator to None, run_after=None
[2026-05-16T17:16:57.300+0000] {processor.py:183} INFO - Processing /home/airflow/.local/lib/python3.12/site-packages/airflow/example_dags/example_python_operator.py took 0.028 seconds
[2026-05-16T17:17:28.133+0000] {processor.py:161} INFO - Started process (PID=6323) to work on /home/airflow/.local/lib/python3.12/site-packages/airflow/example_dags/example_python_operator.py
[2026-05-16T17:17:28.133+0000] {processor.py:830} INFO - Processing file /home/airflow/.local/lib/python3.12/site-packages/airflow/example_dags/example_python_operator.py for tasks to queue
[2026-05-16T17:17:28.134+0000] {logging_mixin.py:188} INFO - [2026-05-16T17:17:28.134+0000] {dagbag.py:545} INFO - Filling up the DagBag from /home/airflow/.local/lib/python3.12/site-packages/airflow/example_dags/example_python_operator.py
[2026-05-16T17:17:28.140+0000] {processor.py:840} INFO - DAG(s) 'example_python_operator' retrieved from /home/airflow/.local/lib/python3.12/site-packages/airflow/example_dags/example_python_operator.py
[2026-05-16T17:17:28.149+0000] {logging_mixin.py:188} INFO - [2026-05-16T17:17:28.149+0000] {dag.py:3089} INFO - Sync 1 DAGs
[2026-05-16T17:17:28.154+0000] {logging_mixin.py:188} INFO - [2026-05-16T17:17:28.154+0000] {dag.py:3947} INFO - Setting next_dagrun for example_python_operator to None, run_after=None
[2026-05-16T17:17:28.160+0000] {processor.py:183} INFO - Processing /home/airflow/.local/lib/python3.12/site-packages/airflow/example_dags/example_python_operator.py took 0.030 seconds
[2026-05-16T17:17:58.867+0000] {processor.py:161} INFO - Started process (PID=6385) to work on /home/airflow/.local/lib/python3.12/site-packages/airflow/example_dags/example_python_operator.py
[2026-05-16T17:17:58.867+0000] {processor.py:830} INFO - Processing file /home/airflow/.local/lib/python3.12/site-packages/airflow/example_dags/example_python_operator.py for tasks to queue
[2026-05-16T17:17:58.868+0000] {logging_mixin.py:188} INFO - [2026-05-16T17:17:58.868+0000] {dagbag.py:545} INFO - Filling up the DagBag from /home/airflow/.local/lib/python3.12/site-packages/airflow/example_dags/example_python_operator.py
[2026-05-16T17:17:58.873+0000] {processor.py:840} INFO - DAG(s) 'example_python_operator' retrieved from /home/airflow/.local/lib/python3.12/site-packages/airflow/example_dags/example_python_operator.py
[2026-05-16T17:17:58.891+0000] {logging_mixin.py:188} INFO - [2026-05-16T17:17:58.891+0000] {dag.py:3089} INFO - Sync 1 DAGs
[2026-05-16T17:17:58.899+0000] {logging_mixin.py:188} INFO - [2026-05-16T17:17:58.899+0000] {dag.py:3947} INFO - Setting next_dagrun for example_python_operator to None, run_after=None
[2026-05-16T17:17:58.907+0000] {processor.py:183} INFO - Processing /home/airflow/.local/lib/python3.12/site-packages/airflow/example_dags/example_python_operator.py took 0.043 seconds
[2026-05-16T17:18:29.709+0000] {processor.py:161} INFO - Started process (PID=6447) to work on /home/airflow/.local/lib/python3.12/site-packages/airflow/example_dags/example_python_operator.py
[2026-05-16T17:18:29.710+0000] {processor.py:830} INFO - Processing file /home/airflow/.local/lib/python3.12/site-packages/airflow/example_dags/example_python_operator.py for tasks to queue
[2026-05-16T17:18:29.711+0000] {logging_mixin.py:188} INFO - [2026-05-16T17:18:29.711+0000] {dagbag.py:545} INFO - Filling up the DagBag from /home/airflow/.local/lib/python3.12/site-packages/airflow/example_dags/example_python_operator.py
[2026-05-16T17:18:29.716+0000] {processor.py:840} INFO - DAG(s) 'example_python_operator' retrieved from /home/airflow/.local/lib/python3.12/site-packages/airflow/example_dags/example_python_operator.py
[2026-05-16T17:18:29.726+0000] {logging_mixin.py:188} INFO - [2026-05-16T17:18:29.726+0000] {dag.py:3089} INFO - Sync 1 DAGs
[2026-05-16T17:18:29.732+0000] {logging_mixin.py:188} INFO - [2026-05-16T17:18:29.732+0000] {dag.py:3947} INFO - Setting next_dagrun for example_python_operator to None, run_after=None
[2026-05-16T17:18:29.743+0000] {processor.py:183} INFO - Processing /home/airflow/.local/lib/python3.12/site-packages/airflow/example_dags/example_python_operator.py took 0.037 seconds
[2026-05-16T17:19:00.508+0000] {processor.py:161} INFO - Started process (PID=6515) to work on /home/airflow/.local/lib/python3.12/site-packages/airflow/example_dags/example_python_operator.py
[2026-05-16T17:19:00.508+0000] {processor.py:830} INFO - Processing file /home/airflow/.local/lib/python3.12/site-packages/airflow/example_dags/example_python_operator.py for tasks to queue
[2026-05-16T17:19:00.509+0000] {logging_mixin.py:188} INFO - [2026-05-16T17:19:00.509+0000] {dagbag.py:545} INFO - Filling up the DagBag from /home/airflow/.local/lib/python3.12/site-packages/airflow/example_dags/example_python_operator.py
[2026-05-16T17:19:00.513+0000] {processor.py:840} INFO - DAG(s) 'example_python_operator' retrieved from /home/airflow/.local/lib/python3.12/site-packages/airflow/example_dags/example_python_operator.py
[2026-05-16T17:19:00.523+0000] {logging_mixin.py:188} INFO - [2026-05-16T17:19:00.523+0000] {dag.py:3089} INFO - Sync 1 DAGs
[2026-05-16T17:19:00.528+0000] {logging_mixin.py:188} INFO - [2026-05-16T17:19:00.528+0000] {dag.py:3947} INFO - Setting next_dagrun for example_python_operator to None, run_after=None
[2026-05-16T17:19:00.535+0000] {processor.py:183} INFO - Processing /home/airflow/.local/lib/python3.12/site-packages/airflow/example_dags/example_python_operator.py took 0.030 seconds
[2026-05-16T17:19:31.241+0000] {processor.py:161} INFO - Started process (PID=6577) to work on /home/airflow/.local/lib/python3.12/site-packages/airflow/example_dags/example_python_operator.py
[2026-05-16T17:19:31.242+0000] {processor.py:830} INFO - Processing file /home/airflow/.local/lib/python3.12/site-packages/airflow/example_dags/example_python_operator.py for tasks to queue
[2026-05-16T17:19:31.243+0000] {logging_mixin.py:188} INFO - [2026-05-16T17:19:31.243+0000] {dagbag.py:545} INFO - Filling up the DagBag from /home/airflow/.local/lib/python3.12/site-packages/airflow/example_dags/example_python_operator.py
[2026-05-16T17:19:31.247+0000] {processor.py:840} INFO - DAG(s) 'example_python_operator' retrieved from /home/airflow/.local/lib/python3.12/site-packages/airflow/example_dags/example_python_operator.py
[2026-05-16T17:19:31.257+0000] {logging_mixin.py:188} INFO - [2026-05-16T17:19:31.257+0000] {dag.py:3089} INFO - Sync 1 DAGs
[2026-05-16T17:19:31.262+0000] {logging_mixin.py:188} INFO - [2026-05-16T17:19:31.262+0000] {dag.py:3947} INFO - Setting next_dagrun for example_python_operator to None, run_after=None
[2026-05-16T17:19:31.268+0000] {processor.py:183} INFO - Processing /home/airflow/.local/lib/python3.12/site-packages/airflow/example_dags/example_python_operator.py took 0.029 seconds
[2026-05-16T17:20:01.941+0000] {processor.py:161} INFO - Started process (PID=6638) to work on /home/airflow/.local/lib/python3.12/site-packages/airflow/example_dags/example_python_operator.py
[2026-05-16T17:20:01.942+0000] {processor.py:830} INFO - Processing file /home/airflow/.local/lib/python3.12/site-packages/airflow/example_dags/example_python_operator.py for tasks to queue
[2026-05-16T17:20:01.942+0000] {logging_mixin.py:188} INFO - [2026-05-16T17:20:01.942+0000] {dagbag.py:545} INFO - Filling up the DagBag from /home/airflow/.local/lib/python3.12/site-packages/airflow/example_dags/example_python_operator.py
[2026-05-16T17:20:01.947+0000] {processor.py:840} INFO - DAG(s) 'example_python_operator' retrieved from /home/airflow/.local/lib/python3.12/site-packages/airflow/example_dags/example_python_operator.py
[2026-05-16T17:20:01.956+0000] {logging_mixin.py:188} INFO - [2026-05-16T17:20:01.956+0000] {dag.py:3089} INFO - Sync 1 DAGs
[2026-05-16T17:20:01.962+0000] {logging_mixin.py:188} INFO - [2026-05-16T17:20:01.962+0000] {dag.py:3947} INFO - Setting next_dagrun for example_python_operator to None, run_after=None
[2026-05-16T17:20:01.968+0000] {processor.py:183} INFO - Processing /home/airflow/.local/lib/python3.12/site-packages/airflow/example_dags/example_python_operator.py took 0.029 seconds
[2026-05-16T17:20:32.835+0000] {processor.py:161} INFO - Started process (PID=6700) to work on /home/airflow/.local/lib/python3.12/site-packages/airflow/example_dags/example_python_operator.py
[2026-05-16T17:20:32.836+0000] {processor.py:830} INFO - Processing file /home/airflow/.local/lib/python3.12/site-packages/airflow/example_dags/example_python_operator.py for tasks to queue
[2026-05-16T17:20:32.837+0000] {logging_mixin.py:188} INFO - [2026-05-16T17:20:32.837+0000] {dagbag.py:545} INFO - Filling up the DagBag from /home/airflow/.local/lib/python3.12/site-packages/airflow/example_dags/example_python_operator.py
[2026-05-16T17:20:32.841+0000] {processor.py:840} INFO - DAG(s) 'example_python_operator' retrieved from /home/airflow/.local/lib/python3.12/site-packages/airflow/example_dags/example_python_operator.py
[2026-05-16T17:20:32.849+0000] {logging_mixin.py:188} INFO - [2026-05-16T17:20:32.849+0000] {dag.py:3089} INFO - Sync 1 DAGs
[2026-05-16T17:20:32.854+0000] {logging_mixin.py:188} INFO - [2026-05-16T17:20:32.854+0000] {dag.py:3947} INFO - Setting next_dagrun for example_python_operator to None, run_after=None
[2026-05-16T17:20:32.860+0000] {processor.py:183} INFO - Processing /home/airflow/.local/lib/python3.12/site-packages/airflow/example_dags/example_python_operator.py took 0.027 seconds
[2026-05-16T17:21:02.972+0000] {processor.py:161} INFO - Started process (PID=6762) to work on /home/airflow/.local/lib/python3.12/site-packages/airflow/example_dags/example_python_operator.py
[2026-05-16T17:21:02.973+0000] {processor.py:830} INFO - Processing file /home/airflow/.local/lib/python3.12/site-packages/airflow/example_dags/example_python_operator.py for tasks to queue
[2026-05-16T17:21:02.974+0000] {logging_mixin.py:188} INFO - [2026-05-16T17:21:02.973+0000] {dagbag.py:545} INFO - Filling up the DagBag from /home/airflow/.local/lib/python3.12/site-packages/airflow/example_dags/example_python_operator.py
[2026-05-16T17:21:02.979+0000] {processor.py:840} INFO - DAG(s) 'example_python_operator' retrieved from /home/airflow/.local/lib/python3.12/site-packages/airflow/example_dags/example_python_operator.py
[2026-05-16T17:21:02.989+0000] {logging_mixin.py:188} INFO - [2026-05-16T17:21:02.989+0000] {dag.py:3089} INFO - Sync 1 DAGs
[2026-05-16T17:21:02.995+0000] {logging_mixin.py:188} INFO - [2026-05-16T17:21:02.995+0000] {dag.py:3947} INFO - Setting next_dagrun for example_python_operator to None, run_after=None
[2026-05-16T17:21:03.003+0000] {processor.py:183} INFO - Processing /home/airflow/.local/lib/python3.12/site-packages/airflow/example_dags/example_python_operator.py took 0.034 seconds
[2026-05-16T17:21:33.974+0000] {processor.py:161} INFO - Started process (PID=6824) to work on /home/airflow/.local/lib/python3.12/site-packages/airflow/example_dags/example_python_operator.py
[2026-05-16T17:21:33.975+0000] {processor.py:830} INFO - Processing file /home/airflow/.local/lib/python3.12/site-packages/airflow/example_dags/example_python_operator.py for tasks to queue
[2026-05-16T17:21:33.976+0000] {logging_mixin.py:188} INFO - [2026-05-16T17:21:33.976+0000] {dagbag.py:545} INFO - Filling up the DagBag from /home/airflow/.local/lib/python3.12/site-packages/airflow/example_dags/example_python_operator.py
[2026-05-16T17:21:33.982+0000] {processor.py:840} INFO - DAG(s) 'example_python_operator' retrieved from /home/airflow/.local/lib/python3.12/site-packages/airflow/example_dags/example_python_operator.py
[2026-05-16T17:21:33.994+0000] {logging_mixin.py:188} INFO - [2026-05-16T17:21:33.993+0000] {dag.py:3089} INFO - Sync 1 DAGs
[2026-05-16T17:21:34.002+0000] {logging_mixin.py:188} INFO - [2026-05-16T17:21:34.002+0000] {dag.py:3947} INFO - Setting next_dagrun for example_python_operator to None, run_after=None
[2026-05-16T17:21:34.009+0000] {processor.py:183} INFO - Processing /home/airflow/.local/lib/python3.12/site-packages/airflow/example_dags/example_python_operator.py took 0.038 seconds
[2026-05-16T17:22:06.197+0000] {processor.py:161} INFO - Started process (PID=6886) to work on /home/airflow/.local/lib/python3.12/site-packages/airflow/example_dags/example_python_operator.py
[2026-05-16T17:22:06.201+0000] {processor.py:830} INFO - Processing file /home/airflow/.local/lib/python3.12/site-packages/airflow/example_dags/example_python_operator.py for tasks to queue
[2026-05-16T17:22:06.213+0000] {logging_mixin.py:188} INFO - [2026-05-16T17:22:06.210+0000] {dagbag.py:545} INFO - Filling up the DagBag from /home/airflow/.local/lib/python3.12/site-packages/airflow/example_dags/example_python_operator.py
[2026-05-16T17:22:06.279+0000] {processor.py:840} INFO - DAG(s) 'example_python_operator' retrieved from /home/airflow/.local/lib/python3.12/site-packages/airflow/example_dags/example_python_operator.py
[2026-05-16T17:22:06.458+0000] {logging_mixin.py:188} INFO - [2026-05-16T17:22:06.457+0000] {dag.py:3089} INFO - Sync 1 DAGs
[2026-05-16T17:22:06.618+0000] {logging_mixin.py:188} INFO - [2026-05-16T17:22:06.617+0000] {dag.py:3947} INFO - Setting next_dagrun for example_python_operator to None, run_after=None
[2026-05-16T17:22:06.761+0000] {processor.py:183} INFO - Processing /home/airflow/.local/lib/python3.12/site-packages/airflow/example_dags/example_python_operator.py took 0.585 seconds
[2026-05-16T17:25:06.291+0000] {processor.py:161} INFO - Started process (PID=6940) to work on /home/airflow/.local/lib/python3.12/site-packages/airflow/example_dags/example_python_operator.py
[2026-05-16T17:25:06.293+0000] {processor.py:830} INFO - Processing file /home/airflow/.local/lib/python3.12/site-packages/airflow/example_dags/example_python_operator.py for tasks to queue
[2026-05-16T17:25:06.298+0000] {logging_mixin.py:188} INFO - [2026-05-16T17:25:06.298+0000] {dagbag.py:545} INFO - Filling up the DagBag from /home/airflow/.local/lib/python3.12/site-packages/airflow/example_dags/example_python_operator.py
[2026-05-16T17:25:06.322+0000] {processor.py:840} INFO - DAG(s) 'example_python_operator' retrieved from /home/airflow/.local/lib/python3.12/site-packages/airflow/example_dags/example_python_operator.py
[2026-05-16T17:25:06.361+0000] {logging_mixin.py:188} INFO - [2026-05-16T17:25:06.361+0000] {dag.py:3089} INFO - Sync 1 DAGs
[2026-05-16T17:25:06.376+0000] {logging_mixin.py:188} INFO - [2026-05-16T17:25:06.376+0000] {dag.py:3947} INFO - Setting next_dagrun for example_python_operator to None, run_after=None
[2026-05-16T17:25:06.418+0000] {processor.py:183} INFO - Processing /home/airflow/.local/lib/python3.12/site-packages/airflow/example_dags/example_python_operator.py took 0.143 seconds
[2026-05-16T17:25:38.344+0000] {processor.py:161} INFO - Started process (PID=7002) to work on /home/airflow/.local/lib/python3.12/site-packages/airflow/example_dags/example_python_operator.py
[2026-05-16T17:25:38.346+0000] {processor.py:830} INFO - Processing file /home/airflow/.local/lib/python3.12/site-packages/airflow/example_dags/example_python_operator.py for tasks to queue
[2026-05-16T17:25:38.348+0000] {logging_mixin.py:188} INFO - [2026-05-16T17:25:38.348+0000] {dagbag.py:545} INFO - Filling up the DagBag from /home/airflow/.local/lib/python3.12/site-packages/airflow/example_dags/example_python_operator.py
[2026-05-16T17:25:38.371+0000] {processor.py:840} INFO - DAG(s) 'example_python_operator' retrieved from /home/airflow/.local/lib/python3.12/site-packages/airflow/example_dags/example_python_operator.py
[2026-05-16T17:25:38.399+0000] {logging_mixin.py:188} INFO - [2026-05-16T17:25:38.399+0000] {dag.py:3089} INFO - Sync 1 DAGs
[2026-05-16T17:25:38.421+0000] {logging_mixin.py:188} INFO - [2026-05-16T17:25:38.420+0000] {dag.py:3947} INFO - Setting next_dagrun for example_python_operator to None, run_after=None
[2026-05-16T17:25:38.450+0000] {processor.py:183} INFO - Processing /home/airflow/.local/lib/python3.12/site-packages/airflow/example_dags/example_python_operator.py took 0.118 seconds
[2026-05-16T17:30:10.949+0000] {processor.py:161} INFO - Started process (PID=7064) to work on /home/airflow/.local/lib/python3.12/site-packages/airflow/example_dags/example_python_operator.py
[2026-05-16T17:30:10.950+0000] {processor.py:830} INFO - Processing file /home/airflow/.local/lib/python3.12/site-packages/airflow/example_dags/example_python_operator.py for tasks to queue
[2026-05-16T17:30:10.953+0000] {logging_mixin.py:188} INFO - [2026-05-16T17:30:10.953+0000] {dagbag.py:545} INFO - Filling up the DagBag from /home/airflow/.local/lib/python3.12/site-packages/airflow/example_dags/example_python_operator.py
[2026-05-16T17:30:10.979+0000] {processor.py:840} INFO - DAG(s) 'example_python_operator' retrieved from /home/airflow/.local/lib/python3.12/site-packages/airflow/example_dags/example_python_operator.py
[2026-05-16T17:30:11.111+0000] {logging_mixin.py:188} INFO - [2026-05-16T17:30:11.110+0000] {dag.py:3089} INFO - Sync 1 DAGs
[2026-05-16T17:30:11.141+0000] {logging_mixin.py:188} INFO - [2026-05-16T17:30:11.141+0000] {dag.py:3947} INFO - Setting next_dagrun for example_python_operator to None, run_after=None
[2026-05-16T17:30:11.233+0000] {processor.py:183} INFO - Processing /home/airflow/.local/lib/python3.12/site-packages/airflow/example_dags/example_python_operator.py took 0.301 seconds
[2026-05-16T17:30:42.524+0000] {processor.py:161} INFO - Started process (PID=7126) to work on /home/airflow/.local/lib/python3.12/site-packages/airflow/example_dags/example_python_operator.py
[2026-05-16T17:30:42.529+0000] {processor.py:830} INFO - Processing file /home/airflow/.local/lib/python3.12/site-packages/airflow/example_dags/example_python_operator.py for tasks to queue
[2026-05-16T17:30:42.545+0000] {logging_mixin.py:188} INFO - [2026-05-16T17:30:42.543+0000] {dagbag.py:545} INFO - Filling up the DagBag from /home/airflow/.local/lib/python3.12/site-packages/airflow/example_dags/example_python_operator.py
[2026-05-16T17:30:42.923+0000] {processor.py:840} INFO - DAG(s) 'example_python_operator' retrieved from /home/airflow/.local/lib/python3.12/site-packages/airflow/example_dags/example_python_operator.py
[2026-05-16T17:30:43.171+0000] {logging_mixin.py:188} INFO - [2026-05-16T17:30:43.167+0000] {dag.py:3089} INFO - Sync 1 DAGs
[2026-05-16T17:30:43.237+0000] {logging_mixin.py:188} INFO - [2026-05-16T17:30:43.236+0000] {dag.py:3947} INFO - Setting next_dagrun for example_python_operator to None, run_after=None
[2026-05-16T17:30:43.339+0000] {processor.py:183} INFO - Processing /home/airflow/.local/lib/python3.12/site-packages/airflow/example_dags/example_python_operator.py took 0.840 seconds
[2026-05-16T17:46:32.380+0000] {processor.py:161} INFO - Started process (PID=7188) to work on /home/airflow/.local/lib/python3.12/site-packages/airflow/example_dags/example_python_operator.py
[2026-05-16T17:46:32.381+0000] {processor.py:830} INFO - Processing file /home/airflow/.local/lib/python3.12/site-packages/airflow/example_dags/example_python_operator.py for tasks to queue
[2026-05-16T17:46:32.382+0000] {logging_mixin.py:188} INFO - [2026-05-16T17:46:32.382+0000] {dagbag.py:545} INFO - Filling up the DagBag from /home/airflow/.local/lib/python3.12/site-packages/airflow/example_dags/example_python_operator.py
[2026-05-16T17:46:32.389+0000] {processor.py:840} INFO - DAG(s) 'example_python_operator' retrieved from /home/airflow/.local/lib/python3.12/site-packages/airflow/example_dags/example_python_operator.py
[2026-05-16T17:46:32.402+0000] {logging_mixin.py:188} INFO - [2026-05-16T17:46:32.402+0000] {dag.py:3089} INFO - Sync 1 DAGs
[2026-05-16T17:46:32.410+0000] {logging_mixin.py:188} INFO - [2026-05-16T17:46:32.409+0000] {dag.py:3947} INFO - Setting next_dagrun for example_python_operator to None, run_after=None
[2026-05-16T17:46:32.419+0000] {processor.py:183} INFO - Processing /home/airflow/.local/lib/python3.12/site-packages/airflow/example_dags/example_python_operator.py took 0.043 seconds
[2026-05-16T17:47:05.366+0000] {processor.py:161} INFO - Started process (PID=7250) to work on /home/airflow/.local/lib/python3.12/site-packages/airflow/example_dags/example_python_operator.py
[2026-05-16T17:47:05.368+0000] {processor.py:830} INFO - Processing file /home/airflow/.local/lib/python3.12/site-packages/airflow/example_dags/example_python_operator.py for tasks to queue
[2026-05-16T17:47:05.371+0000] {logging_mixin.py:188} INFO - [2026-05-16T17:47:05.370+0000] {dagbag.py:545} INFO - Filling up the DagBag from /home/airflow/.local/lib/python3.12/site-packages/airflow/example_dags/example_python_operator.py
[2026-05-16T17:47:05.393+0000] {processor.py:840} INFO - DAG(s) 'example_python_operator' retrieved from /home/airflow/.local/lib/python3.12/site-packages/airflow/example_dags/example_python_operator.py
[2026-05-16T17:47:05.438+0000] {logging_mixin.py:188} INFO - [2026-05-16T17:47:05.438+0000] {dag.py:3089} INFO - Sync 1 DAGs
[2026-05-16T17:47:05.463+0000] {logging_mixin.py:188} INFO - [2026-05-16T17:47:05.463+0000] {dag.py:3947} INFO - Setting next_dagrun for example_python_operator to None, run_after=None
[2026-05-16T17:47:05.496+0000] {processor.py:183} INFO - Processing /home/airflow/.local/lib/python3.12/site-packages/airflow/example_dags/example_python_operator.py took 0.139 seconds
[2026-05-16T18:45:35.969+0000] {processor.py:161} INFO - Started process (PID=7311) to work on /home/airflow/.local/lib/python3.12/site-packages/airflow/example_dags/example_python_operator.py
[2026-05-16T18:45:35.975+0000] {processor.py:830} INFO - Processing file /home/airflow/.local/lib/python3.12/site-packages/airflow/example_dags/example_python_operator.py for tasks to queue
[2026-05-16T18:45:35.978+0000] {logging_mixin.py:188} INFO - [2026-05-16T18:45:35.978+0000] {dagbag.py:545} INFO - Filling up the DagBag from /home/airflow/.local/lib/python3.12/site-packages/airflow/example_dags/example_python_operator.py
[2026-05-16T18:45:35.999+0000] {processor.py:840} INFO - DAG(s) 'example_python_operator' retrieved from /home/airflow/.local/lib/python3.12/site-packages/airflow/example_dags/example_python_operator.py
[2026-05-16T18:45:36.037+0000] {logging_mixin.py:188} INFO - [2026-05-16T18:45:36.036+0000] {dag.py:3089} INFO - Sync 1 DAGs
[2026-05-16T18:45:36.052+0000] {logging_mixin.py:188} INFO - [2026-05-16T18:45:36.052+0000] {dag.py:3947} INFO - Setting next_dagrun for example_python_operator to None, run_after=None
[2026-05-16T18:45:36.083+0000] {processor.py:183} INFO - Processing /home/airflow/.local/lib/python3.12/site-packages/airflow/example_dags/example_python_operator.py took 0.123 seconds
[2026-05-16T18:46:06.385+0000] {processor.py:161} INFO - Started process (PID=7373) to work on /home/airflow/.local/lib/python3.12/site-packages/airflow/example_dags/example_python_operator.py
[2026-05-16T18:46:06.387+0000] {processor.py:830} INFO - Processing file /home/airflow/.local/lib/python3.12/site-packages/airflow/example_dags/example_python_operator.py for tasks to queue
[2026-05-16T18:46:06.389+0000] {logging_mixin.py:188} INFO - [2026-05-16T18:46:06.388+0000] {dagbag.py:545} INFO - Filling up the DagBag from /home/airflow/.local/lib/python3.12/site-packages/airflow/example_dags/example_python_operator.py
[2026-05-16T18:46:06.402+0000] {processor.py:840} INFO - DAG(s) 'example_python_operator' retrieved from /home/airflow/.local/lib/python3.12/site-packages/airflow/example_dags/example_python_operator.py
[2026-05-16T18:46:06.469+0000] {logging_mixin.py:188} INFO - [2026-05-16T18:46:06.461+0000] {dag.py:3089} INFO - Sync 1 DAGs
[2026-05-16T18:46:06.496+0000] {logging_mixin.py:188} INFO - [2026-05-16T18:46:06.494+0000] {dag.py:3947} INFO - Setting next_dagrun for example_python_operator to None, run_after=None
[2026-05-16T18:46:06.540+0000] {processor.py:183} INFO - Processing /home/airflow/.local/lib/python3.12/site-packages/airflow/example_dags/example_python_operator.py took 0.170 seconds
[2026-05-16T19:23:28.498+0000] {processor.py:161} INFO - Started process (PID=7434) to work on /home/airflow/.local/lib/python3.12/site-packages/airflow/example_dags/example_python_operator.py
[2026-05-16T19:23:28.498+0000] {processor.py:830} INFO - Processing file /home/airflow/.local/lib/python3.12/site-packages/airflow/example_dags/example_python_operator.py for tasks to queue
[2026-05-16T19:23:28.500+0000] {logging_mixin.py:188} INFO - [2026-05-16T19:23:28.500+0000] {dagbag.py:545} INFO - Filling up the DagBag from /home/airflow/.local/lib/python3.12/site-packages/airflow/example_dags/example_python_operator.py
[2026-05-16T19:23:28.508+0000] {processor.py:840} INFO - DAG(s) 'example_python_operator' retrieved from /home/airflow/.local/lib/python3.12/site-packages/airflow/example_dags/example_python_operator.py
[2026-05-16T19:23:28.521+0000] {logging_mixin.py:188} INFO - [2026-05-16T19:23:28.521+0000] {dag.py:3089} INFO - Sync 1 DAGs
[2026-05-16T19:23:28.531+0000] {logging_mixin.py:188} INFO - [2026-05-16T19:23:28.531+0000] {dag.py:3947} INFO - Setting next_dagrun for example_python_operator to None, run_after=None
[2026-05-16T19:23:28.541+0000] {processor.py:183} INFO - Processing /home/airflow/.local/lib/python3.12/site-packages/airflow/example_dags/example_python_operator.py took 0.047 seconds
[2026-05-16T19:23:59.403+0000] {processor.py:161} INFO - Started process (PID=7496) to work on /home/airflow/.local/lib/python3.12/site-packages/airflow/example_dags/example_python_operator.py
[2026-05-16T19:23:59.404+0000] {processor.py:830} INFO - Processing file /home/airflow/.local/lib/python3.12/site-packages/airflow/example_dags/example_python_operator.py for tasks to queue
[2026-05-16T19:23:59.405+0000] {logging_mixin.py:188} INFO - [2026-05-16T19:23:59.405+0000] {dagbag.py:545} INFO - Filling up the DagBag from /home/airflow/.local/lib/python3.12/site-packages/airflow/example_dags/example_python_operator.py
[2026-05-16T19:23:59.410+0000] {processor.py:840} INFO - DAG(s) 'example_python_operator' retrieved from /home/airflow/.local/lib/python3.12/site-packages/airflow/example_dags/example_python_operator.py
[2026-05-16T19:23:59.419+0000] {logging_mixin.py:188} INFO - [2026-05-16T19:23:59.419+0000] {dag.py:3089} INFO - Sync 1 DAGs
[2026-05-16T19:23:59.423+0000] {logging_mixin.py:188} INFO - [2026-05-16T19:23:59.423+0000] {dag.py:3947} INFO - Setting next_dagrun for example_python_operator to None, run_after=None
[2026-05-16T19:23:59.429+0000] {processor.py:183} INFO - Processing /home/airflow/.local/lib/python3.12/site-packages/airflow/example_dags/example_python_operator.py took 0.029 seconds
[2026-05-16T20:13:35.539+0000] {processor.py:161} INFO - Started process (PID=7552) to work on /home/airflow/.local/lib/python3.12/site-packages/airflow/example_dags/example_python_operator.py
[2026-05-16T20:13:35.539+0000] {processor.py:830} INFO - Processing file /home/airflow/.local/lib/python3.12/site-packages/airflow/example_dags/example_python_operator.py for tasks to queue
[2026-05-16T20:13:35.540+0000] {logging_mixin.py:188} INFO - [2026-05-16T20:13:35.540+0000] {dagbag.py:545} INFO - Filling up the DagBag from /home/airflow/.local/lib/python3.12/site-packages/airflow/example_dags/example_python_operator.py
[2026-05-16T20:13:35.545+0000] {processor.py:840} INFO - DAG(s) 'example_python_operator' retrieved from /home/airflow/.local/lib/python3.12/site-packages/airflow/example_dags/example_python_operator.py
[2026-05-16T20:13:35.553+0000] {logging_mixin.py:188} INFO - [2026-05-16T20:13:35.553+0000] {dag.py:3089} INFO - Sync 1 DAGs
[2026-05-16T20:13:35.557+0000] {logging_mixin.py:188} INFO - [2026-05-16T20:13:35.557+0000] {dag.py:3947} INFO - Setting next_dagrun for example_python_operator to None, run_after=None
[2026-05-16T20:13:35.563+0000] {processor.py:183} INFO - Processing /home/airflow/.local/lib/python3.12/site-packages/airflow/example_dags/example_python_operator.py took 0.026 seconds
[2026-05-16T20:14:06.173+0000] {processor.py:161} INFO - Started process (PID=7614) to work on /home/airflow/.local/lib/python3.12/site-packages/airflow/example_dags/example_python_operator.py
[2026-05-16T20:14:06.174+0000] {processor.py:830} INFO - Processing file /home/airflow/.local/lib/python3.12/site-packages/airflow/example_dags/example_python_operator.py for tasks to queue
[2026-05-16T20:14:06.174+0000] {logging_mixin.py:188} INFO - [2026-05-16T20:14:06.174+0000] {dagbag.py:545} INFO - Filling up the DagBag from /home/airflow/.local/lib/python3.12/site-packages/airflow/example_dags/example_python_operator.py
[2026-05-16T20:14:06.180+0000] {processor.py:840} INFO - DAG(s) 'example_python_operator' retrieved from /home/airflow/.local/lib/python3.12/site-packages/airflow/example_dags/example_python_operator.py
[2026-05-16T20:14:06.190+0000] {logging_mixin.py:188} INFO - [2026-05-16T20:14:06.190+0000] {dag.py:3089} INFO - Sync 1 DAGs
[2026-05-16T20:14:06.194+0000] {logging_mixin.py:188} INFO - [2026-05-16T20:14:06.194+0000] {dag.py:3947} INFO - Setting next_dagrun for example_python_operator to None, run_after=None
[2026-05-16T20:14:06.203+0000] {processor.py:183} INFO - Processing /home/airflow/.local/lib/python3.12/site-packages/airflow/example_dags/example_python_operator.py took 0.032 seconds
[2026-05-16T20:14:36.509+0000] {processor.py:161} INFO - Started process (PID=7676) to work on /home/airflow/.local/lib/python3.12/site-packages/airflow/example_dags/example_python_operator.py
[2026-05-16T20:14:36.510+0000] {processor.py:830} INFO - Processing file /home/airflow/.local/lib/python3.12/site-packages/airflow/example_dags/example_python_operator.py for tasks to queue
[2026-05-16T20:14:36.510+0000] {logging_mixin.py:188} INFO - [2026-05-16T20:14:36.510+0000] {dagbag.py:545} INFO - Filling up the DagBag from /home/airflow/.local/lib/python3.12/site-packages/airflow/example_dags/example_python_operator.py
[2026-05-16T20:14:36.514+0000] {processor.py:840} INFO - DAG(s) 'example_python_operator' retrieved from /home/airflow/.local/lib/python3.12/site-packages/airflow/example_dags/example_python_operator.py
[2026-05-16T20:14:36.522+0000] {logging_mixin.py:188} INFO - [2026-05-16T20:14:36.522+0000] {dag.py:3089} INFO - Sync 1 DAGs
[2026-05-16T20:14:36.526+0000] {logging_mixin.py:188} INFO - [2026-05-16T20:14:36.526+0000] {dag.py:3947} INFO - Setting next_dagrun for example_python_operator to None, run_after=None
[2026-05-16T20:14:36.531+0000] {processor.py:183} INFO - Processing /home/airflow/.local/lib/python3.12/site-packages/airflow/example_dags/example_python_operator.py took 0.024 seconds
[2026-05-16T20:15:06.867+0000] {processor.py:161} INFO - Started process (PID=7738) to work on /home/airflow/.local/lib/python3.12/site-packages/airflow/example_dags/example_python_operator.py
[2026-05-16T20:15:06.868+0000] {processor.py:830} INFO - Processing file /home/airflow/.local/lib/python3.12/site-packages/airflow/example_dags/example_python_operator.py for tasks to queue
[2026-05-16T20:15:06.869+0000] {logging_mixin.py:188} INFO - [2026-05-16T20:15:06.868+0000] {dagbag.py:545} INFO - Filling up the DagBag from /home/airflow/.local/lib/python3.12/site-packages/airflow/example_dags/example_python_operator.py
[2026-05-16T20:15:06.873+0000] {processor.py:840} INFO - DAG(s) 'example_python_operator' retrieved from /home/airflow/.local/lib/python3.12/site-packages/airflow/example_dags/example_python_operator.py
[2026-05-16T20:15:06.883+0000] {logging_mixin.py:188} INFO - [2026-05-16T20:15:06.883+0000] {dag.py:3089} INFO - Sync 1 DAGs
[2026-05-16T20:15:06.887+0000] {logging_mixin.py:188} INFO - [2026-05-16T20:15:06.887+0000] {dag.py:3947} INFO - Setting next_dagrun for example_python_operator to None, run_after=None
[2026-05-16T20:15:06.892+0000] {processor.py:183} INFO - Processing /home/airflow/.local/lib/python3.12/site-packages/airflow/example_dags/example_python_operator.py took 0.027 seconds
[2026-05-16T20:15:37.188+0000] {processor.py:161} INFO - Started process (PID=7800) to work on /home/airflow/.local/lib/python3.12/site-packages/airflow/example_dags/example_python_operator.py
[2026-05-16T20:15:37.188+0000] {processor.py:830} INFO - Processing file /home/airflow/.local/lib/python3.12/site-packages/airflow/example_dags/example_python_operator.py for tasks to queue
[2026-05-16T20:15:37.189+0000] {logging_mixin.py:188} INFO - [2026-05-16T20:15:37.189+0000] {dagbag.py:545} INFO - Filling up the DagBag from /home/airflow/.local/lib/python3.12/site-packages/airflow/example_dags/example_python_operator.py
[2026-05-16T20:15:37.194+0000] {processor.py:840} INFO - DAG(s) 'example_python_operator' retrieved from /home/airflow/.local/lib/python3.12/site-packages/airflow/example_dags/example_python_operator.py
[2026-05-16T20:15:37.201+0000] {logging_mixin.py:188} INFO - [2026-05-16T20:15:37.201+0000] {dag.py:3089} INFO - Sync 1 DAGs
[2026-05-16T20:15:37.206+0000] {logging_mixin.py:188} INFO - [2026-05-16T20:15:37.206+0000] {dag.py:3947} INFO - Setting next_dagrun for example_python_operator to None, run_after=None
[2026-05-16T20:15:37.211+0000] {processor.py:183} INFO - Processing /home/airflow/.local/lib/python3.12/site-packages/airflow/example_dags/example_python_operator.py took 0.027 seconds
[2026-05-16T20:16:07.668+0000] {processor.py:161} INFO - Started process (PID=7862) to work on /home/airflow/.local/lib/python3.12/site-packages/airflow/example_dags/example_python_operator.py
[2026-05-16T20:16:07.668+0000] {processor.py:830} INFO - Processing file /home/airflow/.local/lib/python3.12/site-packages/airflow/example_dags/example_python_operator.py for tasks to queue
[2026-05-16T20:16:07.669+0000] {logging_mixin.py:188} INFO - [2026-05-16T20:16:07.669+0000] {dagbag.py:545} INFO - Filling up the DagBag from /home/airflow/.local/lib/python3.12/site-packages/airflow/example_dags/example_python_operator.py
[2026-05-16T20:16:07.673+0000] {processor.py:840} INFO - DAG(s) 'example_python_operator' retrieved from /home/airflow/.local/lib/python3.12/site-packages/airflow/example_dags/example_python_operator.py
[2026-05-16T20:16:07.682+0000] {logging_mixin.py:188} INFO - [2026-05-16T20:16:07.682+0000] {dag.py:3089} INFO - Sync 1 DAGs
[2026-05-16T20:16:07.686+0000] {logging_mixin.py:188} INFO - [2026-05-16T20:16:07.686+0000] {dag.py:3947} INFO - Setting next_dagrun for example_python_operator to None, run_after=None
[2026-05-16T20:16:07.692+0000] {processor.py:183} INFO - Processing /home/airflow/.local/lib/python3.12/site-packages/airflow/example_dags/example_python_operator.py took 0.027 seconds
[2026-05-16T20:16:38.265+0000] {processor.py:161} INFO - Started process (PID=7924) to work on /home/airflow/.local/lib/python3.12/site-packages/airflow/example_dags/example_python_operator.py
[2026-05-16T20:16:38.266+0000] {processor.py:830} INFO - Processing file /home/airflow/.local/lib/python3.12/site-packages/airflow/example_dags/example_python_operator.py for tasks to queue
[2026-05-16T20:16:38.266+0000] {logging_mixin.py:188} INFO - [2026-05-16T20:16:38.266+0000] {dagbag.py:545} INFO - Filling up the DagBag from /home/airflow/.local/lib/python3.12/site-packages/airflow/example_dags/example_python_operator.py
[2026-05-16T20:16:38.271+0000] {processor.py:840} INFO - DAG(s) 'example_python_operator' retrieved from /home/airflow/.local/lib/python3.12/site-packages/airflow/example_dags/example_python_operator.py
[2026-05-16T20:16:38.278+0000] {logging_mixin.py:188} INFO - [2026-05-16T20:16:38.278+0000] {dag.py:3089} INFO - Sync 1 DAGs
[2026-05-16T20:16:38.281+0000] {logging_mixin.py:188} INFO - [2026-05-16T20:16:38.281+0000] {dag.py:3947} INFO - Setting next_dagrun for example_python_operator to None, run_after=None
[2026-05-16T20:16:38.286+0000] {processor.py:183} INFO - Processing /home/airflow/.local/lib/python3.12/site-packages/airflow/example_dags/example_python_operator.py took 0.023 seconds
[2026-05-16T20:17:09.194+0000] {processor.py:161} INFO - Started process (PID=7986) to work on /home/airflow/.local/lib/python3.12/site-packages/airflow/example_dags/example_python_operator.py
[2026-05-16T20:17:09.195+0000] {processor.py:830} INFO - Processing file /home/airflow/.local/lib/python3.12/site-packages/airflow/example_dags/example_python_operator.py for tasks to queue
[2026-05-16T20:17:09.196+0000] {logging_mixin.py:188} INFO - [2026-05-16T20:17:09.196+0000] {dagbag.py:545} INFO - Filling up the DagBag from /home/airflow/.local/lib/python3.12/site-packages/airflow/example_dags/example_python_operator.py
[2026-05-16T20:17:09.200+0000] {processor.py:840} INFO - DAG(s) 'example_python_operator' retrieved from /home/airflow/.local/lib/python3.12/site-packages/airflow/example_dags/example_python_operator.py
[2026-05-16T20:17:09.208+0000] {logging_mixin.py:188} INFO - [2026-05-16T20:17:09.208+0000] {dag.py:3089} INFO - Sync 1 DAGs
[2026-05-16T20:17:09.212+0000] {logging_mixin.py:188} INFO - [2026-05-16T20:17:09.212+0000] {dag.py:3947} INFO - Setting next_dagrun for example_python_operator to None, run_after=None
[2026-05-16T20:17:09.218+0000] {processor.py:183} INFO - Processing /home/airflow/.local/lib/python3.12/site-packages/airflow/example_dags/example_python_operator.py took 0.027 seconds
[2026-05-16T20:17:39.562+0000] {processor.py:161} INFO - Started process (PID=8048) to work on /home/airflow/.local/lib/python3.12/site-packages/airflow/example_dags/example_python_operator.py
[2026-05-16T20:17:39.562+0000] {processor.py:830} INFO - Processing file /home/airflow/.local/lib/python3.12/site-packages/airflow/example_dags/example_python_operator.py for tasks to queue
[2026-05-16T20:17:39.563+0000] {logging_mixin.py:188} INFO - [2026-05-16T20:17:39.563+0000] {dagbag.py:545} INFO - Filling up the DagBag from /home/airflow/.local/lib/python3.12/site-packages/airflow/example_dags/example_python_operator.py
[2026-05-16T20:17:39.567+0000] {processor.py:840} INFO - DAG(s) 'example_python_operator' retrieved from /home/airflow/.local/lib/python3.12/site-packages/airflow/example_dags/example_python_operator.py
[2026-05-16T20:17:39.574+0000] {logging_mixin.py:188} INFO - [2026-05-16T20:17:39.574+0000] {dag.py:3089} INFO - Sync 1 DAGs
[2026-05-16T20:17:39.578+0000] {logging_mixin.py:188} INFO - [2026-05-16T20:17:39.578+0000] {dag.py:3947} INFO - Setting next_dagrun for example_python_operator to None, run_after=None
[2026-05-16T20:17:39.583+0000] {processor.py:183} INFO - Processing /home/airflow/.local/lib/python3.12/site-packages/airflow/example_dags/example_python_operator.py took 0.022 seconds
[2026-05-16T20:18:09.915+0000] {processor.py:161} INFO - Started process (PID=8110) to work on /home/airflow/.local/lib/python3.12/site-packages/airflow/example_dags/example_python_operator.py
[2026-05-16T20:18:09.915+0000] {processor.py:830} INFO - Processing file /home/airflow/.local/lib/python3.12/site-packages/airflow/example_dags/example_python_operator.py for tasks to queue
[2026-05-16T20:18:09.916+0000] {logging_mixin.py:188} INFO - [2026-05-16T20:18:09.916+0000] {dagbag.py:545} INFO - Filling up the DagBag from /home/airflow/.local/lib/python3.12/site-packages/airflow/example_dags/example_python_operator.py
[2026-05-16T20:18:09.920+0000] {processor.py:840} INFO - DAG(s) 'example_python_operator' retrieved from /home/airflow/.local/lib/python3.12/site-packages/airflow/example_dags/example_python_operator.py
[2026-05-16T20:18:09.928+0000] {logging_mixin.py:188} INFO - [2026-05-16T20:18:09.928+0000] {dag.py:3089} INFO - Sync 1 DAGs
[2026-05-16T20:18:09.933+0000] {logging_mixin.py:188} INFO - [2026-05-16T20:18:09.933+0000] {dag.py:3947} INFO - Setting next_dagrun for example_python_operator to None, run_after=None
[2026-05-16T20:18:09.938+0000] {processor.py:183} INFO - Processing /home/airflow/.local/lib/python3.12/site-packages/airflow/example_dags/example_python_operator.py took 0.025 seconds
[2026-05-16T20:18:40.338+0000] {processor.py:161} INFO - Started process (PID=8172) to work on /home/airflow/.local/lib/python3.12/site-packages/airflow/example_dags/example_python_operator.py
[2026-05-16T20:18:40.339+0000] {processor.py:830} INFO - Processing file /home/airflow/.local/lib/python3.12/site-packages/airflow/example_dags/example_python_operator.py for tasks to queue
[2026-05-16T20:18:40.339+0000] {logging_mixin.py:188} INFO - [2026-05-16T20:18:40.339+0000] {dagbag.py:545} INFO - Filling up the DagBag from /home/airflow/.local/lib/python3.12/site-packages/airflow/example_dags/example_python_operator.py
[2026-05-16T20:18:40.343+0000] {processor.py:840} INFO - DAG(s) 'example_python_operator' retrieved from /home/airflow/.local/lib/python3.12/site-packages/airflow/example_dags/example_python_operator.py
[2026-05-16T20:18:40.350+0000] {logging_mixin.py:188} INFO - [2026-05-16T20:18:40.350+0000] {dag.py:3089} INFO - Sync 1 DAGs
[2026-05-16T20:18:40.354+0000] {logging_mixin.py:188} INFO - [2026-05-16T20:18:40.354+0000] {dag.py:3947} INFO - Setting next_dagrun for example_python_operator to None, run_after=None
[2026-05-16T20:18:40.359+0000] {processor.py:183} INFO - Processing /home/airflow/.local/lib/python3.12/site-packages/airflow/example_dags/example_python_operator.py took 0.023 seconds
[2026-05-16T20:19:10.795+0000] {processor.py:161} INFO - Started process (PID=8233) to work on /home/airflow/.local/lib/python3.12/site-packages/airflow/example_dags/example_python_operator.py
[2026-05-16T20:19:10.795+0000] {processor.py:830} INFO - Processing file /home/airflow/.local/lib/python3.12/site-packages/airflow/example_dags/example_python_operator.py for tasks to queue
[2026-05-16T20:19:10.796+0000] {logging_mixin.py:188} INFO - [2026-05-16T20:19:10.796+0000] {dagbag.py:545} INFO - Filling up the DagBag from /home/airflow/.local/lib/python3.12/site-packages/airflow/example_dags/example_python_operator.py
[2026-05-16T20:19:10.802+0000] {processor.py:840} INFO - DAG(s) 'example_python_operator' retrieved from /home/airflow/.local/lib/python3.12/site-packages/airflow/example_dags/example_python_operator.py
[2026-05-16T20:19:10.810+0000] {logging_mixin.py:188} INFO - [2026-05-16T20:19:10.810+0000] {dag.py:3089} INFO - Sync 1 DAGs
[2026-05-16T20:19:10.815+0000] {logging_mixin.py:188} INFO - [2026-05-16T20:19:10.815+0000] {dag.py:3947} INFO - Setting next_dagrun for example_python_operator to None, run_after=None
[2026-05-16T20:19:10.821+0000] {processor.py:183} INFO - Processing /home/airflow/.local/lib/python3.12/site-packages/airflow/example_dags/example_python_operator.py took 0.030 seconds
[2026-05-16T20:19:41.150+0000] {processor.py:161} INFO - Started process (PID=8295) to work on /home/airflow/.local/lib/python3.12/site-packages/airflow/example_dags/example_python_operator.py
[2026-05-16T20:19:41.150+0000] {processor.py:830} INFO - Processing file /home/airflow/.local/lib/python3.12/site-packages/airflow/example_dags/example_python_operator.py for tasks to queue
[2026-05-16T20:19:41.151+0000] {logging_mixin.py:188} INFO - [2026-05-16T20:19:41.151+0000] {dagbag.py:545} INFO - Filling up the DagBag from /home/airflow/.local/lib/python3.12/site-packages/airflow/example_dags/example_python_operator.py
[2026-05-16T20:19:41.155+0000] {processor.py:840} INFO - DAG(s) 'example_python_operator' retrieved from /home/airflow/.local/lib/python3.12/site-packages/airflow/example_dags/example_python_operator.py
[2026-05-16T20:19:41.166+0000] {logging_mixin.py:188} INFO - [2026-05-16T20:19:41.165+0000] {dag.py:3089} INFO - Sync 1 DAGs
[2026-05-16T20:19:41.172+0000] {logging_mixin.py:188} INFO - [2026-05-16T20:19:41.172+0000] {dag.py:3947} INFO - Setting next_dagrun for example_python_operator to None, run_after=None
[2026-05-16T20:19:41.182+0000] {processor.py:183} INFO - Processing /home/airflow/.local/lib/python3.12/site-packages/airflow/example_dags/example_python_operator.py took 0.037 seconds
