[2026-05-16T00:22:59.219+0000] {processor.py:161} INFO - Started process (PID=757) to work on /home/airflow/.local/lib/python3.12/site-packages/airflow/example_dags/example_sensors.py
[2026-05-16T00:22:59.220+0000] {processor.py:830} INFO - Processing file /home/airflow/.local/lib/python3.12/site-packages/airflow/example_dags/example_sensors.py for tasks to queue
[2026-05-16T00:22:59.220+0000] {logging_mixin.py:188} INFO - [2026-05-16T00:22:59.220+0000] {dagbag.py:545} INFO - Filling up the DagBag from /home/airflow/.local/lib/python3.12/site-packages/airflow/example_dags/example_sensors.py
[2026-05-16T00:22:59.224+0000] {processor.py:840} INFO - DAG(s) 'example_sensors' retrieved from /home/airflow/.local/lib/python3.12/site-packages/airflow/example_dags/example_sensors.py
[2026-05-16T00:22:59.235+0000] {logging_mixin.py:188} INFO - [2026-05-16T00:22:59.235+0000] {dag.py:3089} INFO - Sync 1 DAGs
[2026-05-16T00:22:59.240+0000] {logging_mixin.py:188} INFO - [2026-05-16T00:22:59.240+0000] {dag.py:3947} INFO - Setting next_dagrun for example_sensors to None, run_after=None
[2026-05-16T00:22:59.247+0000] {processor.py:183} INFO - Processing /home/airflow/.local/lib/python3.12/site-packages/airflow/example_dags/example_sensors.py took 0.030 seconds
[2026-05-16T01:00:08.639+0000] {processor.py:161} INFO - Started process (PID=831) to work on /home/airflow/.local/lib/python3.12/site-packages/airflow/example_dags/example_sensors.py
[2026-05-16T01:00:08.640+0000] {processor.py:830} INFO - Processing file /home/airflow/.local/lib/python3.12/site-packages/airflow/example_dags/example_sensors.py for tasks to queue
[2026-05-16T01:00:08.640+0000] {logging_mixin.py:188} INFO - [2026-05-16T01:00:08.640+0000] {dagbag.py:545} INFO - Filling up the DagBag from /home/airflow/.local/lib/python3.12/site-packages/airflow/example_dags/example_sensors.py
[2026-05-16T01:00:08.645+0000] {processor.py:840} INFO - DAG(s) 'example_sensors' retrieved from /home/airflow/.local/lib/python3.12/site-packages/airflow/example_dags/example_sensors.py
[2026-05-16T01:00:08.660+0000] {logging_mixin.py:188} INFO - [2026-05-16T01:00:08.660+0000] {dag.py:3089} INFO - Sync 1 DAGs
[2026-05-16T01:00:08.665+0000] {logging_mixin.py:188} INFO - [2026-05-16T01:00:08.665+0000] {dag.py:3947} INFO - Setting next_dagrun for example_sensors to None, run_after=None
[2026-05-16T01:00:08.671+0000] {processor.py:183} INFO - Processing /home/airflow/.local/lib/python3.12/site-packages/airflow/example_dags/example_sensors.py took 0.034 seconds
[2026-05-16T01:15:40.850+0000] {processor.py:161} INFO - Started process (PID=889) to work on /home/airflow/.local/lib/python3.12/site-packages/airflow/example_dags/example_sensors.py
[2026-05-16T01:15:40.850+0000] {processor.py:830} INFO - Processing file /home/airflow/.local/lib/python3.12/site-packages/airflow/example_dags/example_sensors.py for tasks to queue
[2026-05-16T01:15:40.851+0000] {logging_mixin.py:188} INFO - [2026-05-16T01:15:40.850+0000] {dagbag.py:545} INFO - Filling up the DagBag from /home/airflow/.local/lib/python3.12/site-packages/airflow/example_dags/example_sensors.py
[2026-05-16T01:15:40.854+0000] {processor.py:840} INFO - DAG(s) 'example_sensors' retrieved from /home/airflow/.local/lib/python3.12/site-packages/airflow/example_dags/example_sensors.py
[2026-05-16T01:15:40.861+0000] {logging_mixin.py:188} INFO - [2026-05-16T01:15:40.861+0000] {dag.py:3089} INFO - Sync 1 DAGs
[2026-05-16T01:15:40.865+0000] {logging_mixin.py:188} INFO - [2026-05-16T01:15:40.865+0000] {dag.py:3947} INFO - Setting next_dagrun for example_sensors to None, run_after=None
[2026-05-16T01:15:40.870+0000] {processor.py:183} INFO - Processing /home/airflow/.local/lib/python3.12/site-packages/airflow/example_dags/example_sensors.py took 0.022 seconds
[2026-05-16T01:23:56.770+0000] {processor.py:161} INFO - Started process (PID=941) to work on /home/airflow/.local/lib/python3.12/site-packages/airflow/example_dags/example_sensors.py
[2026-05-16T01:23:56.771+0000] {processor.py:830} INFO - Processing file /home/airflow/.local/lib/python3.12/site-packages/airflow/example_dags/example_sensors.py for tasks to queue
[2026-05-16T01:23:56.771+0000] {logging_mixin.py:188} INFO - [2026-05-16T01:23:56.771+0000] {dagbag.py:545} INFO - Filling up the DagBag from /home/airflow/.local/lib/python3.12/site-packages/airflow/example_dags/example_sensors.py
[2026-05-16T01:23:56.775+0000] {processor.py:840} INFO - DAG(s) 'example_sensors' retrieved from /home/airflow/.local/lib/python3.12/site-packages/airflow/example_dags/example_sensors.py
[2026-05-16T01:23:56.786+0000] {logging_mixin.py:188} INFO - [2026-05-16T01:23:56.785+0000] {dag.py:3089} INFO - Sync 1 DAGs
[2026-05-16T01:23:56.792+0000] {logging_mixin.py:188} INFO - [2026-05-16T01:23:56.792+0000] {dag.py:3947} INFO - Setting next_dagrun for example_sensors to None, run_after=None
[2026-05-16T01:23:56.799+0000] {processor.py:183} INFO - Processing /home/airflow/.local/lib/python3.12/site-packages/airflow/example_dags/example_sensors.py took 0.031 seconds
[2026-05-16T01:41:39.184+0000] {processor.py:161} INFO - Started process (PID=993) to work on /home/airflow/.local/lib/python3.12/site-packages/airflow/example_dags/example_sensors.py
[2026-05-16T01:41:39.184+0000] {processor.py:830} INFO - Processing file /home/airflow/.local/lib/python3.12/site-packages/airflow/example_dags/example_sensors.py for tasks to queue
[2026-05-16T01:41:39.185+0000] {logging_mixin.py:188} INFO - [2026-05-16T01:41:39.185+0000] {dagbag.py:545} INFO - Filling up the DagBag from /home/airflow/.local/lib/python3.12/site-packages/airflow/example_dags/example_sensors.py
[2026-05-16T01:41:39.188+0000] {processor.py:840} INFO - DAG(s) 'example_sensors' retrieved from /home/airflow/.local/lib/python3.12/site-packages/airflow/example_dags/example_sensors.py
[2026-05-16T01:41:39.195+0000] {logging_mixin.py:188} INFO - [2026-05-16T01:41:39.195+0000] {dag.py:3089} INFO - Sync 1 DAGs
[2026-05-16T01:41:39.199+0000] {logging_mixin.py:188} INFO - [2026-05-16T01:41:39.199+0000] {dag.py:3947} INFO - Setting next_dagrun for example_sensors to None, run_after=None
[2026-05-16T01:41:39.203+0000] {processor.py:183} INFO - Processing /home/airflow/.local/lib/python3.12/site-packages/airflow/example_dags/example_sensors.py took 0.021 seconds
[2026-05-16T01:42:09.436+0000] {processor.py:161} INFO - Started process (PID=1051) to work on /home/airflow/.local/lib/python3.12/site-packages/airflow/example_dags/example_sensors.py
[2026-05-16T01:42:09.437+0000] {processor.py:830} INFO - Processing file /home/airflow/.local/lib/python3.12/site-packages/airflow/example_dags/example_sensors.py for tasks to queue
[2026-05-16T01:42:09.437+0000] {logging_mixin.py:188} INFO - [2026-05-16T01:42:09.437+0000] {dagbag.py:545} INFO - Filling up the DagBag from /home/airflow/.local/lib/python3.12/site-packages/airflow/example_dags/example_sensors.py
[2026-05-16T01:42:09.440+0000] {processor.py:840} INFO - DAG(s) 'example_sensors' retrieved from /home/airflow/.local/lib/python3.12/site-packages/airflow/example_dags/example_sensors.py
[2026-05-16T01:42:09.448+0000] {logging_mixin.py:188} INFO - [2026-05-16T01:42:09.448+0000] {dag.py:3089} INFO - Sync 1 DAGs
[2026-05-16T01:42:09.452+0000] {logging_mixin.py:188} INFO - [2026-05-16T01:42:09.452+0000] {dag.py:3947} INFO - Setting next_dagrun for example_sensors to None, run_after=None
[2026-05-16T01:42:09.457+0000] {processor.py:183} INFO - Processing /home/airflow/.local/lib/python3.12/site-packages/airflow/example_dags/example_sensors.py took 0.022 seconds
[2026-05-16T02:58:06.645+0000] {processor.py:161} INFO - Started process (PID=1107) to work on /home/airflow/.local/lib/python3.12/site-packages/airflow/example_dags/example_sensors.py
[2026-05-16T02:58:06.645+0000] {processor.py:830} INFO - Processing file /home/airflow/.local/lib/python3.12/site-packages/airflow/example_dags/example_sensors.py for tasks to queue
[2026-05-16T02:58:06.646+0000] {logging_mixin.py:188} INFO - [2026-05-16T02:58:06.646+0000] {dagbag.py:545} INFO - Filling up the DagBag from /home/airflow/.local/lib/python3.12/site-packages/airflow/example_dags/example_sensors.py
[2026-05-16T02:58:06.649+0000] {processor.py:840} INFO - DAG(s) 'example_sensors' retrieved from /home/airflow/.local/lib/python3.12/site-packages/airflow/example_dags/example_sensors.py
[2026-05-16T02:58:06.659+0000] {logging_mixin.py:188} INFO - [2026-05-16T02:58:06.659+0000] {dag.py:3089} INFO - Sync 1 DAGs
[2026-05-16T02:58:06.664+0000] {logging_mixin.py:188} INFO - [2026-05-16T02:58:06.664+0000] {dag.py:3947} INFO - Setting next_dagrun for example_sensors to None, run_after=None
[2026-05-16T02:58:06.670+0000] {processor.py:183} INFO - Processing /home/airflow/.local/lib/python3.12/site-packages/airflow/example_dags/example_sensors.py took 0.027 seconds
[2026-05-16T03:24:46.035+0000] {processor.py:161} INFO - Started process (PID=1159) to work on /home/airflow/.local/lib/python3.12/site-packages/airflow/example_dags/example_sensors.py
[2026-05-16T03:24:46.035+0000] {processor.py:830} INFO - Processing file /home/airflow/.local/lib/python3.12/site-packages/airflow/example_dags/example_sensors.py for tasks to queue
[2026-05-16T03:24:46.036+0000] {logging_mixin.py:188} INFO - [2026-05-16T03:24:46.036+0000] {dagbag.py:545} INFO - Filling up the DagBag from /home/airflow/.local/lib/python3.12/site-packages/airflow/example_dags/example_sensors.py
[2026-05-16T03:24:46.039+0000] {processor.py:840} INFO - DAG(s) 'example_sensors' retrieved from /home/airflow/.local/lib/python3.12/site-packages/airflow/example_dags/example_sensors.py
[2026-05-16T03:24:46.052+0000] {logging_mixin.py:188} INFO - [2026-05-16T03:24:46.052+0000] {dag.py:3089} INFO - Sync 1 DAGs
[2026-05-16T03:24:46.056+0000] {logging_mixin.py:188} INFO - [2026-05-16T03:24:46.056+0000] {dag.py:3947} INFO - Setting next_dagrun for example_sensors to None, run_after=None
[2026-05-16T03:24:46.064+0000] {processor.py:183} INFO - Processing /home/airflow/.local/lib/python3.12/site-packages/airflow/example_dags/example_sensors.py took 0.031 seconds
[2026-05-16T03:25:16.611+0000] {processor.py:161} INFO - Started process (PID=1222) to work on /home/airflow/.local/lib/python3.12/site-packages/airflow/example_dags/example_sensors.py
[2026-05-16T03:25:16.611+0000] {processor.py:830} INFO - Processing file /home/airflow/.local/lib/python3.12/site-packages/airflow/example_dags/example_sensors.py for tasks to queue
[2026-05-16T03:25:16.612+0000] {logging_mixin.py:188} INFO - [2026-05-16T03:25:16.612+0000] {dagbag.py:545} INFO - Filling up the DagBag from /home/airflow/.local/lib/python3.12/site-packages/airflow/example_dags/example_sensors.py
[2026-05-16T03:25:16.615+0000] {processor.py:840} INFO - DAG(s) 'example_sensors' retrieved from /home/airflow/.local/lib/python3.12/site-packages/airflow/example_dags/example_sensors.py
[2026-05-16T03:25:16.623+0000] {logging_mixin.py:188} INFO - [2026-05-16T03:25:16.623+0000] {dag.py:3089} INFO - Sync 1 DAGs
[2026-05-16T03:25:16.627+0000] {logging_mixin.py:188} INFO - [2026-05-16T03:25:16.627+0000] {dag.py:3947} INFO - Setting next_dagrun for example_sensors to None, run_after=None
[2026-05-16T03:25:16.632+0000] {processor.py:183} INFO - Processing /home/airflow/.local/lib/python3.12/site-packages/airflow/example_dags/example_sensors.py took 0.023 seconds
[2026-05-16T03:36:43.854+0000] {processor.py:161} INFO - Started process (PID=1292) to work on /home/airflow/.local/lib/python3.12/site-packages/airflow/example_dags/example_sensors.py
[2026-05-16T03:36:43.854+0000] {processor.py:830} INFO - Processing file /home/airflow/.local/lib/python3.12/site-packages/airflow/example_dags/example_sensors.py for tasks to queue
[2026-05-16T03:36:43.855+0000] {logging_mixin.py:188} INFO - [2026-05-16T03:36:43.855+0000] {dagbag.py:545} INFO - Filling up the DagBag from /home/airflow/.local/lib/python3.12/site-packages/airflow/example_dags/example_sensors.py
[2026-05-16T03:36:43.859+0000] {processor.py:840} INFO - DAG(s) 'example_sensors' retrieved from /home/airflow/.local/lib/python3.12/site-packages/airflow/example_dags/example_sensors.py
[2026-05-16T03:36:43.868+0000] {logging_mixin.py:188} INFO - [2026-05-16T03:36:43.868+0000] {dag.py:3089} INFO - Sync 1 DAGs
[2026-05-16T03:36:43.873+0000] {logging_mixin.py:188} INFO - [2026-05-16T03:36:43.872+0000] {dag.py:3947} INFO - Setting next_dagrun for example_sensors to None, run_after=None
[2026-05-16T03:36:43.883+0000] {processor.py:183} INFO - Processing /home/airflow/.local/lib/python3.12/site-packages/airflow/example_dags/example_sensors.py took 0.031 seconds
[2026-05-16T03:41:24.503+0000] {processor.py:161} INFO - Started process (PID=1349) to work on /home/airflow/.local/lib/python3.12/site-packages/airflow/example_dags/example_sensors.py
[2026-05-16T03:41:24.503+0000] {processor.py:830} INFO - Processing file /home/airflow/.local/lib/python3.12/site-packages/airflow/example_dags/example_sensors.py for tasks to queue
[2026-05-16T03:41:24.504+0000] {logging_mixin.py:188} INFO - [2026-05-16T03:41:24.504+0000] {dagbag.py:545} INFO - Filling up the DagBag from /home/airflow/.local/lib/python3.12/site-packages/airflow/example_dags/example_sensors.py
[2026-05-16T03:41:24.507+0000] {processor.py:840} INFO - DAG(s) 'example_sensors' retrieved from /home/airflow/.local/lib/python3.12/site-packages/airflow/example_dags/example_sensors.py
[2026-05-16T03:41:24.516+0000] {logging_mixin.py:188} INFO - [2026-05-16T03:41:24.516+0000] {dag.py:3089} INFO - Sync 1 DAGs
[2026-05-16T03:41:24.521+0000] {logging_mixin.py:188} INFO - [2026-05-16T03:41:24.521+0000] {dag.py:3947} INFO - Setting next_dagrun for example_sensors to None, run_after=None
[2026-05-16T03:41:24.526+0000] {processor.py:183} INFO - Processing /home/airflow/.local/lib/python3.12/site-packages/airflow/example_dags/example_sensors.py took 0.025 seconds
[2026-05-16T03:41:54.989+0000] {processor.py:161} INFO - Started process (PID=1407) to work on /home/airflow/.local/lib/python3.12/site-packages/airflow/example_dags/example_sensors.py
[2026-05-16T03:41:54.990+0000] {processor.py:830} INFO - Processing file /home/airflow/.local/lib/python3.12/site-packages/airflow/example_dags/example_sensors.py for tasks to queue
[2026-05-16T03:41:54.990+0000] {logging_mixin.py:188} INFO - [2026-05-16T03:41:54.990+0000] {dagbag.py:545} INFO - Filling up the DagBag from /home/airflow/.local/lib/python3.12/site-packages/airflow/example_dags/example_sensors.py
[2026-05-16T03:41:54.993+0000] {processor.py:840} INFO - DAG(s) 'example_sensors' retrieved from /home/airflow/.local/lib/python3.12/site-packages/airflow/example_dags/example_sensors.py
[2026-05-16T03:41:55.001+0000] {logging_mixin.py:188} INFO - [2026-05-16T03:41:55.001+0000] {dag.py:3089} INFO - Sync 1 DAGs
[2026-05-16T03:41:55.004+0000] {logging_mixin.py:188} INFO - [2026-05-16T03:41:55.004+0000] {dag.py:3947} INFO - Setting next_dagrun for example_sensors to None, run_after=None
[2026-05-16T03:41:55.009+0000] {processor.py:183} INFO - Processing /home/airflow/.local/lib/python3.12/site-packages/airflow/example_dags/example_sensors.py took 0.022 seconds
[2026-05-16T05:07:44.048+0000] {processor.py:161} INFO - Started process (PID=1459) to work on /home/airflow/.local/lib/python3.12/site-packages/airflow/example_dags/example_sensors.py
[2026-05-16T05:07:44.048+0000] {processor.py:830} INFO - Processing file /home/airflow/.local/lib/python3.12/site-packages/airflow/example_dags/example_sensors.py for tasks to queue
[2026-05-16T05:07:44.048+0000] {logging_mixin.py:188} INFO - [2026-05-16T05:07:44.048+0000] {dagbag.py:545} INFO - Filling up the DagBag from /home/airflow/.local/lib/python3.12/site-packages/airflow/example_dags/example_sensors.py
[2026-05-16T05:07:44.051+0000] {processor.py:840} INFO - DAG(s) 'example_sensors' retrieved from /home/airflow/.local/lib/python3.12/site-packages/airflow/example_dags/example_sensors.py
[2026-05-16T05:07:44.059+0000] {logging_mixin.py:188} INFO - [2026-05-16T05:07:44.059+0000] {dag.py:3089} INFO - Sync 1 DAGs
[2026-05-16T05:07:44.062+0000] {logging_mixin.py:188} INFO - [2026-05-16T05:07:44.062+0000] {dag.py:3947} INFO - Setting next_dagrun for example_sensors to None, run_after=None
[2026-05-16T05:07:44.067+0000] {processor.py:183} INFO - Processing /home/airflow/.local/lib/python3.12/site-packages/airflow/example_dags/example_sensors.py took 0.022 seconds
[2026-05-16T05:40:48.341+0000] {processor.py:161} INFO - Started process (PID=1517) to work on /home/airflow/.local/lib/python3.12/site-packages/airflow/example_dags/example_sensors.py
[2026-05-16T05:40:48.342+0000] {processor.py:830} INFO - Processing file /home/airflow/.local/lib/python3.12/site-packages/airflow/example_dags/example_sensors.py for tasks to queue
[2026-05-16T05:40:48.342+0000] {logging_mixin.py:188} INFO - [2026-05-16T05:40:48.342+0000] {dagbag.py:545} INFO - Filling up the DagBag from /home/airflow/.local/lib/python3.12/site-packages/airflow/example_dags/example_sensors.py
[2026-05-16T05:40:48.346+0000] {processor.py:840} INFO - DAG(s) 'example_sensors' retrieved from /home/airflow/.local/lib/python3.12/site-packages/airflow/example_dags/example_sensors.py
[2026-05-16T05:40:48.356+0000] {logging_mixin.py:188} INFO - [2026-05-16T05:40:48.356+0000] {dag.py:3089} INFO - Sync 1 DAGs
[2026-05-16T05:40:48.361+0000] {logging_mixin.py:188} INFO - [2026-05-16T05:40:48.361+0000] {dag.py:3947} INFO - Setting next_dagrun for example_sensors to None, run_after=None
[2026-05-16T05:40:48.366+0000] {processor.py:183} INFO - Processing /home/airflow/.local/lib/python3.12/site-packages/airflow/example_dags/example_sensors.py took 0.028 seconds
[2026-05-16T05:58:43.643+0000] {processor.py:161} INFO - Started process (PID=1569) to work on /home/airflow/.local/lib/python3.12/site-packages/airflow/example_dags/example_sensors.py
[2026-05-16T05:58:43.644+0000] {processor.py:830} INFO - Processing file /home/airflow/.local/lib/python3.12/site-packages/airflow/example_dags/example_sensors.py for tasks to queue
[2026-05-16T05:58:43.644+0000] {logging_mixin.py:188} INFO - [2026-05-16T05:58:43.644+0000] {dagbag.py:545} INFO - Filling up the DagBag from /home/airflow/.local/lib/python3.12/site-packages/airflow/example_dags/example_sensors.py
[2026-05-16T05:58:43.648+0000] {processor.py:840} INFO - DAG(s) 'example_sensors' retrieved from /home/airflow/.local/lib/python3.12/site-packages/airflow/example_dags/example_sensors.py
[2026-05-16T05:58:43.657+0000] {logging_mixin.py:188} INFO - [2026-05-16T05:58:43.657+0000] {dag.py:3089} INFO - Sync 1 DAGs
[2026-05-16T05:58:43.661+0000] {logging_mixin.py:188} INFO - [2026-05-16T05:58:43.661+0000] {dag.py:3947} INFO - Setting next_dagrun for example_sensors to None, run_after=None
[2026-05-16T05:58:43.667+0000] {processor.py:183} INFO - Processing /home/airflow/.local/lib/python3.12/site-packages/airflow/example_dags/example_sensors.py took 0.026 seconds
[2026-05-16T06:22:17.470+0000] {processor.py:161} INFO - Started process (PID=1627) to work on /home/airflow/.local/lib/python3.12/site-packages/airflow/example_dags/example_sensors.py
[2026-05-16T06:22:17.471+0000] {processor.py:830} INFO - Processing file /home/airflow/.local/lib/python3.12/site-packages/airflow/example_dags/example_sensors.py for tasks to queue
[2026-05-16T06:22:17.471+0000] {logging_mixin.py:188} INFO - [2026-05-16T06:22:17.471+0000] {dagbag.py:545} INFO - Filling up the DagBag from /home/airflow/.local/lib/python3.12/site-packages/airflow/example_dags/example_sensors.py
[2026-05-16T06:22:17.475+0000] {processor.py:840} INFO - DAG(s) 'example_sensors' retrieved from /home/airflow/.local/lib/python3.12/site-packages/airflow/example_dags/example_sensors.py
[2026-05-16T06:22:17.485+0000] {logging_mixin.py:188} INFO - [2026-05-16T06:22:17.485+0000] {dag.py:3089} INFO - Sync 1 DAGs
[2026-05-16T06:22:17.490+0000] {logging_mixin.py:188} INFO - [2026-05-16T06:22:17.490+0000] {dag.py:3947} INFO - Setting next_dagrun for example_sensors to None, run_after=None
[2026-05-16T06:22:17.495+0000] {processor.py:183} INFO - Processing /home/airflow/.local/lib/python3.12/site-packages/airflow/example_dags/example_sensors.py took 0.027 seconds
[2026-05-16T06:23:12.119+0000] {processor.py:161} INFO - Started process (PID=1685) to work on /home/airflow/.local/lib/python3.12/site-packages/airflow/example_dags/example_sensors.py
[2026-05-16T06:23:12.119+0000] {processor.py:830} INFO - Processing file /home/airflow/.local/lib/python3.12/site-packages/airflow/example_dags/example_sensors.py for tasks to queue
[2026-05-16T06:23:12.119+0000] {logging_mixin.py:188} INFO - [2026-05-16T06:23:12.119+0000] {dagbag.py:545} INFO - Filling up the DagBag from /home/airflow/.local/lib/python3.12/site-packages/airflow/example_dags/example_sensors.py
[2026-05-16T06:23:12.122+0000] {processor.py:840} INFO - DAG(s) 'example_sensors' retrieved from /home/airflow/.local/lib/python3.12/site-packages/airflow/example_dags/example_sensors.py
[2026-05-16T06:23:12.129+0000] {logging_mixin.py:188} INFO - [2026-05-16T06:23:12.129+0000] {dag.py:3089} INFO - Sync 1 DAGs
[2026-05-16T06:23:12.133+0000] {logging_mixin.py:188} INFO - [2026-05-16T06:23:12.133+0000] {dag.py:3947} INFO - Setting next_dagrun for example_sensors to None, run_after=None
[2026-05-16T06:23:12.137+0000] {processor.py:183} INFO - Processing /home/airflow/.local/lib/python3.12/site-packages/airflow/example_dags/example_sensors.py took 0.021 seconds
[2026-05-16T06:23:42.611+0000] {processor.py:161} INFO - Started process (PID=1743) to work on /home/airflow/.local/lib/python3.12/site-packages/airflow/example_dags/example_sensors.py
[2026-05-16T06:23:42.613+0000] {processor.py:830} INFO - Processing file /home/airflow/.local/lib/python3.12/site-packages/airflow/example_dags/example_sensors.py for tasks to queue
[2026-05-16T06:23:42.615+0000] {logging_mixin.py:188} INFO - [2026-05-16T06:23:42.615+0000] {dagbag.py:545} INFO - Filling up the DagBag from /home/airflow/.local/lib/python3.12/site-packages/airflow/example_dags/example_sensors.py
[2026-05-16T06:23:42.622+0000] {processor.py:840} INFO - DAG(s) 'example_sensors' retrieved from /home/airflow/.local/lib/python3.12/site-packages/airflow/example_dags/example_sensors.py
[2026-05-16T06:23:42.641+0000] {logging_mixin.py:188} INFO - [2026-05-16T06:23:42.641+0000] {dag.py:3089} INFO - Sync 1 DAGs
[2026-05-16T06:23:42.650+0000] {logging_mixin.py:188} INFO - [2026-05-16T06:23:42.650+0000] {dag.py:3947} INFO - Setting next_dagrun for example_sensors to None, run_after=None
[2026-05-16T06:23:42.658+0000] {processor.py:183} INFO - Processing /home/airflow/.local/lib/python3.12/site-packages/airflow/example_dags/example_sensors.py took 0.056 seconds
[2026-05-16T06:27:09.063+0000] {processor.py:161} INFO - Started process (PID=1795) to work on /home/airflow/.local/lib/python3.12/site-packages/airflow/example_dags/example_sensors.py
[2026-05-16T06:27:09.064+0000] {processor.py:830} INFO - Processing file /home/airflow/.local/lib/python3.12/site-packages/airflow/example_dags/example_sensors.py for tasks to queue
[2026-05-16T06:27:09.064+0000] {logging_mixin.py:188} INFO - [2026-05-16T06:27:09.064+0000] {dagbag.py:545} INFO - Filling up the DagBag from /home/airflow/.local/lib/python3.12/site-packages/airflow/example_dags/example_sensors.py
[2026-05-16T06:27:09.067+0000] {processor.py:840} INFO - DAG(s) 'example_sensors' retrieved from /home/airflow/.local/lib/python3.12/site-packages/airflow/example_dags/example_sensors.py
[2026-05-16T06:27:09.078+0000] {logging_mixin.py:188} INFO - [2026-05-16T06:27:09.078+0000] {dag.py:3089} INFO - Sync 1 DAGs
[2026-05-16T06:27:09.082+0000] {logging_mixin.py:188} INFO - [2026-05-16T06:27:09.082+0000] {dag.py:3947} INFO - Setting next_dagrun for example_sensors to None, run_after=None
[2026-05-16T06:27:09.087+0000] {processor.py:183} INFO - Processing /home/airflow/.local/lib/python3.12/site-packages/airflow/example_dags/example_sensors.py took 0.025 seconds
[2026-05-16T06:46:31.863+0000] {processor.py:161} INFO - Started process (PID=1847) to work on /home/airflow/.local/lib/python3.12/site-packages/airflow/example_dags/example_sensors.py
[2026-05-16T06:46:31.864+0000] {processor.py:830} INFO - Processing file /home/airflow/.local/lib/python3.12/site-packages/airflow/example_dags/example_sensors.py for tasks to queue
[2026-05-16T06:46:31.864+0000] {logging_mixin.py:188} INFO - [2026-05-16T06:46:31.864+0000] {dagbag.py:545} INFO - Filling up the DagBag from /home/airflow/.local/lib/python3.12/site-packages/airflow/example_dags/example_sensors.py
[2026-05-16T06:46:31.867+0000] {processor.py:840} INFO - DAG(s) 'example_sensors' retrieved from /home/airflow/.local/lib/python3.12/site-packages/airflow/example_dags/example_sensors.py
[2026-05-16T06:46:31.876+0000] {logging_mixin.py:188} INFO - [2026-05-16T06:46:31.876+0000] {dag.py:3089} INFO - Sync 1 DAGs
[2026-05-16T06:46:31.880+0000] {logging_mixin.py:188} INFO - [2026-05-16T06:46:31.880+0000] {dag.py:3947} INFO - Setting next_dagrun for example_sensors to None, run_after=None
[2026-05-16T06:46:31.886+0000] {processor.py:183} INFO - Processing /home/airflow/.local/lib/python3.12/site-packages/airflow/example_dags/example_sensors.py took 0.025 seconds
[2026-05-16T06:54:14.748+0000] {processor.py:161} INFO - Started process (PID=1904) to work on /home/airflow/.local/lib/python3.12/site-packages/airflow/example_dags/example_sensors.py
[2026-05-16T06:54:14.748+0000] {processor.py:830} INFO - Processing file /home/airflow/.local/lib/python3.12/site-packages/airflow/example_dags/example_sensors.py for tasks to queue
[2026-05-16T06:54:14.749+0000] {logging_mixin.py:188} INFO - [2026-05-16T06:54:14.748+0000] {dagbag.py:545} INFO - Filling up the DagBag from /home/airflow/.local/lib/python3.12/site-packages/airflow/example_dags/example_sensors.py
[2026-05-16T06:54:14.752+0000] {processor.py:840} INFO - DAG(s) 'example_sensors' retrieved from /home/airflow/.local/lib/python3.12/site-packages/airflow/example_dags/example_sensors.py
[2026-05-16T06:54:14.759+0000] {logging_mixin.py:188} INFO - [2026-05-16T06:54:14.759+0000] {dag.py:3089} INFO - Sync 1 DAGs
[2026-05-16T06:54:14.763+0000] {logging_mixin.py:188} INFO - [2026-05-16T06:54:14.763+0000] {dag.py:3947} INFO - Setting next_dagrun for example_sensors to None, run_after=None
[2026-05-16T06:54:14.768+0000] {processor.py:183} INFO - Processing /home/airflow/.local/lib/python3.12/site-packages/airflow/example_dags/example_sensors.py took 0.022 seconds
[2026-05-16T07:10:31.982+0000] {processor.py:161} INFO - Started process (PID=1962) to work on /home/airflow/.local/lib/python3.12/site-packages/airflow/example_dags/example_sensors.py
[2026-05-16T07:10:31.982+0000] {processor.py:830} INFO - Processing file /home/airflow/.local/lib/python3.12/site-packages/airflow/example_dags/example_sensors.py for tasks to queue
[2026-05-16T07:10:31.983+0000] {logging_mixin.py:188} INFO - [2026-05-16T07:10:31.983+0000] {dagbag.py:545} INFO - Filling up the DagBag from /home/airflow/.local/lib/python3.12/site-packages/airflow/example_dags/example_sensors.py
[2026-05-16T07:10:31.986+0000] {processor.py:840} INFO - DAG(s) 'example_sensors' retrieved from /home/airflow/.local/lib/python3.12/site-packages/airflow/example_dags/example_sensors.py
[2026-05-16T07:10:31.995+0000] {logging_mixin.py:188} INFO - [2026-05-16T07:10:31.995+0000] {dag.py:3089} INFO - Sync 1 DAGs
[2026-05-16T07:10:32.070+0000] {logging_mixin.py:188} INFO - [2026-05-16T07:10:32.070+0000] {dag.py:3947} INFO - Setting next_dagrun for example_sensors to None, run_after=None
[2026-05-16T07:10:32.074+0000] {processor.py:183} INFO - Processing /home/airflow/.local/lib/python3.12/site-packages/airflow/example_dags/example_sensors.py took 0.094 seconds
[2026-05-16T07:48:05.717+0000] {processor.py:161} INFO - Started process (PID=2020) to work on /home/airflow/.local/lib/python3.12/site-packages/airflow/example_dags/example_sensors.py
[2026-05-16T07:48:05.717+0000] {processor.py:830} INFO - Processing file /home/airflow/.local/lib/python3.12/site-packages/airflow/example_dags/example_sensors.py for tasks to queue
[2026-05-16T07:48:05.718+0000] {logging_mixin.py:188} INFO - [2026-05-16T07:48:05.717+0000] {dagbag.py:545} INFO - Filling up the DagBag from /home/airflow/.local/lib/python3.12/site-packages/airflow/example_dags/example_sensors.py
[2026-05-16T07:48:05.722+0000] {processor.py:840} INFO - DAG(s) 'example_sensors' retrieved from /home/airflow/.local/lib/python3.12/site-packages/airflow/example_dags/example_sensors.py
[2026-05-16T07:48:05.730+0000] {logging_mixin.py:188} INFO - [2026-05-16T07:48:05.730+0000] {dag.py:3089} INFO - Sync 1 DAGs
[2026-05-16T07:48:05.735+0000] {logging_mixin.py:188} INFO - [2026-05-16T07:48:05.735+0000] {dag.py:3947} INFO - Setting next_dagrun for example_sensors to None, run_after=None
[2026-05-16T07:48:05.817+0000] {processor.py:183} INFO - Processing /home/airflow/.local/lib/python3.12/site-packages/airflow/example_dags/example_sensors.py took 0.103 seconds
[2026-05-16T07:48:36.806+0000] {processor.py:161} INFO - Started process (PID=2086) to work on /home/airflow/.local/lib/python3.12/site-packages/airflow/example_dags/example_sensors.py
[2026-05-16T07:48:36.806+0000] {processor.py:830} INFO - Processing file /home/airflow/.local/lib/python3.12/site-packages/airflow/example_dags/example_sensors.py for tasks to queue
[2026-05-16T07:48:36.806+0000] {logging_mixin.py:188} INFO - [2026-05-16T07:48:36.806+0000] {dagbag.py:545} INFO - Filling up the DagBag from /home/airflow/.local/lib/python3.12/site-packages/airflow/example_dags/example_sensors.py
[2026-05-16T07:48:36.810+0000] {processor.py:840} INFO - DAG(s) 'example_sensors' retrieved from /home/airflow/.local/lib/python3.12/site-packages/airflow/example_dags/example_sensors.py
[2026-05-16T07:48:36.819+0000] {logging_mixin.py:188} INFO - [2026-05-16T07:48:36.819+0000] {dag.py:3089} INFO - Sync 1 DAGs
[2026-05-16T07:48:36.824+0000] {logging_mixin.py:188} INFO - [2026-05-16T07:48:36.824+0000] {dag.py:3947} INFO - Setting next_dagrun for example_sensors to None, run_after=None
[2026-05-16T07:48:36.829+0000] {processor.py:183} INFO - Processing /home/airflow/.local/lib/python3.12/site-packages/airflow/example_dags/example_sensors.py took 0.026 seconds
[2026-05-16T10:32:09.029+0000] {processor.py:161} INFO - Started process (PID=2173) to work on /home/airflow/.local/lib/python3.12/site-packages/airflow/example_dags/example_sensors.py
[2026-05-16T10:32:09.029+0000] {processor.py:830} INFO - Processing file /home/airflow/.local/lib/python3.12/site-packages/airflow/example_dags/example_sensors.py for tasks to queue
[2026-05-16T10:32:09.030+0000] {logging_mixin.py:188} INFO - [2026-05-16T10:32:09.030+0000] {dagbag.py:545} INFO - Filling up the DagBag from /home/airflow/.local/lib/python3.12/site-packages/airflow/example_dags/example_sensors.py
[2026-05-16T10:32:09.036+0000] {processor.py:840} INFO - DAG(s) 'example_sensors' retrieved from /home/airflow/.local/lib/python3.12/site-packages/airflow/example_dags/example_sensors.py
[2026-05-16T10:32:09.048+0000] {logging_mixin.py:188} INFO - [2026-05-16T10:32:09.048+0000] {dag.py:3089} INFO - Sync 1 DAGs
[2026-05-16T10:32:09.055+0000] {logging_mixin.py:188} INFO - [2026-05-16T10:32:09.055+0000] {dag.py:3947} INFO - Setting next_dagrun for example_sensors to None, run_after=None
[2026-05-16T10:32:09.063+0000] {processor.py:183} INFO - Processing /home/airflow/.local/lib/python3.12/site-packages/airflow/example_dags/example_sensors.py took 0.038 seconds
[2026-05-16T10:32:39.276+0000] {processor.py:161} INFO - Started process (PID=2230) to work on /home/airflow/.local/lib/python3.12/site-packages/airflow/example_dags/example_sensors.py
[2026-05-16T10:32:39.276+0000] {processor.py:830} INFO - Processing file /home/airflow/.local/lib/python3.12/site-packages/airflow/example_dags/example_sensors.py for tasks to queue
[2026-05-16T10:32:39.276+0000] {logging_mixin.py:188} INFO - [2026-05-16T10:32:39.276+0000] {dagbag.py:545} INFO - Filling up the DagBag from /home/airflow/.local/lib/python3.12/site-packages/airflow/example_dags/example_sensors.py
[2026-05-16T10:32:39.280+0000] {processor.py:840} INFO - DAG(s) 'example_sensors' retrieved from /home/airflow/.local/lib/python3.12/site-packages/airflow/example_dags/example_sensors.py
[2026-05-16T10:32:39.288+0000] {logging_mixin.py:188} INFO - [2026-05-16T10:32:39.288+0000] {dag.py:3089} INFO - Sync 1 DAGs
[2026-05-16T10:32:39.292+0000] {logging_mixin.py:188} INFO - [2026-05-16T10:32:39.292+0000] {dag.py:3947} INFO - Setting next_dagrun for example_sensors to None, run_after=None
[2026-05-16T10:32:39.299+0000] {processor.py:183} INFO - Processing /home/airflow/.local/lib/python3.12/site-packages/airflow/example_dags/example_sensors.py took 0.025 seconds
[2026-05-16T10:33:09.730+0000] {processor.py:161} INFO - Started process (PID=2288) to work on /home/airflow/.local/lib/python3.12/site-packages/airflow/example_dags/example_sensors.py
[2026-05-16T10:33:09.731+0000] {processor.py:830} INFO - Processing file /home/airflow/.local/lib/python3.12/site-packages/airflow/example_dags/example_sensors.py for tasks to queue
[2026-05-16T10:33:09.731+0000] {logging_mixin.py:188} INFO - [2026-05-16T10:33:09.731+0000] {dagbag.py:545} INFO - Filling up the DagBag from /home/airflow/.local/lib/python3.12/site-packages/airflow/example_dags/example_sensors.py
[2026-05-16T10:33:09.736+0000] {processor.py:840} INFO - DAG(s) 'example_sensors' retrieved from /home/airflow/.local/lib/python3.12/site-packages/airflow/example_dags/example_sensors.py
[2026-05-16T10:33:09.744+0000] {logging_mixin.py:188} INFO - [2026-05-16T10:33:09.744+0000] {dag.py:3089} INFO - Sync 1 DAGs
[2026-05-16T10:33:09.748+0000] {logging_mixin.py:188} INFO - [2026-05-16T10:33:09.748+0000] {dag.py:3947} INFO - Setting next_dagrun for example_sensors to None, run_after=None
[2026-05-16T10:33:09.753+0000] {processor.py:183} INFO - Processing /home/airflow/.local/lib/python3.12/site-packages/airflow/example_dags/example_sensors.py took 0.026 seconds
[2026-05-16T10:33:40.238+0000] {processor.py:161} INFO - Started process (PID=2346) to work on /home/airflow/.local/lib/python3.12/site-packages/airflow/example_dags/example_sensors.py
[2026-05-16T10:33:40.238+0000] {processor.py:830} INFO - Processing file /home/airflow/.local/lib/python3.12/site-packages/airflow/example_dags/example_sensors.py for tasks to queue
[2026-05-16T10:33:40.238+0000] {logging_mixin.py:188} INFO - [2026-05-16T10:33:40.238+0000] {dagbag.py:545} INFO - Filling up the DagBag from /home/airflow/.local/lib/python3.12/site-packages/airflow/example_dags/example_sensors.py
[2026-05-16T10:33:40.242+0000] {processor.py:840} INFO - DAG(s) 'example_sensors' retrieved from /home/airflow/.local/lib/python3.12/site-packages/airflow/example_dags/example_sensors.py
[2026-05-16T10:33:40.250+0000] {logging_mixin.py:188} INFO - [2026-05-16T10:33:40.250+0000] {dag.py:3089} INFO - Sync 1 DAGs
[2026-05-16T10:33:40.255+0000] {logging_mixin.py:188} INFO - [2026-05-16T10:33:40.255+0000] {dag.py:3947} INFO - Setting next_dagrun for example_sensors to None, run_after=None
[2026-05-16T10:33:40.262+0000] {processor.py:183} INFO - Processing /home/airflow/.local/lib/python3.12/site-packages/airflow/example_dags/example_sensors.py took 0.027 seconds
[2026-05-16T10:34:10.579+0000] {processor.py:161} INFO - Started process (PID=2404) to work on /home/airflow/.local/lib/python3.12/site-packages/airflow/example_dags/example_sensors.py
[2026-05-16T10:34:10.579+0000] {processor.py:830} INFO - Processing file /home/airflow/.local/lib/python3.12/site-packages/airflow/example_dags/example_sensors.py for tasks to queue
[2026-05-16T10:34:10.580+0000] {logging_mixin.py:188} INFO - [2026-05-16T10:34:10.580+0000] {dagbag.py:545} INFO - Filling up the DagBag from /home/airflow/.local/lib/python3.12/site-packages/airflow/example_dags/example_sensors.py
[2026-05-16T10:34:10.584+0000] {processor.py:840} INFO - DAG(s) 'example_sensors' retrieved from /home/airflow/.local/lib/python3.12/site-packages/airflow/example_dags/example_sensors.py
[2026-05-16T10:34:10.595+0000] {logging_mixin.py:188} INFO - [2026-05-16T10:34:10.594+0000] {dag.py:3089} INFO - Sync 1 DAGs
[2026-05-16T10:34:10.599+0000] {logging_mixin.py:188} INFO - [2026-05-16T10:34:10.598+0000] {dag.py:3947} INFO - Setting next_dagrun for example_sensors to None, run_after=None
[2026-05-16T10:34:10.603+0000] {processor.py:183} INFO - Processing /home/airflow/.local/lib/python3.12/site-packages/airflow/example_dags/example_sensors.py took 0.027 seconds
[2026-05-16T10:34:40.893+0000] {processor.py:161} INFO - Started process (PID=2462) to work on /home/airflow/.local/lib/python3.12/site-packages/airflow/example_dags/example_sensors.py
[2026-05-16T10:34:40.893+0000] {processor.py:830} INFO - Processing file /home/airflow/.local/lib/python3.12/site-packages/airflow/example_dags/example_sensors.py for tasks to queue
[2026-05-16T10:34:40.894+0000] {logging_mixin.py:188} INFO - [2026-05-16T10:34:40.894+0000] {dagbag.py:545} INFO - Filling up the DagBag from /home/airflow/.local/lib/python3.12/site-packages/airflow/example_dags/example_sensors.py
[2026-05-16T10:34:40.897+0000] {processor.py:840} INFO - DAG(s) 'example_sensors' retrieved from /home/airflow/.local/lib/python3.12/site-packages/airflow/example_dags/example_sensors.py
[2026-05-16T10:34:40.905+0000] {logging_mixin.py:188} INFO - [2026-05-16T10:34:40.905+0000] {dag.py:3089} INFO - Sync 1 DAGs
[2026-05-16T10:34:40.909+0000] {logging_mixin.py:188} INFO - [2026-05-16T10:34:40.909+0000] {dag.py:3947} INFO - Setting next_dagrun for example_sensors to None, run_after=None
[2026-05-16T10:34:40.914+0000] {processor.py:183} INFO - Processing /home/airflow/.local/lib/python3.12/site-packages/airflow/example_dags/example_sensors.py took 0.023 seconds
[2026-05-16T10:35:11.167+0000] {processor.py:161} INFO - Started process (PID=2520) to work on /home/airflow/.local/lib/python3.12/site-packages/airflow/example_dags/example_sensors.py
[2026-05-16T10:35:11.167+0000] {processor.py:830} INFO - Processing file /home/airflow/.local/lib/python3.12/site-packages/airflow/example_dags/example_sensors.py for tasks to queue
[2026-05-16T10:35:11.167+0000] {logging_mixin.py:188} INFO - [2026-05-16T10:35:11.167+0000] {dagbag.py:545} INFO - Filling up the DagBag from /home/airflow/.local/lib/python3.12/site-packages/airflow/example_dags/example_sensors.py
[2026-05-16T10:35:11.171+0000] {processor.py:840} INFO - DAG(s) 'example_sensors' retrieved from /home/airflow/.local/lib/python3.12/site-packages/airflow/example_dags/example_sensors.py
[2026-05-16T10:35:11.180+0000] {logging_mixin.py:188} INFO - [2026-05-16T10:35:11.180+0000] {dag.py:3089} INFO - Sync 1 DAGs
[2026-05-16T10:35:11.184+0000] {logging_mixin.py:188} INFO - [2026-05-16T10:35:11.184+0000] {dag.py:3947} INFO - Setting next_dagrun for example_sensors to None, run_after=None
[2026-05-16T10:35:11.190+0000] {processor.py:183} INFO - Processing /home/airflow/.local/lib/python3.12/site-packages/airflow/example_dags/example_sensors.py took 0.025 seconds
[2026-05-16T10:35:41.492+0000] {processor.py:161} INFO - Started process (PID=2579) to work on /home/airflow/.local/lib/python3.12/site-packages/airflow/example_dags/example_sensors.py
[2026-05-16T10:35:41.492+0000] {processor.py:830} INFO - Processing file /home/airflow/.local/lib/python3.12/site-packages/airflow/example_dags/example_sensors.py for tasks to queue
[2026-05-16T10:35:41.493+0000] {logging_mixin.py:188} INFO - [2026-05-16T10:35:41.493+0000] {dagbag.py:545} INFO - Filling up the DagBag from /home/airflow/.local/lib/python3.12/site-packages/airflow/example_dags/example_sensors.py
[2026-05-16T10:35:41.497+0000] {processor.py:840} INFO - DAG(s) 'example_sensors' retrieved from /home/airflow/.local/lib/python3.12/site-packages/airflow/example_dags/example_sensors.py
[2026-05-16T10:35:41.508+0000] {logging_mixin.py:188} INFO - [2026-05-16T10:35:41.508+0000] {dag.py:3089} INFO - Sync 1 DAGs
[2026-05-16T10:35:41.512+0000] {logging_mixin.py:188} INFO - [2026-05-16T10:35:41.512+0000] {dag.py:3947} INFO - Setting next_dagrun for example_sensors to None, run_after=None
[2026-05-16T10:35:41.518+0000] {processor.py:183} INFO - Processing /home/airflow/.local/lib/python3.12/site-packages/airflow/example_dags/example_sensors.py took 0.028 seconds
[2026-05-16T10:36:11.802+0000] {processor.py:161} INFO - Started process (PID=2637) to work on /home/airflow/.local/lib/python3.12/site-packages/airflow/example_dags/example_sensors.py
[2026-05-16T10:36:11.802+0000] {processor.py:830} INFO - Processing file /home/airflow/.local/lib/python3.12/site-packages/airflow/example_dags/example_sensors.py for tasks to queue
[2026-05-16T10:36:11.803+0000] {logging_mixin.py:188} INFO - [2026-05-16T10:36:11.803+0000] {dagbag.py:545} INFO - Filling up the DagBag from /home/airflow/.local/lib/python3.12/site-packages/airflow/example_dags/example_sensors.py
[2026-05-16T10:36:11.806+0000] {processor.py:840} INFO - DAG(s) 'example_sensors' retrieved from /home/airflow/.local/lib/python3.12/site-packages/airflow/example_dags/example_sensors.py
[2026-05-16T10:36:11.814+0000] {logging_mixin.py:188} INFO - [2026-05-16T10:36:11.814+0000] {dag.py:3089} INFO - Sync 1 DAGs
[2026-05-16T10:36:11.818+0000] {logging_mixin.py:188} INFO - [2026-05-16T10:36:11.818+0000] {dag.py:3947} INFO - Setting next_dagrun for example_sensors to None, run_after=None
[2026-05-16T10:36:11.823+0000] {processor.py:183} INFO - Processing /home/airflow/.local/lib/python3.12/site-packages/airflow/example_dags/example_sensors.py took 0.023 seconds
[2026-05-16T10:36:41.989+0000] {processor.py:161} INFO - Started process (PID=2695) to work on /home/airflow/.local/lib/python3.12/site-packages/airflow/example_dags/example_sensors.py
[2026-05-16T10:36:41.989+0000] {processor.py:830} INFO - Processing file /home/airflow/.local/lib/python3.12/site-packages/airflow/example_dags/example_sensors.py for tasks to queue
[2026-05-16T10:36:41.989+0000] {logging_mixin.py:188} INFO - [2026-05-16T10:36:41.989+0000] {dagbag.py:545} INFO - Filling up the DagBag from /home/airflow/.local/lib/python3.12/site-packages/airflow/example_dags/example_sensors.py
[2026-05-16T10:36:41.993+0000] {processor.py:840} INFO - DAG(s) 'example_sensors' retrieved from /home/airflow/.local/lib/python3.12/site-packages/airflow/example_dags/example_sensors.py
[2026-05-16T10:36:42.002+0000] {logging_mixin.py:188} INFO - [2026-05-16T10:36:42.002+0000] {dag.py:3089} INFO - Sync 1 DAGs
[2026-05-16T10:36:42.006+0000] {logging_mixin.py:188} INFO - [2026-05-16T10:36:42.006+0000] {dag.py:3947} INFO - Setting next_dagrun for example_sensors to None, run_after=None
[2026-05-16T10:36:42.013+0000] {processor.py:183} INFO - Processing /home/airflow/.local/lib/python3.12/site-packages/airflow/example_dags/example_sensors.py took 0.027 seconds
[2026-05-16T10:37:12.277+0000] {processor.py:161} INFO - Started process (PID=2753) to work on /home/airflow/.local/lib/python3.12/site-packages/airflow/example_dags/example_sensors.py
[2026-05-16T10:37:12.277+0000] {processor.py:830} INFO - Processing file /home/airflow/.local/lib/python3.12/site-packages/airflow/example_dags/example_sensors.py for tasks to queue
[2026-05-16T10:37:12.278+0000] {logging_mixin.py:188} INFO - [2026-05-16T10:37:12.277+0000] {dagbag.py:545} INFO - Filling up the DagBag from /home/airflow/.local/lib/python3.12/site-packages/airflow/example_dags/example_sensors.py
[2026-05-16T10:37:12.281+0000] {processor.py:840} INFO - DAG(s) 'example_sensors' retrieved from /home/airflow/.local/lib/python3.12/site-packages/airflow/example_dags/example_sensors.py
[2026-05-16T10:37:12.292+0000] {logging_mixin.py:188} INFO - [2026-05-16T10:37:12.292+0000] {dag.py:3089} INFO - Sync 1 DAGs
[2026-05-16T10:37:12.296+0000] {logging_mixin.py:188} INFO - [2026-05-16T10:37:12.296+0000] {dag.py:3947} INFO - Setting next_dagrun for example_sensors to None, run_after=None
[2026-05-16T10:37:12.301+0000] {processor.py:183} INFO - Processing /home/airflow/.local/lib/python3.12/site-packages/airflow/example_dags/example_sensors.py took 0.026 seconds
[2026-05-16T10:37:42.616+0000] {processor.py:161} INFO - Started process (PID=2811) to work on /home/airflow/.local/lib/python3.12/site-packages/airflow/example_dags/example_sensors.py
[2026-05-16T10:37:42.616+0000] {processor.py:830} INFO - Processing file /home/airflow/.local/lib/python3.12/site-packages/airflow/example_dags/example_sensors.py for tasks to queue
[2026-05-16T10:37:42.616+0000] {logging_mixin.py:188} INFO - [2026-05-16T10:37:42.616+0000] {dagbag.py:545} INFO - Filling up the DagBag from /home/airflow/.local/lib/python3.12/site-packages/airflow/example_dags/example_sensors.py
[2026-05-16T10:37:42.620+0000] {processor.py:840} INFO - DAG(s) 'example_sensors' retrieved from /home/airflow/.local/lib/python3.12/site-packages/airflow/example_dags/example_sensors.py
[2026-05-16T10:37:42.627+0000] {logging_mixin.py:188} INFO - [2026-05-16T10:37:42.627+0000] {dag.py:3089} INFO - Sync 1 DAGs
[2026-05-16T10:37:42.631+0000] {logging_mixin.py:188} INFO - [2026-05-16T10:37:42.631+0000] {dag.py:3947} INFO - Setting next_dagrun for example_sensors to None, run_after=None
[2026-05-16T10:37:42.636+0000] {processor.py:183} INFO - Processing /home/airflow/.local/lib/python3.12/site-packages/airflow/example_dags/example_sensors.py took 0.022 seconds
[2026-05-16T10:38:13.288+0000] {processor.py:161} INFO - Started process (PID=2870) to work on /home/airflow/.local/lib/python3.12/site-packages/airflow/example_dags/example_sensors.py
[2026-05-16T10:38:13.288+0000] {processor.py:830} INFO - Processing file /home/airflow/.local/lib/python3.12/site-packages/airflow/example_dags/example_sensors.py for tasks to queue
[2026-05-16T10:38:13.288+0000] {logging_mixin.py:188} INFO - [2026-05-16T10:38:13.288+0000] {dagbag.py:545} INFO - Filling up the DagBag from /home/airflow/.local/lib/python3.12/site-packages/airflow/example_dags/example_sensors.py
[2026-05-16T10:38:13.292+0000] {processor.py:840} INFO - DAG(s) 'example_sensors' retrieved from /home/airflow/.local/lib/python3.12/site-packages/airflow/example_dags/example_sensors.py
[2026-05-16T10:38:13.301+0000] {logging_mixin.py:188} INFO - [2026-05-16T10:38:13.301+0000] {dag.py:3089} INFO - Sync 1 DAGs
[2026-05-16T10:38:13.305+0000] {logging_mixin.py:188} INFO - [2026-05-16T10:38:13.305+0000] {dag.py:3947} INFO - Setting next_dagrun for example_sensors to None, run_after=None
[2026-05-16T10:38:13.310+0000] {processor.py:183} INFO - Processing /home/airflow/.local/lib/python3.12/site-packages/airflow/example_dags/example_sensors.py took 0.024 seconds
[2026-05-16T10:38:43.730+0000] {processor.py:161} INFO - Started process (PID=2928) to work on /home/airflow/.local/lib/python3.12/site-packages/airflow/example_dags/example_sensors.py
[2026-05-16T10:38:43.730+0000] {processor.py:830} INFO - Processing file /home/airflow/.local/lib/python3.12/site-packages/airflow/example_dags/example_sensors.py for tasks to queue
[2026-05-16T10:38:43.730+0000] {logging_mixin.py:188} INFO - [2026-05-16T10:38:43.730+0000] {dagbag.py:545} INFO - Filling up the DagBag from /home/airflow/.local/lib/python3.12/site-packages/airflow/example_dags/example_sensors.py
[2026-05-16T10:38:43.734+0000] {processor.py:840} INFO - DAG(s) 'example_sensors' retrieved from /home/airflow/.local/lib/python3.12/site-packages/airflow/example_dags/example_sensors.py
[2026-05-16T10:38:43.742+0000] {logging_mixin.py:188} INFO - [2026-05-16T10:38:43.742+0000] {dag.py:3089} INFO - Sync 1 DAGs
[2026-05-16T10:38:43.748+0000] {logging_mixin.py:188} INFO - [2026-05-16T10:38:43.748+0000] {dag.py:3947} INFO - Setting next_dagrun for example_sensors to None, run_after=None
[2026-05-16T10:38:43.753+0000] {processor.py:183} INFO - Processing /home/airflow/.local/lib/python3.12/site-packages/airflow/example_dags/example_sensors.py took 0.025 seconds
[2026-05-16T10:39:14.141+0000] {processor.py:161} INFO - Started process (PID=2986) to work on /home/airflow/.local/lib/python3.12/site-packages/airflow/example_dags/example_sensors.py
[2026-05-16T10:39:14.141+0000] {processor.py:830} INFO - Processing file /home/airflow/.local/lib/python3.12/site-packages/airflow/example_dags/example_sensors.py for tasks to queue
[2026-05-16T10:39:14.142+0000] {logging_mixin.py:188} INFO - [2026-05-16T10:39:14.142+0000] {dagbag.py:545} INFO - Filling up the DagBag from /home/airflow/.local/lib/python3.12/site-packages/airflow/example_dags/example_sensors.py
[2026-05-16T10:39:14.146+0000] {processor.py:840} INFO - DAG(s) 'example_sensors' retrieved from /home/airflow/.local/lib/python3.12/site-packages/airflow/example_dags/example_sensors.py
[2026-05-16T10:39:14.153+0000] {logging_mixin.py:188} INFO - [2026-05-16T10:39:14.153+0000] {dag.py:3089} INFO - Sync 1 DAGs
[2026-05-16T10:39:14.157+0000] {logging_mixin.py:188} INFO - [2026-05-16T10:39:14.157+0000] {dag.py:3947} INFO - Setting next_dagrun for example_sensors to None, run_after=None
[2026-05-16T10:39:14.162+0000] {processor.py:183} INFO - Processing /home/airflow/.local/lib/python3.12/site-packages/airflow/example_dags/example_sensors.py took 0.023 seconds
[2026-05-16T10:39:44.798+0000] {processor.py:161} INFO - Started process (PID=3044) to work on /home/airflow/.local/lib/python3.12/site-packages/airflow/example_dags/example_sensors.py
[2026-05-16T10:39:44.798+0000] {processor.py:830} INFO - Processing file /home/airflow/.local/lib/python3.12/site-packages/airflow/example_dags/example_sensors.py for tasks to queue
[2026-05-16T10:39:44.798+0000] {logging_mixin.py:188} INFO - [2026-05-16T10:39:44.798+0000] {dagbag.py:545} INFO - Filling up the DagBag from /home/airflow/.local/lib/python3.12/site-packages/airflow/example_dags/example_sensors.py
[2026-05-16T10:39:44.802+0000] {processor.py:840} INFO - DAG(s) 'example_sensors' retrieved from /home/airflow/.local/lib/python3.12/site-packages/airflow/example_dags/example_sensors.py
[2026-05-16T10:39:44.811+0000] {logging_mixin.py:188} INFO - [2026-05-16T10:39:44.811+0000] {dag.py:3089} INFO - Sync 1 DAGs
[2026-05-16T10:39:44.815+0000] {logging_mixin.py:188} INFO - [2026-05-16T10:39:44.815+0000] {dag.py:3947} INFO - Setting next_dagrun for example_sensors to None, run_after=None
[2026-05-16T10:39:44.820+0000] {processor.py:183} INFO - Processing /home/airflow/.local/lib/python3.12/site-packages/airflow/example_dags/example_sensors.py took 0.025 seconds
[2026-05-16T10:40:15.509+0000] {processor.py:161} INFO - Started process (PID=3101) to work on /home/airflow/.local/lib/python3.12/site-packages/airflow/example_dags/example_sensors.py
[2026-05-16T10:40:15.515+0000] {processor.py:830} INFO - Processing file /home/airflow/.local/lib/python3.12/site-packages/airflow/example_dags/example_sensors.py for tasks to queue
[2026-05-16T10:40:15.515+0000] {logging_mixin.py:188} INFO - [2026-05-16T10:40:15.515+0000] {dagbag.py:545} INFO - Filling up the DagBag from /home/airflow/.local/lib/python3.12/site-packages/airflow/example_dags/example_sensors.py
[2026-05-16T10:40:15.527+0000] {processor.py:840} INFO - DAG(s) 'example_sensors' retrieved from /home/airflow/.local/lib/python3.12/site-packages/airflow/example_dags/example_sensors.py
[2026-05-16T10:40:15.549+0000] {logging_mixin.py:188} INFO - [2026-05-16T10:40:15.549+0000] {dag.py:3089} INFO - Sync 1 DAGs
[2026-05-16T10:40:15.556+0000] {logging_mixin.py:188} INFO - [2026-05-16T10:40:15.556+0000] {dag.py:3947} INFO - Setting next_dagrun for example_sensors to None, run_after=None
[2026-05-16T10:40:15.563+0000] {processor.py:183} INFO - Processing /home/airflow/.local/lib/python3.12/site-packages/airflow/example_dags/example_sensors.py took 0.060 seconds
[2026-05-16T10:40:45.830+0000] {processor.py:161} INFO - Started process (PID=3159) to work on /home/airflow/.local/lib/python3.12/site-packages/airflow/example_dags/example_sensors.py
[2026-05-16T10:40:45.830+0000] {processor.py:830} INFO - Processing file /home/airflow/.local/lib/python3.12/site-packages/airflow/example_dags/example_sensors.py for tasks to queue
[2026-05-16T10:40:45.831+0000] {logging_mixin.py:188} INFO - [2026-05-16T10:40:45.830+0000] {dagbag.py:545} INFO - Filling up the DagBag from /home/airflow/.local/lib/python3.12/site-packages/airflow/example_dags/example_sensors.py
[2026-05-16T10:40:45.835+0000] {processor.py:840} INFO - DAG(s) 'example_sensors' retrieved from /home/airflow/.local/lib/python3.12/site-packages/airflow/example_dags/example_sensors.py
[2026-05-16T10:40:45.845+0000] {logging_mixin.py:188} INFO - [2026-05-16T10:40:45.845+0000] {dag.py:3089} INFO - Sync 1 DAGs
[2026-05-16T10:40:45.850+0000] {logging_mixin.py:188} INFO - [2026-05-16T10:40:45.850+0000] {dag.py:3947} INFO - Setting next_dagrun for example_sensors to None, run_after=None
[2026-05-16T10:40:45.860+0000] {processor.py:183} INFO - Processing /home/airflow/.local/lib/python3.12/site-packages/airflow/example_dags/example_sensors.py took 0.035 seconds
[2026-05-16T10:41:16.223+0000] {processor.py:161} INFO - Started process (PID=3217) to work on /home/airflow/.local/lib/python3.12/site-packages/airflow/example_dags/example_sensors.py
[2026-05-16T10:41:16.223+0000] {processor.py:830} INFO - Processing file /home/airflow/.local/lib/python3.12/site-packages/airflow/example_dags/example_sensors.py for tasks to queue
[2026-05-16T10:41:16.224+0000] {logging_mixin.py:188} INFO - [2026-05-16T10:41:16.224+0000] {dagbag.py:545} INFO - Filling up the DagBag from /home/airflow/.local/lib/python3.12/site-packages/airflow/example_dags/example_sensors.py
[2026-05-16T10:41:16.227+0000] {processor.py:840} INFO - DAG(s) 'example_sensors' retrieved from /home/airflow/.local/lib/python3.12/site-packages/airflow/example_dags/example_sensors.py
[2026-05-16T10:41:16.237+0000] {logging_mixin.py:188} INFO - [2026-05-16T10:41:16.237+0000] {dag.py:3089} INFO - Sync 1 DAGs
[2026-05-16T10:41:16.242+0000] {logging_mixin.py:188} INFO - [2026-05-16T10:41:16.242+0000] {dag.py:3947} INFO - Setting next_dagrun for example_sensors to None, run_after=None
[2026-05-16T10:41:16.246+0000] {processor.py:183} INFO - Processing /home/airflow/.local/lib/python3.12/site-packages/airflow/example_dags/example_sensors.py took 0.026 seconds
[2026-05-16T10:41:46.575+0000] {processor.py:161} INFO - Started process (PID=3275) to work on /home/airflow/.local/lib/python3.12/site-packages/airflow/example_dags/example_sensors.py
[2026-05-16T10:41:46.576+0000] {processor.py:830} INFO - Processing file /home/airflow/.local/lib/python3.12/site-packages/airflow/example_dags/example_sensors.py for tasks to queue
[2026-05-16T10:41:46.576+0000] {logging_mixin.py:188} INFO - [2026-05-16T10:41:46.576+0000] {dagbag.py:545} INFO - Filling up the DagBag from /home/airflow/.local/lib/python3.12/site-packages/airflow/example_dags/example_sensors.py
[2026-05-16T10:41:46.581+0000] {processor.py:840} INFO - DAG(s) 'example_sensors' retrieved from /home/airflow/.local/lib/python3.12/site-packages/airflow/example_dags/example_sensors.py
[2026-05-16T10:41:46.591+0000] {logging_mixin.py:188} INFO - [2026-05-16T10:41:46.591+0000] {dag.py:3089} INFO - Sync 1 DAGs
[2026-05-16T10:41:46.595+0000] {logging_mixin.py:188} INFO - [2026-05-16T10:41:46.595+0000] {dag.py:3947} INFO - Setting next_dagrun for example_sensors to None, run_after=None
[2026-05-16T10:41:46.600+0000] {processor.py:183} INFO - Processing /home/airflow/.local/lib/python3.12/site-packages/airflow/example_dags/example_sensors.py took 0.027 seconds
[2026-05-16T10:42:17.010+0000] {processor.py:161} INFO - Started process (PID=3333) to work on /home/airflow/.local/lib/python3.12/site-packages/airflow/example_dags/example_sensors.py
[2026-05-16T10:42:17.011+0000] {processor.py:830} INFO - Processing file /home/airflow/.local/lib/python3.12/site-packages/airflow/example_dags/example_sensors.py for tasks to queue
[2026-05-16T10:42:17.011+0000] {logging_mixin.py:188} INFO - [2026-05-16T10:42:17.011+0000] {dagbag.py:545} INFO - Filling up the DagBag from /home/airflow/.local/lib/python3.12/site-packages/airflow/example_dags/example_sensors.py
[2026-05-16T10:42:17.015+0000] {processor.py:840} INFO - DAG(s) 'example_sensors' retrieved from /home/airflow/.local/lib/python3.12/site-packages/airflow/example_dags/example_sensors.py
[2026-05-16T10:42:17.025+0000] {logging_mixin.py:188} INFO - [2026-05-16T10:42:17.025+0000] {dag.py:3089} INFO - Sync 1 DAGs
[2026-05-16T10:42:17.029+0000] {logging_mixin.py:188} INFO - [2026-05-16T10:42:17.029+0000] {dag.py:3947} INFO - Setting next_dagrun for example_sensors to None, run_after=None
[2026-05-16T10:42:17.035+0000] {processor.py:183} INFO - Processing /home/airflow/.local/lib/python3.12/site-packages/airflow/example_dags/example_sensors.py took 0.028 seconds
[2026-05-16T10:42:47.406+0000] {processor.py:161} INFO - Started process (PID=3391) to work on /home/airflow/.local/lib/python3.12/site-packages/airflow/example_dags/example_sensors.py
[2026-05-16T10:42:47.407+0000] {processor.py:830} INFO - Processing file /home/airflow/.local/lib/python3.12/site-packages/airflow/example_dags/example_sensors.py for tasks to queue
[2026-05-16T10:42:47.407+0000] {logging_mixin.py:188} INFO - [2026-05-16T10:42:47.407+0000] {dagbag.py:545} INFO - Filling up the DagBag from /home/airflow/.local/lib/python3.12/site-packages/airflow/example_dags/example_sensors.py
[2026-05-16T10:42:47.411+0000] {processor.py:840} INFO - DAG(s) 'example_sensors' retrieved from /home/airflow/.local/lib/python3.12/site-packages/airflow/example_dags/example_sensors.py
[2026-05-16T10:42:47.421+0000] {logging_mixin.py:188} INFO - [2026-05-16T10:42:47.421+0000] {dag.py:3089} INFO - Sync 1 DAGs
[2026-05-16T10:42:47.425+0000] {logging_mixin.py:188} INFO - [2026-05-16T10:42:47.425+0000] {dag.py:3947} INFO - Setting next_dagrun for example_sensors to None, run_after=None
[2026-05-16T10:42:47.430+0000] {processor.py:183} INFO - Processing /home/airflow/.local/lib/python3.12/site-packages/airflow/example_dags/example_sensors.py took 0.026 seconds
[2026-05-16T10:43:17.806+0000] {processor.py:161} INFO - Started process (PID=3449) to work on /home/airflow/.local/lib/python3.12/site-packages/airflow/example_dags/example_sensors.py
[2026-05-16T10:43:17.807+0000] {processor.py:830} INFO - Processing file /home/airflow/.local/lib/python3.12/site-packages/airflow/example_dags/example_sensors.py for tasks to queue
[2026-05-16T10:43:17.807+0000] {logging_mixin.py:188} INFO - [2026-05-16T10:43:17.807+0000] {dagbag.py:545} INFO - Filling up the DagBag from /home/airflow/.local/lib/python3.12/site-packages/airflow/example_dags/example_sensors.py
[2026-05-16T10:43:17.811+0000] {processor.py:840} INFO - DAG(s) 'example_sensors' retrieved from /home/airflow/.local/lib/python3.12/site-packages/airflow/example_dags/example_sensors.py
[2026-05-16T10:43:17.821+0000] {logging_mixin.py:188} INFO - [2026-05-16T10:43:17.821+0000] {dag.py:3089} INFO - Sync 1 DAGs
[2026-05-16T10:43:17.826+0000] {logging_mixin.py:188} INFO - [2026-05-16T10:43:17.826+0000] {dag.py:3947} INFO - Setting next_dagrun for example_sensors to None, run_after=None
[2026-05-16T10:43:17.832+0000] {processor.py:183} INFO - Processing /home/airflow/.local/lib/python3.12/site-packages/airflow/example_dags/example_sensors.py took 0.029 seconds
[2026-05-16T10:43:48.148+0000] {processor.py:161} INFO - Started process (PID=3507) to work on /home/airflow/.local/lib/python3.12/site-packages/airflow/example_dags/example_sensors.py
[2026-05-16T10:43:48.149+0000] {processor.py:830} INFO - Processing file /home/airflow/.local/lib/python3.12/site-packages/airflow/example_dags/example_sensors.py for tasks to queue
[2026-05-16T10:43:48.149+0000] {logging_mixin.py:188} INFO - [2026-05-16T10:43:48.149+0000] {dagbag.py:545} INFO - Filling up the DagBag from /home/airflow/.local/lib/python3.12/site-packages/airflow/example_dags/example_sensors.py
[2026-05-16T10:43:48.153+0000] {processor.py:840} INFO - DAG(s) 'example_sensors' retrieved from /home/airflow/.local/lib/python3.12/site-packages/airflow/example_dags/example_sensors.py
[2026-05-16T10:43:48.162+0000] {logging_mixin.py:188} INFO - [2026-05-16T10:43:48.162+0000] {dag.py:3089} INFO - Sync 1 DAGs
[2026-05-16T10:43:48.166+0000] {logging_mixin.py:188} INFO - [2026-05-16T10:43:48.166+0000] {dag.py:3947} INFO - Setting next_dagrun for example_sensors to None, run_after=None
[2026-05-16T10:43:48.171+0000] {processor.py:183} INFO - Processing /home/airflow/.local/lib/python3.12/site-packages/airflow/example_dags/example_sensors.py took 0.025 seconds
[2026-05-16T10:44:18.537+0000] {processor.py:161} INFO - Started process (PID=3565) to work on /home/airflow/.local/lib/python3.12/site-packages/airflow/example_dags/example_sensors.py
[2026-05-16T10:44:18.537+0000] {processor.py:830} INFO - Processing file /home/airflow/.local/lib/python3.12/site-packages/airflow/example_dags/example_sensors.py for tasks to queue
[2026-05-16T10:44:18.537+0000] {logging_mixin.py:188} INFO - [2026-05-16T10:44:18.537+0000] {dagbag.py:545} INFO - Filling up the DagBag from /home/airflow/.local/lib/python3.12/site-packages/airflow/example_dags/example_sensors.py
[2026-05-16T10:44:18.541+0000] {processor.py:840} INFO - DAG(s) 'example_sensors' retrieved from /home/airflow/.local/lib/python3.12/site-packages/airflow/example_dags/example_sensors.py
[2026-05-16T10:44:18.553+0000] {logging_mixin.py:188} INFO - [2026-05-16T10:44:18.553+0000] {dag.py:3089} INFO - Sync 1 DAGs
[2026-05-16T10:44:18.557+0000] {logging_mixin.py:188} INFO - [2026-05-16T10:44:18.557+0000] {dag.py:3947} INFO - Setting next_dagrun for example_sensors to None, run_after=None
[2026-05-16T10:44:18.563+0000] {processor.py:183} INFO - Processing /home/airflow/.local/lib/python3.12/site-packages/airflow/example_dags/example_sensors.py took 0.032 seconds
[2026-05-16T10:44:48.918+0000] {processor.py:161} INFO - Started process (PID=3623) to work on /home/airflow/.local/lib/python3.12/site-packages/airflow/example_dags/example_sensors.py
[2026-05-16T10:44:48.919+0000] {processor.py:830} INFO - Processing file /home/airflow/.local/lib/python3.12/site-packages/airflow/example_dags/example_sensors.py for tasks to queue
[2026-05-16T10:44:48.919+0000] {logging_mixin.py:188} INFO - [2026-05-16T10:44:48.919+0000] {dagbag.py:545} INFO - Filling up the DagBag from /home/airflow/.local/lib/python3.12/site-packages/airflow/example_dags/example_sensors.py
[2026-05-16T10:44:48.924+0000] {processor.py:840} INFO - DAG(s) 'example_sensors' retrieved from /home/airflow/.local/lib/python3.12/site-packages/airflow/example_dags/example_sensors.py
[2026-05-16T10:44:48.934+0000] {logging_mixin.py:188} INFO - [2026-05-16T10:44:48.934+0000] {dag.py:3089} INFO - Sync 1 DAGs
[2026-05-16T10:44:48.938+0000] {logging_mixin.py:188} INFO - [2026-05-16T10:44:48.938+0000] {dag.py:3947} INFO - Setting next_dagrun for example_sensors to None, run_after=None
[2026-05-16T10:44:48.945+0000] {processor.py:183} INFO - Processing /home/airflow/.local/lib/python3.12/site-packages/airflow/example_dags/example_sensors.py took 0.029 seconds
[2026-05-16T10:45:19.326+0000] {processor.py:161} INFO - Started process (PID=3681) to work on /home/airflow/.local/lib/python3.12/site-packages/airflow/example_dags/example_sensors.py
[2026-05-16T10:45:19.327+0000] {processor.py:830} INFO - Processing file /home/airflow/.local/lib/python3.12/site-packages/airflow/example_dags/example_sensors.py for tasks to queue
[2026-05-16T10:45:19.327+0000] {logging_mixin.py:188} INFO - [2026-05-16T10:45:19.327+0000] {dagbag.py:545} INFO - Filling up the DagBag from /home/airflow/.local/lib/python3.12/site-packages/airflow/example_dags/example_sensors.py
[2026-05-16T10:45:19.332+0000] {processor.py:840} INFO - DAG(s) 'example_sensors' retrieved from /home/airflow/.local/lib/python3.12/site-packages/airflow/example_dags/example_sensors.py
[2026-05-16T10:45:19.346+0000] {logging_mixin.py:188} INFO - [2026-05-16T10:45:19.346+0000] {dag.py:3089} INFO - Sync 1 DAGs
[2026-05-16T10:45:19.351+0000] {logging_mixin.py:188} INFO - [2026-05-16T10:45:19.351+0000] {dag.py:3947} INFO - Setting next_dagrun for example_sensors to None, run_after=None
[2026-05-16T10:45:19.360+0000] {processor.py:183} INFO - Processing /home/airflow/.local/lib/python3.12/site-packages/airflow/example_dags/example_sensors.py took 0.036 seconds
[2026-05-16T10:45:49.648+0000] {processor.py:161} INFO - Started process (PID=3739) to work on /home/airflow/.local/lib/python3.12/site-packages/airflow/example_dags/example_sensors.py
[2026-05-16T10:45:49.648+0000] {processor.py:830} INFO - Processing file /home/airflow/.local/lib/python3.12/site-packages/airflow/example_dags/example_sensors.py for tasks to queue
[2026-05-16T10:45:49.648+0000] {logging_mixin.py:188} INFO - [2026-05-16T10:45:49.648+0000] {dagbag.py:545} INFO - Filling up the DagBag from /home/airflow/.local/lib/python3.12/site-packages/airflow/example_dags/example_sensors.py
[2026-05-16T10:45:49.651+0000] {processor.py:840} INFO - DAG(s) 'example_sensors' retrieved from /home/airflow/.local/lib/python3.12/site-packages/airflow/example_dags/example_sensors.py
[2026-05-16T10:45:49.659+0000] {logging_mixin.py:188} INFO - [2026-05-16T10:45:49.659+0000] {dag.py:3089} INFO - Sync 1 DAGs
[2026-05-16T10:45:49.663+0000] {logging_mixin.py:188} INFO - [2026-05-16T10:45:49.663+0000] {dag.py:3947} INFO - Setting next_dagrun for example_sensors to None, run_after=None
[2026-05-16T10:45:49.667+0000] {processor.py:183} INFO - Processing /home/airflow/.local/lib/python3.12/site-packages/airflow/example_dags/example_sensors.py took 0.022 seconds
[2026-05-16T10:46:19.969+0000] {processor.py:161} INFO - Started process (PID=3797) to work on /home/airflow/.local/lib/python3.12/site-packages/airflow/example_dags/example_sensors.py
[2026-05-16T10:46:19.970+0000] {processor.py:830} INFO - Processing file /home/airflow/.local/lib/python3.12/site-packages/airflow/example_dags/example_sensors.py for tasks to queue
[2026-05-16T10:46:19.970+0000] {logging_mixin.py:188} INFO - [2026-05-16T10:46:19.970+0000] {dagbag.py:545} INFO - Filling up the DagBag from /home/airflow/.local/lib/python3.12/site-packages/airflow/example_dags/example_sensors.py
[2026-05-16T10:46:19.973+0000] {processor.py:840} INFO - DAG(s) 'example_sensors' retrieved from /home/airflow/.local/lib/python3.12/site-packages/airflow/example_dags/example_sensors.py
[2026-05-16T10:46:19.982+0000] {logging_mixin.py:188} INFO - [2026-05-16T10:46:19.981+0000] {dag.py:3089} INFO - Sync 1 DAGs
[2026-05-16T10:46:19.986+0000] {logging_mixin.py:188} INFO - [2026-05-16T10:46:19.986+0000] {dag.py:3947} INFO - Setting next_dagrun for example_sensors to None, run_after=None
[2026-05-16T10:46:19.991+0000] {processor.py:183} INFO - Processing /home/airflow/.local/lib/python3.12/site-packages/airflow/example_dags/example_sensors.py took 0.024 seconds
[2026-05-16T10:46:50.261+0000] {processor.py:161} INFO - Started process (PID=3855) to work on /home/airflow/.local/lib/python3.12/site-packages/airflow/example_dags/example_sensors.py
[2026-05-16T10:46:50.262+0000] {processor.py:830} INFO - Processing file /home/airflow/.local/lib/python3.12/site-packages/airflow/example_dags/example_sensors.py for tasks to queue
[2026-05-16T10:46:50.262+0000] {logging_mixin.py:188} INFO - [2026-05-16T10:46:50.262+0000] {dagbag.py:545} INFO - Filling up the DagBag from /home/airflow/.local/lib/python3.12/site-packages/airflow/example_dags/example_sensors.py
[2026-05-16T10:46:50.266+0000] {processor.py:840} INFO - DAG(s) 'example_sensors' retrieved from /home/airflow/.local/lib/python3.12/site-packages/airflow/example_dags/example_sensors.py
[2026-05-16T10:46:50.273+0000] {logging_mixin.py:188} INFO - [2026-05-16T10:46:50.273+0000] {dag.py:3089} INFO - Sync 1 DAGs
[2026-05-16T10:46:50.277+0000] {logging_mixin.py:188} INFO - [2026-05-16T10:46:50.277+0000] {dag.py:3947} INFO - Setting next_dagrun for example_sensors to None, run_after=None
[2026-05-16T10:46:50.283+0000] {processor.py:183} INFO - Processing /home/airflow/.local/lib/python3.12/site-packages/airflow/example_dags/example_sensors.py took 0.024 seconds
[2026-05-16T10:47:21.031+0000] {processor.py:161} INFO - Started process (PID=3913) to work on /home/airflow/.local/lib/python3.12/site-packages/airflow/example_dags/example_sensors.py
[2026-05-16T10:47:21.031+0000] {processor.py:830} INFO - Processing file /home/airflow/.local/lib/python3.12/site-packages/airflow/example_dags/example_sensors.py for tasks to queue
[2026-05-16T10:47:21.032+0000] {logging_mixin.py:188} INFO - [2026-05-16T10:47:21.032+0000] {dagbag.py:545} INFO - Filling up the DagBag from /home/airflow/.local/lib/python3.12/site-packages/airflow/example_dags/example_sensors.py
[2026-05-16T10:47:21.035+0000] {processor.py:840} INFO - DAG(s) 'example_sensors' retrieved from /home/airflow/.local/lib/python3.12/site-packages/airflow/example_dags/example_sensors.py
[2026-05-16T10:47:21.044+0000] {logging_mixin.py:188} INFO - [2026-05-16T10:47:21.044+0000] {dag.py:3089} INFO - Sync 1 DAGs
[2026-05-16T10:47:21.049+0000] {logging_mixin.py:188} INFO - [2026-05-16T10:47:21.048+0000] {dag.py:3947} INFO - Setting next_dagrun for example_sensors to None, run_after=None
[2026-05-16T10:47:21.054+0000] {processor.py:183} INFO - Processing /home/airflow/.local/lib/python3.12/site-packages/airflow/example_dags/example_sensors.py took 0.025 seconds
[2026-05-16T10:47:51.414+0000] {processor.py:161} INFO - Started process (PID=3972) to work on /home/airflow/.local/lib/python3.12/site-packages/airflow/example_dags/example_sensors.py
[2026-05-16T10:47:51.415+0000] {processor.py:830} INFO - Processing file /home/airflow/.local/lib/python3.12/site-packages/airflow/example_dags/example_sensors.py for tasks to queue
[2026-05-16T10:47:51.415+0000] {logging_mixin.py:188} INFO - [2026-05-16T10:47:51.415+0000] {dagbag.py:545} INFO - Filling up the DagBag from /home/airflow/.local/lib/python3.12/site-packages/airflow/example_dags/example_sensors.py
[2026-05-16T10:47:51.419+0000] {processor.py:840} INFO - DAG(s) 'example_sensors' retrieved from /home/airflow/.local/lib/python3.12/site-packages/airflow/example_dags/example_sensors.py
[2026-05-16T10:47:51.426+0000] {logging_mixin.py:188} INFO - [2026-05-16T10:47:51.426+0000] {dag.py:3089} INFO - Sync 1 DAGs
[2026-05-16T10:47:51.431+0000] {logging_mixin.py:188} INFO - [2026-05-16T10:47:51.431+0000] {dag.py:3947} INFO - Setting next_dagrun for example_sensors to None, run_after=None
[2026-05-16T10:47:51.435+0000] {processor.py:183} INFO - Processing /home/airflow/.local/lib/python3.12/site-packages/airflow/example_dags/example_sensors.py took 0.023 seconds
[2026-05-16T10:48:21.758+0000] {processor.py:161} INFO - Started process (PID=4031) to work on /home/airflow/.local/lib/python3.12/site-packages/airflow/example_dags/example_sensors.py
[2026-05-16T10:48:21.761+0000] {processor.py:830} INFO - Processing file /home/airflow/.local/lib/python3.12/site-packages/airflow/example_dags/example_sensors.py for tasks to queue
[2026-05-16T10:48:21.761+0000] {logging_mixin.py:188} INFO - [2026-05-16T10:48:21.761+0000] {dagbag.py:545} INFO - Filling up the DagBag from /home/airflow/.local/lib/python3.12/site-packages/airflow/example_dags/example_sensors.py
[2026-05-16T10:48:21.774+0000] {processor.py:840} INFO - DAG(s) 'example_sensors' retrieved from /home/airflow/.local/lib/python3.12/site-packages/airflow/example_dags/example_sensors.py
[2026-05-16T10:48:21.797+0000] {logging_mixin.py:188} INFO - [2026-05-16T10:48:21.797+0000] {dag.py:3089} INFO - Sync 1 DAGs
[2026-05-16T10:48:21.806+0000] {logging_mixin.py:188} INFO - [2026-05-16T10:48:21.806+0000] {dag.py:3947} INFO - Setting next_dagrun for example_sensors to None, run_after=None
[2026-05-16T10:48:21.819+0000] {processor.py:183} INFO - Processing /home/airflow/.local/lib/python3.12/site-packages/airflow/example_dags/example_sensors.py took 0.069 seconds
[2026-05-16T10:48:52.084+0000] {processor.py:161} INFO - Started process (PID=4090) to work on /home/airflow/.local/lib/python3.12/site-packages/airflow/example_dags/example_sensors.py
[2026-05-16T10:48:52.086+0000] {processor.py:830} INFO - Processing file /home/airflow/.local/lib/python3.12/site-packages/airflow/example_dags/example_sensors.py for tasks to queue
[2026-05-16T10:48:52.086+0000] {logging_mixin.py:188} INFO - [2026-05-16T10:48:52.086+0000] {dagbag.py:545} INFO - Filling up the DagBag from /home/airflow/.local/lib/python3.12/site-packages/airflow/example_dags/example_sensors.py
[2026-05-16T10:48:52.091+0000] {processor.py:840} INFO - DAG(s) 'example_sensors' retrieved from /home/airflow/.local/lib/python3.12/site-packages/airflow/example_dags/example_sensors.py
[2026-05-16T10:48:52.102+0000] {logging_mixin.py:188} INFO - [2026-05-16T10:48:52.102+0000] {dag.py:3089} INFO - Sync 1 DAGs
[2026-05-16T10:48:52.107+0000] {logging_mixin.py:188} INFO - [2026-05-16T10:48:52.107+0000] {dag.py:3947} INFO - Setting next_dagrun for example_sensors to None, run_after=None
[2026-05-16T10:48:52.114+0000] {processor.py:183} INFO - Processing /home/airflow/.local/lib/python3.12/site-packages/airflow/example_dags/example_sensors.py took 0.032 seconds
[2026-05-16T10:49:22.404+0000] {processor.py:161} INFO - Started process (PID=4149) to work on /home/airflow/.local/lib/python3.12/site-packages/airflow/example_dags/example_sensors.py
[2026-05-16T10:49:22.404+0000] {processor.py:830} INFO - Processing file /home/airflow/.local/lib/python3.12/site-packages/airflow/example_dags/example_sensors.py for tasks to queue
[2026-05-16T10:49:22.404+0000] {logging_mixin.py:188} INFO - [2026-05-16T10:49:22.404+0000] {dagbag.py:545} INFO - Filling up the DagBag from /home/airflow/.local/lib/python3.12/site-packages/airflow/example_dags/example_sensors.py
[2026-05-16T10:49:22.408+0000] {processor.py:840} INFO - DAG(s) 'example_sensors' retrieved from /home/airflow/.local/lib/python3.12/site-packages/airflow/example_dags/example_sensors.py
[2026-05-16T10:49:22.417+0000] {logging_mixin.py:188} INFO - [2026-05-16T10:49:22.416+0000] {dag.py:3089} INFO - Sync 1 DAGs
[2026-05-16T10:49:22.421+0000] {logging_mixin.py:188} INFO - [2026-05-16T10:49:22.420+0000] {dag.py:3947} INFO - Setting next_dagrun for example_sensors to None, run_after=None
[2026-05-16T10:49:22.426+0000] {processor.py:183} INFO - Processing /home/airflow/.local/lib/python3.12/site-packages/airflow/example_dags/example_sensors.py took 0.024 seconds
[2026-05-16T10:49:52.880+0000] {processor.py:161} INFO - Started process (PID=4208) to work on /home/airflow/.local/lib/python3.12/site-packages/airflow/example_dags/example_sensors.py
[2026-05-16T10:49:52.881+0000] {processor.py:830} INFO - Processing file /home/airflow/.local/lib/python3.12/site-packages/airflow/example_dags/example_sensors.py for tasks to queue
[2026-05-16T10:49:52.881+0000] {logging_mixin.py:188} INFO - [2026-05-16T10:49:52.881+0000] {dagbag.py:545} INFO - Filling up the DagBag from /home/airflow/.local/lib/python3.12/site-packages/airflow/example_dags/example_sensors.py
[2026-05-16T10:49:52.885+0000] {processor.py:840} INFO - DAG(s) 'example_sensors' retrieved from /home/airflow/.local/lib/python3.12/site-packages/airflow/example_dags/example_sensors.py
[2026-05-16T10:49:52.893+0000] {logging_mixin.py:188} INFO - [2026-05-16T10:49:52.893+0000] {dag.py:3089} INFO - Sync 1 DAGs
[2026-05-16T10:49:52.898+0000] {logging_mixin.py:188} INFO - [2026-05-16T10:49:52.897+0000] {dag.py:3947} INFO - Setting next_dagrun for example_sensors to None, run_after=None
[2026-05-16T10:49:52.903+0000] {processor.py:183} INFO - Processing /home/airflow/.local/lib/python3.12/site-packages/airflow/example_dags/example_sensors.py took 0.025 seconds
[2026-05-16T10:50:23.649+0000] {processor.py:161} INFO - Started process (PID=4267) to work on /home/airflow/.local/lib/python3.12/site-packages/airflow/example_dags/example_sensors.py
[2026-05-16T10:50:23.652+0000] {processor.py:830} INFO - Processing file /home/airflow/.local/lib/python3.12/site-packages/airflow/example_dags/example_sensors.py for tasks to queue
[2026-05-16T10:50:23.654+0000] {logging_mixin.py:188} INFO - [2026-05-16T10:50:23.654+0000] {dagbag.py:545} INFO - Filling up the DagBag from /home/airflow/.local/lib/python3.12/site-packages/airflow/example_dags/example_sensors.py
[2026-05-16T10:50:23.668+0000] {processor.py:840} INFO - DAG(s) 'example_sensors' retrieved from /home/airflow/.local/lib/python3.12/site-packages/airflow/example_dags/example_sensors.py
[2026-05-16T10:50:23.714+0000] {logging_mixin.py:188} INFO - [2026-05-16T10:50:23.714+0000] {dag.py:3089} INFO - Sync 1 DAGs
[2026-05-16T10:50:23.723+0000] {logging_mixin.py:188} INFO - [2026-05-16T10:50:23.723+0000] {dag.py:3947} INFO - Setting next_dagrun for example_sensors to None, run_after=None
[2026-05-16T10:50:23.739+0000] {processor.py:183} INFO - Processing /home/airflow/.local/lib/python3.12/site-packages/airflow/example_dags/example_sensors.py took 0.094 seconds
[2026-05-16T10:50:54.102+0000] {processor.py:161} INFO - Started process (PID=4326) to work on /home/airflow/.local/lib/python3.12/site-packages/airflow/example_dags/example_sensors.py
[2026-05-16T10:50:54.103+0000] {processor.py:830} INFO - Processing file /home/airflow/.local/lib/python3.12/site-packages/airflow/example_dags/example_sensors.py for tasks to queue
[2026-05-16T10:50:54.103+0000] {logging_mixin.py:188} INFO - [2026-05-16T10:50:54.103+0000] {dagbag.py:545} INFO - Filling up the DagBag from /home/airflow/.local/lib/python3.12/site-packages/airflow/example_dags/example_sensors.py
[2026-05-16T10:50:54.107+0000] {processor.py:840} INFO - DAG(s) 'example_sensors' retrieved from /home/airflow/.local/lib/python3.12/site-packages/airflow/example_dags/example_sensors.py
[2026-05-16T10:50:54.116+0000] {logging_mixin.py:188} INFO - [2026-05-16T10:50:54.116+0000] {dag.py:3089} INFO - Sync 1 DAGs
[2026-05-16T10:50:54.121+0000] {logging_mixin.py:188} INFO - [2026-05-16T10:50:54.121+0000] {dag.py:3947} INFO - Setting next_dagrun for example_sensors to None, run_after=None
[2026-05-16T10:50:54.126+0000] {processor.py:183} INFO - Processing /home/airflow/.local/lib/python3.12/site-packages/airflow/example_dags/example_sensors.py took 0.026 seconds
[2026-05-16T10:51:24.430+0000] {processor.py:161} INFO - Started process (PID=4385) to work on /home/airflow/.local/lib/python3.12/site-packages/airflow/example_dags/example_sensors.py
[2026-05-16T10:51:24.431+0000] {processor.py:830} INFO - Processing file /home/airflow/.local/lib/python3.12/site-packages/airflow/example_dags/example_sensors.py for tasks to queue
[2026-05-16T10:51:24.431+0000] {logging_mixin.py:188} INFO - [2026-05-16T10:51:24.431+0000] {dagbag.py:545} INFO - Filling up the DagBag from /home/airflow/.local/lib/python3.12/site-packages/airflow/example_dags/example_sensors.py
[2026-05-16T10:51:24.435+0000] {processor.py:840} INFO - DAG(s) 'example_sensors' retrieved from /home/airflow/.local/lib/python3.12/site-packages/airflow/example_dags/example_sensors.py
[2026-05-16T10:51:24.443+0000] {logging_mixin.py:188} INFO - [2026-05-16T10:51:24.443+0000] {dag.py:3089} INFO - Sync 1 DAGs
[2026-05-16T10:51:24.447+0000] {logging_mixin.py:188} INFO - [2026-05-16T10:51:24.447+0000] {dag.py:3947} INFO - Setting next_dagrun for example_sensors to None, run_after=None
[2026-05-16T10:51:24.452+0000] {processor.py:183} INFO - Processing /home/airflow/.local/lib/python3.12/site-packages/airflow/example_dags/example_sensors.py took 0.024 seconds
[2026-05-16T10:51:54.754+0000] {processor.py:161} INFO - Started process (PID=4444) to work on /home/airflow/.local/lib/python3.12/site-packages/airflow/example_dags/example_sensors.py
[2026-05-16T10:51:54.754+0000] {processor.py:830} INFO - Processing file /home/airflow/.local/lib/python3.12/site-packages/airflow/example_dags/example_sensors.py for tasks to queue
[2026-05-16T10:51:54.754+0000] {logging_mixin.py:188} INFO - [2026-05-16T10:51:54.754+0000] {dagbag.py:545} INFO - Filling up the DagBag from /home/airflow/.local/lib/python3.12/site-packages/airflow/example_dags/example_sensors.py
[2026-05-16T10:51:54.758+0000] {processor.py:840} INFO - DAG(s) 'example_sensors' retrieved from /home/airflow/.local/lib/python3.12/site-packages/airflow/example_dags/example_sensors.py
[2026-05-16T10:51:54.768+0000] {logging_mixin.py:188} INFO - [2026-05-16T10:51:54.768+0000] {dag.py:3089} INFO - Sync 1 DAGs
[2026-05-16T10:51:54.773+0000] {logging_mixin.py:188} INFO - [2026-05-16T10:51:54.773+0000] {dag.py:3947} INFO - Setting next_dagrun for example_sensors to None, run_after=None
[2026-05-16T10:51:54.783+0000] {processor.py:183} INFO - Processing /home/airflow/.local/lib/python3.12/site-packages/airflow/example_dags/example_sensors.py took 0.032 seconds
[2026-05-16T10:52:25.202+0000] {processor.py:161} INFO - Started process (PID=4503) to work on /home/airflow/.local/lib/python3.12/site-packages/airflow/example_dags/example_sensors.py
[2026-05-16T10:52:25.204+0000] {processor.py:830} INFO - Processing file /home/airflow/.local/lib/python3.12/site-packages/airflow/example_dags/example_sensors.py for tasks to queue
[2026-05-16T10:52:25.204+0000] {logging_mixin.py:188} INFO - [2026-05-16T10:52:25.204+0000] {dagbag.py:545} INFO - Filling up the DagBag from /home/airflow/.local/lib/python3.12/site-packages/airflow/example_dags/example_sensors.py
[2026-05-16T10:52:25.209+0000] {processor.py:840} INFO - DAG(s) 'example_sensors' retrieved from /home/airflow/.local/lib/python3.12/site-packages/airflow/example_dags/example_sensors.py
[2026-05-16T10:52:25.219+0000] {logging_mixin.py:188} INFO - [2026-05-16T10:52:25.219+0000] {dag.py:3089} INFO - Sync 1 DAGs
[2026-05-16T10:52:25.223+0000] {logging_mixin.py:188} INFO - [2026-05-16T10:52:25.223+0000] {dag.py:3947} INFO - Setting next_dagrun for example_sensors to None, run_after=None
[2026-05-16T10:52:25.229+0000] {processor.py:183} INFO - Processing /home/airflow/.local/lib/python3.12/site-packages/airflow/example_dags/example_sensors.py took 0.030 seconds
[2026-05-16T10:52:55.595+0000] {processor.py:161} INFO - Started process (PID=4562) to work on /home/airflow/.local/lib/python3.12/site-packages/airflow/example_dags/example_sensors.py
[2026-05-16T10:52:55.596+0000] {processor.py:830} INFO - Processing file /home/airflow/.local/lib/python3.12/site-packages/airflow/example_dags/example_sensors.py for tasks to queue
[2026-05-16T10:52:55.596+0000] {logging_mixin.py:188} INFO - [2026-05-16T10:52:55.596+0000] {dagbag.py:545} INFO - Filling up the DagBag from /home/airflow/.local/lib/python3.12/site-packages/airflow/example_dags/example_sensors.py
[2026-05-16T10:52:55.601+0000] {processor.py:840} INFO - DAG(s) 'example_sensors' retrieved from /home/airflow/.local/lib/python3.12/site-packages/airflow/example_dags/example_sensors.py
[2026-05-16T10:52:55.615+0000] {logging_mixin.py:188} INFO - [2026-05-16T10:52:55.615+0000] {dag.py:3089} INFO - Sync 1 DAGs
[2026-05-16T10:52:55.619+0000] {logging_mixin.py:188} INFO - [2026-05-16T10:52:55.619+0000] {dag.py:3947} INFO - Setting next_dagrun for example_sensors to None, run_after=None
[2026-05-16T10:52:55.624+0000] {processor.py:183} INFO - Processing /home/airflow/.local/lib/python3.12/site-packages/airflow/example_dags/example_sensors.py took 0.032 seconds
[2026-05-16T10:53:26.073+0000] {processor.py:161} INFO - Started process (PID=4620) to work on /home/airflow/.local/lib/python3.12/site-packages/airflow/example_dags/example_sensors.py
[2026-05-16T10:53:26.074+0000] {processor.py:830} INFO - Processing file /home/airflow/.local/lib/python3.12/site-packages/airflow/example_dags/example_sensors.py for tasks to queue
[2026-05-16T10:53:26.074+0000] {logging_mixin.py:188} INFO - [2026-05-16T10:53:26.074+0000] {dagbag.py:545} INFO - Filling up the DagBag from /home/airflow/.local/lib/python3.12/site-packages/airflow/example_dags/example_sensors.py
[2026-05-16T10:53:26.078+0000] {processor.py:840} INFO - DAG(s) 'example_sensors' retrieved from /home/airflow/.local/lib/python3.12/site-packages/airflow/example_dags/example_sensors.py
[2026-05-16T10:53:26.088+0000] {logging_mixin.py:188} INFO - [2026-05-16T10:53:26.087+0000] {dag.py:3089} INFO - Sync 1 DAGs
[2026-05-16T10:53:26.092+0000] {logging_mixin.py:188} INFO - [2026-05-16T10:53:26.092+0000] {dag.py:3947} INFO - Setting next_dagrun for example_sensors to None, run_after=None
[2026-05-16T10:53:26.098+0000] {processor.py:183} INFO - Processing /home/airflow/.local/lib/python3.12/site-packages/airflow/example_dags/example_sensors.py took 0.027 seconds
[2026-05-16T10:53:56.467+0000] {processor.py:161} INFO - Started process (PID=4679) to work on /home/airflow/.local/lib/python3.12/site-packages/airflow/example_dags/example_sensors.py
[2026-05-16T10:53:56.468+0000] {processor.py:830} INFO - Processing file /home/airflow/.local/lib/python3.12/site-packages/airflow/example_dags/example_sensors.py for tasks to queue
[2026-05-16T10:53:56.468+0000] {logging_mixin.py:188} INFO - [2026-05-16T10:53:56.468+0000] {dagbag.py:545} INFO - Filling up the DagBag from /home/airflow/.local/lib/python3.12/site-packages/airflow/example_dags/example_sensors.py
[2026-05-16T10:53:56.472+0000] {processor.py:840} INFO - DAG(s) 'example_sensors' retrieved from /home/airflow/.local/lib/python3.12/site-packages/airflow/example_dags/example_sensors.py
[2026-05-16T10:53:56.482+0000] {logging_mixin.py:188} INFO - [2026-05-16T10:53:56.482+0000] {dag.py:3089} INFO - Sync 1 DAGs
[2026-05-16T10:53:56.487+0000] {logging_mixin.py:188} INFO - [2026-05-16T10:53:56.487+0000] {dag.py:3947} INFO - Setting next_dagrun for example_sensors to None, run_after=None
[2026-05-16T10:53:56.493+0000] {processor.py:183} INFO - Processing /home/airflow/.local/lib/python3.12/site-packages/airflow/example_dags/example_sensors.py took 0.029 seconds
[2026-05-16T10:54:26.778+0000] {processor.py:161} INFO - Started process (PID=4737) to work on /home/airflow/.local/lib/python3.12/site-packages/airflow/example_dags/example_sensors.py
[2026-05-16T10:54:26.778+0000] {processor.py:830} INFO - Processing file /home/airflow/.local/lib/python3.12/site-packages/airflow/example_dags/example_sensors.py for tasks to queue
[2026-05-16T10:54:26.779+0000] {logging_mixin.py:188} INFO - [2026-05-16T10:54:26.778+0000] {dagbag.py:545} INFO - Filling up the DagBag from /home/airflow/.local/lib/python3.12/site-packages/airflow/example_dags/example_sensors.py
[2026-05-16T10:54:26.782+0000] {processor.py:840} INFO - DAG(s) 'example_sensors' retrieved from /home/airflow/.local/lib/python3.12/site-packages/airflow/example_dags/example_sensors.py
[2026-05-16T10:54:26.790+0000] {logging_mixin.py:188} INFO - [2026-05-16T10:54:26.790+0000] {dag.py:3089} INFO - Sync 1 DAGs
[2026-05-16T10:54:26.794+0000] {logging_mixin.py:188} INFO - [2026-05-16T10:54:26.794+0000] {dag.py:3947} INFO - Setting next_dagrun for example_sensors to None, run_after=None
[2026-05-16T10:54:26.799+0000] {processor.py:183} INFO - Processing /home/airflow/.local/lib/python3.12/site-packages/airflow/example_dags/example_sensors.py took 0.023 seconds
[2026-05-16T10:54:57.187+0000] {processor.py:161} INFO - Started process (PID=4797) to work on /home/airflow/.local/lib/python3.12/site-packages/airflow/example_dags/example_sensors.py
[2026-05-16T10:54:57.187+0000] {processor.py:830} INFO - Processing file /home/airflow/.local/lib/python3.12/site-packages/airflow/example_dags/example_sensors.py for tasks to queue
[2026-05-16T10:54:57.187+0000] {logging_mixin.py:188} INFO - [2026-05-16T10:54:57.187+0000] {dagbag.py:545} INFO - Filling up the DagBag from /home/airflow/.local/lib/python3.12/site-packages/airflow/example_dags/example_sensors.py
[2026-05-16T10:54:57.191+0000] {processor.py:840} INFO - DAG(s) 'example_sensors' retrieved from /home/airflow/.local/lib/python3.12/site-packages/airflow/example_dags/example_sensors.py
[2026-05-16T10:54:57.199+0000] {logging_mixin.py:188} INFO - [2026-05-16T10:54:57.199+0000] {dag.py:3089} INFO - Sync 1 DAGs
[2026-05-16T10:54:57.203+0000] {logging_mixin.py:188} INFO - [2026-05-16T10:54:57.202+0000] {dag.py:3947} INFO - Setting next_dagrun for example_sensors to None, run_after=None
[2026-05-16T10:54:57.208+0000] {processor.py:183} INFO - Processing /home/airflow/.local/lib/python3.12/site-packages/airflow/example_dags/example_sensors.py took 0.023 seconds
[2026-05-16T10:55:27.479+0000] {processor.py:161} INFO - Started process (PID=4856) to work on /home/airflow/.local/lib/python3.12/site-packages/airflow/example_dags/example_sensors.py
[2026-05-16T10:55:27.479+0000] {processor.py:830} INFO - Processing file /home/airflow/.local/lib/python3.12/site-packages/airflow/example_dags/example_sensors.py for tasks to queue
[2026-05-16T10:55:27.480+0000] {logging_mixin.py:188} INFO - [2026-05-16T10:55:27.479+0000] {dagbag.py:545} INFO - Filling up the DagBag from /home/airflow/.local/lib/python3.12/site-packages/airflow/example_dags/example_sensors.py
[2026-05-16T10:55:27.483+0000] {processor.py:840} INFO - DAG(s) 'example_sensors' retrieved from /home/airflow/.local/lib/python3.12/site-packages/airflow/example_dags/example_sensors.py
[2026-05-16T10:55:27.492+0000] {logging_mixin.py:188} INFO - [2026-05-16T10:55:27.492+0000] {dag.py:3089} INFO - Sync 1 DAGs
[2026-05-16T10:55:27.496+0000] {logging_mixin.py:188} INFO - [2026-05-16T10:55:27.496+0000] {dag.py:3947} INFO - Setting next_dagrun for example_sensors to None, run_after=None
[2026-05-16T10:55:27.502+0000] {processor.py:183} INFO - Processing /home/airflow/.local/lib/python3.12/site-packages/airflow/example_dags/example_sensors.py took 0.025 seconds
[2026-05-16T10:55:57.896+0000] {processor.py:161} INFO - Started process (PID=4916) to work on /home/airflow/.local/lib/python3.12/site-packages/airflow/example_dags/example_sensors.py
[2026-05-16T10:55:57.896+0000] {processor.py:830} INFO - Processing file /home/airflow/.local/lib/python3.12/site-packages/airflow/example_dags/example_sensors.py for tasks to queue
[2026-05-16T10:55:57.896+0000] {logging_mixin.py:188} INFO - [2026-05-16T10:55:57.896+0000] {dagbag.py:545} INFO - Filling up the DagBag from /home/airflow/.local/lib/python3.12/site-packages/airflow/example_dags/example_sensors.py
[2026-05-16T10:55:57.901+0000] {processor.py:840} INFO - DAG(s) 'example_sensors' retrieved from /home/airflow/.local/lib/python3.12/site-packages/airflow/example_dags/example_sensors.py
[2026-05-16T10:55:57.910+0000] {logging_mixin.py:188} INFO - [2026-05-16T10:55:57.910+0000] {dag.py:3089} INFO - Sync 1 DAGs
[2026-05-16T10:55:57.916+0000] {logging_mixin.py:188} INFO - [2026-05-16T10:55:57.915+0000] {dag.py:3947} INFO - Setting next_dagrun for example_sensors to None, run_after=None
[2026-05-16T10:55:57.922+0000] {processor.py:183} INFO - Processing /home/airflow/.local/lib/python3.12/site-packages/airflow/example_dags/example_sensors.py took 0.028 seconds
[2026-05-16T10:56:28.323+0000] {processor.py:161} INFO - Started process (PID=4975) to work on /home/airflow/.local/lib/python3.12/site-packages/airflow/example_dags/example_sensors.py
[2026-05-16T10:56:28.323+0000] {processor.py:830} INFO - Processing file /home/airflow/.local/lib/python3.12/site-packages/airflow/example_dags/example_sensors.py for tasks to queue
[2026-05-16T10:56:28.324+0000] {logging_mixin.py:188} INFO - [2026-05-16T10:56:28.323+0000] {dagbag.py:545} INFO - Filling up the DagBag from /home/airflow/.local/lib/python3.12/site-packages/airflow/example_dags/example_sensors.py
[2026-05-16T10:56:28.328+0000] {processor.py:840} INFO - DAG(s) 'example_sensors' retrieved from /home/airflow/.local/lib/python3.12/site-packages/airflow/example_dags/example_sensors.py
[2026-05-16T10:56:28.337+0000] {logging_mixin.py:188} INFO - [2026-05-16T10:56:28.337+0000] {dag.py:3089} INFO - Sync 1 DAGs
[2026-05-16T10:56:28.342+0000] {logging_mixin.py:188} INFO - [2026-05-16T10:56:28.342+0000] {dag.py:3947} INFO - Setting next_dagrun for example_sensors to None, run_after=None
[2026-05-16T10:56:28.348+0000] {processor.py:183} INFO - Processing /home/airflow/.local/lib/python3.12/site-packages/airflow/example_dags/example_sensors.py took 0.028 seconds
[2026-05-16T10:56:58.727+0000] {processor.py:161} INFO - Started process (PID=5034) to work on /home/airflow/.local/lib/python3.12/site-packages/airflow/example_dags/example_sensors.py
[2026-05-16T10:56:58.727+0000] {processor.py:830} INFO - Processing file /home/airflow/.local/lib/python3.12/site-packages/airflow/example_dags/example_sensors.py for tasks to queue
[2026-05-16T10:56:58.727+0000] {logging_mixin.py:188} INFO - [2026-05-16T10:56:58.727+0000] {dagbag.py:545} INFO - Filling up the DagBag from /home/airflow/.local/lib/python3.12/site-packages/airflow/example_dags/example_sensors.py
[2026-05-16T10:56:58.732+0000] {processor.py:840} INFO - DAG(s) 'example_sensors' retrieved from /home/airflow/.local/lib/python3.12/site-packages/airflow/example_dags/example_sensors.py
[2026-05-16T10:56:58.741+0000] {logging_mixin.py:188} INFO - [2026-05-16T10:56:58.740+0000] {dag.py:3089} INFO - Sync 1 DAGs
[2026-05-16T10:56:58.746+0000] {logging_mixin.py:188} INFO - [2026-05-16T10:56:58.746+0000] {dag.py:3947} INFO - Setting next_dagrun for example_sensors to None, run_after=None
[2026-05-16T10:56:58.751+0000] {processor.py:183} INFO - Processing /home/airflow/.local/lib/python3.12/site-packages/airflow/example_dags/example_sensors.py took 0.027 seconds
[2026-05-16T10:57:29.015+0000] {processor.py:161} INFO - Started process (PID=5093) to work on /home/airflow/.local/lib/python3.12/site-packages/airflow/example_dags/example_sensors.py
[2026-05-16T10:57:29.016+0000] {processor.py:830} INFO - Processing file /home/airflow/.local/lib/python3.12/site-packages/airflow/example_dags/example_sensors.py for tasks to queue
[2026-05-16T10:57:29.016+0000] {logging_mixin.py:188} INFO - [2026-05-16T10:57:29.016+0000] {dagbag.py:545} INFO - Filling up the DagBag from /home/airflow/.local/lib/python3.12/site-packages/airflow/example_dags/example_sensors.py
[2026-05-16T10:57:29.019+0000] {processor.py:840} INFO - DAG(s) 'example_sensors' retrieved from /home/airflow/.local/lib/python3.12/site-packages/airflow/example_dags/example_sensors.py
[2026-05-16T10:57:29.028+0000] {logging_mixin.py:188} INFO - [2026-05-16T10:57:29.028+0000] {dag.py:3089} INFO - Sync 1 DAGs
[2026-05-16T10:57:29.032+0000] {logging_mixin.py:188} INFO - [2026-05-16T10:57:29.032+0000] {dag.py:3947} INFO - Setting next_dagrun for example_sensors to None, run_after=None
[2026-05-16T10:57:29.036+0000] {processor.py:183} INFO - Processing /home/airflow/.local/lib/python3.12/site-packages/airflow/example_dags/example_sensors.py took 0.023 seconds
[2026-05-16T10:57:59.354+0000] {processor.py:161} INFO - Started process (PID=5152) to work on /home/airflow/.local/lib/python3.12/site-packages/airflow/example_dags/example_sensors.py
[2026-05-16T10:57:59.354+0000] {processor.py:830} INFO - Processing file /home/airflow/.local/lib/python3.12/site-packages/airflow/example_dags/example_sensors.py for tasks to queue
[2026-05-16T10:57:59.355+0000] {logging_mixin.py:188} INFO - [2026-05-16T10:57:59.355+0000] {dagbag.py:545} INFO - Filling up the DagBag from /home/airflow/.local/lib/python3.12/site-packages/airflow/example_dags/example_sensors.py
[2026-05-16T10:57:59.358+0000] {processor.py:840} INFO - DAG(s) 'example_sensors' retrieved from /home/airflow/.local/lib/python3.12/site-packages/airflow/example_dags/example_sensors.py
[2026-05-16T10:57:59.367+0000] {logging_mixin.py:188} INFO - [2026-05-16T10:57:59.367+0000] {dag.py:3089} INFO - Sync 1 DAGs
[2026-05-16T10:57:59.371+0000] {logging_mixin.py:188} INFO - [2026-05-16T10:57:59.371+0000] {dag.py:3947} INFO - Setting next_dagrun for example_sensors to None, run_after=None
[2026-05-16T10:57:59.376+0000] {processor.py:183} INFO - Processing /home/airflow/.local/lib/python3.12/site-packages/airflow/example_dags/example_sensors.py took 0.025 seconds
[2026-05-16T10:58:29.626+0000] {processor.py:161} INFO - Started process (PID=5211) to work on /home/airflow/.local/lib/python3.12/site-packages/airflow/example_dags/example_sensors.py
[2026-05-16T10:58:29.627+0000] {processor.py:830} INFO - Processing file /home/airflow/.local/lib/python3.12/site-packages/airflow/example_dags/example_sensors.py for tasks to queue
[2026-05-16T10:58:29.627+0000] {logging_mixin.py:188} INFO - [2026-05-16T10:58:29.627+0000] {dagbag.py:545} INFO - Filling up the DagBag from /home/airflow/.local/lib/python3.12/site-packages/airflow/example_dags/example_sensors.py
[2026-05-16T10:58:29.631+0000] {processor.py:840} INFO - DAG(s) 'example_sensors' retrieved from /home/airflow/.local/lib/python3.12/site-packages/airflow/example_dags/example_sensors.py
[2026-05-16T10:58:29.639+0000] {logging_mixin.py:188} INFO - [2026-05-16T10:58:29.639+0000] {dag.py:3089} INFO - Sync 1 DAGs
[2026-05-16T10:58:29.644+0000] {logging_mixin.py:188} INFO - [2026-05-16T10:58:29.644+0000] {dag.py:3947} INFO - Setting next_dagrun for example_sensors to None, run_after=None
[2026-05-16T10:58:29.649+0000] {processor.py:183} INFO - Processing /home/airflow/.local/lib/python3.12/site-packages/airflow/example_dags/example_sensors.py took 0.025 seconds
[2026-05-16T10:59:00.176+0000] {processor.py:161} INFO - Started process (PID=5270) to work on /home/airflow/.local/lib/python3.12/site-packages/airflow/example_dags/example_sensors.py
[2026-05-16T10:59:00.176+0000] {processor.py:830} INFO - Processing file /home/airflow/.local/lib/python3.12/site-packages/airflow/example_dags/example_sensors.py for tasks to queue
[2026-05-16T10:59:00.177+0000] {logging_mixin.py:188} INFO - [2026-05-16T10:59:00.177+0000] {dagbag.py:545} INFO - Filling up the DagBag from /home/airflow/.local/lib/python3.12/site-packages/airflow/example_dags/example_sensors.py
[2026-05-16T10:59:00.181+0000] {processor.py:840} INFO - DAG(s) 'example_sensors' retrieved from /home/airflow/.local/lib/python3.12/site-packages/airflow/example_dags/example_sensors.py
[2026-05-16T10:59:00.190+0000] {logging_mixin.py:188} INFO - [2026-05-16T10:59:00.190+0000] {dag.py:3089} INFO - Sync 1 DAGs
[2026-05-16T10:59:00.195+0000] {logging_mixin.py:188} INFO - [2026-05-16T10:59:00.195+0000] {dag.py:3947} INFO - Setting next_dagrun for example_sensors to None, run_after=None
[2026-05-16T10:59:00.201+0000] {processor.py:183} INFO - Processing /home/airflow/.local/lib/python3.12/site-packages/airflow/example_dags/example_sensors.py took 0.027 seconds
[2026-05-16T10:59:30.571+0000] {processor.py:161} INFO - Started process (PID=5329) to work on /home/airflow/.local/lib/python3.12/site-packages/airflow/example_dags/example_sensors.py
[2026-05-16T10:59:30.572+0000] {processor.py:830} INFO - Processing file /home/airflow/.local/lib/python3.12/site-packages/airflow/example_dags/example_sensors.py for tasks to queue
[2026-05-16T10:59:30.572+0000] {logging_mixin.py:188} INFO - [2026-05-16T10:59:30.572+0000] {dagbag.py:545} INFO - Filling up the DagBag from /home/airflow/.local/lib/python3.12/site-packages/airflow/example_dags/example_sensors.py
[2026-05-16T10:59:30.576+0000] {processor.py:840} INFO - DAG(s) 'example_sensors' retrieved from /home/airflow/.local/lib/python3.12/site-packages/airflow/example_dags/example_sensors.py
[2026-05-16T10:59:30.584+0000] {logging_mixin.py:188} INFO - [2026-05-16T10:59:30.584+0000] {dag.py:3089} INFO - Sync 1 DAGs
[2026-05-16T10:59:30.588+0000] {logging_mixin.py:188} INFO - [2026-05-16T10:59:30.588+0000] {dag.py:3947} INFO - Setting next_dagrun for example_sensors to None, run_after=None
[2026-05-16T10:59:30.593+0000] {processor.py:183} INFO - Processing /home/airflow/.local/lib/python3.12/site-packages/airflow/example_dags/example_sensors.py took 0.024 seconds
[2026-05-16T11:00:00.862+0000] {processor.py:161} INFO - Started process (PID=5388) to work on /home/airflow/.local/lib/python3.12/site-packages/airflow/example_dags/example_sensors.py
[2026-05-16T11:00:00.863+0000] {processor.py:830} INFO - Processing file /home/airflow/.local/lib/python3.12/site-packages/airflow/example_dags/example_sensors.py for tasks to queue
[2026-05-16T11:00:00.863+0000] {logging_mixin.py:188} INFO - [2026-05-16T11:00:00.863+0000] {dagbag.py:545} INFO - Filling up the DagBag from /home/airflow/.local/lib/python3.12/site-packages/airflow/example_dags/example_sensors.py
[2026-05-16T11:00:00.867+0000] {processor.py:840} INFO - DAG(s) 'example_sensors' retrieved from /home/airflow/.local/lib/python3.12/site-packages/airflow/example_dags/example_sensors.py
[2026-05-16T11:00:00.876+0000] {logging_mixin.py:188} INFO - [2026-05-16T11:00:00.876+0000] {dag.py:3089} INFO - Sync 1 DAGs
[2026-05-16T11:00:00.880+0000] {logging_mixin.py:188} INFO - [2026-05-16T11:00:00.880+0000] {dag.py:3947} INFO - Setting next_dagrun for example_sensors to None, run_after=None
[2026-05-16T11:00:00.886+0000] {processor.py:183} INFO - Processing /home/airflow/.local/lib/python3.12/site-packages/airflow/example_dags/example_sensors.py took 0.026 seconds
[2026-05-16T11:00:31.068+0000] {processor.py:161} INFO - Started process (PID=5447) to work on /home/airflow/.local/lib/python3.12/site-packages/airflow/example_dags/example_sensors.py
[2026-05-16T11:00:31.068+0000] {processor.py:830} INFO - Processing file /home/airflow/.local/lib/python3.12/site-packages/airflow/example_dags/example_sensors.py for tasks to queue
[2026-05-16T11:00:31.068+0000] {logging_mixin.py:188} INFO - [2026-05-16T11:00:31.068+0000] {dagbag.py:545} INFO - Filling up the DagBag from /home/airflow/.local/lib/python3.12/site-packages/airflow/example_dags/example_sensors.py
[2026-05-16T11:00:31.072+0000] {processor.py:840} INFO - DAG(s) 'example_sensors' retrieved from /home/airflow/.local/lib/python3.12/site-packages/airflow/example_dags/example_sensors.py
[2026-05-16T11:00:31.075+0000] {logging_mixin.py:188} INFO - [2026-05-16T11:00:31.075+0000] {dag.py:3089} INFO - Sync 1 DAGs
[2026-05-16T11:00:31.080+0000] {logging_mixin.py:188} INFO - [2026-05-16T11:00:31.080+0000] {dag.py:3947} INFO - Setting next_dagrun for example_sensors to None, run_after=None
[2026-05-16T11:00:31.085+0000] {processor.py:183} INFO - Processing /home/airflow/.local/lib/python3.12/site-packages/airflow/example_dags/example_sensors.py took 0.019 seconds
[2026-05-16T11:01:02.006+0000] {processor.py:161} INFO - Started process (PID=5506) to work on /home/airflow/.local/lib/python3.12/site-packages/airflow/example_dags/example_sensors.py
[2026-05-16T11:01:02.007+0000] {processor.py:830} INFO - Processing file /home/airflow/.local/lib/python3.12/site-packages/airflow/example_dags/example_sensors.py for tasks to queue
[2026-05-16T11:01:02.007+0000] {logging_mixin.py:188} INFO - [2026-05-16T11:01:02.007+0000] {dagbag.py:545} INFO - Filling up the DagBag from /home/airflow/.local/lib/python3.12/site-packages/airflow/example_dags/example_sensors.py
[2026-05-16T11:01:02.011+0000] {processor.py:840} INFO - DAG(s) 'example_sensors' retrieved from /home/airflow/.local/lib/python3.12/site-packages/airflow/example_dags/example_sensors.py
[2026-05-16T11:01:02.049+0000] {logging_mixin.py:188} INFO - [2026-05-16T11:01:02.048+0000] {dag.py:3089} INFO - Sync 1 DAGs
[2026-05-16T11:01:02.052+0000] {logging_mixin.py:188} INFO - [2026-05-16T11:01:02.052+0000] {dag.py:3947} INFO - Setting next_dagrun for example_sensors to None, run_after=None
[2026-05-16T11:01:02.057+0000] {processor.py:183} INFO - Processing /home/airflow/.local/lib/python3.12/site-packages/airflow/example_dags/example_sensors.py took 0.053 seconds
[2026-05-16T11:01:32.601+0000] {processor.py:161} INFO - Started process (PID=5565) to work on /home/airflow/.local/lib/python3.12/site-packages/airflow/example_dags/example_sensors.py
[2026-05-16T11:01:32.602+0000] {processor.py:830} INFO - Processing file /home/airflow/.local/lib/python3.12/site-packages/airflow/example_dags/example_sensors.py for tasks to queue
[2026-05-16T11:01:32.602+0000] {logging_mixin.py:188} INFO - [2026-05-16T11:01:32.602+0000] {dagbag.py:545} INFO - Filling up the DagBag from /home/airflow/.local/lib/python3.12/site-packages/airflow/example_dags/example_sensors.py
[2026-05-16T11:01:32.606+0000] {processor.py:840} INFO - DAG(s) 'example_sensors' retrieved from /home/airflow/.local/lib/python3.12/site-packages/airflow/example_dags/example_sensors.py
[2026-05-16T11:01:32.615+0000] {logging_mixin.py:188} INFO - [2026-05-16T11:01:32.615+0000] {dag.py:3089} INFO - Sync 1 DAGs
[2026-05-16T11:01:32.619+0000] {logging_mixin.py:188} INFO - [2026-05-16T11:01:32.619+0000] {dag.py:3947} INFO - Setting next_dagrun for example_sensors to None, run_after=None
[2026-05-16T11:01:32.624+0000] {processor.py:183} INFO - Processing /home/airflow/.local/lib/python3.12/site-packages/airflow/example_dags/example_sensors.py took 0.025 seconds
[2026-05-16T11:02:03.007+0000] {processor.py:161} INFO - Started process (PID=5624) to work on /home/airflow/.local/lib/python3.12/site-packages/airflow/example_dags/example_sensors.py
[2026-05-16T11:02:03.007+0000] {processor.py:830} INFO - Processing file /home/airflow/.local/lib/python3.12/site-packages/airflow/example_dags/example_sensors.py for tasks to queue
[2026-05-16T11:02:03.007+0000] {logging_mixin.py:188} INFO - [2026-05-16T11:02:03.007+0000] {dagbag.py:545} INFO - Filling up the DagBag from /home/airflow/.local/lib/python3.12/site-packages/airflow/example_dags/example_sensors.py
[2026-05-16T11:02:03.011+0000] {processor.py:840} INFO - DAG(s) 'example_sensors' retrieved from /home/airflow/.local/lib/python3.12/site-packages/airflow/example_dags/example_sensors.py
[2026-05-16T11:02:03.019+0000] {logging_mixin.py:188} INFO - [2026-05-16T11:02:03.018+0000] {dag.py:3089} INFO - Sync 1 DAGs
[2026-05-16T11:02:03.023+0000] {logging_mixin.py:188} INFO - [2026-05-16T11:02:03.023+0000] {dag.py:3947} INFO - Setting next_dagrun for example_sensors to None, run_after=None
[2026-05-16T11:02:03.027+0000] {processor.py:183} INFO - Processing /home/airflow/.local/lib/python3.12/site-packages/airflow/example_dags/example_sensors.py took 0.023 seconds
[2026-05-16T11:02:33.540+0000] {processor.py:161} INFO - Started process (PID=5684) to work on /home/airflow/.local/lib/python3.12/site-packages/airflow/example_dags/example_sensors.py
[2026-05-16T11:02:33.540+0000] {processor.py:830} INFO - Processing file /home/airflow/.local/lib/python3.12/site-packages/airflow/example_dags/example_sensors.py for tasks to queue
[2026-05-16T11:02:33.541+0000] {logging_mixin.py:188} INFO - [2026-05-16T11:02:33.540+0000] {dagbag.py:545} INFO - Filling up the DagBag from /home/airflow/.local/lib/python3.12/site-packages/airflow/example_dags/example_sensors.py
[2026-05-16T11:02:33.544+0000] {processor.py:840} INFO - DAG(s) 'example_sensors' retrieved from /home/airflow/.local/lib/python3.12/site-packages/airflow/example_dags/example_sensors.py
[2026-05-16T11:02:33.554+0000] {logging_mixin.py:188} INFO - [2026-05-16T11:02:33.554+0000] {dag.py:3089} INFO - Sync 1 DAGs
[2026-05-16T11:02:33.559+0000] {logging_mixin.py:188} INFO - [2026-05-16T11:02:33.559+0000] {dag.py:3947} INFO - Setting next_dagrun for example_sensors to None, run_after=None
[2026-05-16T11:02:33.564+0000] {processor.py:183} INFO - Processing /home/airflow/.local/lib/python3.12/site-packages/airflow/example_dags/example_sensors.py took 0.027 seconds
[2026-05-16T11:03:04.144+0000] {processor.py:161} INFO - Started process (PID=5745) to work on /home/airflow/.local/lib/python3.12/site-packages/airflow/example_dags/example_sensors.py
[2026-05-16T11:03:04.145+0000] {processor.py:830} INFO - Processing file /home/airflow/.local/lib/python3.12/site-packages/airflow/example_dags/example_sensors.py for tasks to queue
[2026-05-16T11:03:04.145+0000] {logging_mixin.py:188} INFO - [2026-05-16T11:03:04.145+0000] {dagbag.py:545} INFO - Filling up the DagBag from /home/airflow/.local/lib/python3.12/site-packages/airflow/example_dags/example_sensors.py
[2026-05-16T11:03:04.149+0000] {processor.py:840} INFO - DAG(s) 'example_sensors' retrieved from /home/airflow/.local/lib/python3.12/site-packages/airflow/example_dags/example_sensors.py
[2026-05-16T11:03:04.153+0000] {logging_mixin.py:188} INFO - [2026-05-16T11:03:04.153+0000] {dag.py:3089} INFO - Sync 1 DAGs
[2026-05-16T11:03:04.157+0000] {logging_mixin.py:188} INFO - [2026-05-16T11:03:04.157+0000] {dag.py:3947} INFO - Setting next_dagrun for example_sensors to None, run_after=None
[2026-05-16T11:03:04.163+0000] {processor.py:183} INFO - Processing /home/airflow/.local/lib/python3.12/site-packages/airflow/example_dags/example_sensors.py took 0.021 seconds
[2026-05-16T11:03:35.266+0000] {processor.py:161} INFO - Started process (PID=5805) to work on /home/airflow/.local/lib/python3.12/site-packages/airflow/example_dags/example_sensors.py
[2026-05-16T11:03:35.266+0000] {processor.py:830} INFO - Processing file /home/airflow/.local/lib/python3.12/site-packages/airflow/example_dags/example_sensors.py for tasks to queue
[2026-05-16T11:03:35.267+0000] {logging_mixin.py:188} INFO - [2026-05-16T11:03:35.266+0000] {dagbag.py:545} INFO - Filling up the DagBag from /home/airflow/.local/lib/python3.12/site-packages/airflow/example_dags/example_sensors.py
[2026-05-16T11:03:35.270+0000] {processor.py:840} INFO - DAG(s) 'example_sensors' retrieved from /home/airflow/.local/lib/python3.12/site-packages/airflow/example_dags/example_sensors.py
[2026-05-16T11:03:35.305+0000] {logging_mixin.py:188} INFO - [2026-05-16T11:03:35.305+0000] {dag.py:3089} INFO - Sync 1 DAGs
[2026-05-16T11:03:35.309+0000] {logging_mixin.py:188} INFO - [2026-05-16T11:03:35.308+0000] {dag.py:3947} INFO - Setting next_dagrun for example_sensors to None, run_after=None
[2026-05-16T11:03:35.315+0000] {processor.py:183} INFO - Processing /home/airflow/.local/lib/python3.12/site-packages/airflow/example_dags/example_sensors.py took 0.051 seconds
[2026-05-16T11:04:05.986+0000] {processor.py:161} INFO - Started process (PID=5871) to work on /home/airflow/.local/lib/python3.12/site-packages/airflow/example_dags/example_sensors.py
[2026-05-16T11:04:05.986+0000] {processor.py:830} INFO - Processing file /home/airflow/.local/lib/python3.12/site-packages/airflow/example_dags/example_sensors.py for tasks to queue
[2026-05-16T11:04:05.986+0000] {logging_mixin.py:188} INFO - [2026-05-16T11:04:05.986+0000] {dagbag.py:545} INFO - Filling up the DagBag from /home/airflow/.local/lib/python3.12/site-packages/airflow/example_dags/example_sensors.py
[2026-05-16T11:04:05.990+0000] {processor.py:840} INFO - DAG(s) 'example_sensors' retrieved from /home/airflow/.local/lib/python3.12/site-packages/airflow/example_dags/example_sensors.py
[2026-05-16T11:04:05.998+0000] {logging_mixin.py:188} INFO - [2026-05-16T11:04:05.998+0000] {dag.py:3089} INFO - Sync 1 DAGs
[2026-05-16T11:04:06.002+0000] {logging_mixin.py:188} INFO - [2026-05-16T11:04:06.002+0000] {dag.py:3947} INFO - Setting next_dagrun for example_sensors to None, run_after=None
[2026-05-16T11:04:06.008+0000] {processor.py:183} INFO - Processing /home/airflow/.local/lib/python3.12/site-packages/airflow/example_dags/example_sensors.py took 0.024 seconds
[2026-05-16T11:04:36.785+0000] {processor.py:161} INFO - Started process (PID=5931) to work on /home/airflow/.local/lib/python3.12/site-packages/airflow/example_dags/example_sensors.py
[2026-05-16T11:04:36.786+0000] {processor.py:830} INFO - Processing file /home/airflow/.local/lib/python3.12/site-packages/airflow/example_dags/example_sensors.py for tasks to queue
[2026-05-16T11:04:36.786+0000] {logging_mixin.py:188} INFO - [2026-05-16T11:04:36.786+0000] {dagbag.py:545} INFO - Filling up the DagBag from /home/airflow/.local/lib/python3.12/site-packages/airflow/example_dags/example_sensors.py
[2026-05-16T11:04:36.790+0000] {processor.py:840} INFO - DAG(s) 'example_sensors' retrieved from /home/airflow/.local/lib/python3.12/site-packages/airflow/example_dags/example_sensors.py
[2026-05-16T11:04:36.799+0000] {logging_mixin.py:188} INFO - [2026-05-16T11:04:36.799+0000] {dag.py:3089} INFO - Sync 1 DAGs
[2026-05-16T11:04:36.803+0000] {logging_mixin.py:188} INFO - [2026-05-16T11:04:36.803+0000] {dag.py:3947} INFO - Setting next_dagrun for example_sensors to None, run_after=None
[2026-05-16T11:04:36.809+0000] {processor.py:183} INFO - Processing /home/airflow/.local/lib/python3.12/site-packages/airflow/example_dags/example_sensors.py took 0.026 seconds
[2026-05-16T11:05:07.813+0000] {processor.py:161} INFO - Started process (PID=5991) to work on /home/airflow/.local/lib/python3.12/site-packages/airflow/example_dags/example_sensors.py
[2026-05-16T11:05:07.814+0000] {processor.py:830} INFO - Processing file /home/airflow/.local/lib/python3.12/site-packages/airflow/example_dags/example_sensors.py for tasks to queue
[2026-05-16T11:05:07.814+0000] {logging_mixin.py:188} INFO - [2026-05-16T11:05:07.814+0000] {dagbag.py:545} INFO - Filling up the DagBag from /home/airflow/.local/lib/python3.12/site-packages/airflow/example_dags/example_sensors.py
[2026-05-16T11:05:07.818+0000] {processor.py:840} INFO - DAG(s) 'example_sensors' retrieved from /home/airflow/.local/lib/python3.12/site-packages/airflow/example_dags/example_sensors.py
[2026-05-16T11:05:07.827+0000] {logging_mixin.py:188} INFO - [2026-05-16T11:05:07.827+0000] {dag.py:3089} INFO - Sync 1 DAGs
[2026-05-16T11:05:07.833+0000] {logging_mixin.py:188} INFO - [2026-05-16T11:05:07.833+0000] {dag.py:3947} INFO - Setting next_dagrun for example_sensors to None, run_after=None
[2026-05-16T11:05:07.839+0000] {processor.py:183} INFO - Processing /home/airflow/.local/lib/python3.12/site-packages/airflow/example_dags/example_sensors.py took 0.028 seconds
[2026-05-16T11:05:38.577+0000] {processor.py:161} INFO - Started process (PID=6051) to work on /home/airflow/.local/lib/python3.12/site-packages/airflow/example_dags/example_sensors.py
[2026-05-16T11:05:38.580+0000] {processor.py:830} INFO - Processing file /home/airflow/.local/lib/python3.12/site-packages/airflow/example_dags/example_sensors.py for tasks to queue
[2026-05-16T11:05:38.580+0000] {logging_mixin.py:188} INFO - [2026-05-16T11:05:38.580+0000] {dagbag.py:545} INFO - Filling up the DagBag from /home/airflow/.local/lib/python3.12/site-packages/airflow/example_dags/example_sensors.py
[2026-05-16T11:05:38.594+0000] {processor.py:840} INFO - DAG(s) 'example_sensors' retrieved from /home/airflow/.local/lib/python3.12/site-packages/airflow/example_dags/example_sensors.py
[2026-05-16T11:05:38.610+0000] {logging_mixin.py:188} INFO - [2026-05-16T11:05:38.610+0000] {dag.py:3089} INFO - Sync 1 DAGs
[2026-05-16T11:05:38.618+0000] {logging_mixin.py:188} INFO - [2026-05-16T11:05:38.618+0000] {dag.py:3947} INFO - Setting next_dagrun for example_sensors to None, run_after=None
[2026-05-16T11:05:38.630+0000] {processor.py:183} INFO - Processing /home/airflow/.local/lib/python3.12/site-packages/airflow/example_dags/example_sensors.py took 0.060 seconds
[2026-05-16T11:06:09.306+0000] {processor.py:161} INFO - Started process (PID=6111) to work on /home/airflow/.local/lib/python3.12/site-packages/airflow/example_dags/example_sensors.py
[2026-05-16T11:06:09.308+0000] {processor.py:830} INFO - Processing file /home/airflow/.local/lib/python3.12/site-packages/airflow/example_dags/example_sensors.py for tasks to queue
[2026-05-16T11:06:09.308+0000] {logging_mixin.py:188} INFO - [2026-05-16T11:06:09.308+0000] {dagbag.py:545} INFO - Filling up the DagBag from /home/airflow/.local/lib/python3.12/site-packages/airflow/example_dags/example_sensors.py
[2026-05-16T11:06:09.315+0000] {processor.py:840} INFO - DAG(s) 'example_sensors' retrieved from /home/airflow/.local/lib/python3.12/site-packages/airflow/example_dags/example_sensors.py
[2026-05-16T11:06:09.330+0000] {logging_mixin.py:188} INFO - [2026-05-16T11:06:09.330+0000] {dag.py:3089} INFO - Sync 1 DAGs
[2026-05-16T11:06:09.334+0000] {logging_mixin.py:188} INFO - [2026-05-16T11:06:09.334+0000] {dag.py:3947} INFO - Setting next_dagrun for example_sensors to None, run_after=None
[2026-05-16T11:06:09.339+0000] {processor.py:183} INFO - Processing /home/airflow/.local/lib/python3.12/site-packages/airflow/example_dags/example_sensors.py took 0.038 seconds
[2026-05-16T11:06:40.108+0000] {processor.py:161} INFO - Started process (PID=6171) to work on /home/airflow/.local/lib/python3.12/site-packages/airflow/example_dags/example_sensors.py
[2026-05-16T11:06:40.109+0000] {processor.py:830} INFO - Processing file /home/airflow/.local/lib/python3.12/site-packages/airflow/example_dags/example_sensors.py for tasks to queue
[2026-05-16T11:06:40.109+0000] {logging_mixin.py:188} INFO - [2026-05-16T11:06:40.109+0000] {dagbag.py:545} INFO - Filling up the DagBag from /home/airflow/.local/lib/python3.12/site-packages/airflow/example_dags/example_sensors.py
[2026-05-16T11:06:40.113+0000] {processor.py:840} INFO - DAG(s) 'example_sensors' retrieved from /home/airflow/.local/lib/python3.12/site-packages/airflow/example_dags/example_sensors.py
[2026-05-16T11:06:40.121+0000] {logging_mixin.py:188} INFO - [2026-05-16T11:06:40.121+0000] {dag.py:3089} INFO - Sync 1 DAGs
[2026-05-16T11:06:40.125+0000] {logging_mixin.py:188} INFO - [2026-05-16T11:06:40.125+0000] {dag.py:3947} INFO - Setting next_dagrun for example_sensors to None, run_after=None
[2026-05-16T11:06:40.130+0000] {processor.py:183} INFO - Processing /home/airflow/.local/lib/python3.12/site-packages/airflow/example_dags/example_sensors.py took 0.024 seconds
[2026-05-16T11:07:10.930+0000] {processor.py:161} INFO - Started process (PID=6231) to work on /home/airflow/.local/lib/python3.12/site-packages/airflow/example_dags/example_sensors.py
[2026-05-16T11:07:10.931+0000] {processor.py:830} INFO - Processing file /home/airflow/.local/lib/python3.12/site-packages/airflow/example_dags/example_sensors.py for tasks to queue
[2026-05-16T11:07:10.932+0000] {logging_mixin.py:188} INFO - [2026-05-16T11:07:10.932+0000] {dagbag.py:545} INFO - Filling up the DagBag from /home/airflow/.local/lib/python3.12/site-packages/airflow/example_dags/example_sensors.py
[2026-05-16T11:07:10.939+0000] {processor.py:840} INFO - DAG(s) 'example_sensors' retrieved from /home/airflow/.local/lib/python3.12/site-packages/airflow/example_dags/example_sensors.py
[2026-05-16T11:07:10.956+0000] {logging_mixin.py:188} INFO - [2026-05-16T11:07:10.956+0000] {dag.py:3089} INFO - Sync 1 DAGs
[2026-05-16T11:07:10.963+0000] {logging_mixin.py:188} INFO - [2026-05-16T11:07:10.963+0000] {dag.py:3947} INFO - Setting next_dagrun for example_sensors to None, run_after=None
[2026-05-16T11:07:10.970+0000] {processor.py:183} INFO - Processing /home/airflow/.local/lib/python3.12/site-packages/airflow/example_dags/example_sensors.py took 0.045 seconds
[2026-05-16T11:07:41.478+0000] {processor.py:161} INFO - Started process (PID=6291) to work on /home/airflow/.local/lib/python3.12/site-packages/airflow/example_dags/example_sensors.py
[2026-05-16T11:07:41.480+0000] {processor.py:830} INFO - Processing file /home/airflow/.local/lib/python3.12/site-packages/airflow/example_dags/example_sensors.py for tasks to queue
[2026-05-16T11:07:41.481+0000] {logging_mixin.py:188} INFO - [2026-05-16T11:07:41.480+0000] {dagbag.py:545} INFO - Filling up the DagBag from /home/airflow/.local/lib/python3.12/site-packages/airflow/example_dags/example_sensors.py
[2026-05-16T11:07:41.487+0000] {processor.py:840} INFO - DAG(s) 'example_sensors' retrieved from /home/airflow/.local/lib/python3.12/site-packages/airflow/example_dags/example_sensors.py
[2026-05-16T11:07:41.500+0000] {logging_mixin.py:188} INFO - [2026-05-16T11:07:41.500+0000] {dag.py:3089} INFO - Sync 1 DAGs
[2026-05-16T11:07:41.507+0000] {logging_mixin.py:188} INFO - [2026-05-16T11:07:41.506+0000] {dag.py:3947} INFO - Setting next_dagrun for example_sensors to None, run_after=None
[2026-05-16T11:07:41.511+0000] {processor.py:183} INFO - Processing /home/airflow/.local/lib/python3.12/site-packages/airflow/example_dags/example_sensors.py took 0.037 seconds
[2026-05-16T11:08:12.037+0000] {processor.py:161} INFO - Started process (PID=6351) to work on /home/airflow/.local/lib/python3.12/site-packages/airflow/example_dags/example_sensors.py
[2026-05-16T11:08:12.037+0000] {processor.py:830} INFO - Processing file /home/airflow/.local/lib/python3.12/site-packages/airflow/example_dags/example_sensors.py for tasks to queue
[2026-05-16T11:08:12.038+0000] {logging_mixin.py:188} INFO - [2026-05-16T11:08:12.038+0000] {dagbag.py:545} INFO - Filling up the DagBag from /home/airflow/.local/lib/python3.12/site-packages/airflow/example_dags/example_sensors.py
[2026-05-16T11:08:12.042+0000] {processor.py:840} INFO - DAG(s) 'example_sensors' retrieved from /home/airflow/.local/lib/python3.12/site-packages/airflow/example_dags/example_sensors.py
[2026-05-16T11:08:12.050+0000] {logging_mixin.py:188} INFO - [2026-05-16T11:08:12.050+0000] {dag.py:3089} INFO - Sync 1 DAGs
[2026-05-16T11:08:12.055+0000] {logging_mixin.py:188} INFO - [2026-05-16T11:08:12.055+0000] {dag.py:3947} INFO - Setting next_dagrun for example_sensors to None, run_after=None
[2026-05-16T11:08:12.060+0000] {processor.py:183} INFO - Processing /home/airflow/.local/lib/python3.12/site-packages/airflow/example_dags/example_sensors.py took 0.025 seconds
[2026-05-16T11:08:42.486+0000] {processor.py:161} INFO - Started process (PID=6411) to work on /home/airflow/.local/lib/python3.12/site-packages/airflow/example_dags/example_sensors.py
[2026-05-16T11:08:42.486+0000] {processor.py:830} INFO - Processing file /home/airflow/.local/lib/python3.12/site-packages/airflow/example_dags/example_sensors.py for tasks to queue
[2026-05-16T11:08:42.487+0000] {logging_mixin.py:188} INFO - [2026-05-16T11:08:42.487+0000] {dagbag.py:545} INFO - Filling up the DagBag from /home/airflow/.local/lib/python3.12/site-packages/airflow/example_dags/example_sensors.py
[2026-05-16T11:08:42.490+0000] {processor.py:840} INFO - DAG(s) 'example_sensors' retrieved from /home/airflow/.local/lib/python3.12/site-packages/airflow/example_dags/example_sensors.py
[2026-05-16T11:08:42.498+0000] {logging_mixin.py:188} INFO - [2026-05-16T11:08:42.498+0000] {dag.py:3089} INFO - Sync 1 DAGs
[2026-05-16T11:08:42.502+0000] {logging_mixin.py:188} INFO - [2026-05-16T11:08:42.502+0000] {dag.py:3947} INFO - Setting next_dagrun for example_sensors to None, run_after=None
[2026-05-16T11:08:42.509+0000] {processor.py:183} INFO - Processing /home/airflow/.local/lib/python3.12/site-packages/airflow/example_dags/example_sensors.py took 0.025 seconds
[2026-05-16T11:09:13.037+0000] {processor.py:161} INFO - Started process (PID=6471) to work on /home/airflow/.local/lib/python3.12/site-packages/airflow/example_dags/example_sensors.py
[2026-05-16T11:09:13.037+0000] {processor.py:830} INFO - Processing file /home/airflow/.local/lib/python3.12/site-packages/airflow/example_dags/example_sensors.py for tasks to queue
[2026-05-16T11:09:13.038+0000] {logging_mixin.py:188} INFO - [2026-05-16T11:09:13.037+0000] {dagbag.py:545} INFO - Filling up the DagBag from /home/airflow/.local/lib/python3.12/site-packages/airflow/example_dags/example_sensors.py
[2026-05-16T11:09:13.041+0000] {processor.py:840} INFO - DAG(s) 'example_sensors' retrieved from /home/airflow/.local/lib/python3.12/site-packages/airflow/example_dags/example_sensors.py
[2026-05-16T11:09:13.049+0000] {logging_mixin.py:188} INFO - [2026-05-16T11:09:13.049+0000] {dag.py:3089} INFO - Sync 1 DAGs
[2026-05-16T11:09:13.053+0000] {logging_mixin.py:188} INFO - [2026-05-16T11:09:13.053+0000] {dag.py:3947} INFO - Setting next_dagrun for example_sensors to None, run_after=None
[2026-05-16T11:09:13.058+0000] {processor.py:183} INFO - Processing /home/airflow/.local/lib/python3.12/site-packages/airflow/example_dags/example_sensors.py took 0.024 seconds
[2026-05-16T11:09:43.483+0000] {processor.py:161} INFO - Started process (PID=6531) to work on /home/airflow/.local/lib/python3.12/site-packages/airflow/example_dags/example_sensors.py
[2026-05-16T11:09:43.484+0000] {processor.py:830} INFO - Processing file /home/airflow/.local/lib/python3.12/site-packages/airflow/example_dags/example_sensors.py for tasks to queue
[2026-05-16T11:09:43.484+0000] {logging_mixin.py:188} INFO - [2026-05-16T11:09:43.484+0000] {dagbag.py:545} INFO - Filling up the DagBag from /home/airflow/.local/lib/python3.12/site-packages/airflow/example_dags/example_sensors.py
[2026-05-16T11:09:43.488+0000] {processor.py:840} INFO - DAG(s) 'example_sensors' retrieved from /home/airflow/.local/lib/python3.12/site-packages/airflow/example_dags/example_sensors.py
[2026-05-16T11:09:43.496+0000] {logging_mixin.py:188} INFO - [2026-05-16T11:09:43.495+0000] {dag.py:3089} INFO - Sync 1 DAGs
[2026-05-16T11:09:43.500+0000] {logging_mixin.py:188} INFO - [2026-05-16T11:09:43.500+0000] {dag.py:3947} INFO - Setting next_dagrun for example_sensors to None, run_after=None
[2026-05-16T11:09:43.505+0000] {processor.py:183} INFO - Processing /home/airflow/.local/lib/python3.12/site-packages/airflow/example_dags/example_sensors.py took 0.024 seconds
[2026-05-16T11:10:13.939+0000] {processor.py:161} INFO - Started process (PID=6591) to work on /home/airflow/.local/lib/python3.12/site-packages/airflow/example_dags/example_sensors.py
[2026-05-16T11:10:13.940+0000] {processor.py:830} INFO - Processing file /home/airflow/.local/lib/python3.12/site-packages/airflow/example_dags/example_sensors.py for tasks to queue
[2026-05-16T11:10:13.940+0000] {logging_mixin.py:188} INFO - [2026-05-16T11:10:13.940+0000] {dagbag.py:545} INFO - Filling up the DagBag from /home/airflow/.local/lib/python3.12/site-packages/airflow/example_dags/example_sensors.py
[2026-05-16T11:10:13.944+0000] {processor.py:840} INFO - DAG(s) 'example_sensors' retrieved from /home/airflow/.local/lib/python3.12/site-packages/airflow/example_dags/example_sensors.py
[2026-05-16T11:10:13.953+0000] {logging_mixin.py:188} INFO - [2026-05-16T11:10:13.953+0000] {dag.py:3089} INFO - Sync 1 DAGs
[2026-05-16T11:10:13.958+0000] {logging_mixin.py:188} INFO - [2026-05-16T11:10:13.958+0000] {dag.py:3947} INFO - Setting next_dagrun for example_sensors to None, run_after=None
[2026-05-16T11:10:13.964+0000] {processor.py:183} INFO - Processing /home/airflow/.local/lib/python3.12/site-packages/airflow/example_dags/example_sensors.py took 0.027 seconds
[2026-05-16T11:10:44.528+0000] {processor.py:161} INFO - Started process (PID=6651) to work on /home/airflow/.local/lib/python3.12/site-packages/airflow/example_dags/example_sensors.py
[2026-05-16T11:10:44.529+0000] {processor.py:830} INFO - Processing file /home/airflow/.local/lib/python3.12/site-packages/airflow/example_dags/example_sensors.py for tasks to queue
[2026-05-16T11:10:44.529+0000] {logging_mixin.py:188} INFO - [2026-05-16T11:10:44.529+0000] {dagbag.py:545} INFO - Filling up the DagBag from /home/airflow/.local/lib/python3.12/site-packages/airflow/example_dags/example_sensors.py
[2026-05-16T11:10:44.533+0000] {processor.py:840} INFO - DAG(s) 'example_sensors' retrieved from /home/airflow/.local/lib/python3.12/site-packages/airflow/example_dags/example_sensors.py
[2026-05-16T11:10:44.542+0000] {logging_mixin.py:188} INFO - [2026-05-16T11:10:44.542+0000] {dag.py:3089} INFO - Sync 1 DAGs
[2026-05-16T11:10:44.547+0000] {logging_mixin.py:188} INFO - [2026-05-16T11:10:44.547+0000] {dag.py:3947} INFO - Setting next_dagrun for example_sensors to None, run_after=None
[2026-05-16T11:10:44.552+0000] {processor.py:183} INFO - Processing /home/airflow/.local/lib/python3.12/site-packages/airflow/example_dags/example_sensors.py took 0.027 seconds
[2026-05-16T11:11:15.122+0000] {processor.py:161} INFO - Started process (PID=6711) to work on /home/airflow/.local/lib/python3.12/site-packages/airflow/example_dags/example_sensors.py
[2026-05-16T11:11:15.122+0000] {processor.py:830} INFO - Processing file /home/airflow/.local/lib/python3.12/site-packages/airflow/example_dags/example_sensors.py for tasks to queue
[2026-05-16T11:11:15.122+0000] {logging_mixin.py:188} INFO - [2026-05-16T11:11:15.122+0000] {dagbag.py:545} INFO - Filling up the DagBag from /home/airflow/.local/lib/python3.12/site-packages/airflow/example_dags/example_sensors.py
[2026-05-16T11:11:15.126+0000] {processor.py:840} INFO - DAG(s) 'example_sensors' retrieved from /home/airflow/.local/lib/python3.12/site-packages/airflow/example_dags/example_sensors.py
[2026-05-16T11:11:15.134+0000] {logging_mixin.py:188} INFO - [2026-05-16T11:11:15.134+0000] {dag.py:3089} INFO - Sync 1 DAGs
[2026-05-16T11:11:15.139+0000] {logging_mixin.py:188} INFO - [2026-05-16T11:11:15.138+0000] {dag.py:3947} INFO - Setting next_dagrun for example_sensors to None, run_after=None
[2026-05-16T11:11:15.143+0000] {processor.py:183} INFO - Processing /home/airflow/.local/lib/python3.12/site-packages/airflow/example_dags/example_sensors.py took 0.024 seconds
[2026-05-16T11:11:45.635+0000] {processor.py:161} INFO - Started process (PID=6771) to work on /home/airflow/.local/lib/python3.12/site-packages/airflow/example_dags/example_sensors.py
[2026-05-16T11:11:45.635+0000] {processor.py:830} INFO - Processing file /home/airflow/.local/lib/python3.12/site-packages/airflow/example_dags/example_sensors.py for tasks to queue
[2026-05-16T11:11:45.636+0000] {logging_mixin.py:188} INFO - [2026-05-16T11:11:45.635+0000] {dagbag.py:545} INFO - Filling up the DagBag from /home/airflow/.local/lib/python3.12/site-packages/airflow/example_dags/example_sensors.py
[2026-05-16T11:11:45.640+0000] {processor.py:840} INFO - DAG(s) 'example_sensors' retrieved from /home/airflow/.local/lib/python3.12/site-packages/airflow/example_dags/example_sensors.py
[2026-05-16T11:11:45.654+0000] {logging_mixin.py:188} INFO - [2026-05-16T11:11:45.654+0000] {dag.py:3089} INFO - Sync 1 DAGs
[2026-05-16T11:11:45.659+0000] {logging_mixin.py:188} INFO - [2026-05-16T11:11:45.659+0000] {dag.py:3947} INFO - Setting next_dagrun for example_sensors to None, run_after=None
[2026-05-16T11:11:45.668+0000] {processor.py:183} INFO - Processing /home/airflow/.local/lib/python3.12/site-packages/airflow/example_dags/example_sensors.py took 0.036 seconds
[2026-05-16T11:12:16.882+0000] {processor.py:161} INFO - Started process (PID=6831) to work on /home/airflow/.local/lib/python3.12/site-packages/airflow/example_dags/example_sensors.py
[2026-05-16T11:12:16.882+0000] {processor.py:830} INFO - Processing file /home/airflow/.local/lib/python3.12/site-packages/airflow/example_dags/example_sensors.py for tasks to queue
[2026-05-16T11:12:16.882+0000] {logging_mixin.py:188} INFO - [2026-05-16T11:12:16.882+0000] {dagbag.py:545} INFO - Filling up the DagBag from /home/airflow/.local/lib/python3.12/site-packages/airflow/example_dags/example_sensors.py
[2026-05-16T11:12:16.886+0000] {processor.py:840} INFO - DAG(s) 'example_sensors' retrieved from /home/airflow/.local/lib/python3.12/site-packages/airflow/example_dags/example_sensors.py
[2026-05-16T11:12:16.893+0000] {logging_mixin.py:188} INFO - [2026-05-16T11:12:16.893+0000] {dag.py:3089} INFO - Sync 1 DAGs
[2026-05-16T11:12:16.897+0000] {logging_mixin.py:188} INFO - [2026-05-16T11:12:16.897+0000] {dag.py:3947} INFO - Setting next_dagrun for example_sensors to None, run_after=None
[2026-05-16T11:12:16.901+0000] {processor.py:183} INFO - Processing /home/airflow/.local/lib/python3.12/site-packages/airflow/example_dags/example_sensors.py took 0.021 seconds
[2026-05-16T11:12:47.896+0000] {processor.py:161} INFO - Started process (PID=6891) to work on /home/airflow/.local/lib/python3.12/site-packages/airflow/example_dags/example_sensors.py
[2026-05-16T11:12:47.897+0000] {processor.py:830} INFO - Processing file /home/airflow/.local/lib/python3.12/site-packages/airflow/example_dags/example_sensors.py for tasks to queue
[2026-05-16T11:12:47.897+0000] {logging_mixin.py:188} INFO - [2026-05-16T11:12:47.897+0000] {dagbag.py:545} INFO - Filling up the DagBag from /home/airflow/.local/lib/python3.12/site-packages/airflow/example_dags/example_sensors.py
[2026-05-16T11:12:47.901+0000] {processor.py:840} INFO - DAG(s) 'example_sensors' retrieved from /home/airflow/.local/lib/python3.12/site-packages/airflow/example_dags/example_sensors.py
[2026-05-16T11:12:47.978+0000] {logging_mixin.py:188} INFO - [2026-05-16T11:12:47.978+0000] {dag.py:3089} INFO - Sync 1 DAGs
[2026-05-16T11:12:47.981+0000] {logging_mixin.py:188} INFO - [2026-05-16T11:12:47.981+0000] {dag.py:3947} INFO - Setting next_dagrun for example_sensors to None, run_after=None
[2026-05-16T11:12:47.986+0000] {processor.py:183} INFO - Processing /home/airflow/.local/lib/python3.12/site-packages/airflow/example_dags/example_sensors.py took 0.092 seconds
[2026-05-16T11:13:18.753+0000] {processor.py:161} INFO - Started process (PID=6951) to work on /home/airflow/.local/lib/python3.12/site-packages/airflow/example_dags/example_sensors.py
[2026-05-16T11:13:18.754+0000] {processor.py:830} INFO - Processing file /home/airflow/.local/lib/python3.12/site-packages/airflow/example_dags/example_sensors.py for tasks to queue
[2026-05-16T11:13:18.754+0000] {logging_mixin.py:188} INFO - [2026-05-16T11:13:18.754+0000] {dagbag.py:545} INFO - Filling up the DagBag from /home/airflow/.local/lib/python3.12/site-packages/airflow/example_dags/example_sensors.py
[2026-05-16T11:13:18.758+0000] {processor.py:840} INFO - DAG(s) 'example_sensors' retrieved from /home/airflow/.local/lib/python3.12/site-packages/airflow/example_dags/example_sensors.py
[2026-05-16T11:13:18.767+0000] {logging_mixin.py:188} INFO - [2026-05-16T11:13:18.766+0000] {dag.py:3089} INFO - Sync 1 DAGs
[2026-05-16T11:13:18.841+0000] {logging_mixin.py:188} INFO - [2026-05-16T11:13:18.841+0000] {dag.py:3947} INFO - Setting next_dagrun for example_sensors to None, run_after=None
[2026-05-16T11:13:18.845+0000] {processor.py:183} INFO - Processing /home/airflow/.local/lib/python3.12/site-packages/airflow/example_dags/example_sensors.py took 0.094 seconds
[2026-05-16T11:13:49.418+0000] {processor.py:161} INFO - Started process (PID=7011) to work on /home/airflow/.local/lib/python3.12/site-packages/airflow/example_dags/example_sensors.py
[2026-05-16T11:13:49.418+0000] {processor.py:830} INFO - Processing file /home/airflow/.local/lib/python3.12/site-packages/airflow/example_dags/example_sensors.py for tasks to queue
[2026-05-16T11:13:49.418+0000] {logging_mixin.py:188} INFO - [2026-05-16T11:13:49.418+0000] {dagbag.py:545} INFO - Filling up the DagBag from /home/airflow/.local/lib/python3.12/site-packages/airflow/example_dags/example_sensors.py
[2026-05-16T11:13:49.421+0000] {processor.py:840} INFO - DAG(s) 'example_sensors' retrieved from /home/airflow/.local/lib/python3.12/site-packages/airflow/example_dags/example_sensors.py
[2026-05-16T11:13:49.429+0000] {logging_mixin.py:188} INFO - [2026-05-16T11:13:49.429+0000] {dag.py:3089} INFO - Sync 1 DAGs
[2026-05-16T11:13:49.433+0000] {logging_mixin.py:188} INFO - [2026-05-16T11:13:49.433+0000] {dag.py:3947} INFO - Setting next_dagrun for example_sensors to None, run_after=None
[2026-05-16T11:13:49.506+0000] {processor.py:183} INFO - Processing /home/airflow/.local/lib/python3.12/site-packages/airflow/example_dags/example_sensors.py took 0.090 seconds
[2026-05-16T11:14:19.798+0000] {processor.py:161} INFO - Started process (PID=7071) to work on /home/airflow/.local/lib/python3.12/site-packages/airflow/example_dags/example_sensors.py
[2026-05-16T11:14:19.798+0000] {processor.py:830} INFO - Processing file /home/airflow/.local/lib/python3.12/site-packages/airflow/example_dags/example_sensors.py for tasks to queue
[2026-05-16T11:14:19.799+0000] {logging_mixin.py:188} INFO - [2026-05-16T11:14:19.799+0000] {dagbag.py:545} INFO - Filling up the DagBag from /home/airflow/.local/lib/python3.12/site-packages/airflow/example_dags/example_sensors.py
[2026-05-16T11:14:19.802+0000] {processor.py:840} INFO - DAG(s) 'example_sensors' retrieved from /home/airflow/.local/lib/python3.12/site-packages/airflow/example_dags/example_sensors.py
[2026-05-16T11:14:19.810+0000] {logging_mixin.py:188} INFO - [2026-05-16T11:14:19.810+0000] {dag.py:3089} INFO - Sync 1 DAGs
[2026-05-16T11:14:19.814+0000] {logging_mixin.py:188} INFO - [2026-05-16T11:14:19.814+0000] {dag.py:3947} INFO - Setting next_dagrun for example_sensors to None, run_after=None
[2026-05-16T11:14:19.820+0000] {processor.py:183} INFO - Processing /home/airflow/.local/lib/python3.12/site-packages/airflow/example_dags/example_sensors.py took 0.024 seconds
[2026-05-16T11:14:50.204+0000] {processor.py:161} INFO - Started process (PID=7131) to work on /home/airflow/.local/lib/python3.12/site-packages/airflow/example_dags/example_sensors.py
[2026-05-16T11:14:50.204+0000] {processor.py:830} INFO - Processing file /home/airflow/.local/lib/python3.12/site-packages/airflow/example_dags/example_sensors.py for tasks to queue
[2026-05-16T11:14:50.204+0000] {logging_mixin.py:188} INFO - [2026-05-16T11:14:50.204+0000] {dagbag.py:545} INFO - Filling up the DagBag from /home/airflow/.local/lib/python3.12/site-packages/airflow/example_dags/example_sensors.py
[2026-05-16T11:14:50.207+0000] {processor.py:840} INFO - DAG(s) 'example_sensors' retrieved from /home/airflow/.local/lib/python3.12/site-packages/airflow/example_dags/example_sensors.py
[2026-05-16T11:14:50.216+0000] {logging_mixin.py:188} INFO - [2026-05-16T11:14:50.216+0000] {dag.py:3089} INFO - Sync 1 DAGs
[2026-05-16T11:14:50.220+0000] {logging_mixin.py:188} INFO - [2026-05-16T11:14:50.219+0000] {dag.py:3947} INFO - Setting next_dagrun for example_sensors to None, run_after=None
[2026-05-16T11:14:50.225+0000] {processor.py:183} INFO - Processing /home/airflow/.local/lib/python3.12/site-packages/airflow/example_dags/example_sensors.py took 0.023 seconds
[2026-05-16T11:15:20.803+0000] {processor.py:161} INFO - Started process (PID=7190) to work on /home/airflow/.local/lib/python3.12/site-packages/airflow/example_dags/example_sensors.py
[2026-05-16T11:15:20.804+0000] {processor.py:830} INFO - Processing file /home/airflow/.local/lib/python3.12/site-packages/airflow/example_dags/example_sensors.py for tasks to queue
[2026-05-16T11:15:20.804+0000] {logging_mixin.py:188} INFO - [2026-05-16T11:15:20.804+0000] {dagbag.py:545} INFO - Filling up the DagBag from /home/airflow/.local/lib/python3.12/site-packages/airflow/example_dags/example_sensors.py
[2026-05-16T11:15:20.808+0000] {processor.py:840} INFO - DAG(s) 'example_sensors' retrieved from /home/airflow/.local/lib/python3.12/site-packages/airflow/example_dags/example_sensors.py
[2026-05-16T11:15:20.819+0000] {logging_mixin.py:188} INFO - [2026-05-16T11:15:20.819+0000] {dag.py:3089} INFO - Sync 1 DAGs
[2026-05-16T11:15:20.823+0000] {logging_mixin.py:188} INFO - [2026-05-16T11:15:20.823+0000] {dag.py:3947} INFO - Setting next_dagrun for example_sensors to None, run_after=None
[2026-05-16T11:15:20.829+0000] {processor.py:183} INFO - Processing /home/airflow/.local/lib/python3.12/site-packages/airflow/example_dags/example_sensors.py took 0.029 seconds
[2026-05-16T11:15:51.221+0000] {processor.py:161} INFO - Started process (PID=7250) to work on /home/airflow/.local/lib/python3.12/site-packages/airflow/example_dags/example_sensors.py
[2026-05-16T11:15:51.221+0000] {processor.py:830} INFO - Processing file /home/airflow/.local/lib/python3.12/site-packages/airflow/example_dags/example_sensors.py for tasks to queue
[2026-05-16T11:15:51.222+0000] {logging_mixin.py:188} INFO - [2026-05-16T11:15:51.221+0000] {dagbag.py:545} INFO - Filling up the DagBag from /home/airflow/.local/lib/python3.12/site-packages/airflow/example_dags/example_sensors.py
[2026-05-16T11:15:51.226+0000] {processor.py:840} INFO - DAG(s) 'example_sensors' retrieved from /home/airflow/.local/lib/python3.12/site-packages/airflow/example_dags/example_sensors.py
[2026-05-16T11:15:51.235+0000] {logging_mixin.py:188} INFO - [2026-05-16T11:15:51.235+0000] {dag.py:3089} INFO - Sync 1 DAGs
[2026-05-16T11:15:51.240+0000] {logging_mixin.py:188} INFO - [2026-05-16T11:15:51.240+0000] {dag.py:3947} INFO - Setting next_dagrun for example_sensors to None, run_after=None
[2026-05-16T11:15:51.246+0000] {processor.py:183} INFO - Processing /home/airflow/.local/lib/python3.12/site-packages/airflow/example_dags/example_sensors.py took 0.028 seconds
[2026-05-16T11:16:21.647+0000] {processor.py:161} INFO - Started process (PID=7310) to work on /home/airflow/.local/lib/python3.12/site-packages/airflow/example_dags/example_sensors.py
[2026-05-16T11:16:21.647+0000] {processor.py:830} INFO - Processing file /home/airflow/.local/lib/python3.12/site-packages/airflow/example_dags/example_sensors.py for tasks to queue
[2026-05-16T11:16:21.648+0000] {logging_mixin.py:188} INFO - [2026-05-16T11:16:21.648+0000] {dagbag.py:545} INFO - Filling up the DagBag from /home/airflow/.local/lib/python3.12/site-packages/airflow/example_dags/example_sensors.py
[2026-05-16T11:16:21.652+0000] {processor.py:840} INFO - DAG(s) 'example_sensors' retrieved from /home/airflow/.local/lib/python3.12/site-packages/airflow/example_dags/example_sensors.py
[2026-05-16T11:16:21.669+0000] {logging_mixin.py:188} INFO - [2026-05-16T11:16:21.669+0000] {dag.py:3089} INFO - Sync 1 DAGs
[2026-05-16T11:16:21.676+0000] {logging_mixin.py:188} INFO - [2026-05-16T11:16:21.676+0000] {dag.py:3947} INFO - Setting next_dagrun for example_sensors to None, run_after=None
[2026-05-16T11:16:21.686+0000] {processor.py:183} INFO - Processing /home/airflow/.local/lib/python3.12/site-packages/airflow/example_dags/example_sensors.py took 0.041 seconds
[2026-05-16T11:16:52.223+0000] {processor.py:161} INFO - Started process (PID=7370) to work on /home/airflow/.local/lib/python3.12/site-packages/airflow/example_dags/example_sensors.py
[2026-05-16T11:16:52.223+0000] {processor.py:830} INFO - Processing file /home/airflow/.local/lib/python3.12/site-packages/airflow/example_dags/example_sensors.py for tasks to queue
[2026-05-16T11:16:52.224+0000] {logging_mixin.py:188} INFO - [2026-05-16T11:16:52.224+0000] {dagbag.py:545} INFO - Filling up the DagBag from /home/airflow/.local/lib/python3.12/site-packages/airflow/example_dags/example_sensors.py
[2026-05-16T11:16:52.231+0000] {processor.py:840} INFO - DAG(s) 'example_sensors' retrieved from /home/airflow/.local/lib/python3.12/site-packages/airflow/example_dags/example_sensors.py
[2026-05-16T11:16:52.241+0000] {logging_mixin.py:188} INFO - [2026-05-16T11:16:52.241+0000] {dag.py:3089} INFO - Sync 1 DAGs
[2026-05-16T11:16:52.246+0000] {logging_mixin.py:188} INFO - [2026-05-16T11:16:52.246+0000] {dag.py:3947} INFO - Setting next_dagrun for example_sensors to None, run_after=None
[2026-05-16T11:16:52.256+0000] {processor.py:183} INFO - Processing /home/airflow/.local/lib/python3.12/site-packages/airflow/example_dags/example_sensors.py took 0.037 seconds
[2026-05-16T11:17:22.815+0000] {processor.py:161} INFO - Started process (PID=7430) to work on /home/airflow/.local/lib/python3.12/site-packages/airflow/example_dags/example_sensors.py
[2026-05-16T11:17:22.815+0000] {processor.py:830} INFO - Processing file /home/airflow/.local/lib/python3.12/site-packages/airflow/example_dags/example_sensors.py for tasks to queue
[2026-05-16T11:17:22.816+0000] {logging_mixin.py:188} INFO - [2026-05-16T11:17:22.816+0000] {dagbag.py:545} INFO - Filling up the DagBag from /home/airflow/.local/lib/python3.12/site-packages/airflow/example_dags/example_sensors.py
[2026-05-16T11:17:22.820+0000] {processor.py:840} INFO - DAG(s) 'example_sensors' retrieved from /home/airflow/.local/lib/python3.12/site-packages/airflow/example_dags/example_sensors.py
[2026-05-16T11:17:22.830+0000] {logging_mixin.py:188} INFO - [2026-05-16T11:17:22.830+0000] {dag.py:3089} INFO - Sync 1 DAGs
[2026-05-16T11:17:22.834+0000] {logging_mixin.py:188} INFO - [2026-05-16T11:17:22.834+0000] {dag.py:3947} INFO - Setting next_dagrun for example_sensors to None, run_after=None
[2026-05-16T11:17:22.840+0000] {processor.py:183} INFO - Processing /home/airflow/.local/lib/python3.12/site-packages/airflow/example_dags/example_sensors.py took 0.027 seconds
[2026-05-16T11:17:53.403+0000] {processor.py:161} INFO - Started process (PID=7490) to work on /home/airflow/.local/lib/python3.12/site-packages/airflow/example_dags/example_sensors.py
[2026-05-16T11:17:53.403+0000] {processor.py:830} INFO - Processing file /home/airflow/.local/lib/python3.12/site-packages/airflow/example_dags/example_sensors.py for tasks to queue
[2026-05-16T11:17:53.404+0000] {logging_mixin.py:188} INFO - [2026-05-16T11:17:53.404+0000] {dagbag.py:545} INFO - Filling up the DagBag from /home/airflow/.local/lib/python3.12/site-packages/airflow/example_dags/example_sensors.py
[2026-05-16T11:17:53.408+0000] {processor.py:840} INFO - DAG(s) 'example_sensors' retrieved from /home/airflow/.local/lib/python3.12/site-packages/airflow/example_dags/example_sensors.py
[2026-05-16T11:17:53.417+0000] {logging_mixin.py:188} INFO - [2026-05-16T11:17:53.417+0000] {dag.py:3089} INFO - Sync 1 DAGs
[2026-05-16T11:17:53.421+0000] {logging_mixin.py:188} INFO - [2026-05-16T11:17:53.421+0000] {dag.py:3947} INFO - Setting next_dagrun for example_sensors to None, run_after=None
[2026-05-16T11:17:53.430+0000] {processor.py:183} INFO - Processing /home/airflow/.local/lib/python3.12/site-packages/airflow/example_dags/example_sensors.py took 0.029 seconds
[2026-05-16T11:18:23.920+0000] {processor.py:161} INFO - Started process (PID=7550) to work on /home/airflow/.local/lib/python3.12/site-packages/airflow/example_dags/example_sensors.py
[2026-05-16T11:18:23.920+0000] {processor.py:830} INFO - Processing file /home/airflow/.local/lib/python3.12/site-packages/airflow/example_dags/example_sensors.py for tasks to queue
[2026-05-16T11:18:23.920+0000] {logging_mixin.py:188} INFO - [2026-05-16T11:18:23.920+0000] {dagbag.py:545} INFO - Filling up the DagBag from /home/airflow/.local/lib/python3.12/site-packages/airflow/example_dags/example_sensors.py
[2026-05-16T11:18:23.924+0000] {processor.py:840} INFO - DAG(s) 'example_sensors' retrieved from /home/airflow/.local/lib/python3.12/site-packages/airflow/example_dags/example_sensors.py
[2026-05-16T11:18:23.932+0000] {logging_mixin.py:188} INFO - [2026-05-16T11:18:23.932+0000] {dag.py:3089} INFO - Sync 1 DAGs
[2026-05-16T11:18:23.936+0000] {logging_mixin.py:188} INFO - [2026-05-16T11:18:23.936+0000] {dag.py:3947} INFO - Setting next_dagrun for example_sensors to None, run_after=None
[2026-05-16T11:18:23.941+0000] {processor.py:183} INFO - Processing /home/airflow/.local/lib/python3.12/site-packages/airflow/example_dags/example_sensors.py took 0.024 seconds
[2026-05-16T11:18:54.372+0000] {processor.py:161} INFO - Started process (PID=7610) to work on /home/airflow/.local/lib/python3.12/site-packages/airflow/example_dags/example_sensors.py
[2026-05-16T11:18:54.372+0000] {processor.py:830} INFO - Processing file /home/airflow/.local/lib/python3.12/site-packages/airflow/example_dags/example_sensors.py for tasks to queue
[2026-05-16T11:18:54.372+0000] {logging_mixin.py:188} INFO - [2026-05-16T11:18:54.372+0000] {dagbag.py:545} INFO - Filling up the DagBag from /home/airflow/.local/lib/python3.12/site-packages/airflow/example_dags/example_sensors.py
[2026-05-16T11:18:54.376+0000] {processor.py:840} INFO - DAG(s) 'example_sensors' retrieved from /home/airflow/.local/lib/python3.12/site-packages/airflow/example_dags/example_sensors.py
[2026-05-16T11:18:54.385+0000] {logging_mixin.py:188} INFO - [2026-05-16T11:18:54.385+0000] {dag.py:3089} INFO - Sync 1 DAGs
[2026-05-16T11:18:54.390+0000] {logging_mixin.py:188} INFO - [2026-05-16T11:18:54.390+0000] {dag.py:3947} INFO - Setting next_dagrun for example_sensors to None, run_after=None
[2026-05-16T11:18:54.395+0000] {processor.py:183} INFO - Processing /home/airflow/.local/lib/python3.12/site-packages/airflow/example_dags/example_sensors.py took 0.026 seconds
[2026-05-16T11:19:24.837+0000] {processor.py:161} INFO - Started process (PID=7670) to work on /home/airflow/.local/lib/python3.12/site-packages/airflow/example_dags/example_sensors.py
[2026-05-16T11:19:24.838+0000] {processor.py:830} INFO - Processing file /home/airflow/.local/lib/python3.12/site-packages/airflow/example_dags/example_sensors.py for tasks to queue
[2026-05-16T11:19:24.838+0000] {logging_mixin.py:188} INFO - [2026-05-16T11:19:24.838+0000] {dagbag.py:545} INFO - Filling up the DagBag from /home/airflow/.local/lib/python3.12/site-packages/airflow/example_dags/example_sensors.py
[2026-05-16T11:19:24.842+0000] {processor.py:840} INFO - DAG(s) 'example_sensors' retrieved from /home/airflow/.local/lib/python3.12/site-packages/airflow/example_dags/example_sensors.py
[2026-05-16T11:19:24.852+0000] {logging_mixin.py:188} INFO - [2026-05-16T11:19:24.851+0000] {dag.py:3089} INFO - Sync 1 DAGs
[2026-05-16T11:19:24.856+0000] {logging_mixin.py:188} INFO - [2026-05-16T11:19:24.856+0000] {dag.py:3947} INFO - Setting next_dagrun for example_sensors to None, run_after=None
[2026-05-16T11:19:24.861+0000] {processor.py:183} INFO - Processing /home/airflow/.local/lib/python3.12/site-packages/airflow/example_dags/example_sensors.py took 0.026 seconds
[2026-05-16T11:19:55.198+0000] {processor.py:161} INFO - Started process (PID=7730) to work on /home/airflow/.local/lib/python3.12/site-packages/airflow/example_dags/example_sensors.py
[2026-05-16T11:19:55.199+0000] {processor.py:830} INFO - Processing file /home/airflow/.local/lib/python3.12/site-packages/airflow/example_dags/example_sensors.py for tasks to queue
[2026-05-16T11:19:55.199+0000] {logging_mixin.py:188} INFO - [2026-05-16T11:19:55.199+0000] {dagbag.py:545} INFO - Filling up the DagBag from /home/airflow/.local/lib/python3.12/site-packages/airflow/example_dags/example_sensors.py
[2026-05-16T11:19:55.203+0000] {processor.py:840} INFO - DAG(s) 'example_sensors' retrieved from /home/airflow/.local/lib/python3.12/site-packages/airflow/example_dags/example_sensors.py
[2026-05-16T11:19:55.215+0000] {logging_mixin.py:188} INFO - [2026-05-16T11:19:55.215+0000] {dag.py:3089} INFO - Sync 1 DAGs
[2026-05-16T11:19:55.220+0000] {logging_mixin.py:188} INFO - [2026-05-16T11:19:55.220+0000] {dag.py:3947} INFO - Setting next_dagrun for example_sensors to None, run_after=None
[2026-05-16T11:19:55.230+0000] {processor.py:183} INFO - Processing /home/airflow/.local/lib/python3.12/site-packages/airflow/example_dags/example_sensors.py took 0.035 seconds
[2026-05-16T11:20:25.563+0000] {processor.py:161} INFO - Started process (PID=7790) to work on /home/airflow/.local/lib/python3.12/site-packages/airflow/example_dags/example_sensors.py
[2026-05-16T11:20:25.563+0000] {processor.py:830} INFO - Processing file /home/airflow/.local/lib/python3.12/site-packages/airflow/example_dags/example_sensors.py for tasks to queue
[2026-05-16T11:20:25.563+0000] {logging_mixin.py:188} INFO - [2026-05-16T11:20:25.563+0000] {dagbag.py:545} INFO - Filling up the DagBag from /home/airflow/.local/lib/python3.12/site-packages/airflow/example_dags/example_sensors.py
[2026-05-16T11:20:25.567+0000] {processor.py:840} INFO - DAG(s) 'example_sensors' retrieved from /home/airflow/.local/lib/python3.12/site-packages/airflow/example_dags/example_sensors.py
[2026-05-16T11:20:25.576+0000] {logging_mixin.py:188} INFO - [2026-05-16T11:20:25.576+0000] {dag.py:3089} INFO - Sync 1 DAGs
[2026-05-16T11:20:25.580+0000] {logging_mixin.py:188} INFO - [2026-05-16T11:20:25.580+0000] {dag.py:3947} INFO - Setting next_dagrun for example_sensors to None, run_after=None
[2026-05-16T11:20:25.586+0000] {processor.py:183} INFO - Processing /home/airflow/.local/lib/python3.12/site-packages/airflow/example_dags/example_sensors.py took 0.026 seconds
[2026-05-16T11:20:55.944+0000] {processor.py:161} INFO - Started process (PID=7850) to work on /home/airflow/.local/lib/python3.12/site-packages/airflow/example_dags/example_sensors.py
[2026-05-16T11:20:55.945+0000] {processor.py:830} INFO - Processing file /home/airflow/.local/lib/python3.12/site-packages/airflow/example_dags/example_sensors.py for tasks to queue
[2026-05-16T11:20:55.945+0000] {logging_mixin.py:188} INFO - [2026-05-16T11:20:55.945+0000] {dagbag.py:545} INFO - Filling up the DagBag from /home/airflow/.local/lib/python3.12/site-packages/airflow/example_dags/example_sensors.py
[2026-05-16T11:20:55.949+0000] {processor.py:840} INFO - DAG(s) 'example_sensors' retrieved from /home/airflow/.local/lib/python3.12/site-packages/airflow/example_dags/example_sensors.py
[2026-05-16T11:20:55.956+0000] {logging_mixin.py:188} INFO - [2026-05-16T11:20:55.956+0000] {dag.py:3089} INFO - Sync 1 DAGs
[2026-05-16T11:20:55.960+0000] {logging_mixin.py:188} INFO - [2026-05-16T11:20:55.960+0000] {dag.py:3947} INFO - Setting next_dagrun for example_sensors to None, run_after=None
[2026-05-16T11:20:55.965+0000] {processor.py:183} INFO - Processing /home/airflow/.local/lib/python3.12/site-packages/airflow/example_dags/example_sensors.py took 0.023 seconds
[2026-05-16T11:21:26.353+0000] {processor.py:161} INFO - Started process (PID=7910) to work on /home/airflow/.local/lib/python3.12/site-packages/airflow/example_dags/example_sensors.py
[2026-05-16T11:21:26.354+0000] {processor.py:830} INFO - Processing file /home/airflow/.local/lib/python3.12/site-packages/airflow/example_dags/example_sensors.py for tasks to queue
[2026-05-16T11:21:26.354+0000] {logging_mixin.py:188} INFO - [2026-05-16T11:21:26.354+0000] {dagbag.py:545} INFO - Filling up the DagBag from /home/airflow/.local/lib/python3.12/site-packages/airflow/example_dags/example_sensors.py
[2026-05-16T11:21:26.358+0000] {processor.py:840} INFO - DAG(s) 'example_sensors' retrieved from /home/airflow/.local/lib/python3.12/site-packages/airflow/example_dags/example_sensors.py
[2026-05-16T11:21:26.365+0000] {logging_mixin.py:188} INFO - [2026-05-16T11:21:26.365+0000] {dag.py:3089} INFO - Sync 1 DAGs
[2026-05-16T11:21:26.369+0000] {logging_mixin.py:188} INFO - [2026-05-16T11:21:26.369+0000] {dag.py:3947} INFO - Setting next_dagrun for example_sensors to None, run_after=None
[2026-05-16T11:21:26.374+0000] {processor.py:183} INFO - Processing /home/airflow/.local/lib/python3.12/site-packages/airflow/example_dags/example_sensors.py took 0.023 seconds
[2026-05-16T11:21:56.745+0000] {processor.py:161} INFO - Started process (PID=7971) to work on /home/airflow/.local/lib/python3.12/site-packages/airflow/example_dags/example_sensors.py
[2026-05-16T11:21:56.745+0000] {processor.py:830} INFO - Processing file /home/airflow/.local/lib/python3.12/site-packages/airflow/example_dags/example_sensors.py for tasks to queue
[2026-05-16T11:21:56.746+0000] {logging_mixin.py:188} INFO - [2026-05-16T11:21:56.745+0000] {dagbag.py:545} INFO - Filling up the DagBag from /home/airflow/.local/lib/python3.12/site-packages/airflow/example_dags/example_sensors.py
[2026-05-16T11:21:56.749+0000] {processor.py:840} INFO - DAG(s) 'example_sensors' retrieved from /home/airflow/.local/lib/python3.12/site-packages/airflow/example_dags/example_sensors.py
[2026-05-16T11:21:56.757+0000] {logging_mixin.py:188} INFO - [2026-05-16T11:21:56.757+0000] {dag.py:3089} INFO - Sync 1 DAGs
[2026-05-16T11:21:56.761+0000] {logging_mixin.py:188} INFO - [2026-05-16T11:21:56.761+0000] {dag.py:3947} INFO - Setting next_dagrun for example_sensors to None, run_after=None
[2026-05-16T11:21:56.766+0000] {processor.py:183} INFO - Processing /home/airflow/.local/lib/python3.12/site-packages/airflow/example_dags/example_sensors.py took 0.023 seconds
[2026-05-16T11:22:27.118+0000] {processor.py:161} INFO - Started process (PID=8031) to work on /home/airflow/.local/lib/python3.12/site-packages/airflow/example_dags/example_sensors.py
[2026-05-16T11:22:27.118+0000] {processor.py:830} INFO - Processing file /home/airflow/.local/lib/python3.12/site-packages/airflow/example_dags/example_sensors.py for tasks to queue
[2026-05-16T11:22:27.118+0000] {logging_mixin.py:188} INFO - [2026-05-16T11:22:27.118+0000] {dagbag.py:545} INFO - Filling up the DagBag from /home/airflow/.local/lib/python3.12/site-packages/airflow/example_dags/example_sensors.py
[2026-05-16T11:22:27.122+0000] {processor.py:840} INFO - DAG(s) 'example_sensors' retrieved from /home/airflow/.local/lib/python3.12/site-packages/airflow/example_dags/example_sensors.py
[2026-05-16T11:22:27.129+0000] {logging_mixin.py:188} INFO - [2026-05-16T11:22:27.129+0000] {dag.py:3089} INFO - Sync 1 DAGs
[2026-05-16T11:22:27.133+0000] {logging_mixin.py:188} INFO - [2026-05-16T11:22:27.133+0000] {dag.py:3947} INFO - Setting next_dagrun for example_sensors to None, run_after=None
[2026-05-16T11:22:27.138+0000] {processor.py:183} INFO - Processing /home/airflow/.local/lib/python3.12/site-packages/airflow/example_dags/example_sensors.py took 0.023 seconds
[2026-05-16T11:22:57.476+0000] {processor.py:161} INFO - Started process (PID=8091) to work on /home/airflow/.local/lib/python3.12/site-packages/airflow/example_dags/example_sensors.py
[2026-05-16T11:22:57.476+0000] {processor.py:830} INFO - Processing file /home/airflow/.local/lib/python3.12/site-packages/airflow/example_dags/example_sensors.py for tasks to queue
[2026-05-16T11:22:57.476+0000] {logging_mixin.py:188} INFO - [2026-05-16T11:22:57.476+0000] {dagbag.py:545} INFO - Filling up the DagBag from /home/airflow/.local/lib/python3.12/site-packages/airflow/example_dags/example_sensors.py
[2026-05-16T11:22:57.480+0000] {processor.py:840} INFO - DAG(s) 'example_sensors' retrieved from /home/airflow/.local/lib/python3.12/site-packages/airflow/example_dags/example_sensors.py
[2026-05-16T11:22:57.488+0000] {logging_mixin.py:188} INFO - [2026-05-16T11:22:57.488+0000] {dag.py:3089} INFO - Sync 1 DAGs
[2026-05-16T11:22:57.493+0000] {logging_mixin.py:188} INFO - [2026-05-16T11:22:57.492+0000] {dag.py:3947} INFO - Setting next_dagrun for example_sensors to None, run_after=None
[2026-05-16T11:22:57.497+0000] {processor.py:183} INFO - Processing /home/airflow/.local/lib/python3.12/site-packages/airflow/example_dags/example_sensors.py took 0.024 seconds
[2026-05-16T11:23:27.878+0000] {processor.py:161} INFO - Started process (PID=8151) to work on /home/airflow/.local/lib/python3.12/site-packages/airflow/example_dags/example_sensors.py
[2026-05-16T11:23:27.878+0000] {processor.py:830} INFO - Processing file /home/airflow/.local/lib/python3.12/site-packages/airflow/example_dags/example_sensors.py for tasks to queue
[2026-05-16T11:23:27.879+0000] {logging_mixin.py:188} INFO - [2026-05-16T11:23:27.879+0000] {dagbag.py:545} INFO - Filling up the DagBag from /home/airflow/.local/lib/python3.12/site-packages/airflow/example_dags/example_sensors.py
[2026-05-16T11:23:27.882+0000] {processor.py:840} INFO - DAG(s) 'example_sensors' retrieved from /home/airflow/.local/lib/python3.12/site-packages/airflow/example_dags/example_sensors.py
[2026-05-16T11:23:27.891+0000] {logging_mixin.py:188} INFO - [2026-05-16T11:23:27.891+0000] {dag.py:3089} INFO - Sync 1 DAGs
[2026-05-16T11:23:27.895+0000] {logging_mixin.py:188} INFO - [2026-05-16T11:23:27.895+0000] {dag.py:3947} INFO - Setting next_dagrun for example_sensors to None, run_after=None
[2026-05-16T11:23:27.899+0000] {processor.py:183} INFO - Processing /home/airflow/.local/lib/python3.12/site-packages/airflow/example_dags/example_sensors.py took 0.023 seconds
[2026-05-16T11:23:58.366+0000] {processor.py:161} INFO - Started process (PID=8211) to work on /home/airflow/.local/lib/python3.12/site-packages/airflow/example_dags/example_sensors.py
[2026-05-16T11:23:58.366+0000] {processor.py:830} INFO - Processing file /home/airflow/.local/lib/python3.12/site-packages/airflow/example_dags/example_sensors.py for tasks to queue
[2026-05-16T11:23:58.366+0000] {logging_mixin.py:188} INFO - [2026-05-16T11:23:58.366+0000] {dagbag.py:545} INFO - Filling up the DagBag from /home/airflow/.local/lib/python3.12/site-packages/airflow/example_dags/example_sensors.py
[2026-05-16T11:23:58.371+0000] {processor.py:840} INFO - DAG(s) 'example_sensors' retrieved from /home/airflow/.local/lib/python3.12/site-packages/airflow/example_dags/example_sensors.py
[2026-05-16T11:23:58.379+0000] {logging_mixin.py:188} INFO - [2026-05-16T11:23:58.379+0000] {dag.py:3089} INFO - Sync 1 DAGs
[2026-05-16T11:23:58.383+0000] {logging_mixin.py:188} INFO - [2026-05-16T11:23:58.383+0000] {dag.py:3947} INFO - Setting next_dagrun for example_sensors to None, run_after=None
[2026-05-16T11:23:58.389+0000] {processor.py:183} INFO - Processing /home/airflow/.local/lib/python3.12/site-packages/airflow/example_dags/example_sensors.py took 0.026 seconds
[2026-05-16T11:24:28.900+0000] {processor.py:161} INFO - Started process (PID=8271) to work on /home/airflow/.local/lib/python3.12/site-packages/airflow/example_dags/example_sensors.py
[2026-05-16T11:24:28.900+0000] {processor.py:830} INFO - Processing file /home/airflow/.local/lib/python3.12/site-packages/airflow/example_dags/example_sensors.py for tasks to queue
[2026-05-16T11:24:28.900+0000] {logging_mixin.py:188} INFO - [2026-05-16T11:24:28.900+0000] {dagbag.py:545} INFO - Filling up the DagBag from /home/airflow/.local/lib/python3.12/site-packages/airflow/example_dags/example_sensors.py
[2026-05-16T11:24:28.904+0000] {processor.py:840} INFO - DAG(s) 'example_sensors' retrieved from /home/airflow/.local/lib/python3.12/site-packages/airflow/example_dags/example_sensors.py
[2026-05-16T11:24:28.915+0000] {logging_mixin.py:188} INFO - [2026-05-16T11:24:28.915+0000] {dag.py:3089} INFO - Sync 1 DAGs
[2026-05-16T11:24:28.919+0000] {logging_mixin.py:188} INFO - [2026-05-16T11:24:28.919+0000] {dag.py:3947} INFO - Setting next_dagrun for example_sensors to None, run_after=None
[2026-05-16T11:24:28.925+0000] {processor.py:183} INFO - Processing /home/airflow/.local/lib/python3.12/site-packages/airflow/example_dags/example_sensors.py took 0.028 seconds
[2026-05-16T11:24:59.354+0000] {processor.py:161} INFO - Started process (PID=8331) to work on /home/airflow/.local/lib/python3.12/site-packages/airflow/example_dags/example_sensors.py
[2026-05-16T11:24:59.355+0000] {processor.py:830} INFO - Processing file /home/airflow/.local/lib/python3.12/site-packages/airflow/example_dags/example_sensors.py for tasks to queue
[2026-05-16T11:24:59.355+0000] {logging_mixin.py:188} INFO - [2026-05-16T11:24:59.355+0000] {dagbag.py:545} INFO - Filling up the DagBag from /home/airflow/.local/lib/python3.12/site-packages/airflow/example_dags/example_sensors.py
[2026-05-16T11:24:59.359+0000] {processor.py:840} INFO - DAG(s) 'example_sensors' retrieved from /home/airflow/.local/lib/python3.12/site-packages/airflow/example_dags/example_sensors.py
[2026-05-16T11:24:59.371+0000] {logging_mixin.py:188} INFO - [2026-05-16T11:24:59.371+0000] {dag.py:3089} INFO - Sync 1 DAGs
[2026-05-16T11:24:59.375+0000] {logging_mixin.py:188} INFO - [2026-05-16T11:24:59.375+0000] {dag.py:3947} INFO - Setting next_dagrun for example_sensors to None, run_after=None
[2026-05-16T11:24:59.380+0000] {processor.py:183} INFO - Processing /home/airflow/.local/lib/python3.12/site-packages/airflow/example_dags/example_sensors.py took 0.028 seconds
[2026-05-16T11:25:29.933+0000] {processor.py:161} INFO - Started process (PID=8391) to work on /home/airflow/.local/lib/python3.12/site-packages/airflow/example_dags/example_sensors.py
[2026-05-16T11:25:29.934+0000] {processor.py:830} INFO - Processing file /home/airflow/.local/lib/python3.12/site-packages/airflow/example_dags/example_sensors.py for tasks to queue
[2026-05-16T11:25:29.935+0000] {logging_mixin.py:188} INFO - [2026-05-16T11:25:29.935+0000] {dagbag.py:545} INFO - Filling up the DagBag from /home/airflow/.local/lib/python3.12/site-packages/airflow/example_dags/example_sensors.py
[2026-05-16T11:25:29.939+0000] {processor.py:840} INFO - DAG(s) 'example_sensors' retrieved from /home/airflow/.local/lib/python3.12/site-packages/airflow/example_dags/example_sensors.py
[2026-05-16T11:25:29.950+0000] {logging_mixin.py:188} INFO - [2026-05-16T11:25:29.950+0000] {dag.py:3089} INFO - Sync 1 DAGs
[2026-05-16T11:25:29.954+0000] {logging_mixin.py:188} INFO - [2026-05-16T11:25:29.954+0000] {dag.py:3947} INFO - Setting next_dagrun for example_sensors to None, run_after=None
[2026-05-16T11:25:29.959+0000] {processor.py:183} INFO - Processing /home/airflow/.local/lib/python3.12/site-packages/airflow/example_dags/example_sensors.py took 0.029 seconds
[2026-05-16T11:26:00.608+0000] {processor.py:161} INFO - Started process (PID=8451) to work on /home/airflow/.local/lib/python3.12/site-packages/airflow/example_dags/example_sensors.py
[2026-05-16T11:26:00.608+0000] {processor.py:830} INFO - Processing file /home/airflow/.local/lib/python3.12/site-packages/airflow/example_dags/example_sensors.py for tasks to queue
[2026-05-16T11:26:00.608+0000] {logging_mixin.py:188} INFO - [2026-05-16T11:26:00.608+0000] {dagbag.py:545} INFO - Filling up the DagBag from /home/airflow/.local/lib/python3.12/site-packages/airflow/example_dags/example_sensors.py
[2026-05-16T11:26:00.612+0000] {processor.py:840} INFO - DAG(s) 'example_sensors' retrieved from /home/airflow/.local/lib/python3.12/site-packages/airflow/example_dags/example_sensors.py
[2026-05-16T11:26:00.621+0000] {logging_mixin.py:188} INFO - [2026-05-16T11:26:00.621+0000] {dag.py:3089} INFO - Sync 1 DAGs
[2026-05-16T11:26:00.626+0000] {logging_mixin.py:188} INFO - [2026-05-16T11:26:00.626+0000] {dag.py:3947} INFO - Setting next_dagrun for example_sensors to None, run_after=None
[2026-05-16T11:26:00.631+0000] {processor.py:183} INFO - Processing /home/airflow/.local/lib/python3.12/site-packages/airflow/example_dags/example_sensors.py took 0.027 seconds
[2026-05-16T11:26:31.211+0000] {processor.py:161} INFO - Started process (PID=8511) to work on /home/airflow/.local/lib/python3.12/site-packages/airflow/example_dags/example_sensors.py
[2026-05-16T11:26:31.212+0000] {processor.py:830} INFO - Processing file /home/airflow/.local/lib/python3.12/site-packages/airflow/example_dags/example_sensors.py for tasks to queue
[2026-05-16T11:26:31.212+0000] {logging_mixin.py:188} INFO - [2026-05-16T11:26:31.212+0000] {dagbag.py:545} INFO - Filling up the DagBag from /home/airflow/.local/lib/python3.12/site-packages/airflow/example_dags/example_sensors.py
[2026-05-16T11:26:31.216+0000] {processor.py:840} INFO - DAG(s) 'example_sensors' retrieved from /home/airflow/.local/lib/python3.12/site-packages/airflow/example_dags/example_sensors.py
[2026-05-16T11:26:31.226+0000] {logging_mixin.py:188} INFO - [2026-05-16T11:26:31.226+0000] {dag.py:3089} INFO - Sync 1 DAGs
[2026-05-16T11:26:31.231+0000] {logging_mixin.py:188} INFO - [2026-05-16T11:26:31.231+0000] {dag.py:3947} INFO - Setting next_dagrun for example_sensors to None, run_after=None
[2026-05-16T11:26:31.237+0000] {processor.py:183} INFO - Processing /home/airflow/.local/lib/python3.12/site-packages/airflow/example_dags/example_sensors.py took 0.028 seconds
[2026-05-16T11:27:01.735+0000] {processor.py:161} INFO - Started process (PID=8571) to work on /home/airflow/.local/lib/python3.12/site-packages/airflow/example_dags/example_sensors.py
[2026-05-16T11:27:01.736+0000] {processor.py:830} INFO - Processing file /home/airflow/.local/lib/python3.12/site-packages/airflow/example_dags/example_sensors.py for tasks to queue
[2026-05-16T11:27:01.736+0000] {logging_mixin.py:188} INFO - [2026-05-16T11:27:01.736+0000] {dagbag.py:545} INFO - Filling up the DagBag from /home/airflow/.local/lib/python3.12/site-packages/airflow/example_dags/example_sensors.py
[2026-05-16T11:27:01.741+0000] {processor.py:840} INFO - DAG(s) 'example_sensors' retrieved from /home/airflow/.local/lib/python3.12/site-packages/airflow/example_dags/example_sensors.py
[2026-05-16T11:27:01.750+0000] {logging_mixin.py:188} INFO - [2026-05-16T11:27:01.750+0000] {dag.py:3089} INFO - Sync 1 DAGs
[2026-05-16T11:27:01.755+0000] {logging_mixin.py:188} INFO - [2026-05-16T11:27:01.755+0000] {dag.py:3947} INFO - Setting next_dagrun for example_sensors to None, run_after=None
[2026-05-16T11:27:01.760+0000] {processor.py:183} INFO - Processing /home/airflow/.local/lib/python3.12/site-packages/airflow/example_dags/example_sensors.py took 0.027 seconds
[2026-05-16T11:27:32.311+0000] {processor.py:161} INFO - Started process (PID=8632) to work on /home/airflow/.local/lib/python3.12/site-packages/airflow/example_dags/example_sensors.py
[2026-05-16T11:27:32.311+0000] {processor.py:830} INFO - Processing file /home/airflow/.local/lib/python3.12/site-packages/airflow/example_dags/example_sensors.py for tasks to queue
[2026-05-16T11:27:32.312+0000] {logging_mixin.py:188} INFO - [2026-05-16T11:27:32.312+0000] {dagbag.py:545} INFO - Filling up the DagBag from /home/airflow/.local/lib/python3.12/site-packages/airflow/example_dags/example_sensors.py
[2026-05-16T11:27:32.317+0000] {processor.py:840} INFO - DAG(s) 'example_sensors' retrieved from /home/airflow/.local/lib/python3.12/site-packages/airflow/example_dags/example_sensors.py
[2026-05-16T11:27:32.322+0000] {logging_mixin.py:188} INFO - [2026-05-16T11:27:32.322+0000] {dag.py:3089} INFO - Sync 1 DAGs
[2026-05-16T11:27:32.327+0000] {logging_mixin.py:188} INFO - [2026-05-16T11:27:32.327+0000] {dag.py:3947} INFO - Setting next_dagrun for example_sensors to None, run_after=None
[2026-05-16T11:27:32.334+0000] {processor.py:183} INFO - Processing /home/airflow/.local/lib/python3.12/site-packages/airflow/example_dags/example_sensors.py took 0.026 seconds
[2026-05-16T11:28:03.384+0000] {processor.py:161} INFO - Started process (PID=8693) to work on /home/airflow/.local/lib/python3.12/site-packages/airflow/example_dags/example_sensors.py
[2026-05-16T11:28:03.385+0000] {processor.py:830} INFO - Processing file /home/airflow/.local/lib/python3.12/site-packages/airflow/example_dags/example_sensors.py for tasks to queue
[2026-05-16T11:28:03.385+0000] {logging_mixin.py:188} INFO - [2026-05-16T11:28:03.385+0000] {dagbag.py:545} INFO - Filling up the DagBag from /home/airflow/.local/lib/python3.12/site-packages/airflow/example_dags/example_sensors.py
[2026-05-16T11:28:03.389+0000] {processor.py:840} INFO - DAG(s) 'example_sensors' retrieved from /home/airflow/.local/lib/python3.12/site-packages/airflow/example_dags/example_sensors.py
[2026-05-16T11:28:03.428+0000] {logging_mixin.py:188} INFO - [2026-05-16T11:28:03.428+0000] {dag.py:3089} INFO - Sync 1 DAGs
[2026-05-16T11:28:03.432+0000] {logging_mixin.py:188} INFO - [2026-05-16T11:28:03.432+0000] {dag.py:3947} INFO - Setting next_dagrun for example_sensors to None, run_after=None
[2026-05-16T11:28:03.439+0000] {processor.py:183} INFO - Processing /home/airflow/.local/lib/python3.12/site-packages/airflow/example_dags/example_sensors.py took 0.057 seconds
[2026-05-16T11:28:33.937+0000] {processor.py:161} INFO - Started process (PID=8754) to work on /home/airflow/.local/lib/python3.12/site-packages/airflow/example_dags/example_sensors.py
[2026-05-16T11:28:33.938+0000] {processor.py:830} INFO - Processing file /home/airflow/.local/lib/python3.12/site-packages/airflow/example_dags/example_sensors.py for tasks to queue
[2026-05-16T11:28:33.938+0000] {logging_mixin.py:188} INFO - [2026-05-16T11:28:33.938+0000] {dagbag.py:545} INFO - Filling up the DagBag from /home/airflow/.local/lib/python3.12/site-packages/airflow/example_dags/example_sensors.py
[2026-05-16T11:28:33.941+0000] {processor.py:840} INFO - DAG(s) 'example_sensors' retrieved from /home/airflow/.local/lib/python3.12/site-packages/airflow/example_dags/example_sensors.py
[2026-05-16T11:28:33.949+0000] {logging_mixin.py:188} INFO - [2026-05-16T11:28:33.949+0000] {dag.py:3089} INFO - Sync 1 DAGs
[2026-05-16T11:28:33.953+0000] {logging_mixin.py:188} INFO - [2026-05-16T11:28:33.953+0000] {dag.py:3947} INFO - Setting next_dagrun for example_sensors to None, run_after=None
[2026-05-16T11:28:33.958+0000] {processor.py:183} INFO - Processing /home/airflow/.local/lib/python3.12/site-packages/airflow/example_dags/example_sensors.py took 0.023 seconds
[2026-05-16T11:29:04.443+0000] {processor.py:161} INFO - Started process (PID=8815) to work on /home/airflow/.local/lib/python3.12/site-packages/airflow/example_dags/example_sensors.py
[2026-05-16T11:29:04.444+0000] {processor.py:830} INFO - Processing file /home/airflow/.local/lib/python3.12/site-packages/airflow/example_dags/example_sensors.py for tasks to queue
[2026-05-16T11:29:04.444+0000] {logging_mixin.py:188} INFO - [2026-05-16T11:29:04.444+0000] {dagbag.py:545} INFO - Filling up the DagBag from /home/airflow/.local/lib/python3.12/site-packages/airflow/example_dags/example_sensors.py
[2026-05-16T11:29:04.449+0000] {processor.py:840} INFO - DAG(s) 'example_sensors' retrieved from /home/airflow/.local/lib/python3.12/site-packages/airflow/example_dags/example_sensors.py
[2026-05-16T11:29:04.462+0000] {logging_mixin.py:188} INFO - [2026-05-16T11:29:04.462+0000] {dag.py:3089} INFO - Sync 1 DAGs
[2026-05-16T11:29:04.467+0000] {logging_mixin.py:188} INFO - [2026-05-16T11:29:04.467+0000] {dag.py:3947} INFO - Setting next_dagrun for example_sensors to None, run_after=None
[2026-05-16T11:29:04.474+0000] {processor.py:183} INFO - Processing /home/airflow/.local/lib/python3.12/site-packages/airflow/example_dags/example_sensors.py took 0.036 seconds
[2026-05-16T11:29:34.996+0000] {processor.py:161} INFO - Started process (PID=8877) to work on /home/airflow/.local/lib/python3.12/site-packages/airflow/example_dags/example_sensors.py
[2026-05-16T11:29:34.996+0000] {processor.py:830} INFO - Processing file /home/airflow/.local/lib/python3.12/site-packages/airflow/example_dags/example_sensors.py for tasks to queue
[2026-05-16T11:29:34.996+0000] {logging_mixin.py:188} INFO - [2026-05-16T11:29:34.996+0000] {dagbag.py:545} INFO - Filling up the DagBag from /home/airflow/.local/lib/python3.12/site-packages/airflow/example_dags/example_sensors.py
[2026-05-16T11:29:35.000+0000] {processor.py:840} INFO - DAG(s) 'example_sensors' retrieved from /home/airflow/.local/lib/python3.12/site-packages/airflow/example_dags/example_sensors.py
[2026-05-16T11:29:35.008+0000] {logging_mixin.py:188} INFO - [2026-05-16T11:29:35.008+0000] {dag.py:3089} INFO - Sync 1 DAGs
[2026-05-16T11:29:35.012+0000] {logging_mixin.py:188} INFO - [2026-05-16T11:29:35.012+0000] {dag.py:3947} INFO - Setting next_dagrun for example_sensors to None, run_after=None
[2026-05-16T11:29:35.017+0000] {processor.py:183} INFO - Processing /home/airflow/.local/lib/python3.12/site-packages/airflow/example_dags/example_sensors.py took 0.024 seconds
[2026-05-16T11:30:05.721+0000] {processor.py:161} INFO - Started process (PID=8938) to work on /home/airflow/.local/lib/python3.12/site-packages/airflow/example_dags/example_sensors.py
[2026-05-16T11:30:05.722+0000] {processor.py:830} INFO - Processing file /home/airflow/.local/lib/python3.12/site-packages/airflow/example_dags/example_sensors.py for tasks to queue
[2026-05-16T11:30:05.722+0000] {logging_mixin.py:188} INFO - [2026-05-16T11:30:05.722+0000] {dagbag.py:545} INFO - Filling up the DagBag from /home/airflow/.local/lib/python3.12/site-packages/airflow/example_dags/example_sensors.py
[2026-05-16T11:30:05.726+0000] {processor.py:840} INFO - DAG(s) 'example_sensors' retrieved from /home/airflow/.local/lib/python3.12/site-packages/airflow/example_dags/example_sensors.py
[2026-05-16T11:30:05.736+0000] {logging_mixin.py:188} INFO - [2026-05-16T11:30:05.736+0000] {dag.py:3089} INFO - Sync 1 DAGs
[2026-05-16T11:30:05.741+0000] {logging_mixin.py:188} INFO - [2026-05-16T11:30:05.740+0000] {dag.py:3947} INFO - Setting next_dagrun for example_sensors to None, run_after=None
[2026-05-16T11:30:05.747+0000] {processor.py:183} INFO - Processing /home/airflow/.local/lib/python3.12/site-packages/airflow/example_dags/example_sensors.py took 0.029 seconds
[2026-05-16T11:30:36.464+0000] {processor.py:161} INFO - Started process (PID=8999) to work on /home/airflow/.local/lib/python3.12/site-packages/airflow/example_dags/example_sensors.py
[2026-05-16T11:30:36.466+0000] {processor.py:830} INFO - Processing file /home/airflow/.local/lib/python3.12/site-packages/airflow/example_dags/example_sensors.py for tasks to queue
[2026-05-16T11:30:36.466+0000] {logging_mixin.py:188} INFO - [2026-05-16T11:30:36.466+0000] {dagbag.py:545} INFO - Filling up the DagBag from /home/airflow/.local/lib/python3.12/site-packages/airflow/example_dags/example_sensors.py
[2026-05-16T11:30:36.470+0000] {processor.py:840} INFO - DAG(s) 'example_sensors' retrieved from /home/airflow/.local/lib/python3.12/site-packages/airflow/example_dags/example_sensors.py
[2026-05-16T11:30:36.482+0000] {logging_mixin.py:188} INFO - [2026-05-16T11:30:36.482+0000] {dag.py:3089} INFO - Sync 1 DAGs
[2026-05-16T11:30:36.487+0000] {logging_mixin.py:188} INFO - [2026-05-16T11:30:36.487+0000] {dag.py:3947} INFO - Setting next_dagrun for example_sensors to None, run_after=None
[2026-05-16T11:30:36.493+0000] {processor.py:183} INFO - Processing /home/airflow/.local/lib/python3.12/site-packages/airflow/example_dags/example_sensors.py took 0.032 seconds
[2026-05-16T11:31:06.991+0000] {processor.py:161} INFO - Started process (PID=9060) to work on /home/airflow/.local/lib/python3.12/site-packages/airflow/example_dags/example_sensors.py
[2026-05-16T11:31:06.991+0000] {processor.py:830} INFO - Processing file /home/airflow/.local/lib/python3.12/site-packages/airflow/example_dags/example_sensors.py for tasks to queue
[2026-05-16T11:31:06.992+0000] {logging_mixin.py:188} INFO - [2026-05-16T11:31:06.991+0000] {dagbag.py:545} INFO - Filling up the DagBag from /home/airflow/.local/lib/python3.12/site-packages/airflow/example_dags/example_sensors.py
[2026-05-16T11:31:06.995+0000] {processor.py:840} INFO - DAG(s) 'example_sensors' retrieved from /home/airflow/.local/lib/python3.12/site-packages/airflow/example_dags/example_sensors.py
[2026-05-16T11:31:07.004+0000] {logging_mixin.py:188} INFO - [2026-05-16T11:31:07.004+0000] {dag.py:3089} INFO - Sync 1 DAGs
[2026-05-16T11:31:07.008+0000] {logging_mixin.py:188} INFO - [2026-05-16T11:31:07.008+0000] {dag.py:3947} INFO - Setting next_dagrun for example_sensors to None, run_after=None
[2026-05-16T11:31:07.014+0000] {processor.py:183} INFO - Processing /home/airflow/.local/lib/python3.12/site-packages/airflow/example_dags/example_sensors.py took 0.026 seconds
[2026-05-16T11:31:37.476+0000] {processor.py:161} INFO - Started process (PID=9121) to work on /home/airflow/.local/lib/python3.12/site-packages/airflow/example_dags/example_sensors.py
[2026-05-16T11:31:37.476+0000] {processor.py:830} INFO - Processing file /home/airflow/.local/lib/python3.12/site-packages/airflow/example_dags/example_sensors.py for tasks to queue
[2026-05-16T11:31:37.477+0000] {logging_mixin.py:188} INFO - [2026-05-16T11:31:37.477+0000] {dagbag.py:545} INFO - Filling up the DagBag from /home/airflow/.local/lib/python3.12/site-packages/airflow/example_dags/example_sensors.py
[2026-05-16T11:31:37.482+0000] {processor.py:840} INFO - DAG(s) 'example_sensors' retrieved from /home/airflow/.local/lib/python3.12/site-packages/airflow/example_dags/example_sensors.py
[2026-05-16T11:31:37.493+0000] {logging_mixin.py:188} INFO - [2026-05-16T11:31:37.493+0000] {dag.py:3089} INFO - Sync 1 DAGs
[2026-05-16T11:31:37.499+0000] {logging_mixin.py:188} INFO - [2026-05-16T11:31:37.499+0000] {dag.py:3947} INFO - Setting next_dagrun for example_sensors to None, run_after=None
[2026-05-16T11:31:37.507+0000] {processor.py:183} INFO - Processing /home/airflow/.local/lib/python3.12/site-packages/airflow/example_dags/example_sensors.py took 0.035 seconds
[2026-05-16T11:32:07.900+0000] {processor.py:161} INFO - Started process (PID=9181) to work on /home/airflow/.local/lib/python3.12/site-packages/airflow/example_dags/example_sensors.py
[2026-05-16T11:32:07.901+0000] {processor.py:830} INFO - Processing file /home/airflow/.local/lib/python3.12/site-packages/airflow/example_dags/example_sensors.py for tasks to queue
[2026-05-16T11:32:07.901+0000] {logging_mixin.py:188} INFO - [2026-05-16T11:32:07.901+0000] {dagbag.py:545} INFO - Filling up the DagBag from /home/airflow/.local/lib/python3.12/site-packages/airflow/example_dags/example_sensors.py
[2026-05-16T11:32:07.904+0000] {processor.py:840} INFO - DAG(s) 'example_sensors' retrieved from /home/airflow/.local/lib/python3.12/site-packages/airflow/example_dags/example_sensors.py
[2026-05-16T11:32:07.913+0000] {logging_mixin.py:188} INFO - [2026-05-16T11:32:07.913+0000] {dag.py:3089} INFO - Sync 1 DAGs
[2026-05-16T11:32:07.917+0000] {logging_mixin.py:188} INFO - [2026-05-16T11:32:07.917+0000] {dag.py:3947} INFO - Setting next_dagrun for example_sensors to None, run_after=None
[2026-05-16T11:32:07.922+0000] {processor.py:183} INFO - Processing /home/airflow/.local/lib/python3.12/site-packages/airflow/example_dags/example_sensors.py took 0.024 seconds
[2026-05-16T11:32:38.520+0000] {processor.py:161} INFO - Started process (PID=9250) to work on /home/airflow/.local/lib/python3.12/site-packages/airflow/example_dags/example_sensors.py
[2026-05-16T11:32:38.521+0000] {processor.py:830} INFO - Processing file /home/airflow/.local/lib/python3.12/site-packages/airflow/example_dags/example_sensors.py for tasks to queue
[2026-05-16T11:32:38.522+0000] {logging_mixin.py:188} INFO - [2026-05-16T11:32:38.522+0000] {dagbag.py:545} INFO - Filling up the DagBag from /home/airflow/.local/lib/python3.12/site-packages/airflow/example_dags/example_sensors.py
[2026-05-16T11:32:38.534+0000] {processor.py:840} INFO - DAG(s) 'example_sensors' retrieved from /home/airflow/.local/lib/python3.12/site-packages/airflow/example_dags/example_sensors.py
[2026-05-16T11:32:38.547+0000] {logging_mixin.py:188} INFO - [2026-05-16T11:32:38.547+0000] {dag.py:3089} INFO - Sync 1 DAGs
[2026-05-16T11:32:38.552+0000] {logging_mixin.py:188} INFO - [2026-05-16T11:32:38.552+0000] {dag.py:3947} INFO - Setting next_dagrun for example_sensors to None, run_after=None
[2026-05-16T11:32:38.560+0000] {processor.py:183} INFO - Processing /home/airflow/.local/lib/python3.12/site-packages/airflow/example_dags/example_sensors.py took 0.044 seconds
[2026-05-16T11:33:09.205+0000] {processor.py:161} INFO - Started process (PID=9312) to work on /home/airflow/.local/lib/python3.12/site-packages/airflow/example_dags/example_sensors.py
[2026-05-16T11:33:09.205+0000] {processor.py:830} INFO - Processing file /home/airflow/.local/lib/python3.12/site-packages/airflow/example_dags/example_sensors.py for tasks to queue
[2026-05-16T11:33:09.205+0000] {logging_mixin.py:188} INFO - [2026-05-16T11:33:09.205+0000] {dagbag.py:545} INFO - Filling up the DagBag from /home/airflow/.local/lib/python3.12/site-packages/airflow/example_dags/example_sensors.py
[2026-05-16T11:33:09.209+0000] {processor.py:840} INFO - DAG(s) 'example_sensors' retrieved from /home/airflow/.local/lib/python3.12/site-packages/airflow/example_dags/example_sensors.py
[2026-05-16T11:33:09.218+0000] {logging_mixin.py:188} INFO - [2026-05-16T11:33:09.218+0000] {dag.py:3089} INFO - Sync 1 DAGs
[2026-05-16T11:33:09.223+0000] {logging_mixin.py:188} INFO - [2026-05-16T11:33:09.223+0000] {dag.py:3947} INFO - Setting next_dagrun for example_sensors to None, run_after=None
[2026-05-16T11:33:09.228+0000] {processor.py:183} INFO - Processing /home/airflow/.local/lib/python3.12/site-packages/airflow/example_dags/example_sensors.py took 0.026 seconds
[2026-05-16T11:33:39.687+0000] {processor.py:161} INFO - Started process (PID=9374) to work on /home/airflow/.local/lib/python3.12/site-packages/airflow/example_dags/example_sensors.py
[2026-05-16T11:33:39.687+0000] {processor.py:830} INFO - Processing file /home/airflow/.local/lib/python3.12/site-packages/airflow/example_dags/example_sensors.py for tasks to queue
[2026-05-16T11:33:39.688+0000] {logging_mixin.py:188} INFO - [2026-05-16T11:33:39.687+0000] {dagbag.py:545} INFO - Filling up the DagBag from /home/airflow/.local/lib/python3.12/site-packages/airflow/example_dags/example_sensors.py
[2026-05-16T11:33:39.691+0000] {processor.py:840} INFO - DAG(s) 'example_sensors' retrieved from /home/airflow/.local/lib/python3.12/site-packages/airflow/example_dags/example_sensors.py
[2026-05-16T11:33:39.700+0000] {logging_mixin.py:188} INFO - [2026-05-16T11:33:39.700+0000] {dag.py:3089} INFO - Sync 1 DAGs
[2026-05-16T11:33:39.705+0000] {logging_mixin.py:188} INFO - [2026-05-16T11:33:39.705+0000] {dag.py:3947} INFO - Setting next_dagrun for example_sensors to None, run_after=None
[2026-05-16T11:33:39.710+0000] {processor.py:183} INFO - Processing /home/airflow/.local/lib/python3.12/site-packages/airflow/example_dags/example_sensors.py took 0.026 seconds
[2026-05-16T11:34:10.175+0000] {processor.py:161} INFO - Started process (PID=9436) to work on /home/airflow/.local/lib/python3.12/site-packages/airflow/example_dags/example_sensors.py
[2026-05-16T11:34:10.175+0000] {processor.py:830} INFO - Processing file /home/airflow/.local/lib/python3.12/site-packages/airflow/example_dags/example_sensors.py for tasks to queue
[2026-05-16T11:34:10.175+0000] {logging_mixin.py:188} INFO - [2026-05-16T11:34:10.175+0000] {dagbag.py:545} INFO - Filling up the DagBag from /home/airflow/.local/lib/python3.12/site-packages/airflow/example_dags/example_sensors.py
[2026-05-16T11:34:10.179+0000] {processor.py:840} INFO - DAG(s) 'example_sensors' retrieved from /home/airflow/.local/lib/python3.12/site-packages/airflow/example_dags/example_sensors.py
[2026-05-16T11:34:10.188+0000] {logging_mixin.py:188} INFO - [2026-05-16T11:34:10.188+0000] {dag.py:3089} INFO - Sync 1 DAGs
[2026-05-16T11:34:10.192+0000] {logging_mixin.py:188} INFO - [2026-05-16T11:34:10.192+0000] {dag.py:3947} INFO - Setting next_dagrun for example_sensors to None, run_after=None
[2026-05-16T11:34:10.197+0000] {processor.py:183} INFO - Processing /home/airflow/.local/lib/python3.12/site-packages/airflow/example_dags/example_sensors.py took 0.025 seconds
[2026-05-16T11:34:40.657+0000] {processor.py:161} INFO - Started process (PID=9499) to work on /home/airflow/.local/lib/python3.12/site-packages/airflow/example_dags/example_sensors.py
[2026-05-16T11:34:40.657+0000] {processor.py:830} INFO - Processing file /home/airflow/.local/lib/python3.12/site-packages/airflow/example_dags/example_sensors.py for tasks to queue
[2026-05-16T11:34:40.657+0000] {logging_mixin.py:188} INFO - [2026-05-16T11:34:40.657+0000] {dagbag.py:545} INFO - Filling up the DagBag from /home/airflow/.local/lib/python3.12/site-packages/airflow/example_dags/example_sensors.py
[2026-05-16T11:34:40.661+0000] {processor.py:840} INFO - DAG(s) 'example_sensors' retrieved from /home/airflow/.local/lib/python3.12/site-packages/airflow/example_dags/example_sensors.py
[2026-05-16T11:34:40.669+0000] {logging_mixin.py:188} INFO - [2026-05-16T11:34:40.669+0000] {dag.py:3089} INFO - Sync 1 DAGs
[2026-05-16T11:34:40.674+0000] {logging_mixin.py:188} INFO - [2026-05-16T11:34:40.674+0000] {dag.py:3947} INFO - Setting next_dagrun for example_sensors to None, run_after=None
[2026-05-16T11:34:40.678+0000] {processor.py:183} INFO - Processing /home/airflow/.local/lib/python3.12/site-packages/airflow/example_dags/example_sensors.py took 0.024 seconds
[2026-05-16T11:35:11.194+0000] {processor.py:161} INFO - Started process (PID=9561) to work on /home/airflow/.local/lib/python3.12/site-packages/airflow/example_dags/example_sensors.py
[2026-05-16T11:35:11.194+0000] {processor.py:830} INFO - Processing file /home/airflow/.local/lib/python3.12/site-packages/airflow/example_dags/example_sensors.py for tasks to queue
[2026-05-16T11:35:11.195+0000] {logging_mixin.py:188} INFO - [2026-05-16T11:35:11.194+0000] {dagbag.py:545} INFO - Filling up the DagBag from /home/airflow/.local/lib/python3.12/site-packages/airflow/example_dags/example_sensors.py
[2026-05-16T11:35:11.198+0000] {processor.py:840} INFO - DAG(s) 'example_sensors' retrieved from /home/airflow/.local/lib/python3.12/site-packages/airflow/example_dags/example_sensors.py
[2026-05-16T11:35:11.208+0000] {logging_mixin.py:188} INFO - [2026-05-16T11:35:11.207+0000] {dag.py:3089} INFO - Sync 1 DAGs
[2026-05-16T11:35:11.212+0000] {logging_mixin.py:188} INFO - [2026-05-16T11:35:11.212+0000] {dag.py:3947} INFO - Setting next_dagrun for example_sensors to None, run_after=None
[2026-05-16T11:35:11.218+0000] {processor.py:183} INFO - Processing /home/airflow/.local/lib/python3.12/site-packages/airflow/example_dags/example_sensors.py took 0.026 seconds
[2026-05-16T11:35:41.735+0000] {processor.py:161} INFO - Started process (PID=9623) to work on /home/airflow/.local/lib/python3.12/site-packages/airflow/example_dags/example_sensors.py
[2026-05-16T11:35:41.736+0000] {processor.py:830} INFO - Processing file /home/airflow/.local/lib/python3.12/site-packages/airflow/example_dags/example_sensors.py for tasks to queue
[2026-05-16T11:35:41.736+0000] {logging_mixin.py:188} INFO - [2026-05-16T11:35:41.736+0000] {dagbag.py:545} INFO - Filling up the DagBag from /home/airflow/.local/lib/python3.12/site-packages/airflow/example_dags/example_sensors.py
[2026-05-16T11:35:41.740+0000] {processor.py:840} INFO - DAG(s) 'example_sensors' retrieved from /home/airflow/.local/lib/python3.12/site-packages/airflow/example_dags/example_sensors.py
[2026-05-16T11:35:41.748+0000] {logging_mixin.py:188} INFO - [2026-05-16T11:35:41.748+0000] {dag.py:3089} INFO - Sync 1 DAGs
[2026-05-16T11:35:41.752+0000] {logging_mixin.py:188} INFO - [2026-05-16T11:35:41.752+0000] {dag.py:3947} INFO - Setting next_dagrun for example_sensors to None, run_after=None
[2026-05-16T11:35:41.758+0000] {processor.py:183} INFO - Processing /home/airflow/.local/lib/python3.12/site-packages/airflow/example_dags/example_sensors.py took 0.025 seconds
[2026-05-16T11:36:12.282+0000] {processor.py:161} INFO - Started process (PID=9685) to work on /home/airflow/.local/lib/python3.12/site-packages/airflow/example_dags/example_sensors.py
[2026-05-16T11:36:12.282+0000] {processor.py:830} INFO - Processing file /home/airflow/.local/lib/python3.12/site-packages/airflow/example_dags/example_sensors.py for tasks to queue
[2026-05-16T11:36:12.283+0000] {logging_mixin.py:188} INFO - [2026-05-16T11:36:12.283+0000] {dagbag.py:545} INFO - Filling up the DagBag from /home/airflow/.local/lib/python3.12/site-packages/airflow/example_dags/example_sensors.py
[2026-05-16T11:36:12.287+0000] {processor.py:840} INFO - DAG(s) 'example_sensors' retrieved from /home/airflow/.local/lib/python3.12/site-packages/airflow/example_dags/example_sensors.py
[2026-05-16T11:36:12.296+0000] {logging_mixin.py:188} INFO - [2026-05-16T11:36:12.296+0000] {dag.py:3089} INFO - Sync 1 DAGs
[2026-05-16T11:36:12.301+0000] {logging_mixin.py:188} INFO - [2026-05-16T11:36:12.301+0000] {dag.py:3947} INFO - Setting next_dagrun for example_sensors to None, run_after=None
[2026-05-16T11:36:12.306+0000] {processor.py:183} INFO - Processing /home/airflow/.local/lib/python3.12/site-packages/airflow/example_dags/example_sensors.py took 0.027 seconds
[2026-05-16T11:36:42.938+0000] {processor.py:161} INFO - Started process (PID=9747) to work on /home/airflow/.local/lib/python3.12/site-packages/airflow/example_dags/example_sensors.py
[2026-05-16T11:36:42.939+0000] {processor.py:830} INFO - Processing file /home/airflow/.local/lib/python3.12/site-packages/airflow/example_dags/example_sensors.py for tasks to queue
[2026-05-16T11:36:42.939+0000] {logging_mixin.py:188} INFO - [2026-05-16T11:36:42.939+0000] {dagbag.py:545} INFO - Filling up the DagBag from /home/airflow/.local/lib/python3.12/site-packages/airflow/example_dags/example_sensors.py
[2026-05-16T11:36:42.943+0000] {processor.py:840} INFO - DAG(s) 'example_sensors' retrieved from /home/airflow/.local/lib/python3.12/site-packages/airflow/example_dags/example_sensors.py
[2026-05-16T11:36:42.952+0000] {logging_mixin.py:188} INFO - [2026-05-16T11:36:42.952+0000] {dag.py:3089} INFO - Sync 1 DAGs
[2026-05-16T11:36:42.956+0000] {logging_mixin.py:188} INFO - [2026-05-16T11:36:42.956+0000] {dag.py:3947} INFO - Setting next_dagrun for example_sensors to None, run_after=None
[2026-05-16T11:36:42.961+0000] {processor.py:183} INFO - Processing /home/airflow/.local/lib/python3.12/site-packages/airflow/example_dags/example_sensors.py took 0.026 seconds
[2026-05-16T11:37:13.584+0000] {processor.py:161} INFO - Started process (PID=9809) to work on /home/airflow/.local/lib/python3.12/site-packages/airflow/example_dags/example_sensors.py
[2026-05-16T11:37:13.584+0000] {processor.py:830} INFO - Processing file /home/airflow/.local/lib/python3.12/site-packages/airflow/example_dags/example_sensors.py for tasks to queue
[2026-05-16T11:37:13.585+0000] {logging_mixin.py:188} INFO - [2026-05-16T11:37:13.585+0000] {dagbag.py:545} INFO - Filling up the DagBag from /home/airflow/.local/lib/python3.12/site-packages/airflow/example_dags/example_sensors.py
[2026-05-16T11:37:13.590+0000] {processor.py:840} INFO - DAG(s) 'example_sensors' retrieved from /home/airflow/.local/lib/python3.12/site-packages/airflow/example_dags/example_sensors.py
[2026-05-16T11:37:13.600+0000] {logging_mixin.py:188} INFO - [2026-05-16T11:37:13.600+0000] {dag.py:3089} INFO - Sync 1 DAGs
[2026-05-16T11:37:13.606+0000] {logging_mixin.py:188} INFO - [2026-05-16T11:37:13.606+0000] {dag.py:3947} INFO - Setting next_dagrun for example_sensors to None, run_after=None
[2026-05-16T11:37:13.615+0000] {processor.py:183} INFO - Processing /home/airflow/.local/lib/python3.12/site-packages/airflow/example_dags/example_sensors.py took 0.036 seconds
[2026-05-16T11:37:44.248+0000] {processor.py:161} INFO - Started process (PID=9871) to work on /home/airflow/.local/lib/python3.12/site-packages/airflow/example_dags/example_sensors.py
[2026-05-16T11:37:44.249+0000] {processor.py:830} INFO - Processing file /home/airflow/.local/lib/python3.12/site-packages/airflow/example_dags/example_sensors.py for tasks to queue
[2026-05-16T11:37:44.249+0000] {logging_mixin.py:188} INFO - [2026-05-16T11:37:44.249+0000] {dagbag.py:545} INFO - Filling up the DagBag from /home/airflow/.local/lib/python3.12/site-packages/airflow/example_dags/example_sensors.py
[2026-05-16T11:37:44.253+0000] {processor.py:840} INFO - DAG(s) 'example_sensors' retrieved from /home/airflow/.local/lib/python3.12/site-packages/airflow/example_dags/example_sensors.py
[2026-05-16T11:37:44.260+0000] {logging_mixin.py:188} INFO - [2026-05-16T11:37:44.260+0000] {dag.py:3089} INFO - Sync 1 DAGs
[2026-05-16T11:37:44.264+0000] {logging_mixin.py:188} INFO - [2026-05-16T11:37:44.264+0000] {dag.py:3947} INFO - Setting next_dagrun for example_sensors to None, run_after=None
[2026-05-16T11:37:44.269+0000] {processor.py:183} INFO - Processing /home/airflow/.local/lib/python3.12/site-packages/airflow/example_dags/example_sensors.py took 0.023 seconds
[2026-05-16T11:38:14.858+0000] {processor.py:161} INFO - Started process (PID=9933) to work on /home/airflow/.local/lib/python3.12/site-packages/airflow/example_dags/example_sensors.py
[2026-05-16T11:38:14.859+0000] {processor.py:830} INFO - Processing file /home/airflow/.local/lib/python3.12/site-packages/airflow/example_dags/example_sensors.py for tasks to queue
[2026-05-16T11:38:14.860+0000] {logging_mixin.py:188} INFO - [2026-05-16T11:38:14.859+0000] {dagbag.py:545} INFO - Filling up the DagBag from /home/airflow/.local/lib/python3.12/site-packages/airflow/example_dags/example_sensors.py
[2026-05-16T11:38:14.864+0000] {processor.py:840} INFO - DAG(s) 'example_sensors' retrieved from /home/airflow/.local/lib/python3.12/site-packages/airflow/example_dags/example_sensors.py
[2026-05-16T11:38:14.877+0000] {logging_mixin.py:188} INFO - [2026-05-16T11:38:14.876+0000] {dag.py:3089} INFO - Sync 1 DAGs
[2026-05-16T11:38:14.881+0000] {logging_mixin.py:188} INFO - [2026-05-16T11:38:14.881+0000] {dag.py:3947} INFO - Setting next_dagrun for example_sensors to None, run_after=None
[2026-05-16T11:38:14.886+0000] {processor.py:183} INFO - Processing /home/airflow/.local/lib/python3.12/site-packages/airflow/example_dags/example_sensors.py took 0.031 seconds
[2026-05-16T11:38:45.788+0000] {processor.py:161} INFO - Started process (PID=9995) to work on /home/airflow/.local/lib/python3.12/site-packages/airflow/example_dags/example_sensors.py
[2026-05-16T11:38:45.789+0000] {processor.py:830} INFO - Processing file /home/airflow/.local/lib/python3.12/site-packages/airflow/example_dags/example_sensors.py for tasks to queue
[2026-05-16T11:38:45.789+0000] {logging_mixin.py:188} INFO - [2026-05-16T11:38:45.789+0000] {dagbag.py:545} INFO - Filling up the DagBag from /home/airflow/.local/lib/python3.12/site-packages/airflow/example_dags/example_sensors.py
[2026-05-16T11:38:45.793+0000] {processor.py:840} INFO - DAG(s) 'example_sensors' retrieved from /home/airflow/.local/lib/python3.12/site-packages/airflow/example_dags/example_sensors.py
[2026-05-16T11:38:45.803+0000] {logging_mixin.py:188} INFO - [2026-05-16T11:38:45.803+0000] {dag.py:3089} INFO - Sync 1 DAGs
[2026-05-16T11:38:45.807+0000] {logging_mixin.py:188} INFO - [2026-05-16T11:38:45.807+0000] {dag.py:3947} INFO - Setting next_dagrun for example_sensors to None, run_after=None
[2026-05-16T11:38:45.813+0000] {processor.py:183} INFO - Processing /home/airflow/.local/lib/python3.12/site-packages/airflow/example_dags/example_sensors.py took 0.027 seconds
[2026-05-16T11:39:16.705+0000] {processor.py:161} INFO - Started process (PID=10057) to work on /home/airflow/.local/lib/python3.12/site-packages/airflow/example_dags/example_sensors.py
[2026-05-16T11:39:16.706+0000] {processor.py:830} INFO - Processing file /home/airflow/.local/lib/python3.12/site-packages/airflow/example_dags/example_sensors.py for tasks to queue
[2026-05-16T11:39:16.706+0000] {logging_mixin.py:188} INFO - [2026-05-16T11:39:16.706+0000] {dagbag.py:545} INFO - Filling up the DagBag from /home/airflow/.local/lib/python3.12/site-packages/airflow/example_dags/example_sensors.py
[2026-05-16T11:39:16.710+0000] {processor.py:840} INFO - DAG(s) 'example_sensors' retrieved from /home/airflow/.local/lib/python3.12/site-packages/airflow/example_dags/example_sensors.py
[2026-05-16T11:39:16.720+0000] {logging_mixin.py:188} INFO - [2026-05-16T11:39:16.720+0000] {dag.py:3089} INFO - Sync 1 DAGs
[2026-05-16T11:39:16.725+0000] {logging_mixin.py:188} INFO - [2026-05-16T11:39:16.725+0000] {dag.py:3947} INFO - Setting next_dagrun for example_sensors to None, run_after=None
[2026-05-16T11:39:16.731+0000] {processor.py:183} INFO - Processing /home/airflow/.local/lib/python3.12/site-packages/airflow/example_dags/example_sensors.py took 0.029 seconds
[2026-05-16T11:39:47.484+0000] {processor.py:161} INFO - Started process (PID=10119) to work on /home/airflow/.local/lib/python3.12/site-packages/airflow/example_dags/example_sensors.py
[2026-05-16T11:39:47.485+0000] {processor.py:830} INFO - Processing file /home/airflow/.local/lib/python3.12/site-packages/airflow/example_dags/example_sensors.py for tasks to queue
[2026-05-16T11:39:47.487+0000] {logging_mixin.py:188} INFO - [2026-05-16T11:39:47.486+0000] {dagbag.py:545} INFO - Filling up the DagBag from /home/airflow/.local/lib/python3.12/site-packages/airflow/example_dags/example_sensors.py
[2026-05-16T11:39:47.492+0000] {processor.py:840} INFO - DAG(s) 'example_sensors' retrieved from /home/airflow/.local/lib/python3.12/site-packages/airflow/example_dags/example_sensors.py
[2026-05-16T11:39:47.506+0000] {logging_mixin.py:188} INFO - [2026-05-16T11:39:47.506+0000] {dag.py:3089} INFO - Sync 1 DAGs
[2026-05-16T11:39:47.514+0000] {logging_mixin.py:188} INFO - [2026-05-16T11:39:47.513+0000] {dag.py:3947} INFO - Setting next_dagrun for example_sensors to None, run_after=None
[2026-05-16T11:39:47.527+0000] {processor.py:183} INFO - Processing /home/airflow/.local/lib/python3.12/site-packages/airflow/example_dags/example_sensors.py took 0.049 seconds
[2026-05-16T11:40:18.216+0000] {processor.py:161} INFO - Started process (PID=10181) to work on /home/airflow/.local/lib/python3.12/site-packages/airflow/example_dags/example_sensors.py
[2026-05-16T11:40:18.218+0000] {processor.py:830} INFO - Processing file /home/airflow/.local/lib/python3.12/site-packages/airflow/example_dags/example_sensors.py for tasks to queue
[2026-05-16T11:40:18.218+0000] {logging_mixin.py:188} INFO - [2026-05-16T11:40:18.218+0000] {dagbag.py:545} INFO - Filling up the DagBag from /home/airflow/.local/lib/python3.12/site-packages/airflow/example_dags/example_sensors.py
[2026-05-16T11:40:18.223+0000] {processor.py:840} INFO - DAG(s) 'example_sensors' retrieved from /home/airflow/.local/lib/python3.12/site-packages/airflow/example_dags/example_sensors.py
[2026-05-16T11:40:18.238+0000] {logging_mixin.py:188} INFO - [2026-05-16T11:40:18.238+0000] {dag.py:3089} INFO - Sync 1 DAGs
[2026-05-16T11:40:18.245+0000] {logging_mixin.py:188} INFO - [2026-05-16T11:40:18.245+0000] {dag.py:3947} INFO - Setting next_dagrun for example_sensors to None, run_after=None
[2026-05-16T11:40:18.254+0000] {processor.py:183} INFO - Processing /home/airflow/.local/lib/python3.12/site-packages/airflow/example_dags/example_sensors.py took 0.043 seconds
[2026-05-16T11:40:48.851+0000] {processor.py:161} INFO - Started process (PID=10243) to work on /home/airflow/.local/lib/python3.12/site-packages/airflow/example_dags/example_sensors.py
[2026-05-16T11:40:48.856+0000] {processor.py:830} INFO - Processing file /home/airflow/.local/lib/python3.12/site-packages/airflow/example_dags/example_sensors.py for tasks to queue
[2026-05-16T11:40:48.856+0000] {logging_mixin.py:188} INFO - [2026-05-16T11:40:48.856+0000] {dagbag.py:545} INFO - Filling up the DagBag from /home/airflow/.local/lib/python3.12/site-packages/airflow/example_dags/example_sensors.py
[2026-05-16T11:40:48.864+0000] {processor.py:840} INFO - DAG(s) 'example_sensors' retrieved from /home/airflow/.local/lib/python3.12/site-packages/airflow/example_dags/example_sensors.py
[2026-05-16T11:40:48.884+0000] {logging_mixin.py:188} INFO - [2026-05-16T11:40:48.884+0000] {dag.py:3089} INFO - Sync 1 DAGs
[2026-05-16T11:40:48.894+0000] {logging_mixin.py:188} INFO - [2026-05-16T11:40:48.894+0000] {dag.py:3947} INFO - Setting next_dagrun for example_sensors to None, run_after=None
[2026-05-16T11:40:48.921+0000] {processor.py:183} INFO - Processing /home/airflow/.local/lib/python3.12/site-packages/airflow/example_dags/example_sensors.py took 0.074 seconds
[2026-05-16T11:41:19.569+0000] {processor.py:161} INFO - Started process (PID=10305) to work on /home/airflow/.local/lib/python3.12/site-packages/airflow/example_dags/example_sensors.py
[2026-05-16T11:41:19.570+0000] {processor.py:830} INFO - Processing file /home/airflow/.local/lib/python3.12/site-packages/airflow/example_dags/example_sensors.py for tasks to queue
[2026-05-16T11:41:19.570+0000] {logging_mixin.py:188} INFO - [2026-05-16T11:41:19.570+0000] {dagbag.py:545} INFO - Filling up the DagBag from /home/airflow/.local/lib/python3.12/site-packages/airflow/example_dags/example_sensors.py
[2026-05-16T11:41:19.575+0000] {processor.py:840} INFO - DAG(s) 'example_sensors' retrieved from /home/airflow/.local/lib/python3.12/site-packages/airflow/example_dags/example_sensors.py
[2026-05-16T11:41:19.589+0000] {logging_mixin.py:188} INFO - [2026-05-16T11:41:19.589+0000] {dag.py:3089} INFO - Sync 1 DAGs
[2026-05-16T11:41:19.595+0000] {logging_mixin.py:188} INFO - [2026-05-16T11:41:19.595+0000] {dag.py:3947} INFO - Setting next_dagrun for example_sensors to None, run_after=None
[2026-05-16T11:41:19.602+0000] {processor.py:183} INFO - Processing /home/airflow/.local/lib/python3.12/site-packages/airflow/example_dags/example_sensors.py took 0.035 seconds
[2026-05-16T11:41:50.256+0000] {processor.py:161} INFO - Started process (PID=10366) to work on /home/airflow/.local/lib/python3.12/site-packages/airflow/example_dags/example_sensors.py
[2026-05-16T11:41:50.257+0000] {processor.py:830} INFO - Processing file /home/airflow/.local/lib/python3.12/site-packages/airflow/example_dags/example_sensors.py for tasks to queue
[2026-05-16T11:41:50.258+0000] {logging_mixin.py:188} INFO - [2026-05-16T11:41:50.257+0000] {dagbag.py:545} INFO - Filling up the DagBag from /home/airflow/.local/lib/python3.12/site-packages/airflow/example_dags/example_sensors.py
[2026-05-16T11:41:50.262+0000] {processor.py:840} INFO - DAG(s) 'example_sensors' retrieved from /home/airflow/.local/lib/python3.12/site-packages/airflow/example_dags/example_sensors.py
[2026-05-16T11:41:50.271+0000] {logging_mixin.py:188} INFO - [2026-05-16T11:41:50.271+0000] {dag.py:3089} INFO - Sync 1 DAGs
[2026-05-16T11:41:50.275+0000] {logging_mixin.py:188} INFO - [2026-05-16T11:41:50.274+0000] {dag.py:3947} INFO - Setting next_dagrun for example_sensors to None, run_after=None
[2026-05-16T11:41:50.280+0000] {processor.py:183} INFO - Processing /home/airflow/.local/lib/python3.12/site-packages/airflow/example_dags/example_sensors.py took 0.028 seconds
[2026-05-16T11:42:20.847+0000] {processor.py:161} INFO - Started process (PID=10428) to work on /home/airflow/.local/lib/python3.12/site-packages/airflow/example_dags/example_sensors.py
[2026-05-16T11:42:20.847+0000] {processor.py:830} INFO - Processing file /home/airflow/.local/lib/python3.12/site-packages/airflow/example_dags/example_sensors.py for tasks to queue
[2026-05-16T11:42:20.848+0000] {logging_mixin.py:188} INFO - [2026-05-16T11:42:20.848+0000] {dagbag.py:545} INFO - Filling up the DagBag from /home/airflow/.local/lib/python3.12/site-packages/airflow/example_dags/example_sensors.py
[2026-05-16T11:42:20.851+0000] {processor.py:840} INFO - DAG(s) 'example_sensors' retrieved from /home/airflow/.local/lib/python3.12/site-packages/airflow/example_dags/example_sensors.py
[2026-05-16T11:42:20.860+0000] {logging_mixin.py:188} INFO - [2026-05-16T11:42:20.860+0000] {dag.py:3089} INFO - Sync 1 DAGs
[2026-05-16T11:42:20.864+0000] {logging_mixin.py:188} INFO - [2026-05-16T11:42:20.864+0000] {dag.py:3947} INFO - Setting next_dagrun for example_sensors to None, run_after=None
[2026-05-16T11:42:20.869+0000] {processor.py:183} INFO - Processing /home/airflow/.local/lib/python3.12/site-packages/airflow/example_dags/example_sensors.py took 0.025 seconds
[2026-05-16T11:42:51.398+0000] {processor.py:161} INFO - Started process (PID=10490) to work on /home/airflow/.local/lib/python3.12/site-packages/airflow/example_dags/example_sensors.py
[2026-05-16T11:42:51.398+0000] {processor.py:830} INFO - Processing file /home/airflow/.local/lib/python3.12/site-packages/airflow/example_dags/example_sensors.py for tasks to queue
[2026-05-16T11:42:51.399+0000] {logging_mixin.py:188} INFO - [2026-05-16T11:42:51.398+0000] {dagbag.py:545} INFO - Filling up the DagBag from /home/airflow/.local/lib/python3.12/site-packages/airflow/example_dags/example_sensors.py
[2026-05-16T11:42:51.402+0000] {processor.py:840} INFO - DAG(s) 'example_sensors' retrieved from /home/airflow/.local/lib/python3.12/site-packages/airflow/example_dags/example_sensors.py
[2026-05-16T11:42:51.410+0000] {logging_mixin.py:188} INFO - [2026-05-16T11:42:51.410+0000] {dag.py:3089} INFO - Sync 1 DAGs
[2026-05-16T11:42:51.416+0000] {logging_mixin.py:188} INFO - [2026-05-16T11:42:51.416+0000] {dag.py:3947} INFO - Setting next_dagrun for example_sensors to None, run_after=None
[2026-05-16T11:42:51.422+0000] {processor.py:183} INFO - Processing /home/airflow/.local/lib/python3.12/site-packages/airflow/example_dags/example_sensors.py took 0.027 seconds
[2026-05-16T11:43:22.159+0000] {processor.py:161} INFO - Started process (PID=10552) to work on /home/airflow/.local/lib/python3.12/site-packages/airflow/example_dags/example_sensors.py
[2026-05-16T11:43:22.160+0000] {processor.py:830} INFO - Processing file /home/airflow/.local/lib/python3.12/site-packages/airflow/example_dags/example_sensors.py for tasks to queue
[2026-05-16T11:43:22.160+0000] {logging_mixin.py:188} INFO - [2026-05-16T11:43:22.160+0000] {dagbag.py:545} INFO - Filling up the DagBag from /home/airflow/.local/lib/python3.12/site-packages/airflow/example_dags/example_sensors.py
[2026-05-16T11:43:22.164+0000] {processor.py:840} INFO - DAG(s) 'example_sensors' retrieved from /home/airflow/.local/lib/python3.12/site-packages/airflow/example_dags/example_sensors.py
[2026-05-16T11:43:22.173+0000] {logging_mixin.py:188} INFO - [2026-05-16T11:43:22.173+0000] {dag.py:3089} INFO - Sync 1 DAGs
[2026-05-16T11:43:22.179+0000] {logging_mixin.py:188} INFO - [2026-05-16T11:43:22.179+0000] {dag.py:3947} INFO - Setting next_dagrun for example_sensors to None, run_after=None
[2026-05-16T11:43:22.185+0000] {processor.py:183} INFO - Processing /home/airflow/.local/lib/python3.12/site-packages/airflow/example_dags/example_sensors.py took 0.029 seconds
[2026-05-16T11:43:52.863+0000] {processor.py:161} INFO - Started process (PID=10614) to work on /home/airflow/.local/lib/python3.12/site-packages/airflow/example_dags/example_sensors.py
[2026-05-16T11:43:52.864+0000] {processor.py:830} INFO - Processing file /home/airflow/.local/lib/python3.12/site-packages/airflow/example_dags/example_sensors.py for tasks to queue
[2026-05-16T11:43:52.864+0000] {logging_mixin.py:188} INFO - [2026-05-16T11:43:52.864+0000] {dagbag.py:545} INFO - Filling up the DagBag from /home/airflow/.local/lib/python3.12/site-packages/airflow/example_dags/example_sensors.py
[2026-05-16T11:43:52.868+0000] {processor.py:840} INFO - DAG(s) 'example_sensors' retrieved from /home/airflow/.local/lib/python3.12/site-packages/airflow/example_dags/example_sensors.py
[2026-05-16T11:43:52.878+0000] {logging_mixin.py:188} INFO - [2026-05-16T11:43:52.878+0000] {dag.py:3089} INFO - Sync 1 DAGs
[2026-05-16T11:43:52.883+0000] {logging_mixin.py:188} INFO - [2026-05-16T11:43:52.883+0000] {dag.py:3947} INFO - Setting next_dagrun for example_sensors to None, run_after=None
[2026-05-16T11:43:52.889+0000] {processor.py:183} INFO - Processing /home/airflow/.local/lib/python3.12/site-packages/airflow/example_dags/example_sensors.py took 0.028 seconds
[2026-05-16T11:44:23.694+0000] {processor.py:161} INFO - Started process (PID=10676) to work on /home/airflow/.local/lib/python3.12/site-packages/airflow/example_dags/example_sensors.py
[2026-05-16T11:44:23.694+0000] {processor.py:830} INFO - Processing file /home/airflow/.local/lib/python3.12/site-packages/airflow/example_dags/example_sensors.py for tasks to queue
[2026-05-16T11:44:23.695+0000] {logging_mixin.py:188} INFO - [2026-05-16T11:44:23.695+0000] {dagbag.py:545} INFO - Filling up the DagBag from /home/airflow/.local/lib/python3.12/site-packages/airflow/example_dags/example_sensors.py
[2026-05-16T11:44:23.699+0000] {processor.py:840} INFO - DAG(s) 'example_sensors' retrieved from /home/airflow/.local/lib/python3.12/site-packages/airflow/example_dags/example_sensors.py
[2026-05-16T11:44:23.713+0000] {logging_mixin.py:188} INFO - [2026-05-16T11:44:23.713+0000] {dag.py:3089} INFO - Sync 1 DAGs
[2026-05-16T11:44:23.717+0000] {logging_mixin.py:188} INFO - [2026-05-16T11:44:23.717+0000] {dag.py:3947} INFO - Setting next_dagrun for example_sensors to None, run_after=None
[2026-05-16T11:44:23.724+0000] {processor.py:183} INFO - Processing /home/airflow/.local/lib/python3.12/site-packages/airflow/example_dags/example_sensors.py took 0.034 seconds
[2026-05-16T11:44:54.444+0000] {processor.py:161} INFO - Started process (PID=10738) to work on /home/airflow/.local/lib/python3.12/site-packages/airflow/example_dags/example_sensors.py
[2026-05-16T11:44:54.444+0000] {processor.py:830} INFO - Processing file /home/airflow/.local/lib/python3.12/site-packages/airflow/example_dags/example_sensors.py for tasks to queue
[2026-05-16T11:44:54.445+0000] {logging_mixin.py:188} INFO - [2026-05-16T11:44:54.445+0000] {dagbag.py:545} INFO - Filling up the DagBag from /home/airflow/.local/lib/python3.12/site-packages/airflow/example_dags/example_sensors.py
[2026-05-16T11:44:54.448+0000] {processor.py:840} INFO - DAG(s) 'example_sensors' retrieved from /home/airflow/.local/lib/python3.12/site-packages/airflow/example_dags/example_sensors.py
[2026-05-16T11:44:54.456+0000] {logging_mixin.py:188} INFO - [2026-05-16T11:44:54.456+0000] {dag.py:3089} INFO - Sync 1 DAGs
[2026-05-16T11:44:54.461+0000] {logging_mixin.py:188} INFO - [2026-05-16T11:44:54.461+0000] {dag.py:3947} INFO - Setting next_dagrun for example_sensors to None, run_after=None
[2026-05-16T11:44:54.466+0000] {processor.py:183} INFO - Processing /home/airflow/.local/lib/python3.12/site-packages/airflow/example_dags/example_sensors.py took 0.024 seconds
[2026-05-16T11:45:25.028+0000] {processor.py:161} INFO - Started process (PID=10800) to work on /home/airflow/.local/lib/python3.12/site-packages/airflow/example_dags/example_sensors.py
[2026-05-16T11:45:25.029+0000] {processor.py:830} INFO - Processing file /home/airflow/.local/lib/python3.12/site-packages/airflow/example_dags/example_sensors.py for tasks to queue
[2026-05-16T11:45:25.029+0000] {logging_mixin.py:188} INFO - [2026-05-16T11:45:25.029+0000] {dagbag.py:545} INFO - Filling up the DagBag from /home/airflow/.local/lib/python3.12/site-packages/airflow/example_dags/example_sensors.py
[2026-05-16T11:45:25.033+0000] {processor.py:840} INFO - DAG(s) 'example_sensors' retrieved from /home/airflow/.local/lib/python3.12/site-packages/airflow/example_dags/example_sensors.py
[2026-05-16T11:45:25.041+0000] {logging_mixin.py:188} INFO - [2026-05-16T11:45:25.041+0000] {dag.py:3089} INFO - Sync 1 DAGs
[2026-05-16T11:45:25.045+0000] {logging_mixin.py:188} INFO - [2026-05-16T11:45:25.045+0000] {dag.py:3947} INFO - Setting next_dagrun for example_sensors to None, run_after=None
[2026-05-16T11:45:25.050+0000] {processor.py:183} INFO - Processing /home/airflow/.local/lib/python3.12/site-packages/airflow/example_dags/example_sensors.py took 0.024 seconds
[2026-05-16T11:45:55.893+0000] {processor.py:161} INFO - Started process (PID=10862) to work on /home/airflow/.local/lib/python3.12/site-packages/airflow/example_dags/example_sensors.py
[2026-05-16T11:45:55.893+0000] {processor.py:830} INFO - Processing file /home/airflow/.local/lib/python3.12/site-packages/airflow/example_dags/example_sensors.py for tasks to queue
[2026-05-16T11:45:55.894+0000] {logging_mixin.py:188} INFO - [2026-05-16T11:45:55.894+0000] {dagbag.py:545} INFO - Filling up the DagBag from /home/airflow/.local/lib/python3.12/site-packages/airflow/example_dags/example_sensors.py
[2026-05-16T11:45:55.902+0000] {processor.py:840} INFO - DAG(s) 'example_sensors' retrieved from /home/airflow/.local/lib/python3.12/site-packages/airflow/example_dags/example_sensors.py
[2026-05-16T11:45:55.915+0000] {logging_mixin.py:188} INFO - [2026-05-16T11:45:55.915+0000] {dag.py:3089} INFO - Sync 1 DAGs
[2026-05-16T11:45:55.921+0000] {logging_mixin.py:188} INFO - [2026-05-16T11:45:55.920+0000] {dag.py:3947} INFO - Setting next_dagrun for example_sensors to None, run_after=None
[2026-05-16T11:45:55.925+0000] {processor.py:183} INFO - Processing /home/airflow/.local/lib/python3.12/site-packages/airflow/example_dags/example_sensors.py took 0.038 seconds
[2026-05-16T11:46:26.856+0000] {processor.py:161} INFO - Started process (PID=10924) to work on /home/airflow/.local/lib/python3.12/site-packages/airflow/example_dags/example_sensors.py
[2026-05-16T11:46:26.857+0000] {processor.py:830} INFO - Processing file /home/airflow/.local/lib/python3.12/site-packages/airflow/example_dags/example_sensors.py for tasks to queue
[2026-05-16T11:46:26.857+0000] {logging_mixin.py:188} INFO - [2026-05-16T11:46:26.857+0000] {dagbag.py:545} INFO - Filling up the DagBag from /home/airflow/.local/lib/python3.12/site-packages/airflow/example_dags/example_sensors.py
[2026-05-16T11:46:26.861+0000] {processor.py:840} INFO - DAG(s) 'example_sensors' retrieved from /home/airflow/.local/lib/python3.12/site-packages/airflow/example_dags/example_sensors.py
[2026-05-16T11:46:26.870+0000] {logging_mixin.py:188} INFO - [2026-05-16T11:46:26.870+0000] {dag.py:3089} INFO - Sync 1 DAGs
[2026-05-16T11:46:26.874+0000] {logging_mixin.py:188} INFO - [2026-05-16T11:46:26.874+0000] {dag.py:3947} INFO - Setting next_dagrun for example_sensors to None, run_after=None
[2026-05-16T11:46:26.879+0000] {processor.py:183} INFO - Processing /home/airflow/.local/lib/python3.12/site-packages/airflow/example_dags/example_sensors.py took 0.026 seconds
[2026-05-16T11:46:56.961+0000] {processor.py:161} INFO - Started process (PID=10986) to work on /home/airflow/.local/lib/python3.12/site-packages/airflow/example_dags/example_sensors.py
[2026-05-16T11:46:56.961+0000] {processor.py:830} INFO - Processing file /home/airflow/.local/lib/python3.12/site-packages/airflow/example_dags/example_sensors.py for tasks to queue
[2026-05-16T11:46:56.962+0000] {logging_mixin.py:188} INFO - [2026-05-16T11:46:56.961+0000] {dagbag.py:545} INFO - Filling up the DagBag from /home/airflow/.local/lib/python3.12/site-packages/airflow/example_dags/example_sensors.py
[2026-05-16T11:46:56.966+0000] {processor.py:840} INFO - DAG(s) 'example_sensors' retrieved from /home/airflow/.local/lib/python3.12/site-packages/airflow/example_dags/example_sensors.py
[2026-05-16T11:46:56.975+0000] {logging_mixin.py:188} INFO - [2026-05-16T11:46:56.974+0000] {dag.py:3089} INFO - Sync 1 DAGs
[2026-05-16T11:46:56.979+0000] {logging_mixin.py:188} INFO - [2026-05-16T11:46:56.979+0000] {dag.py:3947} INFO - Setting next_dagrun for example_sensors to None, run_after=None
[2026-05-16T11:46:56.984+0000] {processor.py:183} INFO - Processing /home/airflow/.local/lib/python3.12/site-packages/airflow/example_dags/example_sensors.py took 0.026 seconds
[2026-05-16T11:47:27.685+0000] {processor.py:161} INFO - Started process (PID=11048) to work on /home/airflow/.local/lib/python3.12/site-packages/airflow/example_dags/example_sensors.py
[2026-05-16T11:47:27.685+0000] {processor.py:830} INFO - Processing file /home/airflow/.local/lib/python3.12/site-packages/airflow/example_dags/example_sensors.py for tasks to queue
[2026-05-16T11:47:27.685+0000] {logging_mixin.py:188} INFO - [2026-05-16T11:47:27.685+0000] {dagbag.py:545} INFO - Filling up the DagBag from /home/airflow/.local/lib/python3.12/site-packages/airflow/example_dags/example_sensors.py
[2026-05-16T11:47:27.689+0000] {processor.py:840} INFO - DAG(s) 'example_sensors' retrieved from /home/airflow/.local/lib/python3.12/site-packages/airflow/example_dags/example_sensors.py
[2026-05-16T11:47:27.697+0000] {logging_mixin.py:188} INFO - [2026-05-16T11:47:27.697+0000] {dag.py:3089} INFO - Sync 1 DAGs
[2026-05-16T11:47:27.701+0000] {logging_mixin.py:188} INFO - [2026-05-16T11:47:27.701+0000] {dag.py:3947} INFO - Setting next_dagrun for example_sensors to None, run_after=None
[2026-05-16T11:47:27.707+0000] {processor.py:183} INFO - Processing /home/airflow/.local/lib/python3.12/site-packages/airflow/example_dags/example_sensors.py took 0.024 seconds
[2026-05-16T11:47:58.225+0000] {processor.py:161} INFO - Started process (PID=11110) to work on /home/airflow/.local/lib/python3.12/site-packages/airflow/example_dags/example_sensors.py
[2026-05-16T11:47:58.226+0000] {processor.py:830} INFO - Processing file /home/airflow/.local/lib/python3.12/site-packages/airflow/example_dags/example_sensors.py for tasks to queue
[2026-05-16T11:47:58.226+0000] {logging_mixin.py:188} INFO - [2026-05-16T11:47:58.226+0000] {dagbag.py:545} INFO - Filling up the DagBag from /home/airflow/.local/lib/python3.12/site-packages/airflow/example_dags/example_sensors.py
[2026-05-16T11:47:58.229+0000] {processor.py:840} INFO - DAG(s) 'example_sensors' retrieved from /home/airflow/.local/lib/python3.12/site-packages/airflow/example_dags/example_sensors.py
[2026-05-16T11:47:58.240+0000] {logging_mixin.py:188} INFO - [2026-05-16T11:47:58.240+0000] {dag.py:3089} INFO - Sync 1 DAGs
[2026-05-16T11:47:58.244+0000] {logging_mixin.py:188} INFO - [2026-05-16T11:47:58.244+0000] {dag.py:3947} INFO - Setting next_dagrun for example_sensors to None, run_after=None
[2026-05-16T11:47:58.249+0000] {processor.py:183} INFO - Processing /home/airflow/.local/lib/python3.12/site-packages/airflow/example_dags/example_sensors.py took 0.027 seconds
[2026-05-16T11:48:28.786+0000] {processor.py:161} INFO - Started process (PID=11172) to work on /home/airflow/.local/lib/python3.12/site-packages/airflow/example_dags/example_sensors.py
[2026-05-16T11:48:28.787+0000] {processor.py:830} INFO - Processing file /home/airflow/.local/lib/python3.12/site-packages/airflow/example_dags/example_sensors.py for tasks to queue
[2026-05-16T11:48:28.788+0000] {logging_mixin.py:188} INFO - [2026-05-16T11:48:28.787+0000] {dagbag.py:545} INFO - Filling up the DagBag from /home/airflow/.local/lib/python3.12/site-packages/airflow/example_dags/example_sensors.py
[2026-05-16T11:48:28.791+0000] {processor.py:840} INFO - DAG(s) 'example_sensors' retrieved from /home/airflow/.local/lib/python3.12/site-packages/airflow/example_dags/example_sensors.py
[2026-05-16T11:48:28.800+0000] {logging_mixin.py:188} INFO - [2026-05-16T11:48:28.800+0000] {dag.py:3089} INFO - Sync 1 DAGs
[2026-05-16T11:48:28.804+0000] {logging_mixin.py:188} INFO - [2026-05-16T11:48:28.804+0000] {dag.py:3947} INFO - Setting next_dagrun for example_sensors to None, run_after=None
[2026-05-16T11:48:28.809+0000] {processor.py:183} INFO - Processing /home/airflow/.local/lib/python3.12/site-packages/airflow/example_dags/example_sensors.py took 0.025 seconds
[2026-05-16T11:48:59.551+0000] {processor.py:161} INFO - Started process (PID=11234) to work on /home/airflow/.local/lib/python3.12/site-packages/airflow/example_dags/example_sensors.py
[2026-05-16T11:48:59.553+0000] {processor.py:830} INFO - Processing file /home/airflow/.local/lib/python3.12/site-packages/airflow/example_dags/example_sensors.py for tasks to queue
[2026-05-16T11:48:59.553+0000] {logging_mixin.py:188} INFO - [2026-05-16T11:48:59.553+0000] {dagbag.py:545} INFO - Filling up the DagBag from /home/airflow/.local/lib/python3.12/site-packages/airflow/example_dags/example_sensors.py
[2026-05-16T11:48:59.557+0000] {processor.py:840} INFO - DAG(s) 'example_sensors' retrieved from /home/airflow/.local/lib/python3.12/site-packages/airflow/example_dags/example_sensors.py
[2026-05-16T11:48:59.566+0000] {logging_mixin.py:188} INFO - [2026-05-16T11:48:59.566+0000] {dag.py:3089} INFO - Sync 1 DAGs
[2026-05-16T11:48:59.570+0000] {logging_mixin.py:188} INFO - [2026-05-16T11:48:59.570+0000] {dag.py:3947} INFO - Setting next_dagrun for example_sensors to None, run_after=None
[2026-05-16T11:48:59.577+0000] {processor.py:183} INFO - Processing /home/airflow/.local/lib/python3.12/site-packages/airflow/example_dags/example_sensors.py took 0.029 seconds
[2026-05-16T11:49:31.106+0000] {processor.py:161} INFO - Started process (PID=11296) to work on /home/airflow/.local/lib/python3.12/site-packages/airflow/example_dags/example_sensors.py
[2026-05-16T11:49:31.108+0000] {processor.py:830} INFO - Processing file /home/airflow/.local/lib/python3.12/site-packages/airflow/example_dags/example_sensors.py for tasks to queue
[2026-05-16T11:49:31.108+0000] {logging_mixin.py:188} INFO - [2026-05-16T11:49:31.108+0000] {dagbag.py:545} INFO - Filling up the DagBag from /home/airflow/.local/lib/python3.12/site-packages/airflow/example_dags/example_sensors.py
[2026-05-16T11:49:31.117+0000] {processor.py:840} INFO - DAG(s) 'example_sensors' retrieved from /home/airflow/.local/lib/python3.12/site-packages/airflow/example_dags/example_sensors.py
[2026-05-16T11:49:31.139+0000] {logging_mixin.py:188} INFO - [2026-05-16T11:49:31.139+0000] {dag.py:3089} INFO - Sync 1 DAGs
[2026-05-16T11:49:31.267+0000] {logging_mixin.py:188} INFO - [2026-05-16T11:49:31.267+0000] {dag.py:3947} INFO - Setting next_dagrun for example_sensors to None, run_after=None
[2026-05-16T11:49:31.276+0000] {processor.py:183} INFO - Processing /home/airflow/.local/lib/python3.12/site-packages/airflow/example_dags/example_sensors.py took 0.175 seconds
[2026-05-16T11:50:01.470+0000] {processor.py:161} INFO - Started process (PID=11358) to work on /home/airflow/.local/lib/python3.12/site-packages/airflow/example_dags/example_sensors.py
[2026-05-16T11:50:01.471+0000] {processor.py:830} INFO - Processing file /home/airflow/.local/lib/python3.12/site-packages/airflow/example_dags/example_sensors.py for tasks to queue
[2026-05-16T11:50:01.471+0000] {logging_mixin.py:188} INFO - [2026-05-16T11:50:01.471+0000] {dagbag.py:545} INFO - Filling up the DagBag from /home/airflow/.local/lib/python3.12/site-packages/airflow/example_dags/example_sensors.py
[2026-05-16T11:50:01.475+0000] {processor.py:840} INFO - DAG(s) 'example_sensors' retrieved from /home/airflow/.local/lib/python3.12/site-packages/airflow/example_dags/example_sensors.py
[2026-05-16T11:50:01.485+0000] {logging_mixin.py:188} INFO - [2026-05-16T11:50:01.485+0000] {dag.py:3089} INFO - Sync 1 DAGs
[2026-05-16T11:50:01.490+0000] {logging_mixin.py:188} INFO - [2026-05-16T11:50:01.490+0000] {dag.py:3947} INFO - Setting next_dagrun for example_sensors to None, run_after=None
[2026-05-16T11:50:01.580+0000] {processor.py:183} INFO - Processing /home/airflow/.local/lib/python3.12/site-packages/airflow/example_dags/example_sensors.py took 0.113 seconds
[2026-05-16T11:50:32.418+0000] {processor.py:161} INFO - Started process (PID=11420) to work on /home/airflow/.local/lib/python3.12/site-packages/airflow/example_dags/example_sensors.py
[2026-05-16T11:50:32.419+0000] {processor.py:830} INFO - Processing file /home/airflow/.local/lib/python3.12/site-packages/airflow/example_dags/example_sensors.py for tasks to queue
[2026-05-16T11:50:32.419+0000] {logging_mixin.py:188} INFO - [2026-05-16T11:50:32.419+0000] {dagbag.py:545} INFO - Filling up the DagBag from /home/airflow/.local/lib/python3.12/site-packages/airflow/example_dags/example_sensors.py
[2026-05-16T11:50:32.423+0000] {processor.py:840} INFO - DAG(s) 'example_sensors' retrieved from /home/airflow/.local/lib/python3.12/site-packages/airflow/example_dags/example_sensors.py
[2026-05-16T11:50:32.432+0000] {logging_mixin.py:188} INFO - [2026-05-16T11:50:32.432+0000] {dag.py:3089} INFO - Sync 1 DAGs
[2026-05-16T11:50:32.436+0000] {logging_mixin.py:188} INFO - [2026-05-16T11:50:32.436+0000] {dag.py:3947} INFO - Setting next_dagrun for example_sensors to None, run_after=None
[2026-05-16T11:50:32.441+0000] {processor.py:183} INFO - Processing /home/airflow/.local/lib/python3.12/site-packages/airflow/example_dags/example_sensors.py took 0.025 seconds
[2026-05-16T11:51:02.845+0000] {processor.py:161} INFO - Started process (PID=11482) to work on /home/airflow/.local/lib/python3.12/site-packages/airflow/example_dags/example_sensors.py
[2026-05-16T11:51:02.845+0000] {processor.py:830} INFO - Processing file /home/airflow/.local/lib/python3.12/site-packages/airflow/example_dags/example_sensors.py for tasks to queue
[2026-05-16T11:51:02.846+0000] {logging_mixin.py:188} INFO - [2026-05-16T11:51:02.846+0000] {dagbag.py:545} INFO - Filling up the DagBag from /home/airflow/.local/lib/python3.12/site-packages/airflow/example_dags/example_sensors.py
[2026-05-16T11:51:02.849+0000] {processor.py:840} INFO - DAG(s) 'example_sensors' retrieved from /home/airflow/.local/lib/python3.12/site-packages/airflow/example_dags/example_sensors.py
[2026-05-16T11:51:02.858+0000] {logging_mixin.py:188} INFO - [2026-05-16T11:51:02.858+0000] {dag.py:3089} INFO - Sync 1 DAGs
[2026-05-16T11:51:02.862+0000] {logging_mixin.py:188} INFO - [2026-05-16T11:51:02.862+0000] {dag.py:3947} INFO - Setting next_dagrun for example_sensors to None, run_after=None
[2026-05-16T11:51:02.867+0000] {processor.py:183} INFO - Processing /home/airflow/.local/lib/python3.12/site-packages/airflow/example_dags/example_sensors.py took 0.024 seconds
[2026-05-16T11:51:33.380+0000] {processor.py:161} INFO - Started process (PID=11544) to work on /home/airflow/.local/lib/python3.12/site-packages/airflow/example_dags/example_sensors.py
[2026-05-16T11:51:33.381+0000] {processor.py:830} INFO - Processing file /home/airflow/.local/lib/python3.12/site-packages/airflow/example_dags/example_sensors.py for tasks to queue
[2026-05-16T11:51:33.381+0000] {logging_mixin.py:188} INFO - [2026-05-16T11:51:33.381+0000] {dagbag.py:545} INFO - Filling up the DagBag from /home/airflow/.local/lib/python3.12/site-packages/airflow/example_dags/example_sensors.py
[2026-05-16T11:51:33.385+0000] {processor.py:840} INFO - DAG(s) 'example_sensors' retrieved from /home/airflow/.local/lib/python3.12/site-packages/airflow/example_dags/example_sensors.py
[2026-05-16T11:51:33.398+0000] {logging_mixin.py:188} INFO - [2026-05-16T11:51:33.398+0000] {dag.py:3089} INFO - Sync 1 DAGs
[2026-05-16T11:51:33.402+0000] {logging_mixin.py:188} INFO - [2026-05-16T11:51:33.402+0000] {dag.py:3947} INFO - Setting next_dagrun for example_sensors to None, run_after=None
[2026-05-16T11:51:33.408+0000] {processor.py:183} INFO - Processing /home/airflow/.local/lib/python3.12/site-packages/airflow/example_dags/example_sensors.py took 0.030 seconds
[2026-05-16T11:52:03.816+0000] {processor.py:161} INFO - Started process (PID=11606) to work on /home/airflow/.local/lib/python3.12/site-packages/airflow/example_dags/example_sensors.py
[2026-05-16T11:52:03.816+0000] {processor.py:830} INFO - Processing file /home/airflow/.local/lib/python3.12/site-packages/airflow/example_dags/example_sensors.py for tasks to queue
[2026-05-16T11:52:03.817+0000] {logging_mixin.py:188} INFO - [2026-05-16T11:52:03.817+0000] {dagbag.py:545} INFO - Filling up the DagBag from /home/airflow/.local/lib/python3.12/site-packages/airflow/example_dags/example_sensors.py
[2026-05-16T11:52:03.822+0000] {processor.py:840} INFO - DAG(s) 'example_sensors' retrieved from /home/airflow/.local/lib/python3.12/site-packages/airflow/example_dags/example_sensors.py
[2026-05-16T11:52:03.829+0000] {logging_mixin.py:188} INFO - [2026-05-16T11:52:03.829+0000] {dag.py:3089} INFO - Sync 1 DAGs
[2026-05-16T11:52:03.834+0000] {logging_mixin.py:188} INFO - [2026-05-16T11:52:03.834+0000] {dag.py:3947} INFO - Setting next_dagrun for example_sensors to None, run_after=None
[2026-05-16T11:52:03.839+0000] {processor.py:183} INFO - Processing /home/airflow/.local/lib/python3.12/site-packages/airflow/example_dags/example_sensors.py took 0.025 seconds
[2026-05-16T11:52:34.476+0000] {processor.py:161} INFO - Started process (PID=11668) to work on /home/airflow/.local/lib/python3.12/site-packages/airflow/example_dags/example_sensors.py
[2026-05-16T11:52:34.476+0000] {processor.py:830} INFO - Processing file /home/airflow/.local/lib/python3.12/site-packages/airflow/example_dags/example_sensors.py for tasks to queue
[2026-05-16T11:52:34.476+0000] {logging_mixin.py:188} INFO - [2026-05-16T11:52:34.476+0000] {dagbag.py:545} INFO - Filling up the DagBag from /home/airflow/.local/lib/python3.12/site-packages/airflow/example_dags/example_sensors.py
[2026-05-16T11:52:34.480+0000] {processor.py:840} INFO - DAG(s) 'example_sensors' retrieved from /home/airflow/.local/lib/python3.12/site-packages/airflow/example_dags/example_sensors.py
[2026-05-16T11:52:34.488+0000] {logging_mixin.py:188} INFO - [2026-05-16T11:52:34.488+0000] {dag.py:3089} INFO - Sync 1 DAGs
[2026-05-16T11:52:34.492+0000] {logging_mixin.py:188} INFO - [2026-05-16T11:52:34.492+0000] {dag.py:3947} INFO - Setting next_dagrun for example_sensors to None, run_after=None
[2026-05-16T11:52:34.497+0000] {processor.py:183} INFO - Processing /home/airflow/.local/lib/python3.12/site-packages/airflow/example_dags/example_sensors.py took 0.024 seconds
[2026-05-16T11:53:05.119+0000] {processor.py:161} INFO - Started process (PID=11730) to work on /home/airflow/.local/lib/python3.12/site-packages/airflow/example_dags/example_sensors.py
[2026-05-16T11:53:05.119+0000] {processor.py:830} INFO - Processing file /home/airflow/.local/lib/python3.12/site-packages/airflow/example_dags/example_sensors.py for tasks to queue
[2026-05-16T11:53:05.119+0000] {logging_mixin.py:188} INFO - [2026-05-16T11:53:05.119+0000] {dagbag.py:545} INFO - Filling up the DagBag from /home/airflow/.local/lib/python3.12/site-packages/airflow/example_dags/example_sensors.py
[2026-05-16T11:53:05.123+0000] {processor.py:840} INFO - DAG(s) 'example_sensors' retrieved from /home/airflow/.local/lib/python3.12/site-packages/airflow/example_dags/example_sensors.py
[2026-05-16T11:53:05.130+0000] {logging_mixin.py:188} INFO - [2026-05-16T11:53:05.130+0000] {dag.py:3089} INFO - Sync 1 DAGs
[2026-05-16T11:53:05.135+0000] {logging_mixin.py:188} INFO - [2026-05-16T11:53:05.135+0000] {dag.py:3947} INFO - Setting next_dagrun for example_sensors to None, run_after=None
[2026-05-16T11:53:05.140+0000] {processor.py:183} INFO - Processing /home/airflow/.local/lib/python3.12/site-packages/airflow/example_dags/example_sensors.py took 0.023 seconds
[2026-05-16T11:53:35.710+0000] {processor.py:161} INFO - Started process (PID=11792) to work on /home/airflow/.local/lib/python3.12/site-packages/airflow/example_dags/example_sensors.py
[2026-05-16T11:53:35.710+0000] {processor.py:830} INFO - Processing file /home/airflow/.local/lib/python3.12/site-packages/airflow/example_dags/example_sensors.py for tasks to queue
[2026-05-16T11:53:35.711+0000] {logging_mixin.py:188} INFO - [2026-05-16T11:53:35.710+0000] {dagbag.py:545} INFO - Filling up the DagBag from /home/airflow/.local/lib/python3.12/site-packages/airflow/example_dags/example_sensors.py
[2026-05-16T11:53:35.714+0000] {processor.py:840} INFO - DAG(s) 'example_sensors' retrieved from /home/airflow/.local/lib/python3.12/site-packages/airflow/example_dags/example_sensors.py
[2026-05-16T11:53:35.726+0000] {logging_mixin.py:188} INFO - [2026-05-16T11:53:35.726+0000] {dag.py:3089} INFO - Sync 1 DAGs
[2026-05-16T11:53:35.731+0000] {logging_mixin.py:188} INFO - [2026-05-16T11:53:35.731+0000] {dag.py:3947} INFO - Setting next_dagrun for example_sensors to None, run_after=None
[2026-05-16T11:53:35.740+0000] {processor.py:183} INFO - Processing /home/airflow/.local/lib/python3.12/site-packages/airflow/example_dags/example_sensors.py took 0.033 seconds
[2026-05-16T11:54:06.344+0000] {processor.py:161} INFO - Started process (PID=11854) to work on /home/airflow/.local/lib/python3.12/site-packages/airflow/example_dags/example_sensors.py
[2026-05-16T11:54:06.345+0000] {processor.py:830} INFO - Processing file /home/airflow/.local/lib/python3.12/site-packages/airflow/example_dags/example_sensors.py for tasks to queue
[2026-05-16T11:54:06.345+0000] {logging_mixin.py:188} INFO - [2026-05-16T11:54:06.345+0000] {dagbag.py:545} INFO - Filling up the DagBag from /home/airflow/.local/lib/python3.12/site-packages/airflow/example_dags/example_sensors.py
[2026-05-16T11:54:06.349+0000] {processor.py:840} INFO - DAG(s) 'example_sensors' retrieved from /home/airflow/.local/lib/python3.12/site-packages/airflow/example_dags/example_sensors.py
[2026-05-16T11:54:06.357+0000] {logging_mixin.py:188} INFO - [2026-05-16T11:54:06.357+0000] {dag.py:3089} INFO - Sync 1 DAGs
[2026-05-16T11:54:06.362+0000] {logging_mixin.py:188} INFO - [2026-05-16T11:54:06.362+0000] {dag.py:3947} INFO - Setting next_dagrun for example_sensors to None, run_after=None
[2026-05-16T11:54:06.368+0000] {processor.py:183} INFO - Processing /home/airflow/.local/lib/python3.12/site-packages/airflow/example_dags/example_sensors.py took 0.026 seconds
[2026-05-16T11:54:36.925+0000] {processor.py:161} INFO - Started process (PID=11916) to work on /home/airflow/.local/lib/python3.12/site-packages/airflow/example_dags/example_sensors.py
[2026-05-16T11:54:36.925+0000] {processor.py:830} INFO - Processing file /home/airflow/.local/lib/python3.12/site-packages/airflow/example_dags/example_sensors.py for tasks to queue
[2026-05-16T11:54:36.925+0000] {logging_mixin.py:188} INFO - [2026-05-16T11:54:36.925+0000] {dagbag.py:545} INFO - Filling up the DagBag from /home/airflow/.local/lib/python3.12/site-packages/airflow/example_dags/example_sensors.py
[2026-05-16T11:54:36.930+0000] {processor.py:840} INFO - DAG(s) 'example_sensors' retrieved from /home/airflow/.local/lib/python3.12/site-packages/airflow/example_dags/example_sensors.py
[2026-05-16T11:54:36.942+0000] {logging_mixin.py:188} INFO - [2026-05-16T11:54:36.942+0000] {dag.py:3089} INFO - Sync 1 DAGs
[2026-05-16T11:54:36.947+0000] {logging_mixin.py:188} INFO - [2026-05-16T11:54:36.947+0000] {dag.py:3947} INFO - Setting next_dagrun for example_sensors to None, run_after=None
[2026-05-16T11:54:36.956+0000] {processor.py:183} INFO - Processing /home/airflow/.local/lib/python3.12/site-packages/airflow/example_dags/example_sensors.py took 0.037 seconds
[2026-05-16T11:55:07.512+0000] {processor.py:161} INFO - Started process (PID=11978) to work on /home/airflow/.local/lib/python3.12/site-packages/airflow/example_dags/example_sensors.py
[2026-05-16T11:55:07.512+0000] {processor.py:830} INFO - Processing file /home/airflow/.local/lib/python3.12/site-packages/airflow/example_dags/example_sensors.py for tasks to queue
[2026-05-16T11:55:07.513+0000] {logging_mixin.py:188} INFO - [2026-05-16T11:55:07.512+0000] {dagbag.py:545} INFO - Filling up the DagBag from /home/airflow/.local/lib/python3.12/site-packages/airflow/example_dags/example_sensors.py
[2026-05-16T11:55:07.516+0000] {processor.py:840} INFO - DAG(s) 'example_sensors' retrieved from /home/airflow/.local/lib/python3.12/site-packages/airflow/example_dags/example_sensors.py
[2026-05-16T11:55:07.526+0000] {logging_mixin.py:188} INFO - [2026-05-16T11:55:07.526+0000] {dag.py:3089} INFO - Sync 1 DAGs
[2026-05-16T11:55:07.531+0000] {logging_mixin.py:188} INFO - [2026-05-16T11:55:07.531+0000] {dag.py:3947} INFO - Setting next_dagrun for example_sensors to None, run_after=None
[2026-05-16T11:55:07.539+0000] {processor.py:183} INFO - Processing /home/airflow/.local/lib/python3.12/site-packages/airflow/example_dags/example_sensors.py took 0.029 seconds
[2026-05-16T11:55:38.227+0000] {processor.py:161} INFO - Started process (PID=12040) to work on /home/airflow/.local/lib/python3.12/site-packages/airflow/example_dags/example_sensors.py
[2026-05-16T11:55:38.228+0000] {processor.py:830} INFO - Processing file /home/airflow/.local/lib/python3.12/site-packages/airflow/example_dags/example_sensors.py for tasks to queue
[2026-05-16T11:55:38.228+0000] {logging_mixin.py:188} INFO - [2026-05-16T11:55:38.228+0000] {dagbag.py:545} INFO - Filling up the DagBag from /home/airflow/.local/lib/python3.12/site-packages/airflow/example_dags/example_sensors.py
[2026-05-16T11:55:38.232+0000] {processor.py:840} INFO - DAG(s) 'example_sensors' retrieved from /home/airflow/.local/lib/python3.12/site-packages/airflow/example_dags/example_sensors.py
[2026-05-16T11:55:38.241+0000] {logging_mixin.py:188} INFO - [2026-05-16T11:55:38.241+0000] {dag.py:3089} INFO - Sync 1 DAGs
[2026-05-16T11:55:38.246+0000] {logging_mixin.py:188} INFO - [2026-05-16T11:55:38.246+0000] {dag.py:3947} INFO - Setting next_dagrun for example_sensors to None, run_after=None
[2026-05-16T11:55:38.252+0000] {processor.py:183} INFO - Processing /home/airflow/.local/lib/python3.12/site-packages/airflow/example_dags/example_sensors.py took 0.028 seconds
[2026-05-16T11:56:08.943+0000] {processor.py:161} INFO - Started process (PID=12101) to work on /home/airflow/.local/lib/python3.12/site-packages/airflow/example_dags/example_sensors.py
[2026-05-16T11:56:08.943+0000] {processor.py:830} INFO - Processing file /home/airflow/.local/lib/python3.12/site-packages/airflow/example_dags/example_sensors.py for tasks to queue
[2026-05-16T11:56:08.944+0000] {logging_mixin.py:188} INFO - [2026-05-16T11:56:08.944+0000] {dagbag.py:545} INFO - Filling up the DagBag from /home/airflow/.local/lib/python3.12/site-packages/airflow/example_dags/example_sensors.py
[2026-05-16T11:56:08.948+0000] {processor.py:840} INFO - DAG(s) 'example_sensors' retrieved from /home/airflow/.local/lib/python3.12/site-packages/airflow/example_dags/example_sensors.py
[2026-05-16T11:56:08.956+0000] {logging_mixin.py:188} INFO - [2026-05-16T11:56:08.955+0000] {dag.py:3089} INFO - Sync 1 DAGs
[2026-05-16T11:56:08.960+0000] {logging_mixin.py:188} INFO - [2026-05-16T11:56:08.960+0000] {dag.py:3947} INFO - Setting next_dagrun for example_sensors to None, run_after=None
[2026-05-16T11:56:08.965+0000] {processor.py:183} INFO - Processing /home/airflow/.local/lib/python3.12/site-packages/airflow/example_dags/example_sensors.py took 0.024 seconds
[2026-05-16T11:56:39.530+0000] {processor.py:161} INFO - Started process (PID=12163) to work on /home/airflow/.local/lib/python3.12/site-packages/airflow/example_dags/example_sensors.py
[2026-05-16T11:56:39.530+0000] {processor.py:830} INFO - Processing file /home/airflow/.local/lib/python3.12/site-packages/airflow/example_dags/example_sensors.py for tasks to queue
[2026-05-16T11:56:39.530+0000] {logging_mixin.py:188} INFO - [2026-05-16T11:56:39.530+0000] {dagbag.py:545} INFO - Filling up the DagBag from /home/airflow/.local/lib/python3.12/site-packages/airflow/example_dags/example_sensors.py
[2026-05-16T11:56:39.534+0000] {processor.py:840} INFO - DAG(s) 'example_sensors' retrieved from /home/airflow/.local/lib/python3.12/site-packages/airflow/example_dags/example_sensors.py
[2026-05-16T11:56:39.544+0000] {logging_mixin.py:188} INFO - [2026-05-16T11:56:39.544+0000] {dag.py:3089} INFO - Sync 1 DAGs
[2026-05-16T11:56:39.548+0000] {logging_mixin.py:188} INFO - [2026-05-16T11:56:39.548+0000] {dag.py:3947} INFO - Setting next_dagrun for example_sensors to None, run_after=None
[2026-05-16T11:56:39.554+0000] {processor.py:183} INFO - Processing /home/airflow/.local/lib/python3.12/site-packages/airflow/example_dags/example_sensors.py took 0.027 seconds
[2026-05-16T11:57:10.099+0000] {processor.py:161} INFO - Started process (PID=12225) to work on /home/airflow/.local/lib/python3.12/site-packages/airflow/example_dags/example_sensors.py
[2026-05-16T11:57:10.100+0000] {processor.py:830} INFO - Processing file /home/airflow/.local/lib/python3.12/site-packages/airflow/example_dags/example_sensors.py for tasks to queue
[2026-05-16T11:57:10.100+0000] {logging_mixin.py:188} INFO - [2026-05-16T11:57:10.100+0000] {dagbag.py:545} INFO - Filling up the DagBag from /home/airflow/.local/lib/python3.12/site-packages/airflow/example_dags/example_sensors.py
[2026-05-16T11:57:10.104+0000] {processor.py:840} INFO - DAG(s) 'example_sensors' retrieved from /home/airflow/.local/lib/python3.12/site-packages/airflow/example_dags/example_sensors.py
[2026-05-16T11:57:10.111+0000] {logging_mixin.py:188} INFO - [2026-05-16T11:57:10.111+0000] {dag.py:3089} INFO - Sync 1 DAGs
[2026-05-16T11:57:10.117+0000] {logging_mixin.py:188} INFO - [2026-05-16T11:57:10.117+0000] {dag.py:3947} INFO - Setting next_dagrun for example_sensors to None, run_after=None
[2026-05-16T11:57:10.123+0000] {processor.py:183} INFO - Processing /home/airflow/.local/lib/python3.12/site-packages/airflow/example_dags/example_sensors.py took 0.026 seconds
[2026-05-16T11:57:40.636+0000] {processor.py:161} INFO - Started process (PID=12288) to work on /home/airflow/.local/lib/python3.12/site-packages/airflow/example_dags/example_sensors.py
[2026-05-16T11:57:40.636+0000] {processor.py:830} INFO - Processing file /home/airflow/.local/lib/python3.12/site-packages/airflow/example_dags/example_sensors.py for tasks to queue
[2026-05-16T11:57:40.637+0000] {logging_mixin.py:188} INFO - [2026-05-16T11:57:40.637+0000] {dagbag.py:545} INFO - Filling up the DagBag from /home/airflow/.local/lib/python3.12/site-packages/airflow/example_dags/example_sensors.py
[2026-05-16T11:57:40.641+0000] {processor.py:840} INFO - DAG(s) 'example_sensors' retrieved from /home/airflow/.local/lib/python3.12/site-packages/airflow/example_dags/example_sensors.py
[2026-05-16T11:57:40.649+0000] {logging_mixin.py:188} INFO - [2026-05-16T11:57:40.648+0000] {dag.py:3089} INFO - Sync 1 DAGs
[2026-05-16T11:57:40.654+0000] {logging_mixin.py:188} INFO - [2026-05-16T11:57:40.654+0000] {dag.py:3947} INFO - Setting next_dagrun for example_sensors to None, run_after=None
[2026-05-16T11:57:40.659+0000] {processor.py:183} INFO - Processing /home/airflow/.local/lib/python3.12/site-packages/airflow/example_dags/example_sensors.py took 0.025 seconds
[2026-05-16T11:58:11.197+0000] {processor.py:161} INFO - Started process (PID=12356) to work on /home/airflow/.local/lib/python3.12/site-packages/airflow/example_dags/example_sensors.py
[2026-05-16T11:58:11.198+0000] {processor.py:830} INFO - Processing file /home/airflow/.local/lib/python3.12/site-packages/airflow/example_dags/example_sensors.py for tasks to queue
[2026-05-16T11:58:11.198+0000] {logging_mixin.py:188} INFO - [2026-05-16T11:58:11.198+0000] {dagbag.py:545} INFO - Filling up the DagBag from /home/airflow/.local/lib/python3.12/site-packages/airflow/example_dags/example_sensors.py
[2026-05-16T11:58:11.202+0000] {processor.py:840} INFO - DAG(s) 'example_sensors' retrieved from /home/airflow/.local/lib/python3.12/site-packages/airflow/example_dags/example_sensors.py
[2026-05-16T11:58:11.210+0000] {logging_mixin.py:188} INFO - [2026-05-16T11:58:11.210+0000] {dag.py:3089} INFO - Sync 1 DAGs
[2026-05-16T11:58:11.214+0000] {logging_mixin.py:188} INFO - [2026-05-16T11:58:11.214+0000] {dag.py:3947} INFO - Setting next_dagrun for example_sensors to None, run_after=None
[2026-05-16T11:58:11.220+0000] {processor.py:183} INFO - Processing /home/airflow/.local/lib/python3.12/site-packages/airflow/example_dags/example_sensors.py took 0.025 seconds
[2026-05-16T11:58:41.686+0000] {processor.py:161} INFO - Started process (PID=12418) to work on /home/airflow/.local/lib/python3.12/site-packages/airflow/example_dags/example_sensors.py
[2026-05-16T11:58:41.687+0000] {processor.py:830} INFO - Processing file /home/airflow/.local/lib/python3.12/site-packages/airflow/example_dags/example_sensors.py for tasks to queue
[2026-05-16T11:58:41.687+0000] {logging_mixin.py:188} INFO - [2026-05-16T11:58:41.687+0000] {dagbag.py:545} INFO - Filling up the DagBag from /home/airflow/.local/lib/python3.12/site-packages/airflow/example_dags/example_sensors.py
[2026-05-16T11:58:41.692+0000] {processor.py:840} INFO - DAG(s) 'example_sensors' retrieved from /home/airflow/.local/lib/python3.12/site-packages/airflow/example_dags/example_sensors.py
[2026-05-16T11:58:41.701+0000] {logging_mixin.py:188} INFO - [2026-05-16T11:58:41.701+0000] {dag.py:3089} INFO - Sync 1 DAGs
[2026-05-16T11:58:41.706+0000] {logging_mixin.py:188} INFO - [2026-05-16T11:58:41.706+0000] {dag.py:3947} INFO - Setting next_dagrun for example_sensors to None, run_after=None
[2026-05-16T11:58:41.711+0000] {processor.py:183} INFO - Processing /home/airflow/.local/lib/python3.12/site-packages/airflow/example_dags/example_sensors.py took 0.026 seconds
[2026-05-16T11:59:12.266+0000] {processor.py:161} INFO - Started process (PID=12480) to work on /home/airflow/.local/lib/python3.12/site-packages/airflow/example_dags/example_sensors.py
[2026-05-16T11:59:12.266+0000] {processor.py:830} INFO - Processing file /home/airflow/.local/lib/python3.12/site-packages/airflow/example_dags/example_sensors.py for tasks to queue
[2026-05-16T11:59:12.266+0000] {logging_mixin.py:188} INFO - [2026-05-16T11:59:12.266+0000] {dagbag.py:545} INFO - Filling up the DagBag from /home/airflow/.local/lib/python3.12/site-packages/airflow/example_dags/example_sensors.py
[2026-05-16T11:59:12.270+0000] {processor.py:840} INFO - DAG(s) 'example_sensors' retrieved from /home/airflow/.local/lib/python3.12/site-packages/airflow/example_dags/example_sensors.py
[2026-05-16T11:59:12.278+0000] {logging_mixin.py:188} INFO - [2026-05-16T11:59:12.278+0000] {dag.py:3089} INFO - Sync 1 DAGs
[2026-05-16T11:59:12.282+0000] {logging_mixin.py:188} INFO - [2026-05-16T11:59:12.282+0000] {dag.py:3947} INFO - Setting next_dagrun for example_sensors to None, run_after=None
[2026-05-16T11:59:12.287+0000] {processor.py:183} INFO - Processing /home/airflow/.local/lib/python3.12/site-packages/airflow/example_dags/example_sensors.py took 0.024 seconds
[2026-05-16T11:59:42.717+0000] {processor.py:161} INFO - Started process (PID=12542) to work on /home/airflow/.local/lib/python3.12/site-packages/airflow/example_dags/example_sensors.py
[2026-05-16T11:59:42.718+0000] {processor.py:830} INFO - Processing file /home/airflow/.local/lib/python3.12/site-packages/airflow/example_dags/example_sensors.py for tasks to queue
[2026-05-16T11:59:42.718+0000] {logging_mixin.py:188} INFO - [2026-05-16T11:59:42.718+0000] {dagbag.py:545} INFO - Filling up the DagBag from /home/airflow/.local/lib/python3.12/site-packages/airflow/example_dags/example_sensors.py
[2026-05-16T11:59:42.722+0000] {processor.py:840} INFO - DAG(s) 'example_sensors' retrieved from /home/airflow/.local/lib/python3.12/site-packages/airflow/example_dags/example_sensors.py
[2026-05-16T11:59:42.730+0000] {logging_mixin.py:188} INFO - [2026-05-16T11:59:42.730+0000] {dag.py:3089} INFO - Sync 1 DAGs
[2026-05-16T11:59:42.734+0000] {logging_mixin.py:188} INFO - [2026-05-16T11:59:42.734+0000] {dag.py:3947} INFO - Setting next_dagrun for example_sensors to None, run_after=None
[2026-05-16T11:59:42.739+0000] {processor.py:183} INFO - Processing /home/airflow/.local/lib/python3.12/site-packages/airflow/example_dags/example_sensors.py took 0.023 seconds
[2026-05-16T12:00:13.288+0000] {processor.py:161} INFO - Started process (PID=12604) to work on /home/airflow/.local/lib/python3.12/site-packages/airflow/example_dags/example_sensors.py
[2026-05-16T12:00:13.288+0000] {processor.py:830} INFO - Processing file /home/airflow/.local/lib/python3.12/site-packages/airflow/example_dags/example_sensors.py for tasks to queue
[2026-05-16T12:00:13.289+0000] {logging_mixin.py:188} INFO - [2026-05-16T12:00:13.289+0000] {dagbag.py:545} INFO - Filling up the DagBag from /home/airflow/.local/lib/python3.12/site-packages/airflow/example_dags/example_sensors.py
[2026-05-16T12:00:13.292+0000] {processor.py:840} INFO - DAG(s) 'example_sensors' retrieved from /home/airflow/.local/lib/python3.12/site-packages/airflow/example_dags/example_sensors.py
[2026-05-16T12:00:13.300+0000] {logging_mixin.py:188} INFO - [2026-05-16T12:00:13.300+0000] {dag.py:3089} INFO - Sync 1 DAGs
[2026-05-16T12:00:13.304+0000] {logging_mixin.py:188} INFO - [2026-05-16T12:00:13.304+0000] {dag.py:3947} INFO - Setting next_dagrun for example_sensors to None, run_after=None
[2026-05-16T12:00:13.309+0000] {processor.py:183} INFO - Processing /home/airflow/.local/lib/python3.12/site-packages/airflow/example_dags/example_sensors.py took 0.023 seconds
[2026-05-16T12:00:43.931+0000] {processor.py:161} INFO - Started process (PID=12667) to work on /home/airflow/.local/lib/python3.12/site-packages/airflow/example_dags/example_sensors.py
[2026-05-16T12:00:43.932+0000] {processor.py:830} INFO - Processing file /home/airflow/.local/lib/python3.12/site-packages/airflow/example_dags/example_sensors.py for tasks to queue
[2026-05-16T12:00:43.932+0000] {logging_mixin.py:188} INFO - [2026-05-16T12:00:43.932+0000] {dagbag.py:545} INFO - Filling up the DagBag from /home/airflow/.local/lib/python3.12/site-packages/airflow/example_dags/example_sensors.py
[2026-05-16T12:00:43.936+0000] {processor.py:840} INFO - DAG(s) 'example_sensors' retrieved from /home/airflow/.local/lib/python3.12/site-packages/airflow/example_dags/example_sensors.py
[2026-05-16T12:00:43.943+0000] {logging_mixin.py:188} INFO - [2026-05-16T12:00:43.943+0000] {dag.py:3089} INFO - Sync 1 DAGs
[2026-05-16T12:00:43.949+0000] {logging_mixin.py:188} INFO - [2026-05-16T12:00:43.949+0000] {dag.py:3947} INFO - Setting next_dagrun for example_sensors to None, run_after=None
[2026-05-16T12:00:43.956+0000] {processor.py:183} INFO - Processing /home/airflow/.local/lib/python3.12/site-packages/airflow/example_dags/example_sensors.py took 0.027 seconds
[2026-05-16T12:01:14.534+0000] {processor.py:161} INFO - Started process (PID=12729) to work on /home/airflow/.local/lib/python3.12/site-packages/airflow/example_dags/example_sensors.py
[2026-05-16T12:01:14.535+0000] {processor.py:830} INFO - Processing file /home/airflow/.local/lib/python3.12/site-packages/airflow/example_dags/example_sensors.py for tasks to queue
[2026-05-16T12:01:14.535+0000] {logging_mixin.py:188} INFO - [2026-05-16T12:01:14.535+0000] {dagbag.py:545} INFO - Filling up the DagBag from /home/airflow/.local/lib/python3.12/site-packages/airflow/example_dags/example_sensors.py
[2026-05-16T12:01:14.539+0000] {processor.py:840} INFO - DAG(s) 'example_sensors' retrieved from /home/airflow/.local/lib/python3.12/site-packages/airflow/example_dags/example_sensors.py
[2026-05-16T12:01:14.549+0000] {logging_mixin.py:188} INFO - [2026-05-16T12:01:14.549+0000] {dag.py:3089} INFO - Sync 1 DAGs
[2026-05-16T12:01:14.555+0000] {logging_mixin.py:188} INFO - [2026-05-16T12:01:14.554+0000] {dag.py:3947} INFO - Setting next_dagrun for example_sensors to None, run_after=None
[2026-05-16T12:01:14.561+0000] {processor.py:183} INFO - Processing /home/airflow/.local/lib/python3.12/site-packages/airflow/example_dags/example_sensors.py took 0.030 seconds
[2026-05-16T12:01:45.125+0000] {processor.py:161} INFO - Started process (PID=12792) to work on /home/airflow/.local/lib/python3.12/site-packages/airflow/example_dags/example_sensors.py
[2026-05-16T12:01:45.125+0000] {processor.py:830} INFO - Processing file /home/airflow/.local/lib/python3.12/site-packages/airflow/example_dags/example_sensors.py for tasks to queue
[2026-05-16T12:01:45.126+0000] {logging_mixin.py:188} INFO - [2026-05-16T12:01:45.125+0000] {dagbag.py:545} INFO - Filling up the DagBag from /home/airflow/.local/lib/python3.12/site-packages/airflow/example_dags/example_sensors.py
[2026-05-16T12:01:45.130+0000] {processor.py:840} INFO - DAG(s) 'example_sensors' retrieved from /home/airflow/.local/lib/python3.12/site-packages/airflow/example_dags/example_sensors.py
[2026-05-16T12:01:45.138+0000] {logging_mixin.py:188} INFO - [2026-05-16T12:01:45.138+0000] {dag.py:3089} INFO - Sync 1 DAGs
[2026-05-16T12:01:45.142+0000] {logging_mixin.py:188} INFO - [2026-05-16T12:01:45.142+0000] {dag.py:3947} INFO - Setting next_dagrun for example_sensors to None, run_after=None
[2026-05-16T12:01:45.148+0000] {processor.py:183} INFO - Processing /home/airflow/.local/lib/python3.12/site-packages/airflow/example_dags/example_sensors.py took 0.025 seconds
[2026-05-16T12:02:15.589+0000] {processor.py:161} INFO - Started process (PID=12854) to work on /home/airflow/.local/lib/python3.12/site-packages/airflow/example_dags/example_sensors.py
[2026-05-16T12:02:15.590+0000] {processor.py:830} INFO - Processing file /home/airflow/.local/lib/python3.12/site-packages/airflow/example_dags/example_sensors.py for tasks to queue
[2026-05-16T12:02:15.590+0000] {logging_mixin.py:188} INFO - [2026-05-16T12:02:15.590+0000] {dagbag.py:545} INFO - Filling up the DagBag from /home/airflow/.local/lib/python3.12/site-packages/airflow/example_dags/example_sensors.py
[2026-05-16T12:02:15.594+0000] {processor.py:840} INFO - DAG(s) 'example_sensors' retrieved from /home/airflow/.local/lib/python3.12/site-packages/airflow/example_dags/example_sensors.py
[2026-05-16T12:02:15.603+0000] {logging_mixin.py:188} INFO - [2026-05-16T12:02:15.602+0000] {dag.py:3089} INFO - Sync 1 DAGs
[2026-05-16T12:02:15.607+0000] {logging_mixin.py:188} INFO - [2026-05-16T12:02:15.607+0000] {dag.py:3947} INFO - Setting next_dagrun for example_sensors to None, run_after=None
[2026-05-16T12:02:15.612+0000] {processor.py:183} INFO - Processing /home/airflow/.local/lib/python3.12/site-packages/airflow/example_dags/example_sensors.py took 0.025 seconds
[2026-05-16T12:02:46.209+0000] {processor.py:161} INFO - Started process (PID=12917) to work on /home/airflow/.local/lib/python3.12/site-packages/airflow/example_dags/example_sensors.py
[2026-05-16T12:02:46.209+0000] {processor.py:830} INFO - Processing file /home/airflow/.local/lib/python3.12/site-packages/airflow/example_dags/example_sensors.py for tasks to queue
[2026-05-16T12:02:46.210+0000] {logging_mixin.py:188} INFO - [2026-05-16T12:02:46.210+0000] {dagbag.py:545} INFO - Filling up the DagBag from /home/airflow/.local/lib/python3.12/site-packages/airflow/example_dags/example_sensors.py
[2026-05-16T12:02:46.213+0000] {processor.py:840} INFO - DAG(s) 'example_sensors' retrieved from /home/airflow/.local/lib/python3.12/site-packages/airflow/example_dags/example_sensors.py
[2026-05-16T12:02:46.222+0000] {logging_mixin.py:188} INFO - [2026-05-16T12:02:46.222+0000] {dag.py:3089} INFO - Sync 1 DAGs
[2026-05-16T12:02:46.226+0000] {logging_mixin.py:188} INFO - [2026-05-16T12:02:46.226+0000] {dag.py:3947} INFO - Setting next_dagrun for example_sensors to None, run_after=None
[2026-05-16T12:02:46.230+0000] {processor.py:183} INFO - Processing /home/airflow/.local/lib/python3.12/site-packages/airflow/example_dags/example_sensors.py took 0.023 seconds
[2026-05-16T12:03:16.734+0000] {processor.py:161} INFO - Started process (PID=12979) to work on /home/airflow/.local/lib/python3.12/site-packages/airflow/example_dags/example_sensors.py
[2026-05-16T12:03:16.735+0000] {processor.py:830} INFO - Processing file /home/airflow/.local/lib/python3.12/site-packages/airflow/example_dags/example_sensors.py for tasks to queue
[2026-05-16T12:03:16.735+0000] {logging_mixin.py:188} INFO - [2026-05-16T12:03:16.735+0000] {dagbag.py:545} INFO - Filling up the DagBag from /home/airflow/.local/lib/python3.12/site-packages/airflow/example_dags/example_sensors.py
[2026-05-16T12:03:16.738+0000] {processor.py:840} INFO - DAG(s) 'example_sensors' retrieved from /home/airflow/.local/lib/python3.12/site-packages/airflow/example_dags/example_sensors.py
[2026-05-16T12:03:16.746+0000] {logging_mixin.py:188} INFO - [2026-05-16T12:03:16.746+0000] {dag.py:3089} INFO - Sync 1 DAGs
[2026-05-16T12:03:16.750+0000] {logging_mixin.py:188} INFO - [2026-05-16T12:03:16.750+0000] {dag.py:3947} INFO - Setting next_dagrun for example_sensors to None, run_after=None
[2026-05-16T12:03:16.757+0000] {processor.py:183} INFO - Processing /home/airflow/.local/lib/python3.12/site-packages/airflow/example_dags/example_sensors.py took 0.025 seconds
[2026-05-16T12:03:47.474+0000] {processor.py:161} INFO - Started process (PID=13041) to work on /home/airflow/.local/lib/python3.12/site-packages/airflow/example_dags/example_sensors.py
[2026-05-16T12:03:47.475+0000] {processor.py:830} INFO - Processing file /home/airflow/.local/lib/python3.12/site-packages/airflow/example_dags/example_sensors.py for tasks to queue
[2026-05-16T12:03:47.475+0000] {logging_mixin.py:188} INFO - [2026-05-16T12:03:47.475+0000] {dagbag.py:545} INFO - Filling up the DagBag from /home/airflow/.local/lib/python3.12/site-packages/airflow/example_dags/example_sensors.py
[2026-05-16T12:03:47.480+0000] {processor.py:840} INFO - DAG(s) 'example_sensors' retrieved from /home/airflow/.local/lib/python3.12/site-packages/airflow/example_dags/example_sensors.py
[2026-05-16T12:03:47.489+0000] {logging_mixin.py:188} INFO - [2026-05-16T12:03:47.489+0000] {dag.py:3089} INFO - Sync 1 DAGs
[2026-05-16T12:03:47.494+0000] {logging_mixin.py:188} INFO - [2026-05-16T12:03:47.494+0000] {dag.py:3947} INFO - Setting next_dagrun for example_sensors to None, run_after=None
[2026-05-16T12:03:47.499+0000] {processor.py:183} INFO - Processing /home/airflow/.local/lib/python3.12/site-packages/airflow/example_dags/example_sensors.py took 0.027 seconds
[2026-05-16T12:04:18.228+0000] {processor.py:161} INFO - Started process (PID=13103) to work on /home/airflow/.local/lib/python3.12/site-packages/airflow/example_dags/example_sensors.py
[2026-05-16T12:04:18.228+0000] {processor.py:830} INFO - Processing file /home/airflow/.local/lib/python3.12/site-packages/airflow/example_dags/example_sensors.py for tasks to queue
[2026-05-16T12:04:18.229+0000] {logging_mixin.py:188} INFO - [2026-05-16T12:04:18.229+0000] {dagbag.py:545} INFO - Filling up the DagBag from /home/airflow/.local/lib/python3.12/site-packages/airflow/example_dags/example_sensors.py
[2026-05-16T12:04:18.233+0000] {processor.py:840} INFO - DAG(s) 'example_sensors' retrieved from /home/airflow/.local/lib/python3.12/site-packages/airflow/example_dags/example_sensors.py
[2026-05-16T12:04:18.242+0000] {logging_mixin.py:188} INFO - [2026-05-16T12:04:18.241+0000] {dag.py:3089} INFO - Sync 1 DAGs
[2026-05-16T12:04:18.246+0000] {logging_mixin.py:188} INFO - [2026-05-16T12:04:18.246+0000] {dag.py:3947} INFO - Setting next_dagrun for example_sensors to None, run_after=None
[2026-05-16T12:04:18.251+0000] {processor.py:183} INFO - Processing /home/airflow/.local/lib/python3.12/site-packages/airflow/example_dags/example_sensors.py took 0.025 seconds
[2026-05-16T12:04:48.767+0000] {processor.py:161} INFO - Started process (PID=13165) to work on /home/airflow/.local/lib/python3.12/site-packages/airflow/example_dags/example_sensors.py
[2026-05-16T12:04:48.768+0000] {processor.py:830} INFO - Processing file /home/airflow/.local/lib/python3.12/site-packages/airflow/example_dags/example_sensors.py for tasks to queue
[2026-05-16T12:04:48.768+0000] {logging_mixin.py:188} INFO - [2026-05-16T12:04:48.768+0000] {dagbag.py:545} INFO - Filling up the DagBag from /home/airflow/.local/lib/python3.12/site-packages/airflow/example_dags/example_sensors.py
[2026-05-16T12:04:48.772+0000] {processor.py:840} INFO - DAG(s) 'example_sensors' retrieved from /home/airflow/.local/lib/python3.12/site-packages/airflow/example_dags/example_sensors.py
[2026-05-16T12:04:48.780+0000] {logging_mixin.py:188} INFO - [2026-05-16T12:04:48.780+0000] {dag.py:3089} INFO - Sync 1 DAGs
[2026-05-16T12:04:48.787+0000] {logging_mixin.py:188} INFO - [2026-05-16T12:04:48.786+0000] {dag.py:3947} INFO - Setting next_dagrun for example_sensors to None, run_after=None
[2026-05-16T12:04:48.793+0000] {processor.py:183} INFO - Processing /home/airflow/.local/lib/python3.12/site-packages/airflow/example_dags/example_sensors.py took 0.028 seconds
[2026-05-16T12:05:19.348+0000] {processor.py:161} INFO - Started process (PID=13227) to work on /home/airflow/.local/lib/python3.12/site-packages/airflow/example_dags/example_sensors.py
[2026-05-16T12:05:19.348+0000] {processor.py:830} INFO - Processing file /home/airflow/.local/lib/python3.12/site-packages/airflow/example_dags/example_sensors.py for tasks to queue
[2026-05-16T12:05:19.349+0000] {logging_mixin.py:188} INFO - [2026-05-16T12:05:19.349+0000] {dagbag.py:545} INFO - Filling up the DagBag from /home/airflow/.local/lib/python3.12/site-packages/airflow/example_dags/example_sensors.py
[2026-05-16T12:05:19.352+0000] {processor.py:840} INFO - DAG(s) 'example_sensors' retrieved from /home/airflow/.local/lib/python3.12/site-packages/airflow/example_dags/example_sensors.py
[2026-05-16T12:05:19.361+0000] {logging_mixin.py:188} INFO - [2026-05-16T12:05:19.361+0000] {dag.py:3089} INFO - Sync 1 DAGs
[2026-05-16T12:05:19.366+0000] {logging_mixin.py:188} INFO - [2026-05-16T12:05:19.365+0000] {dag.py:3947} INFO - Setting next_dagrun for example_sensors to None, run_after=None
[2026-05-16T12:05:19.371+0000] {processor.py:183} INFO - Processing /home/airflow/.local/lib/python3.12/site-packages/airflow/example_dags/example_sensors.py took 0.026 seconds
[2026-05-16T12:05:49.944+0000] {processor.py:161} INFO - Started process (PID=13290) to work on /home/airflow/.local/lib/python3.12/site-packages/airflow/example_dags/example_sensors.py
[2026-05-16T12:05:49.944+0000] {processor.py:830} INFO - Processing file /home/airflow/.local/lib/python3.12/site-packages/airflow/example_dags/example_sensors.py for tasks to queue
[2026-05-16T12:05:49.944+0000] {logging_mixin.py:188} INFO - [2026-05-16T12:05:49.944+0000] {dagbag.py:545} INFO - Filling up the DagBag from /home/airflow/.local/lib/python3.12/site-packages/airflow/example_dags/example_sensors.py
[2026-05-16T12:05:49.948+0000] {processor.py:840} INFO - DAG(s) 'example_sensors' retrieved from /home/airflow/.local/lib/python3.12/site-packages/airflow/example_dags/example_sensors.py
[2026-05-16T12:05:49.959+0000] {logging_mixin.py:188} INFO - [2026-05-16T12:05:49.959+0000] {dag.py:3089} INFO - Sync 1 DAGs
[2026-05-16T12:05:49.963+0000] {logging_mixin.py:188} INFO - [2026-05-16T12:05:49.963+0000] {dag.py:3947} INFO - Setting next_dagrun for example_sensors to None, run_after=None
[2026-05-16T12:05:49.969+0000] {processor.py:183} INFO - Processing /home/airflow/.local/lib/python3.12/site-packages/airflow/example_dags/example_sensors.py took 0.028 seconds
[2026-05-16T12:06:20.558+0000] {processor.py:161} INFO - Started process (PID=13352) to work on /home/airflow/.local/lib/python3.12/site-packages/airflow/example_dags/example_sensors.py
[2026-05-16T12:06:20.558+0000] {processor.py:830} INFO - Processing file /home/airflow/.local/lib/python3.12/site-packages/airflow/example_dags/example_sensors.py for tasks to queue
[2026-05-16T12:06:20.559+0000] {logging_mixin.py:188} INFO - [2026-05-16T12:06:20.558+0000] {dagbag.py:545} INFO - Filling up the DagBag from /home/airflow/.local/lib/python3.12/site-packages/airflow/example_dags/example_sensors.py
[2026-05-16T12:06:20.563+0000] {processor.py:840} INFO - DAG(s) 'example_sensors' retrieved from /home/airflow/.local/lib/python3.12/site-packages/airflow/example_dags/example_sensors.py
[2026-05-16T12:06:20.571+0000] {logging_mixin.py:188} INFO - [2026-05-16T12:06:20.571+0000] {dag.py:3089} INFO - Sync 1 DAGs
[2026-05-16T12:06:20.575+0000] {logging_mixin.py:188} INFO - [2026-05-16T12:06:20.575+0000] {dag.py:3947} INFO - Setting next_dagrun for example_sensors to None, run_after=None
[2026-05-16T12:06:20.582+0000] {processor.py:183} INFO - Processing /home/airflow/.local/lib/python3.12/site-packages/airflow/example_dags/example_sensors.py took 0.026 seconds
[2026-05-16T12:06:51.355+0000] {processor.py:161} INFO - Started process (PID=13414) to work on /home/airflow/.local/lib/python3.12/site-packages/airflow/example_dags/example_sensors.py
[2026-05-16T12:06:51.356+0000] {processor.py:830} INFO - Processing file /home/airflow/.local/lib/python3.12/site-packages/airflow/example_dags/example_sensors.py for tasks to queue
[2026-05-16T12:06:51.356+0000] {logging_mixin.py:188} INFO - [2026-05-16T12:06:51.356+0000] {dagbag.py:545} INFO - Filling up the DagBag from /home/airflow/.local/lib/python3.12/site-packages/airflow/example_dags/example_sensors.py
[2026-05-16T12:06:51.360+0000] {processor.py:840} INFO - DAG(s) 'example_sensors' retrieved from /home/airflow/.local/lib/python3.12/site-packages/airflow/example_dags/example_sensors.py
[2026-05-16T12:06:51.368+0000] {logging_mixin.py:188} INFO - [2026-05-16T12:06:51.368+0000] {dag.py:3089} INFO - Sync 1 DAGs
[2026-05-16T12:06:51.373+0000] {logging_mixin.py:188} INFO - [2026-05-16T12:06:51.373+0000] {dag.py:3947} INFO - Setting next_dagrun for example_sensors to None, run_after=None
[2026-05-16T12:06:51.378+0000] {processor.py:183} INFO - Processing /home/airflow/.local/lib/python3.12/site-packages/airflow/example_dags/example_sensors.py took 0.025 seconds
[2026-05-16T12:07:22.013+0000] {processor.py:161} INFO - Started process (PID=13476) to work on /home/airflow/.local/lib/python3.12/site-packages/airflow/example_dags/example_sensors.py
[2026-05-16T12:07:22.014+0000] {processor.py:830} INFO - Processing file /home/airflow/.local/lib/python3.12/site-packages/airflow/example_dags/example_sensors.py for tasks to queue
[2026-05-16T12:07:22.014+0000] {logging_mixin.py:188} INFO - [2026-05-16T12:07:22.014+0000] {dagbag.py:545} INFO - Filling up the DagBag from /home/airflow/.local/lib/python3.12/site-packages/airflow/example_dags/example_sensors.py
[2026-05-16T12:07:22.018+0000] {processor.py:840} INFO - DAG(s) 'example_sensors' retrieved from /home/airflow/.local/lib/python3.12/site-packages/airflow/example_dags/example_sensors.py
[2026-05-16T12:07:22.026+0000] {logging_mixin.py:188} INFO - [2026-05-16T12:07:22.026+0000] {dag.py:3089} INFO - Sync 1 DAGs
[2026-05-16T12:07:22.030+0000] {logging_mixin.py:188} INFO - [2026-05-16T12:07:22.030+0000] {dag.py:3947} INFO - Setting next_dagrun for example_sensors to None, run_after=None
[2026-05-16T12:07:22.035+0000] {processor.py:183} INFO - Processing /home/airflow/.local/lib/python3.12/site-packages/airflow/example_dags/example_sensors.py took 0.024 seconds
[2026-05-16T12:07:52.763+0000] {processor.py:161} INFO - Started process (PID=13538) to work on /home/airflow/.local/lib/python3.12/site-packages/airflow/example_dags/example_sensors.py
[2026-05-16T12:07:52.764+0000] {processor.py:830} INFO - Processing file /home/airflow/.local/lib/python3.12/site-packages/airflow/example_dags/example_sensors.py for tasks to queue
[2026-05-16T12:07:52.764+0000] {logging_mixin.py:188} INFO - [2026-05-16T12:07:52.764+0000] {dagbag.py:545} INFO - Filling up the DagBag from /home/airflow/.local/lib/python3.12/site-packages/airflow/example_dags/example_sensors.py
[2026-05-16T12:07:52.769+0000] {processor.py:840} INFO - DAG(s) 'example_sensors' retrieved from /home/airflow/.local/lib/python3.12/site-packages/airflow/example_dags/example_sensors.py
[2026-05-16T12:07:52.785+0000] {logging_mixin.py:188} INFO - [2026-05-16T12:07:52.785+0000] {dag.py:3089} INFO - Sync 1 DAGs
[2026-05-16T12:07:52.791+0000] {logging_mixin.py:188} INFO - [2026-05-16T12:07:52.791+0000] {dag.py:3947} INFO - Setting next_dagrun for example_sensors to None, run_after=None
[2026-05-16T12:07:52.796+0000] {processor.py:183} INFO - Processing /home/airflow/.local/lib/python3.12/site-packages/airflow/example_dags/example_sensors.py took 0.036 seconds
[2026-05-16T12:08:23.413+0000] {processor.py:161} INFO - Started process (PID=13600) to work on /home/airflow/.local/lib/python3.12/site-packages/airflow/example_dags/example_sensors.py
[2026-05-16T12:08:23.414+0000] {processor.py:830} INFO - Processing file /home/airflow/.local/lib/python3.12/site-packages/airflow/example_dags/example_sensors.py for tasks to queue
[2026-05-16T12:08:23.414+0000] {logging_mixin.py:188} INFO - [2026-05-16T12:08:23.414+0000] {dagbag.py:545} INFO - Filling up the DagBag from /home/airflow/.local/lib/python3.12/site-packages/airflow/example_dags/example_sensors.py
[2026-05-16T12:08:23.418+0000] {processor.py:840} INFO - DAG(s) 'example_sensors' retrieved from /home/airflow/.local/lib/python3.12/site-packages/airflow/example_dags/example_sensors.py
[2026-05-16T12:08:23.426+0000] {logging_mixin.py:188} INFO - [2026-05-16T12:08:23.426+0000] {dag.py:3089} INFO - Sync 1 DAGs
[2026-05-16T12:08:23.431+0000] {logging_mixin.py:188} INFO - [2026-05-16T12:08:23.431+0000] {dag.py:3947} INFO - Setting next_dagrun for example_sensors to None, run_after=None
[2026-05-16T12:08:23.436+0000] {processor.py:183} INFO - Processing /home/airflow/.local/lib/python3.12/site-packages/airflow/example_dags/example_sensors.py took 0.025 seconds
[2026-05-16T12:08:53.991+0000] {processor.py:161} INFO - Started process (PID=13663) to work on /home/airflow/.local/lib/python3.12/site-packages/airflow/example_dags/example_sensors.py
[2026-05-16T12:08:53.992+0000] {processor.py:830} INFO - Processing file /home/airflow/.local/lib/python3.12/site-packages/airflow/example_dags/example_sensors.py for tasks to queue
[2026-05-16T12:08:53.992+0000] {logging_mixin.py:188} INFO - [2026-05-16T12:08:53.992+0000] {dagbag.py:545} INFO - Filling up the DagBag from /home/airflow/.local/lib/python3.12/site-packages/airflow/example_dags/example_sensors.py
[2026-05-16T12:08:53.996+0000] {processor.py:840} INFO - DAG(s) 'example_sensors' retrieved from /home/airflow/.local/lib/python3.12/site-packages/airflow/example_dags/example_sensors.py
[2026-05-16T12:08:54.006+0000] {logging_mixin.py:188} INFO - [2026-05-16T12:08:54.005+0000] {dag.py:3089} INFO - Sync 1 DAGs
[2026-05-16T12:08:54.010+0000] {logging_mixin.py:188} INFO - [2026-05-16T12:08:54.010+0000] {dag.py:3947} INFO - Setting next_dagrun for example_sensors to None, run_after=None
[2026-05-16T12:08:54.016+0000] {processor.py:183} INFO - Processing /home/airflow/.local/lib/python3.12/site-packages/airflow/example_dags/example_sensors.py took 0.027 seconds
[2026-05-16T12:09:24.812+0000] {processor.py:161} INFO - Started process (PID=13725) to work on /home/airflow/.local/lib/python3.12/site-packages/airflow/example_dags/example_sensors.py
[2026-05-16T12:09:24.813+0000] {processor.py:830} INFO - Processing file /home/airflow/.local/lib/python3.12/site-packages/airflow/example_dags/example_sensors.py for tasks to queue
[2026-05-16T12:09:24.813+0000] {logging_mixin.py:188} INFO - [2026-05-16T12:09:24.813+0000] {dagbag.py:545} INFO - Filling up the DagBag from /home/airflow/.local/lib/python3.12/site-packages/airflow/example_dags/example_sensors.py
[2026-05-16T12:09:24.818+0000] {processor.py:840} INFO - DAG(s) 'example_sensors' retrieved from /home/airflow/.local/lib/python3.12/site-packages/airflow/example_dags/example_sensors.py
[2026-05-16T12:09:24.828+0000] {logging_mixin.py:188} INFO - [2026-05-16T12:09:24.828+0000] {dag.py:3089} INFO - Sync 1 DAGs
[2026-05-16T12:09:24.834+0000] {logging_mixin.py:188} INFO - [2026-05-16T12:09:24.834+0000] {dag.py:3947} INFO - Setting next_dagrun for example_sensors to None, run_after=None
[2026-05-16T12:09:24.841+0000] {processor.py:183} INFO - Processing /home/airflow/.local/lib/python3.12/site-packages/airflow/example_dags/example_sensors.py took 0.031 seconds
[2026-05-16T12:09:54.997+0000] {processor.py:161} INFO - Started process (PID=13787) to work on /home/airflow/.local/lib/python3.12/site-packages/airflow/example_dags/example_sensors.py
[2026-05-16T12:09:54.997+0000] {processor.py:830} INFO - Processing file /home/airflow/.local/lib/python3.12/site-packages/airflow/example_dags/example_sensors.py for tasks to queue
[2026-05-16T12:09:54.998+0000] {logging_mixin.py:188} INFO - [2026-05-16T12:09:54.997+0000] {dagbag.py:545} INFO - Filling up the DagBag from /home/airflow/.local/lib/python3.12/site-packages/airflow/example_dags/example_sensors.py
[2026-05-16T12:09:55.001+0000] {processor.py:840} INFO - DAG(s) 'example_sensors' retrieved from /home/airflow/.local/lib/python3.12/site-packages/airflow/example_dags/example_sensors.py
[2026-05-16T12:09:55.009+0000] {logging_mixin.py:188} INFO - [2026-05-16T12:09:55.009+0000] {dag.py:3089} INFO - Sync 1 DAGs
[2026-05-16T12:09:55.013+0000] {logging_mixin.py:188} INFO - [2026-05-16T12:09:55.013+0000] {dag.py:3947} INFO - Setting next_dagrun for example_sensors to None, run_after=None
[2026-05-16T12:09:55.018+0000] {processor.py:183} INFO - Processing /home/airflow/.local/lib/python3.12/site-packages/airflow/example_dags/example_sensors.py took 0.024 seconds
[2026-05-16T12:10:25.969+0000] {processor.py:161} INFO - Started process (PID=13849) to work on /home/airflow/.local/lib/python3.12/site-packages/airflow/example_dags/example_sensors.py
[2026-05-16T12:10:25.969+0000] {processor.py:830} INFO - Processing file /home/airflow/.local/lib/python3.12/site-packages/airflow/example_dags/example_sensors.py for tasks to queue
[2026-05-16T12:10:25.970+0000] {logging_mixin.py:188} INFO - [2026-05-16T12:10:25.970+0000] {dagbag.py:545} INFO - Filling up the DagBag from /home/airflow/.local/lib/python3.12/site-packages/airflow/example_dags/example_sensors.py
[2026-05-16T12:10:25.974+0000] {processor.py:840} INFO - DAG(s) 'example_sensors' retrieved from /home/airflow/.local/lib/python3.12/site-packages/airflow/example_dags/example_sensors.py
[2026-05-16T12:10:25.988+0000] {logging_mixin.py:188} INFO - [2026-05-16T12:10:25.988+0000] {dag.py:3089} INFO - Sync 1 DAGs
[2026-05-16T12:10:25.994+0000] {logging_mixin.py:188} INFO - [2026-05-16T12:10:25.994+0000] {dag.py:3947} INFO - Setting next_dagrun for example_sensors to None, run_after=None
[2026-05-16T12:10:26.002+0000] {processor.py:183} INFO - Processing /home/airflow/.local/lib/python3.12/site-packages/airflow/example_dags/example_sensors.py took 0.036 seconds
[2026-05-16T12:10:56.848+0000] {processor.py:161} INFO - Started process (PID=13911) to work on /home/airflow/.local/lib/python3.12/site-packages/airflow/example_dags/example_sensors.py
[2026-05-16T12:10:56.848+0000] {processor.py:830} INFO - Processing file /home/airflow/.local/lib/python3.12/site-packages/airflow/example_dags/example_sensors.py for tasks to queue
[2026-05-16T12:10:56.849+0000] {logging_mixin.py:188} INFO - [2026-05-16T12:10:56.849+0000] {dagbag.py:545} INFO - Filling up the DagBag from /home/airflow/.local/lib/python3.12/site-packages/airflow/example_dags/example_sensors.py
[2026-05-16T12:10:56.853+0000] {processor.py:840} INFO - DAG(s) 'example_sensors' retrieved from /home/airflow/.local/lib/python3.12/site-packages/airflow/example_dags/example_sensors.py
[2026-05-16T12:10:56.861+0000] {logging_mixin.py:188} INFO - [2026-05-16T12:10:56.861+0000] {dag.py:3089} INFO - Sync 1 DAGs
[2026-05-16T12:10:56.866+0000] {logging_mixin.py:188} INFO - [2026-05-16T12:10:56.866+0000] {dag.py:3947} INFO - Setting next_dagrun for example_sensors to None, run_after=None
[2026-05-16T12:10:56.871+0000] {processor.py:183} INFO - Processing /home/airflow/.local/lib/python3.12/site-packages/airflow/example_dags/example_sensors.py took 0.026 seconds
[2026-05-16T12:11:27.561+0000] {processor.py:161} INFO - Started process (PID=13973) to work on /home/airflow/.local/lib/python3.12/site-packages/airflow/example_dags/example_sensors.py
[2026-05-16T12:11:27.561+0000] {processor.py:830} INFO - Processing file /home/airflow/.local/lib/python3.12/site-packages/airflow/example_dags/example_sensors.py for tasks to queue
[2026-05-16T12:11:27.562+0000] {logging_mixin.py:188} INFO - [2026-05-16T12:11:27.561+0000] {dagbag.py:545} INFO - Filling up the DagBag from /home/airflow/.local/lib/python3.12/site-packages/airflow/example_dags/example_sensors.py
[2026-05-16T12:11:27.565+0000] {processor.py:840} INFO - DAG(s) 'example_sensors' retrieved from /home/airflow/.local/lib/python3.12/site-packages/airflow/example_dags/example_sensors.py
[2026-05-16T12:11:27.575+0000] {logging_mixin.py:188} INFO - [2026-05-16T12:11:27.575+0000] {dag.py:3089} INFO - Sync 1 DAGs
[2026-05-16T12:11:27.580+0000] {logging_mixin.py:188} INFO - [2026-05-16T12:11:27.580+0000] {dag.py:3947} INFO - Setting next_dagrun for example_sensors to None, run_after=None
[2026-05-16T12:11:27.586+0000] {processor.py:183} INFO - Processing /home/airflow/.local/lib/python3.12/site-packages/airflow/example_dags/example_sensors.py took 0.028 seconds
[2026-05-16T12:11:58.375+0000] {processor.py:161} INFO - Started process (PID=14034) to work on /home/airflow/.local/lib/python3.12/site-packages/airflow/example_dags/example_sensors.py
[2026-05-16T12:11:58.376+0000] {processor.py:830} INFO - Processing file /home/airflow/.local/lib/python3.12/site-packages/airflow/example_dags/example_sensors.py for tasks to queue
[2026-05-16T12:11:58.376+0000] {logging_mixin.py:188} INFO - [2026-05-16T12:11:58.376+0000] {dagbag.py:545} INFO - Filling up the DagBag from /home/airflow/.local/lib/python3.12/site-packages/airflow/example_dags/example_sensors.py
[2026-05-16T12:11:58.381+0000] {processor.py:840} INFO - DAG(s) 'example_sensors' retrieved from /home/airflow/.local/lib/python3.12/site-packages/airflow/example_dags/example_sensors.py
[2026-05-16T12:11:58.391+0000] {logging_mixin.py:188} INFO - [2026-05-16T12:11:58.391+0000] {dag.py:3089} INFO - Sync 1 DAGs
[2026-05-16T12:11:58.396+0000] {logging_mixin.py:188} INFO - [2026-05-16T12:11:58.395+0000] {dag.py:3947} INFO - Setting next_dagrun for example_sensors to None, run_after=None
[2026-05-16T12:11:58.403+0000] {processor.py:183} INFO - Processing /home/airflow/.local/lib/python3.12/site-packages/airflow/example_dags/example_sensors.py took 0.031 seconds
[2026-05-16T12:12:29.040+0000] {processor.py:161} INFO - Started process (PID=14096) to work on /home/airflow/.local/lib/python3.12/site-packages/airflow/example_dags/example_sensors.py
[2026-05-16T12:12:29.041+0000] {processor.py:830} INFO - Processing file /home/airflow/.local/lib/python3.12/site-packages/airflow/example_dags/example_sensors.py for tasks to queue
[2026-05-16T12:12:29.041+0000] {logging_mixin.py:188} INFO - [2026-05-16T12:12:29.041+0000] {dagbag.py:545} INFO - Filling up the DagBag from /home/airflow/.local/lib/python3.12/site-packages/airflow/example_dags/example_sensors.py
[2026-05-16T12:12:29.045+0000] {processor.py:840} INFO - DAG(s) 'example_sensors' retrieved from /home/airflow/.local/lib/python3.12/site-packages/airflow/example_dags/example_sensors.py
[2026-05-16T12:12:29.056+0000] {logging_mixin.py:188} INFO - [2026-05-16T12:12:29.056+0000] {dag.py:3089} INFO - Sync 1 DAGs
[2026-05-16T12:12:29.060+0000] {logging_mixin.py:188} INFO - [2026-05-16T12:12:29.060+0000] {dag.py:3947} INFO - Setting next_dagrun for example_sensors to None, run_after=None
[2026-05-16T12:12:29.066+0000] {processor.py:183} INFO - Processing /home/airflow/.local/lib/python3.12/site-packages/airflow/example_dags/example_sensors.py took 0.028 seconds
[2026-05-16T12:12:59.684+0000] {processor.py:161} INFO - Started process (PID=14157) to work on /home/airflow/.local/lib/python3.12/site-packages/airflow/example_dags/example_sensors.py
[2026-05-16T12:12:59.685+0000] {processor.py:830} INFO - Processing file /home/airflow/.local/lib/python3.12/site-packages/airflow/example_dags/example_sensors.py for tasks to queue
[2026-05-16T12:12:59.685+0000] {logging_mixin.py:188} INFO - [2026-05-16T12:12:59.685+0000] {dagbag.py:545} INFO - Filling up the DagBag from /home/airflow/.local/lib/python3.12/site-packages/airflow/example_dags/example_sensors.py
[2026-05-16T12:12:59.689+0000] {processor.py:840} INFO - DAG(s) 'example_sensors' retrieved from /home/airflow/.local/lib/python3.12/site-packages/airflow/example_dags/example_sensors.py
[2026-05-16T12:12:59.697+0000] {logging_mixin.py:188} INFO - [2026-05-16T12:12:59.697+0000] {dag.py:3089} INFO - Sync 1 DAGs
[2026-05-16T12:12:59.701+0000] {logging_mixin.py:188} INFO - [2026-05-16T12:12:59.701+0000] {dag.py:3947} INFO - Setting next_dagrun for example_sensors to None, run_after=None
[2026-05-16T12:12:59.707+0000] {processor.py:183} INFO - Processing /home/airflow/.local/lib/python3.12/site-packages/airflow/example_dags/example_sensors.py took 0.025 seconds
[2026-05-16T12:13:30.356+0000] {processor.py:161} INFO - Started process (PID=14219) to work on /home/airflow/.local/lib/python3.12/site-packages/airflow/example_dags/example_sensors.py
[2026-05-16T12:13:30.357+0000] {processor.py:830} INFO - Processing file /home/airflow/.local/lib/python3.12/site-packages/airflow/example_dags/example_sensors.py for tasks to queue
[2026-05-16T12:13:30.357+0000] {logging_mixin.py:188} INFO - [2026-05-16T12:13:30.357+0000] {dagbag.py:545} INFO - Filling up the DagBag from /home/airflow/.local/lib/python3.12/site-packages/airflow/example_dags/example_sensors.py
[2026-05-16T12:13:30.361+0000] {processor.py:840} INFO - DAG(s) 'example_sensors' retrieved from /home/airflow/.local/lib/python3.12/site-packages/airflow/example_dags/example_sensors.py
[2026-05-16T12:13:30.369+0000] {logging_mixin.py:188} INFO - [2026-05-16T12:13:30.369+0000] {dag.py:3089} INFO - Sync 1 DAGs
[2026-05-16T12:13:30.374+0000] {logging_mixin.py:188} INFO - [2026-05-16T12:13:30.374+0000] {dag.py:3947} INFO - Setting next_dagrun for example_sensors to None, run_after=None
[2026-05-16T12:13:30.383+0000] {processor.py:183} INFO - Processing /home/airflow/.local/lib/python3.12/site-packages/airflow/example_dags/example_sensors.py took 0.029 seconds
[2026-05-16T12:14:00.877+0000] {processor.py:161} INFO - Started process (PID=14281) to work on /home/airflow/.local/lib/python3.12/site-packages/airflow/example_dags/example_sensors.py
[2026-05-16T12:14:00.878+0000] {processor.py:830} INFO - Processing file /home/airflow/.local/lib/python3.12/site-packages/airflow/example_dags/example_sensors.py for tasks to queue
[2026-05-16T12:14:00.878+0000] {logging_mixin.py:188} INFO - [2026-05-16T12:14:00.878+0000] {dagbag.py:545} INFO - Filling up the DagBag from /home/airflow/.local/lib/python3.12/site-packages/airflow/example_dags/example_sensors.py
[2026-05-16T12:14:00.882+0000] {processor.py:840} INFO - DAG(s) 'example_sensors' retrieved from /home/airflow/.local/lib/python3.12/site-packages/airflow/example_dags/example_sensors.py
[2026-05-16T12:14:00.891+0000] {logging_mixin.py:188} INFO - [2026-05-16T12:14:00.891+0000] {dag.py:3089} INFO - Sync 1 DAGs
[2026-05-16T12:14:00.899+0000] {logging_mixin.py:188} INFO - [2026-05-16T12:14:00.899+0000] {dag.py:3947} INFO - Setting next_dagrun for example_sensors to None, run_after=None
[2026-05-16T12:14:00.906+0000] {processor.py:183} INFO - Processing /home/airflow/.local/lib/python3.12/site-packages/airflow/example_dags/example_sensors.py took 0.031 seconds
[2026-05-16T12:14:31.516+0000] {processor.py:161} INFO - Started process (PID=14343) to work on /home/airflow/.local/lib/python3.12/site-packages/airflow/example_dags/example_sensors.py
[2026-05-16T12:14:31.516+0000] {processor.py:830} INFO - Processing file /home/airflow/.local/lib/python3.12/site-packages/airflow/example_dags/example_sensors.py for tasks to queue
[2026-05-16T12:14:31.516+0000] {logging_mixin.py:188} INFO - [2026-05-16T12:14:31.516+0000] {dagbag.py:545} INFO - Filling up the DagBag from /home/airflow/.local/lib/python3.12/site-packages/airflow/example_dags/example_sensors.py
[2026-05-16T12:14:31.520+0000] {processor.py:840} INFO - DAG(s) 'example_sensors' retrieved from /home/airflow/.local/lib/python3.12/site-packages/airflow/example_dags/example_sensors.py
[2026-05-16T12:14:31.527+0000] {logging_mixin.py:188} INFO - [2026-05-16T12:14:31.527+0000] {dag.py:3089} INFO - Sync 1 DAGs
[2026-05-16T12:14:31.531+0000] {logging_mixin.py:188} INFO - [2026-05-16T12:14:31.531+0000] {dag.py:3947} INFO - Setting next_dagrun for example_sensors to None, run_after=None
[2026-05-16T12:14:31.536+0000] {processor.py:183} INFO - Processing /home/airflow/.local/lib/python3.12/site-packages/airflow/example_dags/example_sensors.py took 0.023 seconds
[2026-05-16T12:15:02.147+0000] {processor.py:161} INFO - Started process (PID=14405) to work on /home/airflow/.local/lib/python3.12/site-packages/airflow/example_dags/example_sensors.py
[2026-05-16T12:15:02.148+0000] {processor.py:830} INFO - Processing file /home/airflow/.local/lib/python3.12/site-packages/airflow/example_dags/example_sensors.py for tasks to queue
[2026-05-16T12:15:02.148+0000] {logging_mixin.py:188} INFO - [2026-05-16T12:15:02.148+0000] {dagbag.py:545} INFO - Filling up the DagBag from /home/airflow/.local/lib/python3.12/site-packages/airflow/example_dags/example_sensors.py
[2026-05-16T12:15:02.152+0000] {processor.py:840} INFO - DAG(s) 'example_sensors' retrieved from /home/airflow/.local/lib/python3.12/site-packages/airflow/example_dags/example_sensors.py
[2026-05-16T12:15:02.160+0000] {logging_mixin.py:188} INFO - [2026-05-16T12:15:02.160+0000] {dag.py:3089} INFO - Sync 1 DAGs
[2026-05-16T12:15:02.164+0000] {logging_mixin.py:188} INFO - [2026-05-16T12:15:02.164+0000] {dag.py:3947} INFO - Setting next_dagrun for example_sensors to None, run_after=None
[2026-05-16T12:15:02.169+0000] {processor.py:183} INFO - Processing /home/airflow/.local/lib/python3.12/site-packages/airflow/example_dags/example_sensors.py took 0.024 seconds
[2026-05-16T12:15:32.956+0000] {processor.py:161} INFO - Started process (PID=14466) to work on /home/airflow/.local/lib/python3.12/site-packages/airflow/example_dags/example_sensors.py
[2026-05-16T12:15:32.956+0000] {processor.py:830} INFO - Processing file /home/airflow/.local/lib/python3.12/site-packages/airflow/example_dags/example_sensors.py for tasks to queue
[2026-05-16T12:15:32.956+0000] {logging_mixin.py:188} INFO - [2026-05-16T12:15:32.956+0000] {dagbag.py:545} INFO - Filling up the DagBag from /home/airflow/.local/lib/python3.12/site-packages/airflow/example_dags/example_sensors.py
[2026-05-16T12:15:32.960+0000] {processor.py:840} INFO - DAG(s) 'example_sensors' retrieved from /home/airflow/.local/lib/python3.12/site-packages/airflow/example_dags/example_sensors.py
[2026-05-16T12:15:32.969+0000] {logging_mixin.py:188} INFO - [2026-05-16T12:15:32.968+0000] {dag.py:3089} INFO - Sync 1 DAGs
[2026-05-16T12:15:32.973+0000] {logging_mixin.py:188} INFO - [2026-05-16T12:15:32.973+0000] {dag.py:3947} INFO - Setting next_dagrun for example_sensors to None, run_after=None
[2026-05-16T12:15:32.979+0000] {processor.py:183} INFO - Processing /home/airflow/.local/lib/python3.12/site-packages/airflow/example_dags/example_sensors.py took 0.026 seconds
[2026-05-16T12:16:03.743+0000] {processor.py:161} INFO - Started process (PID=14528) to work on /home/airflow/.local/lib/python3.12/site-packages/airflow/example_dags/example_sensors.py
[2026-05-16T12:16:03.744+0000] {processor.py:830} INFO - Processing file /home/airflow/.local/lib/python3.12/site-packages/airflow/example_dags/example_sensors.py for tasks to queue
[2026-05-16T12:16:03.745+0000] {logging_mixin.py:188} INFO - [2026-05-16T12:16:03.745+0000] {dagbag.py:545} INFO - Filling up the DagBag from /home/airflow/.local/lib/python3.12/site-packages/airflow/example_dags/example_sensors.py
[2026-05-16T12:16:03.749+0000] {processor.py:840} INFO - DAG(s) 'example_sensors' retrieved from /home/airflow/.local/lib/python3.12/site-packages/airflow/example_dags/example_sensors.py
[2026-05-16T12:16:03.759+0000] {logging_mixin.py:188} INFO - [2026-05-16T12:16:03.759+0000] {dag.py:3089} INFO - Sync 1 DAGs
[2026-05-16T12:16:03.764+0000] {logging_mixin.py:188} INFO - [2026-05-16T12:16:03.764+0000] {dag.py:3947} INFO - Setting next_dagrun for example_sensors to None, run_after=None
[2026-05-16T12:16:03.769+0000] {processor.py:183} INFO - Processing /home/airflow/.local/lib/python3.12/site-packages/airflow/example_dags/example_sensors.py took 0.028 seconds
[2026-05-16T12:16:34.103+0000] {processor.py:161} INFO - Started process (PID=14589) to work on /home/airflow/.local/lib/python3.12/site-packages/airflow/example_dags/example_sensors.py
[2026-05-16T12:16:34.103+0000] {processor.py:830} INFO - Processing file /home/airflow/.local/lib/python3.12/site-packages/airflow/example_dags/example_sensors.py for tasks to queue
[2026-05-16T12:16:34.103+0000] {logging_mixin.py:188} INFO - [2026-05-16T12:16:34.103+0000] {dagbag.py:545} INFO - Filling up the DagBag from /home/airflow/.local/lib/python3.12/site-packages/airflow/example_dags/example_sensors.py
[2026-05-16T12:16:34.107+0000] {processor.py:840} INFO - DAG(s) 'example_sensors' retrieved from /home/airflow/.local/lib/python3.12/site-packages/airflow/example_dags/example_sensors.py
[2026-05-16T12:16:34.115+0000] {logging_mixin.py:188} INFO - [2026-05-16T12:16:34.115+0000] {dag.py:3089} INFO - Sync 1 DAGs
[2026-05-16T12:16:34.183+0000] {logging_mixin.py:188} INFO - [2026-05-16T12:16:34.183+0000] {dag.py:3947} INFO - Setting next_dagrun for example_sensors to None, run_after=None
[2026-05-16T12:16:34.188+0000] {processor.py:183} INFO - Processing /home/airflow/.local/lib/python3.12/site-packages/airflow/example_dags/example_sensors.py took 0.088 seconds
[2026-05-16T12:17:05.049+0000] {processor.py:161} INFO - Started process (PID=14650) to work on /home/airflow/.local/lib/python3.12/site-packages/airflow/example_dags/example_sensors.py
[2026-05-16T12:17:05.050+0000] {processor.py:830} INFO - Processing file /home/airflow/.local/lib/python3.12/site-packages/airflow/example_dags/example_sensors.py for tasks to queue
[2026-05-16T12:17:05.050+0000] {logging_mixin.py:188} INFO - [2026-05-16T12:17:05.050+0000] {dagbag.py:545} INFO - Filling up the DagBag from /home/airflow/.local/lib/python3.12/site-packages/airflow/example_dags/example_sensors.py
[2026-05-16T12:17:05.055+0000] {processor.py:840} INFO - DAG(s) 'example_sensors' retrieved from /home/airflow/.local/lib/python3.12/site-packages/airflow/example_dags/example_sensors.py
[2026-05-16T12:17:05.064+0000] {logging_mixin.py:188} INFO - [2026-05-16T12:17:05.064+0000] {dag.py:3089} INFO - Sync 1 DAGs
[2026-05-16T12:17:05.069+0000] {logging_mixin.py:188} INFO - [2026-05-16T12:17:05.069+0000] {dag.py:3947} INFO - Setting next_dagrun for example_sensors to None, run_after=None
[2026-05-16T12:17:05.075+0000] {processor.py:183} INFO - Processing /home/airflow/.local/lib/python3.12/site-packages/airflow/example_dags/example_sensors.py took 0.029 seconds
[2026-05-16T12:17:35.531+0000] {processor.py:161} INFO - Started process (PID=14712) to work on /home/airflow/.local/lib/python3.12/site-packages/airflow/example_dags/example_sensors.py
[2026-05-16T12:17:35.532+0000] {processor.py:830} INFO - Processing file /home/airflow/.local/lib/python3.12/site-packages/airflow/example_dags/example_sensors.py for tasks to queue
[2026-05-16T12:17:35.532+0000] {logging_mixin.py:188} INFO - [2026-05-16T12:17:35.532+0000] {dagbag.py:545} INFO - Filling up the DagBag from /home/airflow/.local/lib/python3.12/site-packages/airflow/example_dags/example_sensors.py
[2026-05-16T12:17:35.536+0000] {processor.py:840} INFO - DAG(s) 'example_sensors' retrieved from /home/airflow/.local/lib/python3.12/site-packages/airflow/example_dags/example_sensors.py
[2026-05-16T12:17:35.546+0000] {logging_mixin.py:188} INFO - [2026-05-16T12:17:35.545+0000] {dag.py:3089} INFO - Sync 1 DAGs
[2026-05-16T12:17:35.550+0000] {logging_mixin.py:188} INFO - [2026-05-16T12:17:35.550+0000] {dag.py:3947} INFO - Setting next_dagrun for example_sensors to None, run_after=None
[2026-05-16T12:17:35.555+0000] {processor.py:183} INFO - Processing /home/airflow/.local/lib/python3.12/site-packages/airflow/example_dags/example_sensors.py took 0.026 seconds
[2026-05-16T12:18:06.104+0000] {processor.py:161} INFO - Started process (PID=14774) to work on /home/airflow/.local/lib/python3.12/site-packages/airflow/example_dags/example_sensors.py
[2026-05-16T12:18:06.109+0000] {processor.py:830} INFO - Processing file /home/airflow/.local/lib/python3.12/site-packages/airflow/example_dags/example_sensors.py for tasks to queue
[2026-05-16T12:18:06.109+0000] {logging_mixin.py:188} INFO - [2026-05-16T12:18:06.109+0000] {dagbag.py:545} INFO - Filling up the DagBag from /home/airflow/.local/lib/python3.12/site-packages/airflow/example_dags/example_sensors.py
[2026-05-16T12:18:06.117+0000] {processor.py:840} INFO - DAG(s) 'example_sensors' retrieved from /home/airflow/.local/lib/python3.12/site-packages/airflow/example_dags/example_sensors.py
[2026-05-16T12:18:06.139+0000] {logging_mixin.py:188} INFO - [2026-05-16T12:18:06.139+0000] {dag.py:3089} INFO - Sync 1 DAGs
[2026-05-16T12:18:06.150+0000] {logging_mixin.py:188} INFO - [2026-05-16T12:18:06.149+0000] {dag.py:3947} INFO - Setting next_dagrun for example_sensors to None, run_after=None
[2026-05-16T12:18:06.160+0000] {processor.py:183} INFO - Processing /home/airflow/.local/lib/python3.12/site-packages/airflow/example_dags/example_sensors.py took 0.062 seconds
[2026-05-16T12:18:36.664+0000] {processor.py:161} INFO - Started process (PID=14836) to work on /home/airflow/.local/lib/python3.12/site-packages/airflow/example_dags/example_sensors.py
[2026-05-16T12:18:36.664+0000] {processor.py:830} INFO - Processing file /home/airflow/.local/lib/python3.12/site-packages/airflow/example_dags/example_sensors.py for tasks to queue
[2026-05-16T12:18:36.665+0000] {logging_mixin.py:188} INFO - [2026-05-16T12:18:36.665+0000] {dagbag.py:545} INFO - Filling up the DagBag from /home/airflow/.local/lib/python3.12/site-packages/airflow/example_dags/example_sensors.py
[2026-05-16T12:18:36.669+0000] {processor.py:840} INFO - DAG(s) 'example_sensors' retrieved from /home/airflow/.local/lib/python3.12/site-packages/airflow/example_dags/example_sensors.py
[2026-05-16T12:18:36.686+0000] {logging_mixin.py:188} INFO - [2026-05-16T12:18:36.686+0000] {dag.py:3089} INFO - Sync 1 DAGs
[2026-05-16T12:18:36.692+0000] {logging_mixin.py:188} INFO - [2026-05-16T12:18:36.692+0000] {dag.py:3947} INFO - Setting next_dagrun for example_sensors to None, run_after=None
[2026-05-16T12:18:36.701+0000] {processor.py:183} INFO - Processing /home/airflow/.local/lib/python3.12/site-packages/airflow/example_dags/example_sensors.py took 0.041 seconds
[2026-05-16T12:19:07.391+0000] {processor.py:161} INFO - Started process (PID=14898) to work on /home/airflow/.local/lib/python3.12/site-packages/airflow/example_dags/example_sensors.py
[2026-05-16T12:19:07.391+0000] {processor.py:830} INFO - Processing file /home/airflow/.local/lib/python3.12/site-packages/airflow/example_dags/example_sensors.py for tasks to queue
[2026-05-16T12:19:07.392+0000] {logging_mixin.py:188} INFO - [2026-05-16T12:19:07.392+0000] {dagbag.py:545} INFO - Filling up the DagBag from /home/airflow/.local/lib/python3.12/site-packages/airflow/example_dags/example_sensors.py
[2026-05-16T12:19:07.396+0000] {processor.py:840} INFO - DAG(s) 'example_sensors' retrieved from /home/airflow/.local/lib/python3.12/site-packages/airflow/example_dags/example_sensors.py
[2026-05-16T12:19:07.404+0000] {logging_mixin.py:188} INFO - [2026-05-16T12:19:07.404+0000] {dag.py:3089} INFO - Sync 1 DAGs
[2026-05-16T12:19:07.408+0000] {logging_mixin.py:188} INFO - [2026-05-16T12:19:07.408+0000] {dag.py:3947} INFO - Setting next_dagrun for example_sensors to None, run_after=None
[2026-05-16T12:19:07.414+0000] {processor.py:183} INFO - Processing /home/airflow/.local/lib/python3.12/site-packages/airflow/example_dags/example_sensors.py took 0.025 seconds
[2026-05-16T12:19:37.853+0000] {processor.py:161} INFO - Started process (PID=14960) to work on /home/airflow/.local/lib/python3.12/site-packages/airflow/example_dags/example_sensors.py
[2026-05-16T12:19:37.853+0000] {processor.py:830} INFO - Processing file /home/airflow/.local/lib/python3.12/site-packages/airflow/example_dags/example_sensors.py for tasks to queue
[2026-05-16T12:19:37.854+0000] {logging_mixin.py:188} INFO - [2026-05-16T12:19:37.854+0000] {dagbag.py:545} INFO - Filling up the DagBag from /home/airflow/.local/lib/python3.12/site-packages/airflow/example_dags/example_sensors.py
[2026-05-16T12:19:37.858+0000] {processor.py:840} INFO - DAG(s) 'example_sensors' retrieved from /home/airflow/.local/lib/python3.12/site-packages/airflow/example_dags/example_sensors.py
[2026-05-16T12:19:37.865+0000] {logging_mixin.py:188} INFO - [2026-05-16T12:19:37.865+0000] {dag.py:3089} INFO - Sync 1 DAGs
[2026-05-16T12:19:37.871+0000] {logging_mixin.py:188} INFO - [2026-05-16T12:19:37.871+0000] {dag.py:3947} INFO - Setting next_dagrun for example_sensors to None, run_after=None
[2026-05-16T12:19:37.876+0000] {processor.py:183} INFO - Processing /home/airflow/.local/lib/python3.12/site-packages/airflow/example_dags/example_sensors.py took 0.025 seconds
[2026-05-16T12:20:08.377+0000] {processor.py:161} INFO - Started process (PID=15022) to work on /home/airflow/.local/lib/python3.12/site-packages/airflow/example_dags/example_sensors.py
[2026-05-16T12:20:08.378+0000] {processor.py:830} INFO - Processing file /home/airflow/.local/lib/python3.12/site-packages/airflow/example_dags/example_sensors.py for tasks to queue
[2026-05-16T12:20:08.378+0000] {logging_mixin.py:188} INFO - [2026-05-16T12:20:08.378+0000] {dagbag.py:545} INFO - Filling up the DagBag from /home/airflow/.local/lib/python3.12/site-packages/airflow/example_dags/example_sensors.py
[2026-05-16T12:20:08.382+0000] {processor.py:840} INFO - DAG(s) 'example_sensors' retrieved from /home/airflow/.local/lib/python3.12/site-packages/airflow/example_dags/example_sensors.py
[2026-05-16T12:20:08.391+0000] {logging_mixin.py:188} INFO - [2026-05-16T12:20:08.391+0000] {dag.py:3089} INFO - Sync 1 DAGs
[2026-05-16T12:20:08.395+0000] {logging_mixin.py:188} INFO - [2026-05-16T12:20:08.395+0000] {dag.py:3947} INFO - Setting next_dagrun for example_sensors to None, run_after=None
[2026-05-16T12:20:08.401+0000] {processor.py:183} INFO - Processing /home/airflow/.local/lib/python3.12/site-packages/airflow/example_dags/example_sensors.py took 0.026 seconds
[2026-05-16T12:20:38.886+0000] {processor.py:161} INFO - Started process (PID=15084) to work on /home/airflow/.local/lib/python3.12/site-packages/airflow/example_dags/example_sensors.py
[2026-05-16T12:20:38.887+0000] {processor.py:830} INFO - Processing file /home/airflow/.local/lib/python3.12/site-packages/airflow/example_dags/example_sensors.py for tasks to queue
[2026-05-16T12:20:38.887+0000] {logging_mixin.py:188} INFO - [2026-05-16T12:20:38.887+0000] {dagbag.py:545} INFO - Filling up the DagBag from /home/airflow/.local/lib/python3.12/site-packages/airflow/example_dags/example_sensors.py
[2026-05-16T12:20:38.892+0000] {processor.py:840} INFO - DAG(s) 'example_sensors' retrieved from /home/airflow/.local/lib/python3.12/site-packages/airflow/example_dags/example_sensors.py
[2026-05-16T12:20:38.908+0000] {logging_mixin.py:188} INFO - [2026-05-16T12:20:38.908+0000] {dag.py:3089} INFO - Sync 1 DAGs
[2026-05-16T12:20:38.913+0000] {logging_mixin.py:188} INFO - [2026-05-16T12:20:38.913+0000] {dag.py:3947} INFO - Setting next_dagrun for example_sensors to None, run_after=None
[2026-05-16T12:20:38.920+0000] {processor.py:183} INFO - Processing /home/airflow/.local/lib/python3.12/site-packages/airflow/example_dags/example_sensors.py took 0.036 seconds
[2026-05-16T12:21:09.470+0000] {processor.py:161} INFO - Started process (PID=15146) to work on /home/airflow/.local/lib/python3.12/site-packages/airflow/example_dags/example_sensors.py
[2026-05-16T12:21:09.470+0000] {processor.py:830} INFO - Processing file /home/airflow/.local/lib/python3.12/site-packages/airflow/example_dags/example_sensors.py for tasks to queue
[2026-05-16T12:21:09.470+0000] {logging_mixin.py:188} INFO - [2026-05-16T12:21:09.470+0000] {dagbag.py:545} INFO - Filling up the DagBag from /home/airflow/.local/lib/python3.12/site-packages/airflow/example_dags/example_sensors.py
[2026-05-16T12:21:09.474+0000] {processor.py:840} INFO - DAG(s) 'example_sensors' retrieved from /home/airflow/.local/lib/python3.12/site-packages/airflow/example_dags/example_sensors.py
[2026-05-16T12:21:09.487+0000] {logging_mixin.py:188} INFO - [2026-05-16T12:21:09.487+0000] {dag.py:3089} INFO - Sync 1 DAGs
[2026-05-16T12:21:09.491+0000] {logging_mixin.py:188} INFO - [2026-05-16T12:21:09.491+0000] {dag.py:3947} INFO - Setting next_dagrun for example_sensors to None, run_after=None
[2026-05-16T12:21:09.499+0000] {processor.py:183} INFO - Processing /home/airflow/.local/lib/python3.12/site-packages/airflow/example_dags/example_sensors.py took 0.031 seconds
[2026-05-16T12:21:39.996+0000] {processor.py:161} INFO - Started process (PID=15208) to work on /home/airflow/.local/lib/python3.12/site-packages/airflow/example_dags/example_sensors.py
[2026-05-16T12:21:39.996+0000] {processor.py:830} INFO - Processing file /home/airflow/.local/lib/python3.12/site-packages/airflow/example_dags/example_sensors.py for tasks to queue
[2026-05-16T12:21:39.997+0000] {logging_mixin.py:188} INFO - [2026-05-16T12:21:39.997+0000] {dagbag.py:545} INFO - Filling up the DagBag from /home/airflow/.local/lib/python3.12/site-packages/airflow/example_dags/example_sensors.py
[2026-05-16T12:21:40.000+0000] {processor.py:840} INFO - DAG(s) 'example_sensors' retrieved from /home/airflow/.local/lib/python3.12/site-packages/airflow/example_dags/example_sensors.py
[2026-05-16T12:21:40.008+0000] {logging_mixin.py:188} INFO - [2026-05-16T12:21:40.008+0000] {dag.py:3089} INFO - Sync 1 DAGs
[2026-05-16T12:21:40.012+0000] {logging_mixin.py:188} INFO - [2026-05-16T12:21:40.012+0000] {dag.py:3947} INFO - Setting next_dagrun for example_sensors to None, run_after=None
[2026-05-16T12:21:40.017+0000] {processor.py:183} INFO - Processing /home/airflow/.local/lib/python3.12/site-packages/airflow/example_dags/example_sensors.py took 0.023 seconds
[2026-05-16T12:22:10.451+0000] {processor.py:161} INFO - Started process (PID=15270) to work on /home/airflow/.local/lib/python3.12/site-packages/airflow/example_dags/example_sensors.py
[2026-05-16T12:22:10.451+0000] {processor.py:830} INFO - Processing file /home/airflow/.local/lib/python3.12/site-packages/airflow/example_dags/example_sensors.py for tasks to queue
[2026-05-16T12:22:10.452+0000] {logging_mixin.py:188} INFO - [2026-05-16T12:22:10.452+0000] {dagbag.py:545} INFO - Filling up the DagBag from /home/airflow/.local/lib/python3.12/site-packages/airflow/example_dags/example_sensors.py
[2026-05-16T12:22:10.455+0000] {processor.py:840} INFO - DAG(s) 'example_sensors' retrieved from /home/airflow/.local/lib/python3.12/site-packages/airflow/example_dags/example_sensors.py
[2026-05-16T12:22:10.470+0000] {logging_mixin.py:188} INFO - [2026-05-16T12:22:10.470+0000] {dag.py:3089} INFO - Sync 1 DAGs
[2026-05-16T12:22:10.474+0000] {logging_mixin.py:188} INFO - [2026-05-16T12:22:10.474+0000] {dag.py:3947} INFO - Setting next_dagrun for example_sensors to None, run_after=None
[2026-05-16T12:22:10.479+0000] {processor.py:183} INFO - Processing /home/airflow/.local/lib/python3.12/site-packages/airflow/example_dags/example_sensors.py took 0.030 seconds
[2026-05-16T12:22:41.014+0000] {processor.py:161} INFO - Started process (PID=15332) to work on /home/airflow/.local/lib/python3.12/site-packages/airflow/example_dags/example_sensors.py
[2026-05-16T12:22:41.014+0000] {processor.py:830} INFO - Processing file /home/airflow/.local/lib/python3.12/site-packages/airflow/example_dags/example_sensors.py for tasks to queue
[2026-05-16T12:22:41.015+0000] {logging_mixin.py:188} INFO - [2026-05-16T12:22:41.014+0000] {dagbag.py:545} INFO - Filling up the DagBag from /home/airflow/.local/lib/python3.12/site-packages/airflow/example_dags/example_sensors.py
[2026-05-16T12:22:41.018+0000] {processor.py:840} INFO - DAG(s) 'example_sensors' retrieved from /home/airflow/.local/lib/python3.12/site-packages/airflow/example_dags/example_sensors.py
[2026-05-16T12:22:41.028+0000] {logging_mixin.py:188} INFO - [2026-05-16T12:22:41.028+0000] {dag.py:3089} INFO - Sync 1 DAGs
[2026-05-16T12:22:41.032+0000] {logging_mixin.py:188} INFO - [2026-05-16T12:22:41.032+0000] {dag.py:3947} INFO - Setting next_dagrun for example_sensors to None, run_after=None
[2026-05-16T12:22:41.037+0000] {processor.py:183} INFO - Processing /home/airflow/.local/lib/python3.12/site-packages/airflow/example_dags/example_sensors.py took 0.025 seconds
[2026-05-16T12:23:11.528+0000] {processor.py:161} INFO - Started process (PID=15394) to work on /home/airflow/.local/lib/python3.12/site-packages/airflow/example_dags/example_sensors.py
[2026-05-16T12:23:11.528+0000] {processor.py:830} INFO - Processing file /home/airflow/.local/lib/python3.12/site-packages/airflow/example_dags/example_sensors.py for tasks to queue
[2026-05-16T12:23:11.529+0000] {logging_mixin.py:188} INFO - [2026-05-16T12:23:11.528+0000] {dagbag.py:545} INFO - Filling up the DagBag from /home/airflow/.local/lib/python3.12/site-packages/airflow/example_dags/example_sensors.py
[2026-05-16T12:23:11.532+0000] {processor.py:840} INFO - DAG(s) 'example_sensors' retrieved from /home/airflow/.local/lib/python3.12/site-packages/airflow/example_dags/example_sensors.py
[2026-05-16T12:23:11.540+0000] {logging_mixin.py:188} INFO - [2026-05-16T12:23:11.540+0000] {dag.py:3089} INFO - Sync 1 DAGs
[2026-05-16T12:23:11.544+0000] {logging_mixin.py:188} INFO - [2026-05-16T12:23:11.544+0000] {dag.py:3947} INFO - Setting next_dagrun for example_sensors to None, run_after=None
[2026-05-16T12:23:11.549+0000] {processor.py:183} INFO - Processing /home/airflow/.local/lib/python3.12/site-packages/airflow/example_dags/example_sensors.py took 0.023 seconds
[2026-05-16T12:23:42.130+0000] {processor.py:161} INFO - Started process (PID=15456) to work on /home/airflow/.local/lib/python3.12/site-packages/airflow/example_dags/example_sensors.py
[2026-05-16T12:23:42.130+0000] {processor.py:830} INFO - Processing file /home/airflow/.local/lib/python3.12/site-packages/airflow/example_dags/example_sensors.py for tasks to queue
[2026-05-16T12:23:42.130+0000] {logging_mixin.py:188} INFO - [2026-05-16T12:23:42.130+0000] {dagbag.py:545} INFO - Filling up the DagBag from /home/airflow/.local/lib/python3.12/site-packages/airflow/example_dags/example_sensors.py
[2026-05-16T12:23:42.134+0000] {processor.py:840} INFO - DAG(s) 'example_sensors' retrieved from /home/airflow/.local/lib/python3.12/site-packages/airflow/example_dags/example_sensors.py
[2026-05-16T12:23:42.142+0000] {logging_mixin.py:188} INFO - [2026-05-16T12:23:42.142+0000] {dag.py:3089} INFO - Sync 1 DAGs
[2026-05-16T12:23:42.146+0000] {logging_mixin.py:188} INFO - [2026-05-16T12:23:42.146+0000] {dag.py:3947} INFO - Setting next_dagrun for example_sensors to None, run_after=None
[2026-05-16T12:23:42.151+0000] {processor.py:183} INFO - Processing /home/airflow/.local/lib/python3.12/site-packages/airflow/example_dags/example_sensors.py took 0.023 seconds
[2026-05-16T12:24:12.627+0000] {processor.py:161} INFO - Started process (PID=15518) to work on /home/airflow/.local/lib/python3.12/site-packages/airflow/example_dags/example_sensors.py
[2026-05-16T12:24:12.627+0000] {processor.py:830} INFO - Processing file /home/airflow/.local/lib/python3.12/site-packages/airflow/example_dags/example_sensors.py for tasks to queue
[2026-05-16T12:24:12.627+0000] {logging_mixin.py:188} INFO - [2026-05-16T12:24:12.627+0000] {dagbag.py:545} INFO - Filling up the DagBag from /home/airflow/.local/lib/python3.12/site-packages/airflow/example_dags/example_sensors.py
[2026-05-16T12:24:12.639+0000] {processor.py:840} INFO - DAG(s) 'example_sensors' retrieved from /home/airflow/.local/lib/python3.12/site-packages/airflow/example_dags/example_sensors.py
[2026-05-16T12:24:12.656+0000] {logging_mixin.py:188} INFO - [2026-05-16T12:24:12.656+0000] {dag.py:3089} INFO - Sync 1 DAGs
[2026-05-16T12:24:12.662+0000] {logging_mixin.py:188} INFO - [2026-05-16T12:24:12.662+0000] {dag.py:3947} INFO - Setting next_dagrun for example_sensors to None, run_after=None
[2026-05-16T12:24:12.668+0000] {processor.py:183} INFO - Processing /home/airflow/.local/lib/python3.12/site-packages/airflow/example_dags/example_sensors.py took 0.046 seconds
[2026-05-16T12:24:43.174+0000] {processor.py:161} INFO - Started process (PID=15580) to work on /home/airflow/.local/lib/python3.12/site-packages/airflow/example_dags/example_sensors.py
[2026-05-16T12:24:43.174+0000] {processor.py:830} INFO - Processing file /home/airflow/.local/lib/python3.12/site-packages/airflow/example_dags/example_sensors.py for tasks to queue
[2026-05-16T12:24:43.175+0000] {logging_mixin.py:188} INFO - [2026-05-16T12:24:43.175+0000] {dagbag.py:545} INFO - Filling up the DagBag from /home/airflow/.local/lib/python3.12/site-packages/airflow/example_dags/example_sensors.py
[2026-05-16T12:24:43.179+0000] {processor.py:840} INFO - DAG(s) 'example_sensors' retrieved from /home/airflow/.local/lib/python3.12/site-packages/airflow/example_dags/example_sensors.py
[2026-05-16T12:24:43.186+0000] {logging_mixin.py:188} INFO - [2026-05-16T12:24:43.186+0000] {dag.py:3089} INFO - Sync 1 DAGs
[2026-05-16T12:24:43.191+0000] {logging_mixin.py:188} INFO - [2026-05-16T12:24:43.191+0000] {dag.py:3947} INFO - Setting next_dagrun for example_sensors to None, run_after=None
[2026-05-16T12:24:43.196+0000] {processor.py:183} INFO - Processing /home/airflow/.local/lib/python3.12/site-packages/airflow/example_dags/example_sensors.py took 0.025 seconds
[2026-05-16T12:25:14.016+0000] {processor.py:161} INFO - Started process (PID=15648) to work on /home/airflow/.local/lib/python3.12/site-packages/airflow/example_dags/example_sensors.py
[2026-05-16T12:25:14.016+0000] {processor.py:830} INFO - Processing file /home/airflow/.local/lib/python3.12/site-packages/airflow/example_dags/example_sensors.py for tasks to queue
[2026-05-16T12:25:14.016+0000] {logging_mixin.py:188} INFO - [2026-05-16T12:25:14.016+0000] {dagbag.py:545} INFO - Filling up the DagBag from /home/airflow/.local/lib/python3.12/site-packages/airflow/example_dags/example_sensors.py
[2026-05-16T12:25:14.020+0000] {processor.py:840} INFO - DAG(s) 'example_sensors' retrieved from /home/airflow/.local/lib/python3.12/site-packages/airflow/example_dags/example_sensors.py
[2026-05-16T12:25:14.028+0000] {logging_mixin.py:188} INFO - [2026-05-16T12:25:14.028+0000] {dag.py:3089} INFO - Sync 1 DAGs
[2026-05-16T12:25:14.032+0000] {logging_mixin.py:188} INFO - [2026-05-16T12:25:14.032+0000] {dag.py:3947} INFO - Setting next_dagrun for example_sensors to None, run_after=None
[2026-05-16T12:25:14.037+0000] {processor.py:183} INFO - Processing /home/airflow/.local/lib/python3.12/site-packages/airflow/example_dags/example_sensors.py took 0.024 seconds
[2026-05-16T12:25:44.624+0000] {processor.py:161} INFO - Started process (PID=15711) to work on /home/airflow/.local/lib/python3.12/site-packages/airflow/example_dags/example_sensors.py
[2026-05-16T12:25:44.624+0000] {processor.py:830} INFO - Processing file /home/airflow/.local/lib/python3.12/site-packages/airflow/example_dags/example_sensors.py for tasks to queue
[2026-05-16T12:25:44.624+0000] {logging_mixin.py:188} INFO - [2026-05-16T12:25:44.624+0000] {dagbag.py:545} INFO - Filling up the DagBag from /home/airflow/.local/lib/python3.12/site-packages/airflow/example_dags/example_sensors.py
[2026-05-16T12:25:44.628+0000] {processor.py:840} INFO - DAG(s) 'example_sensors' retrieved from /home/airflow/.local/lib/python3.12/site-packages/airflow/example_dags/example_sensors.py
[2026-05-16T12:25:44.639+0000] {logging_mixin.py:188} INFO - [2026-05-16T12:25:44.639+0000] {dag.py:3089} INFO - Sync 1 DAGs
[2026-05-16T12:25:44.643+0000] {logging_mixin.py:188} INFO - [2026-05-16T12:25:44.643+0000] {dag.py:3947} INFO - Setting next_dagrun for example_sensors to None, run_after=None
[2026-05-16T12:25:44.649+0000] {processor.py:183} INFO - Processing /home/airflow/.local/lib/python3.12/site-packages/airflow/example_dags/example_sensors.py took 0.028 seconds
[2026-05-16T12:26:15.091+0000] {processor.py:161} INFO - Started process (PID=15773) to work on /home/airflow/.local/lib/python3.12/site-packages/airflow/example_dags/example_sensors.py
[2026-05-16T12:26:15.092+0000] {processor.py:830} INFO - Processing file /home/airflow/.local/lib/python3.12/site-packages/airflow/example_dags/example_sensors.py for tasks to queue
[2026-05-16T12:26:15.092+0000] {logging_mixin.py:188} INFO - [2026-05-16T12:26:15.092+0000] {dagbag.py:545} INFO - Filling up the DagBag from /home/airflow/.local/lib/python3.12/site-packages/airflow/example_dags/example_sensors.py
[2026-05-16T12:26:15.096+0000] {processor.py:840} INFO - DAG(s) 'example_sensors' retrieved from /home/airflow/.local/lib/python3.12/site-packages/airflow/example_dags/example_sensors.py
[2026-05-16T12:26:15.106+0000] {logging_mixin.py:188} INFO - [2026-05-16T12:26:15.106+0000] {dag.py:3089} INFO - Sync 1 DAGs
[2026-05-16T12:26:15.110+0000] {logging_mixin.py:188} INFO - [2026-05-16T12:26:15.110+0000] {dag.py:3947} INFO - Setting next_dagrun for example_sensors to None, run_after=None
[2026-05-16T12:26:15.115+0000] {processor.py:183} INFO - Processing /home/airflow/.local/lib/python3.12/site-packages/airflow/example_dags/example_sensors.py took 0.027 seconds
[2026-05-16T12:26:45.771+0000] {processor.py:161} INFO - Started process (PID=15836) to work on /home/airflow/.local/lib/python3.12/site-packages/airflow/example_dags/example_sensors.py
[2026-05-16T12:26:45.771+0000] {processor.py:830} INFO - Processing file /home/airflow/.local/lib/python3.12/site-packages/airflow/example_dags/example_sensors.py for tasks to queue
[2026-05-16T12:26:45.772+0000] {logging_mixin.py:188} INFO - [2026-05-16T12:26:45.772+0000] {dagbag.py:545} INFO - Filling up the DagBag from /home/airflow/.local/lib/python3.12/site-packages/airflow/example_dags/example_sensors.py
[2026-05-16T12:26:45.776+0000] {processor.py:840} INFO - DAG(s) 'example_sensors' retrieved from /home/airflow/.local/lib/python3.12/site-packages/airflow/example_dags/example_sensors.py
[2026-05-16T12:26:45.786+0000] {logging_mixin.py:188} INFO - [2026-05-16T12:26:45.786+0000] {dag.py:3089} INFO - Sync 1 DAGs
[2026-05-16T12:26:45.790+0000] {logging_mixin.py:188} INFO - [2026-05-16T12:26:45.790+0000] {dag.py:3947} INFO - Setting next_dagrun for example_sensors to None, run_after=None
[2026-05-16T12:26:45.795+0000] {processor.py:183} INFO - Processing /home/airflow/.local/lib/python3.12/site-packages/airflow/example_dags/example_sensors.py took 0.026 seconds
[2026-05-16T12:27:16.283+0000] {processor.py:161} INFO - Started process (PID=15898) to work on /home/airflow/.local/lib/python3.12/site-packages/airflow/example_dags/example_sensors.py
[2026-05-16T12:27:16.283+0000] {processor.py:830} INFO - Processing file /home/airflow/.local/lib/python3.12/site-packages/airflow/example_dags/example_sensors.py for tasks to queue
[2026-05-16T12:27:16.283+0000] {logging_mixin.py:188} INFO - [2026-05-16T12:27:16.283+0000] {dagbag.py:545} INFO - Filling up the DagBag from /home/airflow/.local/lib/python3.12/site-packages/airflow/example_dags/example_sensors.py
[2026-05-16T12:27:16.287+0000] {processor.py:840} INFO - DAG(s) 'example_sensors' retrieved from /home/airflow/.local/lib/python3.12/site-packages/airflow/example_dags/example_sensors.py
[2026-05-16T12:27:16.296+0000] {logging_mixin.py:188} INFO - [2026-05-16T12:27:16.296+0000] {dag.py:3089} INFO - Sync 1 DAGs
[2026-05-16T12:27:16.300+0000] {logging_mixin.py:188} INFO - [2026-05-16T12:27:16.300+0000] {dag.py:3947} INFO - Setting next_dagrun for example_sensors to None, run_after=None
[2026-05-16T12:27:16.305+0000] {processor.py:183} INFO - Processing /home/airflow/.local/lib/python3.12/site-packages/airflow/example_dags/example_sensors.py took 0.025 seconds
[2026-05-16T12:27:46.734+0000] {processor.py:161} INFO - Started process (PID=15960) to work on /home/airflow/.local/lib/python3.12/site-packages/airflow/example_dags/example_sensors.py
[2026-05-16T12:27:46.734+0000] {processor.py:830} INFO - Processing file /home/airflow/.local/lib/python3.12/site-packages/airflow/example_dags/example_sensors.py for tasks to queue
[2026-05-16T12:27:46.735+0000] {logging_mixin.py:188} INFO - [2026-05-16T12:27:46.734+0000] {dagbag.py:545} INFO - Filling up the DagBag from /home/airflow/.local/lib/python3.12/site-packages/airflow/example_dags/example_sensors.py
[2026-05-16T12:27:46.738+0000] {processor.py:840} INFO - DAG(s) 'example_sensors' retrieved from /home/airflow/.local/lib/python3.12/site-packages/airflow/example_dags/example_sensors.py
[2026-05-16T12:27:46.751+0000] {logging_mixin.py:188} INFO - [2026-05-16T12:27:46.751+0000] {dag.py:3089} INFO - Sync 1 DAGs
[2026-05-16T12:27:46.759+0000] {logging_mixin.py:188} INFO - [2026-05-16T12:27:46.759+0000] {dag.py:3947} INFO - Setting next_dagrun for example_sensors to None, run_after=None
[2026-05-16T12:27:46.768+0000] {processor.py:183} INFO - Processing /home/airflow/.local/lib/python3.12/site-packages/airflow/example_dags/example_sensors.py took 0.036 seconds
[2026-05-16T12:28:17.193+0000] {processor.py:161} INFO - Started process (PID=16022) to work on /home/airflow/.local/lib/python3.12/site-packages/airflow/example_dags/example_sensors.py
[2026-05-16T12:28:17.193+0000] {processor.py:830} INFO - Processing file /home/airflow/.local/lib/python3.12/site-packages/airflow/example_dags/example_sensors.py for tasks to queue
[2026-05-16T12:28:17.194+0000] {logging_mixin.py:188} INFO - [2026-05-16T12:28:17.193+0000] {dagbag.py:545} INFO - Filling up the DagBag from /home/airflow/.local/lib/python3.12/site-packages/airflow/example_dags/example_sensors.py
[2026-05-16T12:28:17.198+0000] {processor.py:840} INFO - DAG(s) 'example_sensors' retrieved from /home/airflow/.local/lib/python3.12/site-packages/airflow/example_dags/example_sensors.py
[2026-05-16T12:28:17.206+0000] {logging_mixin.py:188} INFO - [2026-05-16T12:28:17.206+0000] {dag.py:3089} INFO - Sync 1 DAGs
[2026-05-16T12:28:17.210+0000] {logging_mixin.py:188} INFO - [2026-05-16T12:28:17.210+0000] {dag.py:3947} INFO - Setting next_dagrun for example_sensors to None, run_after=None
[2026-05-16T12:28:17.215+0000] {processor.py:183} INFO - Processing /home/airflow/.local/lib/python3.12/site-packages/airflow/example_dags/example_sensors.py took 0.025 seconds
[2026-05-16T12:28:47.824+0000] {processor.py:161} INFO - Started process (PID=16084) to work on /home/airflow/.local/lib/python3.12/site-packages/airflow/example_dags/example_sensors.py
[2026-05-16T12:28:47.824+0000] {processor.py:830} INFO - Processing file /home/airflow/.local/lib/python3.12/site-packages/airflow/example_dags/example_sensors.py for tasks to queue
[2026-05-16T12:28:47.824+0000] {logging_mixin.py:188} INFO - [2026-05-16T12:28:47.824+0000] {dagbag.py:545} INFO - Filling up the DagBag from /home/airflow/.local/lib/python3.12/site-packages/airflow/example_dags/example_sensors.py
[2026-05-16T12:28:47.829+0000] {processor.py:840} INFO - DAG(s) 'example_sensors' retrieved from /home/airflow/.local/lib/python3.12/site-packages/airflow/example_dags/example_sensors.py
[2026-05-16T12:28:47.838+0000] {logging_mixin.py:188} INFO - [2026-05-16T12:28:47.838+0000] {dag.py:3089} INFO - Sync 1 DAGs
[2026-05-16T12:28:47.842+0000] {logging_mixin.py:188} INFO - [2026-05-16T12:28:47.842+0000] {dag.py:3947} INFO - Setting next_dagrun for example_sensors to None, run_after=None
[2026-05-16T12:28:47.849+0000] {processor.py:183} INFO - Processing /home/airflow/.local/lib/python3.12/site-packages/airflow/example_dags/example_sensors.py took 0.028 seconds
[2026-05-16T12:29:18.367+0000] {processor.py:161} INFO - Started process (PID=16146) to work on /home/airflow/.local/lib/python3.12/site-packages/airflow/example_dags/example_sensors.py
[2026-05-16T12:29:18.368+0000] {processor.py:830} INFO - Processing file /home/airflow/.local/lib/python3.12/site-packages/airflow/example_dags/example_sensors.py for tasks to queue
[2026-05-16T12:29:18.368+0000] {logging_mixin.py:188} INFO - [2026-05-16T12:29:18.368+0000] {dagbag.py:545} INFO - Filling up the DagBag from /home/airflow/.local/lib/python3.12/site-packages/airflow/example_dags/example_sensors.py
[2026-05-16T12:29:18.372+0000] {processor.py:840} INFO - DAG(s) 'example_sensors' retrieved from /home/airflow/.local/lib/python3.12/site-packages/airflow/example_dags/example_sensors.py
[2026-05-16T12:29:18.384+0000] {logging_mixin.py:188} INFO - [2026-05-16T12:29:18.384+0000] {dag.py:3089} INFO - Sync 1 DAGs
[2026-05-16T12:29:18.389+0000] {logging_mixin.py:188} INFO - [2026-05-16T12:29:18.389+0000] {dag.py:3947} INFO - Setting next_dagrun for example_sensors to None, run_after=None
[2026-05-16T12:29:18.397+0000] {processor.py:183} INFO - Processing /home/airflow/.local/lib/python3.12/site-packages/airflow/example_dags/example_sensors.py took 0.032 seconds
[2026-05-16T12:29:48.918+0000] {processor.py:161} INFO - Started process (PID=16208) to work on /home/airflow/.local/lib/python3.12/site-packages/airflow/example_dags/example_sensors.py
[2026-05-16T12:29:48.919+0000] {processor.py:830} INFO - Processing file /home/airflow/.local/lib/python3.12/site-packages/airflow/example_dags/example_sensors.py for tasks to queue
[2026-05-16T12:29:48.919+0000] {logging_mixin.py:188} INFO - [2026-05-16T12:29:48.919+0000] {dagbag.py:545} INFO - Filling up the DagBag from /home/airflow/.local/lib/python3.12/site-packages/airflow/example_dags/example_sensors.py
[2026-05-16T12:29:48.924+0000] {processor.py:840} INFO - DAG(s) 'example_sensors' retrieved from /home/airflow/.local/lib/python3.12/site-packages/airflow/example_dags/example_sensors.py
[2026-05-16T12:29:48.934+0000] {logging_mixin.py:188} INFO - [2026-05-16T12:29:48.934+0000] {dag.py:3089} INFO - Sync 1 DAGs
[2026-05-16T12:29:48.940+0000] {logging_mixin.py:188} INFO - [2026-05-16T12:29:48.940+0000] {dag.py:3947} INFO - Setting next_dagrun for example_sensors to None, run_after=None
[2026-05-16T12:29:48.945+0000] {processor.py:183} INFO - Processing /home/airflow/.local/lib/python3.12/site-packages/airflow/example_dags/example_sensors.py took 0.030 seconds
[2026-05-16T12:31:47.321+0000] {processor.py:161} INFO - Started process (PID=16270) to work on /home/airflow/.local/lib/python3.12/site-packages/airflow/example_dags/example_sensors.py
[2026-05-16T12:31:47.321+0000] {processor.py:830} INFO - Processing file /home/airflow/.local/lib/python3.12/site-packages/airflow/example_dags/example_sensors.py for tasks to queue
[2026-05-16T12:31:47.321+0000] {logging_mixin.py:188} INFO - [2026-05-16T12:31:47.321+0000] {dagbag.py:545} INFO - Filling up the DagBag from /home/airflow/.local/lib/python3.12/site-packages/airflow/example_dags/example_sensors.py
[2026-05-16T12:31:47.325+0000] {processor.py:840} INFO - DAG(s) 'example_sensors' retrieved from /home/airflow/.local/lib/python3.12/site-packages/airflow/example_dags/example_sensors.py
[2026-05-16T12:31:47.336+0000] {logging_mixin.py:188} INFO - [2026-05-16T12:31:47.336+0000] {dag.py:3089} INFO - Sync 1 DAGs
[2026-05-16T12:31:47.341+0000] {logging_mixin.py:188} INFO - [2026-05-16T12:31:47.341+0000] {dag.py:3947} INFO - Setting next_dagrun for example_sensors to None, run_after=None
[2026-05-16T12:31:47.347+0000] {processor.py:183} INFO - Processing /home/airflow/.local/lib/python3.12/site-packages/airflow/example_dags/example_sensors.py took 0.030 seconds
[2026-05-16T12:32:17.624+0000] {processor.py:161} INFO - Started process (PID=16332) to work on /home/airflow/.local/lib/python3.12/site-packages/airflow/example_dags/example_sensors.py
[2026-05-16T12:32:17.625+0000] {processor.py:830} INFO - Processing file /home/airflow/.local/lib/python3.12/site-packages/airflow/example_dags/example_sensors.py for tasks to queue
[2026-05-16T12:32:17.625+0000] {logging_mixin.py:188} INFO - [2026-05-16T12:32:17.625+0000] {dagbag.py:545} INFO - Filling up the DagBag from /home/airflow/.local/lib/python3.12/site-packages/airflow/example_dags/example_sensors.py
[2026-05-16T12:32:17.628+0000] {processor.py:840} INFO - DAG(s) 'example_sensors' retrieved from /home/airflow/.local/lib/python3.12/site-packages/airflow/example_dags/example_sensors.py
[2026-05-16T12:32:17.636+0000] {logging_mixin.py:188} INFO - [2026-05-16T12:32:17.636+0000] {dag.py:3089} INFO - Sync 1 DAGs
[2026-05-16T12:32:17.640+0000] {logging_mixin.py:188} INFO - [2026-05-16T12:32:17.640+0000] {dag.py:3947} INFO - Setting next_dagrun for example_sensors to None, run_after=None
[2026-05-16T12:32:17.644+0000] {processor.py:183} INFO - Processing /home/airflow/.local/lib/python3.12/site-packages/airflow/example_dags/example_sensors.py took 0.022 seconds
[2026-05-16T13:03:52.842+0000] {processor.py:161} INFO - Started process (PID=16394) to work on /home/airflow/.local/lib/python3.12/site-packages/airflow/example_dags/example_sensors.py
[2026-05-16T13:03:52.845+0000] {processor.py:830} INFO - Processing file /home/airflow/.local/lib/python3.12/site-packages/airflow/example_dags/example_sensors.py for tasks to queue
[2026-05-16T13:03:52.845+0000] {logging_mixin.py:188} INFO - [2026-05-16T13:03:52.845+0000] {dagbag.py:545} INFO - Filling up the DagBag from /home/airflow/.local/lib/python3.12/site-packages/airflow/example_dags/example_sensors.py
[2026-05-16T13:03:52.858+0000] {processor.py:840} INFO - DAG(s) 'example_sensors' retrieved from /home/airflow/.local/lib/python3.12/site-packages/airflow/example_dags/example_sensors.py
[2026-05-16T13:03:52.892+0000] {logging_mixin.py:188} INFO - [2026-05-16T13:03:52.892+0000] {dag.py:3089} INFO - Sync 1 DAGs
[2026-05-16T13:03:52.911+0000] {logging_mixin.py:188} INFO - [2026-05-16T13:03:52.911+0000] {dag.py:3947} INFO - Setting next_dagrun for example_sensors to None, run_after=None
[2026-05-16T13:03:52.937+0000] {processor.py:183} INFO - Processing /home/airflow/.local/lib/python3.12/site-packages/airflow/example_dags/example_sensors.py took 0.105 seconds
[2026-05-16T13:04:23.672+0000] {processor.py:161} INFO - Started process (PID=16456) to work on /home/airflow/.local/lib/python3.12/site-packages/airflow/example_dags/example_sensors.py
[2026-05-16T13:04:23.675+0000] {processor.py:830} INFO - Processing file /home/airflow/.local/lib/python3.12/site-packages/airflow/example_dags/example_sensors.py for tasks to queue
[2026-05-16T13:04:23.677+0000] {logging_mixin.py:188} INFO - [2026-05-16T13:04:23.675+0000] {dagbag.py:545} INFO - Filling up the DagBag from /home/airflow/.local/lib/python3.12/site-packages/airflow/example_dags/example_sensors.py
[2026-05-16T13:04:23.687+0000] {processor.py:840} INFO - DAG(s) 'example_sensors' retrieved from /home/airflow/.local/lib/python3.12/site-packages/airflow/example_dags/example_sensors.py
[2026-05-16T13:04:23.718+0000] {logging_mixin.py:188} INFO - [2026-05-16T13:04:23.718+0000] {dag.py:3089} INFO - Sync 1 DAGs
[2026-05-16T13:04:23.730+0000] {logging_mixin.py:188} INFO - [2026-05-16T13:04:23.730+0000] {dag.py:3947} INFO - Setting next_dagrun for example_sensors to None, run_after=None
[2026-05-16T13:04:23.749+0000] {processor.py:183} INFO - Processing /home/airflow/.local/lib/python3.12/site-packages/airflow/example_dags/example_sensors.py took 0.089 seconds
[2026-05-16T13:04:54.237+0000] {processor.py:161} INFO - Started process (PID=16518) to work on /home/airflow/.local/lib/python3.12/site-packages/airflow/example_dags/example_sensors.py
[2026-05-16T13:04:54.238+0000] {processor.py:830} INFO - Processing file /home/airflow/.local/lib/python3.12/site-packages/airflow/example_dags/example_sensors.py for tasks to queue
[2026-05-16T13:04:54.238+0000] {logging_mixin.py:188} INFO - [2026-05-16T13:04:54.238+0000] {dagbag.py:545} INFO - Filling up the DagBag from /home/airflow/.local/lib/python3.12/site-packages/airflow/example_dags/example_sensors.py
[2026-05-16T13:04:54.241+0000] {processor.py:840} INFO - DAG(s) 'example_sensors' retrieved from /home/airflow/.local/lib/python3.12/site-packages/airflow/example_dags/example_sensors.py
[2026-05-16T13:04:54.250+0000] {logging_mixin.py:188} INFO - [2026-05-16T13:04:54.250+0000] {dag.py:3089} INFO - Sync 1 DAGs
[2026-05-16T13:04:54.253+0000] {logging_mixin.py:188} INFO - [2026-05-16T13:04:54.253+0000] {dag.py:3947} INFO - Setting next_dagrun for example_sensors to None, run_after=None
[2026-05-16T13:04:54.258+0000] {processor.py:183} INFO - Processing /home/airflow/.local/lib/python3.12/site-packages/airflow/example_dags/example_sensors.py took 0.023 seconds
[2026-05-16T13:06:33.948+0000] {processor.py:161} INFO - Started process (PID=16611) to work on /home/airflow/.local/lib/python3.12/site-packages/airflow/example_dags/example_sensors.py
[2026-05-16T13:06:33.949+0000] {processor.py:830} INFO - Processing file /home/airflow/.local/lib/python3.12/site-packages/airflow/example_dags/example_sensors.py for tasks to queue
[2026-05-16T13:06:33.949+0000] {logging_mixin.py:188} INFO - [2026-05-16T13:06:33.949+0000] {dagbag.py:545} INFO - Filling up the DagBag from /home/airflow/.local/lib/python3.12/site-packages/airflow/example_dags/example_sensors.py
[2026-05-16T13:06:33.953+0000] {processor.py:840} INFO - DAG(s) 'example_sensors' retrieved from /home/airflow/.local/lib/python3.12/site-packages/airflow/example_dags/example_sensors.py
[2026-05-16T13:06:33.961+0000] {logging_mixin.py:188} INFO - [2026-05-16T13:06:33.961+0000] {dag.py:3089} INFO - Sync 1 DAGs
[2026-05-16T13:06:33.965+0000] {logging_mixin.py:188} INFO - [2026-05-16T13:06:33.965+0000] {dag.py:3947} INFO - Setting next_dagrun for example_sensors to None, run_after=None
[2026-05-16T13:06:33.970+0000] {processor.py:183} INFO - Processing /home/airflow/.local/lib/python3.12/site-packages/airflow/example_dags/example_sensors.py took 0.024 seconds
[2026-05-16T13:07:04.404+0000] {processor.py:161} INFO - Started process (PID=16673) to work on /home/airflow/.local/lib/python3.12/site-packages/airflow/example_dags/example_sensors.py
[2026-05-16T13:07:04.404+0000] {processor.py:830} INFO - Processing file /home/airflow/.local/lib/python3.12/site-packages/airflow/example_dags/example_sensors.py for tasks to queue
[2026-05-16T13:07:04.404+0000] {logging_mixin.py:188} INFO - [2026-05-16T13:07:04.404+0000] {dagbag.py:545} INFO - Filling up the DagBag from /home/airflow/.local/lib/python3.12/site-packages/airflow/example_dags/example_sensors.py
[2026-05-16T13:07:04.408+0000] {processor.py:840} INFO - DAG(s) 'example_sensors' retrieved from /home/airflow/.local/lib/python3.12/site-packages/airflow/example_dags/example_sensors.py
[2026-05-16T13:07:04.421+0000] {logging_mixin.py:188} INFO - [2026-05-16T13:07:04.421+0000] {dag.py:3089} INFO - Sync 1 DAGs
[2026-05-16T13:07:04.426+0000] {logging_mixin.py:188} INFO - [2026-05-16T13:07:04.426+0000] {dag.py:3947} INFO - Setting next_dagrun for example_sensors to None, run_after=None
[2026-05-16T13:07:04.432+0000] {processor.py:183} INFO - Processing /home/airflow/.local/lib/python3.12/site-packages/airflow/example_dags/example_sensors.py took 0.031 seconds
[2026-05-16T13:07:34.866+0000] {processor.py:161} INFO - Started process (PID=16735) to work on /home/airflow/.local/lib/python3.12/site-packages/airflow/example_dags/example_sensors.py
[2026-05-16T13:07:34.866+0000] {processor.py:830} INFO - Processing file /home/airflow/.local/lib/python3.12/site-packages/airflow/example_dags/example_sensors.py for tasks to queue
[2026-05-16T13:07:34.866+0000] {logging_mixin.py:188} INFO - [2026-05-16T13:07:34.866+0000] {dagbag.py:545} INFO - Filling up the DagBag from /home/airflow/.local/lib/python3.12/site-packages/airflow/example_dags/example_sensors.py
[2026-05-16T13:07:34.870+0000] {processor.py:840} INFO - DAG(s) 'example_sensors' retrieved from /home/airflow/.local/lib/python3.12/site-packages/airflow/example_dags/example_sensors.py
[2026-05-16T13:07:34.881+0000] {logging_mixin.py:188} INFO - [2026-05-16T13:07:34.880+0000] {dag.py:3089} INFO - Sync 1 DAGs
[2026-05-16T13:07:34.885+0000] {logging_mixin.py:188} INFO - [2026-05-16T13:07:34.885+0000] {dag.py:3947} INFO - Setting next_dagrun for example_sensors to None, run_after=None
[2026-05-16T13:07:34.890+0000] {processor.py:183} INFO - Processing /home/airflow/.local/lib/python3.12/site-packages/airflow/example_dags/example_sensors.py took 0.026 seconds
[2026-05-16T13:08:05.286+0000] {processor.py:161} INFO - Started process (PID=16797) to work on /home/airflow/.local/lib/python3.12/site-packages/airflow/example_dags/example_sensors.py
[2026-05-16T13:08:05.287+0000] {processor.py:830} INFO - Processing file /home/airflow/.local/lib/python3.12/site-packages/airflow/example_dags/example_sensors.py for tasks to queue
[2026-05-16T13:08:05.287+0000] {logging_mixin.py:188} INFO - [2026-05-16T13:08:05.287+0000] {dagbag.py:545} INFO - Filling up the DagBag from /home/airflow/.local/lib/python3.12/site-packages/airflow/example_dags/example_sensors.py
[2026-05-16T13:08:05.291+0000] {processor.py:840} INFO - DAG(s) 'example_sensors' retrieved from /home/airflow/.local/lib/python3.12/site-packages/airflow/example_dags/example_sensors.py
[2026-05-16T13:08:05.300+0000] {logging_mixin.py:188} INFO - [2026-05-16T13:08:05.300+0000] {dag.py:3089} INFO - Sync 1 DAGs
[2026-05-16T13:08:05.305+0000] {logging_mixin.py:188} INFO - [2026-05-16T13:08:05.305+0000] {dag.py:3947} INFO - Setting next_dagrun for example_sensors to None, run_after=None
[2026-05-16T13:08:05.310+0000] {processor.py:183} INFO - Processing /home/airflow/.local/lib/python3.12/site-packages/airflow/example_dags/example_sensors.py took 0.027 seconds
[2026-05-16T13:08:35.749+0000] {processor.py:161} INFO - Started process (PID=16859) to work on /home/airflow/.local/lib/python3.12/site-packages/airflow/example_dags/example_sensors.py
[2026-05-16T13:08:35.750+0000] {processor.py:830} INFO - Processing file /home/airflow/.local/lib/python3.12/site-packages/airflow/example_dags/example_sensors.py for tasks to queue
[2026-05-16T13:08:35.750+0000] {logging_mixin.py:188} INFO - [2026-05-16T13:08:35.750+0000] {dagbag.py:545} INFO - Filling up the DagBag from /home/airflow/.local/lib/python3.12/site-packages/airflow/example_dags/example_sensors.py
[2026-05-16T13:08:35.755+0000] {processor.py:840} INFO - DAG(s) 'example_sensors' retrieved from /home/airflow/.local/lib/python3.12/site-packages/airflow/example_dags/example_sensors.py
[2026-05-16T13:08:35.766+0000] {logging_mixin.py:188} INFO - [2026-05-16T13:08:35.766+0000] {dag.py:3089} INFO - Sync 1 DAGs
[2026-05-16T13:08:35.772+0000] {logging_mixin.py:188} INFO - [2026-05-16T13:08:35.772+0000] {dag.py:3947} INFO - Setting next_dagrun for example_sensors to None, run_after=None
[2026-05-16T13:08:35.779+0000] {processor.py:183} INFO - Processing /home/airflow/.local/lib/python3.12/site-packages/airflow/example_dags/example_sensors.py took 0.032 seconds
[2026-05-16T13:09:06.286+0000] {processor.py:161} INFO - Started process (PID=16921) to work on /home/airflow/.local/lib/python3.12/site-packages/airflow/example_dags/example_sensors.py
[2026-05-16T13:09:06.287+0000] {processor.py:830} INFO - Processing file /home/airflow/.local/lib/python3.12/site-packages/airflow/example_dags/example_sensors.py for tasks to queue
[2026-05-16T13:09:06.287+0000] {logging_mixin.py:188} INFO - [2026-05-16T13:09:06.287+0000] {dagbag.py:545} INFO - Filling up the DagBag from /home/airflow/.local/lib/python3.12/site-packages/airflow/example_dags/example_sensors.py
[2026-05-16T13:09:06.291+0000] {processor.py:840} INFO - DAG(s) 'example_sensors' retrieved from /home/airflow/.local/lib/python3.12/site-packages/airflow/example_dags/example_sensors.py
[2026-05-16T13:09:06.302+0000] {logging_mixin.py:188} INFO - [2026-05-16T13:09:06.302+0000] {dag.py:3089} INFO - Sync 1 DAGs
[2026-05-16T13:09:06.307+0000] {logging_mixin.py:188} INFO - [2026-05-16T13:09:06.307+0000] {dag.py:3947} INFO - Setting next_dagrun for example_sensors to None, run_after=None
[2026-05-16T13:09:06.313+0000] {processor.py:183} INFO - Processing /home/airflow/.local/lib/python3.12/site-packages/airflow/example_dags/example_sensors.py took 0.030 seconds
[2026-05-16T13:09:36.767+0000] {processor.py:161} INFO - Started process (PID=16983) to work on /home/airflow/.local/lib/python3.12/site-packages/airflow/example_dags/example_sensors.py
[2026-05-16T13:09:36.768+0000] {processor.py:830} INFO - Processing file /home/airflow/.local/lib/python3.12/site-packages/airflow/example_dags/example_sensors.py for tasks to queue
[2026-05-16T13:09:36.768+0000] {logging_mixin.py:188} INFO - [2026-05-16T13:09:36.768+0000] {dagbag.py:545} INFO - Filling up the DagBag from /home/airflow/.local/lib/python3.12/site-packages/airflow/example_dags/example_sensors.py
[2026-05-16T13:09:36.772+0000] {processor.py:840} INFO - DAG(s) 'example_sensors' retrieved from /home/airflow/.local/lib/python3.12/site-packages/airflow/example_dags/example_sensors.py
[2026-05-16T13:09:36.780+0000] {logging_mixin.py:188} INFO - [2026-05-16T13:09:36.780+0000] {dag.py:3089} INFO - Sync 1 DAGs
[2026-05-16T13:09:36.785+0000] {logging_mixin.py:188} INFO - [2026-05-16T13:09:36.785+0000] {dag.py:3947} INFO - Setting next_dagrun for example_sensors to None, run_after=None
[2026-05-16T13:09:36.790+0000] {processor.py:183} INFO - Processing /home/airflow/.local/lib/python3.12/site-packages/airflow/example_dags/example_sensors.py took 0.025 seconds
[2026-05-16T13:10:07.255+0000] {processor.py:161} INFO - Started process (PID=17045) to work on /home/airflow/.local/lib/python3.12/site-packages/airflow/example_dags/example_sensors.py
[2026-05-16T13:10:07.256+0000] {processor.py:830} INFO - Processing file /home/airflow/.local/lib/python3.12/site-packages/airflow/example_dags/example_sensors.py for tasks to queue
[2026-05-16T13:10:07.256+0000] {logging_mixin.py:188} INFO - [2026-05-16T13:10:07.256+0000] {dagbag.py:545} INFO - Filling up the DagBag from /home/airflow/.local/lib/python3.12/site-packages/airflow/example_dags/example_sensors.py
[2026-05-16T13:10:07.262+0000] {processor.py:840} INFO - DAG(s) 'example_sensors' retrieved from /home/airflow/.local/lib/python3.12/site-packages/airflow/example_dags/example_sensors.py
[2026-05-16T13:10:07.274+0000] {logging_mixin.py:188} INFO - [2026-05-16T13:10:07.274+0000] {dag.py:3089} INFO - Sync 1 DAGs
[2026-05-16T13:10:07.279+0000] {logging_mixin.py:188} INFO - [2026-05-16T13:10:07.279+0000] {dag.py:3947} INFO - Setting next_dagrun for example_sensors to None, run_after=None
[2026-05-16T13:10:07.287+0000] {processor.py:183} INFO - Processing /home/airflow/.local/lib/python3.12/site-packages/airflow/example_dags/example_sensors.py took 0.035 seconds
[2026-05-16T13:10:37.835+0000] {processor.py:161} INFO - Started process (PID=17107) to work on /home/airflow/.local/lib/python3.12/site-packages/airflow/example_dags/example_sensors.py
[2026-05-16T13:10:37.835+0000] {processor.py:830} INFO - Processing file /home/airflow/.local/lib/python3.12/site-packages/airflow/example_dags/example_sensors.py for tasks to queue
[2026-05-16T13:10:37.835+0000] {logging_mixin.py:188} INFO - [2026-05-16T13:10:37.835+0000] {dagbag.py:545} INFO - Filling up the DagBag from /home/airflow/.local/lib/python3.12/site-packages/airflow/example_dags/example_sensors.py
[2026-05-16T13:10:37.840+0000] {processor.py:840} INFO - DAG(s) 'example_sensors' retrieved from /home/airflow/.local/lib/python3.12/site-packages/airflow/example_dags/example_sensors.py
[2026-05-16T13:10:37.848+0000] {logging_mixin.py:188} INFO - [2026-05-16T13:10:37.847+0000] {dag.py:3089} INFO - Sync 1 DAGs
[2026-05-16T13:10:37.852+0000] {logging_mixin.py:188} INFO - [2026-05-16T13:10:37.852+0000] {dag.py:3947} INFO - Setting next_dagrun for example_sensors to None, run_after=None
[2026-05-16T13:10:37.857+0000] {processor.py:183} INFO - Processing /home/airflow/.local/lib/python3.12/site-packages/airflow/example_dags/example_sensors.py took 0.025 seconds
[2026-05-16T13:11:08.235+0000] {processor.py:161} INFO - Started process (PID=17170) to work on /home/airflow/.local/lib/python3.12/site-packages/airflow/example_dags/example_sensors.py
[2026-05-16T13:11:08.236+0000] {processor.py:830} INFO - Processing file /home/airflow/.local/lib/python3.12/site-packages/airflow/example_dags/example_sensors.py for tasks to queue
[2026-05-16T13:11:08.236+0000] {logging_mixin.py:188} INFO - [2026-05-16T13:11:08.236+0000] {dagbag.py:545} INFO - Filling up the DagBag from /home/airflow/.local/lib/python3.12/site-packages/airflow/example_dags/example_sensors.py
[2026-05-16T13:11:08.240+0000] {processor.py:840} INFO - DAG(s) 'example_sensors' retrieved from /home/airflow/.local/lib/python3.12/site-packages/airflow/example_dags/example_sensors.py
[2026-05-16T13:11:08.248+0000] {logging_mixin.py:188} INFO - [2026-05-16T13:11:08.248+0000] {dag.py:3089} INFO - Sync 1 DAGs
[2026-05-16T13:11:08.253+0000] {logging_mixin.py:188} INFO - [2026-05-16T13:11:08.253+0000] {dag.py:3947} INFO - Setting next_dagrun for example_sensors to None, run_after=None
[2026-05-16T13:11:08.258+0000] {processor.py:183} INFO - Processing /home/airflow/.local/lib/python3.12/site-packages/airflow/example_dags/example_sensors.py took 0.025 seconds
[2026-05-16T13:11:38.759+0000] {processor.py:161} INFO - Started process (PID=17232) to work on /home/airflow/.local/lib/python3.12/site-packages/airflow/example_dags/example_sensors.py
[2026-05-16T13:11:38.759+0000] {processor.py:830} INFO - Processing file /home/airflow/.local/lib/python3.12/site-packages/airflow/example_dags/example_sensors.py for tasks to queue
[2026-05-16T13:11:38.760+0000] {logging_mixin.py:188} INFO - [2026-05-16T13:11:38.760+0000] {dagbag.py:545} INFO - Filling up the DagBag from /home/airflow/.local/lib/python3.12/site-packages/airflow/example_dags/example_sensors.py
[2026-05-16T13:11:38.764+0000] {processor.py:840} INFO - DAG(s) 'example_sensors' retrieved from /home/airflow/.local/lib/python3.12/site-packages/airflow/example_dags/example_sensors.py
[2026-05-16T13:11:38.772+0000] {logging_mixin.py:188} INFO - [2026-05-16T13:11:38.772+0000] {dag.py:3089} INFO - Sync 1 DAGs
[2026-05-16T13:11:38.778+0000] {logging_mixin.py:188} INFO - [2026-05-16T13:11:38.778+0000] {dag.py:3947} INFO - Setting next_dagrun for example_sensors to None, run_after=None
[2026-05-16T13:11:38.786+0000] {processor.py:183} INFO - Processing /home/airflow/.local/lib/python3.12/site-packages/airflow/example_dags/example_sensors.py took 0.029 seconds
[2026-05-16T13:12:09.232+0000] {processor.py:161} INFO - Started process (PID=17294) to work on /home/airflow/.local/lib/python3.12/site-packages/airflow/example_dags/example_sensors.py
[2026-05-16T13:12:09.233+0000] {processor.py:830} INFO - Processing file /home/airflow/.local/lib/python3.12/site-packages/airflow/example_dags/example_sensors.py for tasks to queue
[2026-05-16T13:12:09.233+0000] {logging_mixin.py:188} INFO - [2026-05-16T13:12:09.233+0000] {dagbag.py:545} INFO - Filling up the DagBag from /home/airflow/.local/lib/python3.12/site-packages/airflow/example_dags/example_sensors.py
[2026-05-16T13:12:09.237+0000] {processor.py:840} INFO - DAG(s) 'example_sensors' retrieved from /home/airflow/.local/lib/python3.12/site-packages/airflow/example_dags/example_sensors.py
[2026-05-16T13:12:09.246+0000] {logging_mixin.py:188} INFO - [2026-05-16T13:12:09.246+0000] {dag.py:3089} INFO - Sync 1 DAGs
[2026-05-16T13:12:09.250+0000] {logging_mixin.py:188} INFO - [2026-05-16T13:12:09.250+0000] {dag.py:3947} INFO - Setting next_dagrun for example_sensors to None, run_after=None
[2026-05-16T13:12:09.256+0000] {processor.py:183} INFO - Processing /home/airflow/.local/lib/python3.12/site-packages/airflow/example_dags/example_sensors.py took 0.026 seconds
[2026-05-16T13:12:39.929+0000] {processor.py:161} INFO - Started process (PID=17356) to work on /home/airflow/.local/lib/python3.12/site-packages/airflow/example_dags/example_sensors.py
[2026-05-16T13:12:39.929+0000] {processor.py:830} INFO - Processing file /home/airflow/.local/lib/python3.12/site-packages/airflow/example_dags/example_sensors.py for tasks to queue
[2026-05-16T13:12:39.930+0000] {logging_mixin.py:188} INFO - [2026-05-16T13:12:39.930+0000] {dagbag.py:545} INFO - Filling up the DagBag from /home/airflow/.local/lib/python3.12/site-packages/airflow/example_dags/example_sensors.py
[2026-05-16T13:12:39.934+0000] {processor.py:840} INFO - DAG(s) 'example_sensors' retrieved from /home/airflow/.local/lib/python3.12/site-packages/airflow/example_dags/example_sensors.py
[2026-05-16T13:12:39.942+0000] {logging_mixin.py:188} INFO - [2026-05-16T13:12:39.942+0000] {dag.py:3089} INFO - Sync 1 DAGs
[2026-05-16T13:12:39.946+0000] {logging_mixin.py:188} INFO - [2026-05-16T13:12:39.946+0000] {dag.py:3947} INFO - Setting next_dagrun for example_sensors to None, run_after=None
[2026-05-16T13:12:40.023+0000] {processor.py:183} INFO - Processing /home/airflow/.local/lib/python3.12/site-packages/airflow/example_dags/example_sensors.py took 0.096 seconds
[2026-05-16T13:13:10.687+0000] {processor.py:161} INFO - Started process (PID=17421) to work on /home/airflow/.local/lib/python3.12/site-packages/airflow/example_dags/example_sensors.py
[2026-05-16T13:13:10.688+0000] {processor.py:830} INFO - Processing file /home/airflow/.local/lib/python3.12/site-packages/airflow/example_dags/example_sensors.py for tasks to queue
[2026-05-16T13:13:10.688+0000] {logging_mixin.py:188} INFO - [2026-05-16T13:13:10.688+0000] {dagbag.py:545} INFO - Filling up the DagBag from /home/airflow/.local/lib/python3.12/site-packages/airflow/example_dags/example_sensors.py
[2026-05-16T13:13:10.694+0000] {processor.py:840} INFO - DAG(s) 'example_sensors' retrieved from /home/airflow/.local/lib/python3.12/site-packages/airflow/example_dags/example_sensors.py
[2026-05-16T13:13:10.705+0000] {logging_mixin.py:188} INFO - [2026-05-16T13:13:10.705+0000] {dag.py:3089} INFO - Sync 1 DAGs
[2026-05-16T13:13:10.711+0000] {logging_mixin.py:188} INFO - [2026-05-16T13:13:10.711+0000] {dag.py:3947} INFO - Setting next_dagrun for example_sensors to None, run_after=None
[2026-05-16T13:13:10.806+0000] {processor.py:183} INFO - Processing /home/airflow/.local/lib/python3.12/site-packages/airflow/example_dags/example_sensors.py took 0.122 seconds
[2026-05-16T13:13:41.659+0000] {processor.py:161} INFO - Started process (PID=17480) to work on /home/airflow/.local/lib/python3.12/site-packages/airflow/example_dags/example_sensors.py
[2026-05-16T13:13:41.659+0000] {processor.py:830} INFO - Processing file /home/airflow/.local/lib/python3.12/site-packages/airflow/example_dags/example_sensors.py for tasks to queue
[2026-05-16T13:13:41.659+0000] {logging_mixin.py:188} INFO - [2026-05-16T13:13:41.659+0000] {dagbag.py:545} INFO - Filling up the DagBag from /home/airflow/.local/lib/python3.12/site-packages/airflow/example_dags/example_sensors.py
[2026-05-16T13:13:41.664+0000] {processor.py:840} INFO - DAG(s) 'example_sensors' retrieved from /home/airflow/.local/lib/python3.12/site-packages/airflow/example_dags/example_sensors.py
[2026-05-16T13:13:41.675+0000] {logging_mixin.py:188} INFO - [2026-05-16T13:13:41.675+0000] {dag.py:3089} INFO - Sync 1 DAGs
[2026-05-16T13:13:41.680+0000] {logging_mixin.py:188} INFO - [2026-05-16T13:13:41.680+0000] {dag.py:3947} INFO - Setting next_dagrun for example_sensors to None, run_after=None
[2026-05-16T13:13:41.686+0000] {processor.py:183} INFO - Processing /home/airflow/.local/lib/python3.12/site-packages/airflow/example_dags/example_sensors.py took 0.029 seconds
[2026-05-16T13:14:12.076+0000] {processor.py:161} INFO - Started process (PID=17542) to work on /home/airflow/.local/lib/python3.12/site-packages/airflow/example_dags/example_sensors.py
[2026-05-16T13:14:12.077+0000] {processor.py:830} INFO - Processing file /home/airflow/.local/lib/python3.12/site-packages/airflow/example_dags/example_sensors.py for tasks to queue
[2026-05-16T13:14:12.077+0000] {logging_mixin.py:188} INFO - [2026-05-16T13:14:12.077+0000] {dagbag.py:545} INFO - Filling up the DagBag from /home/airflow/.local/lib/python3.12/site-packages/airflow/example_dags/example_sensors.py
[2026-05-16T13:14:12.081+0000] {processor.py:840} INFO - DAG(s) 'example_sensors' retrieved from /home/airflow/.local/lib/python3.12/site-packages/airflow/example_dags/example_sensors.py
[2026-05-16T13:14:12.092+0000] {logging_mixin.py:188} INFO - [2026-05-16T13:14:12.092+0000] {dag.py:3089} INFO - Sync 1 DAGs
[2026-05-16T13:14:12.097+0000] {logging_mixin.py:188} INFO - [2026-05-16T13:14:12.097+0000] {dag.py:3947} INFO - Setting next_dagrun for example_sensors to None, run_after=None
[2026-05-16T13:14:12.103+0000] {processor.py:183} INFO - Processing /home/airflow/.local/lib/python3.12/site-packages/airflow/example_dags/example_sensors.py took 0.030 seconds
[2026-05-16T13:14:42.492+0000] {processor.py:161} INFO - Started process (PID=17604) to work on /home/airflow/.local/lib/python3.12/site-packages/airflow/example_dags/example_sensors.py
[2026-05-16T13:14:42.492+0000] {processor.py:830} INFO - Processing file /home/airflow/.local/lib/python3.12/site-packages/airflow/example_dags/example_sensors.py for tasks to queue
[2026-05-16T13:14:42.493+0000] {logging_mixin.py:188} INFO - [2026-05-16T13:14:42.492+0000] {dagbag.py:545} INFO - Filling up the DagBag from /home/airflow/.local/lib/python3.12/site-packages/airflow/example_dags/example_sensors.py
[2026-05-16T13:14:42.496+0000] {processor.py:840} INFO - DAG(s) 'example_sensors' retrieved from /home/airflow/.local/lib/python3.12/site-packages/airflow/example_dags/example_sensors.py
[2026-05-16T13:14:42.504+0000] {logging_mixin.py:188} INFO - [2026-05-16T13:14:42.504+0000] {dag.py:3089} INFO - Sync 1 DAGs
[2026-05-16T13:14:42.508+0000] {logging_mixin.py:188} INFO - [2026-05-16T13:14:42.508+0000] {dag.py:3947} INFO - Setting next_dagrun for example_sensors to None, run_after=None
[2026-05-16T13:14:42.513+0000] {processor.py:183} INFO - Processing /home/airflow/.local/lib/python3.12/site-packages/airflow/example_dags/example_sensors.py took 0.024 seconds
[2026-05-16T13:15:13.029+0000] {processor.py:161} INFO - Started process (PID=17666) to work on /home/airflow/.local/lib/python3.12/site-packages/airflow/example_dags/example_sensors.py
[2026-05-16T13:15:13.029+0000] {processor.py:830} INFO - Processing file /home/airflow/.local/lib/python3.12/site-packages/airflow/example_dags/example_sensors.py for tasks to queue
[2026-05-16T13:15:13.030+0000] {logging_mixin.py:188} INFO - [2026-05-16T13:15:13.030+0000] {dagbag.py:545} INFO - Filling up the DagBag from /home/airflow/.local/lib/python3.12/site-packages/airflow/example_dags/example_sensors.py
[2026-05-16T13:15:13.034+0000] {processor.py:840} INFO - DAG(s) 'example_sensors' retrieved from /home/airflow/.local/lib/python3.12/site-packages/airflow/example_dags/example_sensors.py
[2026-05-16T13:15:13.045+0000] {logging_mixin.py:188} INFO - [2026-05-16T13:15:13.045+0000] {dag.py:3089} INFO - Sync 1 DAGs
[2026-05-16T13:15:13.050+0000] {logging_mixin.py:188} INFO - [2026-05-16T13:15:13.050+0000] {dag.py:3947} INFO - Setting next_dagrun for example_sensors to None, run_after=None
[2026-05-16T13:15:13.055+0000] {processor.py:183} INFO - Processing /home/airflow/.local/lib/python3.12/site-packages/airflow/example_dags/example_sensors.py took 0.029 seconds
[2026-05-16T13:15:43.443+0000] {processor.py:161} INFO - Started process (PID=17728) to work on /home/airflow/.local/lib/python3.12/site-packages/airflow/example_dags/example_sensors.py
[2026-05-16T13:15:43.444+0000] {processor.py:830} INFO - Processing file /home/airflow/.local/lib/python3.12/site-packages/airflow/example_dags/example_sensors.py for tasks to queue
[2026-05-16T13:15:43.444+0000] {logging_mixin.py:188} INFO - [2026-05-16T13:15:43.444+0000] {dagbag.py:545} INFO - Filling up the DagBag from /home/airflow/.local/lib/python3.12/site-packages/airflow/example_dags/example_sensors.py
[2026-05-16T13:15:43.448+0000] {processor.py:840} INFO - DAG(s) 'example_sensors' retrieved from /home/airflow/.local/lib/python3.12/site-packages/airflow/example_dags/example_sensors.py
[2026-05-16T13:15:43.456+0000] {logging_mixin.py:188} INFO - [2026-05-16T13:15:43.456+0000] {dag.py:3089} INFO - Sync 1 DAGs
[2026-05-16T13:15:43.460+0000] {logging_mixin.py:188} INFO - [2026-05-16T13:15:43.460+0000] {dag.py:3947} INFO - Setting next_dagrun for example_sensors to None, run_after=None
[2026-05-16T13:15:43.466+0000] {processor.py:183} INFO - Processing /home/airflow/.local/lib/python3.12/site-packages/airflow/example_dags/example_sensors.py took 0.025 seconds
[2026-05-16T13:16:13.894+0000] {processor.py:161} INFO - Started process (PID=17790) to work on /home/airflow/.local/lib/python3.12/site-packages/airflow/example_dags/example_sensors.py
[2026-05-16T13:16:13.895+0000] {processor.py:830} INFO - Processing file /home/airflow/.local/lib/python3.12/site-packages/airflow/example_dags/example_sensors.py for tasks to queue
[2026-05-16T13:16:13.895+0000] {logging_mixin.py:188} INFO - [2026-05-16T13:16:13.895+0000] {dagbag.py:545} INFO - Filling up the DagBag from /home/airflow/.local/lib/python3.12/site-packages/airflow/example_dags/example_sensors.py
[2026-05-16T13:16:13.899+0000] {processor.py:840} INFO - DAG(s) 'example_sensors' retrieved from /home/airflow/.local/lib/python3.12/site-packages/airflow/example_dags/example_sensors.py
[2026-05-16T13:16:13.912+0000] {logging_mixin.py:188} INFO - [2026-05-16T13:16:13.912+0000] {dag.py:3089} INFO - Sync 1 DAGs
[2026-05-16T13:16:13.918+0000] {logging_mixin.py:188} INFO - [2026-05-16T13:16:13.918+0000] {dag.py:3947} INFO - Setting next_dagrun for example_sensors to None, run_after=None
[2026-05-16T13:16:13.924+0000] {processor.py:183} INFO - Processing /home/airflow/.local/lib/python3.12/site-packages/airflow/example_dags/example_sensors.py took 0.033 seconds
[2026-05-16T13:16:44.517+0000] {processor.py:161} INFO - Started process (PID=17852) to work on /home/airflow/.local/lib/python3.12/site-packages/airflow/example_dags/example_sensors.py
[2026-05-16T13:16:44.518+0000] {processor.py:830} INFO - Processing file /home/airflow/.local/lib/python3.12/site-packages/airflow/example_dags/example_sensors.py for tasks to queue
[2026-05-16T13:16:44.518+0000] {logging_mixin.py:188} INFO - [2026-05-16T13:16:44.518+0000] {dagbag.py:545} INFO - Filling up the DagBag from /home/airflow/.local/lib/python3.12/site-packages/airflow/example_dags/example_sensors.py
[2026-05-16T13:16:44.522+0000] {processor.py:840} INFO - DAG(s) 'example_sensors' retrieved from /home/airflow/.local/lib/python3.12/site-packages/airflow/example_dags/example_sensors.py
[2026-05-16T13:16:44.531+0000] {logging_mixin.py:188} INFO - [2026-05-16T13:16:44.531+0000] {dag.py:3089} INFO - Sync 1 DAGs
[2026-05-16T13:16:44.536+0000] {logging_mixin.py:188} INFO - [2026-05-16T13:16:44.536+0000] {dag.py:3947} INFO - Setting next_dagrun for example_sensors to None, run_after=None
[2026-05-16T13:16:44.545+0000] {processor.py:183} INFO - Processing /home/airflow/.local/lib/python3.12/site-packages/airflow/example_dags/example_sensors.py took 0.031 seconds
[2026-05-16T13:17:14.965+0000] {processor.py:161} INFO - Started process (PID=17914) to work on /home/airflow/.local/lib/python3.12/site-packages/airflow/example_dags/example_sensors.py
[2026-05-16T13:17:14.966+0000] {processor.py:830} INFO - Processing file /home/airflow/.local/lib/python3.12/site-packages/airflow/example_dags/example_sensors.py for tasks to queue
[2026-05-16T13:17:14.966+0000] {logging_mixin.py:188} INFO - [2026-05-16T13:17:14.966+0000] {dagbag.py:545} INFO - Filling up the DagBag from /home/airflow/.local/lib/python3.12/site-packages/airflow/example_dags/example_sensors.py
[2026-05-16T13:17:14.972+0000] {processor.py:840} INFO - DAG(s) 'example_sensors' retrieved from /home/airflow/.local/lib/python3.12/site-packages/airflow/example_dags/example_sensors.py
[2026-05-16T13:17:14.981+0000] {logging_mixin.py:188} INFO - [2026-05-16T13:17:14.981+0000] {dag.py:3089} INFO - Sync 1 DAGs
[2026-05-16T13:17:14.985+0000] {logging_mixin.py:188} INFO - [2026-05-16T13:17:14.985+0000] {dag.py:3947} INFO - Setting next_dagrun for example_sensors to None, run_after=None
[2026-05-16T13:17:14.991+0000] {processor.py:183} INFO - Processing /home/airflow/.local/lib/python3.12/site-packages/airflow/example_dags/example_sensors.py took 0.028 seconds
[2026-05-16T13:17:45.516+0000] {processor.py:161} INFO - Started process (PID=17976) to work on /home/airflow/.local/lib/python3.12/site-packages/airflow/example_dags/example_sensors.py
[2026-05-16T13:17:45.516+0000] {processor.py:830} INFO - Processing file /home/airflow/.local/lib/python3.12/site-packages/airflow/example_dags/example_sensors.py for tasks to queue
[2026-05-16T13:17:45.516+0000] {logging_mixin.py:188} INFO - [2026-05-16T13:17:45.516+0000] {dagbag.py:545} INFO - Filling up the DagBag from /home/airflow/.local/lib/python3.12/site-packages/airflow/example_dags/example_sensors.py
[2026-05-16T13:17:45.520+0000] {processor.py:840} INFO - DAG(s) 'example_sensors' retrieved from /home/airflow/.local/lib/python3.12/site-packages/airflow/example_dags/example_sensors.py
[2026-05-16T13:17:45.530+0000] {logging_mixin.py:188} INFO - [2026-05-16T13:17:45.529+0000] {dag.py:3089} INFO - Sync 1 DAGs
[2026-05-16T13:17:45.534+0000] {logging_mixin.py:188} INFO - [2026-05-16T13:17:45.534+0000] {dag.py:3947} INFO - Setting next_dagrun for example_sensors to None, run_after=None
[2026-05-16T13:17:45.539+0000] {processor.py:183} INFO - Processing /home/airflow/.local/lib/python3.12/site-packages/airflow/example_dags/example_sensors.py took 0.026 seconds
[2026-05-16T13:18:15.975+0000] {processor.py:161} INFO - Started process (PID=18037) to work on /home/airflow/.local/lib/python3.12/site-packages/airflow/example_dags/example_sensors.py
[2026-05-16T13:18:15.976+0000] {processor.py:830} INFO - Processing file /home/airflow/.local/lib/python3.12/site-packages/airflow/example_dags/example_sensors.py for tasks to queue
[2026-05-16T13:18:15.976+0000] {logging_mixin.py:188} INFO - [2026-05-16T13:18:15.976+0000] {dagbag.py:545} INFO - Filling up the DagBag from /home/airflow/.local/lib/python3.12/site-packages/airflow/example_dags/example_sensors.py
[2026-05-16T13:18:15.980+0000] {processor.py:840} INFO - DAG(s) 'example_sensors' retrieved from /home/airflow/.local/lib/python3.12/site-packages/airflow/example_dags/example_sensors.py
[2026-05-16T13:18:15.988+0000] {logging_mixin.py:188} INFO - [2026-05-16T13:18:15.988+0000] {dag.py:3089} INFO - Sync 1 DAGs
[2026-05-16T13:18:15.992+0000] {logging_mixin.py:188} INFO - [2026-05-16T13:18:15.992+0000] {dag.py:3947} INFO - Setting next_dagrun for example_sensors to None, run_after=None
[2026-05-16T13:18:15.998+0000] {processor.py:183} INFO - Processing /home/airflow/.local/lib/python3.12/site-packages/airflow/example_dags/example_sensors.py took 0.025 seconds
[2026-05-16T13:18:46.357+0000] {processor.py:161} INFO - Started process (PID=18099) to work on /home/airflow/.local/lib/python3.12/site-packages/airflow/example_dags/example_sensors.py
[2026-05-16T13:18:46.357+0000] {processor.py:830} INFO - Processing file /home/airflow/.local/lib/python3.12/site-packages/airflow/example_dags/example_sensors.py for tasks to queue
[2026-05-16T13:18:46.357+0000] {logging_mixin.py:188} INFO - [2026-05-16T13:18:46.357+0000] {dagbag.py:545} INFO - Filling up the DagBag from /home/airflow/.local/lib/python3.12/site-packages/airflow/example_dags/example_sensors.py
[2026-05-16T13:18:46.361+0000] {processor.py:840} INFO - DAG(s) 'example_sensors' retrieved from /home/airflow/.local/lib/python3.12/site-packages/airflow/example_dags/example_sensors.py
[2026-05-16T13:18:46.369+0000] {logging_mixin.py:188} INFO - [2026-05-16T13:18:46.368+0000] {dag.py:3089} INFO - Sync 1 DAGs
[2026-05-16T13:18:46.372+0000] {logging_mixin.py:188} INFO - [2026-05-16T13:18:46.372+0000] {dag.py:3947} INFO - Setting next_dagrun for example_sensors to None, run_after=None
[2026-05-16T13:18:46.377+0000] {processor.py:183} INFO - Processing /home/airflow/.local/lib/python3.12/site-packages/airflow/example_dags/example_sensors.py took 0.023 seconds
[2026-05-16T13:19:16.779+0000] {processor.py:161} INFO - Started process (PID=18161) to work on /home/airflow/.local/lib/python3.12/site-packages/airflow/example_dags/example_sensors.py
[2026-05-16T13:19:16.780+0000] {processor.py:830} INFO - Processing file /home/airflow/.local/lib/python3.12/site-packages/airflow/example_dags/example_sensors.py for tasks to queue
[2026-05-16T13:19:16.780+0000] {logging_mixin.py:188} INFO - [2026-05-16T13:19:16.780+0000] {dagbag.py:545} INFO - Filling up the DagBag from /home/airflow/.local/lib/python3.12/site-packages/airflow/example_dags/example_sensors.py
[2026-05-16T13:19:16.784+0000] {processor.py:840} INFO - DAG(s) 'example_sensors' retrieved from /home/airflow/.local/lib/python3.12/site-packages/airflow/example_dags/example_sensors.py
[2026-05-16T13:19:16.794+0000] {logging_mixin.py:188} INFO - [2026-05-16T13:19:16.794+0000] {dag.py:3089} INFO - Sync 1 DAGs
[2026-05-16T13:19:16.798+0000] {logging_mixin.py:188} INFO - [2026-05-16T13:19:16.798+0000] {dag.py:3947} INFO - Setting next_dagrun for example_sensors to None, run_after=None
[2026-05-16T13:19:16.803+0000] {processor.py:183} INFO - Processing /home/airflow/.local/lib/python3.12/site-packages/airflow/example_dags/example_sensors.py took 0.029 seconds
[2026-05-16T13:19:47.164+0000] {processor.py:161} INFO - Started process (PID=18223) to work on /home/airflow/.local/lib/python3.12/site-packages/airflow/example_dags/example_sensors.py
[2026-05-16T13:19:47.164+0000] {processor.py:830} INFO - Processing file /home/airflow/.local/lib/python3.12/site-packages/airflow/example_dags/example_sensors.py for tasks to queue
[2026-05-16T13:19:47.164+0000] {logging_mixin.py:188} INFO - [2026-05-16T13:19:47.164+0000] {dagbag.py:545} INFO - Filling up the DagBag from /home/airflow/.local/lib/python3.12/site-packages/airflow/example_dags/example_sensors.py
[2026-05-16T13:19:47.168+0000] {processor.py:840} INFO - DAG(s) 'example_sensors' retrieved from /home/airflow/.local/lib/python3.12/site-packages/airflow/example_dags/example_sensors.py
[2026-05-16T13:19:47.180+0000] {logging_mixin.py:188} INFO - [2026-05-16T13:19:47.180+0000] {dag.py:3089} INFO - Sync 1 DAGs
[2026-05-16T13:19:47.185+0000] {logging_mixin.py:188} INFO - [2026-05-16T13:19:47.185+0000] {dag.py:3947} INFO - Setting next_dagrun for example_sensors to None, run_after=None
[2026-05-16T13:19:47.192+0000] {processor.py:183} INFO - Processing /home/airflow/.local/lib/python3.12/site-packages/airflow/example_dags/example_sensors.py took 0.031 seconds
[2026-05-16T13:20:17.607+0000] {processor.py:161} INFO - Started process (PID=18285) to work on /home/airflow/.local/lib/python3.12/site-packages/airflow/example_dags/example_sensors.py
[2026-05-16T13:20:17.607+0000] {processor.py:830} INFO - Processing file /home/airflow/.local/lib/python3.12/site-packages/airflow/example_dags/example_sensors.py for tasks to queue
[2026-05-16T13:20:17.608+0000] {logging_mixin.py:188} INFO - [2026-05-16T13:20:17.608+0000] {dagbag.py:545} INFO - Filling up the DagBag from /home/airflow/.local/lib/python3.12/site-packages/airflow/example_dags/example_sensors.py
[2026-05-16T13:20:17.611+0000] {processor.py:840} INFO - DAG(s) 'example_sensors' retrieved from /home/airflow/.local/lib/python3.12/site-packages/airflow/example_dags/example_sensors.py
[2026-05-16T13:20:17.620+0000] {logging_mixin.py:188} INFO - [2026-05-16T13:20:17.619+0000] {dag.py:3089} INFO - Sync 1 DAGs
[2026-05-16T13:20:17.623+0000] {logging_mixin.py:188} INFO - [2026-05-16T13:20:17.623+0000] {dag.py:3947} INFO - Setting next_dagrun for example_sensors to None, run_after=None
[2026-05-16T13:20:17.628+0000] {processor.py:183} INFO - Processing /home/airflow/.local/lib/python3.12/site-packages/airflow/example_dags/example_sensors.py took 0.023 seconds
[2026-05-16T13:20:47.992+0000] {processor.py:161} INFO - Started process (PID=18347) to work on /home/airflow/.local/lib/python3.12/site-packages/airflow/example_dags/example_sensors.py
[2026-05-16T13:20:47.992+0000] {processor.py:830} INFO - Processing file /home/airflow/.local/lib/python3.12/site-packages/airflow/example_dags/example_sensors.py for tasks to queue
[2026-05-16T13:20:47.992+0000] {logging_mixin.py:188} INFO - [2026-05-16T13:20:47.992+0000] {dagbag.py:545} INFO - Filling up the DagBag from /home/airflow/.local/lib/python3.12/site-packages/airflow/example_dags/example_sensors.py
[2026-05-16T13:20:47.996+0000] {processor.py:840} INFO - DAG(s) 'example_sensors' retrieved from /home/airflow/.local/lib/python3.12/site-packages/airflow/example_dags/example_sensors.py
[2026-05-16T13:20:48.004+0000] {logging_mixin.py:188} INFO - [2026-05-16T13:20:48.004+0000] {dag.py:3089} INFO - Sync 1 DAGs
[2026-05-16T13:20:48.008+0000] {logging_mixin.py:188} INFO - [2026-05-16T13:20:48.008+0000] {dag.py:3947} INFO - Setting next_dagrun for example_sensors to None, run_after=None
[2026-05-16T13:20:48.013+0000] {processor.py:183} INFO - Processing /home/airflow/.local/lib/python3.12/site-packages/airflow/example_dags/example_sensors.py took 0.024 seconds
[2026-05-16T13:21:18.432+0000] {processor.py:161} INFO - Started process (PID=18409) to work on /home/airflow/.local/lib/python3.12/site-packages/airflow/example_dags/example_sensors.py
[2026-05-16T13:21:18.432+0000] {processor.py:830} INFO - Processing file /home/airflow/.local/lib/python3.12/site-packages/airflow/example_dags/example_sensors.py for tasks to queue
[2026-05-16T13:21:18.433+0000] {logging_mixin.py:188} INFO - [2026-05-16T13:21:18.432+0000] {dagbag.py:545} INFO - Filling up the DagBag from /home/airflow/.local/lib/python3.12/site-packages/airflow/example_dags/example_sensors.py
[2026-05-16T13:21:18.438+0000] {processor.py:840} INFO - DAG(s) 'example_sensors' retrieved from /home/airflow/.local/lib/python3.12/site-packages/airflow/example_dags/example_sensors.py
[2026-05-16T13:21:18.460+0000] {logging_mixin.py:188} INFO - [2026-05-16T13:21:18.460+0000] {dag.py:3089} INFO - Sync 1 DAGs
[2026-05-16T13:21:18.469+0000] {logging_mixin.py:188} INFO - [2026-05-16T13:21:18.468+0000] {dag.py:3947} INFO - Setting next_dagrun for example_sensors to None, run_after=None
[2026-05-16T13:21:18.477+0000] {processor.py:183} INFO - Processing /home/airflow/.local/lib/python3.12/site-packages/airflow/example_dags/example_sensors.py took 0.047 seconds
[2026-05-16T13:21:48.786+0000] {processor.py:161} INFO - Started process (PID=18472) to work on /home/airflow/.local/lib/python3.12/site-packages/airflow/example_dags/example_sensors.py
[2026-05-16T13:21:48.787+0000] {processor.py:830} INFO - Processing file /home/airflow/.local/lib/python3.12/site-packages/airflow/example_dags/example_sensors.py for tasks to queue
[2026-05-16T13:21:48.787+0000] {logging_mixin.py:188} INFO - [2026-05-16T13:21:48.787+0000] {dagbag.py:545} INFO - Filling up the DagBag from /home/airflow/.local/lib/python3.12/site-packages/airflow/example_dags/example_sensors.py
[2026-05-16T13:21:48.790+0000] {processor.py:840} INFO - DAG(s) 'example_sensors' retrieved from /home/airflow/.local/lib/python3.12/site-packages/airflow/example_dags/example_sensors.py
[2026-05-16T13:21:48.799+0000] {logging_mixin.py:188} INFO - [2026-05-16T13:21:48.799+0000] {dag.py:3089} INFO - Sync 1 DAGs
[2026-05-16T13:21:48.803+0000] {logging_mixin.py:188} INFO - [2026-05-16T13:21:48.803+0000] {dag.py:3947} INFO - Setting next_dagrun for example_sensors to None, run_after=None
[2026-05-16T13:21:48.811+0000] {processor.py:183} INFO - Processing /home/airflow/.local/lib/python3.12/site-packages/airflow/example_dags/example_sensors.py took 0.027 seconds
[2026-05-16T13:22:19.239+0000] {processor.py:161} INFO - Started process (PID=18533) to work on /home/airflow/.local/lib/python3.12/site-packages/airflow/example_dags/example_sensors.py
[2026-05-16T13:22:19.239+0000] {processor.py:830} INFO - Processing file /home/airflow/.local/lib/python3.12/site-packages/airflow/example_dags/example_sensors.py for tasks to queue
[2026-05-16T13:22:19.239+0000] {logging_mixin.py:188} INFO - [2026-05-16T13:22:19.239+0000] {dagbag.py:545} INFO - Filling up the DagBag from /home/airflow/.local/lib/python3.12/site-packages/airflow/example_dags/example_sensors.py
[2026-05-16T13:22:19.243+0000] {processor.py:840} INFO - DAG(s) 'example_sensors' retrieved from /home/airflow/.local/lib/python3.12/site-packages/airflow/example_dags/example_sensors.py
[2026-05-16T13:22:19.252+0000] {logging_mixin.py:188} INFO - [2026-05-16T13:22:19.252+0000] {dag.py:3089} INFO - Sync 1 DAGs
[2026-05-16T13:22:19.257+0000] {logging_mixin.py:188} INFO - [2026-05-16T13:22:19.257+0000] {dag.py:3947} INFO - Setting next_dagrun for example_sensors to None, run_after=None
[2026-05-16T13:22:19.263+0000] {processor.py:183} INFO - Processing /home/airflow/.local/lib/python3.12/site-packages/airflow/example_dags/example_sensors.py took 0.026 seconds
[2026-05-16T13:22:49.627+0000] {processor.py:161} INFO - Started process (PID=18595) to work on /home/airflow/.local/lib/python3.12/site-packages/airflow/example_dags/example_sensors.py
[2026-05-16T13:22:49.627+0000] {processor.py:830} INFO - Processing file /home/airflow/.local/lib/python3.12/site-packages/airflow/example_dags/example_sensors.py for tasks to queue
[2026-05-16T13:22:49.628+0000] {logging_mixin.py:188} INFO - [2026-05-16T13:22:49.627+0000] {dagbag.py:545} INFO - Filling up the DagBag from /home/airflow/.local/lib/python3.12/site-packages/airflow/example_dags/example_sensors.py
[2026-05-16T13:22:49.631+0000] {processor.py:840} INFO - DAG(s) 'example_sensors' retrieved from /home/airflow/.local/lib/python3.12/site-packages/airflow/example_dags/example_sensors.py
[2026-05-16T13:22:49.639+0000] {logging_mixin.py:188} INFO - [2026-05-16T13:22:49.639+0000] {dag.py:3089} INFO - Sync 1 DAGs
[2026-05-16T13:22:49.643+0000] {logging_mixin.py:188} INFO - [2026-05-16T13:22:49.643+0000] {dag.py:3947} INFO - Setting next_dagrun for example_sensors to None, run_after=None
[2026-05-16T13:22:49.648+0000] {processor.py:183} INFO - Processing /home/airflow/.local/lib/python3.12/site-packages/airflow/example_dags/example_sensors.py took 0.024 seconds
[2026-05-16T13:23:20.054+0000] {processor.py:161} INFO - Started process (PID=18656) to work on /home/airflow/.local/lib/python3.12/site-packages/airflow/example_dags/example_sensors.py
[2026-05-16T13:23:20.054+0000] {processor.py:830} INFO - Processing file /home/airflow/.local/lib/python3.12/site-packages/airflow/example_dags/example_sensors.py for tasks to queue
[2026-05-16T13:23:20.054+0000] {logging_mixin.py:188} INFO - [2026-05-16T13:23:20.054+0000] {dagbag.py:545} INFO - Filling up the DagBag from /home/airflow/.local/lib/python3.12/site-packages/airflow/example_dags/example_sensors.py
[2026-05-16T13:23:20.058+0000] {processor.py:840} INFO - DAG(s) 'example_sensors' retrieved from /home/airflow/.local/lib/python3.12/site-packages/airflow/example_dags/example_sensors.py
[2026-05-16T13:23:20.066+0000] {logging_mixin.py:188} INFO - [2026-05-16T13:23:20.066+0000] {dag.py:3089} INFO - Sync 1 DAGs
[2026-05-16T13:23:20.070+0000] {logging_mixin.py:188} INFO - [2026-05-16T13:23:20.070+0000] {dag.py:3947} INFO - Setting next_dagrun for example_sensors to None, run_after=None
[2026-05-16T13:23:20.076+0000] {processor.py:183} INFO - Processing /home/airflow/.local/lib/python3.12/site-packages/airflow/example_dags/example_sensors.py took 0.025 seconds
[2026-05-16T13:23:50.463+0000] {processor.py:161} INFO - Started process (PID=18718) to work on /home/airflow/.local/lib/python3.12/site-packages/airflow/example_dags/example_sensors.py
[2026-05-16T13:23:50.463+0000] {processor.py:830} INFO - Processing file /home/airflow/.local/lib/python3.12/site-packages/airflow/example_dags/example_sensors.py for tasks to queue
[2026-05-16T13:23:50.463+0000] {logging_mixin.py:188} INFO - [2026-05-16T13:23:50.463+0000] {dagbag.py:545} INFO - Filling up the DagBag from /home/airflow/.local/lib/python3.12/site-packages/airflow/example_dags/example_sensors.py
[2026-05-16T13:23:50.467+0000] {processor.py:840} INFO - DAG(s) 'example_sensors' retrieved from /home/airflow/.local/lib/python3.12/site-packages/airflow/example_dags/example_sensors.py
[2026-05-16T13:23:50.478+0000] {logging_mixin.py:188} INFO - [2026-05-16T13:23:50.478+0000] {dag.py:3089} INFO - Sync 1 DAGs
[2026-05-16T13:23:50.482+0000] {logging_mixin.py:188} INFO - [2026-05-16T13:23:50.482+0000] {dag.py:3947} INFO - Setting next_dagrun for example_sensors to None, run_after=None
[2026-05-16T13:23:50.487+0000] {processor.py:183} INFO - Processing /home/airflow/.local/lib/python3.12/site-packages/airflow/example_dags/example_sensors.py took 0.027 seconds
[2026-05-16T13:24:20.976+0000] {processor.py:161} INFO - Started process (PID=18780) to work on /home/airflow/.local/lib/python3.12/site-packages/airflow/example_dags/example_sensors.py
[2026-05-16T13:24:20.977+0000] {processor.py:830} INFO - Processing file /home/airflow/.local/lib/python3.12/site-packages/airflow/example_dags/example_sensors.py for tasks to queue
[2026-05-16T13:24:20.977+0000] {logging_mixin.py:188} INFO - [2026-05-16T13:24:20.977+0000] {dagbag.py:545} INFO - Filling up the DagBag from /home/airflow/.local/lib/python3.12/site-packages/airflow/example_dags/example_sensors.py
[2026-05-16T13:24:20.981+0000] {processor.py:840} INFO - DAG(s) 'example_sensors' retrieved from /home/airflow/.local/lib/python3.12/site-packages/airflow/example_dags/example_sensors.py
[2026-05-16T13:24:20.991+0000] {logging_mixin.py:188} INFO - [2026-05-16T13:24:20.991+0000] {dag.py:3089} INFO - Sync 1 DAGs
[2026-05-16T13:24:20.995+0000] {logging_mixin.py:188} INFO - [2026-05-16T13:24:20.995+0000] {dag.py:3947} INFO - Setting next_dagrun for example_sensors to None, run_after=None
[2026-05-16T13:24:21.000+0000] {processor.py:183} INFO - Processing /home/airflow/.local/lib/python3.12/site-packages/airflow/example_dags/example_sensors.py took 0.026 seconds
[2026-05-16T13:24:51.446+0000] {processor.py:161} INFO - Started process (PID=18842) to work on /home/airflow/.local/lib/python3.12/site-packages/airflow/example_dags/example_sensors.py
[2026-05-16T13:24:51.446+0000] {processor.py:830} INFO - Processing file /home/airflow/.local/lib/python3.12/site-packages/airflow/example_dags/example_sensors.py for tasks to queue
[2026-05-16T13:24:51.447+0000] {logging_mixin.py:188} INFO - [2026-05-16T13:24:51.446+0000] {dagbag.py:545} INFO - Filling up the DagBag from /home/airflow/.local/lib/python3.12/site-packages/airflow/example_dags/example_sensors.py
[2026-05-16T13:24:51.450+0000] {processor.py:840} INFO - DAG(s) 'example_sensors' retrieved from /home/airflow/.local/lib/python3.12/site-packages/airflow/example_dags/example_sensors.py
[2026-05-16T13:24:51.461+0000] {logging_mixin.py:188} INFO - [2026-05-16T13:24:51.461+0000] {dag.py:3089} INFO - Sync 1 DAGs
[2026-05-16T13:24:51.465+0000] {logging_mixin.py:188} INFO - [2026-05-16T13:24:51.465+0000] {dag.py:3947} INFO - Setting next_dagrun for example_sensors to None, run_after=None
[2026-05-16T13:24:51.470+0000] {processor.py:183} INFO - Processing /home/airflow/.local/lib/python3.12/site-packages/airflow/example_dags/example_sensors.py took 0.027 seconds
[2026-05-16T13:25:21.866+0000] {processor.py:161} INFO - Started process (PID=18904) to work on /home/airflow/.local/lib/python3.12/site-packages/airflow/example_dags/example_sensors.py
[2026-05-16T13:25:21.866+0000] {processor.py:830} INFO - Processing file /home/airflow/.local/lib/python3.12/site-packages/airflow/example_dags/example_sensors.py for tasks to queue
[2026-05-16T13:25:21.866+0000] {logging_mixin.py:188} INFO - [2026-05-16T13:25:21.866+0000] {dagbag.py:545} INFO - Filling up the DagBag from /home/airflow/.local/lib/python3.12/site-packages/airflow/example_dags/example_sensors.py
[2026-05-16T13:25:21.870+0000] {processor.py:840} INFO - DAG(s) 'example_sensors' retrieved from /home/airflow/.local/lib/python3.12/site-packages/airflow/example_dags/example_sensors.py
[2026-05-16T13:25:21.878+0000] {logging_mixin.py:188} INFO - [2026-05-16T13:25:21.878+0000] {dag.py:3089} INFO - Sync 1 DAGs
[2026-05-16T13:25:21.882+0000] {logging_mixin.py:188} INFO - [2026-05-16T13:25:21.882+0000] {dag.py:3947} INFO - Setting next_dagrun for example_sensors to None, run_after=None
[2026-05-16T13:25:21.887+0000] {processor.py:183} INFO - Processing /home/airflow/.local/lib/python3.12/site-packages/airflow/example_dags/example_sensors.py took 0.023 seconds
[2026-05-16T13:25:52.329+0000] {processor.py:161} INFO - Started process (PID=18966) to work on /home/airflow/.local/lib/python3.12/site-packages/airflow/example_dags/example_sensors.py
[2026-05-16T13:25:52.330+0000] {processor.py:830} INFO - Processing file /home/airflow/.local/lib/python3.12/site-packages/airflow/example_dags/example_sensors.py for tasks to queue
[2026-05-16T13:25:52.330+0000] {logging_mixin.py:188} INFO - [2026-05-16T13:25:52.330+0000] {dagbag.py:545} INFO - Filling up the DagBag from /home/airflow/.local/lib/python3.12/site-packages/airflow/example_dags/example_sensors.py
[2026-05-16T13:25:52.333+0000] {processor.py:840} INFO - DAG(s) 'example_sensors' retrieved from /home/airflow/.local/lib/python3.12/site-packages/airflow/example_dags/example_sensors.py
[2026-05-16T13:25:52.342+0000] {logging_mixin.py:188} INFO - [2026-05-16T13:25:52.342+0000] {dag.py:3089} INFO - Sync 1 DAGs
[2026-05-16T13:25:52.346+0000] {logging_mixin.py:188} INFO - [2026-05-16T13:25:52.346+0000] {dag.py:3947} INFO - Setting next_dagrun for example_sensors to None, run_after=None
[2026-05-16T13:25:52.351+0000] {processor.py:183} INFO - Processing /home/airflow/.local/lib/python3.12/site-packages/airflow/example_dags/example_sensors.py took 0.024 seconds
[2026-05-16T13:26:23.010+0000] {processor.py:161} INFO - Started process (PID=19028) to work on /home/airflow/.local/lib/python3.12/site-packages/airflow/example_dags/example_sensors.py
[2026-05-16T13:26:23.011+0000] {processor.py:830} INFO - Processing file /home/airflow/.local/lib/python3.12/site-packages/airflow/example_dags/example_sensors.py for tasks to queue
[2026-05-16T13:26:23.011+0000] {logging_mixin.py:188} INFO - [2026-05-16T13:26:23.011+0000] {dagbag.py:545} INFO - Filling up the DagBag from /home/airflow/.local/lib/python3.12/site-packages/airflow/example_dags/example_sensors.py
[2026-05-16T13:26:23.015+0000] {processor.py:840} INFO - DAG(s) 'example_sensors' retrieved from /home/airflow/.local/lib/python3.12/site-packages/airflow/example_dags/example_sensors.py
[2026-05-16T13:26:23.024+0000] {logging_mixin.py:188} INFO - [2026-05-16T13:26:23.024+0000] {dag.py:3089} INFO - Sync 1 DAGs
[2026-05-16T13:26:23.028+0000] {logging_mixin.py:188} INFO - [2026-05-16T13:26:23.028+0000] {dag.py:3947} INFO - Setting next_dagrun for example_sensors to None, run_after=None
[2026-05-16T13:26:23.034+0000] {processor.py:183} INFO - Processing /home/airflow/.local/lib/python3.12/site-packages/airflow/example_dags/example_sensors.py took 0.025 seconds
[2026-05-16T13:26:53.847+0000] {processor.py:161} INFO - Started process (PID=19090) to work on /home/airflow/.local/lib/python3.12/site-packages/airflow/example_dags/example_sensors.py
[2026-05-16T13:26:53.847+0000] {processor.py:830} INFO - Processing file /home/airflow/.local/lib/python3.12/site-packages/airflow/example_dags/example_sensors.py for tasks to queue
[2026-05-16T13:26:53.848+0000] {logging_mixin.py:188} INFO - [2026-05-16T13:26:53.847+0000] {dagbag.py:545} INFO - Filling up the DagBag from /home/airflow/.local/lib/python3.12/site-packages/airflow/example_dags/example_sensors.py
[2026-05-16T13:26:53.851+0000] {processor.py:840} INFO - DAG(s) 'example_sensors' retrieved from /home/airflow/.local/lib/python3.12/site-packages/airflow/example_dags/example_sensors.py
[2026-05-16T13:26:53.863+0000] {logging_mixin.py:188} INFO - [2026-05-16T13:26:53.863+0000] {dag.py:3089} INFO - Sync 1 DAGs
[2026-05-16T13:26:53.867+0000] {logging_mixin.py:188} INFO - [2026-05-16T13:26:53.867+0000] {dag.py:3947} INFO - Setting next_dagrun for example_sensors to None, run_after=None
[2026-05-16T13:26:53.872+0000] {processor.py:183} INFO - Processing /home/airflow/.local/lib/python3.12/site-packages/airflow/example_dags/example_sensors.py took 0.028 seconds
[2026-05-16T13:27:24.501+0000] {processor.py:161} INFO - Started process (PID=19159) to work on /home/airflow/.local/lib/python3.12/site-packages/airflow/example_dags/example_sensors.py
[2026-05-16T13:27:24.501+0000] {processor.py:830} INFO - Processing file /home/airflow/.local/lib/python3.12/site-packages/airflow/example_dags/example_sensors.py for tasks to queue
[2026-05-16T13:27:24.501+0000] {logging_mixin.py:188} INFO - [2026-05-16T13:27:24.501+0000] {dagbag.py:545} INFO - Filling up the DagBag from /home/airflow/.local/lib/python3.12/site-packages/airflow/example_dags/example_sensors.py
[2026-05-16T13:27:24.505+0000] {processor.py:840} INFO - DAG(s) 'example_sensors' retrieved from /home/airflow/.local/lib/python3.12/site-packages/airflow/example_dags/example_sensors.py
[2026-05-16T13:27:24.514+0000] {logging_mixin.py:188} INFO - [2026-05-16T13:27:24.514+0000] {dag.py:3089} INFO - Sync 1 DAGs
[2026-05-16T13:27:24.519+0000] {logging_mixin.py:188} INFO - [2026-05-16T13:27:24.519+0000] {dag.py:3947} INFO - Setting next_dagrun for example_sensors to None, run_after=None
[2026-05-16T13:27:24.524+0000] {processor.py:183} INFO - Processing /home/airflow/.local/lib/python3.12/site-packages/airflow/example_dags/example_sensors.py took 0.025 seconds
[2026-05-16T13:27:54.881+0000] {processor.py:161} INFO - Started process (PID=19221) to work on /home/airflow/.local/lib/python3.12/site-packages/airflow/example_dags/example_sensors.py
[2026-05-16T13:27:54.882+0000] {processor.py:830} INFO - Processing file /home/airflow/.local/lib/python3.12/site-packages/airflow/example_dags/example_sensors.py for tasks to queue
[2026-05-16T13:27:54.882+0000] {logging_mixin.py:188} INFO - [2026-05-16T13:27:54.882+0000] {dagbag.py:545} INFO - Filling up the DagBag from /home/airflow/.local/lib/python3.12/site-packages/airflow/example_dags/example_sensors.py
[2026-05-16T13:27:54.886+0000] {processor.py:840} INFO - DAG(s) 'example_sensors' retrieved from /home/airflow/.local/lib/python3.12/site-packages/airflow/example_dags/example_sensors.py
[2026-05-16T13:27:54.896+0000] {logging_mixin.py:188} INFO - [2026-05-16T13:27:54.896+0000] {dag.py:3089} INFO - Sync 1 DAGs
[2026-05-16T13:27:54.900+0000] {logging_mixin.py:188} INFO - [2026-05-16T13:27:54.900+0000] {dag.py:3947} INFO - Setting next_dagrun for example_sensors to None, run_after=None
[2026-05-16T13:27:54.905+0000] {processor.py:183} INFO - Processing /home/airflow/.local/lib/python3.12/site-packages/airflow/example_dags/example_sensors.py took 0.026 seconds
[2026-05-16T13:28:25.283+0000] {processor.py:161} INFO - Started process (PID=19282) to work on /home/airflow/.local/lib/python3.12/site-packages/airflow/example_dags/example_sensors.py
[2026-05-16T13:28:25.284+0000] {processor.py:830} INFO - Processing file /home/airflow/.local/lib/python3.12/site-packages/airflow/example_dags/example_sensors.py for tasks to queue
[2026-05-16T13:28:25.284+0000] {logging_mixin.py:188} INFO - [2026-05-16T13:28:25.284+0000] {dagbag.py:545} INFO - Filling up the DagBag from /home/airflow/.local/lib/python3.12/site-packages/airflow/example_dags/example_sensors.py
[2026-05-16T13:28:25.287+0000] {processor.py:840} INFO - DAG(s) 'example_sensors' retrieved from /home/airflow/.local/lib/python3.12/site-packages/airflow/example_dags/example_sensors.py
[2026-05-16T13:28:25.295+0000] {logging_mixin.py:188} INFO - [2026-05-16T13:28:25.295+0000] {dag.py:3089} INFO - Sync 1 DAGs
[2026-05-16T13:28:25.299+0000] {logging_mixin.py:188} INFO - [2026-05-16T13:28:25.298+0000] {dag.py:3947} INFO - Setting next_dagrun for example_sensors to None, run_after=None
[2026-05-16T13:28:25.303+0000] {processor.py:183} INFO - Processing /home/airflow/.local/lib/python3.12/site-packages/airflow/example_dags/example_sensors.py took 0.022 seconds
[2026-05-16T13:28:55.692+0000] {processor.py:161} INFO - Started process (PID=19344) to work on /home/airflow/.local/lib/python3.12/site-packages/airflow/example_dags/example_sensors.py
[2026-05-16T13:28:55.692+0000] {processor.py:830} INFO - Processing file /home/airflow/.local/lib/python3.12/site-packages/airflow/example_dags/example_sensors.py for tasks to queue
[2026-05-16T13:28:55.692+0000] {logging_mixin.py:188} INFO - [2026-05-16T13:28:55.692+0000] {dagbag.py:545} INFO - Filling up the DagBag from /home/airflow/.local/lib/python3.12/site-packages/airflow/example_dags/example_sensors.py
[2026-05-16T13:28:55.696+0000] {processor.py:840} INFO - DAG(s) 'example_sensors' retrieved from /home/airflow/.local/lib/python3.12/site-packages/airflow/example_dags/example_sensors.py
[2026-05-16T13:28:55.706+0000] {logging_mixin.py:188} INFO - [2026-05-16T13:28:55.706+0000] {dag.py:3089} INFO - Sync 1 DAGs
[2026-05-16T13:28:55.711+0000] {logging_mixin.py:188} INFO - [2026-05-16T13:28:55.711+0000] {dag.py:3947} INFO - Setting next_dagrun for example_sensors to None, run_after=None
[2026-05-16T13:28:55.718+0000] {processor.py:183} INFO - Processing /home/airflow/.local/lib/python3.12/site-packages/airflow/example_dags/example_sensors.py took 0.029 seconds
[2026-05-16T13:29:25.961+0000] {processor.py:161} INFO - Started process (PID=19406) to work on /home/airflow/.local/lib/python3.12/site-packages/airflow/example_dags/example_sensors.py
[2026-05-16T13:29:25.961+0000] {processor.py:830} INFO - Processing file /home/airflow/.local/lib/python3.12/site-packages/airflow/example_dags/example_sensors.py for tasks to queue
[2026-05-16T13:29:25.962+0000] {logging_mixin.py:188} INFO - [2026-05-16T13:29:25.961+0000] {dagbag.py:545} INFO - Filling up the DagBag from /home/airflow/.local/lib/python3.12/site-packages/airflow/example_dags/example_sensors.py
[2026-05-16T13:29:25.965+0000] {processor.py:840} INFO - DAG(s) 'example_sensors' retrieved from /home/airflow/.local/lib/python3.12/site-packages/airflow/example_dags/example_sensors.py
[2026-05-16T13:29:25.973+0000] {logging_mixin.py:188} INFO - [2026-05-16T13:29:25.973+0000] {dag.py:3089} INFO - Sync 1 DAGs
[2026-05-16T13:29:25.977+0000] {logging_mixin.py:188} INFO - [2026-05-16T13:29:25.977+0000] {dag.py:3947} INFO - Setting next_dagrun for example_sensors to None, run_after=None
[2026-05-16T13:29:25.982+0000] {processor.py:183} INFO - Processing /home/airflow/.local/lib/python3.12/site-packages/airflow/example_dags/example_sensors.py took 0.023 seconds
[2026-05-16T13:29:56.450+0000] {processor.py:161} INFO - Started process (PID=19468) to work on /home/airflow/.local/lib/python3.12/site-packages/airflow/example_dags/example_sensors.py
[2026-05-16T13:29:56.450+0000] {processor.py:830} INFO - Processing file /home/airflow/.local/lib/python3.12/site-packages/airflow/example_dags/example_sensors.py for tasks to queue
[2026-05-16T13:29:56.451+0000] {logging_mixin.py:188} INFO - [2026-05-16T13:29:56.450+0000] {dagbag.py:545} INFO - Filling up the DagBag from /home/airflow/.local/lib/python3.12/site-packages/airflow/example_dags/example_sensors.py
[2026-05-16T13:29:56.455+0000] {processor.py:840} INFO - DAG(s) 'example_sensors' retrieved from /home/airflow/.local/lib/python3.12/site-packages/airflow/example_dags/example_sensors.py
[2026-05-16T13:29:56.464+0000] {logging_mixin.py:188} INFO - [2026-05-16T13:29:56.464+0000] {dag.py:3089} INFO - Sync 1 DAGs
[2026-05-16T13:29:56.468+0000] {logging_mixin.py:188} INFO - [2026-05-16T13:29:56.468+0000] {dag.py:3947} INFO - Setting next_dagrun for example_sensors to None, run_after=None
[2026-05-16T13:29:56.474+0000] {processor.py:183} INFO - Processing /home/airflow/.local/lib/python3.12/site-packages/airflow/example_dags/example_sensors.py took 0.026 seconds
[2026-05-16T13:30:26.936+0000] {processor.py:161} INFO - Started process (PID=19530) to work on /home/airflow/.local/lib/python3.12/site-packages/airflow/example_dags/example_sensors.py
[2026-05-16T13:30:26.936+0000] {processor.py:830} INFO - Processing file /home/airflow/.local/lib/python3.12/site-packages/airflow/example_dags/example_sensors.py for tasks to queue
[2026-05-16T13:30:26.936+0000] {logging_mixin.py:188} INFO - [2026-05-16T13:30:26.936+0000] {dagbag.py:545} INFO - Filling up the DagBag from /home/airflow/.local/lib/python3.12/site-packages/airflow/example_dags/example_sensors.py
[2026-05-16T13:30:26.940+0000] {processor.py:840} INFO - DAG(s) 'example_sensors' retrieved from /home/airflow/.local/lib/python3.12/site-packages/airflow/example_dags/example_sensors.py
[2026-05-16T13:30:26.948+0000] {logging_mixin.py:188} INFO - [2026-05-16T13:30:26.948+0000] {dag.py:3089} INFO - Sync 1 DAGs
[2026-05-16T13:30:26.952+0000] {logging_mixin.py:188} INFO - [2026-05-16T13:30:26.952+0000] {dag.py:3947} INFO - Setting next_dagrun for example_sensors to None, run_after=None
[2026-05-16T13:30:26.957+0000] {processor.py:183} INFO - Processing /home/airflow/.local/lib/python3.12/site-packages/airflow/example_dags/example_sensors.py took 0.024 seconds
[2026-05-16T13:30:57.302+0000] {processor.py:161} INFO - Started process (PID=19592) to work on /home/airflow/.local/lib/python3.12/site-packages/airflow/example_dags/example_sensors.py
[2026-05-16T13:30:57.302+0000] {processor.py:830} INFO - Processing file /home/airflow/.local/lib/python3.12/site-packages/airflow/example_dags/example_sensors.py for tasks to queue
[2026-05-16T13:30:57.302+0000] {logging_mixin.py:188} INFO - [2026-05-16T13:30:57.302+0000] {dagbag.py:545} INFO - Filling up the DagBag from /home/airflow/.local/lib/python3.12/site-packages/airflow/example_dags/example_sensors.py
[2026-05-16T13:30:57.306+0000] {processor.py:840} INFO - DAG(s) 'example_sensors' retrieved from /home/airflow/.local/lib/python3.12/site-packages/airflow/example_dags/example_sensors.py
[2026-05-16T13:30:57.317+0000] {logging_mixin.py:188} INFO - [2026-05-16T13:30:57.317+0000] {dag.py:3089} INFO - Sync 1 DAGs
[2026-05-16T13:30:57.322+0000] {logging_mixin.py:188} INFO - [2026-05-16T13:30:57.321+0000] {dag.py:3947} INFO - Setting next_dagrun for example_sensors to None, run_after=None
[2026-05-16T13:30:57.326+0000] {processor.py:183} INFO - Processing /home/airflow/.local/lib/python3.12/site-packages/airflow/example_dags/example_sensors.py took 0.029 seconds
[2026-05-16T13:31:27.646+0000] {processor.py:161} INFO - Started process (PID=19654) to work on /home/airflow/.local/lib/python3.12/site-packages/airflow/example_dags/example_sensors.py
[2026-05-16T13:31:27.646+0000] {processor.py:830} INFO - Processing file /home/airflow/.local/lib/python3.12/site-packages/airflow/example_dags/example_sensors.py for tasks to queue
[2026-05-16T13:31:27.647+0000] {logging_mixin.py:188} INFO - [2026-05-16T13:31:27.646+0000] {dagbag.py:545} INFO - Filling up the DagBag from /home/airflow/.local/lib/python3.12/site-packages/airflow/example_dags/example_sensors.py
[2026-05-16T13:31:27.650+0000] {processor.py:840} INFO - DAG(s) 'example_sensors' retrieved from /home/airflow/.local/lib/python3.12/site-packages/airflow/example_dags/example_sensors.py
[2026-05-16T13:31:27.659+0000] {logging_mixin.py:188} INFO - [2026-05-16T13:31:27.659+0000] {dag.py:3089} INFO - Sync 1 DAGs
[2026-05-16T13:31:27.663+0000] {logging_mixin.py:188} INFO - [2026-05-16T13:31:27.663+0000] {dag.py:3947} INFO - Setting next_dagrun for example_sensors to None, run_after=None
[2026-05-16T13:31:27.671+0000] {processor.py:183} INFO - Processing /home/airflow/.local/lib/python3.12/site-packages/airflow/example_dags/example_sensors.py took 0.027 seconds
[2026-05-16T13:31:58.000+0000] {processor.py:161} INFO - Started process (PID=19716) to work on /home/airflow/.local/lib/python3.12/site-packages/airflow/example_dags/example_sensors.py
[2026-05-16T13:31:58.001+0000] {processor.py:830} INFO - Processing file /home/airflow/.local/lib/python3.12/site-packages/airflow/example_dags/example_sensors.py for tasks to queue
[2026-05-16T13:31:58.002+0000] {logging_mixin.py:188} INFO - [2026-05-16T13:31:58.002+0000] {dagbag.py:545} INFO - Filling up the DagBag from /home/airflow/.local/lib/python3.12/site-packages/airflow/example_dags/example_sensors.py
[2026-05-16T13:31:58.007+0000] {processor.py:840} INFO - DAG(s) 'example_sensors' retrieved from /home/airflow/.local/lib/python3.12/site-packages/airflow/example_dags/example_sensors.py
[2026-05-16T13:31:58.017+0000] {logging_mixin.py:188} INFO - [2026-05-16T13:31:58.017+0000] {dag.py:3089} INFO - Sync 1 DAGs
[2026-05-16T13:31:58.021+0000] {logging_mixin.py:188} INFO - [2026-05-16T13:31:58.021+0000] {dag.py:3947} INFO - Setting next_dagrun for example_sensors to None, run_after=None
[2026-05-16T13:31:58.026+0000] {processor.py:183} INFO - Processing /home/airflow/.local/lib/python3.12/site-packages/airflow/example_dags/example_sensors.py took 0.029 seconds
[2026-05-16T13:32:28.325+0000] {processor.py:161} INFO - Started process (PID=19778) to work on /home/airflow/.local/lib/python3.12/site-packages/airflow/example_dags/example_sensors.py
[2026-05-16T13:32:28.325+0000] {processor.py:830} INFO - Processing file /home/airflow/.local/lib/python3.12/site-packages/airflow/example_dags/example_sensors.py for tasks to queue
[2026-05-16T13:32:28.325+0000] {logging_mixin.py:188} INFO - [2026-05-16T13:32:28.325+0000] {dagbag.py:545} INFO - Filling up the DagBag from /home/airflow/.local/lib/python3.12/site-packages/airflow/example_dags/example_sensors.py
[2026-05-16T13:32:28.329+0000] {processor.py:840} INFO - DAG(s) 'example_sensors' retrieved from /home/airflow/.local/lib/python3.12/site-packages/airflow/example_dags/example_sensors.py
[2026-05-16T13:32:28.337+0000] {logging_mixin.py:188} INFO - [2026-05-16T13:32:28.337+0000] {dag.py:3089} INFO - Sync 1 DAGs
[2026-05-16T13:32:28.341+0000] {logging_mixin.py:188} INFO - [2026-05-16T13:32:28.341+0000] {dag.py:3947} INFO - Setting next_dagrun for example_sensors to None, run_after=None
[2026-05-16T13:32:28.346+0000] {processor.py:183} INFO - Processing /home/airflow/.local/lib/python3.12/site-packages/airflow/example_dags/example_sensors.py took 0.023 seconds
[2026-05-16T13:32:58.647+0000] {processor.py:161} INFO - Started process (PID=19840) to work on /home/airflow/.local/lib/python3.12/site-packages/airflow/example_dags/example_sensors.py
[2026-05-16T13:32:58.647+0000] {processor.py:830} INFO - Processing file /home/airflow/.local/lib/python3.12/site-packages/airflow/example_dags/example_sensors.py for tasks to queue
[2026-05-16T13:32:58.648+0000] {logging_mixin.py:188} INFO - [2026-05-16T13:32:58.648+0000] {dagbag.py:545} INFO - Filling up the DagBag from /home/airflow/.local/lib/python3.12/site-packages/airflow/example_dags/example_sensors.py
[2026-05-16T13:32:58.651+0000] {processor.py:840} INFO - DAG(s) 'example_sensors' retrieved from /home/airflow/.local/lib/python3.12/site-packages/airflow/example_dags/example_sensors.py
[2026-05-16T13:32:58.660+0000] {logging_mixin.py:188} INFO - [2026-05-16T13:32:58.660+0000] {dag.py:3089} INFO - Sync 1 DAGs
[2026-05-16T13:32:58.664+0000] {logging_mixin.py:188} INFO - [2026-05-16T13:32:58.664+0000] {dag.py:3947} INFO - Setting next_dagrun for example_sensors to None, run_after=None
[2026-05-16T13:32:58.670+0000] {processor.py:183} INFO - Processing /home/airflow/.local/lib/python3.12/site-packages/airflow/example_dags/example_sensors.py took 0.025 seconds
[2026-05-16T13:33:28.938+0000] {processor.py:161} INFO - Started process (PID=19902) to work on /home/airflow/.local/lib/python3.12/site-packages/airflow/example_dags/example_sensors.py
[2026-05-16T13:33:28.939+0000] {processor.py:830} INFO - Processing file /home/airflow/.local/lib/python3.12/site-packages/airflow/example_dags/example_sensors.py for tasks to queue
[2026-05-16T13:33:28.939+0000] {logging_mixin.py:188} INFO - [2026-05-16T13:33:28.939+0000] {dagbag.py:545} INFO - Filling up the DagBag from /home/airflow/.local/lib/python3.12/site-packages/airflow/example_dags/example_sensors.py
[2026-05-16T13:33:28.943+0000] {processor.py:840} INFO - DAG(s) 'example_sensors' retrieved from /home/airflow/.local/lib/python3.12/site-packages/airflow/example_dags/example_sensors.py
[2026-05-16T13:33:28.950+0000] {logging_mixin.py:188} INFO - [2026-05-16T13:33:28.950+0000] {dag.py:3089} INFO - Sync 1 DAGs
[2026-05-16T13:33:28.955+0000] {logging_mixin.py:188} INFO - [2026-05-16T13:33:28.955+0000] {dag.py:3947} INFO - Setting next_dagrun for example_sensors to None, run_after=None
[2026-05-16T13:33:28.960+0000] {processor.py:183} INFO - Processing /home/airflow/.local/lib/python3.12/site-packages/airflow/example_dags/example_sensors.py took 0.024 seconds
[2026-05-16T13:33:59.568+0000] {processor.py:161} INFO - Started process (PID=19964) to work on /home/airflow/.local/lib/python3.12/site-packages/airflow/example_dags/example_sensors.py
[2026-05-16T13:33:59.568+0000] {processor.py:830} INFO - Processing file /home/airflow/.local/lib/python3.12/site-packages/airflow/example_dags/example_sensors.py for tasks to queue
[2026-05-16T13:33:59.568+0000] {logging_mixin.py:188} INFO - [2026-05-16T13:33:59.568+0000] {dagbag.py:545} INFO - Filling up the DagBag from /home/airflow/.local/lib/python3.12/site-packages/airflow/example_dags/example_sensors.py
[2026-05-16T13:33:59.572+0000] {processor.py:840} INFO - DAG(s) 'example_sensors' retrieved from /home/airflow/.local/lib/python3.12/site-packages/airflow/example_dags/example_sensors.py
[2026-05-16T13:33:59.579+0000] {logging_mixin.py:188} INFO - [2026-05-16T13:33:59.579+0000] {dag.py:3089} INFO - Sync 1 DAGs
[2026-05-16T13:33:59.583+0000] {logging_mixin.py:188} INFO - [2026-05-16T13:33:59.583+0000] {dag.py:3947} INFO - Setting next_dagrun for example_sensors to None, run_after=None
[2026-05-16T13:33:59.588+0000] {processor.py:183} INFO - Processing /home/airflow/.local/lib/python3.12/site-packages/airflow/example_dags/example_sensors.py took 0.023 seconds
[2026-05-16T13:34:30.289+0000] {processor.py:161} INFO - Started process (PID=20026) to work on /home/airflow/.local/lib/python3.12/site-packages/airflow/example_dags/example_sensors.py
[2026-05-16T13:34:30.289+0000] {processor.py:830} INFO - Processing file /home/airflow/.local/lib/python3.12/site-packages/airflow/example_dags/example_sensors.py for tasks to queue
[2026-05-16T13:34:30.289+0000] {logging_mixin.py:188} INFO - [2026-05-16T13:34:30.289+0000] {dagbag.py:545} INFO - Filling up the DagBag from /home/airflow/.local/lib/python3.12/site-packages/airflow/example_dags/example_sensors.py
[2026-05-16T13:34:30.293+0000] {processor.py:840} INFO - DAG(s) 'example_sensors' retrieved from /home/airflow/.local/lib/python3.12/site-packages/airflow/example_dags/example_sensors.py
[2026-05-16T13:34:30.302+0000] {logging_mixin.py:188} INFO - [2026-05-16T13:34:30.301+0000] {dag.py:3089} INFO - Sync 1 DAGs
[2026-05-16T13:34:30.306+0000] {logging_mixin.py:188} INFO - [2026-05-16T13:34:30.305+0000] {dag.py:3947} INFO - Setting next_dagrun for example_sensors to None, run_after=None
[2026-05-16T13:34:30.310+0000] {processor.py:183} INFO - Processing /home/airflow/.local/lib/python3.12/site-packages/airflow/example_dags/example_sensors.py took 0.024 seconds
[2026-05-16T13:35:01.007+0000] {processor.py:161} INFO - Started process (PID=20088) to work on /home/airflow/.local/lib/python3.12/site-packages/airflow/example_dags/example_sensors.py
[2026-05-16T13:35:01.008+0000] {processor.py:830} INFO - Processing file /home/airflow/.local/lib/python3.12/site-packages/airflow/example_dags/example_sensors.py for tasks to queue
[2026-05-16T13:35:01.008+0000] {logging_mixin.py:188} INFO - [2026-05-16T13:35:01.008+0000] {dagbag.py:545} INFO - Filling up the DagBag from /home/airflow/.local/lib/python3.12/site-packages/airflow/example_dags/example_sensors.py
[2026-05-16T13:35:01.012+0000] {processor.py:840} INFO - DAG(s) 'example_sensors' retrieved from /home/airflow/.local/lib/python3.12/site-packages/airflow/example_dags/example_sensors.py
[2026-05-16T13:35:01.020+0000] {logging_mixin.py:188} INFO - [2026-05-16T13:35:01.020+0000] {dag.py:3089} INFO - Sync 1 DAGs
[2026-05-16T13:35:01.025+0000] {logging_mixin.py:188} INFO - [2026-05-16T13:35:01.024+0000] {dag.py:3947} INFO - Setting next_dagrun for example_sensors to None, run_after=None
[2026-05-16T13:35:01.029+0000] {processor.py:183} INFO - Processing /home/airflow/.local/lib/python3.12/site-packages/airflow/example_dags/example_sensors.py took 0.025 seconds
[2026-05-16T13:35:31.507+0000] {processor.py:161} INFO - Started process (PID=20150) to work on /home/airflow/.local/lib/python3.12/site-packages/airflow/example_dags/example_sensors.py
[2026-05-16T13:35:31.508+0000] {processor.py:830} INFO - Processing file /home/airflow/.local/lib/python3.12/site-packages/airflow/example_dags/example_sensors.py for tasks to queue
[2026-05-16T13:35:31.508+0000] {logging_mixin.py:188} INFO - [2026-05-16T13:35:31.508+0000] {dagbag.py:545} INFO - Filling up the DagBag from /home/airflow/.local/lib/python3.12/site-packages/airflow/example_dags/example_sensors.py
[2026-05-16T13:35:31.512+0000] {processor.py:840} INFO - DAG(s) 'example_sensors' retrieved from /home/airflow/.local/lib/python3.12/site-packages/airflow/example_dags/example_sensors.py
[2026-05-16T13:35:31.521+0000] {logging_mixin.py:188} INFO - [2026-05-16T13:35:31.520+0000] {dag.py:3089} INFO - Sync 1 DAGs
[2026-05-16T13:35:31.525+0000] {logging_mixin.py:188} INFO - [2026-05-16T13:35:31.525+0000] {dag.py:3947} INFO - Setting next_dagrun for example_sensors to None, run_after=None
[2026-05-16T13:35:31.531+0000] {processor.py:183} INFO - Processing /home/airflow/.local/lib/python3.12/site-packages/airflow/example_dags/example_sensors.py took 0.025 seconds
[2026-05-16T13:36:01.931+0000] {processor.py:161} INFO - Started process (PID=20212) to work on /home/airflow/.local/lib/python3.12/site-packages/airflow/example_dags/example_sensors.py
[2026-05-16T13:36:01.932+0000] {processor.py:830} INFO - Processing file /home/airflow/.local/lib/python3.12/site-packages/airflow/example_dags/example_sensors.py for tasks to queue
[2026-05-16T13:36:01.932+0000] {logging_mixin.py:188} INFO - [2026-05-16T13:36:01.932+0000] {dagbag.py:545} INFO - Filling up the DagBag from /home/airflow/.local/lib/python3.12/site-packages/airflow/example_dags/example_sensors.py
[2026-05-16T13:36:01.936+0000] {processor.py:840} INFO - DAG(s) 'example_sensors' retrieved from /home/airflow/.local/lib/python3.12/site-packages/airflow/example_dags/example_sensors.py
[2026-05-16T13:36:01.948+0000] {logging_mixin.py:188} INFO - [2026-05-16T13:36:01.947+0000] {dag.py:3089} INFO - Sync 1 DAGs
[2026-05-16T13:36:01.952+0000] {logging_mixin.py:188} INFO - [2026-05-16T13:36:01.952+0000] {dag.py:3947} INFO - Setting next_dagrun for example_sensors to None, run_after=None
[2026-05-16T13:36:01.959+0000] {processor.py:183} INFO - Processing /home/airflow/.local/lib/python3.12/site-packages/airflow/example_dags/example_sensors.py took 0.030 seconds
[2026-05-16T13:36:32.196+0000] {processor.py:161} INFO - Started process (PID=20274) to work on /home/airflow/.local/lib/python3.12/site-packages/airflow/example_dags/example_sensors.py
[2026-05-16T13:36:32.197+0000] {processor.py:830} INFO - Processing file /home/airflow/.local/lib/python3.12/site-packages/airflow/example_dags/example_sensors.py for tasks to queue
[2026-05-16T13:36:32.197+0000] {logging_mixin.py:188} INFO - [2026-05-16T13:36:32.197+0000] {dagbag.py:545} INFO - Filling up the DagBag from /home/airflow/.local/lib/python3.12/site-packages/airflow/example_dags/example_sensors.py
[2026-05-16T13:36:32.201+0000] {processor.py:840} INFO - DAG(s) 'example_sensors' retrieved from /home/airflow/.local/lib/python3.12/site-packages/airflow/example_dags/example_sensors.py
[2026-05-16T13:36:32.211+0000] {logging_mixin.py:188} INFO - [2026-05-16T13:36:32.211+0000] {dag.py:3089} INFO - Sync 1 DAGs
[2026-05-16T13:36:32.217+0000] {logging_mixin.py:188} INFO - [2026-05-16T13:36:32.216+0000] {dag.py:3947} INFO - Setting next_dagrun for example_sensors to None, run_after=None
[2026-05-16T13:36:32.221+0000] {processor.py:183} INFO - Processing /home/airflow/.local/lib/python3.12/site-packages/airflow/example_dags/example_sensors.py took 0.029 seconds
[2026-05-16T13:37:02.602+0000] {processor.py:161} INFO - Started process (PID=20336) to work on /home/airflow/.local/lib/python3.12/site-packages/airflow/example_dags/example_sensors.py
[2026-05-16T13:37:02.602+0000] {processor.py:830} INFO - Processing file /home/airflow/.local/lib/python3.12/site-packages/airflow/example_dags/example_sensors.py for tasks to queue
[2026-05-16T13:37:02.602+0000] {logging_mixin.py:188} INFO - [2026-05-16T13:37:02.602+0000] {dagbag.py:545} INFO - Filling up the DagBag from /home/airflow/.local/lib/python3.12/site-packages/airflow/example_dags/example_sensors.py
[2026-05-16T13:37:02.606+0000] {processor.py:840} INFO - DAG(s) 'example_sensors' retrieved from /home/airflow/.local/lib/python3.12/site-packages/airflow/example_dags/example_sensors.py
[2026-05-16T13:37:02.615+0000] {logging_mixin.py:188} INFO - [2026-05-16T13:37:02.615+0000] {dag.py:3089} INFO - Sync 1 DAGs
[2026-05-16T13:37:02.619+0000] {logging_mixin.py:188} INFO - [2026-05-16T13:37:02.619+0000] {dag.py:3947} INFO - Setting next_dagrun for example_sensors to None, run_after=None
[2026-05-16T13:37:02.624+0000] {processor.py:183} INFO - Processing /home/airflow/.local/lib/python3.12/site-packages/airflow/example_dags/example_sensors.py took 0.025 seconds
[2026-05-16T13:37:33.054+0000] {processor.py:161} INFO - Started process (PID=20398) to work on /home/airflow/.local/lib/python3.12/site-packages/airflow/example_dags/example_sensors.py
[2026-05-16T13:37:33.054+0000] {processor.py:830} INFO - Processing file /home/airflow/.local/lib/python3.12/site-packages/airflow/example_dags/example_sensors.py for tasks to queue
[2026-05-16T13:37:33.055+0000] {logging_mixin.py:188} INFO - [2026-05-16T13:37:33.054+0000] {dagbag.py:545} INFO - Filling up the DagBag from /home/airflow/.local/lib/python3.12/site-packages/airflow/example_dags/example_sensors.py
[2026-05-16T13:37:33.059+0000] {processor.py:840} INFO - DAG(s) 'example_sensors' retrieved from /home/airflow/.local/lib/python3.12/site-packages/airflow/example_dags/example_sensors.py
[2026-05-16T13:37:33.071+0000] {logging_mixin.py:188} INFO - [2026-05-16T13:37:33.071+0000] {dag.py:3089} INFO - Sync 1 DAGs
[2026-05-16T13:37:33.075+0000] {logging_mixin.py:188} INFO - [2026-05-16T13:37:33.075+0000] {dag.py:3947} INFO - Setting next_dagrun for example_sensors to None, run_after=None
[2026-05-16T13:37:33.080+0000] {processor.py:183} INFO - Processing /home/airflow/.local/lib/python3.12/site-packages/airflow/example_dags/example_sensors.py took 0.028 seconds
[2026-05-16T13:38:03.415+0000] {processor.py:161} INFO - Started process (PID=20460) to work on /home/airflow/.local/lib/python3.12/site-packages/airflow/example_dags/example_sensors.py
[2026-05-16T13:38:03.415+0000] {processor.py:830} INFO - Processing file /home/airflow/.local/lib/python3.12/site-packages/airflow/example_dags/example_sensors.py for tasks to queue
[2026-05-16T13:38:03.416+0000] {logging_mixin.py:188} INFO - [2026-05-16T13:38:03.416+0000] {dagbag.py:545} INFO - Filling up the DagBag from /home/airflow/.local/lib/python3.12/site-packages/airflow/example_dags/example_sensors.py
[2026-05-16T13:38:03.419+0000] {processor.py:840} INFO - DAG(s) 'example_sensors' retrieved from /home/airflow/.local/lib/python3.12/site-packages/airflow/example_dags/example_sensors.py
[2026-05-16T13:38:03.428+0000] {logging_mixin.py:188} INFO - [2026-05-16T13:38:03.428+0000] {dag.py:3089} INFO - Sync 1 DAGs
[2026-05-16T13:38:03.432+0000] {logging_mixin.py:188} INFO - [2026-05-16T13:38:03.432+0000] {dag.py:3947} INFO - Setting next_dagrun for example_sensors to None, run_after=None
[2026-05-16T13:38:03.441+0000] {processor.py:183} INFO - Processing /home/airflow/.local/lib/python3.12/site-packages/airflow/example_dags/example_sensors.py took 0.028 seconds
[2026-05-16T13:38:33.886+0000] {processor.py:161} INFO - Started process (PID=20522) to work on /home/airflow/.local/lib/python3.12/site-packages/airflow/example_dags/example_sensors.py
[2026-05-16T13:38:33.886+0000] {processor.py:830} INFO - Processing file /home/airflow/.local/lib/python3.12/site-packages/airflow/example_dags/example_sensors.py for tasks to queue
[2026-05-16T13:38:33.887+0000] {logging_mixin.py:188} INFO - [2026-05-16T13:38:33.887+0000] {dagbag.py:545} INFO - Filling up the DagBag from /home/airflow/.local/lib/python3.12/site-packages/airflow/example_dags/example_sensors.py
[2026-05-16T13:38:33.891+0000] {processor.py:840} INFO - DAG(s) 'example_sensors' retrieved from /home/airflow/.local/lib/python3.12/site-packages/airflow/example_dags/example_sensors.py
[2026-05-16T13:38:33.900+0000] {logging_mixin.py:188} INFO - [2026-05-16T13:38:33.900+0000] {dag.py:3089} INFO - Sync 1 DAGs
[2026-05-16T13:38:33.905+0000] {logging_mixin.py:188} INFO - [2026-05-16T13:38:33.905+0000] {dag.py:3947} INFO - Setting next_dagrun for example_sensors to None, run_after=None
[2026-05-16T13:38:33.911+0000] {processor.py:183} INFO - Processing /home/airflow/.local/lib/python3.12/site-packages/airflow/example_dags/example_sensors.py took 0.027 seconds
[2026-05-16T13:39:04.321+0000] {processor.py:161} INFO - Started process (PID=20584) to work on /home/airflow/.local/lib/python3.12/site-packages/airflow/example_dags/example_sensors.py
[2026-05-16T13:39:04.321+0000] {processor.py:830} INFO - Processing file /home/airflow/.local/lib/python3.12/site-packages/airflow/example_dags/example_sensors.py for tasks to queue
[2026-05-16T13:39:04.321+0000] {logging_mixin.py:188} INFO - [2026-05-16T13:39:04.321+0000] {dagbag.py:545} INFO - Filling up the DagBag from /home/airflow/.local/lib/python3.12/site-packages/airflow/example_dags/example_sensors.py
[2026-05-16T13:39:04.325+0000] {processor.py:840} INFO - DAG(s) 'example_sensors' retrieved from /home/airflow/.local/lib/python3.12/site-packages/airflow/example_dags/example_sensors.py
[2026-05-16T13:39:04.333+0000] {logging_mixin.py:188} INFO - [2026-05-16T13:39:04.333+0000] {dag.py:3089} INFO - Sync 1 DAGs
[2026-05-16T13:39:04.337+0000] {logging_mixin.py:188} INFO - [2026-05-16T13:39:04.337+0000] {dag.py:3947} INFO - Setting next_dagrun for example_sensors to None, run_after=None
[2026-05-16T13:39:04.342+0000] {processor.py:183} INFO - Processing /home/airflow/.local/lib/python3.12/site-packages/airflow/example_dags/example_sensors.py took 0.023 seconds
[2026-05-16T13:39:34.660+0000] {processor.py:161} INFO - Started process (PID=20647) to work on /home/airflow/.local/lib/python3.12/site-packages/airflow/example_dags/example_sensors.py
[2026-05-16T13:39:34.661+0000] {processor.py:830} INFO - Processing file /home/airflow/.local/lib/python3.12/site-packages/airflow/example_dags/example_sensors.py for tasks to queue
[2026-05-16T13:39:34.661+0000] {logging_mixin.py:188} INFO - [2026-05-16T13:39:34.661+0000] {dagbag.py:545} INFO - Filling up the DagBag from /home/airflow/.local/lib/python3.12/site-packages/airflow/example_dags/example_sensors.py
[2026-05-16T13:39:34.664+0000] {processor.py:840} INFO - DAG(s) 'example_sensors' retrieved from /home/airflow/.local/lib/python3.12/site-packages/airflow/example_dags/example_sensors.py
[2026-05-16T13:39:34.672+0000] {logging_mixin.py:188} INFO - [2026-05-16T13:39:34.672+0000] {dag.py:3089} INFO - Sync 1 DAGs
[2026-05-16T13:39:34.676+0000] {logging_mixin.py:188} INFO - [2026-05-16T13:39:34.676+0000] {dag.py:3947} INFO - Setting next_dagrun for example_sensors to None, run_after=None
[2026-05-16T13:39:34.681+0000] {processor.py:183} INFO - Processing /home/airflow/.local/lib/python3.12/site-packages/airflow/example_dags/example_sensors.py took 0.023 seconds
[2026-05-16T13:40:05.029+0000] {processor.py:161} INFO - Started process (PID=20709) to work on /home/airflow/.local/lib/python3.12/site-packages/airflow/example_dags/example_sensors.py
[2026-05-16T13:40:05.029+0000] {processor.py:830} INFO - Processing file /home/airflow/.local/lib/python3.12/site-packages/airflow/example_dags/example_sensors.py for tasks to queue
[2026-05-16T13:40:05.030+0000] {logging_mixin.py:188} INFO - [2026-05-16T13:40:05.029+0000] {dagbag.py:545} INFO - Filling up the DagBag from /home/airflow/.local/lib/python3.12/site-packages/airflow/example_dags/example_sensors.py
[2026-05-16T13:40:05.033+0000] {processor.py:840} INFO - DAG(s) 'example_sensors' retrieved from /home/airflow/.local/lib/python3.12/site-packages/airflow/example_dags/example_sensors.py
[2026-05-16T13:40:05.040+0000] {logging_mixin.py:188} INFO - [2026-05-16T13:40:05.040+0000] {dag.py:3089} INFO - Sync 1 DAGs
[2026-05-16T13:40:05.044+0000] {logging_mixin.py:188} INFO - [2026-05-16T13:40:05.044+0000] {dag.py:3947} INFO - Setting next_dagrun for example_sensors to None, run_after=None
[2026-05-16T13:40:05.049+0000] {processor.py:183} INFO - Processing /home/airflow/.local/lib/python3.12/site-packages/airflow/example_dags/example_sensors.py took 0.022 seconds
[2026-05-16T13:40:35.336+0000] {processor.py:161} INFO - Started process (PID=20771) to work on /home/airflow/.local/lib/python3.12/site-packages/airflow/example_dags/example_sensors.py
[2026-05-16T13:40:35.337+0000] {processor.py:830} INFO - Processing file /home/airflow/.local/lib/python3.12/site-packages/airflow/example_dags/example_sensors.py for tasks to queue
[2026-05-16T13:40:35.338+0000] {logging_mixin.py:188} INFO - [2026-05-16T13:40:35.337+0000] {dagbag.py:545} INFO - Filling up the DagBag from /home/airflow/.local/lib/python3.12/site-packages/airflow/example_dags/example_sensors.py
[2026-05-16T13:40:35.341+0000] {processor.py:840} INFO - DAG(s) 'example_sensors' retrieved from /home/airflow/.local/lib/python3.12/site-packages/airflow/example_dags/example_sensors.py
[2026-05-16T13:40:35.348+0000] {logging_mixin.py:188} INFO - [2026-05-16T13:40:35.348+0000] {dag.py:3089} INFO - Sync 1 DAGs
[2026-05-16T13:40:35.352+0000] {logging_mixin.py:188} INFO - [2026-05-16T13:40:35.352+0000] {dag.py:3947} INFO - Setting next_dagrun for example_sensors to None, run_after=None
[2026-05-16T13:40:35.357+0000] {processor.py:183} INFO - Processing /home/airflow/.local/lib/python3.12/site-packages/airflow/example_dags/example_sensors.py took 0.023 seconds
[2026-05-16T13:41:05.757+0000] {processor.py:161} INFO - Started process (PID=20832) to work on /home/airflow/.local/lib/python3.12/site-packages/airflow/example_dags/example_sensors.py
[2026-05-16T13:41:05.757+0000] {processor.py:830} INFO - Processing file /home/airflow/.local/lib/python3.12/site-packages/airflow/example_dags/example_sensors.py for tasks to queue
[2026-05-16T13:41:05.757+0000] {logging_mixin.py:188} INFO - [2026-05-16T13:41:05.757+0000] {dagbag.py:545} INFO - Filling up the DagBag from /home/airflow/.local/lib/python3.12/site-packages/airflow/example_dags/example_sensors.py
[2026-05-16T13:41:05.761+0000] {processor.py:840} INFO - DAG(s) 'example_sensors' retrieved from /home/airflow/.local/lib/python3.12/site-packages/airflow/example_dags/example_sensors.py
[2026-05-16T13:41:05.769+0000] {logging_mixin.py:188} INFO - [2026-05-16T13:41:05.769+0000] {dag.py:3089} INFO - Sync 1 DAGs
[2026-05-16T13:41:05.773+0000] {logging_mixin.py:188} INFO - [2026-05-16T13:41:05.773+0000] {dag.py:3947} INFO - Setting next_dagrun for example_sensors to None, run_after=None
[2026-05-16T13:41:05.779+0000] {processor.py:183} INFO - Processing /home/airflow/.local/lib/python3.12/site-packages/airflow/example_dags/example_sensors.py took 0.024 seconds
[2026-05-16T13:41:36.177+0000] {processor.py:161} INFO - Started process (PID=20894) to work on /home/airflow/.local/lib/python3.12/site-packages/airflow/example_dags/example_sensors.py
[2026-05-16T13:41:36.178+0000] {processor.py:830} INFO - Processing file /home/airflow/.local/lib/python3.12/site-packages/airflow/example_dags/example_sensors.py for tasks to queue
[2026-05-16T13:41:36.178+0000] {logging_mixin.py:188} INFO - [2026-05-16T13:41:36.178+0000] {dagbag.py:545} INFO - Filling up the DagBag from /home/airflow/.local/lib/python3.12/site-packages/airflow/example_dags/example_sensors.py
[2026-05-16T13:41:36.182+0000] {processor.py:840} INFO - DAG(s) 'example_sensors' retrieved from /home/airflow/.local/lib/python3.12/site-packages/airflow/example_dags/example_sensors.py
[2026-05-16T13:41:36.190+0000] {logging_mixin.py:188} INFO - [2026-05-16T13:41:36.189+0000] {dag.py:3089} INFO - Sync 1 DAGs
[2026-05-16T13:41:36.194+0000] {logging_mixin.py:188} INFO - [2026-05-16T13:41:36.193+0000] {dag.py:3947} INFO - Setting next_dagrun for example_sensors to None, run_after=None
[2026-05-16T13:41:36.198+0000] {processor.py:183} INFO - Processing /home/airflow/.local/lib/python3.12/site-packages/airflow/example_dags/example_sensors.py took 0.023 seconds
[2026-05-16T13:42:06.551+0000] {processor.py:161} INFO - Started process (PID=20955) to work on /home/airflow/.local/lib/python3.12/site-packages/airflow/example_dags/example_sensors.py
[2026-05-16T13:42:06.552+0000] {processor.py:830} INFO - Processing file /home/airflow/.local/lib/python3.12/site-packages/airflow/example_dags/example_sensors.py for tasks to queue
[2026-05-16T13:42:06.552+0000] {logging_mixin.py:188} INFO - [2026-05-16T13:42:06.552+0000] {dagbag.py:545} INFO - Filling up the DagBag from /home/airflow/.local/lib/python3.12/site-packages/airflow/example_dags/example_sensors.py
[2026-05-16T13:42:06.555+0000] {processor.py:840} INFO - DAG(s) 'example_sensors' retrieved from /home/airflow/.local/lib/python3.12/site-packages/airflow/example_dags/example_sensors.py
[2026-05-16T13:42:06.564+0000] {logging_mixin.py:188} INFO - [2026-05-16T13:42:06.564+0000] {dag.py:3089} INFO - Sync 1 DAGs
[2026-05-16T13:42:06.568+0000] {logging_mixin.py:188} INFO - [2026-05-16T13:42:06.568+0000] {dag.py:3947} INFO - Setting next_dagrun for example_sensors to None, run_after=None
[2026-05-16T13:42:06.575+0000] {processor.py:183} INFO - Processing /home/airflow/.local/lib/python3.12/site-packages/airflow/example_dags/example_sensors.py took 0.026 seconds
[2026-05-16T13:42:36.888+0000] {processor.py:161} INFO - Started process (PID=21017) to work on /home/airflow/.local/lib/python3.12/site-packages/airflow/example_dags/example_sensors.py
[2026-05-16T13:42:36.888+0000] {processor.py:830} INFO - Processing file /home/airflow/.local/lib/python3.12/site-packages/airflow/example_dags/example_sensors.py for tasks to queue
[2026-05-16T13:42:36.888+0000] {logging_mixin.py:188} INFO - [2026-05-16T13:42:36.888+0000] {dagbag.py:545} INFO - Filling up the DagBag from /home/airflow/.local/lib/python3.12/site-packages/airflow/example_dags/example_sensors.py
[2026-05-16T13:42:36.892+0000] {processor.py:840} INFO - DAG(s) 'example_sensors' retrieved from /home/airflow/.local/lib/python3.12/site-packages/airflow/example_dags/example_sensors.py
[2026-05-16T13:42:36.900+0000] {logging_mixin.py:188} INFO - [2026-05-16T13:42:36.900+0000] {dag.py:3089} INFO - Sync 1 DAGs
[2026-05-16T13:42:36.904+0000] {logging_mixin.py:188} INFO - [2026-05-16T13:42:36.904+0000] {dag.py:3947} INFO - Setting next_dagrun for example_sensors to None, run_after=None
[2026-05-16T13:42:36.908+0000] {processor.py:183} INFO - Processing /home/airflow/.local/lib/python3.12/site-packages/airflow/example_dags/example_sensors.py took 0.023 seconds
[2026-05-16T13:43:07.280+0000] {processor.py:161} INFO - Started process (PID=21079) to work on /home/airflow/.local/lib/python3.12/site-packages/airflow/example_dags/example_sensors.py
[2026-05-16T13:43:07.281+0000] {processor.py:830} INFO - Processing file /home/airflow/.local/lib/python3.12/site-packages/airflow/example_dags/example_sensors.py for tasks to queue
[2026-05-16T13:43:07.281+0000] {logging_mixin.py:188} INFO - [2026-05-16T13:43:07.281+0000] {dagbag.py:545} INFO - Filling up the DagBag from /home/airflow/.local/lib/python3.12/site-packages/airflow/example_dags/example_sensors.py
[2026-05-16T13:43:07.285+0000] {processor.py:840} INFO - DAG(s) 'example_sensors' retrieved from /home/airflow/.local/lib/python3.12/site-packages/airflow/example_dags/example_sensors.py
[2026-05-16T13:43:07.294+0000] {logging_mixin.py:188} INFO - [2026-05-16T13:43:07.294+0000] {dag.py:3089} INFO - Sync 1 DAGs
[2026-05-16T13:43:07.299+0000] {logging_mixin.py:188} INFO - [2026-05-16T13:43:07.298+0000] {dag.py:3947} INFO - Setting next_dagrun for example_sensors to None, run_after=None
[2026-05-16T13:43:07.303+0000] {processor.py:183} INFO - Processing /home/airflow/.local/lib/python3.12/site-packages/airflow/example_dags/example_sensors.py took 0.026 seconds
[2026-05-16T13:43:37.635+0000] {processor.py:161} INFO - Started process (PID=21142) to work on /home/airflow/.local/lib/python3.12/site-packages/airflow/example_dags/example_sensors.py
[2026-05-16T13:43:37.635+0000] {processor.py:830} INFO - Processing file /home/airflow/.local/lib/python3.12/site-packages/airflow/example_dags/example_sensors.py for tasks to queue
[2026-05-16T13:43:37.635+0000] {logging_mixin.py:188} INFO - [2026-05-16T13:43:37.635+0000] {dagbag.py:545} INFO - Filling up the DagBag from /home/airflow/.local/lib/python3.12/site-packages/airflow/example_dags/example_sensors.py
[2026-05-16T13:43:37.639+0000] {processor.py:840} INFO - DAG(s) 'example_sensors' retrieved from /home/airflow/.local/lib/python3.12/site-packages/airflow/example_dags/example_sensors.py
[2026-05-16T13:43:37.647+0000] {logging_mixin.py:188} INFO - [2026-05-16T13:43:37.647+0000] {dag.py:3089} INFO - Sync 1 DAGs
[2026-05-16T13:43:37.651+0000] {logging_mixin.py:188} INFO - [2026-05-16T13:43:37.651+0000] {dag.py:3947} INFO - Setting next_dagrun for example_sensors to None, run_after=None
[2026-05-16T13:43:37.656+0000] {processor.py:183} INFO - Processing /home/airflow/.local/lib/python3.12/site-packages/airflow/example_dags/example_sensors.py took 0.024 seconds
[2026-05-16T13:44:08.037+0000] {processor.py:161} INFO - Started process (PID=21203) to work on /home/airflow/.local/lib/python3.12/site-packages/airflow/example_dags/example_sensors.py
[2026-05-16T13:44:08.037+0000] {processor.py:830} INFO - Processing file /home/airflow/.local/lib/python3.12/site-packages/airflow/example_dags/example_sensors.py for tasks to queue
[2026-05-16T13:44:08.037+0000] {logging_mixin.py:188} INFO - [2026-05-16T13:44:08.037+0000] {dagbag.py:545} INFO - Filling up the DagBag from /home/airflow/.local/lib/python3.12/site-packages/airflow/example_dags/example_sensors.py
[2026-05-16T13:44:08.041+0000] {processor.py:840} INFO - DAG(s) 'example_sensors' retrieved from /home/airflow/.local/lib/python3.12/site-packages/airflow/example_dags/example_sensors.py
[2026-05-16T13:44:08.049+0000] {logging_mixin.py:188} INFO - [2026-05-16T13:44:08.049+0000] {dag.py:3089} INFO - Sync 1 DAGs
[2026-05-16T13:44:08.053+0000] {logging_mixin.py:188} INFO - [2026-05-16T13:44:08.053+0000] {dag.py:3947} INFO - Setting next_dagrun for example_sensors to None, run_after=None
[2026-05-16T13:44:08.058+0000] {processor.py:183} INFO - Processing /home/airflow/.local/lib/python3.12/site-packages/airflow/example_dags/example_sensors.py took 0.026 seconds
[2026-05-16T13:44:38.300+0000] {processor.py:161} INFO - Started process (PID=21265) to work on /home/airflow/.local/lib/python3.12/site-packages/airflow/example_dags/example_sensors.py
[2026-05-16T13:44:38.301+0000] {processor.py:830} INFO - Processing file /home/airflow/.local/lib/python3.12/site-packages/airflow/example_dags/example_sensors.py for tasks to queue
[2026-05-16T13:44:38.301+0000] {logging_mixin.py:188} INFO - [2026-05-16T13:44:38.301+0000] {dagbag.py:545} INFO - Filling up the DagBag from /home/airflow/.local/lib/python3.12/site-packages/airflow/example_dags/example_sensors.py
[2026-05-16T13:44:38.305+0000] {processor.py:840} INFO - DAG(s) 'example_sensors' retrieved from /home/airflow/.local/lib/python3.12/site-packages/airflow/example_dags/example_sensors.py
[2026-05-16T13:44:38.312+0000] {logging_mixin.py:188} INFO - [2026-05-16T13:44:38.312+0000] {dag.py:3089} INFO - Sync 1 DAGs
[2026-05-16T13:44:38.316+0000] {logging_mixin.py:188} INFO - [2026-05-16T13:44:38.316+0000] {dag.py:3947} INFO - Setting next_dagrun for example_sensors to None, run_after=None
[2026-05-16T13:44:38.321+0000] {processor.py:183} INFO - Processing /home/airflow/.local/lib/python3.12/site-packages/airflow/example_dags/example_sensors.py took 0.022 seconds
[2026-05-16T13:45:08.649+0000] {processor.py:161} INFO - Started process (PID=21327) to work on /home/airflow/.local/lib/python3.12/site-packages/airflow/example_dags/example_sensors.py
[2026-05-16T13:45:08.650+0000] {processor.py:830} INFO - Processing file /home/airflow/.local/lib/python3.12/site-packages/airflow/example_dags/example_sensors.py for tasks to queue
[2026-05-16T13:45:08.650+0000] {logging_mixin.py:188} INFO - [2026-05-16T13:45:08.650+0000] {dagbag.py:545} INFO - Filling up the DagBag from /home/airflow/.local/lib/python3.12/site-packages/airflow/example_dags/example_sensors.py
[2026-05-16T13:45:08.654+0000] {processor.py:840} INFO - DAG(s) 'example_sensors' retrieved from /home/airflow/.local/lib/python3.12/site-packages/airflow/example_dags/example_sensors.py
[2026-05-16T13:45:08.662+0000] {logging_mixin.py:188} INFO - [2026-05-16T13:45:08.662+0000] {dag.py:3089} INFO - Sync 1 DAGs
[2026-05-16T13:45:08.667+0000] {logging_mixin.py:188} INFO - [2026-05-16T13:45:08.667+0000] {dag.py:3947} INFO - Setting next_dagrun for example_sensors to None, run_after=None
[2026-05-16T13:45:08.671+0000] {processor.py:183} INFO - Processing /home/airflow/.local/lib/python3.12/site-packages/airflow/example_dags/example_sensors.py took 0.024 seconds
[2026-05-16T13:45:38.992+0000] {processor.py:161} INFO - Started process (PID=21388) to work on /home/airflow/.local/lib/python3.12/site-packages/airflow/example_dags/example_sensors.py
[2026-05-16T13:45:38.993+0000] {processor.py:830} INFO - Processing file /home/airflow/.local/lib/python3.12/site-packages/airflow/example_dags/example_sensors.py for tasks to queue
[2026-05-16T13:45:38.993+0000] {logging_mixin.py:188} INFO - [2026-05-16T13:45:38.993+0000] {dagbag.py:545} INFO - Filling up the DagBag from /home/airflow/.local/lib/python3.12/site-packages/airflow/example_dags/example_sensors.py
[2026-05-16T13:45:38.996+0000] {processor.py:840} INFO - DAG(s) 'example_sensors' retrieved from /home/airflow/.local/lib/python3.12/site-packages/airflow/example_dags/example_sensors.py
[2026-05-16T13:45:39.004+0000] {logging_mixin.py:188} INFO - [2026-05-16T13:45:39.004+0000] {dag.py:3089} INFO - Sync 1 DAGs
[2026-05-16T13:45:39.008+0000] {logging_mixin.py:188} INFO - [2026-05-16T13:45:39.008+0000] {dag.py:3947} INFO - Setting next_dagrun for example_sensors to None, run_after=None
[2026-05-16T13:45:39.013+0000] {processor.py:183} INFO - Processing /home/airflow/.local/lib/python3.12/site-packages/airflow/example_dags/example_sensors.py took 0.023 seconds
[2026-05-16T13:46:09.310+0000] {processor.py:161} INFO - Started process (PID=21450) to work on /home/airflow/.local/lib/python3.12/site-packages/airflow/example_dags/example_sensors.py
[2026-05-16T13:46:09.311+0000] {processor.py:830} INFO - Processing file /home/airflow/.local/lib/python3.12/site-packages/airflow/example_dags/example_sensors.py for tasks to queue
[2026-05-16T13:46:09.311+0000] {logging_mixin.py:188} INFO - [2026-05-16T13:46:09.311+0000] {dagbag.py:545} INFO - Filling up the DagBag from /home/airflow/.local/lib/python3.12/site-packages/airflow/example_dags/example_sensors.py
[2026-05-16T13:46:09.314+0000] {processor.py:840} INFO - DAG(s) 'example_sensors' retrieved from /home/airflow/.local/lib/python3.12/site-packages/airflow/example_dags/example_sensors.py
[2026-05-16T13:46:09.322+0000] {logging_mixin.py:188} INFO - [2026-05-16T13:46:09.322+0000] {dag.py:3089} INFO - Sync 1 DAGs
[2026-05-16T13:46:09.326+0000] {logging_mixin.py:188} INFO - [2026-05-16T13:46:09.326+0000] {dag.py:3947} INFO - Setting next_dagrun for example_sensors to None, run_after=None
[2026-05-16T13:46:09.331+0000] {processor.py:183} INFO - Processing /home/airflow/.local/lib/python3.12/site-packages/airflow/example_dags/example_sensors.py took 0.023 seconds
[2026-05-16T13:46:39.668+0000] {processor.py:161} INFO - Started process (PID=21511) to work on /home/airflow/.local/lib/python3.12/site-packages/airflow/example_dags/example_sensors.py
[2026-05-16T13:46:39.669+0000] {processor.py:830} INFO - Processing file /home/airflow/.local/lib/python3.12/site-packages/airflow/example_dags/example_sensors.py for tasks to queue
[2026-05-16T13:46:39.669+0000] {logging_mixin.py:188} INFO - [2026-05-16T13:46:39.669+0000] {dagbag.py:545} INFO - Filling up the DagBag from /home/airflow/.local/lib/python3.12/site-packages/airflow/example_dags/example_sensors.py
[2026-05-16T13:46:39.672+0000] {processor.py:840} INFO - DAG(s) 'example_sensors' retrieved from /home/airflow/.local/lib/python3.12/site-packages/airflow/example_dags/example_sensors.py
[2026-05-16T13:46:39.680+0000] {logging_mixin.py:188} INFO - [2026-05-16T13:46:39.680+0000] {dag.py:3089} INFO - Sync 1 DAGs
[2026-05-16T13:46:39.685+0000] {logging_mixin.py:188} INFO - [2026-05-16T13:46:39.685+0000] {dag.py:3947} INFO - Setting next_dagrun for example_sensors to None, run_after=None
[2026-05-16T13:46:39.690+0000] {processor.py:183} INFO - Processing /home/airflow/.local/lib/python3.12/site-packages/airflow/example_dags/example_sensors.py took 0.024 seconds
[2026-05-16T13:47:10.006+0000] {processor.py:161} INFO - Started process (PID=21573) to work on /home/airflow/.local/lib/python3.12/site-packages/airflow/example_dags/example_sensors.py
[2026-05-16T13:47:10.007+0000] {processor.py:830} INFO - Processing file /home/airflow/.local/lib/python3.12/site-packages/airflow/example_dags/example_sensors.py for tasks to queue
[2026-05-16T13:47:10.007+0000] {logging_mixin.py:188} INFO - [2026-05-16T13:47:10.007+0000] {dagbag.py:545} INFO - Filling up the DagBag from /home/airflow/.local/lib/python3.12/site-packages/airflow/example_dags/example_sensors.py
[2026-05-16T13:47:10.011+0000] {processor.py:840} INFO - DAG(s) 'example_sensors' retrieved from /home/airflow/.local/lib/python3.12/site-packages/airflow/example_dags/example_sensors.py
[2026-05-16T13:47:10.020+0000] {logging_mixin.py:188} INFO - [2026-05-16T13:47:10.020+0000] {dag.py:3089} INFO - Sync 1 DAGs
[2026-05-16T13:47:10.025+0000] {logging_mixin.py:188} INFO - [2026-05-16T13:47:10.025+0000] {dag.py:3947} INFO - Setting next_dagrun for example_sensors to None, run_after=None
[2026-05-16T13:47:10.030+0000] {processor.py:183} INFO - Processing /home/airflow/.local/lib/python3.12/site-packages/airflow/example_dags/example_sensors.py took 0.026 seconds
[2026-05-16T13:47:40.357+0000] {processor.py:161} INFO - Started process (PID=21635) to work on /home/airflow/.local/lib/python3.12/site-packages/airflow/example_dags/example_sensors.py
[2026-05-16T13:47:40.358+0000] {processor.py:830} INFO - Processing file /home/airflow/.local/lib/python3.12/site-packages/airflow/example_dags/example_sensors.py for tasks to queue
[2026-05-16T13:47:40.358+0000] {logging_mixin.py:188} INFO - [2026-05-16T13:47:40.358+0000] {dagbag.py:545} INFO - Filling up the DagBag from /home/airflow/.local/lib/python3.12/site-packages/airflow/example_dags/example_sensors.py
[2026-05-16T13:47:40.361+0000] {processor.py:840} INFO - DAG(s) 'example_sensors' retrieved from /home/airflow/.local/lib/python3.12/site-packages/airflow/example_dags/example_sensors.py
[2026-05-16T13:47:40.370+0000] {logging_mixin.py:188} INFO - [2026-05-16T13:47:40.370+0000] {dag.py:3089} INFO - Sync 1 DAGs
[2026-05-16T13:47:40.374+0000] {logging_mixin.py:188} INFO - [2026-05-16T13:47:40.374+0000] {dag.py:3947} INFO - Setting next_dagrun for example_sensors to None, run_after=None
[2026-05-16T13:47:40.379+0000] {processor.py:183} INFO - Processing /home/airflow/.local/lib/python3.12/site-packages/airflow/example_dags/example_sensors.py took 0.024 seconds
[2026-05-16T13:48:10.711+0000] {processor.py:161} INFO - Started process (PID=21697) to work on /home/airflow/.local/lib/python3.12/site-packages/airflow/example_dags/example_sensors.py
[2026-05-16T13:48:10.711+0000] {processor.py:830} INFO - Processing file /home/airflow/.local/lib/python3.12/site-packages/airflow/example_dags/example_sensors.py for tasks to queue
[2026-05-16T13:48:10.711+0000] {logging_mixin.py:188} INFO - [2026-05-16T13:48:10.711+0000] {dagbag.py:545} INFO - Filling up the DagBag from /home/airflow/.local/lib/python3.12/site-packages/airflow/example_dags/example_sensors.py
[2026-05-16T13:48:10.715+0000] {processor.py:840} INFO - DAG(s) 'example_sensors' retrieved from /home/airflow/.local/lib/python3.12/site-packages/airflow/example_dags/example_sensors.py
[2026-05-16T13:48:10.727+0000] {logging_mixin.py:188} INFO - [2026-05-16T13:48:10.727+0000] {dag.py:3089} INFO - Sync 1 DAGs
[2026-05-16T13:48:10.734+0000] {logging_mixin.py:188} INFO - [2026-05-16T13:48:10.734+0000] {dag.py:3947} INFO - Setting next_dagrun for example_sensors to None, run_after=None
[2026-05-16T13:48:10.741+0000] {processor.py:183} INFO - Processing /home/airflow/.local/lib/python3.12/site-packages/airflow/example_dags/example_sensors.py took 0.033 seconds
[2026-05-16T13:48:41.071+0000] {processor.py:161} INFO - Started process (PID=21759) to work on /home/airflow/.local/lib/python3.12/site-packages/airflow/example_dags/example_sensors.py
[2026-05-16T13:48:41.071+0000] {processor.py:830} INFO - Processing file /home/airflow/.local/lib/python3.12/site-packages/airflow/example_dags/example_sensors.py for tasks to queue
[2026-05-16T13:48:41.071+0000] {logging_mixin.py:188} INFO - [2026-05-16T13:48:41.071+0000] {dagbag.py:545} INFO - Filling up the DagBag from /home/airflow/.local/lib/python3.12/site-packages/airflow/example_dags/example_sensors.py
[2026-05-16T13:48:41.075+0000] {processor.py:840} INFO - DAG(s) 'example_sensors' retrieved from /home/airflow/.local/lib/python3.12/site-packages/airflow/example_dags/example_sensors.py
[2026-05-16T13:48:41.084+0000] {logging_mixin.py:188} INFO - [2026-05-16T13:48:41.084+0000] {dag.py:3089} INFO - Sync 1 DAGs
[2026-05-16T13:48:41.088+0000] {logging_mixin.py:188} INFO - [2026-05-16T13:48:41.088+0000] {dag.py:3947} INFO - Setting next_dagrun for example_sensors to None, run_after=None
[2026-05-16T13:48:41.094+0000] {processor.py:183} INFO - Processing /home/airflow/.local/lib/python3.12/site-packages/airflow/example_dags/example_sensors.py took 0.026 seconds
[2026-05-16T13:49:11.424+0000] {processor.py:161} INFO - Started process (PID=21821) to work on /home/airflow/.local/lib/python3.12/site-packages/airflow/example_dags/example_sensors.py
[2026-05-16T13:49:11.425+0000] {processor.py:830} INFO - Processing file /home/airflow/.local/lib/python3.12/site-packages/airflow/example_dags/example_sensors.py for tasks to queue
[2026-05-16T13:49:11.425+0000] {logging_mixin.py:188} INFO - [2026-05-16T13:49:11.425+0000] {dagbag.py:545} INFO - Filling up the DagBag from /home/airflow/.local/lib/python3.12/site-packages/airflow/example_dags/example_sensors.py
[2026-05-16T13:49:11.428+0000] {processor.py:840} INFO - DAG(s) 'example_sensors' retrieved from /home/airflow/.local/lib/python3.12/site-packages/airflow/example_dags/example_sensors.py
[2026-05-16T13:49:11.437+0000] {logging_mixin.py:188} INFO - [2026-05-16T13:49:11.437+0000] {dag.py:3089} INFO - Sync 1 DAGs
[2026-05-16T13:49:11.441+0000] {logging_mixin.py:188} INFO - [2026-05-16T13:49:11.441+0000] {dag.py:3947} INFO - Setting next_dagrun for example_sensors to None, run_after=None
[2026-05-16T13:49:11.447+0000] {processor.py:183} INFO - Processing /home/airflow/.local/lib/python3.12/site-packages/airflow/example_dags/example_sensors.py took 0.025 seconds
[2026-05-16T13:49:41.737+0000] {processor.py:161} INFO - Started process (PID=21882) to work on /home/airflow/.local/lib/python3.12/site-packages/airflow/example_dags/example_sensors.py
[2026-05-16T13:49:41.738+0000] {processor.py:830} INFO - Processing file /home/airflow/.local/lib/python3.12/site-packages/airflow/example_dags/example_sensors.py for tasks to queue
[2026-05-16T13:49:41.738+0000] {logging_mixin.py:188} INFO - [2026-05-16T13:49:41.738+0000] {dagbag.py:545} INFO - Filling up the DagBag from /home/airflow/.local/lib/python3.12/site-packages/airflow/example_dags/example_sensors.py
[2026-05-16T13:49:41.742+0000] {processor.py:840} INFO - DAG(s) 'example_sensors' retrieved from /home/airflow/.local/lib/python3.12/site-packages/airflow/example_dags/example_sensors.py
[2026-05-16T13:49:41.753+0000] {logging_mixin.py:188} INFO - [2026-05-16T13:49:41.753+0000] {dag.py:3089} INFO - Sync 1 DAGs
[2026-05-16T13:49:41.757+0000] {logging_mixin.py:188} INFO - [2026-05-16T13:49:41.757+0000] {dag.py:3947} INFO - Setting next_dagrun for example_sensors to None, run_after=None
[2026-05-16T13:49:41.762+0000] {processor.py:183} INFO - Processing /home/airflow/.local/lib/python3.12/site-packages/airflow/example_dags/example_sensors.py took 0.029 seconds
[2026-05-16T13:50:12.040+0000] {processor.py:161} INFO - Started process (PID=21944) to work on /home/airflow/.local/lib/python3.12/site-packages/airflow/example_dags/example_sensors.py
[2026-05-16T13:50:12.040+0000] {processor.py:830} INFO - Processing file /home/airflow/.local/lib/python3.12/site-packages/airflow/example_dags/example_sensors.py for tasks to queue
[2026-05-16T13:50:12.040+0000] {logging_mixin.py:188} INFO - [2026-05-16T13:50:12.040+0000] {dagbag.py:545} INFO - Filling up the DagBag from /home/airflow/.local/lib/python3.12/site-packages/airflow/example_dags/example_sensors.py
[2026-05-16T13:50:12.044+0000] {processor.py:840} INFO - DAG(s) 'example_sensors' retrieved from /home/airflow/.local/lib/python3.12/site-packages/airflow/example_dags/example_sensors.py
[2026-05-16T13:50:12.054+0000] {logging_mixin.py:188} INFO - [2026-05-16T13:50:12.054+0000] {dag.py:3089} INFO - Sync 1 DAGs
[2026-05-16T13:50:12.058+0000] {logging_mixin.py:188} INFO - [2026-05-16T13:50:12.058+0000] {dag.py:3947} INFO - Setting next_dagrun for example_sensors to None, run_after=None
[2026-05-16T13:50:12.063+0000] {processor.py:183} INFO - Processing /home/airflow/.local/lib/python3.12/site-packages/airflow/example_dags/example_sensors.py took 0.025 seconds
[2026-05-16T13:50:42.378+0000] {processor.py:161} INFO - Started process (PID=22007) to work on /home/airflow/.local/lib/python3.12/site-packages/airflow/example_dags/example_sensors.py
[2026-05-16T13:50:42.378+0000] {processor.py:830} INFO - Processing file /home/airflow/.local/lib/python3.12/site-packages/airflow/example_dags/example_sensors.py for tasks to queue
[2026-05-16T13:50:42.378+0000] {logging_mixin.py:188} INFO - [2026-05-16T13:50:42.378+0000] {dagbag.py:545} INFO - Filling up the DagBag from /home/airflow/.local/lib/python3.12/site-packages/airflow/example_dags/example_sensors.py
[2026-05-16T13:50:42.382+0000] {processor.py:840} INFO - DAG(s) 'example_sensors' retrieved from /home/airflow/.local/lib/python3.12/site-packages/airflow/example_dags/example_sensors.py
[2026-05-16T13:50:42.390+0000] {logging_mixin.py:188} INFO - [2026-05-16T13:50:42.390+0000] {dag.py:3089} INFO - Sync 1 DAGs
[2026-05-16T13:50:42.395+0000] {logging_mixin.py:188} INFO - [2026-05-16T13:50:42.394+0000] {dag.py:3947} INFO - Setting next_dagrun for example_sensors to None, run_after=None
[2026-05-16T13:50:42.399+0000] {processor.py:183} INFO - Processing /home/airflow/.local/lib/python3.12/site-packages/airflow/example_dags/example_sensors.py took 0.024 seconds
[2026-05-16T13:51:12.686+0000] {processor.py:161} INFO - Started process (PID=22069) to work on /home/airflow/.local/lib/python3.12/site-packages/airflow/example_dags/example_sensors.py
[2026-05-16T13:51:12.686+0000] {processor.py:830} INFO - Processing file /home/airflow/.local/lib/python3.12/site-packages/airflow/example_dags/example_sensors.py for tasks to queue
[2026-05-16T13:51:12.686+0000] {logging_mixin.py:188} INFO - [2026-05-16T13:51:12.686+0000] {dagbag.py:545} INFO - Filling up the DagBag from /home/airflow/.local/lib/python3.12/site-packages/airflow/example_dags/example_sensors.py
[2026-05-16T13:51:12.690+0000] {processor.py:840} INFO - DAG(s) 'example_sensors' retrieved from /home/airflow/.local/lib/python3.12/site-packages/airflow/example_dags/example_sensors.py
[2026-05-16T13:51:12.699+0000] {logging_mixin.py:188} INFO - [2026-05-16T13:51:12.699+0000] {dag.py:3089} INFO - Sync 1 DAGs
[2026-05-16T13:51:12.703+0000] {logging_mixin.py:188} INFO - [2026-05-16T13:51:12.703+0000] {dag.py:3947} INFO - Setting next_dagrun for example_sensors to None, run_after=None
[2026-05-16T13:51:12.707+0000] {processor.py:183} INFO - Processing /home/airflow/.local/lib/python3.12/site-packages/airflow/example_dags/example_sensors.py took 0.024 seconds
[2026-05-16T13:51:43.081+0000] {processor.py:161} INFO - Started process (PID=22131) to work on /home/airflow/.local/lib/python3.12/site-packages/airflow/example_dags/example_sensors.py
[2026-05-16T13:51:43.082+0000] {processor.py:830} INFO - Processing file /home/airflow/.local/lib/python3.12/site-packages/airflow/example_dags/example_sensors.py for tasks to queue
[2026-05-16T13:51:43.082+0000] {logging_mixin.py:188} INFO - [2026-05-16T13:51:43.082+0000] {dagbag.py:545} INFO - Filling up the DagBag from /home/airflow/.local/lib/python3.12/site-packages/airflow/example_dags/example_sensors.py
[2026-05-16T13:51:43.086+0000] {processor.py:840} INFO - DAG(s) 'example_sensors' retrieved from /home/airflow/.local/lib/python3.12/site-packages/airflow/example_dags/example_sensors.py
[2026-05-16T13:51:43.096+0000] {logging_mixin.py:188} INFO - [2026-05-16T13:51:43.096+0000] {dag.py:3089} INFO - Sync 1 DAGs
[2026-05-16T13:51:43.101+0000] {logging_mixin.py:188} INFO - [2026-05-16T13:51:43.101+0000] {dag.py:3947} INFO - Setting next_dagrun for example_sensors to None, run_after=None
[2026-05-16T13:51:43.106+0000] {processor.py:183} INFO - Processing /home/airflow/.local/lib/python3.12/site-packages/airflow/example_dags/example_sensors.py took 0.027 seconds
[2026-05-16T13:52:13.641+0000] {processor.py:161} INFO - Started process (PID=22192) to work on /home/airflow/.local/lib/python3.12/site-packages/airflow/example_dags/example_sensors.py
[2026-05-16T13:52:13.641+0000] {processor.py:830} INFO - Processing file /home/airflow/.local/lib/python3.12/site-packages/airflow/example_dags/example_sensors.py for tasks to queue
[2026-05-16T13:52:13.641+0000] {logging_mixin.py:188} INFO - [2026-05-16T13:52:13.641+0000] {dagbag.py:545} INFO - Filling up the DagBag from /home/airflow/.local/lib/python3.12/site-packages/airflow/example_dags/example_sensors.py
[2026-05-16T13:52:13.645+0000] {processor.py:840} INFO - DAG(s) 'example_sensors' retrieved from /home/airflow/.local/lib/python3.12/site-packages/airflow/example_dags/example_sensors.py
[2026-05-16T13:52:13.654+0000] {logging_mixin.py:188} INFO - [2026-05-16T13:52:13.654+0000] {dag.py:3089} INFO - Sync 1 DAGs
[2026-05-16T13:52:13.659+0000] {logging_mixin.py:188} INFO - [2026-05-16T13:52:13.659+0000] {dag.py:3947} INFO - Setting next_dagrun for example_sensors to None, run_after=None
[2026-05-16T13:52:13.664+0000] {processor.py:183} INFO - Processing /home/airflow/.local/lib/python3.12/site-packages/airflow/example_dags/example_sensors.py took 0.026 seconds
[2026-05-16T13:52:44.365+0000] {processor.py:161} INFO - Started process (PID=22254) to work on /home/airflow/.local/lib/python3.12/site-packages/airflow/example_dags/example_sensors.py
[2026-05-16T13:52:44.365+0000] {processor.py:830} INFO - Processing file /home/airflow/.local/lib/python3.12/site-packages/airflow/example_dags/example_sensors.py for tasks to queue
[2026-05-16T13:52:44.367+0000] {logging_mixin.py:188} INFO - [2026-05-16T13:52:44.365+0000] {dagbag.py:545} INFO - Filling up the DagBag from /home/airflow/.local/lib/python3.12/site-packages/airflow/example_dags/example_sensors.py
[2026-05-16T13:52:44.371+0000] {processor.py:840} INFO - DAG(s) 'example_sensors' retrieved from /home/airflow/.local/lib/python3.12/site-packages/airflow/example_dags/example_sensors.py
[2026-05-16T13:52:44.380+0000] {logging_mixin.py:188} INFO - [2026-05-16T13:52:44.380+0000] {dag.py:3089} INFO - Sync 1 DAGs
[2026-05-16T13:52:44.384+0000] {logging_mixin.py:188} INFO - [2026-05-16T13:52:44.384+0000] {dag.py:3947} INFO - Setting next_dagrun for example_sensors to None, run_after=None
[2026-05-16T13:52:44.389+0000] {processor.py:183} INFO - Processing /home/airflow/.local/lib/python3.12/site-packages/airflow/example_dags/example_sensors.py took 0.026 seconds
[2026-05-16T13:53:15.109+0000] {processor.py:161} INFO - Started process (PID=22316) to work on /home/airflow/.local/lib/python3.12/site-packages/airflow/example_dags/example_sensors.py
[2026-05-16T13:53:15.109+0000] {processor.py:830} INFO - Processing file /home/airflow/.local/lib/python3.12/site-packages/airflow/example_dags/example_sensors.py for tasks to queue
[2026-05-16T13:53:15.109+0000] {logging_mixin.py:188} INFO - [2026-05-16T13:53:15.109+0000] {dagbag.py:545} INFO - Filling up the DagBag from /home/airflow/.local/lib/python3.12/site-packages/airflow/example_dags/example_sensors.py
[2026-05-16T13:53:15.113+0000] {processor.py:840} INFO - DAG(s) 'example_sensors' retrieved from /home/airflow/.local/lib/python3.12/site-packages/airflow/example_dags/example_sensors.py
[2026-05-16T13:53:15.122+0000] {logging_mixin.py:188} INFO - [2026-05-16T13:53:15.122+0000] {dag.py:3089} INFO - Sync 1 DAGs
[2026-05-16T13:53:15.127+0000] {logging_mixin.py:188} INFO - [2026-05-16T13:53:15.127+0000] {dag.py:3947} INFO - Setting next_dagrun for example_sensors to None, run_after=None
[2026-05-16T13:53:15.132+0000] {processor.py:183} INFO - Processing /home/airflow/.local/lib/python3.12/site-packages/airflow/example_dags/example_sensors.py took 0.026 seconds
[2026-05-16T13:53:45.701+0000] {processor.py:161} INFO - Started process (PID=22377) to work on /home/airflow/.local/lib/python3.12/site-packages/airflow/example_dags/example_sensors.py
[2026-05-16T13:53:45.702+0000] {processor.py:830} INFO - Processing file /home/airflow/.local/lib/python3.12/site-packages/airflow/example_dags/example_sensors.py for tasks to queue
[2026-05-16T13:53:45.702+0000] {logging_mixin.py:188} INFO - [2026-05-16T13:53:45.702+0000] {dagbag.py:545} INFO - Filling up the DagBag from /home/airflow/.local/lib/python3.12/site-packages/airflow/example_dags/example_sensors.py
[2026-05-16T13:53:45.709+0000] {processor.py:840} INFO - DAG(s) 'example_sensors' retrieved from /home/airflow/.local/lib/python3.12/site-packages/airflow/example_dags/example_sensors.py
[2026-05-16T13:53:45.730+0000] {logging_mixin.py:188} INFO - [2026-05-16T13:53:45.730+0000] {dag.py:3089} INFO - Sync 1 DAGs
[2026-05-16T13:53:45.736+0000] {logging_mixin.py:188} INFO - [2026-05-16T13:53:45.736+0000] {dag.py:3947} INFO - Setting next_dagrun for example_sensors to None, run_after=None
[2026-05-16T13:53:45.744+0000] {processor.py:183} INFO - Processing /home/airflow/.local/lib/python3.12/site-packages/airflow/example_dags/example_sensors.py took 0.048 seconds
[2026-05-16T13:54:16.257+0000] {processor.py:161} INFO - Started process (PID=22440) to work on /home/airflow/.local/lib/python3.12/site-packages/airflow/example_dags/example_sensors.py
[2026-05-16T13:54:16.258+0000] {processor.py:830} INFO - Processing file /home/airflow/.local/lib/python3.12/site-packages/airflow/example_dags/example_sensors.py for tasks to queue
[2026-05-16T13:54:16.258+0000] {logging_mixin.py:188} INFO - [2026-05-16T13:54:16.258+0000] {dagbag.py:545} INFO - Filling up the DagBag from /home/airflow/.local/lib/python3.12/site-packages/airflow/example_dags/example_sensors.py
[2026-05-16T13:54:16.261+0000] {processor.py:840} INFO - DAG(s) 'example_sensors' retrieved from /home/airflow/.local/lib/python3.12/site-packages/airflow/example_dags/example_sensors.py
[2026-05-16T13:54:16.269+0000] {logging_mixin.py:188} INFO - [2026-05-16T13:54:16.269+0000] {dag.py:3089} INFO - Sync 1 DAGs
[2026-05-16T13:54:16.273+0000] {logging_mixin.py:188} INFO - [2026-05-16T13:54:16.273+0000] {dag.py:3947} INFO - Setting next_dagrun for example_sensors to None, run_after=None
[2026-05-16T13:54:16.278+0000] {processor.py:183} INFO - Processing /home/airflow/.local/lib/python3.12/site-packages/airflow/example_dags/example_sensors.py took 0.023 seconds
[2026-05-16T13:54:46.631+0000] {processor.py:161} INFO - Started process (PID=22502) to work on /home/airflow/.local/lib/python3.12/site-packages/airflow/example_dags/example_sensors.py
[2026-05-16T13:54:46.631+0000] {processor.py:830} INFO - Processing file /home/airflow/.local/lib/python3.12/site-packages/airflow/example_dags/example_sensors.py for tasks to queue
[2026-05-16T13:54:46.631+0000] {logging_mixin.py:188} INFO - [2026-05-16T13:54:46.631+0000] {dagbag.py:545} INFO - Filling up the DagBag from /home/airflow/.local/lib/python3.12/site-packages/airflow/example_dags/example_sensors.py
[2026-05-16T13:54:46.637+0000] {processor.py:840} INFO - DAG(s) 'example_sensors' retrieved from /home/airflow/.local/lib/python3.12/site-packages/airflow/example_dags/example_sensors.py
[2026-05-16T13:54:46.650+0000] {logging_mixin.py:188} INFO - [2026-05-16T13:54:46.650+0000] {dag.py:3089} INFO - Sync 1 DAGs
[2026-05-16T13:54:46.656+0000] {logging_mixin.py:188} INFO - [2026-05-16T13:54:46.655+0000] {dag.py:3947} INFO - Setting next_dagrun for example_sensors to None, run_after=None
[2026-05-16T13:54:46.664+0000] {processor.py:183} INFO - Processing /home/airflow/.local/lib/python3.12/site-packages/airflow/example_dags/example_sensors.py took 0.036 seconds
[2026-05-16T13:55:17.248+0000] {processor.py:161} INFO - Started process (PID=22564) to work on /home/airflow/.local/lib/python3.12/site-packages/airflow/example_dags/example_sensors.py
[2026-05-16T13:55:17.248+0000] {processor.py:830} INFO - Processing file /home/airflow/.local/lib/python3.12/site-packages/airflow/example_dags/example_sensors.py for tasks to queue
[2026-05-16T13:55:17.249+0000] {logging_mixin.py:188} INFO - [2026-05-16T13:55:17.248+0000] {dagbag.py:545} INFO - Filling up the DagBag from /home/airflow/.local/lib/python3.12/site-packages/airflow/example_dags/example_sensors.py
[2026-05-16T13:55:17.253+0000] {processor.py:840} INFO - DAG(s) 'example_sensors' retrieved from /home/airflow/.local/lib/python3.12/site-packages/airflow/example_dags/example_sensors.py
[2026-05-16T13:55:17.266+0000] {logging_mixin.py:188} INFO - [2026-05-16T13:55:17.266+0000] {dag.py:3089} INFO - Sync 1 DAGs
[2026-05-16T13:55:17.271+0000] {logging_mixin.py:188} INFO - [2026-05-16T13:55:17.271+0000] {dag.py:3947} INFO - Setting next_dagrun for example_sensors to None, run_after=None
[2026-05-16T13:55:17.277+0000] {processor.py:183} INFO - Processing /home/airflow/.local/lib/python3.12/site-packages/airflow/example_dags/example_sensors.py took 0.032 seconds
[2026-05-16T13:55:47.682+0000] {processor.py:161} INFO - Started process (PID=22626) to work on /home/airflow/.local/lib/python3.12/site-packages/airflow/example_dags/example_sensors.py
[2026-05-16T13:55:47.683+0000] {processor.py:830} INFO - Processing file /home/airflow/.local/lib/python3.12/site-packages/airflow/example_dags/example_sensors.py for tasks to queue
[2026-05-16T13:55:47.683+0000] {logging_mixin.py:188} INFO - [2026-05-16T13:55:47.683+0000] {dagbag.py:545} INFO - Filling up the DagBag from /home/airflow/.local/lib/python3.12/site-packages/airflow/example_dags/example_sensors.py
[2026-05-16T13:55:47.688+0000] {processor.py:840} INFO - DAG(s) 'example_sensors' retrieved from /home/airflow/.local/lib/python3.12/site-packages/airflow/example_dags/example_sensors.py
[2026-05-16T13:55:47.701+0000] {logging_mixin.py:188} INFO - [2026-05-16T13:55:47.701+0000] {dag.py:3089} INFO - Sync 1 DAGs
[2026-05-16T13:55:47.708+0000] {logging_mixin.py:188} INFO - [2026-05-16T13:55:47.708+0000] {dag.py:3947} INFO - Setting next_dagrun for example_sensors to None, run_after=None
[2026-05-16T13:55:47.717+0000] {processor.py:183} INFO - Processing /home/airflow/.local/lib/python3.12/site-packages/airflow/example_dags/example_sensors.py took 0.038 seconds
[2026-05-16T13:56:18.102+0000] {processor.py:161} INFO - Started process (PID=22688) to work on /home/airflow/.local/lib/python3.12/site-packages/airflow/example_dags/example_sensors.py
[2026-05-16T13:56:18.103+0000] {processor.py:830} INFO - Processing file /home/airflow/.local/lib/python3.12/site-packages/airflow/example_dags/example_sensors.py for tasks to queue
[2026-05-16T13:56:18.103+0000] {logging_mixin.py:188} INFO - [2026-05-16T13:56:18.103+0000] {dagbag.py:545} INFO - Filling up the DagBag from /home/airflow/.local/lib/python3.12/site-packages/airflow/example_dags/example_sensors.py
[2026-05-16T13:56:18.106+0000] {processor.py:840} INFO - DAG(s) 'example_sensors' retrieved from /home/airflow/.local/lib/python3.12/site-packages/airflow/example_dags/example_sensors.py
[2026-05-16T13:56:18.115+0000] {logging_mixin.py:188} INFO - [2026-05-16T13:56:18.115+0000] {dag.py:3089} INFO - Sync 1 DAGs
[2026-05-16T13:56:18.119+0000] {logging_mixin.py:188} INFO - [2026-05-16T13:56:18.119+0000] {dag.py:3947} INFO - Setting next_dagrun for example_sensors to None, run_after=None
[2026-05-16T13:56:18.124+0000] {processor.py:183} INFO - Processing /home/airflow/.local/lib/python3.12/site-packages/airflow/example_dags/example_sensors.py took 0.024 seconds
[2026-05-16T13:56:48.590+0000] {processor.py:161} INFO - Started process (PID=22750) to work on /home/airflow/.local/lib/python3.12/site-packages/airflow/example_dags/example_sensors.py
[2026-05-16T13:56:48.591+0000] {processor.py:830} INFO - Processing file /home/airflow/.local/lib/python3.12/site-packages/airflow/example_dags/example_sensors.py for tasks to queue
[2026-05-16T13:56:48.591+0000] {logging_mixin.py:188} INFO - [2026-05-16T13:56:48.591+0000] {dagbag.py:545} INFO - Filling up the DagBag from /home/airflow/.local/lib/python3.12/site-packages/airflow/example_dags/example_sensors.py
[2026-05-16T13:56:48.596+0000] {processor.py:840} INFO - DAG(s) 'example_sensors' retrieved from /home/airflow/.local/lib/python3.12/site-packages/airflow/example_dags/example_sensors.py
[2026-05-16T13:56:48.608+0000] {logging_mixin.py:188} INFO - [2026-05-16T13:56:48.608+0000] {dag.py:3089} INFO - Sync 1 DAGs
[2026-05-16T13:56:48.613+0000] {logging_mixin.py:188} INFO - [2026-05-16T13:56:48.613+0000] {dag.py:3947} INFO - Setting next_dagrun for example_sensors to None, run_after=None
[2026-05-16T13:56:48.618+0000] {processor.py:183} INFO - Processing /home/airflow/.local/lib/python3.12/site-packages/airflow/example_dags/example_sensors.py took 0.030 seconds
[2026-05-16T13:57:18.953+0000] {processor.py:161} INFO - Started process (PID=22812) to work on /home/airflow/.local/lib/python3.12/site-packages/airflow/example_dags/example_sensors.py
[2026-05-16T13:57:18.953+0000] {processor.py:830} INFO - Processing file /home/airflow/.local/lib/python3.12/site-packages/airflow/example_dags/example_sensors.py for tasks to queue
[2026-05-16T13:57:18.953+0000] {logging_mixin.py:188} INFO - [2026-05-16T13:57:18.953+0000] {dagbag.py:545} INFO - Filling up the DagBag from /home/airflow/.local/lib/python3.12/site-packages/airflow/example_dags/example_sensors.py
[2026-05-16T13:57:18.957+0000] {processor.py:840} INFO - DAG(s) 'example_sensors' retrieved from /home/airflow/.local/lib/python3.12/site-packages/airflow/example_dags/example_sensors.py
[2026-05-16T13:57:18.965+0000] {logging_mixin.py:188} INFO - [2026-05-16T13:57:18.965+0000] {dag.py:3089} INFO - Sync 1 DAGs
[2026-05-16T13:57:18.969+0000] {logging_mixin.py:188} INFO - [2026-05-16T13:57:18.969+0000] {dag.py:3947} INFO - Setting next_dagrun for example_sensors to None, run_after=None
[2026-05-16T13:57:18.974+0000] {processor.py:183} INFO - Processing /home/airflow/.local/lib/python3.12/site-packages/airflow/example_dags/example_sensors.py took 0.023 seconds
[2026-05-16T13:57:49.363+0000] {processor.py:161} INFO - Started process (PID=22874) to work on /home/airflow/.local/lib/python3.12/site-packages/airflow/example_dags/example_sensors.py
[2026-05-16T13:57:49.364+0000] {processor.py:830} INFO - Processing file /home/airflow/.local/lib/python3.12/site-packages/airflow/example_dags/example_sensors.py for tasks to queue
[2026-05-16T13:57:49.364+0000] {logging_mixin.py:188} INFO - [2026-05-16T13:57:49.364+0000] {dagbag.py:545} INFO - Filling up the DagBag from /home/airflow/.local/lib/python3.12/site-packages/airflow/example_dags/example_sensors.py
[2026-05-16T13:57:49.369+0000] {processor.py:840} INFO - DAG(s) 'example_sensors' retrieved from /home/airflow/.local/lib/python3.12/site-packages/airflow/example_dags/example_sensors.py
[2026-05-16T13:57:49.384+0000] {logging_mixin.py:188} INFO - [2026-05-16T13:57:49.384+0000] {dag.py:3089} INFO - Sync 1 DAGs
[2026-05-16T13:57:49.390+0000] {logging_mixin.py:188} INFO - [2026-05-16T13:57:49.390+0000] {dag.py:3947} INFO - Setting next_dagrun for example_sensors to None, run_after=None
[2026-05-16T13:57:49.395+0000] {processor.py:183} INFO - Processing /home/airflow/.local/lib/python3.12/site-packages/airflow/example_dags/example_sensors.py took 0.036 seconds
[2026-05-16T13:58:19.751+0000] {processor.py:161} INFO - Started process (PID=22937) to work on /home/airflow/.local/lib/python3.12/site-packages/airflow/example_dags/example_sensors.py
[2026-05-16T13:58:19.752+0000] {processor.py:830} INFO - Processing file /home/airflow/.local/lib/python3.12/site-packages/airflow/example_dags/example_sensors.py for tasks to queue
[2026-05-16T13:58:19.752+0000] {logging_mixin.py:188} INFO - [2026-05-16T13:58:19.752+0000] {dagbag.py:545} INFO - Filling up the DagBag from /home/airflow/.local/lib/python3.12/site-packages/airflow/example_dags/example_sensors.py
[2026-05-16T13:58:19.756+0000] {processor.py:840} INFO - DAG(s) 'example_sensors' retrieved from /home/airflow/.local/lib/python3.12/site-packages/airflow/example_dags/example_sensors.py
[2026-05-16T13:58:19.765+0000] {logging_mixin.py:188} INFO - [2026-05-16T13:58:19.765+0000] {dag.py:3089} INFO - Sync 1 DAGs
[2026-05-16T13:58:19.770+0000] {logging_mixin.py:188} INFO - [2026-05-16T13:58:19.769+0000] {dag.py:3947} INFO - Setting next_dagrun for example_sensors to None, run_after=None
[2026-05-16T13:58:19.774+0000] {processor.py:183} INFO - Processing /home/airflow/.local/lib/python3.12/site-packages/airflow/example_dags/example_sensors.py took 0.025 seconds
[2026-05-16T13:58:50.146+0000] {processor.py:161} INFO - Started process (PID=22998) to work on /home/airflow/.local/lib/python3.12/site-packages/airflow/example_dags/example_sensors.py
[2026-05-16T13:58:50.147+0000] {processor.py:830} INFO - Processing file /home/airflow/.local/lib/python3.12/site-packages/airflow/example_dags/example_sensors.py for tasks to queue
[2026-05-16T13:58:50.147+0000] {logging_mixin.py:188} INFO - [2026-05-16T13:58:50.147+0000] {dagbag.py:545} INFO - Filling up the DagBag from /home/airflow/.local/lib/python3.12/site-packages/airflow/example_dags/example_sensors.py
[2026-05-16T13:58:50.150+0000] {processor.py:840} INFO - DAG(s) 'example_sensors' retrieved from /home/airflow/.local/lib/python3.12/site-packages/airflow/example_dags/example_sensors.py
[2026-05-16T13:58:50.158+0000] {logging_mixin.py:188} INFO - [2026-05-16T13:58:50.158+0000] {dag.py:3089} INFO - Sync 1 DAGs
[2026-05-16T13:58:50.162+0000] {logging_mixin.py:188} INFO - [2026-05-16T13:58:50.162+0000] {dag.py:3947} INFO - Setting next_dagrun for example_sensors to None, run_after=None
[2026-05-16T13:58:50.167+0000] {processor.py:183} INFO - Processing /home/airflow/.local/lib/python3.12/site-packages/airflow/example_dags/example_sensors.py took 0.023 seconds
[2026-05-16T13:59:20.570+0000] {processor.py:161} INFO - Started process (PID=23059) to work on /home/airflow/.local/lib/python3.12/site-packages/airflow/example_dags/example_sensors.py
[2026-05-16T13:59:20.571+0000] {processor.py:830} INFO - Processing file /home/airflow/.local/lib/python3.12/site-packages/airflow/example_dags/example_sensors.py for tasks to queue
[2026-05-16T13:59:20.571+0000] {logging_mixin.py:188} INFO - [2026-05-16T13:59:20.571+0000] {dagbag.py:545} INFO - Filling up the DagBag from /home/airflow/.local/lib/python3.12/site-packages/airflow/example_dags/example_sensors.py
[2026-05-16T13:59:20.575+0000] {processor.py:840} INFO - DAG(s) 'example_sensors' retrieved from /home/airflow/.local/lib/python3.12/site-packages/airflow/example_dags/example_sensors.py
[2026-05-16T13:59:20.589+0000] {logging_mixin.py:188} INFO - [2026-05-16T13:59:20.589+0000] {dag.py:3089} INFO - Sync 1 DAGs
[2026-05-16T13:59:20.595+0000] {logging_mixin.py:188} INFO - [2026-05-16T13:59:20.595+0000] {dag.py:3947} INFO - Setting next_dagrun for example_sensors to None, run_after=None
[2026-05-16T13:59:20.601+0000] {processor.py:183} INFO - Processing /home/airflow/.local/lib/python3.12/site-packages/airflow/example_dags/example_sensors.py took 0.034 seconds
[2026-05-16T13:59:51.128+0000] {processor.py:161} INFO - Started process (PID=23121) to work on /home/airflow/.local/lib/python3.12/site-packages/airflow/example_dags/example_sensors.py
[2026-05-16T13:59:51.128+0000] {processor.py:830} INFO - Processing file /home/airflow/.local/lib/python3.12/site-packages/airflow/example_dags/example_sensors.py for tasks to queue
[2026-05-16T13:59:51.128+0000] {logging_mixin.py:188} INFO - [2026-05-16T13:59:51.128+0000] {dagbag.py:545} INFO - Filling up the DagBag from /home/airflow/.local/lib/python3.12/site-packages/airflow/example_dags/example_sensors.py
[2026-05-16T13:59:51.133+0000] {processor.py:840} INFO - DAG(s) 'example_sensors' retrieved from /home/airflow/.local/lib/python3.12/site-packages/airflow/example_dags/example_sensors.py
[2026-05-16T13:59:51.142+0000] {logging_mixin.py:188} INFO - [2026-05-16T13:59:51.142+0000] {dag.py:3089} INFO - Sync 1 DAGs
[2026-05-16T13:59:51.147+0000] {logging_mixin.py:188} INFO - [2026-05-16T13:59:51.146+0000] {dag.py:3947} INFO - Setting next_dagrun for example_sensors to None, run_after=None
[2026-05-16T13:59:51.152+0000] {processor.py:183} INFO - Processing /home/airflow/.local/lib/python3.12/site-packages/airflow/example_dags/example_sensors.py took 0.027 seconds
[2026-05-16T14:00:21.571+0000] {processor.py:161} INFO - Started process (PID=23183) to work on /home/airflow/.local/lib/python3.12/site-packages/airflow/example_dags/example_sensors.py
[2026-05-16T14:00:21.572+0000] {processor.py:830} INFO - Processing file /home/airflow/.local/lib/python3.12/site-packages/airflow/example_dags/example_sensors.py for tasks to queue
[2026-05-16T14:00:21.572+0000] {logging_mixin.py:188} INFO - [2026-05-16T14:00:21.572+0000] {dagbag.py:545} INFO - Filling up the DagBag from /home/airflow/.local/lib/python3.12/site-packages/airflow/example_dags/example_sensors.py
[2026-05-16T14:00:21.575+0000] {processor.py:840} INFO - DAG(s) 'example_sensors' retrieved from /home/airflow/.local/lib/python3.12/site-packages/airflow/example_dags/example_sensors.py
[2026-05-16T14:00:21.587+0000] {logging_mixin.py:188} INFO - [2026-05-16T14:00:21.587+0000] {dag.py:3089} INFO - Sync 1 DAGs
[2026-05-16T14:00:21.592+0000] {logging_mixin.py:188} INFO - [2026-05-16T14:00:21.591+0000] {dag.py:3947} INFO - Setting next_dagrun for example_sensors to None, run_after=None
[2026-05-16T14:00:21.597+0000] {processor.py:183} INFO - Processing /home/airflow/.local/lib/python3.12/site-packages/airflow/example_dags/example_sensors.py took 0.029 seconds
[2026-05-16T14:00:51.997+0000] {processor.py:161} INFO - Started process (PID=23245) to work on /home/airflow/.local/lib/python3.12/site-packages/airflow/example_dags/example_sensors.py
[2026-05-16T14:00:51.998+0000] {processor.py:830} INFO - Processing file /home/airflow/.local/lib/python3.12/site-packages/airflow/example_dags/example_sensors.py for tasks to queue
[2026-05-16T14:00:51.998+0000] {logging_mixin.py:188} INFO - [2026-05-16T14:00:51.998+0000] {dagbag.py:545} INFO - Filling up the DagBag from /home/airflow/.local/lib/python3.12/site-packages/airflow/example_dags/example_sensors.py
[2026-05-16T14:00:52.002+0000] {processor.py:840} INFO - DAG(s) 'example_sensors' retrieved from /home/airflow/.local/lib/python3.12/site-packages/airflow/example_dags/example_sensors.py
[2026-05-16T14:00:52.010+0000] {logging_mixin.py:188} INFO - [2026-05-16T14:00:52.010+0000] {dag.py:3089} INFO - Sync 1 DAGs
[2026-05-16T14:00:52.015+0000] {logging_mixin.py:188} INFO - [2026-05-16T14:00:52.014+0000] {dag.py:3947} INFO - Setting next_dagrun for example_sensors to None, run_after=None
[2026-05-16T14:00:52.019+0000] {processor.py:183} INFO - Processing /home/airflow/.local/lib/python3.12/site-packages/airflow/example_dags/example_sensors.py took 0.024 seconds
[2026-05-16T14:01:22.434+0000] {processor.py:161} INFO - Started process (PID=23307) to work on /home/airflow/.local/lib/python3.12/site-packages/airflow/example_dags/example_sensors.py
[2026-05-16T14:01:22.434+0000] {processor.py:830} INFO - Processing file /home/airflow/.local/lib/python3.12/site-packages/airflow/example_dags/example_sensors.py for tasks to queue
[2026-05-16T14:01:22.434+0000] {logging_mixin.py:188} INFO - [2026-05-16T14:01:22.434+0000] {dagbag.py:545} INFO - Filling up the DagBag from /home/airflow/.local/lib/python3.12/site-packages/airflow/example_dags/example_sensors.py
[2026-05-16T14:01:22.438+0000] {processor.py:840} INFO - DAG(s) 'example_sensors' retrieved from /home/airflow/.local/lib/python3.12/site-packages/airflow/example_dags/example_sensors.py
[2026-05-16T14:01:22.448+0000] {logging_mixin.py:188} INFO - [2026-05-16T14:01:22.448+0000] {dag.py:3089} INFO - Sync 1 DAGs
[2026-05-16T14:01:22.453+0000] {logging_mixin.py:188} INFO - [2026-05-16T14:01:22.453+0000] {dag.py:3947} INFO - Setting next_dagrun for example_sensors to None, run_after=None
[2026-05-16T14:01:22.458+0000] {processor.py:183} INFO - Processing /home/airflow/.local/lib/python3.12/site-packages/airflow/example_dags/example_sensors.py took 0.027 seconds
[2026-05-16T14:01:52.895+0000] {processor.py:161} INFO - Started process (PID=23369) to work on /home/airflow/.local/lib/python3.12/site-packages/airflow/example_dags/example_sensors.py
[2026-05-16T14:01:52.895+0000] {processor.py:830} INFO - Processing file /home/airflow/.local/lib/python3.12/site-packages/airflow/example_dags/example_sensors.py for tasks to queue
[2026-05-16T14:01:52.895+0000] {logging_mixin.py:188} INFO - [2026-05-16T14:01:52.895+0000] {dagbag.py:545} INFO - Filling up the DagBag from /home/airflow/.local/lib/python3.12/site-packages/airflow/example_dags/example_sensors.py
[2026-05-16T14:01:52.900+0000] {processor.py:840} INFO - DAG(s) 'example_sensors' retrieved from /home/airflow/.local/lib/python3.12/site-packages/airflow/example_dags/example_sensors.py
[2026-05-16T14:01:52.908+0000] {logging_mixin.py:188} INFO - [2026-05-16T14:01:52.908+0000] {dag.py:3089} INFO - Sync 1 DAGs
[2026-05-16T14:01:52.912+0000] {logging_mixin.py:188} INFO - [2026-05-16T14:01:52.912+0000] {dag.py:3947} INFO - Setting next_dagrun for example_sensors to None, run_after=None
[2026-05-16T14:01:52.917+0000] {processor.py:183} INFO - Processing /home/airflow/.local/lib/python3.12/site-packages/airflow/example_dags/example_sensors.py took 0.025 seconds
[2026-05-16T14:02:23.248+0000] {processor.py:161} INFO - Started process (PID=23431) to work on /home/airflow/.local/lib/python3.12/site-packages/airflow/example_dags/example_sensors.py
[2026-05-16T14:02:23.249+0000] {processor.py:830} INFO - Processing file /home/airflow/.local/lib/python3.12/site-packages/airflow/example_dags/example_sensors.py for tasks to queue
[2026-05-16T14:02:23.249+0000] {logging_mixin.py:188} INFO - [2026-05-16T14:02:23.249+0000] {dagbag.py:545} INFO - Filling up the DagBag from /home/airflow/.local/lib/python3.12/site-packages/airflow/example_dags/example_sensors.py
[2026-05-16T14:02:23.253+0000] {processor.py:840} INFO - DAG(s) 'example_sensors' retrieved from /home/airflow/.local/lib/python3.12/site-packages/airflow/example_dags/example_sensors.py
[2026-05-16T14:02:23.263+0000] {logging_mixin.py:188} INFO - [2026-05-16T14:02:23.263+0000] {dag.py:3089} INFO - Sync 1 DAGs
[2026-05-16T14:02:23.267+0000] {logging_mixin.py:188} INFO - [2026-05-16T14:02:23.267+0000] {dag.py:3947} INFO - Setting next_dagrun for example_sensors to None, run_after=None
[2026-05-16T14:02:23.274+0000] {processor.py:183} INFO - Processing /home/airflow/.local/lib/python3.12/site-packages/airflow/example_dags/example_sensors.py took 0.028 seconds
[2026-05-16T14:02:53.673+0000] {processor.py:161} INFO - Started process (PID=23495) to work on /home/airflow/.local/lib/python3.12/site-packages/airflow/example_dags/example_sensors.py
[2026-05-16T14:02:53.674+0000] {processor.py:830} INFO - Processing file /home/airflow/.local/lib/python3.12/site-packages/airflow/example_dags/example_sensors.py for tasks to queue
[2026-05-16T14:02:53.674+0000] {logging_mixin.py:188} INFO - [2026-05-16T14:02:53.674+0000] {dagbag.py:545} INFO - Filling up the DagBag from /home/airflow/.local/lib/python3.12/site-packages/airflow/example_dags/example_sensors.py
[2026-05-16T14:02:53.677+0000] {processor.py:840} INFO - DAG(s) 'example_sensors' retrieved from /home/airflow/.local/lib/python3.12/site-packages/airflow/example_dags/example_sensors.py
[2026-05-16T14:02:53.686+0000] {logging_mixin.py:188} INFO - [2026-05-16T14:02:53.686+0000] {dag.py:3089} INFO - Sync 1 DAGs
[2026-05-16T14:02:53.690+0000] {logging_mixin.py:188} INFO - [2026-05-16T14:02:53.690+0000] {dag.py:3947} INFO - Setting next_dagrun for example_sensors to None, run_after=None
[2026-05-16T14:02:53.695+0000] {processor.py:183} INFO - Processing /home/airflow/.local/lib/python3.12/site-packages/airflow/example_dags/example_sensors.py took 0.024 seconds
[2026-05-16T14:03:24.278+0000] {processor.py:161} INFO - Started process (PID=23555) to work on /home/airflow/.local/lib/python3.12/site-packages/airflow/example_dags/example_sensors.py
[2026-05-16T14:03:24.278+0000] {processor.py:830} INFO - Processing file /home/airflow/.local/lib/python3.12/site-packages/airflow/example_dags/example_sensors.py for tasks to queue
[2026-05-16T14:03:24.278+0000] {logging_mixin.py:188} INFO - [2026-05-16T14:03:24.278+0000] {dagbag.py:545} INFO - Filling up the DagBag from /home/airflow/.local/lib/python3.12/site-packages/airflow/example_dags/example_sensors.py
[2026-05-16T14:03:24.282+0000] {processor.py:840} INFO - DAG(s) 'example_sensors' retrieved from /home/airflow/.local/lib/python3.12/site-packages/airflow/example_dags/example_sensors.py
[2026-05-16T14:03:24.290+0000] {logging_mixin.py:188} INFO - [2026-05-16T14:03:24.290+0000] {dag.py:3089} INFO - Sync 1 DAGs
[2026-05-16T14:03:24.294+0000] {logging_mixin.py:188} INFO - [2026-05-16T14:03:24.294+0000] {dag.py:3947} INFO - Setting next_dagrun for example_sensors to None, run_after=None
[2026-05-16T14:03:24.299+0000] {processor.py:183} INFO - Processing /home/airflow/.local/lib/python3.12/site-packages/airflow/example_dags/example_sensors.py took 0.023 seconds
[2026-05-16T14:03:55.040+0000] {processor.py:161} INFO - Started process (PID=23617) to work on /home/airflow/.local/lib/python3.12/site-packages/airflow/example_dags/example_sensors.py
[2026-05-16T14:03:55.041+0000] {processor.py:830} INFO - Processing file /home/airflow/.local/lib/python3.12/site-packages/airflow/example_dags/example_sensors.py for tasks to queue
[2026-05-16T14:03:55.041+0000] {logging_mixin.py:188} INFO - [2026-05-16T14:03:55.041+0000] {dagbag.py:545} INFO - Filling up the DagBag from /home/airflow/.local/lib/python3.12/site-packages/airflow/example_dags/example_sensors.py
[2026-05-16T14:03:55.045+0000] {processor.py:840} INFO - DAG(s) 'example_sensors' retrieved from /home/airflow/.local/lib/python3.12/site-packages/airflow/example_dags/example_sensors.py
[2026-05-16T14:03:55.054+0000] {logging_mixin.py:188} INFO - [2026-05-16T14:03:55.054+0000] {dag.py:3089} INFO - Sync 1 DAGs
[2026-05-16T14:03:55.058+0000] {logging_mixin.py:188} INFO - [2026-05-16T14:03:55.058+0000] {dag.py:3947} INFO - Setting next_dagrun for example_sensors to None, run_after=None
[2026-05-16T14:03:55.063+0000] {processor.py:183} INFO - Processing /home/airflow/.local/lib/python3.12/site-packages/airflow/example_dags/example_sensors.py took 0.025 seconds
[2026-05-16T14:04:25.810+0000] {processor.py:161} INFO - Started process (PID=23679) to work on /home/airflow/.local/lib/python3.12/site-packages/airflow/example_dags/example_sensors.py
[2026-05-16T14:04:25.810+0000] {processor.py:830} INFO - Processing file /home/airflow/.local/lib/python3.12/site-packages/airflow/example_dags/example_sensors.py for tasks to queue
[2026-05-16T14:04:25.810+0000] {logging_mixin.py:188} INFO - [2026-05-16T14:04:25.810+0000] {dagbag.py:545} INFO - Filling up the DagBag from /home/airflow/.local/lib/python3.12/site-packages/airflow/example_dags/example_sensors.py
[2026-05-16T14:04:25.815+0000] {processor.py:840} INFO - DAG(s) 'example_sensors' retrieved from /home/airflow/.local/lib/python3.12/site-packages/airflow/example_dags/example_sensors.py
[2026-05-16T14:04:25.834+0000] {logging_mixin.py:188} INFO - [2026-05-16T14:04:25.834+0000] {dag.py:3089} INFO - Sync 1 DAGs
[2026-05-16T14:04:25.843+0000] {logging_mixin.py:188} INFO - [2026-05-16T14:04:25.843+0000] {dag.py:3947} INFO - Setting next_dagrun for example_sensors to None, run_after=None
[2026-05-16T14:04:25.853+0000] {processor.py:183} INFO - Processing /home/airflow/.local/lib/python3.12/site-packages/airflow/example_dags/example_sensors.py took 0.046 seconds
[2026-05-16T14:04:56.411+0000] {processor.py:161} INFO - Started process (PID=23741) to work on /home/airflow/.local/lib/python3.12/site-packages/airflow/example_dags/example_sensors.py
[2026-05-16T14:04:56.413+0000] {processor.py:830} INFO - Processing file /home/airflow/.local/lib/python3.12/site-packages/airflow/example_dags/example_sensors.py for tasks to queue
[2026-05-16T14:04:56.416+0000] {logging_mixin.py:188} INFO - [2026-05-16T14:04:56.416+0000] {dagbag.py:545} INFO - Filling up the DagBag from /home/airflow/.local/lib/python3.12/site-packages/airflow/example_dags/example_sensors.py
[2026-05-16T14:04:56.426+0000] {processor.py:840} INFO - DAG(s) 'example_sensors' retrieved from /home/airflow/.local/lib/python3.12/site-packages/airflow/example_dags/example_sensors.py
[2026-05-16T14:04:56.453+0000] {logging_mixin.py:188} INFO - [2026-05-16T14:04:56.453+0000] {dag.py:3089} INFO - Sync 1 DAGs
[2026-05-16T14:04:56.470+0000] {logging_mixin.py:188} INFO - [2026-05-16T14:04:56.470+0000] {dag.py:3947} INFO - Setting next_dagrun for example_sensors to None, run_after=None
[2026-05-16T14:04:56.497+0000] {processor.py:183} INFO - Processing /home/airflow/.local/lib/python3.12/site-packages/airflow/example_dags/example_sensors.py took 0.094 seconds
[2026-05-16T14:05:26.841+0000] {processor.py:161} INFO - Started process (PID=23802) to work on /home/airflow/.local/lib/python3.12/site-packages/airflow/example_dags/example_sensors.py
[2026-05-16T14:05:26.841+0000] {processor.py:830} INFO - Processing file /home/airflow/.local/lib/python3.12/site-packages/airflow/example_dags/example_sensors.py for tasks to queue
[2026-05-16T14:05:26.841+0000] {logging_mixin.py:188} INFO - [2026-05-16T14:05:26.841+0000] {dagbag.py:545} INFO - Filling up the DagBag from /home/airflow/.local/lib/python3.12/site-packages/airflow/example_dags/example_sensors.py
[2026-05-16T14:05:26.845+0000] {processor.py:840} INFO - DAG(s) 'example_sensors' retrieved from /home/airflow/.local/lib/python3.12/site-packages/airflow/example_dags/example_sensors.py
[2026-05-16T14:05:26.856+0000] {logging_mixin.py:188} INFO - [2026-05-16T14:05:26.855+0000] {dag.py:3089} INFO - Sync 1 DAGs
[2026-05-16T14:05:26.860+0000] {logging_mixin.py:188} INFO - [2026-05-16T14:05:26.860+0000] {dag.py:3947} INFO - Setting next_dagrun for example_sensors to None, run_after=None
[2026-05-16T14:05:26.864+0000] {processor.py:183} INFO - Processing /home/airflow/.local/lib/python3.12/site-packages/airflow/example_dags/example_sensors.py took 0.028 seconds
[2026-05-16T14:05:57.307+0000] {processor.py:161} INFO - Started process (PID=23865) to work on /home/airflow/.local/lib/python3.12/site-packages/airflow/example_dags/example_sensors.py
[2026-05-16T14:05:57.308+0000] {processor.py:830} INFO - Processing file /home/airflow/.local/lib/python3.12/site-packages/airflow/example_dags/example_sensors.py for tasks to queue
[2026-05-16T14:05:57.308+0000] {logging_mixin.py:188} INFO - [2026-05-16T14:05:57.308+0000] {dagbag.py:545} INFO - Filling up the DagBag from /home/airflow/.local/lib/python3.12/site-packages/airflow/example_dags/example_sensors.py
[2026-05-16T14:05:57.312+0000] {processor.py:840} INFO - DAG(s) 'example_sensors' retrieved from /home/airflow/.local/lib/python3.12/site-packages/airflow/example_dags/example_sensors.py
[2026-05-16T14:05:57.320+0000] {logging_mixin.py:188} INFO - [2026-05-16T14:05:57.319+0000] {dag.py:3089} INFO - Sync 1 DAGs
[2026-05-16T14:05:57.324+0000] {logging_mixin.py:188} INFO - [2026-05-16T14:05:57.324+0000] {dag.py:3947} INFO - Setting next_dagrun for example_sensors to None, run_after=None
[2026-05-16T14:05:57.328+0000] {processor.py:183} INFO - Processing /home/airflow/.local/lib/python3.12/site-packages/airflow/example_dags/example_sensors.py took 0.023 seconds
[2026-05-16T14:06:27.689+0000] {processor.py:161} INFO - Started process (PID=23927) to work on /home/airflow/.local/lib/python3.12/site-packages/airflow/example_dags/example_sensors.py
[2026-05-16T14:06:27.689+0000] {processor.py:830} INFO - Processing file /home/airflow/.local/lib/python3.12/site-packages/airflow/example_dags/example_sensors.py for tasks to queue
[2026-05-16T14:06:27.690+0000] {logging_mixin.py:188} INFO - [2026-05-16T14:06:27.690+0000] {dagbag.py:545} INFO - Filling up the DagBag from /home/airflow/.local/lib/python3.12/site-packages/airflow/example_dags/example_sensors.py
[2026-05-16T14:06:27.694+0000] {processor.py:840} INFO - DAG(s) 'example_sensors' retrieved from /home/airflow/.local/lib/python3.12/site-packages/airflow/example_dags/example_sensors.py
[2026-05-16T14:06:27.704+0000] {logging_mixin.py:188} INFO - [2026-05-16T14:06:27.704+0000] {dag.py:3089} INFO - Sync 1 DAGs
[2026-05-16T14:06:27.709+0000] {logging_mixin.py:188} INFO - [2026-05-16T14:06:27.708+0000] {dag.py:3947} INFO - Setting next_dagrun for example_sensors to None, run_after=None
[2026-05-16T14:06:27.713+0000] {processor.py:183} INFO - Processing /home/airflow/.local/lib/python3.12/site-packages/airflow/example_dags/example_sensors.py took 0.029 seconds
[2026-05-16T14:06:58.208+0000] {processor.py:161} INFO - Started process (PID=23989) to work on /home/airflow/.local/lib/python3.12/site-packages/airflow/example_dags/example_sensors.py
[2026-05-16T14:06:58.208+0000] {processor.py:830} INFO - Processing file /home/airflow/.local/lib/python3.12/site-packages/airflow/example_dags/example_sensors.py for tasks to queue
[2026-05-16T14:06:58.209+0000] {logging_mixin.py:188} INFO - [2026-05-16T14:06:58.209+0000] {dagbag.py:545} INFO - Filling up the DagBag from /home/airflow/.local/lib/python3.12/site-packages/airflow/example_dags/example_sensors.py
[2026-05-16T14:06:58.213+0000] {processor.py:840} INFO - DAG(s) 'example_sensors' retrieved from /home/airflow/.local/lib/python3.12/site-packages/airflow/example_dags/example_sensors.py
[2026-05-16T14:06:58.224+0000] {logging_mixin.py:188} INFO - [2026-05-16T14:06:58.224+0000] {dag.py:3089} INFO - Sync 1 DAGs
[2026-05-16T14:06:58.229+0000] {logging_mixin.py:188} INFO - [2026-05-16T14:06:58.229+0000] {dag.py:3947} INFO - Setting next_dagrun for example_sensors to None, run_after=None
[2026-05-16T14:06:58.236+0000] {processor.py:183} INFO - Processing /home/airflow/.local/lib/python3.12/site-packages/airflow/example_dags/example_sensors.py took 0.033 seconds
[2026-05-16T14:07:28.643+0000] {processor.py:161} INFO - Started process (PID=24057) to work on /home/airflow/.local/lib/python3.12/site-packages/airflow/example_dags/example_sensors.py
[2026-05-16T14:07:28.643+0000] {processor.py:830} INFO - Processing file /home/airflow/.local/lib/python3.12/site-packages/airflow/example_dags/example_sensors.py for tasks to queue
[2026-05-16T14:07:28.643+0000] {logging_mixin.py:188} INFO - [2026-05-16T14:07:28.643+0000] {dagbag.py:545} INFO - Filling up the DagBag from /home/airflow/.local/lib/python3.12/site-packages/airflow/example_dags/example_sensors.py
[2026-05-16T14:07:28.647+0000] {processor.py:840} INFO - DAG(s) 'example_sensors' retrieved from /home/airflow/.local/lib/python3.12/site-packages/airflow/example_dags/example_sensors.py
[2026-05-16T14:07:28.656+0000] {logging_mixin.py:188} INFO - [2026-05-16T14:07:28.656+0000] {dag.py:3089} INFO - Sync 1 DAGs
[2026-05-16T14:07:28.660+0000] {logging_mixin.py:188} INFO - [2026-05-16T14:07:28.660+0000] {dag.py:3947} INFO - Setting next_dagrun for example_sensors to None, run_after=None
[2026-05-16T14:07:28.666+0000] {processor.py:183} INFO - Processing /home/airflow/.local/lib/python3.12/site-packages/airflow/example_dags/example_sensors.py took 0.025 seconds
[2026-05-16T14:07:59.050+0000] {processor.py:161} INFO - Started process (PID=24119) to work on /home/airflow/.local/lib/python3.12/site-packages/airflow/example_dags/example_sensors.py
[2026-05-16T14:07:59.052+0000] {processor.py:830} INFO - Processing file /home/airflow/.local/lib/python3.12/site-packages/airflow/example_dags/example_sensors.py for tasks to queue
[2026-05-16T14:07:59.054+0000] {logging_mixin.py:188} INFO - [2026-05-16T14:07:59.053+0000] {dagbag.py:545} INFO - Filling up the DagBag from /home/airflow/.local/lib/python3.12/site-packages/airflow/example_dags/example_sensors.py
[2026-05-16T14:07:59.058+0000] {processor.py:840} INFO - DAG(s) 'example_sensors' retrieved from /home/airflow/.local/lib/python3.12/site-packages/airflow/example_dags/example_sensors.py
[2026-05-16T14:07:59.067+0000] {logging_mixin.py:188} INFO - [2026-05-16T14:07:59.067+0000] {dag.py:3089} INFO - Sync 1 DAGs
[2026-05-16T14:07:59.071+0000] {logging_mixin.py:188} INFO - [2026-05-16T14:07:59.071+0000] {dag.py:3947} INFO - Setting next_dagrun for example_sensors to None, run_after=None
[2026-05-16T14:07:59.076+0000] {processor.py:183} INFO - Processing /home/airflow/.local/lib/python3.12/site-packages/airflow/example_dags/example_sensors.py took 0.028 seconds
[2026-05-16T14:08:29.432+0000] {processor.py:161} INFO - Started process (PID=24181) to work on /home/airflow/.local/lib/python3.12/site-packages/airflow/example_dags/example_sensors.py
[2026-05-16T14:08:29.433+0000] {processor.py:830} INFO - Processing file /home/airflow/.local/lib/python3.12/site-packages/airflow/example_dags/example_sensors.py for tasks to queue
[2026-05-16T14:08:29.433+0000] {logging_mixin.py:188} INFO - [2026-05-16T14:08:29.433+0000] {dagbag.py:545} INFO - Filling up the DagBag from /home/airflow/.local/lib/python3.12/site-packages/airflow/example_dags/example_sensors.py
[2026-05-16T14:08:29.437+0000] {processor.py:840} INFO - DAG(s) 'example_sensors' retrieved from /home/airflow/.local/lib/python3.12/site-packages/airflow/example_dags/example_sensors.py
[2026-05-16T14:08:29.445+0000] {logging_mixin.py:188} INFO - [2026-05-16T14:08:29.445+0000] {dag.py:3089} INFO - Sync 1 DAGs
[2026-05-16T14:08:29.449+0000] {logging_mixin.py:188} INFO - [2026-05-16T14:08:29.449+0000] {dag.py:3947} INFO - Setting next_dagrun for example_sensors to None, run_after=None
[2026-05-16T14:08:29.454+0000] {processor.py:183} INFO - Processing /home/airflow/.local/lib/python3.12/site-packages/airflow/example_dags/example_sensors.py took 0.024 seconds
[2026-05-16T14:08:59.916+0000] {processor.py:161} INFO - Started process (PID=24243) to work on /home/airflow/.local/lib/python3.12/site-packages/airflow/example_dags/example_sensors.py
[2026-05-16T14:08:59.917+0000] {processor.py:830} INFO - Processing file /home/airflow/.local/lib/python3.12/site-packages/airflow/example_dags/example_sensors.py for tasks to queue
[2026-05-16T14:08:59.917+0000] {logging_mixin.py:188} INFO - [2026-05-16T14:08:59.917+0000] {dagbag.py:545} INFO - Filling up the DagBag from /home/airflow/.local/lib/python3.12/site-packages/airflow/example_dags/example_sensors.py
[2026-05-16T14:08:59.921+0000] {processor.py:840} INFO - DAG(s) 'example_sensors' retrieved from /home/airflow/.local/lib/python3.12/site-packages/airflow/example_dags/example_sensors.py
[2026-05-16T14:08:59.929+0000] {logging_mixin.py:188} INFO - [2026-05-16T14:08:59.928+0000] {dag.py:3089} INFO - Sync 1 DAGs
[2026-05-16T14:08:59.933+0000] {logging_mixin.py:188} INFO - [2026-05-16T14:08:59.932+0000] {dag.py:3947} INFO - Setting next_dagrun for example_sensors to None, run_after=None
[2026-05-16T14:08:59.937+0000] {processor.py:183} INFO - Processing /home/airflow/.local/lib/python3.12/site-packages/airflow/example_dags/example_sensors.py took 0.023 seconds
[2026-05-16T14:09:30.530+0000] {processor.py:161} INFO - Started process (PID=24305) to work on /home/airflow/.local/lib/python3.12/site-packages/airflow/example_dags/example_sensors.py
[2026-05-16T14:09:30.531+0000] {processor.py:830} INFO - Processing file /home/airflow/.local/lib/python3.12/site-packages/airflow/example_dags/example_sensors.py for tasks to queue
[2026-05-16T14:09:30.531+0000] {logging_mixin.py:188} INFO - [2026-05-16T14:09:30.531+0000] {dagbag.py:545} INFO - Filling up the DagBag from /home/airflow/.local/lib/python3.12/site-packages/airflow/example_dags/example_sensors.py
[2026-05-16T14:09:30.535+0000] {processor.py:840} INFO - DAG(s) 'example_sensors' retrieved from /home/airflow/.local/lib/python3.12/site-packages/airflow/example_dags/example_sensors.py
[2026-05-16T14:09:30.544+0000] {logging_mixin.py:188} INFO - [2026-05-16T14:09:30.544+0000] {dag.py:3089} INFO - Sync 1 DAGs
[2026-05-16T14:09:30.548+0000] {logging_mixin.py:188} INFO - [2026-05-16T14:09:30.548+0000] {dag.py:3947} INFO - Setting next_dagrun for example_sensors to None, run_after=None
[2026-05-16T14:09:30.554+0000] {processor.py:183} INFO - Processing /home/airflow/.local/lib/python3.12/site-packages/airflow/example_dags/example_sensors.py took 0.027 seconds
[2026-05-16T14:10:01.116+0000] {processor.py:161} INFO - Started process (PID=24367) to work on /home/airflow/.local/lib/python3.12/site-packages/airflow/example_dags/example_sensors.py
[2026-05-16T14:10:01.116+0000] {processor.py:830} INFO - Processing file /home/airflow/.local/lib/python3.12/site-packages/airflow/example_dags/example_sensors.py for tasks to queue
[2026-05-16T14:10:01.117+0000] {logging_mixin.py:188} INFO - [2026-05-16T14:10:01.117+0000] {dagbag.py:545} INFO - Filling up the DagBag from /home/airflow/.local/lib/python3.12/site-packages/airflow/example_dags/example_sensors.py
[2026-05-16T14:10:01.120+0000] {processor.py:840} INFO - DAG(s) 'example_sensors' retrieved from /home/airflow/.local/lib/python3.12/site-packages/airflow/example_dags/example_sensors.py
[2026-05-16T14:10:01.129+0000] {logging_mixin.py:188} INFO - [2026-05-16T14:10:01.129+0000] {dag.py:3089} INFO - Sync 1 DAGs
[2026-05-16T14:10:01.133+0000] {logging_mixin.py:188} INFO - [2026-05-16T14:10:01.133+0000] {dag.py:3947} INFO - Setting next_dagrun for example_sensors to None, run_after=None
[2026-05-16T14:10:01.138+0000] {processor.py:183} INFO - Processing /home/airflow/.local/lib/python3.12/site-packages/airflow/example_dags/example_sensors.py took 0.025 seconds
[2026-05-16T14:10:31.540+0000] {processor.py:161} INFO - Started process (PID=24429) to work on /home/airflow/.local/lib/python3.12/site-packages/airflow/example_dags/example_sensors.py
[2026-05-16T14:10:31.540+0000] {processor.py:830} INFO - Processing file /home/airflow/.local/lib/python3.12/site-packages/airflow/example_dags/example_sensors.py for tasks to queue
[2026-05-16T14:10:31.540+0000] {logging_mixin.py:188} INFO - [2026-05-16T14:10:31.540+0000] {dagbag.py:545} INFO - Filling up the DagBag from /home/airflow/.local/lib/python3.12/site-packages/airflow/example_dags/example_sensors.py
[2026-05-16T14:10:31.544+0000] {processor.py:840} INFO - DAG(s) 'example_sensors' retrieved from /home/airflow/.local/lib/python3.12/site-packages/airflow/example_dags/example_sensors.py
[2026-05-16T14:10:31.553+0000] {logging_mixin.py:188} INFO - [2026-05-16T14:10:31.553+0000] {dag.py:3089} INFO - Sync 1 DAGs
[2026-05-16T14:10:31.557+0000] {logging_mixin.py:188} INFO - [2026-05-16T14:10:31.557+0000] {dag.py:3947} INFO - Setting next_dagrun for example_sensors to None, run_after=None
[2026-05-16T14:10:31.562+0000] {processor.py:183} INFO - Processing /home/airflow/.local/lib/python3.12/site-packages/airflow/example_dags/example_sensors.py took 0.025 seconds
[2026-05-16T14:11:01.975+0000] {processor.py:161} INFO - Started process (PID=24491) to work on /home/airflow/.local/lib/python3.12/site-packages/airflow/example_dags/example_sensors.py
[2026-05-16T14:11:01.975+0000] {processor.py:830} INFO - Processing file /home/airflow/.local/lib/python3.12/site-packages/airflow/example_dags/example_sensors.py for tasks to queue
[2026-05-16T14:11:01.975+0000] {logging_mixin.py:188} INFO - [2026-05-16T14:11:01.975+0000] {dagbag.py:545} INFO - Filling up the DagBag from /home/airflow/.local/lib/python3.12/site-packages/airflow/example_dags/example_sensors.py
[2026-05-16T14:11:01.980+0000] {processor.py:840} INFO - DAG(s) 'example_sensors' retrieved from /home/airflow/.local/lib/python3.12/site-packages/airflow/example_dags/example_sensors.py
[2026-05-16T14:11:01.993+0000] {logging_mixin.py:188} INFO - [2026-05-16T14:11:01.993+0000] {dag.py:3089} INFO - Sync 1 DAGs
[2026-05-16T14:11:01.997+0000] {logging_mixin.py:188} INFO - [2026-05-16T14:11:01.997+0000] {dag.py:3947} INFO - Setting next_dagrun for example_sensors to None, run_after=None
[2026-05-16T14:11:02.002+0000] {processor.py:183} INFO - Processing /home/airflow/.local/lib/python3.12/site-packages/airflow/example_dags/example_sensors.py took 0.030 seconds
[2026-05-16T14:11:32.367+0000] {processor.py:161} INFO - Started process (PID=24553) to work on /home/airflow/.local/lib/python3.12/site-packages/airflow/example_dags/example_sensors.py
[2026-05-16T14:11:32.367+0000] {processor.py:830} INFO - Processing file /home/airflow/.local/lib/python3.12/site-packages/airflow/example_dags/example_sensors.py for tasks to queue
[2026-05-16T14:11:32.368+0000] {logging_mixin.py:188} INFO - [2026-05-16T14:11:32.367+0000] {dagbag.py:545} INFO - Filling up the DagBag from /home/airflow/.local/lib/python3.12/site-packages/airflow/example_dags/example_sensors.py
[2026-05-16T14:11:32.373+0000] {processor.py:840} INFO - DAG(s) 'example_sensors' retrieved from /home/airflow/.local/lib/python3.12/site-packages/airflow/example_dags/example_sensors.py
[2026-05-16T14:11:32.385+0000] {logging_mixin.py:188} INFO - [2026-05-16T14:11:32.385+0000] {dag.py:3089} INFO - Sync 1 DAGs
[2026-05-16T14:11:32.391+0000] {logging_mixin.py:188} INFO - [2026-05-16T14:11:32.391+0000] {dag.py:3947} INFO - Setting next_dagrun for example_sensors to None, run_after=None
[2026-05-16T14:11:32.396+0000] {processor.py:183} INFO - Processing /home/airflow/.local/lib/python3.12/site-packages/airflow/example_dags/example_sensors.py took 0.032 seconds
[2026-05-16T14:12:02.863+0000] {processor.py:161} INFO - Started process (PID=24615) to work on /home/airflow/.local/lib/python3.12/site-packages/airflow/example_dags/example_sensors.py
[2026-05-16T14:12:02.864+0000] {processor.py:830} INFO - Processing file /home/airflow/.local/lib/python3.12/site-packages/airflow/example_dags/example_sensors.py for tasks to queue
[2026-05-16T14:12:02.864+0000] {logging_mixin.py:188} INFO - [2026-05-16T14:12:02.864+0000] {dagbag.py:545} INFO - Filling up the DagBag from /home/airflow/.local/lib/python3.12/site-packages/airflow/example_dags/example_sensors.py
[2026-05-16T14:12:02.867+0000] {processor.py:840} INFO - DAG(s) 'example_sensors' retrieved from /home/airflow/.local/lib/python3.12/site-packages/airflow/example_dags/example_sensors.py
[2026-05-16T14:12:02.876+0000] {logging_mixin.py:188} INFO - [2026-05-16T14:12:02.876+0000] {dag.py:3089} INFO - Sync 1 DAGs
[2026-05-16T14:12:02.880+0000] {logging_mixin.py:188} INFO - [2026-05-16T14:12:02.880+0000] {dag.py:3947} INFO - Setting next_dagrun for example_sensors to None, run_after=None
[2026-05-16T14:12:02.885+0000] {processor.py:183} INFO - Processing /home/airflow/.local/lib/python3.12/site-packages/airflow/example_dags/example_sensors.py took 0.024 seconds
[2026-05-16T14:12:33.307+0000] {processor.py:161} INFO - Started process (PID=24677) to work on /home/airflow/.local/lib/python3.12/site-packages/airflow/example_dags/example_sensors.py
[2026-05-16T14:12:33.308+0000] {processor.py:830} INFO - Processing file /home/airflow/.local/lib/python3.12/site-packages/airflow/example_dags/example_sensors.py for tasks to queue
[2026-05-16T14:12:33.308+0000] {logging_mixin.py:188} INFO - [2026-05-16T14:12:33.308+0000] {dagbag.py:545} INFO - Filling up the DagBag from /home/airflow/.local/lib/python3.12/site-packages/airflow/example_dags/example_sensors.py
[2026-05-16T14:12:33.312+0000] {processor.py:840} INFO - DAG(s) 'example_sensors' retrieved from /home/airflow/.local/lib/python3.12/site-packages/airflow/example_dags/example_sensors.py
[2026-05-16T14:12:33.323+0000] {logging_mixin.py:188} INFO - [2026-05-16T14:12:33.323+0000] {dag.py:3089} INFO - Sync 1 DAGs
[2026-05-16T14:12:33.327+0000] {logging_mixin.py:188} INFO - [2026-05-16T14:12:33.327+0000] {dag.py:3947} INFO - Setting next_dagrun for example_sensors to None, run_after=None
[2026-05-16T14:12:33.332+0000] {processor.py:183} INFO - Processing /home/airflow/.local/lib/python3.12/site-packages/airflow/example_dags/example_sensors.py took 0.027 seconds
[2026-05-16T14:13:03.830+0000] {processor.py:161} INFO - Started process (PID=24739) to work on /home/airflow/.local/lib/python3.12/site-packages/airflow/example_dags/example_sensors.py
[2026-05-16T14:13:03.830+0000] {processor.py:830} INFO - Processing file /home/airflow/.local/lib/python3.12/site-packages/airflow/example_dags/example_sensors.py for tasks to queue
[2026-05-16T14:13:03.831+0000] {logging_mixin.py:188} INFO - [2026-05-16T14:13:03.830+0000] {dagbag.py:545} INFO - Filling up the DagBag from /home/airflow/.local/lib/python3.12/site-packages/airflow/example_dags/example_sensors.py
[2026-05-16T14:13:03.834+0000] {processor.py:840} INFO - DAG(s) 'example_sensors' retrieved from /home/airflow/.local/lib/python3.12/site-packages/airflow/example_dags/example_sensors.py
[2026-05-16T14:13:03.843+0000] {logging_mixin.py:188} INFO - [2026-05-16T14:13:03.843+0000] {dag.py:3089} INFO - Sync 1 DAGs
[2026-05-16T14:13:03.847+0000] {logging_mixin.py:188} INFO - [2026-05-16T14:13:03.847+0000] {dag.py:3947} INFO - Setting next_dagrun for example_sensors to None, run_after=None
[2026-05-16T14:13:03.852+0000] {processor.py:183} INFO - Processing /home/airflow/.local/lib/python3.12/site-packages/airflow/example_dags/example_sensors.py took 0.025 seconds
[2026-05-16T14:13:34.369+0000] {processor.py:161} INFO - Started process (PID=24800) to work on /home/airflow/.local/lib/python3.12/site-packages/airflow/example_dags/example_sensors.py
[2026-05-16T14:13:34.369+0000] {processor.py:830} INFO - Processing file /home/airflow/.local/lib/python3.12/site-packages/airflow/example_dags/example_sensors.py for tasks to queue
[2026-05-16T14:13:34.370+0000] {logging_mixin.py:188} INFO - [2026-05-16T14:13:34.370+0000] {dagbag.py:545} INFO - Filling up the DagBag from /home/airflow/.local/lib/python3.12/site-packages/airflow/example_dags/example_sensors.py
[2026-05-16T14:13:34.374+0000] {processor.py:840} INFO - DAG(s) 'example_sensors' retrieved from /home/airflow/.local/lib/python3.12/site-packages/airflow/example_dags/example_sensors.py
[2026-05-16T14:13:34.383+0000] {logging_mixin.py:188} INFO - [2026-05-16T14:13:34.382+0000] {dag.py:3089} INFO - Sync 1 DAGs
[2026-05-16T14:13:34.387+0000] {logging_mixin.py:188} INFO - [2026-05-16T14:13:34.387+0000] {dag.py:3947} INFO - Setting next_dagrun for example_sensors to None, run_after=None
[2026-05-16T14:13:34.392+0000] {processor.py:183} INFO - Processing /home/airflow/.local/lib/python3.12/site-packages/airflow/example_dags/example_sensors.py took 0.026 seconds
[2026-05-16T14:14:05.236+0000] {processor.py:161} INFO - Started process (PID=24862) to work on /home/airflow/.local/lib/python3.12/site-packages/airflow/example_dags/example_sensors.py
[2026-05-16T14:14:05.236+0000] {processor.py:830} INFO - Processing file /home/airflow/.local/lib/python3.12/site-packages/airflow/example_dags/example_sensors.py for tasks to queue
[2026-05-16T14:14:05.236+0000] {logging_mixin.py:188} INFO - [2026-05-16T14:14:05.236+0000] {dagbag.py:545} INFO - Filling up the DagBag from /home/airflow/.local/lib/python3.12/site-packages/airflow/example_dags/example_sensors.py
[2026-05-16T14:14:05.240+0000] {processor.py:840} INFO - DAG(s) 'example_sensors' retrieved from /home/airflow/.local/lib/python3.12/site-packages/airflow/example_dags/example_sensors.py
[2026-05-16T14:14:05.248+0000] {logging_mixin.py:188} INFO - [2026-05-16T14:14:05.248+0000] {dag.py:3089} INFO - Sync 1 DAGs
[2026-05-16T14:14:05.252+0000] {logging_mixin.py:188} INFO - [2026-05-16T14:14:05.252+0000] {dag.py:3947} INFO - Setting next_dagrun for example_sensors to None, run_after=None
[2026-05-16T14:14:05.256+0000] {processor.py:183} INFO - Processing /home/airflow/.local/lib/python3.12/site-packages/airflow/example_dags/example_sensors.py took 0.023 seconds
[2026-05-16T14:14:35.767+0000] {processor.py:161} INFO - Started process (PID=24924) to work on /home/airflow/.local/lib/python3.12/site-packages/airflow/example_dags/example_sensors.py
[2026-05-16T14:14:35.768+0000] {processor.py:830} INFO - Processing file /home/airflow/.local/lib/python3.12/site-packages/airflow/example_dags/example_sensors.py for tasks to queue
[2026-05-16T14:14:35.768+0000] {logging_mixin.py:188} INFO - [2026-05-16T14:14:35.768+0000] {dagbag.py:545} INFO - Filling up the DagBag from /home/airflow/.local/lib/python3.12/site-packages/airflow/example_dags/example_sensors.py
[2026-05-16T14:14:35.772+0000] {processor.py:840} INFO - DAG(s) 'example_sensors' retrieved from /home/airflow/.local/lib/python3.12/site-packages/airflow/example_dags/example_sensors.py
[2026-05-16T14:14:35.780+0000] {logging_mixin.py:188} INFO - [2026-05-16T14:14:35.780+0000] {dag.py:3089} INFO - Sync 1 DAGs
[2026-05-16T14:14:35.784+0000] {logging_mixin.py:188} INFO - [2026-05-16T14:14:35.784+0000] {dag.py:3947} INFO - Setting next_dagrun for example_sensors to None, run_after=None
[2026-05-16T14:14:35.789+0000] {processor.py:183} INFO - Processing /home/airflow/.local/lib/python3.12/site-packages/airflow/example_dags/example_sensors.py took 0.024 seconds
[2026-05-16T14:15:06.150+0000] {processor.py:161} INFO - Started process (PID=24986) to work on /home/airflow/.local/lib/python3.12/site-packages/airflow/example_dags/example_sensors.py
[2026-05-16T14:15:06.151+0000] {processor.py:830} INFO - Processing file /home/airflow/.local/lib/python3.12/site-packages/airflow/example_dags/example_sensors.py for tasks to queue
[2026-05-16T14:15:06.151+0000] {logging_mixin.py:188} INFO - [2026-05-16T14:15:06.151+0000] {dagbag.py:545} INFO - Filling up the DagBag from /home/airflow/.local/lib/python3.12/site-packages/airflow/example_dags/example_sensors.py
[2026-05-16T14:15:06.156+0000] {processor.py:840} INFO - DAG(s) 'example_sensors' retrieved from /home/airflow/.local/lib/python3.12/site-packages/airflow/example_dags/example_sensors.py
[2026-05-16T14:15:06.163+0000] {logging_mixin.py:188} INFO - [2026-05-16T14:15:06.163+0000] {dag.py:3089} INFO - Sync 1 DAGs
[2026-05-16T14:15:06.168+0000] {logging_mixin.py:188} INFO - [2026-05-16T14:15:06.168+0000] {dag.py:3947} INFO - Setting next_dagrun for example_sensors to None, run_after=None
[2026-05-16T14:15:06.172+0000] {processor.py:183} INFO - Processing /home/airflow/.local/lib/python3.12/site-packages/airflow/example_dags/example_sensors.py took 0.024 seconds
[2026-05-16T14:15:37.183+0000] {processor.py:161} INFO - Started process (PID=25048) to work on /home/airflow/.local/lib/python3.12/site-packages/airflow/example_dags/example_sensors.py
[2026-05-16T14:15:37.184+0000] {processor.py:830} INFO - Processing file /home/airflow/.local/lib/python3.12/site-packages/airflow/example_dags/example_sensors.py for tasks to queue
[2026-05-16T14:15:37.184+0000] {logging_mixin.py:188} INFO - [2026-05-16T14:15:37.184+0000] {dagbag.py:545} INFO - Filling up the DagBag from /home/airflow/.local/lib/python3.12/site-packages/airflow/example_dags/example_sensors.py
[2026-05-16T14:15:37.188+0000] {processor.py:840} INFO - DAG(s) 'example_sensors' retrieved from /home/airflow/.local/lib/python3.12/site-packages/airflow/example_dags/example_sensors.py
[2026-05-16T14:15:37.197+0000] {logging_mixin.py:188} INFO - [2026-05-16T14:15:37.197+0000] {dag.py:3089} INFO - Sync 1 DAGs
[2026-05-16T14:15:37.201+0000] {logging_mixin.py:188} INFO - [2026-05-16T14:15:37.201+0000] {dag.py:3947} INFO - Setting next_dagrun for example_sensors to None, run_after=None
[2026-05-16T14:15:37.206+0000] {processor.py:183} INFO - Processing /home/airflow/.local/lib/python3.12/site-packages/airflow/example_dags/example_sensors.py took 0.025 seconds
[2026-05-16T14:27:56.768+0000] {processor.py:161} INFO - Started process (PID=25104) to work on /home/airflow/.local/lib/python3.12/site-packages/airflow/example_dags/example_sensors.py
[2026-05-16T14:27:56.768+0000] {processor.py:830} INFO - Processing file /home/airflow/.local/lib/python3.12/site-packages/airflow/example_dags/example_sensors.py for tasks to queue
[2026-05-16T14:27:56.768+0000] {logging_mixin.py:188} INFO - [2026-05-16T14:27:56.768+0000] {dagbag.py:545} INFO - Filling up the DagBag from /home/airflow/.local/lib/python3.12/site-packages/airflow/example_dags/example_sensors.py
[2026-05-16T14:27:56.773+0000] {processor.py:840} INFO - DAG(s) 'example_sensors' retrieved from /home/airflow/.local/lib/python3.12/site-packages/airflow/example_dags/example_sensors.py
[2026-05-16T14:27:56.786+0000] {logging_mixin.py:188} INFO - [2026-05-16T14:27:56.786+0000] {dag.py:3089} INFO - Sync 1 DAGs
[2026-05-16T14:27:56.791+0000] {logging_mixin.py:188} INFO - [2026-05-16T14:27:56.791+0000] {dag.py:3947} INFO - Setting next_dagrun for example_sensors to None, run_after=None
[2026-05-16T14:27:56.800+0000] {processor.py:183} INFO - Processing /home/airflow/.local/lib/python3.12/site-packages/airflow/example_dags/example_sensors.py took 0.035 seconds
[2026-05-16T14:28:27.148+0000] {processor.py:161} INFO - Started process (PID=25165) to work on /home/airflow/.local/lib/python3.12/site-packages/airflow/example_dags/example_sensors.py
[2026-05-16T14:28:27.148+0000] {processor.py:830} INFO - Processing file /home/airflow/.local/lib/python3.12/site-packages/airflow/example_dags/example_sensors.py for tasks to queue
[2026-05-16T14:28:27.148+0000] {logging_mixin.py:188} INFO - [2026-05-16T14:28:27.148+0000] {dagbag.py:545} INFO - Filling up the DagBag from /home/airflow/.local/lib/python3.12/site-packages/airflow/example_dags/example_sensors.py
[2026-05-16T14:28:27.152+0000] {processor.py:840} INFO - DAG(s) 'example_sensors' retrieved from /home/airflow/.local/lib/python3.12/site-packages/airflow/example_dags/example_sensors.py
[2026-05-16T14:28:27.161+0000] {logging_mixin.py:188} INFO - [2026-05-16T14:28:27.161+0000] {dag.py:3089} INFO - Sync 1 DAGs
[2026-05-16T14:28:27.165+0000] {logging_mixin.py:188} INFO - [2026-05-16T14:28:27.165+0000] {dag.py:3947} INFO - Setting next_dagrun for example_sensors to None, run_after=None
[2026-05-16T14:28:27.174+0000] {processor.py:183} INFO - Processing /home/airflow/.local/lib/python3.12/site-packages/airflow/example_dags/example_sensors.py took 0.029 seconds
[2026-05-16T14:28:57.734+0000] {processor.py:161} INFO - Started process (PID=25233) to work on /home/airflow/.local/lib/python3.12/site-packages/airflow/example_dags/example_sensors.py
[2026-05-16T14:28:57.734+0000] {processor.py:830} INFO - Processing file /home/airflow/.local/lib/python3.12/site-packages/airflow/example_dags/example_sensors.py for tasks to queue
[2026-05-16T14:28:57.734+0000] {logging_mixin.py:188} INFO - [2026-05-16T14:28:57.734+0000] {dagbag.py:545} INFO - Filling up the DagBag from /home/airflow/.local/lib/python3.12/site-packages/airflow/example_dags/example_sensors.py
[2026-05-16T14:28:57.738+0000] {processor.py:840} INFO - DAG(s) 'example_sensors' retrieved from /home/airflow/.local/lib/python3.12/site-packages/airflow/example_dags/example_sensors.py
[2026-05-16T14:28:57.747+0000] {logging_mixin.py:188} INFO - [2026-05-16T14:28:57.747+0000] {dag.py:3089} INFO - Sync 1 DAGs
[2026-05-16T14:28:57.751+0000] {logging_mixin.py:188} INFO - [2026-05-16T14:28:57.751+0000] {dag.py:3947} INFO - Setting next_dagrun for example_sensors to None, run_after=None
[2026-05-16T14:28:57.757+0000] {processor.py:183} INFO - Processing /home/airflow/.local/lib/python3.12/site-packages/airflow/example_dags/example_sensors.py took 0.026 seconds
[2026-05-16T14:29:28.319+0000] {processor.py:161} INFO - Started process (PID=25295) to work on /home/airflow/.local/lib/python3.12/site-packages/airflow/example_dags/example_sensors.py
[2026-05-16T14:29:28.319+0000] {processor.py:830} INFO - Processing file /home/airflow/.local/lib/python3.12/site-packages/airflow/example_dags/example_sensors.py for tasks to queue
[2026-05-16T14:29:28.319+0000] {logging_mixin.py:188} INFO - [2026-05-16T14:29:28.319+0000] {dagbag.py:545} INFO - Filling up the DagBag from /home/airflow/.local/lib/python3.12/site-packages/airflow/example_dags/example_sensors.py
[2026-05-16T14:29:28.324+0000] {processor.py:840} INFO - DAG(s) 'example_sensors' retrieved from /home/airflow/.local/lib/python3.12/site-packages/airflow/example_dags/example_sensors.py
[2026-05-16T14:29:28.420+0000] {logging_mixin.py:188} INFO - [2026-05-16T14:29:28.420+0000] {dag.py:3089} INFO - Sync 1 DAGs
[2026-05-16T14:29:28.425+0000] {logging_mixin.py:188} INFO - [2026-05-16T14:29:28.425+0000] {dag.py:3947} INFO - Setting next_dagrun for example_sensors to None, run_after=None
[2026-05-16T14:29:28.430+0000] {processor.py:183} INFO - Processing /home/airflow/.local/lib/python3.12/site-packages/airflow/example_dags/example_sensors.py took 0.114 seconds
[2026-05-16T14:29:58.827+0000] {processor.py:161} INFO - Started process (PID=25356) to work on /home/airflow/.local/lib/python3.12/site-packages/airflow/example_dags/example_sensors.py
[2026-05-16T14:29:58.828+0000] {processor.py:830} INFO - Processing file /home/airflow/.local/lib/python3.12/site-packages/airflow/example_dags/example_sensors.py for tasks to queue
[2026-05-16T14:29:58.828+0000] {logging_mixin.py:188} INFO - [2026-05-16T14:29:58.828+0000] {dagbag.py:545} INFO - Filling up the DagBag from /home/airflow/.local/lib/python3.12/site-packages/airflow/example_dags/example_sensors.py
[2026-05-16T14:29:58.832+0000] {processor.py:840} INFO - DAG(s) 'example_sensors' retrieved from /home/airflow/.local/lib/python3.12/site-packages/airflow/example_dags/example_sensors.py
[2026-05-16T14:29:58.840+0000] {logging_mixin.py:188} INFO - [2026-05-16T14:29:58.839+0000] {dag.py:3089} INFO - Sync 1 DAGs
[2026-05-16T14:29:58.843+0000] {logging_mixin.py:188} INFO - [2026-05-16T14:29:58.843+0000] {dag.py:3947} INFO - Setting next_dagrun for example_sensors to None, run_after=None
[2026-05-16T14:29:58.848+0000] {processor.py:183} INFO - Processing /home/airflow/.local/lib/python3.12/site-packages/airflow/example_dags/example_sensors.py took 0.023 seconds
[2026-05-16T14:30:29.257+0000] {processor.py:161} INFO - Started process (PID=25418) to work on /home/airflow/.local/lib/python3.12/site-packages/airflow/example_dags/example_sensors.py
[2026-05-16T14:30:29.257+0000] {processor.py:830} INFO - Processing file /home/airflow/.local/lib/python3.12/site-packages/airflow/example_dags/example_sensors.py for tasks to queue
[2026-05-16T14:30:29.257+0000] {logging_mixin.py:188} INFO - [2026-05-16T14:30:29.257+0000] {dagbag.py:545} INFO - Filling up the DagBag from /home/airflow/.local/lib/python3.12/site-packages/airflow/example_dags/example_sensors.py
[2026-05-16T14:30:29.261+0000] {processor.py:840} INFO - DAG(s) 'example_sensors' retrieved from /home/airflow/.local/lib/python3.12/site-packages/airflow/example_dags/example_sensors.py
[2026-05-16T14:30:29.275+0000] {logging_mixin.py:188} INFO - [2026-05-16T14:30:29.275+0000] {dag.py:3089} INFO - Sync 1 DAGs
[2026-05-16T14:30:29.279+0000] {logging_mixin.py:188} INFO - [2026-05-16T14:30:29.279+0000] {dag.py:3947} INFO - Setting next_dagrun for example_sensors to None, run_after=None
[2026-05-16T14:30:29.287+0000] {processor.py:183} INFO - Processing /home/airflow/.local/lib/python3.12/site-packages/airflow/example_dags/example_sensors.py took 0.033 seconds
[2026-05-16T14:30:59.712+0000] {processor.py:161} INFO - Started process (PID=25480) to work on /home/airflow/.local/lib/python3.12/site-packages/airflow/example_dags/example_sensors.py
[2026-05-16T14:30:59.712+0000] {processor.py:830} INFO - Processing file /home/airflow/.local/lib/python3.12/site-packages/airflow/example_dags/example_sensors.py for tasks to queue
[2026-05-16T14:30:59.712+0000] {logging_mixin.py:188} INFO - [2026-05-16T14:30:59.712+0000] {dagbag.py:545} INFO - Filling up the DagBag from /home/airflow/.local/lib/python3.12/site-packages/airflow/example_dags/example_sensors.py
[2026-05-16T14:30:59.716+0000] {processor.py:840} INFO - DAG(s) 'example_sensors' retrieved from /home/airflow/.local/lib/python3.12/site-packages/airflow/example_dags/example_sensors.py
[2026-05-16T14:30:59.728+0000] {logging_mixin.py:188} INFO - [2026-05-16T14:30:59.728+0000] {dag.py:3089} INFO - Sync 1 DAGs
[2026-05-16T14:30:59.732+0000] {logging_mixin.py:188} INFO - [2026-05-16T14:30:59.732+0000] {dag.py:3947} INFO - Setting next_dagrun for example_sensors to None, run_after=None
[2026-05-16T14:30:59.739+0000] {processor.py:183} INFO - Processing /home/airflow/.local/lib/python3.12/site-packages/airflow/example_dags/example_sensors.py took 0.029 seconds
[2026-05-16T14:31:30.183+0000] {processor.py:161} INFO - Started process (PID=25541) to work on /home/airflow/.local/lib/python3.12/site-packages/airflow/example_dags/example_sensors.py
[2026-05-16T14:31:30.184+0000] {processor.py:830} INFO - Processing file /home/airflow/.local/lib/python3.12/site-packages/airflow/example_dags/example_sensors.py for tasks to queue
[2026-05-16T14:31:30.184+0000] {logging_mixin.py:188} INFO - [2026-05-16T14:31:30.184+0000] {dagbag.py:545} INFO - Filling up the DagBag from /home/airflow/.local/lib/python3.12/site-packages/airflow/example_dags/example_sensors.py
[2026-05-16T14:31:30.188+0000] {processor.py:840} INFO - DAG(s) 'example_sensors' retrieved from /home/airflow/.local/lib/python3.12/site-packages/airflow/example_dags/example_sensors.py
[2026-05-16T14:31:30.197+0000] {logging_mixin.py:188} INFO - [2026-05-16T14:31:30.197+0000] {dag.py:3089} INFO - Sync 1 DAGs
[2026-05-16T14:31:30.201+0000] {logging_mixin.py:188} INFO - [2026-05-16T14:31:30.201+0000] {dag.py:3947} INFO - Setting next_dagrun for example_sensors to None, run_after=None
[2026-05-16T14:31:30.206+0000] {processor.py:183} INFO - Processing /home/airflow/.local/lib/python3.12/site-packages/airflow/example_dags/example_sensors.py took 0.026 seconds
[2026-05-16T14:32:00.575+0000] {processor.py:161} INFO - Started process (PID=25603) to work on /home/airflow/.local/lib/python3.12/site-packages/airflow/example_dags/example_sensors.py
[2026-05-16T14:32:00.576+0000] {processor.py:830} INFO - Processing file /home/airflow/.local/lib/python3.12/site-packages/airflow/example_dags/example_sensors.py for tasks to queue
[2026-05-16T14:32:00.576+0000] {logging_mixin.py:188} INFO - [2026-05-16T14:32:00.576+0000] {dagbag.py:545} INFO - Filling up the DagBag from /home/airflow/.local/lib/python3.12/site-packages/airflow/example_dags/example_sensors.py
[2026-05-16T14:32:00.580+0000] {processor.py:840} INFO - DAG(s) 'example_sensors' retrieved from /home/airflow/.local/lib/python3.12/site-packages/airflow/example_dags/example_sensors.py
[2026-05-16T14:32:00.588+0000] {logging_mixin.py:188} INFO - [2026-05-16T14:32:00.587+0000] {dag.py:3089} INFO - Sync 1 DAGs
[2026-05-16T14:32:00.592+0000] {logging_mixin.py:188} INFO - [2026-05-16T14:32:00.592+0000] {dag.py:3947} INFO - Setting next_dagrun for example_sensors to None, run_after=None
[2026-05-16T14:32:00.597+0000] {processor.py:183} INFO - Processing /home/airflow/.local/lib/python3.12/site-packages/airflow/example_dags/example_sensors.py took 0.024 seconds
[2026-05-16T14:32:30.973+0000] {processor.py:161} INFO - Started process (PID=25665) to work on /home/airflow/.local/lib/python3.12/site-packages/airflow/example_dags/example_sensors.py
[2026-05-16T14:32:30.974+0000] {processor.py:830} INFO - Processing file /home/airflow/.local/lib/python3.12/site-packages/airflow/example_dags/example_sensors.py for tasks to queue
[2026-05-16T14:32:30.974+0000] {logging_mixin.py:188} INFO - [2026-05-16T14:32:30.974+0000] {dagbag.py:545} INFO - Filling up the DagBag from /home/airflow/.local/lib/python3.12/site-packages/airflow/example_dags/example_sensors.py
[2026-05-16T14:32:30.978+0000] {processor.py:840} INFO - DAG(s) 'example_sensors' retrieved from /home/airflow/.local/lib/python3.12/site-packages/airflow/example_dags/example_sensors.py
[2026-05-16T14:32:30.986+0000] {logging_mixin.py:188} INFO - [2026-05-16T14:32:30.986+0000] {dag.py:3089} INFO - Sync 1 DAGs
[2026-05-16T14:32:30.993+0000] {logging_mixin.py:188} INFO - [2026-05-16T14:32:30.993+0000] {dag.py:3947} INFO - Setting next_dagrun for example_sensors to None, run_after=None
[2026-05-16T14:32:30.998+0000] {processor.py:183} INFO - Processing /home/airflow/.local/lib/python3.12/site-packages/airflow/example_dags/example_sensors.py took 0.027 seconds
[2026-05-16T14:33:01.384+0000] {processor.py:161} INFO - Started process (PID=25727) to work on /home/airflow/.local/lib/python3.12/site-packages/airflow/example_dags/example_sensors.py
[2026-05-16T14:33:01.385+0000] {processor.py:830} INFO - Processing file /home/airflow/.local/lib/python3.12/site-packages/airflow/example_dags/example_sensors.py for tasks to queue
[2026-05-16T14:33:01.385+0000] {logging_mixin.py:188} INFO - [2026-05-16T14:33:01.385+0000] {dagbag.py:545} INFO - Filling up the DagBag from /home/airflow/.local/lib/python3.12/site-packages/airflow/example_dags/example_sensors.py
[2026-05-16T14:33:01.389+0000] {processor.py:840} INFO - DAG(s) 'example_sensors' retrieved from /home/airflow/.local/lib/python3.12/site-packages/airflow/example_dags/example_sensors.py
[2026-05-16T14:33:01.398+0000] {logging_mixin.py:188} INFO - [2026-05-16T14:33:01.398+0000] {dag.py:3089} INFO - Sync 1 DAGs
[2026-05-16T14:33:01.402+0000] {logging_mixin.py:188} INFO - [2026-05-16T14:33:01.402+0000] {dag.py:3947} INFO - Setting next_dagrun for example_sensors to None, run_after=None
[2026-05-16T14:33:01.407+0000] {processor.py:183} INFO - Processing /home/airflow/.local/lib/python3.12/site-packages/airflow/example_dags/example_sensors.py took 0.025 seconds
[2026-05-16T14:33:31.876+0000] {processor.py:161} INFO - Started process (PID=25789) to work on /home/airflow/.local/lib/python3.12/site-packages/airflow/example_dags/example_sensors.py
[2026-05-16T14:33:31.876+0000] {processor.py:830} INFO - Processing file /home/airflow/.local/lib/python3.12/site-packages/airflow/example_dags/example_sensors.py for tasks to queue
[2026-05-16T14:33:31.877+0000] {logging_mixin.py:188} INFO - [2026-05-16T14:33:31.876+0000] {dagbag.py:545} INFO - Filling up the DagBag from /home/airflow/.local/lib/python3.12/site-packages/airflow/example_dags/example_sensors.py
[2026-05-16T14:33:31.880+0000] {processor.py:840} INFO - DAG(s) 'example_sensors' retrieved from /home/airflow/.local/lib/python3.12/site-packages/airflow/example_dags/example_sensors.py
[2026-05-16T14:33:31.889+0000] {logging_mixin.py:188} INFO - [2026-05-16T14:33:31.889+0000] {dag.py:3089} INFO - Sync 1 DAGs
[2026-05-16T14:33:31.893+0000] {logging_mixin.py:188} INFO - [2026-05-16T14:33:31.893+0000] {dag.py:3947} INFO - Setting next_dagrun for example_sensors to None, run_after=None
[2026-05-16T14:33:31.898+0000] {processor.py:183} INFO - Processing /home/airflow/.local/lib/python3.12/site-packages/airflow/example_dags/example_sensors.py took 0.025 seconds
[2026-05-16T14:34:02.255+0000] {processor.py:161} INFO - Started process (PID=25851) to work on /home/airflow/.local/lib/python3.12/site-packages/airflow/example_dags/example_sensors.py
[2026-05-16T14:34:02.255+0000] {processor.py:830} INFO - Processing file /home/airflow/.local/lib/python3.12/site-packages/airflow/example_dags/example_sensors.py for tasks to queue
[2026-05-16T14:34:02.256+0000] {logging_mixin.py:188} INFO - [2026-05-16T14:34:02.256+0000] {dagbag.py:545} INFO - Filling up the DagBag from /home/airflow/.local/lib/python3.12/site-packages/airflow/example_dags/example_sensors.py
[2026-05-16T14:34:02.259+0000] {processor.py:840} INFO - DAG(s) 'example_sensors' retrieved from /home/airflow/.local/lib/python3.12/site-packages/airflow/example_dags/example_sensors.py
[2026-05-16T14:34:02.268+0000] {logging_mixin.py:188} INFO - [2026-05-16T14:34:02.268+0000] {dag.py:3089} INFO - Sync 1 DAGs
[2026-05-16T14:34:02.272+0000] {logging_mixin.py:188} INFO - [2026-05-16T14:34:02.272+0000] {dag.py:3947} INFO - Setting next_dagrun for example_sensors to None, run_after=None
[2026-05-16T14:34:02.279+0000] {processor.py:183} INFO - Processing /home/airflow/.local/lib/python3.12/site-packages/airflow/example_dags/example_sensors.py took 0.026 seconds
[2026-05-16T14:34:32.929+0000] {processor.py:161} INFO - Started process (PID=25913) to work on /home/airflow/.local/lib/python3.12/site-packages/airflow/example_dags/example_sensors.py
[2026-05-16T14:34:32.930+0000] {processor.py:830} INFO - Processing file /home/airflow/.local/lib/python3.12/site-packages/airflow/example_dags/example_sensors.py for tasks to queue
[2026-05-16T14:34:32.930+0000] {logging_mixin.py:188} INFO - [2026-05-16T14:34:32.930+0000] {dagbag.py:545} INFO - Filling up the DagBag from /home/airflow/.local/lib/python3.12/site-packages/airflow/example_dags/example_sensors.py
[2026-05-16T14:34:32.935+0000] {processor.py:840} INFO - DAG(s) 'example_sensors' retrieved from /home/airflow/.local/lib/python3.12/site-packages/airflow/example_dags/example_sensors.py
[2026-05-16T14:34:32.946+0000] {logging_mixin.py:188} INFO - [2026-05-16T14:34:32.945+0000] {dag.py:3089} INFO - Sync 1 DAGs
[2026-05-16T14:34:32.950+0000] {logging_mixin.py:188} INFO - [2026-05-16T14:34:32.950+0000] {dag.py:3947} INFO - Setting next_dagrun for example_sensors to None, run_after=None
[2026-05-16T14:34:32.956+0000] {processor.py:183} INFO - Processing /home/airflow/.local/lib/python3.12/site-packages/airflow/example_dags/example_sensors.py took 0.029 seconds
[2026-05-16T14:35:03.607+0000] {processor.py:161} INFO - Started process (PID=25974) to work on /home/airflow/.local/lib/python3.12/site-packages/airflow/example_dags/example_sensors.py
[2026-05-16T14:35:03.608+0000] {processor.py:830} INFO - Processing file /home/airflow/.local/lib/python3.12/site-packages/airflow/example_dags/example_sensors.py for tasks to queue
[2026-05-16T14:35:03.608+0000] {logging_mixin.py:188} INFO - [2026-05-16T14:35:03.608+0000] {dagbag.py:545} INFO - Filling up the DagBag from /home/airflow/.local/lib/python3.12/site-packages/airflow/example_dags/example_sensors.py
[2026-05-16T14:35:03.613+0000] {processor.py:840} INFO - DAG(s) 'example_sensors' retrieved from /home/airflow/.local/lib/python3.12/site-packages/airflow/example_dags/example_sensors.py
[2026-05-16T14:35:03.631+0000] {logging_mixin.py:188} INFO - [2026-05-16T14:35:03.631+0000] {dag.py:3089} INFO - Sync 1 DAGs
[2026-05-16T14:35:03.637+0000] {logging_mixin.py:188} INFO - [2026-05-16T14:35:03.637+0000] {dag.py:3947} INFO - Setting next_dagrun for example_sensors to None, run_after=None
[2026-05-16T14:35:03.649+0000] {processor.py:183} INFO - Processing /home/airflow/.local/lib/python3.12/site-packages/airflow/example_dags/example_sensors.py took 0.046 seconds
[2026-05-16T14:35:33.986+0000] {processor.py:161} INFO - Started process (PID=26036) to work on /home/airflow/.local/lib/python3.12/site-packages/airflow/example_dags/example_sensors.py
[2026-05-16T14:35:33.987+0000] {processor.py:830} INFO - Processing file /home/airflow/.local/lib/python3.12/site-packages/airflow/example_dags/example_sensors.py for tasks to queue
[2026-05-16T14:35:33.987+0000] {logging_mixin.py:188} INFO - [2026-05-16T14:35:33.987+0000] {dagbag.py:545} INFO - Filling up the DagBag from /home/airflow/.local/lib/python3.12/site-packages/airflow/example_dags/example_sensors.py
[2026-05-16T14:35:33.990+0000] {processor.py:840} INFO - DAG(s) 'example_sensors' retrieved from /home/airflow/.local/lib/python3.12/site-packages/airflow/example_dags/example_sensors.py
[2026-05-16T14:35:33.999+0000] {logging_mixin.py:188} INFO - [2026-05-16T14:35:33.999+0000] {dag.py:3089} INFO - Sync 1 DAGs
[2026-05-16T14:35:34.003+0000] {logging_mixin.py:188} INFO - [2026-05-16T14:35:34.003+0000] {dag.py:3947} INFO - Setting next_dagrun for example_sensors to None, run_after=None
[2026-05-16T14:35:34.007+0000] {processor.py:183} INFO - Processing /home/airflow/.local/lib/python3.12/site-packages/airflow/example_dags/example_sensors.py took 0.023 seconds
[2026-05-16T14:36:04.423+0000] {processor.py:161} INFO - Started process (PID=26098) to work on /home/airflow/.local/lib/python3.12/site-packages/airflow/example_dags/example_sensors.py
[2026-05-16T14:36:04.424+0000] {processor.py:830} INFO - Processing file /home/airflow/.local/lib/python3.12/site-packages/airflow/example_dags/example_sensors.py for tasks to queue
[2026-05-16T14:36:04.424+0000] {logging_mixin.py:188} INFO - [2026-05-16T14:36:04.424+0000] {dagbag.py:545} INFO - Filling up the DagBag from /home/airflow/.local/lib/python3.12/site-packages/airflow/example_dags/example_sensors.py
[2026-05-16T14:36:04.428+0000] {processor.py:840} INFO - DAG(s) 'example_sensors' retrieved from /home/airflow/.local/lib/python3.12/site-packages/airflow/example_dags/example_sensors.py
[2026-05-16T14:36:04.436+0000] {logging_mixin.py:188} INFO - [2026-05-16T14:36:04.436+0000] {dag.py:3089} INFO - Sync 1 DAGs
[2026-05-16T14:36:04.439+0000] {logging_mixin.py:188} INFO - [2026-05-16T14:36:04.439+0000] {dag.py:3947} INFO - Setting next_dagrun for example_sensors to None, run_after=None
[2026-05-16T14:36:04.444+0000] {processor.py:183} INFO - Processing /home/airflow/.local/lib/python3.12/site-packages/airflow/example_dags/example_sensors.py took 0.024 seconds
[2026-05-16T14:36:34.897+0000] {processor.py:161} INFO - Started process (PID=26160) to work on /home/airflow/.local/lib/python3.12/site-packages/airflow/example_dags/example_sensors.py
[2026-05-16T14:36:34.898+0000] {processor.py:830} INFO - Processing file /home/airflow/.local/lib/python3.12/site-packages/airflow/example_dags/example_sensors.py for tasks to queue
[2026-05-16T14:36:34.898+0000] {logging_mixin.py:188} INFO - [2026-05-16T14:36:34.898+0000] {dagbag.py:545} INFO - Filling up the DagBag from /home/airflow/.local/lib/python3.12/site-packages/airflow/example_dags/example_sensors.py
[2026-05-16T14:36:34.902+0000] {processor.py:840} INFO - DAG(s) 'example_sensors' retrieved from /home/airflow/.local/lib/python3.12/site-packages/airflow/example_dags/example_sensors.py
[2026-05-16T14:36:34.912+0000] {logging_mixin.py:188} INFO - [2026-05-16T14:36:34.912+0000] {dag.py:3089} INFO - Sync 1 DAGs
[2026-05-16T14:36:34.916+0000] {logging_mixin.py:188} INFO - [2026-05-16T14:36:34.916+0000] {dag.py:3947} INFO - Setting next_dagrun for example_sensors to None, run_after=None
[2026-05-16T14:36:34.921+0000] {processor.py:183} INFO - Processing /home/airflow/.local/lib/python3.12/site-packages/airflow/example_dags/example_sensors.py took 0.026 seconds
[2026-05-16T14:37:05.484+0000] {processor.py:161} INFO - Started process (PID=26222) to work on /home/airflow/.local/lib/python3.12/site-packages/airflow/example_dags/example_sensors.py
[2026-05-16T14:37:05.484+0000] {processor.py:830} INFO - Processing file /home/airflow/.local/lib/python3.12/site-packages/airflow/example_dags/example_sensors.py for tasks to queue
[2026-05-16T14:37:05.485+0000] {logging_mixin.py:188} INFO - [2026-05-16T14:37:05.485+0000] {dagbag.py:545} INFO - Filling up the DagBag from /home/airflow/.local/lib/python3.12/site-packages/airflow/example_dags/example_sensors.py
[2026-05-16T14:37:05.489+0000] {processor.py:840} INFO - DAG(s) 'example_sensors' retrieved from /home/airflow/.local/lib/python3.12/site-packages/airflow/example_dags/example_sensors.py
[2026-05-16T14:37:05.499+0000] {logging_mixin.py:188} INFO - [2026-05-16T14:37:05.498+0000] {dag.py:3089} INFO - Sync 1 DAGs
[2026-05-16T14:37:05.504+0000] {logging_mixin.py:188} INFO - [2026-05-16T14:37:05.504+0000] {dag.py:3947} INFO - Setting next_dagrun for example_sensors to None, run_after=None
[2026-05-16T14:37:05.509+0000] {processor.py:183} INFO - Processing /home/airflow/.local/lib/python3.12/site-packages/airflow/example_dags/example_sensors.py took 0.029 seconds
[2026-05-16T14:37:35.870+0000] {processor.py:161} INFO - Started process (PID=26284) to work on /home/airflow/.local/lib/python3.12/site-packages/airflow/example_dags/example_sensors.py
[2026-05-16T14:37:35.870+0000] {processor.py:830} INFO - Processing file /home/airflow/.local/lib/python3.12/site-packages/airflow/example_dags/example_sensors.py for tasks to queue
[2026-05-16T14:37:35.871+0000] {logging_mixin.py:188} INFO - [2026-05-16T14:37:35.871+0000] {dagbag.py:545} INFO - Filling up the DagBag from /home/airflow/.local/lib/python3.12/site-packages/airflow/example_dags/example_sensors.py
[2026-05-16T14:37:35.875+0000] {processor.py:840} INFO - DAG(s) 'example_sensors' retrieved from /home/airflow/.local/lib/python3.12/site-packages/airflow/example_dags/example_sensors.py
[2026-05-16T14:37:35.885+0000] {logging_mixin.py:188} INFO - [2026-05-16T14:37:35.885+0000] {dag.py:3089} INFO - Sync 1 DAGs
[2026-05-16T14:37:35.890+0000] {logging_mixin.py:188} INFO - [2026-05-16T14:37:35.890+0000] {dag.py:3947} INFO - Setting next_dagrun for example_sensors to None, run_after=None
[2026-05-16T14:37:35.896+0000] {processor.py:183} INFO - Processing /home/airflow/.local/lib/python3.12/site-packages/airflow/example_dags/example_sensors.py took 0.030 seconds
[2026-05-16T14:38:06.353+0000] {processor.py:161} INFO - Started process (PID=26346) to work on /home/airflow/.local/lib/python3.12/site-packages/airflow/example_dags/example_sensors.py
[2026-05-16T14:38:06.353+0000] {processor.py:830} INFO - Processing file /home/airflow/.local/lib/python3.12/site-packages/airflow/example_dags/example_sensors.py for tasks to queue
[2026-05-16T14:38:06.353+0000] {logging_mixin.py:188} INFO - [2026-05-16T14:38:06.353+0000] {dagbag.py:545} INFO - Filling up the DagBag from /home/airflow/.local/lib/python3.12/site-packages/airflow/example_dags/example_sensors.py
[2026-05-16T14:38:06.357+0000] {processor.py:840} INFO - DAG(s) 'example_sensors' retrieved from /home/airflow/.local/lib/python3.12/site-packages/airflow/example_dags/example_sensors.py
[2026-05-16T14:38:06.366+0000] {logging_mixin.py:188} INFO - [2026-05-16T14:38:06.366+0000] {dag.py:3089} INFO - Sync 1 DAGs
[2026-05-16T14:38:06.370+0000] {logging_mixin.py:188} INFO - [2026-05-16T14:38:06.370+0000] {dag.py:3947} INFO - Setting next_dagrun for example_sensors to None, run_after=None
[2026-05-16T14:38:06.375+0000] {processor.py:183} INFO - Processing /home/airflow/.local/lib/python3.12/site-packages/airflow/example_dags/example_sensors.py took 0.025 seconds
[2026-05-16T14:38:36.733+0000] {processor.py:161} INFO - Started process (PID=26408) to work on /home/airflow/.local/lib/python3.12/site-packages/airflow/example_dags/example_sensors.py
[2026-05-16T14:38:36.734+0000] {processor.py:830} INFO - Processing file /home/airflow/.local/lib/python3.12/site-packages/airflow/example_dags/example_sensors.py for tasks to queue
[2026-05-16T14:38:36.734+0000] {logging_mixin.py:188} INFO - [2026-05-16T14:38:36.734+0000] {dagbag.py:545} INFO - Filling up the DagBag from /home/airflow/.local/lib/python3.12/site-packages/airflow/example_dags/example_sensors.py
[2026-05-16T14:38:36.738+0000] {processor.py:840} INFO - DAG(s) 'example_sensors' retrieved from /home/airflow/.local/lib/python3.12/site-packages/airflow/example_dags/example_sensors.py
[2026-05-16T14:38:36.746+0000] {logging_mixin.py:188} INFO - [2026-05-16T14:38:36.746+0000] {dag.py:3089} INFO - Sync 1 DAGs
[2026-05-16T14:38:36.750+0000] {logging_mixin.py:188} INFO - [2026-05-16T14:38:36.750+0000] {dag.py:3947} INFO - Setting next_dagrun for example_sensors to None, run_after=None
[2026-05-16T14:38:36.755+0000] {processor.py:183} INFO - Processing /home/airflow/.local/lib/python3.12/site-packages/airflow/example_dags/example_sensors.py took 0.024 seconds
[2026-05-16T14:39:07.335+0000] {processor.py:161} INFO - Started process (PID=26470) to work on /home/airflow/.local/lib/python3.12/site-packages/airflow/example_dags/example_sensors.py
[2026-05-16T14:39:07.335+0000] {processor.py:830} INFO - Processing file /home/airflow/.local/lib/python3.12/site-packages/airflow/example_dags/example_sensors.py for tasks to queue
[2026-05-16T14:39:07.336+0000] {logging_mixin.py:188} INFO - [2026-05-16T14:39:07.336+0000] {dagbag.py:545} INFO - Filling up the DagBag from /home/airflow/.local/lib/python3.12/site-packages/airflow/example_dags/example_sensors.py
[2026-05-16T14:39:07.342+0000] {processor.py:840} INFO - DAG(s) 'example_sensors' retrieved from /home/airflow/.local/lib/python3.12/site-packages/airflow/example_dags/example_sensors.py
[2026-05-16T14:39:07.350+0000] {logging_mixin.py:188} INFO - [2026-05-16T14:39:07.350+0000] {dag.py:3089} INFO - Sync 1 DAGs
[2026-05-16T14:39:07.354+0000] {logging_mixin.py:188} INFO - [2026-05-16T14:39:07.354+0000] {dag.py:3947} INFO - Setting next_dagrun for example_sensors to None, run_after=None
[2026-05-16T14:39:07.360+0000] {processor.py:183} INFO - Processing /home/airflow/.local/lib/python3.12/site-packages/airflow/example_dags/example_sensors.py took 0.027 seconds
[2026-05-16T14:39:38.076+0000] {processor.py:161} INFO - Started process (PID=26532) to work on /home/airflow/.local/lib/python3.12/site-packages/airflow/example_dags/example_sensors.py
[2026-05-16T14:39:38.076+0000] {processor.py:830} INFO - Processing file /home/airflow/.local/lib/python3.12/site-packages/airflow/example_dags/example_sensors.py for tasks to queue
[2026-05-16T14:39:38.076+0000] {logging_mixin.py:188} INFO - [2026-05-16T14:39:38.076+0000] {dagbag.py:545} INFO - Filling up the DagBag from /home/airflow/.local/lib/python3.12/site-packages/airflow/example_dags/example_sensors.py
[2026-05-16T14:39:38.080+0000] {processor.py:840} INFO - DAG(s) 'example_sensors' retrieved from /home/airflow/.local/lib/python3.12/site-packages/airflow/example_dags/example_sensors.py
[2026-05-16T14:39:38.090+0000] {logging_mixin.py:188} INFO - [2026-05-16T14:39:38.089+0000] {dag.py:3089} INFO - Sync 1 DAGs
[2026-05-16T14:39:38.094+0000] {logging_mixin.py:188} INFO - [2026-05-16T14:39:38.094+0000] {dag.py:3947} INFO - Setting next_dagrun for example_sensors to None, run_after=None
[2026-05-16T14:39:38.099+0000] {processor.py:183} INFO - Processing /home/airflow/.local/lib/python3.12/site-packages/airflow/example_dags/example_sensors.py took 0.025 seconds
[2026-05-16T14:40:08.761+0000] {processor.py:161} INFO - Started process (PID=26594) to work on /home/airflow/.local/lib/python3.12/site-packages/airflow/example_dags/example_sensors.py
[2026-05-16T14:40:08.762+0000] {processor.py:830} INFO - Processing file /home/airflow/.local/lib/python3.12/site-packages/airflow/example_dags/example_sensors.py for tasks to queue
[2026-05-16T14:40:08.762+0000] {logging_mixin.py:188} INFO - [2026-05-16T14:40:08.762+0000] {dagbag.py:545} INFO - Filling up the DagBag from /home/airflow/.local/lib/python3.12/site-packages/airflow/example_dags/example_sensors.py
[2026-05-16T14:40:08.766+0000] {processor.py:840} INFO - DAG(s) 'example_sensors' retrieved from /home/airflow/.local/lib/python3.12/site-packages/airflow/example_dags/example_sensors.py
[2026-05-16T14:40:08.776+0000] {logging_mixin.py:188} INFO - [2026-05-16T14:40:08.776+0000] {dag.py:3089} INFO - Sync 1 DAGs
[2026-05-16T14:40:08.780+0000] {logging_mixin.py:188} INFO - [2026-05-16T14:40:08.780+0000] {dag.py:3947} INFO - Setting next_dagrun for example_sensors to None, run_after=None
[2026-05-16T14:40:08.785+0000] {processor.py:183} INFO - Processing /home/airflow/.local/lib/python3.12/site-packages/airflow/example_dags/example_sensors.py took 0.026 seconds
[2026-05-16T14:40:39.321+0000] {processor.py:161} INFO - Started process (PID=26656) to work on /home/airflow/.local/lib/python3.12/site-packages/airflow/example_dags/example_sensors.py
[2026-05-16T14:40:39.322+0000] {processor.py:830} INFO - Processing file /home/airflow/.local/lib/python3.12/site-packages/airflow/example_dags/example_sensors.py for tasks to queue
[2026-05-16T14:40:39.322+0000] {logging_mixin.py:188} INFO - [2026-05-16T14:40:39.322+0000] {dagbag.py:545} INFO - Filling up the DagBag from /home/airflow/.local/lib/python3.12/site-packages/airflow/example_dags/example_sensors.py
[2026-05-16T14:40:39.333+0000] {processor.py:840} INFO - DAG(s) 'example_sensors' retrieved from /home/airflow/.local/lib/python3.12/site-packages/airflow/example_dags/example_sensors.py
[2026-05-16T14:40:39.363+0000] {logging_mixin.py:188} INFO - [2026-05-16T14:40:39.362+0000] {dag.py:3089} INFO - Sync 1 DAGs
[2026-05-16T14:40:39.369+0000] {logging_mixin.py:188} INFO - [2026-05-16T14:40:39.369+0000] {dag.py:3947} INFO - Setting next_dagrun for example_sensors to None, run_after=None
[2026-05-16T14:40:39.375+0000] {processor.py:183} INFO - Processing /home/airflow/.local/lib/python3.12/site-packages/airflow/example_dags/example_sensors.py took 0.064 seconds
[2026-05-16T14:41:09.797+0000] {processor.py:161} INFO - Started process (PID=26718) to work on /home/airflow/.local/lib/python3.12/site-packages/airflow/example_dags/example_sensors.py
[2026-05-16T14:41:09.797+0000] {processor.py:830} INFO - Processing file /home/airflow/.local/lib/python3.12/site-packages/airflow/example_dags/example_sensors.py for tasks to queue
[2026-05-16T14:41:09.797+0000] {logging_mixin.py:188} INFO - [2026-05-16T14:41:09.797+0000] {dagbag.py:545} INFO - Filling up the DagBag from /home/airflow/.local/lib/python3.12/site-packages/airflow/example_dags/example_sensors.py
[2026-05-16T14:41:09.801+0000] {processor.py:840} INFO - DAG(s) 'example_sensors' retrieved from /home/airflow/.local/lib/python3.12/site-packages/airflow/example_dags/example_sensors.py
[2026-05-16T14:41:09.810+0000] {logging_mixin.py:188} INFO - [2026-05-16T14:41:09.810+0000] {dag.py:3089} INFO - Sync 1 DAGs
[2026-05-16T14:41:09.814+0000] {logging_mixin.py:188} INFO - [2026-05-16T14:41:09.814+0000] {dag.py:3947} INFO - Setting next_dagrun for example_sensors to None, run_after=None
[2026-05-16T14:41:09.820+0000] {processor.py:183} INFO - Processing /home/airflow/.local/lib/python3.12/site-packages/airflow/example_dags/example_sensors.py took 0.025 seconds
[2026-05-16T14:41:40.268+0000] {processor.py:161} INFO - Started process (PID=26780) to work on /home/airflow/.local/lib/python3.12/site-packages/airflow/example_dags/example_sensors.py
[2026-05-16T14:41:40.269+0000] {processor.py:830} INFO - Processing file /home/airflow/.local/lib/python3.12/site-packages/airflow/example_dags/example_sensors.py for tasks to queue
[2026-05-16T14:41:40.269+0000] {logging_mixin.py:188} INFO - [2026-05-16T14:41:40.269+0000] {dagbag.py:545} INFO - Filling up the DagBag from /home/airflow/.local/lib/python3.12/site-packages/airflow/example_dags/example_sensors.py
[2026-05-16T14:41:40.273+0000] {processor.py:840} INFO - DAG(s) 'example_sensors' retrieved from /home/airflow/.local/lib/python3.12/site-packages/airflow/example_dags/example_sensors.py
[2026-05-16T14:41:40.280+0000] {logging_mixin.py:188} INFO - [2026-05-16T14:41:40.280+0000] {dag.py:3089} INFO - Sync 1 DAGs
[2026-05-16T14:41:40.285+0000] {logging_mixin.py:188} INFO - [2026-05-16T14:41:40.285+0000] {dag.py:3947} INFO - Setting next_dagrun for example_sensors to None, run_after=None
[2026-05-16T14:41:40.289+0000] {processor.py:183} INFO - Processing /home/airflow/.local/lib/python3.12/site-packages/airflow/example_dags/example_sensors.py took 0.023 seconds
[2026-05-16T14:42:10.632+0000] {processor.py:161} INFO - Started process (PID=26842) to work on /home/airflow/.local/lib/python3.12/site-packages/airflow/example_dags/example_sensors.py
[2026-05-16T14:42:10.633+0000] {processor.py:830} INFO - Processing file /home/airflow/.local/lib/python3.12/site-packages/airflow/example_dags/example_sensors.py for tasks to queue
[2026-05-16T14:42:10.633+0000] {logging_mixin.py:188} INFO - [2026-05-16T14:42:10.633+0000] {dagbag.py:545} INFO - Filling up the DagBag from /home/airflow/.local/lib/python3.12/site-packages/airflow/example_dags/example_sensors.py
[2026-05-16T14:42:10.637+0000] {processor.py:840} INFO - DAG(s) 'example_sensors' retrieved from /home/airflow/.local/lib/python3.12/site-packages/airflow/example_dags/example_sensors.py
[2026-05-16T14:42:10.645+0000] {logging_mixin.py:188} INFO - [2026-05-16T14:42:10.645+0000] {dag.py:3089} INFO - Sync 1 DAGs
[2026-05-16T14:42:10.650+0000] {logging_mixin.py:188} INFO - [2026-05-16T14:42:10.650+0000] {dag.py:3947} INFO - Setting next_dagrun for example_sensors to None, run_after=None
[2026-05-16T14:42:10.654+0000] {processor.py:183} INFO - Processing /home/airflow/.local/lib/python3.12/site-packages/airflow/example_dags/example_sensors.py took 0.025 seconds
[2026-05-16T14:42:41.050+0000] {processor.py:161} INFO - Started process (PID=26904) to work on /home/airflow/.local/lib/python3.12/site-packages/airflow/example_dags/example_sensors.py
[2026-05-16T14:42:41.050+0000] {processor.py:830} INFO - Processing file /home/airflow/.local/lib/python3.12/site-packages/airflow/example_dags/example_sensors.py for tasks to queue
[2026-05-16T14:42:41.051+0000] {logging_mixin.py:188} INFO - [2026-05-16T14:42:41.051+0000] {dagbag.py:545} INFO - Filling up the DagBag from /home/airflow/.local/lib/python3.12/site-packages/airflow/example_dags/example_sensors.py
[2026-05-16T14:42:41.055+0000] {processor.py:840} INFO - DAG(s) 'example_sensors' retrieved from /home/airflow/.local/lib/python3.12/site-packages/airflow/example_dags/example_sensors.py
[2026-05-16T14:42:41.067+0000] {logging_mixin.py:188} INFO - [2026-05-16T14:42:41.066+0000] {dag.py:3089} INFO - Sync 1 DAGs
[2026-05-16T14:42:41.073+0000] {logging_mixin.py:188} INFO - [2026-05-16T14:42:41.073+0000] {dag.py:3947} INFO - Setting next_dagrun for example_sensors to None, run_after=None
[2026-05-16T14:42:41.079+0000] {processor.py:183} INFO - Processing /home/airflow/.local/lib/python3.12/site-packages/airflow/example_dags/example_sensors.py took 0.032 seconds
[2026-05-16T14:43:11.481+0000] {processor.py:161} INFO - Started process (PID=26966) to work on /home/airflow/.local/lib/python3.12/site-packages/airflow/example_dags/example_sensors.py
[2026-05-16T14:43:11.481+0000] {processor.py:830} INFO - Processing file /home/airflow/.local/lib/python3.12/site-packages/airflow/example_dags/example_sensors.py for tasks to queue
[2026-05-16T14:43:11.482+0000] {logging_mixin.py:188} INFO - [2026-05-16T14:43:11.482+0000] {dagbag.py:545} INFO - Filling up the DagBag from /home/airflow/.local/lib/python3.12/site-packages/airflow/example_dags/example_sensors.py
[2026-05-16T14:43:11.485+0000] {processor.py:840} INFO - DAG(s) 'example_sensors' retrieved from /home/airflow/.local/lib/python3.12/site-packages/airflow/example_dags/example_sensors.py
[2026-05-16T14:43:11.494+0000] {logging_mixin.py:188} INFO - [2026-05-16T14:43:11.494+0000] {dag.py:3089} INFO - Sync 1 DAGs
[2026-05-16T14:43:11.498+0000] {logging_mixin.py:188} INFO - [2026-05-16T14:43:11.498+0000] {dag.py:3947} INFO - Setting next_dagrun for example_sensors to None, run_after=None
[2026-05-16T14:43:11.503+0000] {processor.py:183} INFO - Processing /home/airflow/.local/lib/python3.12/site-packages/airflow/example_dags/example_sensors.py took 0.025 seconds
[2026-05-16T14:43:41.961+0000] {processor.py:161} INFO - Started process (PID=27028) to work on /home/airflow/.local/lib/python3.12/site-packages/airflow/example_dags/example_sensors.py
[2026-05-16T14:43:41.961+0000] {processor.py:830} INFO - Processing file /home/airflow/.local/lib/python3.12/site-packages/airflow/example_dags/example_sensors.py for tasks to queue
[2026-05-16T14:43:41.961+0000] {logging_mixin.py:188} INFO - [2026-05-16T14:43:41.961+0000] {dagbag.py:545} INFO - Filling up the DagBag from /home/airflow/.local/lib/python3.12/site-packages/airflow/example_dags/example_sensors.py
[2026-05-16T14:43:41.965+0000] {processor.py:840} INFO - DAG(s) 'example_sensors' retrieved from /home/airflow/.local/lib/python3.12/site-packages/airflow/example_dags/example_sensors.py
[2026-05-16T14:43:41.974+0000] {logging_mixin.py:188} INFO - [2026-05-16T14:43:41.974+0000] {dag.py:3089} INFO - Sync 1 DAGs
[2026-05-16T14:43:41.978+0000] {logging_mixin.py:188} INFO - [2026-05-16T14:43:41.978+0000] {dag.py:3947} INFO - Setting next_dagrun for example_sensors to None, run_after=None
[2026-05-16T14:43:41.983+0000] {processor.py:183} INFO - Processing /home/airflow/.local/lib/python3.12/site-packages/airflow/example_dags/example_sensors.py took 0.025 seconds
[2026-05-16T14:44:12.357+0000] {processor.py:161} INFO - Started process (PID=27091) to work on /home/airflow/.local/lib/python3.12/site-packages/airflow/example_dags/example_sensors.py
[2026-05-16T14:44:12.357+0000] {processor.py:830} INFO - Processing file /home/airflow/.local/lib/python3.12/site-packages/airflow/example_dags/example_sensors.py for tasks to queue
[2026-05-16T14:44:12.357+0000] {logging_mixin.py:188} INFO - [2026-05-16T14:44:12.357+0000] {dagbag.py:545} INFO - Filling up the DagBag from /home/airflow/.local/lib/python3.12/site-packages/airflow/example_dags/example_sensors.py
[2026-05-16T14:44:12.361+0000] {processor.py:840} INFO - DAG(s) 'example_sensors' retrieved from /home/airflow/.local/lib/python3.12/site-packages/airflow/example_dags/example_sensors.py
[2026-05-16T14:44:12.369+0000] {logging_mixin.py:188} INFO - [2026-05-16T14:44:12.369+0000] {dag.py:3089} INFO - Sync 1 DAGs
[2026-05-16T14:44:12.374+0000] {logging_mixin.py:188} INFO - [2026-05-16T14:44:12.374+0000] {dag.py:3947} INFO - Setting next_dagrun for example_sensors to None, run_after=None
[2026-05-16T14:44:12.378+0000] {processor.py:183} INFO - Processing /home/airflow/.local/lib/python3.12/site-packages/airflow/example_dags/example_sensors.py took 0.024 seconds
[2026-05-16T14:44:42.853+0000] {processor.py:161} INFO - Started process (PID=27152) to work on /home/airflow/.local/lib/python3.12/site-packages/airflow/example_dags/example_sensors.py
[2026-05-16T14:44:42.853+0000] {processor.py:830} INFO - Processing file /home/airflow/.local/lib/python3.12/site-packages/airflow/example_dags/example_sensors.py for tasks to queue
[2026-05-16T14:44:42.854+0000] {logging_mixin.py:188} INFO - [2026-05-16T14:44:42.854+0000] {dagbag.py:545} INFO - Filling up the DagBag from /home/airflow/.local/lib/python3.12/site-packages/airflow/example_dags/example_sensors.py
[2026-05-16T14:44:42.858+0000] {processor.py:840} INFO - DAG(s) 'example_sensors' retrieved from /home/airflow/.local/lib/python3.12/site-packages/airflow/example_dags/example_sensors.py
[2026-05-16T14:44:42.866+0000] {logging_mixin.py:188} INFO - [2026-05-16T14:44:42.866+0000] {dag.py:3089} INFO - Sync 1 DAGs
[2026-05-16T14:44:42.871+0000] {logging_mixin.py:188} INFO - [2026-05-16T14:44:42.870+0000] {dag.py:3947} INFO - Setting next_dagrun for example_sensors to None, run_after=None
[2026-05-16T14:44:42.876+0000] {processor.py:183} INFO - Processing /home/airflow/.local/lib/python3.12/site-packages/airflow/example_dags/example_sensors.py took 0.025 seconds
[2026-05-16T14:45:13.178+0000] {processor.py:161} INFO - Started process (PID=27214) to work on /home/airflow/.local/lib/python3.12/site-packages/airflow/example_dags/example_sensors.py
[2026-05-16T14:45:13.178+0000] {processor.py:830} INFO - Processing file /home/airflow/.local/lib/python3.12/site-packages/airflow/example_dags/example_sensors.py for tasks to queue
[2026-05-16T14:45:13.178+0000] {logging_mixin.py:188} INFO - [2026-05-16T14:45:13.178+0000] {dagbag.py:545} INFO - Filling up the DagBag from /home/airflow/.local/lib/python3.12/site-packages/airflow/example_dags/example_sensors.py
[2026-05-16T14:45:13.182+0000] {processor.py:840} INFO - DAG(s) 'example_sensors' retrieved from /home/airflow/.local/lib/python3.12/site-packages/airflow/example_dags/example_sensors.py
[2026-05-16T14:45:13.190+0000] {logging_mixin.py:188} INFO - [2026-05-16T14:45:13.190+0000] {dag.py:3089} INFO - Sync 1 DAGs
[2026-05-16T14:45:13.194+0000] {logging_mixin.py:188} INFO - [2026-05-16T14:45:13.194+0000] {dag.py:3947} INFO - Setting next_dagrun for example_sensors to None, run_after=None
[2026-05-16T14:45:13.200+0000] {processor.py:183} INFO - Processing /home/airflow/.local/lib/python3.12/site-packages/airflow/example_dags/example_sensors.py took 0.025 seconds
[2026-05-16T14:45:43.682+0000] {processor.py:161} INFO - Started process (PID=27276) to work on /home/airflow/.local/lib/python3.12/site-packages/airflow/example_dags/example_sensors.py
[2026-05-16T14:45:43.682+0000] {processor.py:830} INFO - Processing file /home/airflow/.local/lib/python3.12/site-packages/airflow/example_dags/example_sensors.py for tasks to queue
[2026-05-16T14:45:43.682+0000] {logging_mixin.py:188} INFO - [2026-05-16T14:45:43.682+0000] {dagbag.py:545} INFO - Filling up the DagBag from /home/airflow/.local/lib/python3.12/site-packages/airflow/example_dags/example_sensors.py
[2026-05-16T14:45:43.686+0000] {processor.py:840} INFO - DAG(s) 'example_sensors' retrieved from /home/airflow/.local/lib/python3.12/site-packages/airflow/example_dags/example_sensors.py
[2026-05-16T14:45:43.699+0000] {logging_mixin.py:188} INFO - [2026-05-16T14:45:43.699+0000] {dag.py:3089} INFO - Sync 1 DAGs
[2026-05-16T14:45:43.703+0000] {logging_mixin.py:188} INFO - [2026-05-16T14:45:43.703+0000] {dag.py:3947} INFO - Setting next_dagrun for example_sensors to None, run_after=None
[2026-05-16T14:45:43.710+0000] {processor.py:183} INFO - Processing /home/airflow/.local/lib/python3.12/site-packages/airflow/example_dags/example_sensors.py took 0.030 seconds
[2026-05-16T14:46:14.179+0000] {processor.py:161} INFO - Started process (PID=27338) to work on /home/airflow/.local/lib/python3.12/site-packages/airflow/example_dags/example_sensors.py
[2026-05-16T14:46:14.179+0000] {processor.py:830} INFO - Processing file /home/airflow/.local/lib/python3.12/site-packages/airflow/example_dags/example_sensors.py for tasks to queue
[2026-05-16T14:46:14.179+0000] {logging_mixin.py:188} INFO - [2026-05-16T14:46:14.179+0000] {dagbag.py:545} INFO - Filling up the DagBag from /home/airflow/.local/lib/python3.12/site-packages/airflow/example_dags/example_sensors.py
[2026-05-16T14:46:14.183+0000] {processor.py:840} INFO - DAG(s) 'example_sensors' retrieved from /home/airflow/.local/lib/python3.12/site-packages/airflow/example_dags/example_sensors.py
[2026-05-16T14:46:14.192+0000] {logging_mixin.py:188} INFO - [2026-05-16T14:46:14.192+0000] {dag.py:3089} INFO - Sync 1 DAGs
[2026-05-16T14:46:14.196+0000] {logging_mixin.py:188} INFO - [2026-05-16T14:46:14.196+0000] {dag.py:3947} INFO - Setting next_dagrun for example_sensors to None, run_after=None
[2026-05-16T14:46:14.202+0000] {processor.py:183} INFO - Processing /home/airflow/.local/lib/python3.12/site-packages/airflow/example_dags/example_sensors.py took 0.025 seconds
[2026-05-16T14:46:44.615+0000] {processor.py:161} INFO - Started process (PID=27399) to work on /home/airflow/.local/lib/python3.12/site-packages/airflow/example_dags/example_sensors.py
[2026-05-16T14:46:44.616+0000] {processor.py:830} INFO - Processing file /home/airflow/.local/lib/python3.12/site-packages/airflow/example_dags/example_sensors.py for tasks to queue
[2026-05-16T14:46:44.616+0000] {logging_mixin.py:188} INFO - [2026-05-16T14:46:44.616+0000] {dagbag.py:545} INFO - Filling up the DagBag from /home/airflow/.local/lib/python3.12/site-packages/airflow/example_dags/example_sensors.py
[2026-05-16T14:46:44.620+0000] {processor.py:840} INFO - DAG(s) 'example_sensors' retrieved from /home/airflow/.local/lib/python3.12/site-packages/airflow/example_dags/example_sensors.py
[2026-05-16T14:46:44.629+0000] {logging_mixin.py:188} INFO - [2026-05-16T14:46:44.628+0000] {dag.py:3089} INFO - Sync 1 DAGs
[2026-05-16T14:46:44.633+0000] {logging_mixin.py:188} INFO - [2026-05-16T14:46:44.633+0000] {dag.py:3947} INFO - Setting next_dagrun for example_sensors to None, run_after=None
[2026-05-16T14:46:44.638+0000] {processor.py:183} INFO - Processing /home/airflow/.local/lib/python3.12/site-packages/airflow/example_dags/example_sensors.py took 0.025 seconds
[2026-05-16T14:47:15.173+0000] {processor.py:161} INFO - Started process (PID=27460) to work on /home/airflow/.local/lib/python3.12/site-packages/airflow/example_dags/example_sensors.py
[2026-05-16T14:47:15.173+0000] {processor.py:830} INFO - Processing file /home/airflow/.local/lib/python3.12/site-packages/airflow/example_dags/example_sensors.py for tasks to queue
[2026-05-16T14:47:15.174+0000] {logging_mixin.py:188} INFO - [2026-05-16T14:47:15.173+0000] {dagbag.py:545} INFO - Filling up the DagBag from /home/airflow/.local/lib/python3.12/site-packages/airflow/example_dags/example_sensors.py
[2026-05-16T14:47:15.177+0000] {processor.py:840} INFO - DAG(s) 'example_sensors' retrieved from /home/airflow/.local/lib/python3.12/site-packages/airflow/example_dags/example_sensors.py
[2026-05-16T14:47:15.186+0000] {logging_mixin.py:188} INFO - [2026-05-16T14:47:15.186+0000] {dag.py:3089} INFO - Sync 1 DAGs
[2026-05-16T14:47:15.190+0000] {logging_mixin.py:188} INFO - [2026-05-16T14:47:15.190+0000] {dag.py:3947} INFO - Setting next_dagrun for example_sensors to None, run_after=None
[2026-05-16T14:47:15.195+0000] {processor.py:183} INFO - Processing /home/airflow/.local/lib/python3.12/site-packages/airflow/example_dags/example_sensors.py took 0.025 seconds
[2026-05-16T14:47:45.574+0000] {processor.py:161} INFO - Started process (PID=27523) to work on /home/airflow/.local/lib/python3.12/site-packages/airflow/example_dags/example_sensors.py
[2026-05-16T14:47:45.574+0000] {processor.py:830} INFO - Processing file /home/airflow/.local/lib/python3.12/site-packages/airflow/example_dags/example_sensors.py for tasks to queue
[2026-05-16T14:47:45.574+0000] {logging_mixin.py:188} INFO - [2026-05-16T14:47:45.574+0000] {dagbag.py:545} INFO - Filling up the DagBag from /home/airflow/.local/lib/python3.12/site-packages/airflow/example_dags/example_sensors.py
[2026-05-16T14:47:45.578+0000] {processor.py:840} INFO - DAG(s) 'example_sensors' retrieved from /home/airflow/.local/lib/python3.12/site-packages/airflow/example_dags/example_sensors.py
[2026-05-16T14:47:45.591+0000] {logging_mixin.py:188} INFO - [2026-05-16T14:47:45.590+0000] {dag.py:3089} INFO - Sync 1 DAGs
[2026-05-16T14:47:45.595+0000] {logging_mixin.py:188} INFO - [2026-05-16T14:47:45.595+0000] {dag.py:3947} INFO - Setting next_dagrun for example_sensors to None, run_after=None
[2026-05-16T14:47:45.600+0000] {processor.py:183} INFO - Processing /home/airflow/.local/lib/python3.12/site-packages/airflow/example_dags/example_sensors.py took 0.029 seconds
[2026-05-16T14:48:16.128+0000] {processor.py:161} INFO - Started process (PID=27585) to work on /home/airflow/.local/lib/python3.12/site-packages/airflow/example_dags/example_sensors.py
[2026-05-16T14:48:16.128+0000] {processor.py:830} INFO - Processing file /home/airflow/.local/lib/python3.12/site-packages/airflow/example_dags/example_sensors.py for tasks to queue
[2026-05-16T14:48:16.128+0000] {logging_mixin.py:188} INFO - [2026-05-16T14:48:16.128+0000] {dagbag.py:545} INFO - Filling up the DagBag from /home/airflow/.local/lib/python3.12/site-packages/airflow/example_dags/example_sensors.py
[2026-05-16T14:48:16.132+0000] {processor.py:840} INFO - DAG(s) 'example_sensors' retrieved from /home/airflow/.local/lib/python3.12/site-packages/airflow/example_dags/example_sensors.py
[2026-05-16T14:48:16.141+0000] {logging_mixin.py:188} INFO - [2026-05-16T14:48:16.141+0000] {dag.py:3089} INFO - Sync 1 DAGs
[2026-05-16T14:48:16.145+0000] {logging_mixin.py:188} INFO - [2026-05-16T14:48:16.145+0000] {dag.py:3947} INFO - Setting next_dagrun for example_sensors to None, run_after=None
[2026-05-16T14:48:16.151+0000] {processor.py:183} INFO - Processing /home/airflow/.local/lib/python3.12/site-packages/airflow/example_dags/example_sensors.py took 0.025 seconds
[2026-05-16T14:48:46.541+0000] {processor.py:161} INFO - Started process (PID=27647) to work on /home/airflow/.local/lib/python3.12/site-packages/airflow/example_dags/example_sensors.py
[2026-05-16T14:48:46.541+0000] {processor.py:830} INFO - Processing file /home/airflow/.local/lib/python3.12/site-packages/airflow/example_dags/example_sensors.py for tasks to queue
[2026-05-16T14:48:46.542+0000] {logging_mixin.py:188} INFO - [2026-05-16T14:48:46.541+0000] {dagbag.py:545} INFO - Filling up the DagBag from /home/airflow/.local/lib/python3.12/site-packages/airflow/example_dags/example_sensors.py
[2026-05-16T14:48:46.546+0000] {processor.py:840} INFO - DAG(s) 'example_sensors' retrieved from /home/airflow/.local/lib/python3.12/site-packages/airflow/example_dags/example_sensors.py
[2026-05-16T14:48:46.557+0000] {logging_mixin.py:188} INFO - [2026-05-16T14:48:46.557+0000] {dag.py:3089} INFO - Sync 1 DAGs
[2026-05-16T14:48:46.561+0000] {logging_mixin.py:188} INFO - [2026-05-16T14:48:46.561+0000] {dag.py:3947} INFO - Setting next_dagrun for example_sensors to None, run_after=None
[2026-05-16T14:48:46.567+0000] {processor.py:183} INFO - Processing /home/airflow/.local/lib/python3.12/site-packages/airflow/example_dags/example_sensors.py took 0.029 seconds
[2026-05-16T14:49:16.990+0000] {processor.py:161} INFO - Started process (PID=27710) to work on /home/airflow/.local/lib/python3.12/site-packages/airflow/example_dags/example_sensors.py
[2026-05-16T14:49:16.990+0000] {processor.py:830} INFO - Processing file /home/airflow/.local/lib/python3.12/site-packages/airflow/example_dags/example_sensors.py for tasks to queue
[2026-05-16T14:49:16.990+0000] {logging_mixin.py:188} INFO - [2026-05-16T14:49:16.990+0000] {dagbag.py:545} INFO - Filling up the DagBag from /home/airflow/.local/lib/python3.12/site-packages/airflow/example_dags/example_sensors.py
[2026-05-16T14:49:16.994+0000] {processor.py:840} INFO - DAG(s) 'example_sensors' retrieved from /home/airflow/.local/lib/python3.12/site-packages/airflow/example_dags/example_sensors.py
[2026-05-16T14:49:17.007+0000] {logging_mixin.py:188} INFO - [2026-05-16T14:49:17.006+0000] {dag.py:3089} INFO - Sync 1 DAGs
[2026-05-16T14:49:17.011+0000] {logging_mixin.py:188} INFO - [2026-05-16T14:49:17.011+0000] {dag.py:3947} INFO - Setting next_dagrun for example_sensors to None, run_after=None
[2026-05-16T14:49:17.018+0000] {processor.py:183} INFO - Processing /home/airflow/.local/lib/python3.12/site-packages/airflow/example_dags/example_sensors.py took 0.030 seconds
[2026-05-16T14:49:47.325+0000] {processor.py:161} INFO - Started process (PID=27771) to work on /home/airflow/.local/lib/python3.12/site-packages/airflow/example_dags/example_sensors.py
[2026-05-16T14:49:47.326+0000] {processor.py:830} INFO - Processing file /home/airflow/.local/lib/python3.12/site-packages/airflow/example_dags/example_sensors.py for tasks to queue
[2026-05-16T14:49:47.326+0000] {logging_mixin.py:188} INFO - [2026-05-16T14:49:47.326+0000] {dagbag.py:545} INFO - Filling up the DagBag from /home/airflow/.local/lib/python3.12/site-packages/airflow/example_dags/example_sensors.py
[2026-05-16T14:49:47.330+0000] {processor.py:840} INFO - DAG(s) 'example_sensors' retrieved from /home/airflow/.local/lib/python3.12/site-packages/airflow/example_dags/example_sensors.py
[2026-05-16T14:49:47.338+0000] {logging_mixin.py:188} INFO - [2026-05-16T14:49:47.338+0000] {dag.py:3089} INFO - Sync 1 DAGs
[2026-05-16T14:49:47.342+0000] {logging_mixin.py:188} INFO - [2026-05-16T14:49:47.342+0000] {dag.py:3947} INFO - Setting next_dagrun for example_sensors to None, run_after=None
[2026-05-16T14:49:47.347+0000] {processor.py:183} INFO - Processing /home/airflow/.local/lib/python3.12/site-packages/airflow/example_dags/example_sensors.py took 0.024 seconds
[2026-05-16T14:50:17.720+0000] {processor.py:161} INFO - Started process (PID=27833) to work on /home/airflow/.local/lib/python3.12/site-packages/airflow/example_dags/example_sensors.py
[2026-05-16T14:50:17.721+0000] {processor.py:830} INFO - Processing file /home/airflow/.local/lib/python3.12/site-packages/airflow/example_dags/example_sensors.py for tasks to queue
[2026-05-16T14:50:17.721+0000] {logging_mixin.py:188} INFO - [2026-05-16T14:50:17.721+0000] {dagbag.py:545} INFO - Filling up the DagBag from /home/airflow/.local/lib/python3.12/site-packages/airflow/example_dags/example_sensors.py
[2026-05-16T14:50:17.725+0000] {processor.py:840} INFO - DAG(s) 'example_sensors' retrieved from /home/airflow/.local/lib/python3.12/site-packages/airflow/example_dags/example_sensors.py
[2026-05-16T14:50:17.736+0000] {logging_mixin.py:188} INFO - [2026-05-16T14:50:17.736+0000] {dag.py:3089} INFO - Sync 1 DAGs
[2026-05-16T14:50:17.741+0000] {logging_mixin.py:188} INFO - [2026-05-16T14:50:17.741+0000] {dag.py:3947} INFO - Setting next_dagrun for example_sensors to None, run_after=None
[2026-05-16T14:50:17.747+0000] {processor.py:183} INFO - Processing /home/airflow/.local/lib/python3.12/site-packages/airflow/example_dags/example_sensors.py took 0.029 seconds
[2026-05-16T14:50:48.004+0000] {processor.py:161} INFO - Started process (PID=27895) to work on /home/airflow/.local/lib/python3.12/site-packages/airflow/example_dags/example_sensors.py
[2026-05-16T14:50:48.005+0000] {processor.py:830} INFO - Processing file /home/airflow/.local/lib/python3.12/site-packages/airflow/example_dags/example_sensors.py for tasks to queue
[2026-05-16T14:50:48.005+0000] {logging_mixin.py:188} INFO - [2026-05-16T14:50:48.005+0000] {dagbag.py:545} INFO - Filling up the DagBag from /home/airflow/.local/lib/python3.12/site-packages/airflow/example_dags/example_sensors.py
[2026-05-16T14:50:48.008+0000] {processor.py:840} INFO - DAG(s) 'example_sensors' retrieved from /home/airflow/.local/lib/python3.12/site-packages/airflow/example_dags/example_sensors.py
[2026-05-16T14:50:48.016+0000] {logging_mixin.py:188} INFO - [2026-05-16T14:50:48.016+0000] {dag.py:3089} INFO - Sync 1 DAGs
[2026-05-16T14:50:48.020+0000] {logging_mixin.py:188} INFO - [2026-05-16T14:50:48.020+0000] {dag.py:3947} INFO - Setting next_dagrun for example_sensors to None, run_after=None
[2026-05-16T14:50:48.027+0000] {processor.py:183} INFO - Processing /home/airflow/.local/lib/python3.12/site-packages/airflow/example_dags/example_sensors.py took 0.025 seconds
[2026-05-16T14:51:18.414+0000] {processor.py:161} INFO - Started process (PID=27957) to work on /home/airflow/.local/lib/python3.12/site-packages/airflow/example_dags/example_sensors.py
[2026-05-16T14:51:18.415+0000] {processor.py:830} INFO - Processing file /home/airflow/.local/lib/python3.12/site-packages/airflow/example_dags/example_sensors.py for tasks to queue
[2026-05-16T14:51:18.415+0000] {logging_mixin.py:188} INFO - [2026-05-16T14:51:18.415+0000] {dagbag.py:545} INFO - Filling up the DagBag from /home/airflow/.local/lib/python3.12/site-packages/airflow/example_dags/example_sensors.py
[2026-05-16T14:51:18.419+0000] {processor.py:840} INFO - DAG(s) 'example_sensors' retrieved from /home/airflow/.local/lib/python3.12/site-packages/airflow/example_dags/example_sensors.py
[2026-05-16T14:51:18.427+0000] {logging_mixin.py:188} INFO - [2026-05-16T14:51:18.427+0000] {dag.py:3089} INFO - Sync 1 DAGs
[2026-05-16T14:51:18.430+0000] {logging_mixin.py:188} INFO - [2026-05-16T14:51:18.430+0000] {dag.py:3947} INFO - Setting next_dagrun for example_sensors to None, run_after=None
[2026-05-16T14:51:18.435+0000] {processor.py:183} INFO - Processing /home/airflow/.local/lib/python3.12/site-packages/airflow/example_dags/example_sensors.py took 0.023 seconds
[2026-05-16T14:51:48.729+0000] {processor.py:161} INFO - Started process (PID=28019) to work on /home/airflow/.local/lib/python3.12/site-packages/airflow/example_dags/example_sensors.py
[2026-05-16T14:51:48.729+0000] {processor.py:830} INFO - Processing file /home/airflow/.local/lib/python3.12/site-packages/airflow/example_dags/example_sensors.py for tasks to queue
[2026-05-16T14:51:48.730+0000] {logging_mixin.py:188} INFO - [2026-05-16T14:51:48.729+0000] {dagbag.py:545} INFO - Filling up the DagBag from /home/airflow/.local/lib/python3.12/site-packages/airflow/example_dags/example_sensors.py
[2026-05-16T14:51:48.733+0000] {processor.py:840} INFO - DAG(s) 'example_sensors' retrieved from /home/airflow/.local/lib/python3.12/site-packages/airflow/example_dags/example_sensors.py
[2026-05-16T14:51:48.741+0000] {logging_mixin.py:188} INFO - [2026-05-16T14:51:48.741+0000] {dag.py:3089} INFO - Sync 1 DAGs
[2026-05-16T14:51:48.745+0000] {logging_mixin.py:188} INFO - [2026-05-16T14:51:48.745+0000] {dag.py:3947} INFO - Setting next_dagrun for example_sensors to None, run_after=None
[2026-05-16T14:51:48.750+0000] {processor.py:183} INFO - Processing /home/airflow/.local/lib/python3.12/site-packages/airflow/example_dags/example_sensors.py took 0.023 seconds
[2026-05-16T14:52:19.038+0000] {processor.py:161} INFO - Started process (PID=28081) to work on /home/airflow/.local/lib/python3.12/site-packages/airflow/example_dags/example_sensors.py
[2026-05-16T14:52:19.038+0000] {processor.py:830} INFO - Processing file /home/airflow/.local/lib/python3.12/site-packages/airflow/example_dags/example_sensors.py for tasks to queue
[2026-05-16T14:52:19.038+0000] {logging_mixin.py:188} INFO - [2026-05-16T14:52:19.038+0000] {dagbag.py:545} INFO - Filling up the DagBag from /home/airflow/.local/lib/python3.12/site-packages/airflow/example_dags/example_sensors.py
[2026-05-16T14:52:19.042+0000] {processor.py:840} INFO - DAG(s) 'example_sensors' retrieved from /home/airflow/.local/lib/python3.12/site-packages/airflow/example_dags/example_sensors.py
[2026-05-16T14:52:19.050+0000] {logging_mixin.py:188} INFO - [2026-05-16T14:52:19.050+0000] {dag.py:3089} INFO - Sync 1 DAGs
[2026-05-16T14:52:19.054+0000] {logging_mixin.py:188} INFO - [2026-05-16T14:52:19.054+0000] {dag.py:3947} INFO - Setting next_dagrun for example_sensors to None, run_after=None
[2026-05-16T14:52:19.059+0000] {processor.py:183} INFO - Processing /home/airflow/.local/lib/python3.12/site-packages/airflow/example_dags/example_sensors.py took 0.023 seconds
[2026-05-16T14:52:49.324+0000] {processor.py:161} INFO - Started process (PID=28143) to work on /home/airflow/.local/lib/python3.12/site-packages/airflow/example_dags/example_sensors.py
[2026-05-16T14:52:49.324+0000] {processor.py:830} INFO - Processing file /home/airflow/.local/lib/python3.12/site-packages/airflow/example_dags/example_sensors.py for tasks to queue
[2026-05-16T14:52:49.324+0000] {logging_mixin.py:188} INFO - [2026-05-16T14:52:49.324+0000] {dagbag.py:545} INFO - Filling up the DagBag from /home/airflow/.local/lib/python3.12/site-packages/airflow/example_dags/example_sensors.py
[2026-05-16T14:52:49.328+0000] {processor.py:840} INFO - DAG(s) 'example_sensors' retrieved from /home/airflow/.local/lib/python3.12/site-packages/airflow/example_dags/example_sensors.py
[2026-05-16T14:52:49.336+0000] {logging_mixin.py:188} INFO - [2026-05-16T14:52:49.336+0000] {dag.py:3089} INFO - Sync 1 DAGs
[2026-05-16T14:52:49.340+0000] {logging_mixin.py:188} INFO - [2026-05-16T14:52:49.340+0000] {dag.py:3947} INFO - Setting next_dagrun for example_sensors to None, run_after=None
[2026-05-16T14:52:49.345+0000] {processor.py:183} INFO - Processing /home/airflow/.local/lib/python3.12/site-packages/airflow/example_dags/example_sensors.py took 0.023 seconds
[2026-05-16T14:53:19.663+0000] {processor.py:161} INFO - Started process (PID=28205) to work on /home/airflow/.local/lib/python3.12/site-packages/airflow/example_dags/example_sensors.py
[2026-05-16T14:53:19.663+0000] {processor.py:830} INFO - Processing file /home/airflow/.local/lib/python3.12/site-packages/airflow/example_dags/example_sensors.py for tasks to queue
[2026-05-16T14:53:19.663+0000] {logging_mixin.py:188} INFO - [2026-05-16T14:53:19.663+0000] {dagbag.py:545} INFO - Filling up the DagBag from /home/airflow/.local/lib/python3.12/site-packages/airflow/example_dags/example_sensors.py
[2026-05-16T14:53:19.667+0000] {processor.py:840} INFO - DAG(s) 'example_sensors' retrieved from /home/airflow/.local/lib/python3.12/site-packages/airflow/example_dags/example_sensors.py
[2026-05-16T14:53:19.675+0000] {logging_mixin.py:188} INFO - [2026-05-16T14:53:19.675+0000] {dag.py:3089} INFO - Sync 1 DAGs
[2026-05-16T14:53:19.678+0000] {logging_mixin.py:188} INFO - [2026-05-16T14:53:19.678+0000] {dag.py:3947} INFO - Setting next_dagrun for example_sensors to None, run_after=None
[2026-05-16T14:53:19.683+0000] {processor.py:183} INFO - Processing /home/airflow/.local/lib/python3.12/site-packages/airflow/example_dags/example_sensors.py took 0.022 seconds
[2026-05-16T14:53:50.032+0000] {processor.py:161} INFO - Started process (PID=28267) to work on /home/airflow/.local/lib/python3.12/site-packages/airflow/example_dags/example_sensors.py
[2026-05-16T14:53:50.032+0000] {processor.py:830} INFO - Processing file /home/airflow/.local/lib/python3.12/site-packages/airflow/example_dags/example_sensors.py for tasks to queue
[2026-05-16T14:53:50.033+0000] {logging_mixin.py:188} INFO - [2026-05-16T14:53:50.032+0000] {dagbag.py:545} INFO - Filling up the DagBag from /home/airflow/.local/lib/python3.12/site-packages/airflow/example_dags/example_sensors.py
[2026-05-16T14:53:50.036+0000] {processor.py:840} INFO - DAG(s) 'example_sensors' retrieved from /home/airflow/.local/lib/python3.12/site-packages/airflow/example_dags/example_sensors.py
[2026-05-16T14:53:50.043+0000] {logging_mixin.py:188} INFO - [2026-05-16T14:53:50.043+0000] {dag.py:3089} INFO - Sync 1 DAGs
[2026-05-16T14:53:50.047+0000] {logging_mixin.py:188} INFO - [2026-05-16T14:53:50.047+0000] {dag.py:3947} INFO - Setting next_dagrun for example_sensors to None, run_after=None
[2026-05-16T14:53:50.051+0000] {processor.py:183} INFO - Processing /home/airflow/.local/lib/python3.12/site-packages/airflow/example_dags/example_sensors.py took 0.021 seconds
[2026-05-16T14:54:20.736+0000] {processor.py:161} INFO - Started process (PID=28328) to work on /home/airflow/.local/lib/python3.12/site-packages/airflow/example_dags/example_sensors.py
[2026-05-16T14:54:20.736+0000] {processor.py:830} INFO - Processing file /home/airflow/.local/lib/python3.12/site-packages/airflow/example_dags/example_sensors.py for tasks to queue
[2026-05-16T14:54:20.736+0000] {logging_mixin.py:188} INFO - [2026-05-16T14:54:20.736+0000] {dagbag.py:545} INFO - Filling up the DagBag from /home/airflow/.local/lib/python3.12/site-packages/airflow/example_dags/example_sensors.py
[2026-05-16T14:54:20.740+0000] {processor.py:840} INFO - DAG(s) 'example_sensors' retrieved from /home/airflow/.local/lib/python3.12/site-packages/airflow/example_dags/example_sensors.py
[2026-05-16T14:54:20.748+0000] {logging_mixin.py:188} INFO - [2026-05-16T14:54:20.748+0000] {dag.py:3089} INFO - Sync 1 DAGs
[2026-05-16T14:54:20.752+0000] {logging_mixin.py:188} INFO - [2026-05-16T14:54:20.752+0000] {dag.py:3947} INFO - Setting next_dagrun for example_sensors to None, run_after=None
[2026-05-16T14:54:20.757+0000] {processor.py:183} INFO - Processing /home/airflow/.local/lib/python3.12/site-packages/airflow/example_dags/example_sensors.py took 0.024 seconds
[2026-05-16T14:54:51.446+0000] {processor.py:161} INFO - Started process (PID=28390) to work on /home/airflow/.local/lib/python3.12/site-packages/airflow/example_dags/example_sensors.py
[2026-05-16T14:54:51.447+0000] {processor.py:830} INFO - Processing file /home/airflow/.local/lib/python3.12/site-packages/airflow/example_dags/example_sensors.py for tasks to queue
[2026-05-16T14:54:51.449+0000] {logging_mixin.py:188} INFO - [2026-05-16T14:54:51.449+0000] {dagbag.py:545} INFO - Filling up the DagBag from /home/airflow/.local/lib/python3.12/site-packages/airflow/example_dags/example_sensors.py
[2026-05-16T14:54:51.454+0000] {processor.py:840} INFO - DAG(s) 'example_sensors' retrieved from /home/airflow/.local/lib/python3.12/site-packages/airflow/example_dags/example_sensors.py
[2026-05-16T14:54:51.474+0000] {logging_mixin.py:188} INFO - [2026-05-16T14:54:51.474+0000] {dag.py:3089} INFO - Sync 1 DAGs
[2026-05-16T14:54:51.482+0000] {logging_mixin.py:188} INFO - [2026-05-16T14:54:51.482+0000] {dag.py:3947} INFO - Setting next_dagrun for example_sensors to None, run_after=None
[2026-05-16T14:54:51.493+0000] {processor.py:183} INFO - Processing /home/airflow/.local/lib/python3.12/site-packages/airflow/example_dags/example_sensors.py took 0.052 seconds
[2026-05-16T14:55:22.001+0000] {processor.py:161} INFO - Started process (PID=28452) to work on /home/airflow/.local/lib/python3.12/site-packages/airflow/example_dags/example_sensors.py
[2026-05-16T14:55:22.003+0000] {processor.py:830} INFO - Processing file /home/airflow/.local/lib/python3.12/site-packages/airflow/example_dags/example_sensors.py for tasks to queue
[2026-05-16T14:55:22.004+0000] {logging_mixin.py:188} INFO - [2026-05-16T14:55:22.003+0000] {dagbag.py:545} INFO - Filling up the DagBag from /home/airflow/.local/lib/python3.12/site-packages/airflow/example_dags/example_sensors.py
[2026-05-16T14:55:22.010+0000] {processor.py:840} INFO - DAG(s) 'example_sensors' retrieved from /home/airflow/.local/lib/python3.12/site-packages/airflow/example_dags/example_sensors.py
[2026-05-16T14:55:22.025+0000] {logging_mixin.py:188} INFO - [2026-05-16T14:55:22.025+0000] {dag.py:3089} INFO - Sync 1 DAGs
[2026-05-16T14:55:22.031+0000] {logging_mixin.py:188} INFO - [2026-05-16T14:55:22.031+0000] {dag.py:3947} INFO - Setting next_dagrun for example_sensors to None, run_after=None
[2026-05-16T14:55:22.036+0000] {processor.py:183} INFO - Processing /home/airflow/.local/lib/python3.12/site-packages/airflow/example_dags/example_sensors.py took 0.040 seconds
[2026-05-16T14:55:52.410+0000] {processor.py:161} INFO - Started process (PID=28514) to work on /home/airflow/.local/lib/python3.12/site-packages/airflow/example_dags/example_sensors.py
[2026-05-16T14:55:52.411+0000] {processor.py:830} INFO - Processing file /home/airflow/.local/lib/python3.12/site-packages/airflow/example_dags/example_sensors.py for tasks to queue
[2026-05-16T14:55:52.411+0000] {logging_mixin.py:188} INFO - [2026-05-16T14:55:52.411+0000] {dagbag.py:545} INFO - Filling up the DagBag from /home/airflow/.local/lib/python3.12/site-packages/airflow/example_dags/example_sensors.py
[2026-05-16T14:55:52.415+0000] {processor.py:840} INFO - DAG(s) 'example_sensors' retrieved from /home/airflow/.local/lib/python3.12/site-packages/airflow/example_dags/example_sensors.py
[2026-05-16T14:55:52.424+0000] {logging_mixin.py:188} INFO - [2026-05-16T14:55:52.424+0000] {dag.py:3089} INFO - Sync 1 DAGs
[2026-05-16T14:55:52.429+0000] {logging_mixin.py:188} INFO - [2026-05-16T14:55:52.429+0000] {dag.py:3947} INFO - Setting next_dagrun for example_sensors to None, run_after=None
[2026-05-16T14:55:52.434+0000] {processor.py:183} INFO - Processing /home/airflow/.local/lib/python3.12/site-packages/airflow/example_dags/example_sensors.py took 0.026 seconds
[2026-05-16T14:56:22.708+0000] {processor.py:161} INFO - Started process (PID=28577) to work on /home/airflow/.local/lib/python3.12/site-packages/airflow/example_dags/example_sensors.py
[2026-05-16T14:56:22.708+0000] {processor.py:830} INFO - Processing file /home/airflow/.local/lib/python3.12/site-packages/airflow/example_dags/example_sensors.py for tasks to queue
[2026-05-16T14:56:22.709+0000] {logging_mixin.py:188} INFO - [2026-05-16T14:56:22.709+0000] {dagbag.py:545} INFO - Filling up the DagBag from /home/airflow/.local/lib/python3.12/site-packages/airflow/example_dags/example_sensors.py
[2026-05-16T14:56:22.712+0000] {processor.py:840} INFO - DAG(s) 'example_sensors' retrieved from /home/airflow/.local/lib/python3.12/site-packages/airflow/example_dags/example_sensors.py
[2026-05-16T14:56:22.720+0000] {logging_mixin.py:188} INFO - [2026-05-16T14:56:22.720+0000] {dag.py:3089} INFO - Sync 1 DAGs
[2026-05-16T14:56:22.724+0000] {logging_mixin.py:188} INFO - [2026-05-16T14:56:22.724+0000] {dag.py:3947} INFO - Setting next_dagrun for example_sensors to None, run_after=None
[2026-05-16T14:56:22.729+0000] {processor.py:183} INFO - Processing /home/airflow/.local/lib/python3.12/site-packages/airflow/example_dags/example_sensors.py took 0.023 seconds
[2026-05-16T14:56:53.012+0000] {processor.py:161} INFO - Started process (PID=28639) to work on /home/airflow/.local/lib/python3.12/site-packages/airflow/example_dags/example_sensors.py
[2026-05-16T14:56:53.013+0000] {processor.py:830} INFO - Processing file /home/airflow/.local/lib/python3.12/site-packages/airflow/example_dags/example_sensors.py for tasks to queue
[2026-05-16T14:56:53.013+0000] {logging_mixin.py:188} INFO - [2026-05-16T14:56:53.013+0000] {dagbag.py:545} INFO - Filling up the DagBag from /home/airflow/.local/lib/python3.12/site-packages/airflow/example_dags/example_sensors.py
[2026-05-16T14:56:53.016+0000] {processor.py:840} INFO - DAG(s) 'example_sensors' retrieved from /home/airflow/.local/lib/python3.12/site-packages/airflow/example_dags/example_sensors.py
[2026-05-16T14:56:53.024+0000] {logging_mixin.py:188} INFO - [2026-05-16T14:56:53.024+0000] {dag.py:3089} INFO - Sync 1 DAGs
[2026-05-16T14:56:53.028+0000] {logging_mixin.py:188} INFO - [2026-05-16T14:56:53.028+0000] {dag.py:3947} INFO - Setting next_dagrun for example_sensors to None, run_after=None
[2026-05-16T14:56:53.033+0000] {processor.py:183} INFO - Processing /home/airflow/.local/lib/python3.12/site-packages/airflow/example_dags/example_sensors.py took 0.023 seconds
[2026-05-16T14:57:23.756+0000] {processor.py:161} INFO - Started process (PID=28701) to work on /home/airflow/.local/lib/python3.12/site-packages/airflow/example_dags/example_sensors.py
[2026-05-16T14:57:23.756+0000] {processor.py:830} INFO - Processing file /home/airflow/.local/lib/python3.12/site-packages/airflow/example_dags/example_sensors.py for tasks to queue
[2026-05-16T14:57:23.757+0000] {logging_mixin.py:188} INFO - [2026-05-16T14:57:23.757+0000] {dagbag.py:545} INFO - Filling up the DagBag from /home/airflow/.local/lib/python3.12/site-packages/airflow/example_dags/example_sensors.py
[2026-05-16T14:57:23.761+0000] {processor.py:840} INFO - DAG(s) 'example_sensors' retrieved from /home/airflow/.local/lib/python3.12/site-packages/airflow/example_dags/example_sensors.py
[2026-05-16T14:57:23.769+0000] {logging_mixin.py:188} INFO - [2026-05-16T14:57:23.769+0000] {dag.py:3089} INFO - Sync 1 DAGs
[2026-05-16T14:57:23.773+0000] {logging_mixin.py:188} INFO - [2026-05-16T14:57:23.773+0000] {dag.py:3947} INFO - Setting next_dagrun for example_sensors to None, run_after=None
[2026-05-16T14:57:23.778+0000] {processor.py:183} INFO - Processing /home/airflow/.local/lib/python3.12/site-packages/airflow/example_dags/example_sensors.py took 0.024 seconds
[2026-05-16T14:57:55.501+0000] {processor.py:161} INFO - Started process (PID=28763) to work on /home/airflow/.local/lib/python3.12/site-packages/airflow/example_dags/example_sensors.py
[2026-05-16T14:57:55.502+0000] {processor.py:830} INFO - Processing file /home/airflow/.local/lib/python3.12/site-packages/airflow/example_dags/example_sensors.py for tasks to queue
[2026-05-16T14:57:55.502+0000] {logging_mixin.py:188} INFO - [2026-05-16T14:57:55.502+0000] {dagbag.py:545} INFO - Filling up the DagBag from /home/airflow/.local/lib/python3.12/site-packages/airflow/example_dags/example_sensors.py
[2026-05-16T14:57:55.506+0000] {processor.py:840} INFO - DAG(s) 'example_sensors' retrieved from /home/airflow/.local/lib/python3.12/site-packages/airflow/example_dags/example_sensors.py
[2026-05-16T14:57:55.514+0000] {logging_mixin.py:188} INFO - [2026-05-16T14:57:55.514+0000] {dag.py:3089} INFO - Sync 1 DAGs
[2026-05-16T14:57:55.518+0000] {logging_mixin.py:188} INFO - [2026-05-16T14:57:55.518+0000] {dag.py:3947} INFO - Setting next_dagrun for example_sensors to None, run_after=None
[2026-05-16T14:57:55.524+0000] {processor.py:183} INFO - Processing /home/airflow/.local/lib/python3.12/site-packages/airflow/example_dags/example_sensors.py took 0.025 seconds
[2026-05-16T14:58:26.482+0000] {processor.py:161} INFO - Started process (PID=28825) to work on /home/airflow/.local/lib/python3.12/site-packages/airflow/example_dags/example_sensors.py
[2026-05-16T14:58:26.482+0000] {processor.py:830} INFO - Processing file /home/airflow/.local/lib/python3.12/site-packages/airflow/example_dags/example_sensors.py for tasks to queue
[2026-05-16T14:58:26.483+0000] {logging_mixin.py:188} INFO - [2026-05-16T14:58:26.482+0000] {dagbag.py:545} INFO - Filling up the DagBag from /home/airflow/.local/lib/python3.12/site-packages/airflow/example_dags/example_sensors.py
[2026-05-16T14:58:26.486+0000] {processor.py:840} INFO - DAG(s) 'example_sensors' retrieved from /home/airflow/.local/lib/python3.12/site-packages/airflow/example_dags/example_sensors.py
[2026-05-16T14:58:26.495+0000] {logging_mixin.py:188} INFO - [2026-05-16T14:58:26.495+0000] {dag.py:3089} INFO - Sync 1 DAGs
[2026-05-16T14:58:26.498+0000] {logging_mixin.py:188} INFO - [2026-05-16T14:58:26.498+0000] {dag.py:3947} INFO - Setting next_dagrun for example_sensors to None, run_after=None
[2026-05-16T14:58:26.503+0000] {processor.py:183} INFO - Processing /home/airflow/.local/lib/python3.12/site-packages/airflow/example_dags/example_sensors.py took 0.024 seconds
[2026-05-16T14:58:56.751+0000] {processor.py:161} INFO - Started process (PID=28887) to work on /home/airflow/.local/lib/python3.12/site-packages/airflow/example_dags/example_sensors.py
[2026-05-16T14:58:56.752+0000] {processor.py:830} INFO - Processing file /home/airflow/.local/lib/python3.12/site-packages/airflow/example_dags/example_sensors.py for tasks to queue
[2026-05-16T14:58:56.752+0000] {logging_mixin.py:188} INFO - [2026-05-16T14:58:56.752+0000] {dagbag.py:545} INFO - Filling up the DagBag from /home/airflow/.local/lib/python3.12/site-packages/airflow/example_dags/example_sensors.py
[2026-05-16T14:58:56.756+0000] {processor.py:840} INFO - DAG(s) 'example_sensors' retrieved from /home/airflow/.local/lib/python3.12/site-packages/airflow/example_dags/example_sensors.py
[2026-05-16T14:58:56.764+0000] {logging_mixin.py:188} INFO - [2026-05-16T14:58:56.764+0000] {dag.py:3089} INFO - Sync 1 DAGs
[2026-05-16T14:58:56.768+0000] {logging_mixin.py:188} INFO - [2026-05-16T14:58:56.768+0000] {dag.py:3947} INFO - Setting next_dagrun for example_sensors to None, run_after=None
[2026-05-16T14:58:56.772+0000] {processor.py:183} INFO - Processing /home/airflow/.local/lib/python3.12/site-packages/airflow/example_dags/example_sensors.py took 0.024 seconds
[2026-05-16T14:59:27.161+0000] {processor.py:161} INFO - Started process (PID=28949) to work on /home/airflow/.local/lib/python3.12/site-packages/airflow/example_dags/example_sensors.py
[2026-05-16T14:59:27.161+0000] {processor.py:830} INFO - Processing file /home/airflow/.local/lib/python3.12/site-packages/airflow/example_dags/example_sensors.py for tasks to queue
[2026-05-16T14:59:27.161+0000] {logging_mixin.py:188} INFO - [2026-05-16T14:59:27.161+0000] {dagbag.py:545} INFO - Filling up the DagBag from /home/airflow/.local/lib/python3.12/site-packages/airflow/example_dags/example_sensors.py
[2026-05-16T14:59:27.165+0000] {processor.py:840} INFO - DAG(s) 'example_sensors' retrieved from /home/airflow/.local/lib/python3.12/site-packages/airflow/example_dags/example_sensors.py
[2026-05-16T14:59:27.172+0000] {logging_mixin.py:188} INFO - [2026-05-16T14:59:27.172+0000] {dag.py:3089} INFO - Sync 1 DAGs
[2026-05-16T14:59:27.177+0000] {logging_mixin.py:188} INFO - [2026-05-16T14:59:27.177+0000] {dag.py:3947} INFO - Setting next_dagrun for example_sensors to None, run_after=None
[2026-05-16T14:59:27.183+0000] {processor.py:183} INFO - Processing /home/airflow/.local/lib/python3.12/site-packages/airflow/example_dags/example_sensors.py took 0.024 seconds
[2026-05-16T14:59:57.510+0000] {processor.py:161} INFO - Started process (PID=29011) to work on /home/airflow/.local/lib/python3.12/site-packages/airflow/example_dags/example_sensors.py
[2026-05-16T14:59:57.510+0000] {processor.py:830} INFO - Processing file /home/airflow/.local/lib/python3.12/site-packages/airflow/example_dags/example_sensors.py for tasks to queue
[2026-05-16T14:59:57.511+0000] {logging_mixin.py:188} INFO - [2026-05-16T14:59:57.510+0000] {dagbag.py:545} INFO - Filling up the DagBag from /home/airflow/.local/lib/python3.12/site-packages/airflow/example_dags/example_sensors.py
[2026-05-16T14:59:57.514+0000] {processor.py:840} INFO - DAG(s) 'example_sensors' retrieved from /home/airflow/.local/lib/python3.12/site-packages/airflow/example_dags/example_sensors.py
[2026-05-16T14:59:57.521+0000] {logging_mixin.py:188} INFO - [2026-05-16T14:59:57.521+0000] {dag.py:3089} INFO - Sync 1 DAGs
[2026-05-16T14:59:57.525+0000] {logging_mixin.py:188} INFO - [2026-05-16T14:59:57.525+0000] {dag.py:3947} INFO - Setting next_dagrun for example_sensors to None, run_after=None
[2026-05-16T14:59:57.530+0000] {processor.py:183} INFO - Processing /home/airflow/.local/lib/python3.12/site-packages/airflow/example_dags/example_sensors.py took 0.022 seconds
[2026-05-16T15:00:27.964+0000] {processor.py:161} INFO - Started process (PID=29073) to work on /home/airflow/.local/lib/python3.12/site-packages/airflow/example_dags/example_sensors.py
[2026-05-16T15:00:27.964+0000] {processor.py:830} INFO - Processing file /home/airflow/.local/lib/python3.12/site-packages/airflow/example_dags/example_sensors.py for tasks to queue
[2026-05-16T15:00:27.965+0000] {logging_mixin.py:188} INFO - [2026-05-16T15:00:27.965+0000] {dagbag.py:545} INFO - Filling up the DagBag from /home/airflow/.local/lib/python3.12/site-packages/airflow/example_dags/example_sensors.py
[2026-05-16T15:00:27.968+0000] {processor.py:840} INFO - DAG(s) 'example_sensors' retrieved from /home/airflow/.local/lib/python3.12/site-packages/airflow/example_dags/example_sensors.py
[2026-05-16T15:00:27.977+0000] {logging_mixin.py:188} INFO - [2026-05-16T15:00:27.977+0000] {dag.py:3089} INFO - Sync 1 DAGs
[2026-05-16T15:00:27.981+0000] {logging_mixin.py:188} INFO - [2026-05-16T15:00:27.981+0000] {dag.py:3947} INFO - Setting next_dagrun for example_sensors to None, run_after=None
[2026-05-16T15:00:27.986+0000] {processor.py:183} INFO - Processing /home/airflow/.local/lib/python3.12/site-packages/airflow/example_dags/example_sensors.py took 0.024 seconds
[2026-05-16T15:00:58.426+0000] {processor.py:161} INFO - Started process (PID=29135) to work on /home/airflow/.local/lib/python3.12/site-packages/airflow/example_dags/example_sensors.py
[2026-05-16T15:00:58.426+0000] {processor.py:830} INFO - Processing file /home/airflow/.local/lib/python3.12/site-packages/airflow/example_dags/example_sensors.py for tasks to queue
[2026-05-16T15:00:58.427+0000] {logging_mixin.py:188} INFO - [2026-05-16T15:00:58.427+0000] {dagbag.py:545} INFO - Filling up the DagBag from /home/airflow/.local/lib/python3.12/site-packages/airflow/example_dags/example_sensors.py
[2026-05-16T15:00:58.430+0000] {processor.py:840} INFO - DAG(s) 'example_sensors' retrieved from /home/airflow/.local/lib/python3.12/site-packages/airflow/example_dags/example_sensors.py
[2026-05-16T15:00:58.439+0000] {logging_mixin.py:188} INFO - [2026-05-16T15:00:58.439+0000] {dag.py:3089} INFO - Sync 1 DAGs
[2026-05-16T15:00:58.444+0000] {logging_mixin.py:188} INFO - [2026-05-16T15:00:58.444+0000] {dag.py:3947} INFO - Setting next_dagrun for example_sensors to None, run_after=None
[2026-05-16T15:00:58.450+0000] {processor.py:183} INFO - Processing /home/airflow/.local/lib/python3.12/site-packages/airflow/example_dags/example_sensors.py took 0.026 seconds
[2026-05-16T15:01:28.840+0000] {processor.py:161} INFO - Started process (PID=29197) to work on /home/airflow/.local/lib/python3.12/site-packages/airflow/example_dags/example_sensors.py
[2026-05-16T15:01:28.841+0000] {processor.py:830} INFO - Processing file /home/airflow/.local/lib/python3.12/site-packages/airflow/example_dags/example_sensors.py for tasks to queue
[2026-05-16T15:01:28.841+0000] {logging_mixin.py:188} INFO - [2026-05-16T15:01:28.841+0000] {dagbag.py:545} INFO - Filling up the DagBag from /home/airflow/.local/lib/python3.12/site-packages/airflow/example_dags/example_sensors.py
[2026-05-16T15:01:28.846+0000] {processor.py:840} INFO - DAG(s) 'example_sensors' retrieved from /home/airflow/.local/lib/python3.12/site-packages/airflow/example_dags/example_sensors.py
[2026-05-16T15:01:28.854+0000] {logging_mixin.py:188} INFO - [2026-05-16T15:01:28.854+0000] {dag.py:3089} INFO - Sync 1 DAGs
[2026-05-16T15:01:28.858+0000] {logging_mixin.py:188} INFO - [2026-05-16T15:01:28.858+0000] {dag.py:3947} INFO - Setting next_dagrun for example_sensors to None, run_after=None
[2026-05-16T15:01:28.863+0000] {processor.py:183} INFO - Processing /home/airflow/.local/lib/python3.12/site-packages/airflow/example_dags/example_sensors.py took 0.025 seconds
[2026-05-16T15:01:59.307+0000] {processor.py:161} INFO - Started process (PID=29259) to work on /home/airflow/.local/lib/python3.12/site-packages/airflow/example_dags/example_sensors.py
[2026-05-16T15:01:59.307+0000] {processor.py:830} INFO - Processing file /home/airflow/.local/lib/python3.12/site-packages/airflow/example_dags/example_sensors.py for tasks to queue
[2026-05-16T15:01:59.307+0000] {logging_mixin.py:188} INFO - [2026-05-16T15:01:59.307+0000] {dagbag.py:545} INFO - Filling up the DagBag from /home/airflow/.local/lib/python3.12/site-packages/airflow/example_dags/example_sensors.py
[2026-05-16T15:01:59.311+0000] {processor.py:840} INFO - DAG(s) 'example_sensors' retrieved from /home/airflow/.local/lib/python3.12/site-packages/airflow/example_dags/example_sensors.py
[2026-05-16T15:01:59.320+0000] {logging_mixin.py:188} INFO - [2026-05-16T15:01:59.320+0000] {dag.py:3089} INFO - Sync 1 DAGs
[2026-05-16T15:01:59.324+0000] {logging_mixin.py:188} INFO - [2026-05-16T15:01:59.324+0000] {dag.py:3947} INFO - Setting next_dagrun for example_sensors to None, run_after=None
[2026-05-16T15:01:59.329+0000] {processor.py:183} INFO - Processing /home/airflow/.local/lib/python3.12/site-packages/airflow/example_dags/example_sensors.py took 0.024 seconds
[2026-05-16T15:02:29.715+0000] {processor.py:161} INFO - Started process (PID=29321) to work on /home/airflow/.local/lib/python3.12/site-packages/airflow/example_dags/example_sensors.py
[2026-05-16T15:02:29.716+0000] {processor.py:830} INFO - Processing file /home/airflow/.local/lib/python3.12/site-packages/airflow/example_dags/example_sensors.py for tasks to queue
[2026-05-16T15:02:29.716+0000] {logging_mixin.py:188} INFO - [2026-05-16T15:02:29.716+0000] {dagbag.py:545} INFO - Filling up the DagBag from /home/airflow/.local/lib/python3.12/site-packages/airflow/example_dags/example_sensors.py
[2026-05-16T15:02:29.720+0000] {processor.py:840} INFO - DAG(s) 'example_sensors' retrieved from /home/airflow/.local/lib/python3.12/site-packages/airflow/example_dags/example_sensors.py
[2026-05-16T15:02:29.729+0000] {logging_mixin.py:188} INFO - [2026-05-16T15:02:29.729+0000] {dag.py:3089} INFO - Sync 1 DAGs
[2026-05-16T15:02:29.733+0000] {logging_mixin.py:188} INFO - [2026-05-16T15:02:29.733+0000] {dag.py:3947} INFO - Setting next_dagrun for example_sensors to None, run_after=None
[2026-05-16T15:02:29.737+0000] {processor.py:183} INFO - Processing /home/airflow/.local/lib/python3.12/site-packages/airflow/example_dags/example_sensors.py took 0.024 seconds
[2026-05-16T15:03:00.183+0000] {processor.py:161} INFO - Started process (PID=29383) to work on /home/airflow/.local/lib/python3.12/site-packages/airflow/example_dags/example_sensors.py
[2026-05-16T15:03:00.183+0000] {processor.py:830} INFO - Processing file /home/airflow/.local/lib/python3.12/site-packages/airflow/example_dags/example_sensors.py for tasks to queue
[2026-05-16T15:03:00.184+0000] {logging_mixin.py:188} INFO - [2026-05-16T15:03:00.184+0000] {dagbag.py:545} INFO - Filling up the DagBag from /home/airflow/.local/lib/python3.12/site-packages/airflow/example_dags/example_sensors.py
[2026-05-16T15:03:00.189+0000] {processor.py:840} INFO - DAG(s) 'example_sensors' retrieved from /home/airflow/.local/lib/python3.12/site-packages/airflow/example_dags/example_sensors.py
[2026-05-16T15:03:00.199+0000] {logging_mixin.py:188} INFO - [2026-05-16T15:03:00.199+0000] {dag.py:3089} INFO - Sync 1 DAGs
[2026-05-16T15:03:00.203+0000] {logging_mixin.py:188} INFO - [2026-05-16T15:03:00.203+0000] {dag.py:3947} INFO - Setting next_dagrun for example_sensors to None, run_after=None
[2026-05-16T15:03:00.209+0000] {processor.py:183} INFO - Processing /home/airflow/.local/lib/python3.12/site-packages/airflow/example_dags/example_sensors.py took 0.030 seconds
[2026-05-16T15:03:30.841+0000] {processor.py:161} INFO - Started process (PID=29445) to work on /home/airflow/.local/lib/python3.12/site-packages/airflow/example_dags/example_sensors.py
[2026-05-16T15:03:30.841+0000] {processor.py:830} INFO - Processing file /home/airflow/.local/lib/python3.12/site-packages/airflow/example_dags/example_sensors.py for tasks to queue
[2026-05-16T15:03:30.841+0000] {logging_mixin.py:188} INFO - [2026-05-16T15:03:30.841+0000] {dagbag.py:545} INFO - Filling up the DagBag from /home/airflow/.local/lib/python3.12/site-packages/airflow/example_dags/example_sensors.py
[2026-05-16T15:03:30.846+0000] {processor.py:840} INFO - DAG(s) 'example_sensors' retrieved from /home/airflow/.local/lib/python3.12/site-packages/airflow/example_dags/example_sensors.py
[2026-05-16T15:03:30.860+0000] {logging_mixin.py:188} INFO - [2026-05-16T15:03:30.860+0000] {dag.py:3089} INFO - Sync 1 DAGs
[2026-05-16T15:03:30.866+0000] {logging_mixin.py:188} INFO - [2026-05-16T15:03:30.866+0000] {dag.py:3947} INFO - Setting next_dagrun for example_sensors to None, run_after=None
[2026-05-16T15:03:30.872+0000] {processor.py:183} INFO - Processing /home/airflow/.local/lib/python3.12/site-packages/airflow/example_dags/example_sensors.py took 0.034 seconds
[2026-05-16T16:25:55.481+0000] {processor.py:161} INFO - Started process (PID=98) to work on /home/airflow/.local/lib/python3.12/site-packages/airflow/example_dags/example_sensors.py
[2026-05-16T16:25:55.489+0000] {processor.py:830} INFO - Processing file /home/airflow/.local/lib/python3.12/site-packages/airflow/example_dags/example_sensors.py for tasks to queue
[2026-05-16T16:25:55.490+0000] {logging_mixin.py:188} INFO - [2026-05-16T16:25:55.490+0000] {dagbag.py:545} INFO - Filling up the DagBag from /home/airflow/.local/lib/python3.12/site-packages/airflow/example_dags/example_sensors.py
[2026-05-16T16:25:55.507+0000] {processor.py:840} INFO - DAG(s) 'example_sensors' retrieved from /home/airflow/.local/lib/python3.12/site-packages/airflow/example_dags/example_sensors.py
[2026-05-16T16:25:55.536+0000] {logging_mixin.py:188} INFO - [2026-05-16T16:25:55.536+0000] {dag.py:3089} INFO - Sync 1 DAGs
[2026-05-16T16:25:55.554+0000] {logging_mixin.py:188} INFO - [2026-05-16T16:25:55.554+0000] {dag.py:3947} INFO - Setting next_dagrun for example_sensors to None, run_after=None
[2026-05-16T16:25:55.584+0000] {processor.py:183} INFO - Processing /home/airflow/.local/lib/python3.12/site-packages/airflow/example_dags/example_sensors.py took 0.108 seconds
[2026-05-16T16:26:26.533+0000] {processor.py:161} INFO - Started process (PID=160) to work on /home/airflow/.local/lib/python3.12/site-packages/airflow/example_dags/example_sensors.py
[2026-05-16T16:26:26.534+0000] {processor.py:830} INFO - Processing file /home/airflow/.local/lib/python3.12/site-packages/airflow/example_dags/example_sensors.py for tasks to queue
[2026-05-16T16:26:26.536+0000] {logging_mixin.py:188} INFO - [2026-05-16T16:26:26.536+0000] {dagbag.py:545} INFO - Filling up the DagBag from /home/airflow/.local/lib/python3.12/site-packages/airflow/example_dags/example_sensors.py
[2026-05-16T16:26:26.548+0000] {processor.py:840} INFO - DAG(s) 'example_sensors' retrieved from /home/airflow/.local/lib/python3.12/site-packages/airflow/example_dags/example_sensors.py
[2026-05-16T16:26:26.596+0000] {logging_mixin.py:188} INFO - [2026-05-16T16:26:26.596+0000] {dag.py:3089} INFO - Sync 1 DAGs
[2026-05-16T16:26:26.600+0000] {logging_mixin.py:188} INFO - [2026-05-16T16:26:26.600+0000] {dag.py:3947} INFO - Setting next_dagrun for example_sensors to None, run_after=None
[2026-05-16T16:26:26.608+0000] {processor.py:183} INFO - Processing /home/airflow/.local/lib/python3.12/site-packages/airflow/example_dags/example_sensors.py took 0.081 seconds
[2026-05-16T16:26:56.742+0000] {processor.py:161} INFO - Started process (PID=222) to work on /home/airflow/.local/lib/python3.12/site-packages/airflow/example_dags/example_sensors.py
[2026-05-16T16:26:56.742+0000] {processor.py:830} INFO - Processing file /home/airflow/.local/lib/python3.12/site-packages/airflow/example_dags/example_sensors.py for tasks to queue
[2026-05-16T16:26:56.743+0000] {logging_mixin.py:188} INFO - [2026-05-16T16:26:56.743+0000] {dagbag.py:545} INFO - Filling up the DagBag from /home/airflow/.local/lib/python3.12/site-packages/airflow/example_dags/example_sensors.py
[2026-05-16T16:26:56.748+0000] {processor.py:840} INFO - DAG(s) 'example_sensors' retrieved from /home/airflow/.local/lib/python3.12/site-packages/airflow/example_dags/example_sensors.py
[2026-05-16T16:26:56.761+0000] {logging_mixin.py:188} INFO - [2026-05-16T16:26:56.761+0000] {dag.py:3089} INFO - Sync 1 DAGs
[2026-05-16T16:26:56.766+0000] {logging_mixin.py:188} INFO - [2026-05-16T16:26:56.765+0000] {dag.py:3947} INFO - Setting next_dagrun for example_sensors to None, run_after=None
[2026-05-16T16:26:56.772+0000] {processor.py:183} INFO - Processing /home/airflow/.local/lib/python3.12/site-packages/airflow/example_dags/example_sensors.py took 0.037 seconds
[2026-05-16T16:27:27.724+0000] {processor.py:161} INFO - Started process (PID=283) to work on /home/airflow/.local/lib/python3.12/site-packages/airflow/example_dags/example_sensors.py
[2026-05-16T16:27:27.725+0000] {processor.py:830} INFO - Processing file /home/airflow/.local/lib/python3.12/site-packages/airflow/example_dags/example_sensors.py for tasks to queue
[2026-05-16T16:27:27.726+0000] {logging_mixin.py:188} INFO - [2026-05-16T16:27:27.726+0000] {dagbag.py:545} INFO - Filling up the DagBag from /home/airflow/.local/lib/python3.12/site-packages/airflow/example_dags/example_sensors.py
[2026-05-16T16:27:27.731+0000] {processor.py:840} INFO - DAG(s) 'example_sensors' retrieved from /home/airflow/.local/lib/python3.12/site-packages/airflow/example_dags/example_sensors.py
[2026-05-16T16:27:27.746+0000] {logging_mixin.py:188} INFO - [2026-05-16T16:27:27.745+0000] {dag.py:3089} INFO - Sync 1 DAGs
[2026-05-16T16:27:27.751+0000] {logging_mixin.py:188} INFO - [2026-05-16T16:27:27.751+0000] {dag.py:3947} INFO - Setting next_dagrun for example_sensors to None, run_after=None
[2026-05-16T16:27:27.758+0000] {processor.py:183} INFO - Processing /home/airflow/.local/lib/python3.12/site-packages/airflow/example_dags/example_sensors.py took 0.039 seconds
[2026-05-16T16:27:58.309+0000] {processor.py:161} INFO - Started process (PID=345) to work on /home/airflow/.local/lib/python3.12/site-packages/airflow/example_dags/example_sensors.py
[2026-05-16T16:27:58.310+0000] {processor.py:830} INFO - Processing file /home/airflow/.local/lib/python3.12/site-packages/airflow/example_dags/example_sensors.py for tasks to queue
[2026-05-16T16:27:58.313+0000] {logging_mixin.py:188} INFO - [2026-05-16T16:27:58.313+0000] {dagbag.py:545} INFO - Filling up the DagBag from /home/airflow/.local/lib/python3.12/site-packages/airflow/example_dags/example_sensors.py
[2026-05-16T16:27:58.320+0000] {processor.py:840} INFO - DAG(s) 'example_sensors' retrieved from /home/airflow/.local/lib/python3.12/site-packages/airflow/example_dags/example_sensors.py
[2026-05-16T16:27:58.337+0000] {logging_mixin.py:188} INFO - [2026-05-16T16:27:58.337+0000] {dag.py:3089} INFO - Sync 1 DAGs
[2026-05-16T16:27:58.348+0000] {logging_mixin.py:188} INFO - [2026-05-16T16:27:58.348+0000] {dag.py:3947} INFO - Setting next_dagrun for example_sensors to None, run_after=None
[2026-05-16T16:27:58.363+0000] {processor.py:183} INFO - Processing /home/airflow/.local/lib/python3.12/site-packages/airflow/example_dags/example_sensors.py took 0.058 seconds
[2026-05-16T16:28:28.844+0000] {processor.py:161} INFO - Started process (PID=407) to work on /home/airflow/.local/lib/python3.12/site-packages/airflow/example_dags/example_sensors.py
[2026-05-16T16:28:28.844+0000] {processor.py:830} INFO - Processing file /home/airflow/.local/lib/python3.12/site-packages/airflow/example_dags/example_sensors.py for tasks to queue
[2026-05-16T16:28:28.847+0000] {logging_mixin.py:188} INFO - [2026-05-16T16:28:28.846+0000] {dagbag.py:545} INFO - Filling up the DagBag from /home/airflow/.local/lib/python3.12/site-packages/airflow/example_dags/example_sensors.py
[2026-05-16T16:28:28.853+0000] {processor.py:840} INFO - DAG(s) 'example_sensors' retrieved from /home/airflow/.local/lib/python3.12/site-packages/airflow/example_dags/example_sensors.py
[2026-05-16T16:28:28.876+0000] {logging_mixin.py:188} INFO - [2026-05-16T16:28:28.876+0000] {dag.py:3089} INFO - Sync 1 DAGs
[2026-05-16T16:28:28.886+0000] {logging_mixin.py:188} INFO - [2026-05-16T16:28:28.885+0000] {dag.py:3947} INFO - Setting next_dagrun for example_sensors to None, run_after=None
[2026-05-16T16:28:28.896+0000] {processor.py:183} INFO - Processing /home/airflow/.local/lib/python3.12/site-packages/airflow/example_dags/example_sensors.py took 0.056 seconds
[2026-05-16T16:28:59.574+0000] {processor.py:161} INFO - Started process (PID=468) to work on /home/airflow/.local/lib/python3.12/site-packages/airflow/example_dags/example_sensors.py
[2026-05-16T16:28:59.576+0000] {processor.py:830} INFO - Processing file /home/airflow/.local/lib/python3.12/site-packages/airflow/example_dags/example_sensors.py for tasks to queue
[2026-05-16T16:28:59.577+0000] {logging_mixin.py:188} INFO - [2026-05-16T16:28:59.576+0000] {dagbag.py:545} INFO - Filling up the DagBag from /home/airflow/.local/lib/python3.12/site-packages/airflow/example_dags/example_sensors.py
[2026-05-16T16:28:59.583+0000] {processor.py:840} INFO - DAG(s) 'example_sensors' retrieved from /home/airflow/.local/lib/python3.12/site-packages/airflow/example_dags/example_sensors.py
[2026-05-16T16:28:59.595+0000] {logging_mixin.py:188} INFO - [2026-05-16T16:28:59.595+0000] {dag.py:3089} INFO - Sync 1 DAGs
[2026-05-16T16:28:59.600+0000] {logging_mixin.py:188} INFO - [2026-05-16T16:28:59.600+0000] {dag.py:3947} INFO - Setting next_dagrun for example_sensors to None, run_after=None
[2026-05-16T16:28:59.607+0000] {processor.py:183} INFO - Processing /home/airflow/.local/lib/python3.12/site-packages/airflow/example_dags/example_sensors.py took 0.040 seconds
[2026-05-16T16:29:30.322+0000] {processor.py:161} INFO - Started process (PID=530) to work on /home/airflow/.local/lib/python3.12/site-packages/airflow/example_dags/example_sensors.py
[2026-05-16T16:29:30.325+0000] {processor.py:830} INFO - Processing file /home/airflow/.local/lib/python3.12/site-packages/airflow/example_dags/example_sensors.py for tasks to queue
[2026-05-16T16:29:30.326+0000] {logging_mixin.py:188} INFO - [2026-05-16T16:29:30.325+0000] {dagbag.py:545} INFO - Filling up the DagBag from /home/airflow/.local/lib/python3.12/site-packages/airflow/example_dags/example_sensors.py
[2026-05-16T16:29:30.330+0000] {processor.py:840} INFO - DAG(s) 'example_sensors' retrieved from /home/airflow/.local/lib/python3.12/site-packages/airflow/example_dags/example_sensors.py
[2026-05-16T16:29:30.340+0000] {logging_mixin.py:188} INFO - [2026-05-16T16:29:30.340+0000] {dag.py:3089} INFO - Sync 1 DAGs
[2026-05-16T16:29:30.346+0000] {logging_mixin.py:188} INFO - [2026-05-16T16:29:30.346+0000] {dag.py:3947} INFO - Setting next_dagrun for example_sensors to None, run_after=None
[2026-05-16T16:29:30.355+0000] {processor.py:183} INFO - Processing /home/airflow/.local/lib/python3.12/site-packages/airflow/example_dags/example_sensors.py took 0.038 seconds
[2026-05-16T16:30:00.968+0000] {processor.py:161} INFO - Started process (PID=591) to work on /home/airflow/.local/lib/python3.12/site-packages/airflow/example_dags/example_sensors.py
[2026-05-16T16:30:00.969+0000] {processor.py:830} INFO - Processing file /home/airflow/.local/lib/python3.12/site-packages/airflow/example_dags/example_sensors.py for tasks to queue
[2026-05-16T16:30:00.970+0000] {logging_mixin.py:188} INFO - [2026-05-16T16:30:00.969+0000] {dagbag.py:545} INFO - Filling up the DagBag from /home/airflow/.local/lib/python3.12/site-packages/airflow/example_dags/example_sensors.py
[2026-05-16T16:30:00.976+0000] {processor.py:840} INFO - DAG(s) 'example_sensors' retrieved from /home/airflow/.local/lib/python3.12/site-packages/airflow/example_dags/example_sensors.py
[2026-05-16T16:30:00.988+0000] {logging_mixin.py:188} INFO - [2026-05-16T16:30:00.988+0000] {dag.py:3089} INFO - Sync 1 DAGs
[2026-05-16T16:30:00.994+0000] {logging_mixin.py:188} INFO - [2026-05-16T16:30:00.994+0000] {dag.py:3947} INFO - Setting next_dagrun for example_sensors to None, run_after=None
[2026-05-16T16:30:01.001+0000] {processor.py:183} INFO - Processing /home/airflow/.local/lib/python3.12/site-packages/airflow/example_dags/example_sensors.py took 0.038 seconds
[2026-05-16T16:30:31.596+0000] {processor.py:161} INFO - Started process (PID=653) to work on /home/airflow/.local/lib/python3.12/site-packages/airflow/example_dags/example_sensors.py
[2026-05-16T16:30:31.599+0000] {processor.py:830} INFO - Processing file /home/airflow/.local/lib/python3.12/site-packages/airflow/example_dags/example_sensors.py for tasks to queue
[2026-05-16T16:30:31.601+0000] {logging_mixin.py:188} INFO - [2026-05-16T16:30:31.600+0000] {dagbag.py:545} INFO - Filling up the DagBag from /home/airflow/.local/lib/python3.12/site-packages/airflow/example_dags/example_sensors.py
[2026-05-16T16:30:31.609+0000] {processor.py:840} INFO - DAG(s) 'example_sensors' retrieved from /home/airflow/.local/lib/python3.12/site-packages/airflow/example_dags/example_sensors.py
[2026-05-16T16:30:31.623+0000] {logging_mixin.py:188} INFO - [2026-05-16T16:30:31.623+0000] {dag.py:3089} INFO - Sync 1 DAGs
[2026-05-16T16:30:31.630+0000] {logging_mixin.py:188} INFO - [2026-05-16T16:30:31.630+0000] {dag.py:3947} INFO - Setting next_dagrun for example_sensors to None, run_after=None
[2026-05-16T16:30:31.637+0000] {processor.py:183} INFO - Processing /home/airflow/.local/lib/python3.12/site-packages/airflow/example_dags/example_sensors.py took 0.049 seconds
[2026-05-16T16:31:02.520+0000] {processor.py:161} INFO - Started process (PID=715) to work on /home/airflow/.local/lib/python3.12/site-packages/airflow/example_dags/example_sensors.py
[2026-05-16T16:31:02.521+0000] {processor.py:830} INFO - Processing file /home/airflow/.local/lib/python3.12/site-packages/airflow/example_dags/example_sensors.py for tasks to queue
[2026-05-16T16:31:02.522+0000] {logging_mixin.py:188} INFO - [2026-05-16T16:31:02.522+0000] {dagbag.py:545} INFO - Filling up the DagBag from /home/airflow/.local/lib/python3.12/site-packages/airflow/example_dags/example_sensors.py
[2026-05-16T16:31:02.528+0000] {processor.py:840} INFO - DAG(s) 'example_sensors' retrieved from /home/airflow/.local/lib/python3.12/site-packages/airflow/example_dags/example_sensors.py
[2026-05-16T16:31:02.541+0000] {logging_mixin.py:188} INFO - [2026-05-16T16:31:02.541+0000] {dag.py:3089} INFO - Sync 1 DAGs
[2026-05-16T16:31:02.549+0000] {logging_mixin.py:188} INFO - [2026-05-16T16:31:02.549+0000] {dag.py:3947} INFO - Setting next_dagrun for example_sensors to None, run_after=None
[2026-05-16T16:31:02.556+0000] {processor.py:183} INFO - Processing /home/airflow/.local/lib/python3.12/site-packages/airflow/example_dags/example_sensors.py took 0.042 seconds
[2026-05-16T16:31:32.679+0000] {processor.py:161} INFO - Started process (PID=777) to work on /home/airflow/.local/lib/python3.12/site-packages/airflow/example_dags/example_sensors.py
[2026-05-16T16:31:32.680+0000] {processor.py:830} INFO - Processing file /home/airflow/.local/lib/python3.12/site-packages/airflow/example_dags/example_sensors.py for tasks to queue
[2026-05-16T16:31:32.682+0000] {logging_mixin.py:188} INFO - [2026-05-16T16:31:32.681+0000] {dagbag.py:545} INFO - Filling up the DagBag from /home/airflow/.local/lib/python3.12/site-packages/airflow/example_dags/example_sensors.py
[2026-05-16T16:31:32.688+0000] {processor.py:840} INFO - DAG(s) 'example_sensors' retrieved from /home/airflow/.local/lib/python3.12/site-packages/airflow/example_dags/example_sensors.py
[2026-05-16T16:31:32.703+0000] {logging_mixin.py:188} INFO - [2026-05-16T16:31:32.703+0000] {dag.py:3089} INFO - Sync 1 DAGs
[2026-05-16T16:31:32.709+0000] {logging_mixin.py:188} INFO - [2026-05-16T16:31:32.709+0000] {dag.py:3947} INFO - Setting next_dagrun for example_sensors to None, run_after=None
[2026-05-16T16:31:32.718+0000] {processor.py:183} INFO - Processing /home/airflow/.local/lib/python3.12/site-packages/airflow/example_dags/example_sensors.py took 0.047 seconds
[2026-05-16T16:32:03.108+0000] {processor.py:161} INFO - Started process (PID=838) to work on /home/airflow/.local/lib/python3.12/site-packages/airflow/example_dags/example_sensors.py
[2026-05-16T16:32:03.109+0000] {processor.py:830} INFO - Processing file /home/airflow/.local/lib/python3.12/site-packages/airflow/example_dags/example_sensors.py for tasks to queue
[2026-05-16T16:32:03.110+0000] {logging_mixin.py:188} INFO - [2026-05-16T16:32:03.110+0000] {dagbag.py:545} INFO - Filling up the DagBag from /home/airflow/.local/lib/python3.12/site-packages/airflow/example_dags/example_sensors.py
[2026-05-16T16:32:03.118+0000] {processor.py:840} INFO - DAG(s) 'example_sensors' retrieved from /home/airflow/.local/lib/python3.12/site-packages/airflow/example_dags/example_sensors.py
[2026-05-16T16:32:03.132+0000] {logging_mixin.py:188} INFO - [2026-05-16T16:32:03.132+0000] {dag.py:3089} INFO - Sync 1 DAGs
[2026-05-16T16:32:03.138+0000] {logging_mixin.py:188} INFO - [2026-05-16T16:32:03.137+0000] {dag.py:3947} INFO - Setting next_dagrun for example_sensors to None, run_after=None
[2026-05-16T16:32:03.145+0000] {processor.py:183} INFO - Processing /home/airflow/.local/lib/python3.12/site-packages/airflow/example_dags/example_sensors.py took 0.044 seconds
[2026-05-16T16:32:33.272+0000] {processor.py:161} INFO - Started process (PID=900) to work on /home/airflow/.local/lib/python3.12/site-packages/airflow/example_dags/example_sensors.py
[2026-05-16T16:32:33.273+0000] {processor.py:830} INFO - Processing file /home/airflow/.local/lib/python3.12/site-packages/airflow/example_dags/example_sensors.py for tasks to queue
[2026-05-16T16:32:33.274+0000] {logging_mixin.py:188} INFO - [2026-05-16T16:32:33.274+0000] {dagbag.py:545} INFO - Filling up the DagBag from /home/airflow/.local/lib/python3.12/site-packages/airflow/example_dags/example_sensors.py
[2026-05-16T16:32:33.283+0000] {processor.py:840} INFO - DAG(s) 'example_sensors' retrieved from /home/airflow/.local/lib/python3.12/site-packages/airflow/example_dags/example_sensors.py
[2026-05-16T16:32:33.298+0000] {logging_mixin.py:188} INFO - [2026-05-16T16:32:33.298+0000] {dag.py:3089} INFO - Sync 1 DAGs
[2026-05-16T16:32:33.304+0000] {logging_mixin.py:188} INFO - [2026-05-16T16:32:33.304+0000] {dag.py:3947} INFO - Setting next_dagrun for example_sensors to None, run_after=None
[2026-05-16T16:32:33.311+0000] {processor.py:183} INFO - Processing /home/airflow/.local/lib/python3.12/site-packages/airflow/example_dags/example_sensors.py took 0.044 seconds
[2026-05-16T16:33:03.556+0000] {processor.py:161} INFO - Started process (PID=962) to work on /home/airflow/.local/lib/python3.12/site-packages/airflow/example_dags/example_sensors.py
[2026-05-16T16:33:03.557+0000] {processor.py:830} INFO - Processing file /home/airflow/.local/lib/python3.12/site-packages/airflow/example_dags/example_sensors.py for tasks to queue
[2026-05-16T16:33:03.559+0000] {logging_mixin.py:188} INFO - [2026-05-16T16:33:03.558+0000] {dagbag.py:545} INFO - Filling up the DagBag from /home/airflow/.local/lib/python3.12/site-packages/airflow/example_dags/example_sensors.py
[2026-05-16T16:33:03.567+0000] {processor.py:840} INFO - DAG(s) 'example_sensors' retrieved from /home/airflow/.local/lib/python3.12/site-packages/airflow/example_dags/example_sensors.py
[2026-05-16T16:33:03.583+0000] {logging_mixin.py:188} INFO - [2026-05-16T16:33:03.583+0000] {dag.py:3089} INFO - Sync 1 DAGs
[2026-05-16T16:33:03.588+0000] {logging_mixin.py:188} INFO - [2026-05-16T16:33:03.588+0000] {dag.py:3947} INFO - Setting next_dagrun for example_sensors to None, run_after=None
[2026-05-16T16:33:03.595+0000] {processor.py:183} INFO - Processing /home/airflow/.local/lib/python3.12/site-packages/airflow/example_dags/example_sensors.py took 0.046 seconds
[2026-05-16T16:33:34.520+0000] {processor.py:161} INFO - Started process (PID=1024) to work on /home/airflow/.local/lib/python3.12/site-packages/airflow/example_dags/example_sensors.py
[2026-05-16T16:33:34.520+0000] {processor.py:830} INFO - Processing file /home/airflow/.local/lib/python3.12/site-packages/airflow/example_dags/example_sensors.py for tasks to queue
[2026-05-16T16:33:34.522+0000] {logging_mixin.py:188} INFO - [2026-05-16T16:33:34.522+0000] {dagbag.py:545} INFO - Filling up the DagBag from /home/airflow/.local/lib/python3.12/site-packages/airflow/example_dags/example_sensors.py
[2026-05-16T16:33:34.528+0000] {processor.py:840} INFO - DAG(s) 'example_sensors' retrieved from /home/airflow/.local/lib/python3.12/site-packages/airflow/example_dags/example_sensors.py
[2026-05-16T16:33:34.541+0000] {logging_mixin.py:188} INFO - [2026-05-16T16:33:34.541+0000] {dag.py:3089} INFO - Sync 1 DAGs
[2026-05-16T16:33:34.546+0000] {logging_mixin.py:188} INFO - [2026-05-16T16:33:34.546+0000] {dag.py:3947} INFO - Setting next_dagrun for example_sensors to None, run_after=None
[2026-05-16T16:33:34.554+0000] {processor.py:183} INFO - Processing /home/airflow/.local/lib/python3.12/site-packages/airflow/example_dags/example_sensors.py took 0.040 seconds
[2026-05-16T16:34:04.927+0000] {processor.py:161} INFO - Started process (PID=1086) to work on /home/airflow/.local/lib/python3.12/site-packages/airflow/example_dags/example_sensors.py
[2026-05-16T16:34:04.928+0000] {processor.py:830} INFO - Processing file /home/airflow/.local/lib/python3.12/site-packages/airflow/example_dags/example_sensors.py for tasks to queue
[2026-05-16T16:34:04.930+0000] {logging_mixin.py:188} INFO - [2026-05-16T16:34:04.930+0000] {dagbag.py:545} INFO - Filling up the DagBag from /home/airflow/.local/lib/python3.12/site-packages/airflow/example_dags/example_sensors.py
[2026-05-16T16:34:04.938+0000] {processor.py:840} INFO - DAG(s) 'example_sensors' retrieved from /home/airflow/.local/lib/python3.12/site-packages/airflow/example_dags/example_sensors.py
[2026-05-16T16:34:04.958+0000] {logging_mixin.py:188} INFO - [2026-05-16T16:34:04.958+0000] {dag.py:3089} INFO - Sync 1 DAGs
[2026-05-16T16:34:04.966+0000] {logging_mixin.py:188} INFO - [2026-05-16T16:34:04.966+0000] {dag.py:3947} INFO - Setting next_dagrun for example_sensors to None, run_after=None
[2026-05-16T16:34:04.975+0000] {processor.py:183} INFO - Processing /home/airflow/.local/lib/python3.12/site-packages/airflow/example_dags/example_sensors.py took 0.058 seconds
[2026-05-16T16:34:35.605+0000] {processor.py:161} INFO - Started process (PID=1147) to work on /home/airflow/.local/lib/python3.12/site-packages/airflow/example_dags/example_sensors.py
[2026-05-16T16:34:35.606+0000] {processor.py:830} INFO - Processing file /home/airflow/.local/lib/python3.12/site-packages/airflow/example_dags/example_sensors.py for tasks to queue
[2026-05-16T16:34:35.607+0000] {logging_mixin.py:188} INFO - [2026-05-16T16:34:35.607+0000] {dagbag.py:545} INFO - Filling up the DagBag from /home/airflow/.local/lib/python3.12/site-packages/airflow/example_dags/example_sensors.py
[2026-05-16T16:34:35.614+0000] {processor.py:840} INFO - DAG(s) 'example_sensors' retrieved from /home/airflow/.local/lib/python3.12/site-packages/airflow/example_dags/example_sensors.py
[2026-05-16T16:34:35.628+0000] {logging_mixin.py:188} INFO - [2026-05-16T16:34:35.628+0000] {dag.py:3089} INFO - Sync 1 DAGs
[2026-05-16T16:34:35.634+0000] {logging_mixin.py:188} INFO - [2026-05-16T16:34:35.634+0000] {dag.py:3947} INFO - Setting next_dagrun for example_sensors to None, run_after=None
[2026-05-16T16:34:35.642+0000] {processor.py:183} INFO - Processing /home/airflow/.local/lib/python3.12/site-packages/airflow/example_dags/example_sensors.py took 0.045 seconds
[2026-05-16T16:35:06.299+0000] {processor.py:161} INFO - Started process (PID=1209) to work on /home/airflow/.local/lib/python3.12/site-packages/airflow/example_dags/example_sensors.py
[2026-05-16T16:35:06.300+0000] {processor.py:830} INFO - Processing file /home/airflow/.local/lib/python3.12/site-packages/airflow/example_dags/example_sensors.py for tasks to queue
[2026-05-16T16:35:06.301+0000] {logging_mixin.py:188} INFO - [2026-05-16T16:35:06.301+0000] {dagbag.py:545} INFO - Filling up the DagBag from /home/airflow/.local/lib/python3.12/site-packages/airflow/example_dags/example_sensors.py
[2026-05-16T16:35:06.308+0000] {processor.py:840} INFO - DAG(s) 'example_sensors' retrieved from /home/airflow/.local/lib/python3.12/site-packages/airflow/example_dags/example_sensors.py
[2026-05-16T16:35:06.325+0000] {logging_mixin.py:188} INFO - [2026-05-16T16:35:06.325+0000] {dag.py:3089} INFO - Sync 1 DAGs
[2026-05-16T16:35:06.332+0000] {logging_mixin.py:188} INFO - [2026-05-16T16:35:06.332+0000] {dag.py:3947} INFO - Setting next_dagrun for example_sensors to None, run_after=None
[2026-05-16T16:35:06.343+0000] {processor.py:183} INFO - Processing /home/airflow/.local/lib/python3.12/site-packages/airflow/example_dags/example_sensors.py took 0.050 seconds
[2026-05-16T16:35:36.999+0000] {processor.py:161} INFO - Started process (PID=1271) to work on /home/airflow/.local/lib/python3.12/site-packages/airflow/example_dags/example_sensors.py
[2026-05-16T16:35:37.000+0000] {processor.py:830} INFO - Processing file /home/airflow/.local/lib/python3.12/site-packages/airflow/example_dags/example_sensors.py for tasks to queue
[2026-05-16T16:35:37.002+0000] {logging_mixin.py:188} INFO - [2026-05-16T16:35:37.002+0000] {dagbag.py:545} INFO - Filling up the DagBag from /home/airflow/.local/lib/python3.12/site-packages/airflow/example_dags/example_sensors.py
[2026-05-16T16:35:37.008+0000] {processor.py:840} INFO - DAG(s) 'example_sensors' retrieved from /home/airflow/.local/lib/python3.12/site-packages/airflow/example_dags/example_sensors.py
[2026-05-16T16:35:37.023+0000] {logging_mixin.py:188} INFO - [2026-05-16T16:35:37.023+0000] {dag.py:3089} INFO - Sync 1 DAGs
[2026-05-16T16:35:37.029+0000] {logging_mixin.py:188} INFO - [2026-05-16T16:35:37.029+0000] {dag.py:3947} INFO - Setting next_dagrun for example_sensors to None, run_after=None
[2026-05-16T16:35:37.037+0000] {processor.py:183} INFO - Processing /home/airflow/.local/lib/python3.12/site-packages/airflow/example_dags/example_sensors.py took 0.043 seconds
[2026-05-16T16:36:07.616+0000] {processor.py:161} INFO - Started process (PID=1333) to work on /home/airflow/.local/lib/python3.12/site-packages/airflow/example_dags/example_sensors.py
[2026-05-16T16:36:07.617+0000] {processor.py:830} INFO - Processing file /home/airflow/.local/lib/python3.12/site-packages/airflow/example_dags/example_sensors.py for tasks to queue
[2026-05-16T16:36:07.619+0000] {logging_mixin.py:188} INFO - [2026-05-16T16:36:07.618+0000] {dagbag.py:545} INFO - Filling up the DagBag from /home/airflow/.local/lib/python3.12/site-packages/airflow/example_dags/example_sensors.py
[2026-05-16T16:36:07.626+0000] {processor.py:840} INFO - DAG(s) 'example_sensors' retrieved from /home/airflow/.local/lib/python3.12/site-packages/airflow/example_dags/example_sensors.py
[2026-05-16T16:36:07.640+0000] {logging_mixin.py:188} INFO - [2026-05-16T16:36:07.640+0000] {dag.py:3089} INFO - Sync 1 DAGs
[2026-05-16T16:36:07.646+0000] {logging_mixin.py:188} INFO - [2026-05-16T16:36:07.646+0000] {dag.py:3947} INFO - Setting next_dagrun for example_sensors to None, run_after=None
[2026-05-16T16:36:07.654+0000] {processor.py:183} INFO - Processing /home/airflow/.local/lib/python3.12/site-packages/airflow/example_dags/example_sensors.py took 0.044 seconds
[2026-05-16T16:36:38.245+0000] {processor.py:161} INFO - Started process (PID=1395) to work on /home/airflow/.local/lib/python3.12/site-packages/airflow/example_dags/example_sensors.py
[2026-05-16T16:36:38.247+0000] {processor.py:830} INFO - Processing file /home/airflow/.local/lib/python3.12/site-packages/airflow/example_dags/example_sensors.py for tasks to queue
[2026-05-16T16:36:38.248+0000] {logging_mixin.py:188} INFO - [2026-05-16T16:36:38.248+0000] {dagbag.py:545} INFO - Filling up the DagBag from /home/airflow/.local/lib/python3.12/site-packages/airflow/example_dags/example_sensors.py
[2026-05-16T16:36:38.254+0000] {processor.py:840} INFO - DAG(s) 'example_sensors' retrieved from /home/airflow/.local/lib/python3.12/site-packages/airflow/example_dags/example_sensors.py
[2026-05-16T16:36:38.269+0000] {logging_mixin.py:188} INFO - [2026-05-16T16:36:38.268+0000] {dag.py:3089} INFO - Sync 1 DAGs
[2026-05-16T16:36:38.276+0000] {logging_mixin.py:188} INFO - [2026-05-16T16:36:38.276+0000] {dag.py:3947} INFO - Setting next_dagrun for example_sensors to None, run_after=None
[2026-05-16T16:36:38.283+0000] {processor.py:183} INFO - Processing /home/airflow/.local/lib/python3.12/site-packages/airflow/example_dags/example_sensors.py took 0.043 seconds
[2026-05-16T16:37:08.904+0000] {processor.py:161} INFO - Started process (PID=1457) to work on /home/airflow/.local/lib/python3.12/site-packages/airflow/example_dags/example_sensors.py
[2026-05-16T16:37:08.906+0000] {processor.py:830} INFO - Processing file /home/airflow/.local/lib/python3.12/site-packages/airflow/example_dags/example_sensors.py for tasks to queue
[2026-05-16T16:37:08.907+0000] {logging_mixin.py:188} INFO - [2026-05-16T16:37:08.907+0000] {dagbag.py:545} INFO - Filling up the DagBag from /home/airflow/.local/lib/python3.12/site-packages/airflow/example_dags/example_sensors.py
[2026-05-16T16:37:08.915+0000] {processor.py:840} INFO - DAG(s) 'example_sensors' retrieved from /home/airflow/.local/lib/python3.12/site-packages/airflow/example_dags/example_sensors.py
[2026-05-16T16:37:08.931+0000] {logging_mixin.py:188} INFO - [2026-05-16T16:37:08.931+0000] {dag.py:3089} INFO - Sync 1 DAGs
[2026-05-16T16:37:08.937+0000] {logging_mixin.py:188} INFO - [2026-05-16T16:37:08.937+0000] {dag.py:3947} INFO - Setting next_dagrun for example_sensors to None, run_after=None
[2026-05-16T16:37:08.945+0000] {processor.py:183} INFO - Processing /home/airflow/.local/lib/python3.12/site-packages/airflow/example_dags/example_sensors.py took 0.048 seconds
[2026-05-16T16:37:39.513+0000] {processor.py:161} INFO - Started process (PID=1518) to work on /home/airflow/.local/lib/python3.12/site-packages/airflow/example_dags/example_sensors.py
[2026-05-16T16:37:39.513+0000] {processor.py:830} INFO - Processing file /home/airflow/.local/lib/python3.12/site-packages/airflow/example_dags/example_sensors.py for tasks to queue
[2026-05-16T16:37:39.514+0000] {logging_mixin.py:188} INFO - [2026-05-16T16:37:39.514+0000] {dagbag.py:545} INFO - Filling up the DagBag from /home/airflow/.local/lib/python3.12/site-packages/airflow/example_dags/example_sensors.py
[2026-05-16T16:37:39.521+0000] {processor.py:840} INFO - DAG(s) 'example_sensors' retrieved from /home/airflow/.local/lib/python3.12/site-packages/airflow/example_dags/example_sensors.py
[2026-05-16T16:37:39.531+0000] {logging_mixin.py:188} INFO - [2026-05-16T16:37:39.531+0000] {dag.py:3089} INFO - Sync 1 DAGs
[2026-05-16T16:37:39.535+0000] {logging_mixin.py:188} INFO - [2026-05-16T16:37:39.535+0000] {dag.py:3947} INFO - Setting next_dagrun for example_sensors to None, run_after=None
[2026-05-16T16:37:39.541+0000] {processor.py:183} INFO - Processing /home/airflow/.local/lib/python3.12/site-packages/airflow/example_dags/example_sensors.py took 0.032 seconds
[2026-05-16T16:38:10.080+0000] {processor.py:161} INFO - Started process (PID=1580) to work on /home/airflow/.local/lib/python3.12/site-packages/airflow/example_dags/example_sensors.py
[2026-05-16T16:38:10.081+0000] {processor.py:830} INFO - Processing file /home/airflow/.local/lib/python3.12/site-packages/airflow/example_dags/example_sensors.py for tasks to queue
[2026-05-16T16:38:10.082+0000] {logging_mixin.py:188} INFO - [2026-05-16T16:38:10.082+0000] {dagbag.py:545} INFO - Filling up the DagBag from /home/airflow/.local/lib/python3.12/site-packages/airflow/example_dags/example_sensors.py
[2026-05-16T16:38:10.089+0000] {processor.py:840} INFO - DAG(s) 'example_sensors' retrieved from /home/airflow/.local/lib/python3.12/site-packages/airflow/example_dags/example_sensors.py
[2026-05-16T16:38:10.104+0000] {logging_mixin.py:188} INFO - [2026-05-16T16:38:10.104+0000] {dag.py:3089} INFO - Sync 1 DAGs
[2026-05-16T16:38:10.111+0000] {logging_mixin.py:188} INFO - [2026-05-16T16:38:10.111+0000] {dag.py:3947} INFO - Setting next_dagrun for example_sensors to None, run_after=None
[2026-05-16T16:38:10.118+0000] {processor.py:183} INFO - Processing /home/airflow/.local/lib/python3.12/site-packages/airflow/example_dags/example_sensors.py took 0.045 seconds
[2026-05-16T16:38:40.681+0000] {processor.py:161} INFO - Started process (PID=1642) to work on /home/airflow/.local/lib/python3.12/site-packages/airflow/example_dags/example_sensors.py
[2026-05-16T16:38:40.682+0000] {processor.py:830} INFO - Processing file /home/airflow/.local/lib/python3.12/site-packages/airflow/example_dags/example_sensors.py for tasks to queue
[2026-05-16T16:38:40.683+0000] {logging_mixin.py:188} INFO - [2026-05-16T16:38:40.683+0000] {dagbag.py:545} INFO - Filling up the DagBag from /home/airflow/.local/lib/python3.12/site-packages/airflow/example_dags/example_sensors.py
[2026-05-16T16:38:40.689+0000] {processor.py:840} INFO - DAG(s) 'example_sensors' retrieved from /home/airflow/.local/lib/python3.12/site-packages/airflow/example_dags/example_sensors.py
[2026-05-16T16:38:40.702+0000] {logging_mixin.py:188} INFO - [2026-05-16T16:38:40.702+0000] {dag.py:3089} INFO - Sync 1 DAGs
[2026-05-16T16:38:40.708+0000] {logging_mixin.py:188} INFO - [2026-05-16T16:38:40.708+0000] {dag.py:3947} INFO - Setting next_dagrun for example_sensors to None, run_after=None
[2026-05-16T16:38:40.715+0000] {processor.py:183} INFO - Processing /home/airflow/.local/lib/python3.12/site-packages/airflow/example_dags/example_sensors.py took 0.041 seconds
[2026-05-16T16:39:11.298+0000] {processor.py:161} INFO - Started process (PID=1704) to work on /home/airflow/.local/lib/python3.12/site-packages/airflow/example_dags/example_sensors.py
[2026-05-16T16:39:11.299+0000] {processor.py:830} INFO - Processing file /home/airflow/.local/lib/python3.12/site-packages/airflow/example_dags/example_sensors.py for tasks to queue
[2026-05-16T16:39:11.300+0000] {logging_mixin.py:188} INFO - [2026-05-16T16:39:11.300+0000] {dagbag.py:545} INFO - Filling up the DagBag from /home/airflow/.local/lib/python3.12/site-packages/airflow/example_dags/example_sensors.py
[2026-05-16T16:39:11.307+0000] {processor.py:840} INFO - DAG(s) 'example_sensors' retrieved from /home/airflow/.local/lib/python3.12/site-packages/airflow/example_dags/example_sensors.py
[2026-05-16T16:39:11.322+0000] {logging_mixin.py:188} INFO - [2026-05-16T16:39:11.322+0000] {dag.py:3089} INFO - Sync 1 DAGs
[2026-05-16T16:39:11.329+0000] {logging_mixin.py:188} INFO - [2026-05-16T16:39:11.328+0000] {dag.py:3947} INFO - Setting next_dagrun for example_sensors to None, run_after=None
[2026-05-16T16:39:11.336+0000] {processor.py:183} INFO - Processing /home/airflow/.local/lib/python3.12/site-packages/airflow/example_dags/example_sensors.py took 0.046 seconds
[2026-05-16T16:39:41.909+0000] {processor.py:161} INFO - Started process (PID=1766) to work on /home/airflow/.local/lib/python3.12/site-packages/airflow/example_dags/example_sensors.py
[2026-05-16T16:39:41.909+0000] {processor.py:830} INFO - Processing file /home/airflow/.local/lib/python3.12/site-packages/airflow/example_dags/example_sensors.py for tasks to queue
[2026-05-16T16:39:41.912+0000] {logging_mixin.py:188} INFO - [2026-05-16T16:39:41.911+0000] {dagbag.py:545} INFO - Filling up the DagBag from /home/airflow/.local/lib/python3.12/site-packages/airflow/example_dags/example_sensors.py
[2026-05-16T16:39:41.918+0000] {processor.py:840} INFO - DAG(s) 'example_sensors' retrieved from /home/airflow/.local/lib/python3.12/site-packages/airflow/example_dags/example_sensors.py
[2026-05-16T16:39:41.932+0000] {logging_mixin.py:188} INFO - [2026-05-16T16:39:41.932+0000] {dag.py:3089} INFO - Sync 1 DAGs
[2026-05-16T16:39:41.938+0000] {logging_mixin.py:188} INFO - [2026-05-16T16:39:41.937+0000] {dag.py:3947} INFO - Setting next_dagrun for example_sensors to None, run_after=None
[2026-05-16T16:39:41.944+0000] {processor.py:183} INFO - Processing /home/airflow/.local/lib/python3.12/site-packages/airflow/example_dags/example_sensors.py took 0.043 seconds
[2026-05-16T16:40:12.644+0000] {processor.py:161} INFO - Started process (PID=1828) to work on /home/airflow/.local/lib/python3.12/site-packages/airflow/example_dags/example_sensors.py
[2026-05-16T16:40:12.645+0000] {processor.py:830} INFO - Processing file /home/airflow/.local/lib/python3.12/site-packages/airflow/example_dags/example_sensors.py for tasks to queue
[2026-05-16T16:40:12.647+0000] {logging_mixin.py:188} INFO - [2026-05-16T16:40:12.646+0000] {dagbag.py:545} INFO - Filling up the DagBag from /home/airflow/.local/lib/python3.12/site-packages/airflow/example_dags/example_sensors.py
[2026-05-16T16:40:12.653+0000] {processor.py:840} INFO - DAG(s) 'example_sensors' retrieved from /home/airflow/.local/lib/python3.12/site-packages/airflow/example_dags/example_sensors.py
[2026-05-16T16:40:12.667+0000] {logging_mixin.py:188} INFO - [2026-05-16T16:40:12.667+0000] {dag.py:3089} INFO - Sync 1 DAGs
[2026-05-16T16:40:12.673+0000] {logging_mixin.py:188} INFO - [2026-05-16T16:40:12.673+0000] {dag.py:3947} INFO - Setting next_dagrun for example_sensors to None, run_after=None
[2026-05-16T16:40:12.681+0000] {processor.py:183} INFO - Processing /home/airflow/.local/lib/python3.12/site-packages/airflow/example_dags/example_sensors.py took 0.043 seconds
[2026-05-16T16:40:43.347+0000] {processor.py:161} INFO - Started process (PID=1890) to work on /home/airflow/.local/lib/python3.12/site-packages/airflow/example_dags/example_sensors.py
[2026-05-16T16:40:43.348+0000] {processor.py:830} INFO - Processing file /home/airflow/.local/lib/python3.12/site-packages/airflow/example_dags/example_sensors.py for tasks to queue
[2026-05-16T16:40:43.350+0000] {logging_mixin.py:188} INFO - [2026-05-16T16:40:43.349+0000] {dagbag.py:545} INFO - Filling up the DagBag from /home/airflow/.local/lib/python3.12/site-packages/airflow/example_dags/example_sensors.py
[2026-05-16T16:40:43.356+0000] {processor.py:840} INFO - DAG(s) 'example_sensors' retrieved from /home/airflow/.local/lib/python3.12/site-packages/airflow/example_dags/example_sensors.py
[2026-05-16T16:40:43.371+0000] {logging_mixin.py:188} INFO - [2026-05-16T16:40:43.371+0000] {dag.py:3089} INFO - Sync 1 DAGs
[2026-05-16T16:40:43.377+0000] {logging_mixin.py:188} INFO - [2026-05-16T16:40:43.377+0000] {dag.py:3947} INFO - Setting next_dagrun for example_sensors to None, run_after=None
[2026-05-16T16:40:43.384+0000] {processor.py:183} INFO - Processing /home/airflow/.local/lib/python3.12/site-packages/airflow/example_dags/example_sensors.py took 0.046 seconds
[2026-05-16T16:41:14.021+0000] {processor.py:161} INFO - Started process (PID=1951) to work on /home/airflow/.local/lib/python3.12/site-packages/airflow/example_dags/example_sensors.py
[2026-05-16T16:41:14.022+0000] {processor.py:830} INFO - Processing file /home/airflow/.local/lib/python3.12/site-packages/airflow/example_dags/example_sensors.py for tasks to queue
[2026-05-16T16:41:14.023+0000] {logging_mixin.py:188} INFO - [2026-05-16T16:41:14.023+0000] {dagbag.py:545} INFO - Filling up the DagBag from /home/airflow/.local/lib/python3.12/site-packages/airflow/example_dags/example_sensors.py
[2026-05-16T16:41:14.029+0000] {processor.py:840} INFO - DAG(s) 'example_sensors' retrieved from /home/airflow/.local/lib/python3.12/site-packages/airflow/example_dags/example_sensors.py
[2026-05-16T16:41:14.043+0000] {logging_mixin.py:188} INFO - [2026-05-16T16:41:14.043+0000] {dag.py:3089} INFO - Sync 1 DAGs
[2026-05-16T16:41:14.049+0000] {logging_mixin.py:188} INFO - [2026-05-16T16:41:14.049+0000] {dag.py:3947} INFO - Setting next_dagrun for example_sensors to None, run_after=None
[2026-05-16T16:41:14.057+0000] {processor.py:183} INFO - Processing /home/airflow/.local/lib/python3.12/site-packages/airflow/example_dags/example_sensors.py took 0.040 seconds
[2026-05-16T16:41:44.673+0000] {processor.py:161} INFO - Started process (PID=2012) to work on /home/airflow/.local/lib/python3.12/site-packages/airflow/example_dags/example_sensors.py
[2026-05-16T16:41:44.675+0000] {processor.py:830} INFO - Processing file /home/airflow/.local/lib/python3.12/site-packages/airflow/example_dags/example_sensors.py for tasks to queue
[2026-05-16T16:41:44.677+0000] {logging_mixin.py:188} INFO - [2026-05-16T16:41:44.677+0000] {dagbag.py:545} INFO - Filling up the DagBag from /home/airflow/.local/lib/python3.12/site-packages/airflow/example_dags/example_sensors.py
[2026-05-16T16:41:44.685+0000] {processor.py:840} INFO - DAG(s) 'example_sensors' retrieved from /home/airflow/.local/lib/python3.12/site-packages/airflow/example_dags/example_sensors.py
[2026-05-16T16:41:44.699+0000] {logging_mixin.py:188} INFO - [2026-05-16T16:41:44.699+0000] {dag.py:3089} INFO - Sync 1 DAGs
[2026-05-16T16:41:44.706+0000] {logging_mixin.py:188} INFO - [2026-05-16T16:41:44.706+0000] {dag.py:3947} INFO - Setting next_dagrun for example_sensors to None, run_after=None
[2026-05-16T16:41:44.712+0000] {processor.py:183} INFO - Processing /home/airflow/.local/lib/python3.12/site-packages/airflow/example_dags/example_sensors.py took 0.045 seconds
[2026-05-16T16:42:15.288+0000] {processor.py:161} INFO - Started process (PID=2074) to work on /home/airflow/.local/lib/python3.12/site-packages/airflow/example_dags/example_sensors.py
[2026-05-16T16:42:15.288+0000] {processor.py:830} INFO - Processing file /home/airflow/.local/lib/python3.12/site-packages/airflow/example_dags/example_sensors.py for tasks to queue
[2026-05-16T16:42:15.289+0000] {logging_mixin.py:188} INFO - [2026-05-16T16:42:15.289+0000] {dagbag.py:545} INFO - Filling up the DagBag from /home/airflow/.local/lib/python3.12/site-packages/airflow/example_dags/example_sensors.py
[2026-05-16T16:42:15.298+0000] {processor.py:840} INFO - DAG(s) 'example_sensors' retrieved from /home/airflow/.local/lib/python3.12/site-packages/airflow/example_dags/example_sensors.py
[2026-05-16T16:42:15.312+0000] {logging_mixin.py:188} INFO - [2026-05-16T16:42:15.312+0000] {dag.py:3089} INFO - Sync 1 DAGs
[2026-05-16T16:42:15.318+0000] {logging_mixin.py:188} INFO - [2026-05-16T16:42:15.318+0000] {dag.py:3947} INFO - Setting next_dagrun for example_sensors to None, run_after=None
[2026-05-16T16:42:15.325+0000] {processor.py:183} INFO - Processing /home/airflow/.local/lib/python3.12/site-packages/airflow/example_dags/example_sensors.py took 0.044 seconds
[2026-05-16T16:42:45.795+0000] {processor.py:161} INFO - Started process (PID=2136) to work on /home/airflow/.local/lib/python3.12/site-packages/airflow/example_dags/example_sensors.py
[2026-05-16T16:42:45.795+0000] {processor.py:830} INFO - Processing file /home/airflow/.local/lib/python3.12/site-packages/airflow/example_dags/example_sensors.py for tasks to queue
[2026-05-16T16:42:45.796+0000] {logging_mixin.py:188} INFO - [2026-05-16T16:42:45.796+0000] {dagbag.py:545} INFO - Filling up the DagBag from /home/airflow/.local/lib/python3.12/site-packages/airflow/example_dags/example_sensors.py
[2026-05-16T16:42:45.800+0000] {processor.py:840} INFO - DAG(s) 'example_sensors' retrieved from /home/airflow/.local/lib/python3.12/site-packages/airflow/example_dags/example_sensors.py
[2026-05-16T16:42:45.811+0000] {logging_mixin.py:188} INFO - [2026-05-16T16:42:45.811+0000] {dag.py:3089} INFO - Sync 1 DAGs
[2026-05-16T16:42:45.817+0000] {logging_mixin.py:188} INFO - [2026-05-16T16:42:45.817+0000] {dag.py:3947} INFO - Setting next_dagrun for example_sensors to None, run_after=None
[2026-05-16T16:42:45.828+0000] {processor.py:183} INFO - Processing /home/airflow/.local/lib/python3.12/site-packages/airflow/example_dags/example_sensors.py took 0.036 seconds
[2026-05-16T16:43:16.383+0000] {processor.py:161} INFO - Started process (PID=2197) to work on /home/airflow/.local/lib/python3.12/site-packages/airflow/example_dags/example_sensors.py
[2026-05-16T16:43:16.384+0000] {processor.py:830} INFO - Processing file /home/airflow/.local/lib/python3.12/site-packages/airflow/example_dags/example_sensors.py for tasks to queue
[2026-05-16T16:43:16.386+0000] {logging_mixin.py:188} INFO - [2026-05-16T16:43:16.385+0000] {dagbag.py:545} INFO - Filling up the DagBag from /home/airflow/.local/lib/python3.12/site-packages/airflow/example_dags/example_sensors.py
[2026-05-16T16:43:16.393+0000] {processor.py:840} INFO - DAG(s) 'example_sensors' retrieved from /home/airflow/.local/lib/python3.12/site-packages/airflow/example_dags/example_sensors.py
[2026-05-16T16:43:16.411+0000] {logging_mixin.py:188} INFO - [2026-05-16T16:43:16.411+0000] {dag.py:3089} INFO - Sync 1 DAGs
[2026-05-16T16:43:16.418+0000] {logging_mixin.py:188} INFO - [2026-05-16T16:43:16.417+0000] {dag.py:3947} INFO - Setting next_dagrun for example_sensors to None, run_after=None
[2026-05-16T16:43:16.429+0000] {processor.py:183} INFO - Processing /home/airflow/.local/lib/python3.12/site-packages/airflow/example_dags/example_sensors.py took 0.053 seconds
[2026-05-16T16:43:46.938+0000] {processor.py:161} INFO - Started process (PID=2259) to work on /home/airflow/.local/lib/python3.12/site-packages/airflow/example_dags/example_sensors.py
[2026-05-16T16:43:46.939+0000] {processor.py:830} INFO - Processing file /home/airflow/.local/lib/python3.12/site-packages/airflow/example_dags/example_sensors.py for tasks to queue
[2026-05-16T16:43:46.941+0000] {logging_mixin.py:188} INFO - [2026-05-16T16:43:46.940+0000] {dagbag.py:545} INFO - Filling up the DagBag from /home/airflow/.local/lib/python3.12/site-packages/airflow/example_dags/example_sensors.py
[2026-05-16T16:43:46.949+0000] {processor.py:840} INFO - DAG(s) 'example_sensors' retrieved from /home/airflow/.local/lib/python3.12/site-packages/airflow/example_dags/example_sensors.py
[2026-05-16T16:43:46.963+0000] {logging_mixin.py:188} INFO - [2026-05-16T16:43:46.963+0000] {dag.py:3089} INFO - Sync 1 DAGs
[2026-05-16T16:43:46.969+0000] {logging_mixin.py:188} INFO - [2026-05-16T16:43:46.969+0000] {dag.py:3947} INFO - Setting next_dagrun for example_sensors to None, run_after=None
[2026-05-16T16:43:46.977+0000] {processor.py:183} INFO - Processing /home/airflow/.local/lib/python3.12/site-packages/airflow/example_dags/example_sensors.py took 0.045 seconds
[2026-05-16T16:44:17.571+0000] {processor.py:161} INFO - Started process (PID=2321) to work on /home/airflow/.local/lib/python3.12/site-packages/airflow/example_dags/example_sensors.py
[2026-05-16T16:44:17.572+0000] {processor.py:830} INFO - Processing file /home/airflow/.local/lib/python3.12/site-packages/airflow/example_dags/example_sensors.py for tasks to queue
[2026-05-16T16:44:17.574+0000] {logging_mixin.py:188} INFO - [2026-05-16T16:44:17.574+0000] {dagbag.py:545} INFO - Filling up the DagBag from /home/airflow/.local/lib/python3.12/site-packages/airflow/example_dags/example_sensors.py
[2026-05-16T16:44:17.580+0000] {processor.py:840} INFO - DAG(s) 'example_sensors' retrieved from /home/airflow/.local/lib/python3.12/site-packages/airflow/example_dags/example_sensors.py
[2026-05-16T16:44:17.597+0000] {logging_mixin.py:188} INFO - [2026-05-16T16:44:17.597+0000] {dag.py:3089} INFO - Sync 1 DAGs
[2026-05-16T16:44:17.604+0000] {logging_mixin.py:188} INFO - [2026-05-16T16:44:17.604+0000] {dag.py:3947} INFO - Setting next_dagrun for example_sensors to None, run_after=None
[2026-05-16T16:44:17.612+0000] {processor.py:183} INFO - Processing /home/airflow/.local/lib/python3.12/site-packages/airflow/example_dags/example_sensors.py took 0.048 seconds
[2026-05-16T16:44:48.196+0000] {processor.py:161} INFO - Started process (PID=2383) to work on /home/airflow/.local/lib/python3.12/site-packages/airflow/example_dags/example_sensors.py
[2026-05-16T16:44:48.198+0000] {processor.py:830} INFO - Processing file /home/airflow/.local/lib/python3.12/site-packages/airflow/example_dags/example_sensors.py for tasks to queue
[2026-05-16T16:44:48.199+0000] {logging_mixin.py:188} INFO - [2026-05-16T16:44:48.199+0000] {dagbag.py:545} INFO - Filling up the DagBag from /home/airflow/.local/lib/python3.12/site-packages/airflow/example_dags/example_sensors.py
[2026-05-16T16:44:48.206+0000] {processor.py:840} INFO - DAG(s) 'example_sensors' retrieved from /home/airflow/.local/lib/python3.12/site-packages/airflow/example_dags/example_sensors.py
[2026-05-16T16:44:48.220+0000] {logging_mixin.py:188} INFO - [2026-05-16T16:44:48.220+0000] {dag.py:3089} INFO - Sync 1 DAGs
[2026-05-16T16:44:48.226+0000] {logging_mixin.py:188} INFO - [2026-05-16T16:44:48.226+0000] {dag.py:3947} INFO - Setting next_dagrun for example_sensors to None, run_after=None
[2026-05-16T16:44:48.233+0000] {processor.py:183} INFO - Processing /home/airflow/.local/lib/python3.12/site-packages/airflow/example_dags/example_sensors.py took 0.042 seconds
[2026-05-16T16:45:18.708+0000] {processor.py:161} INFO - Started process (PID=2445) to work on /home/airflow/.local/lib/python3.12/site-packages/airflow/example_dags/example_sensors.py
[2026-05-16T16:45:18.712+0000] {processor.py:830} INFO - Processing file /home/airflow/.local/lib/python3.12/site-packages/airflow/example_dags/example_sensors.py for tasks to queue
[2026-05-16T16:45:18.714+0000] {logging_mixin.py:188} INFO - [2026-05-16T16:45:18.713+0000] {dagbag.py:545} INFO - Filling up the DagBag from /home/airflow/.local/lib/python3.12/site-packages/airflow/example_dags/example_sensors.py
[2026-05-16T16:45:18.721+0000] {processor.py:840} INFO - DAG(s) 'example_sensors' retrieved from /home/airflow/.local/lib/python3.12/site-packages/airflow/example_dags/example_sensors.py
[2026-05-16T16:45:18.736+0000] {logging_mixin.py:188} INFO - [2026-05-16T16:45:18.735+0000] {dag.py:3089} INFO - Sync 1 DAGs
[2026-05-16T16:45:18.743+0000] {logging_mixin.py:188} INFO - [2026-05-16T16:45:18.742+0000] {dag.py:3947} INFO - Setting next_dagrun for example_sensors to None, run_after=None
[2026-05-16T16:45:18.750+0000] {processor.py:183} INFO - Processing /home/airflow/.local/lib/python3.12/site-packages/airflow/example_dags/example_sensors.py took 0.048 seconds
[2026-05-16T16:45:49.467+0000] {processor.py:161} INFO - Started process (PID=2507) to work on /home/airflow/.local/lib/python3.12/site-packages/airflow/example_dags/example_sensors.py
[2026-05-16T16:45:49.469+0000] {processor.py:830} INFO - Processing file /home/airflow/.local/lib/python3.12/site-packages/airflow/example_dags/example_sensors.py for tasks to queue
[2026-05-16T16:45:49.471+0000] {logging_mixin.py:188} INFO - [2026-05-16T16:45:49.471+0000] {dagbag.py:545} INFO - Filling up the DagBag from /home/airflow/.local/lib/python3.12/site-packages/airflow/example_dags/example_sensors.py
[2026-05-16T16:45:49.478+0000] {processor.py:840} INFO - DAG(s) 'example_sensors' retrieved from /home/airflow/.local/lib/python3.12/site-packages/airflow/example_dags/example_sensors.py
[2026-05-16T16:45:49.491+0000] {logging_mixin.py:188} INFO - [2026-05-16T16:45:49.490+0000] {dag.py:3089} INFO - Sync 1 DAGs
[2026-05-16T16:45:49.497+0000] {logging_mixin.py:188} INFO - [2026-05-16T16:45:49.497+0000] {dag.py:3947} INFO - Setting next_dagrun for example_sensors to None, run_after=None
[2026-05-16T16:45:49.506+0000] {processor.py:183} INFO - Processing /home/airflow/.local/lib/python3.12/site-packages/airflow/example_dags/example_sensors.py took 0.044 seconds
[2026-05-16T16:46:20.244+0000] {processor.py:161} INFO - Started process (PID=2569) to work on /home/airflow/.local/lib/python3.12/site-packages/airflow/example_dags/example_sensors.py
[2026-05-16T16:46:20.244+0000] {processor.py:830} INFO - Processing file /home/airflow/.local/lib/python3.12/site-packages/airflow/example_dags/example_sensors.py for tasks to queue
[2026-05-16T16:46:20.245+0000] {logging_mixin.py:188} INFO - [2026-05-16T16:46:20.245+0000] {dagbag.py:545} INFO - Filling up the DagBag from /home/airflow/.local/lib/python3.12/site-packages/airflow/example_dags/example_sensors.py
[2026-05-16T16:46:20.251+0000] {processor.py:840} INFO - DAG(s) 'example_sensors' retrieved from /home/airflow/.local/lib/python3.12/site-packages/airflow/example_dags/example_sensors.py
[2026-05-16T16:46:20.262+0000] {logging_mixin.py:188} INFO - [2026-05-16T16:46:20.262+0000] {dag.py:3089} INFO - Sync 1 DAGs
[2026-05-16T16:46:20.267+0000] {logging_mixin.py:188} INFO - [2026-05-16T16:46:20.267+0000] {dag.py:3947} INFO - Setting next_dagrun for example_sensors to None, run_after=None
[2026-05-16T16:46:20.273+0000] {processor.py:183} INFO - Processing /home/airflow/.local/lib/python3.12/site-packages/airflow/example_dags/example_sensors.py took 0.034 seconds
[2026-05-16T16:46:50.759+0000] {processor.py:161} INFO - Started process (PID=2631) to work on /home/airflow/.local/lib/python3.12/site-packages/airflow/example_dags/example_sensors.py
[2026-05-16T16:46:50.760+0000] {processor.py:830} INFO - Processing file /home/airflow/.local/lib/python3.12/site-packages/airflow/example_dags/example_sensors.py for tasks to queue
[2026-05-16T16:46:50.761+0000] {logging_mixin.py:188} INFO - [2026-05-16T16:46:50.761+0000] {dagbag.py:545} INFO - Filling up the DagBag from /home/airflow/.local/lib/python3.12/site-packages/airflow/example_dags/example_sensors.py
[2026-05-16T16:46:50.767+0000] {processor.py:840} INFO - DAG(s) 'example_sensors' retrieved from /home/airflow/.local/lib/python3.12/site-packages/airflow/example_dags/example_sensors.py
[2026-05-16T16:46:50.784+0000] {logging_mixin.py:188} INFO - [2026-05-16T16:46:50.783+0000] {dag.py:3089} INFO - Sync 1 DAGs
[2026-05-16T16:46:50.789+0000] {logging_mixin.py:188} INFO - [2026-05-16T16:46:50.789+0000] {dag.py:3947} INFO - Setting next_dagrun for example_sensors to None, run_after=None
[2026-05-16T16:46:50.796+0000] {processor.py:183} INFO - Processing /home/airflow/.local/lib/python3.12/site-packages/airflow/example_dags/example_sensors.py took 0.045 seconds
[2026-05-16T16:47:21.375+0000] {processor.py:161} INFO - Started process (PID=2693) to work on /home/airflow/.local/lib/python3.12/site-packages/airflow/example_dags/example_sensors.py
[2026-05-16T16:47:21.375+0000] {processor.py:830} INFO - Processing file /home/airflow/.local/lib/python3.12/site-packages/airflow/example_dags/example_sensors.py for tasks to queue
[2026-05-16T16:47:21.376+0000] {logging_mixin.py:188} INFO - [2026-05-16T16:47:21.376+0000] {dagbag.py:545} INFO - Filling up the DagBag from /home/airflow/.local/lib/python3.12/site-packages/airflow/example_dags/example_sensors.py
[2026-05-16T16:47:21.381+0000] {processor.py:840} INFO - DAG(s) 'example_sensors' retrieved from /home/airflow/.local/lib/python3.12/site-packages/airflow/example_dags/example_sensors.py
[2026-05-16T16:47:21.395+0000] {logging_mixin.py:188} INFO - [2026-05-16T16:47:21.395+0000] {dag.py:3089} INFO - Sync 1 DAGs
[2026-05-16T16:47:21.401+0000] {logging_mixin.py:188} INFO - [2026-05-16T16:47:21.401+0000] {dag.py:3947} INFO - Setting next_dagrun for example_sensors to None, run_after=None
[2026-05-16T16:47:21.408+0000] {processor.py:183} INFO - Processing /home/airflow/.local/lib/python3.12/site-packages/airflow/example_dags/example_sensors.py took 0.037 seconds
[2026-05-16T16:47:51.831+0000] {processor.py:161} INFO - Started process (PID=2755) to work on /home/airflow/.local/lib/python3.12/site-packages/airflow/example_dags/example_sensors.py
[2026-05-16T16:47:51.832+0000] {processor.py:830} INFO - Processing file /home/airflow/.local/lib/python3.12/site-packages/airflow/example_dags/example_sensors.py for tasks to queue
[2026-05-16T16:47:51.834+0000] {logging_mixin.py:188} INFO - [2026-05-16T16:47:51.833+0000] {dagbag.py:545} INFO - Filling up the DagBag from /home/airflow/.local/lib/python3.12/site-packages/airflow/example_dags/example_sensors.py
[2026-05-16T16:47:51.840+0000] {processor.py:840} INFO - DAG(s) 'example_sensors' retrieved from /home/airflow/.local/lib/python3.12/site-packages/airflow/example_dags/example_sensors.py
[2026-05-16T16:47:51.857+0000] {logging_mixin.py:188} INFO - [2026-05-16T16:47:51.857+0000] {dag.py:3089} INFO - Sync 1 DAGs
[2026-05-16T16:47:51.864+0000] {logging_mixin.py:188} INFO - [2026-05-16T16:47:51.863+0000] {dag.py:3947} INFO - Setting next_dagrun for example_sensors to None, run_after=None
[2026-05-16T16:47:51.869+0000] {processor.py:183} INFO - Processing /home/airflow/.local/lib/python3.12/site-packages/airflow/example_dags/example_sensors.py took 0.046 seconds
[2026-05-16T16:48:22.424+0000] {processor.py:161} INFO - Started process (PID=2817) to work on /home/airflow/.local/lib/python3.12/site-packages/airflow/example_dags/example_sensors.py
[2026-05-16T16:48:22.425+0000] {processor.py:830} INFO - Processing file /home/airflow/.local/lib/python3.12/site-packages/airflow/example_dags/example_sensors.py for tasks to queue
[2026-05-16T16:48:22.426+0000] {logging_mixin.py:188} INFO - [2026-05-16T16:48:22.426+0000] {dagbag.py:545} INFO - Filling up the DagBag from /home/airflow/.local/lib/python3.12/site-packages/airflow/example_dags/example_sensors.py
[2026-05-16T16:48:22.433+0000] {processor.py:840} INFO - DAG(s) 'example_sensors' retrieved from /home/airflow/.local/lib/python3.12/site-packages/airflow/example_dags/example_sensors.py
[2026-05-16T16:48:22.447+0000] {logging_mixin.py:188} INFO - [2026-05-16T16:48:22.447+0000] {dag.py:3089} INFO - Sync 1 DAGs
[2026-05-16T16:48:22.453+0000] {logging_mixin.py:188} INFO - [2026-05-16T16:48:22.453+0000] {dag.py:3947} INFO - Setting next_dagrun for example_sensors to None, run_after=None
[2026-05-16T16:48:22.459+0000] {processor.py:183} INFO - Processing /home/airflow/.local/lib/python3.12/site-packages/airflow/example_dags/example_sensors.py took 0.043 seconds
[2026-05-16T16:48:52.962+0000] {processor.py:161} INFO - Started process (PID=2879) to work on /home/airflow/.local/lib/python3.12/site-packages/airflow/example_dags/example_sensors.py
[2026-05-16T16:48:52.962+0000] {processor.py:830} INFO - Processing file /home/airflow/.local/lib/python3.12/site-packages/airflow/example_dags/example_sensors.py for tasks to queue
[2026-05-16T16:48:52.963+0000] {logging_mixin.py:188} INFO - [2026-05-16T16:48:52.963+0000] {dagbag.py:545} INFO - Filling up the DagBag from /home/airflow/.local/lib/python3.12/site-packages/airflow/example_dags/example_sensors.py
[2026-05-16T16:48:52.969+0000] {processor.py:840} INFO - DAG(s) 'example_sensors' retrieved from /home/airflow/.local/lib/python3.12/site-packages/airflow/example_dags/example_sensors.py
[2026-05-16T16:48:52.983+0000] {logging_mixin.py:188} INFO - [2026-05-16T16:48:52.983+0000] {dag.py:3089} INFO - Sync 1 DAGs
[2026-05-16T16:48:52.989+0000] {logging_mixin.py:188} INFO - [2026-05-16T16:48:52.989+0000] {dag.py:3947} INFO - Setting next_dagrun for example_sensors to None, run_after=None
[2026-05-16T16:48:52.995+0000] {processor.py:183} INFO - Processing /home/airflow/.local/lib/python3.12/site-packages/airflow/example_dags/example_sensors.py took 0.040 seconds
[2026-05-16T16:49:23.888+0000] {processor.py:161} INFO - Started process (PID=2941) to work on /home/airflow/.local/lib/python3.12/site-packages/airflow/example_dags/example_sensors.py
[2026-05-16T16:49:23.889+0000] {processor.py:830} INFO - Processing file /home/airflow/.local/lib/python3.12/site-packages/airflow/example_dags/example_sensors.py for tasks to queue
[2026-05-16T16:49:23.890+0000] {logging_mixin.py:188} INFO - [2026-05-16T16:49:23.890+0000] {dagbag.py:545} INFO - Filling up the DagBag from /home/airflow/.local/lib/python3.12/site-packages/airflow/example_dags/example_sensors.py
[2026-05-16T16:49:23.896+0000] {processor.py:840} INFO - DAG(s) 'example_sensors' retrieved from /home/airflow/.local/lib/python3.12/site-packages/airflow/example_dags/example_sensors.py
[2026-05-16T16:49:23.910+0000] {logging_mixin.py:188} INFO - [2026-05-16T16:49:23.910+0000] {dag.py:3089} INFO - Sync 1 DAGs
[2026-05-16T16:49:23.916+0000] {logging_mixin.py:188} INFO - [2026-05-16T16:49:23.916+0000] {dag.py:3947} INFO - Setting next_dagrun for example_sensors to None, run_after=None
[2026-05-16T16:49:23.924+0000] {processor.py:183} INFO - Processing /home/airflow/.local/lib/python3.12/site-packages/airflow/example_dags/example_sensors.py took 0.043 seconds
[2026-05-16T16:49:54.835+0000] {processor.py:161} INFO - Started process (PID=3003) to work on /home/airflow/.local/lib/python3.12/site-packages/airflow/example_dags/example_sensors.py
[2026-05-16T16:49:54.836+0000] {processor.py:830} INFO - Processing file /home/airflow/.local/lib/python3.12/site-packages/airflow/example_dags/example_sensors.py for tasks to queue
[2026-05-16T16:49:54.838+0000] {logging_mixin.py:188} INFO - [2026-05-16T16:49:54.837+0000] {dagbag.py:545} INFO - Filling up the DagBag from /home/airflow/.local/lib/python3.12/site-packages/airflow/example_dags/example_sensors.py
[2026-05-16T16:49:54.844+0000] {processor.py:840} INFO - DAG(s) 'example_sensors' retrieved from /home/airflow/.local/lib/python3.12/site-packages/airflow/example_dags/example_sensors.py
[2026-05-16T16:49:54.859+0000] {logging_mixin.py:188} INFO - [2026-05-16T16:49:54.859+0000] {dag.py:3089} INFO - Sync 1 DAGs
[2026-05-16T16:49:54.865+0000] {logging_mixin.py:188} INFO - [2026-05-16T16:49:54.865+0000] {dag.py:3947} INFO - Setting next_dagrun for example_sensors to None, run_after=None
[2026-05-16T16:49:54.873+0000] {processor.py:183} INFO - Processing /home/airflow/.local/lib/python3.12/site-packages/airflow/example_dags/example_sensors.py took 0.046 seconds
[2026-05-16T16:50:24.928+0000] {processor.py:161} INFO - Started process (PID=3065) to work on /home/airflow/.local/lib/python3.12/site-packages/airflow/example_dags/example_sensors.py
[2026-05-16T16:50:24.928+0000] {processor.py:830} INFO - Processing file /home/airflow/.local/lib/python3.12/site-packages/airflow/example_dags/example_sensors.py for tasks to queue
[2026-05-16T16:50:24.930+0000] {logging_mixin.py:188} INFO - [2026-05-16T16:50:24.929+0000] {dagbag.py:545} INFO - Filling up the DagBag from /home/airflow/.local/lib/python3.12/site-packages/airflow/example_dags/example_sensors.py
[2026-05-16T16:50:24.937+0000] {processor.py:840} INFO - DAG(s) 'example_sensors' retrieved from /home/airflow/.local/lib/python3.12/site-packages/airflow/example_dags/example_sensors.py
[2026-05-16T16:50:24.952+0000] {logging_mixin.py:188} INFO - [2026-05-16T16:50:24.951+0000] {dag.py:3089} INFO - Sync 1 DAGs
[2026-05-16T16:50:24.957+0000] {logging_mixin.py:188} INFO - [2026-05-16T16:50:24.957+0000] {dag.py:3947} INFO - Setting next_dagrun for example_sensors to None, run_after=None
[2026-05-16T16:50:24.964+0000] {processor.py:183} INFO - Processing /home/airflow/.local/lib/python3.12/site-packages/airflow/example_dags/example_sensors.py took 0.043 seconds
[2026-05-16T16:50:55.880+0000] {processor.py:161} INFO - Started process (PID=3126) to work on /home/airflow/.local/lib/python3.12/site-packages/airflow/example_dags/example_sensors.py
[2026-05-16T16:50:55.881+0000] {processor.py:830} INFO - Processing file /home/airflow/.local/lib/python3.12/site-packages/airflow/example_dags/example_sensors.py for tasks to queue
[2026-05-16T16:50:55.883+0000] {logging_mixin.py:188} INFO - [2026-05-16T16:50:55.882+0000] {dagbag.py:545} INFO - Filling up the DagBag from /home/airflow/.local/lib/python3.12/site-packages/airflow/example_dags/example_sensors.py
[2026-05-16T16:50:55.888+0000] {processor.py:840} INFO - DAG(s) 'example_sensors' retrieved from /home/airflow/.local/lib/python3.12/site-packages/airflow/example_dags/example_sensors.py
[2026-05-16T16:50:55.902+0000] {logging_mixin.py:188} INFO - [2026-05-16T16:50:55.902+0000] {dag.py:3089} INFO - Sync 1 DAGs
[2026-05-16T16:50:55.907+0000] {logging_mixin.py:188} INFO - [2026-05-16T16:50:55.907+0000] {dag.py:3947} INFO - Setting next_dagrun for example_sensors to None, run_after=None
[2026-05-16T16:50:55.913+0000] {processor.py:183} INFO - Processing /home/airflow/.local/lib/python3.12/site-packages/airflow/example_dags/example_sensors.py took 0.040 seconds
[2026-05-16T16:51:26.659+0000] {processor.py:161} INFO - Started process (PID=3188) to work on /home/airflow/.local/lib/python3.12/site-packages/airflow/example_dags/example_sensors.py
[2026-05-16T16:51:26.660+0000] {processor.py:830} INFO - Processing file /home/airflow/.local/lib/python3.12/site-packages/airflow/example_dags/example_sensors.py for tasks to queue
[2026-05-16T16:51:26.662+0000] {logging_mixin.py:188} INFO - [2026-05-16T16:51:26.662+0000] {dagbag.py:545} INFO - Filling up the DagBag from /home/airflow/.local/lib/python3.12/site-packages/airflow/example_dags/example_sensors.py
[2026-05-16T16:51:26.669+0000] {processor.py:840} INFO - DAG(s) 'example_sensors' retrieved from /home/airflow/.local/lib/python3.12/site-packages/airflow/example_dags/example_sensors.py
[2026-05-16T16:51:26.684+0000] {logging_mixin.py:188} INFO - [2026-05-16T16:51:26.684+0000] {dag.py:3089} INFO - Sync 1 DAGs
[2026-05-16T16:51:26.691+0000] {logging_mixin.py:188} INFO - [2026-05-16T16:51:26.690+0000] {dag.py:3947} INFO - Setting next_dagrun for example_sensors to None, run_after=None
[2026-05-16T16:51:26.698+0000] {processor.py:183} INFO - Processing /home/airflow/.local/lib/python3.12/site-packages/airflow/example_dags/example_sensors.py took 0.047 seconds
[2026-05-16T16:51:57.366+0000] {processor.py:161} INFO - Started process (PID=3250) to work on /home/airflow/.local/lib/python3.12/site-packages/airflow/example_dags/example_sensors.py
[2026-05-16T16:51:57.367+0000] {processor.py:830} INFO - Processing file /home/airflow/.local/lib/python3.12/site-packages/airflow/example_dags/example_sensors.py for tasks to queue
[2026-05-16T16:51:57.368+0000] {logging_mixin.py:188} INFO - [2026-05-16T16:51:57.368+0000] {dagbag.py:545} INFO - Filling up the DagBag from /home/airflow/.local/lib/python3.12/site-packages/airflow/example_dags/example_sensors.py
[2026-05-16T16:51:57.374+0000] {processor.py:840} INFO - DAG(s) 'example_sensors' retrieved from /home/airflow/.local/lib/python3.12/site-packages/airflow/example_dags/example_sensors.py
[2026-05-16T16:51:57.387+0000] {logging_mixin.py:188} INFO - [2026-05-16T16:51:57.387+0000] {dag.py:3089} INFO - Sync 1 DAGs
[2026-05-16T16:51:57.392+0000] {logging_mixin.py:188} INFO - [2026-05-16T16:51:57.392+0000] {dag.py:3947} INFO - Setting next_dagrun for example_sensors to None, run_after=None
[2026-05-16T16:51:57.399+0000] {processor.py:183} INFO - Processing /home/airflow/.local/lib/python3.12/site-packages/airflow/example_dags/example_sensors.py took 0.040 seconds
[2026-05-16T16:52:28.342+0000] {processor.py:161} INFO - Started process (PID=3317) to work on /home/airflow/.local/lib/python3.12/site-packages/airflow/example_dags/example_sensors.py
[2026-05-16T16:52:28.343+0000] {processor.py:830} INFO - Processing file /home/airflow/.local/lib/python3.12/site-packages/airflow/example_dags/example_sensors.py for tasks to queue
[2026-05-16T16:52:28.345+0000] {logging_mixin.py:188} INFO - [2026-05-16T16:52:28.344+0000] {dagbag.py:545} INFO - Filling up the DagBag from /home/airflow/.local/lib/python3.12/site-packages/airflow/example_dags/example_sensors.py
[2026-05-16T16:52:28.352+0000] {processor.py:840} INFO - DAG(s) 'example_sensors' retrieved from /home/airflow/.local/lib/python3.12/site-packages/airflow/example_dags/example_sensors.py
[2026-05-16T16:52:28.366+0000] {logging_mixin.py:188} INFO - [2026-05-16T16:52:28.366+0000] {dag.py:3089} INFO - Sync 1 DAGs
[2026-05-16T16:52:28.372+0000] {logging_mixin.py:188} INFO - [2026-05-16T16:52:28.372+0000] {dag.py:3947} INFO - Setting next_dagrun for example_sensors to None, run_after=None
[2026-05-16T16:52:28.380+0000] {processor.py:183} INFO - Processing /home/airflow/.local/lib/python3.12/site-packages/airflow/example_dags/example_sensors.py took 0.045 seconds
[2026-05-16T16:52:58.419+0000] {processor.py:161} INFO - Started process (PID=3378) to work on /home/airflow/.local/lib/python3.12/site-packages/airflow/example_dags/example_sensors.py
[2026-05-16T16:52:58.419+0000] {processor.py:830} INFO - Processing file /home/airflow/.local/lib/python3.12/site-packages/airflow/example_dags/example_sensors.py for tasks to queue
[2026-05-16T16:52:58.422+0000] {logging_mixin.py:188} INFO - [2026-05-16T16:52:58.421+0000] {dagbag.py:545} INFO - Filling up the DagBag from /home/airflow/.local/lib/python3.12/site-packages/airflow/example_dags/example_sensors.py
[2026-05-16T16:52:58.427+0000] {processor.py:840} INFO - DAG(s) 'example_sensors' retrieved from /home/airflow/.local/lib/python3.12/site-packages/airflow/example_dags/example_sensors.py
[2026-05-16T16:52:58.441+0000] {logging_mixin.py:188} INFO - [2026-05-16T16:52:58.441+0000] {dag.py:3089} INFO - Sync 1 DAGs
[2026-05-16T16:52:58.446+0000] {logging_mixin.py:188} INFO - [2026-05-16T16:52:58.446+0000] {dag.py:3947} INFO - Setting next_dagrun for example_sensors to None, run_after=None
[2026-05-16T16:52:58.453+0000] {processor.py:183} INFO - Processing /home/airflow/.local/lib/python3.12/site-packages/airflow/example_dags/example_sensors.py took 0.037 seconds
[2026-05-16T16:53:29.432+0000] {processor.py:161} INFO - Started process (PID=3440) to work on /home/airflow/.local/lib/python3.12/site-packages/airflow/example_dags/example_sensors.py
[2026-05-16T16:53:29.433+0000] {processor.py:830} INFO - Processing file /home/airflow/.local/lib/python3.12/site-packages/airflow/example_dags/example_sensors.py for tasks to queue
[2026-05-16T16:53:29.435+0000] {logging_mixin.py:188} INFO - [2026-05-16T16:53:29.435+0000] {dagbag.py:545} INFO - Filling up the DagBag from /home/airflow/.local/lib/python3.12/site-packages/airflow/example_dags/example_sensors.py
[2026-05-16T16:53:29.447+0000] {processor.py:840} INFO - DAG(s) 'example_sensors' retrieved from /home/airflow/.local/lib/python3.12/site-packages/airflow/example_dags/example_sensors.py
[2026-05-16T16:53:29.467+0000] {logging_mixin.py:188} INFO - [2026-05-16T16:53:29.467+0000] {dag.py:3089} INFO - Sync 1 DAGs
[2026-05-16T16:53:29.480+0000] {logging_mixin.py:188} INFO - [2026-05-16T16:53:29.480+0000] {dag.py:3947} INFO - Setting next_dagrun for example_sensors to None, run_after=None
[2026-05-16T16:53:29.498+0000] {processor.py:183} INFO - Processing /home/airflow/.local/lib/python3.12/site-packages/airflow/example_dags/example_sensors.py took 0.072 seconds
[2026-05-16T16:54:00.225+0000] {processor.py:161} INFO - Started process (PID=3502) to work on /home/airflow/.local/lib/python3.12/site-packages/airflow/example_dags/example_sensors.py
[2026-05-16T16:54:00.225+0000] {processor.py:830} INFO - Processing file /home/airflow/.local/lib/python3.12/site-packages/airflow/example_dags/example_sensors.py for tasks to queue
[2026-05-16T16:54:00.227+0000] {logging_mixin.py:188} INFO - [2026-05-16T16:54:00.227+0000] {dagbag.py:545} INFO - Filling up the DagBag from /home/airflow/.local/lib/python3.12/site-packages/airflow/example_dags/example_sensors.py
[2026-05-16T16:54:00.243+0000] {processor.py:840} INFO - DAG(s) 'example_sensors' retrieved from /home/airflow/.local/lib/python3.12/site-packages/airflow/example_dags/example_sensors.py
[2026-05-16T16:54:00.258+0000] {logging_mixin.py:188} INFO - [2026-05-16T16:54:00.258+0000] {dag.py:3089} INFO - Sync 1 DAGs
[2026-05-16T16:54:00.263+0000] {logging_mixin.py:188} INFO - [2026-05-16T16:54:00.263+0000] {dag.py:3947} INFO - Setting next_dagrun for example_sensors to None, run_after=None
[2026-05-16T16:54:00.270+0000] {processor.py:183} INFO - Processing /home/airflow/.local/lib/python3.12/site-packages/airflow/example_dags/example_sensors.py took 0.059 seconds
[2026-05-16T16:54:30.803+0000] {processor.py:161} INFO - Started process (PID=3564) to work on /home/airflow/.local/lib/python3.12/site-packages/airflow/example_dags/example_sensors.py
[2026-05-16T16:54:30.803+0000] {processor.py:830} INFO - Processing file /home/airflow/.local/lib/python3.12/site-packages/airflow/example_dags/example_sensors.py for tasks to queue
[2026-05-16T16:54:30.804+0000] {logging_mixin.py:188} INFO - [2026-05-16T16:54:30.804+0000] {dagbag.py:545} INFO - Filling up the DagBag from /home/airflow/.local/lib/python3.12/site-packages/airflow/example_dags/example_sensors.py
[2026-05-16T16:54:30.809+0000] {processor.py:840} INFO - DAG(s) 'example_sensors' retrieved from /home/airflow/.local/lib/python3.12/site-packages/airflow/example_dags/example_sensors.py
[2026-05-16T16:54:30.819+0000] {logging_mixin.py:188} INFO - [2026-05-16T16:54:30.818+0000] {dag.py:3089} INFO - Sync 1 DAGs
[2026-05-16T16:54:30.823+0000] {logging_mixin.py:188} INFO - [2026-05-16T16:54:30.823+0000] {dag.py:3947} INFO - Setting next_dagrun for example_sensors to None, run_after=None
[2026-05-16T16:54:30.829+0000] {processor.py:183} INFO - Processing /home/airflow/.local/lib/python3.12/site-packages/airflow/example_dags/example_sensors.py took 0.029 seconds
[2026-05-16T16:55:01.465+0000] {processor.py:161} INFO - Started process (PID=3626) to work on /home/airflow/.local/lib/python3.12/site-packages/airflow/example_dags/example_sensors.py
[2026-05-16T16:55:01.465+0000] {processor.py:830} INFO - Processing file /home/airflow/.local/lib/python3.12/site-packages/airflow/example_dags/example_sensors.py for tasks to queue
[2026-05-16T16:55:01.466+0000] {logging_mixin.py:188} INFO - [2026-05-16T16:55:01.466+0000] {dagbag.py:545} INFO - Filling up the DagBag from /home/airflow/.local/lib/python3.12/site-packages/airflow/example_dags/example_sensors.py
[2026-05-16T16:55:01.470+0000] {processor.py:840} INFO - DAG(s) 'example_sensors' retrieved from /home/airflow/.local/lib/python3.12/site-packages/airflow/example_dags/example_sensors.py
[2026-05-16T16:55:01.480+0000] {logging_mixin.py:188} INFO - [2026-05-16T16:55:01.480+0000] {dag.py:3089} INFO - Sync 1 DAGs
[2026-05-16T16:55:01.484+0000] {logging_mixin.py:188} INFO - [2026-05-16T16:55:01.484+0000] {dag.py:3947} INFO - Setting next_dagrun for example_sensors to None, run_after=None
[2026-05-16T16:55:01.492+0000] {processor.py:183} INFO - Processing /home/airflow/.local/lib/python3.12/site-packages/airflow/example_dags/example_sensors.py took 0.030 seconds
[2026-05-16T16:55:32.192+0000] {processor.py:161} INFO - Started process (PID=3687) to work on /home/airflow/.local/lib/python3.12/site-packages/airflow/example_dags/example_sensors.py
[2026-05-16T16:55:32.192+0000] {processor.py:830} INFO - Processing file /home/airflow/.local/lib/python3.12/site-packages/airflow/example_dags/example_sensors.py for tasks to queue
[2026-05-16T16:55:32.193+0000] {logging_mixin.py:188} INFO - [2026-05-16T16:55:32.193+0000] {dagbag.py:545} INFO - Filling up the DagBag from /home/airflow/.local/lib/python3.12/site-packages/airflow/example_dags/example_sensors.py
[2026-05-16T16:55:32.197+0000] {processor.py:840} INFO - DAG(s) 'example_sensors' retrieved from /home/airflow/.local/lib/python3.12/site-packages/airflow/example_dags/example_sensors.py
[2026-05-16T16:55:32.207+0000] {logging_mixin.py:188} INFO - [2026-05-16T16:55:32.207+0000] {dag.py:3089} INFO - Sync 1 DAGs
[2026-05-16T16:55:32.212+0000] {logging_mixin.py:188} INFO - [2026-05-16T16:55:32.212+0000] {dag.py:3947} INFO - Setting next_dagrun for example_sensors to None, run_after=None
[2026-05-16T16:55:32.218+0000] {processor.py:183} INFO - Processing /home/airflow/.local/lib/python3.12/site-packages/airflow/example_dags/example_sensors.py took 0.029 seconds
[2026-05-16T16:56:03.128+0000] {processor.py:161} INFO - Started process (PID=3748) to work on /home/airflow/.local/lib/python3.12/site-packages/airflow/example_dags/example_sensors.py
[2026-05-16T16:56:03.128+0000] {processor.py:830} INFO - Processing file /home/airflow/.local/lib/python3.12/site-packages/airflow/example_dags/example_sensors.py for tasks to queue
[2026-05-16T16:56:03.129+0000] {logging_mixin.py:188} INFO - [2026-05-16T16:56:03.129+0000] {dagbag.py:545} INFO - Filling up the DagBag from /home/airflow/.local/lib/python3.12/site-packages/airflow/example_dags/example_sensors.py
[2026-05-16T16:56:03.132+0000] {processor.py:840} INFO - DAG(s) 'example_sensors' retrieved from /home/airflow/.local/lib/python3.12/site-packages/airflow/example_dags/example_sensors.py
[2026-05-16T16:56:03.141+0000] {logging_mixin.py:188} INFO - [2026-05-16T16:56:03.141+0000] {dag.py:3089} INFO - Sync 1 DAGs
[2026-05-16T16:56:03.147+0000] {logging_mixin.py:188} INFO - [2026-05-16T16:56:03.147+0000] {dag.py:3947} INFO - Setting next_dagrun for example_sensors to None, run_after=None
[2026-05-16T16:56:03.153+0000] {processor.py:183} INFO - Processing /home/airflow/.local/lib/python3.12/site-packages/airflow/example_dags/example_sensors.py took 0.028 seconds
[2026-05-16T16:56:34.069+0000] {processor.py:161} INFO - Started process (PID=3810) to work on /home/airflow/.local/lib/python3.12/site-packages/airflow/example_dags/example_sensors.py
[2026-05-16T16:56:34.069+0000] {processor.py:830} INFO - Processing file /home/airflow/.local/lib/python3.12/site-packages/airflow/example_dags/example_sensors.py for tasks to queue
[2026-05-16T16:56:34.070+0000] {logging_mixin.py:188} INFO - [2026-05-16T16:56:34.070+0000] {dagbag.py:545} INFO - Filling up the DagBag from /home/airflow/.local/lib/python3.12/site-packages/airflow/example_dags/example_sensors.py
[2026-05-16T16:56:34.075+0000] {processor.py:840} INFO - DAG(s) 'example_sensors' retrieved from /home/airflow/.local/lib/python3.12/site-packages/airflow/example_dags/example_sensors.py
[2026-05-16T16:56:34.085+0000] {logging_mixin.py:188} INFO - [2026-05-16T16:56:34.084+0000] {dag.py:3089} INFO - Sync 1 DAGs
[2026-05-16T16:56:34.089+0000] {logging_mixin.py:188} INFO - [2026-05-16T16:56:34.089+0000] {dag.py:3947} INFO - Setting next_dagrun for example_sensors to None, run_after=None
[2026-05-16T16:56:34.095+0000] {processor.py:183} INFO - Processing /home/airflow/.local/lib/python3.12/site-packages/airflow/example_dags/example_sensors.py took 0.029 seconds
[2026-05-16T16:57:04.949+0000] {processor.py:161} INFO - Started process (PID=3872) to work on /home/airflow/.local/lib/python3.12/site-packages/airflow/example_dags/example_sensors.py
[2026-05-16T16:57:04.951+0000] {processor.py:830} INFO - Processing file /home/airflow/.local/lib/python3.12/site-packages/airflow/example_dags/example_sensors.py for tasks to queue
[2026-05-16T16:57:04.952+0000] {logging_mixin.py:188} INFO - [2026-05-16T16:57:04.952+0000] {dagbag.py:545} INFO - Filling up the DagBag from /home/airflow/.local/lib/python3.12/site-packages/airflow/example_dags/example_sensors.py
[2026-05-16T16:57:04.960+0000] {processor.py:840} INFO - DAG(s) 'example_sensors' retrieved from /home/airflow/.local/lib/python3.12/site-packages/airflow/example_dags/example_sensors.py
[2026-05-16T16:57:04.975+0000] {logging_mixin.py:188} INFO - [2026-05-16T16:57:04.975+0000] {dag.py:3089} INFO - Sync 1 DAGs
[2026-05-16T16:57:04.983+0000] {logging_mixin.py:188} INFO - [2026-05-16T16:57:04.983+0000] {dag.py:3947} INFO - Setting next_dagrun for example_sensors to None, run_after=None
[2026-05-16T16:57:04.991+0000] {processor.py:183} INFO - Processing /home/airflow/.local/lib/python3.12/site-packages/airflow/example_dags/example_sensors.py took 0.049 seconds
[2026-05-16T16:57:35.993+0000] {processor.py:161} INFO - Started process (PID=3933) to work on /home/airflow/.local/lib/python3.12/site-packages/airflow/example_dags/example_sensors.py
[2026-05-16T16:57:35.996+0000] {processor.py:830} INFO - Processing file /home/airflow/.local/lib/python3.12/site-packages/airflow/example_dags/example_sensors.py for tasks to queue
[2026-05-16T16:57:35.997+0000] {logging_mixin.py:188} INFO - [2026-05-16T16:57:35.997+0000] {dagbag.py:545} INFO - Filling up the DagBag from /home/airflow/.local/lib/python3.12/site-packages/airflow/example_dags/example_sensors.py
[2026-05-16T16:57:36.005+0000] {processor.py:840} INFO - DAG(s) 'example_sensors' retrieved from /home/airflow/.local/lib/python3.12/site-packages/airflow/example_dags/example_sensors.py
[2026-05-16T16:57:36.020+0000] {logging_mixin.py:188} INFO - [2026-05-16T16:57:36.020+0000] {dag.py:3089} INFO - Sync 1 DAGs
[2026-05-16T16:57:36.029+0000] {logging_mixin.py:188} INFO - [2026-05-16T16:57:36.028+0000] {dag.py:3947} INFO - Setting next_dagrun for example_sensors to None, run_after=None
[2026-05-16T16:57:36.039+0000] {processor.py:183} INFO - Processing /home/airflow/.local/lib/python3.12/site-packages/airflow/example_dags/example_sensors.py took 0.053 seconds
[2026-05-16T16:58:06.723+0000] {processor.py:161} INFO - Started process (PID=3995) to work on /home/airflow/.local/lib/python3.12/site-packages/airflow/example_dags/example_sensors.py
[2026-05-16T16:58:06.724+0000] {processor.py:830} INFO - Processing file /home/airflow/.local/lib/python3.12/site-packages/airflow/example_dags/example_sensors.py for tasks to queue
[2026-05-16T16:58:06.726+0000] {logging_mixin.py:188} INFO - [2026-05-16T16:58:06.726+0000] {dagbag.py:545} INFO - Filling up the DagBag from /home/airflow/.local/lib/python3.12/site-packages/airflow/example_dags/example_sensors.py
[2026-05-16T16:58:06.732+0000] {processor.py:840} INFO - DAG(s) 'example_sensors' retrieved from /home/airflow/.local/lib/python3.12/site-packages/airflow/example_dags/example_sensors.py
[2026-05-16T16:58:06.754+0000] {logging_mixin.py:188} INFO - [2026-05-16T16:58:06.753+0000] {dag.py:3089} INFO - Sync 1 DAGs
[2026-05-16T16:58:06.762+0000] {logging_mixin.py:188} INFO - [2026-05-16T16:58:06.761+0000] {dag.py:3947} INFO - Setting next_dagrun for example_sensors to None, run_after=None
[2026-05-16T16:58:06.771+0000] {processor.py:183} INFO - Processing /home/airflow/.local/lib/python3.12/site-packages/airflow/example_dags/example_sensors.py took 0.052 seconds
[2026-05-16T16:58:37.456+0000] {processor.py:161} INFO - Started process (PID=4056) to work on /home/airflow/.local/lib/python3.12/site-packages/airflow/example_dags/example_sensors.py
[2026-05-16T16:58:37.457+0000] {processor.py:830} INFO - Processing file /home/airflow/.local/lib/python3.12/site-packages/airflow/example_dags/example_sensors.py for tasks to queue
[2026-05-16T16:58:37.458+0000] {logging_mixin.py:188} INFO - [2026-05-16T16:58:37.458+0000] {dagbag.py:545} INFO - Filling up the DagBag from /home/airflow/.local/lib/python3.12/site-packages/airflow/example_dags/example_sensors.py
[2026-05-16T16:58:37.462+0000] {processor.py:840} INFO - DAG(s) 'example_sensors' retrieved from /home/airflow/.local/lib/python3.12/site-packages/airflow/example_dags/example_sensors.py
[2026-05-16T16:58:37.473+0000] {logging_mixin.py:188} INFO - [2026-05-16T16:58:37.473+0000] {dag.py:3089} INFO - Sync 1 DAGs
[2026-05-16T16:58:37.477+0000] {logging_mixin.py:188} INFO - [2026-05-16T16:58:37.477+0000] {dag.py:3947} INFO - Setting next_dagrun for example_sensors to None, run_after=None
[2026-05-16T16:58:37.484+0000] {processor.py:183} INFO - Processing /home/airflow/.local/lib/python3.12/site-packages/airflow/example_dags/example_sensors.py took 0.031 seconds
[2026-05-16T16:59:08.202+0000] {processor.py:161} INFO - Started process (PID=4118) to work on /home/airflow/.local/lib/python3.12/site-packages/airflow/example_dags/example_sensors.py
[2026-05-16T16:59:08.202+0000] {processor.py:830} INFO - Processing file /home/airflow/.local/lib/python3.12/site-packages/airflow/example_dags/example_sensors.py for tasks to queue
[2026-05-16T16:59:08.203+0000] {logging_mixin.py:188} INFO - [2026-05-16T16:59:08.203+0000] {dagbag.py:545} INFO - Filling up the DagBag from /home/airflow/.local/lib/python3.12/site-packages/airflow/example_dags/example_sensors.py
[2026-05-16T16:59:08.207+0000] {processor.py:840} INFO - DAG(s) 'example_sensors' retrieved from /home/airflow/.local/lib/python3.12/site-packages/airflow/example_dags/example_sensors.py
[2026-05-16T16:59:08.218+0000] {logging_mixin.py:188} INFO - [2026-05-16T16:59:08.218+0000] {dag.py:3089} INFO - Sync 1 DAGs
[2026-05-16T16:59:08.223+0000] {logging_mixin.py:188} INFO - [2026-05-16T16:59:08.223+0000] {dag.py:3947} INFO - Setting next_dagrun for example_sensors to None, run_after=None
[2026-05-16T16:59:08.229+0000] {processor.py:183} INFO - Processing /home/airflow/.local/lib/python3.12/site-packages/airflow/example_dags/example_sensors.py took 0.030 seconds
[2026-05-16T16:59:38.986+0000] {processor.py:161} INFO - Started process (PID=4180) to work on /home/airflow/.local/lib/python3.12/site-packages/airflow/example_dags/example_sensors.py
[2026-05-16T16:59:38.986+0000] {processor.py:830} INFO - Processing file /home/airflow/.local/lib/python3.12/site-packages/airflow/example_dags/example_sensors.py for tasks to queue
[2026-05-16T16:59:38.987+0000] {logging_mixin.py:188} INFO - [2026-05-16T16:59:38.987+0000] {dagbag.py:545} INFO - Filling up the DagBag from /home/airflow/.local/lib/python3.12/site-packages/airflow/example_dags/example_sensors.py
[2026-05-16T16:59:38.991+0000] {processor.py:840} INFO - DAG(s) 'example_sensors' retrieved from /home/airflow/.local/lib/python3.12/site-packages/airflow/example_dags/example_sensors.py
[2026-05-16T16:59:39.003+0000] {logging_mixin.py:188} INFO - [2026-05-16T16:59:39.003+0000] {dag.py:3089} INFO - Sync 1 DAGs
[2026-05-16T16:59:39.008+0000] {logging_mixin.py:188} INFO - [2026-05-16T16:59:39.008+0000] {dag.py:3947} INFO - Setting next_dagrun for example_sensors to None, run_after=None
[2026-05-16T16:59:39.014+0000] {processor.py:183} INFO - Processing /home/airflow/.local/lib/python3.12/site-packages/airflow/example_dags/example_sensors.py took 0.031 seconds
[2026-05-16T17:00:09.656+0000] {processor.py:161} INFO - Started process (PID=4242) to work on /home/airflow/.local/lib/python3.12/site-packages/airflow/example_dags/example_sensors.py
[2026-05-16T17:00:09.657+0000] {processor.py:830} INFO - Processing file /home/airflow/.local/lib/python3.12/site-packages/airflow/example_dags/example_sensors.py for tasks to queue
[2026-05-16T17:00:09.658+0000] {logging_mixin.py:188} INFO - [2026-05-16T17:00:09.658+0000] {dagbag.py:545} INFO - Filling up the DagBag from /home/airflow/.local/lib/python3.12/site-packages/airflow/example_dags/example_sensors.py
[2026-05-16T17:00:09.662+0000] {processor.py:840} INFO - DAG(s) 'example_sensors' retrieved from /home/airflow/.local/lib/python3.12/site-packages/airflow/example_dags/example_sensors.py
[2026-05-16T17:00:09.672+0000] {logging_mixin.py:188} INFO - [2026-05-16T17:00:09.672+0000] {dag.py:3089} INFO - Sync 1 DAGs
[2026-05-16T17:00:09.677+0000] {logging_mixin.py:188} INFO - [2026-05-16T17:00:09.677+0000] {dag.py:3947} INFO - Setting next_dagrun for example_sensors to None, run_after=None
[2026-05-16T17:00:09.685+0000] {processor.py:183} INFO - Processing /home/airflow/.local/lib/python3.12/site-packages/airflow/example_dags/example_sensors.py took 0.031 seconds
[2026-05-16T17:00:40.422+0000] {processor.py:161} INFO - Started process (PID=4304) to work on /home/airflow/.local/lib/python3.12/site-packages/airflow/example_dags/example_sensors.py
[2026-05-16T17:00:40.422+0000] {processor.py:830} INFO - Processing file /home/airflow/.local/lib/python3.12/site-packages/airflow/example_dags/example_sensors.py for tasks to queue
[2026-05-16T17:00:40.423+0000] {logging_mixin.py:188} INFO - [2026-05-16T17:00:40.423+0000] {dagbag.py:545} INFO - Filling up the DagBag from /home/airflow/.local/lib/python3.12/site-packages/airflow/example_dags/example_sensors.py
[2026-05-16T17:00:40.427+0000] {processor.py:840} INFO - DAG(s) 'example_sensors' retrieved from /home/airflow/.local/lib/python3.12/site-packages/airflow/example_dags/example_sensors.py
[2026-05-16T17:00:40.436+0000] {logging_mixin.py:188} INFO - [2026-05-16T17:00:40.436+0000] {dag.py:3089} INFO - Sync 1 DAGs
[2026-05-16T17:00:40.441+0000] {logging_mixin.py:188} INFO - [2026-05-16T17:00:40.440+0000] {dag.py:3947} INFO - Setting next_dagrun for example_sensors to None, run_after=None
[2026-05-16T17:00:40.447+0000] {processor.py:183} INFO - Processing /home/airflow/.local/lib/python3.12/site-packages/airflow/example_dags/example_sensors.py took 0.028 seconds
[2026-05-16T17:01:11.101+0000] {processor.py:161} INFO - Started process (PID=4366) to work on /home/airflow/.local/lib/python3.12/site-packages/airflow/example_dags/example_sensors.py
[2026-05-16T17:01:11.101+0000] {processor.py:830} INFO - Processing file /home/airflow/.local/lib/python3.12/site-packages/airflow/example_dags/example_sensors.py for tasks to queue
[2026-05-16T17:01:11.102+0000] {logging_mixin.py:188} INFO - [2026-05-16T17:01:11.102+0000] {dagbag.py:545} INFO - Filling up the DagBag from /home/airflow/.local/lib/python3.12/site-packages/airflow/example_dags/example_sensors.py
[2026-05-16T17:01:11.106+0000] {processor.py:840} INFO - DAG(s) 'example_sensors' retrieved from /home/airflow/.local/lib/python3.12/site-packages/airflow/example_dags/example_sensors.py
[2026-05-16T17:01:11.118+0000] {logging_mixin.py:188} INFO - [2026-05-16T17:01:11.118+0000] {dag.py:3089} INFO - Sync 1 DAGs
[2026-05-16T17:01:11.122+0000] {logging_mixin.py:188} INFO - [2026-05-16T17:01:11.122+0000] {dag.py:3947} INFO - Setting next_dagrun for example_sensors to None, run_after=None
[2026-05-16T17:01:11.129+0000] {processor.py:183} INFO - Processing /home/airflow/.local/lib/python3.12/site-packages/airflow/example_dags/example_sensors.py took 0.031 seconds
[2026-05-16T17:01:41.813+0000] {processor.py:161} INFO - Started process (PID=4428) to work on /home/airflow/.local/lib/python3.12/site-packages/airflow/example_dags/example_sensors.py
[2026-05-16T17:01:41.814+0000] {processor.py:830} INFO - Processing file /home/airflow/.local/lib/python3.12/site-packages/airflow/example_dags/example_sensors.py for tasks to queue
[2026-05-16T17:01:41.814+0000] {logging_mixin.py:188} INFO - [2026-05-16T17:01:41.814+0000] {dagbag.py:545} INFO - Filling up the DagBag from /home/airflow/.local/lib/python3.12/site-packages/airflow/example_dags/example_sensors.py
[2026-05-16T17:01:41.818+0000] {processor.py:840} INFO - DAG(s) 'example_sensors' retrieved from /home/airflow/.local/lib/python3.12/site-packages/airflow/example_dags/example_sensors.py
[2026-05-16T17:01:41.828+0000] {logging_mixin.py:188} INFO - [2026-05-16T17:01:41.828+0000] {dag.py:3089} INFO - Sync 1 DAGs
[2026-05-16T17:01:41.832+0000] {logging_mixin.py:188} INFO - [2026-05-16T17:01:41.832+0000] {dag.py:3947} INFO - Setting next_dagrun for example_sensors to None, run_after=None
[2026-05-16T17:01:41.838+0000] {processor.py:183} INFO - Processing /home/airflow/.local/lib/python3.12/site-packages/airflow/example_dags/example_sensors.py took 0.028 seconds
[2026-05-16T17:02:12.524+0000] {processor.py:161} INFO - Started process (PID=4490) to work on /home/airflow/.local/lib/python3.12/site-packages/airflow/example_dags/example_sensors.py
[2026-05-16T17:02:12.524+0000] {processor.py:830} INFO - Processing file /home/airflow/.local/lib/python3.12/site-packages/airflow/example_dags/example_sensors.py for tasks to queue
[2026-05-16T17:02:12.525+0000] {logging_mixin.py:188} INFO - [2026-05-16T17:02:12.525+0000] {dagbag.py:545} INFO - Filling up the DagBag from /home/airflow/.local/lib/python3.12/site-packages/airflow/example_dags/example_sensors.py
[2026-05-16T17:02:12.528+0000] {processor.py:840} INFO - DAG(s) 'example_sensors' retrieved from /home/airflow/.local/lib/python3.12/site-packages/airflow/example_dags/example_sensors.py
[2026-05-16T17:02:12.537+0000] {logging_mixin.py:188} INFO - [2026-05-16T17:02:12.537+0000] {dag.py:3089} INFO - Sync 1 DAGs
[2026-05-16T17:02:12.543+0000] {logging_mixin.py:188} INFO - [2026-05-16T17:02:12.543+0000] {dag.py:3947} INFO - Setting next_dagrun for example_sensors to None, run_after=None
[2026-05-16T17:02:12.549+0000] {processor.py:183} INFO - Processing /home/airflow/.local/lib/python3.12/site-packages/airflow/example_dags/example_sensors.py took 0.028 seconds
[2026-05-16T17:02:43.190+0000] {processor.py:161} INFO - Started process (PID=4552) to work on /home/airflow/.local/lib/python3.12/site-packages/airflow/example_dags/example_sensors.py
[2026-05-16T17:02:43.191+0000] {processor.py:830} INFO - Processing file /home/airflow/.local/lib/python3.12/site-packages/airflow/example_dags/example_sensors.py for tasks to queue
[2026-05-16T17:02:43.191+0000] {logging_mixin.py:188} INFO - [2026-05-16T17:02:43.191+0000] {dagbag.py:545} INFO - Filling up the DagBag from /home/airflow/.local/lib/python3.12/site-packages/airflow/example_dags/example_sensors.py
[2026-05-16T17:02:43.195+0000] {processor.py:840} INFO - DAG(s) 'example_sensors' retrieved from /home/airflow/.local/lib/python3.12/site-packages/airflow/example_dags/example_sensors.py
[2026-05-16T17:02:43.204+0000] {logging_mixin.py:188} INFO - [2026-05-16T17:02:43.204+0000] {dag.py:3089} INFO - Sync 1 DAGs
[2026-05-16T17:02:43.209+0000] {logging_mixin.py:188} INFO - [2026-05-16T17:02:43.209+0000] {dag.py:3947} INFO - Setting next_dagrun for example_sensors to None, run_after=None
[2026-05-16T17:02:43.215+0000] {processor.py:183} INFO - Processing /home/airflow/.local/lib/python3.12/site-packages/airflow/example_dags/example_sensors.py took 0.027 seconds
[2026-05-16T17:03:14.264+0000] {processor.py:161} INFO - Started process (PID=4614) to work on /home/airflow/.local/lib/python3.12/site-packages/airflow/example_dags/example_sensors.py
[2026-05-16T17:03:14.265+0000] {processor.py:830} INFO - Processing file /home/airflow/.local/lib/python3.12/site-packages/airflow/example_dags/example_sensors.py for tasks to queue
[2026-05-16T17:03:14.267+0000] {logging_mixin.py:188} INFO - [2026-05-16T17:03:14.267+0000] {dagbag.py:545} INFO - Filling up the DagBag from /home/airflow/.local/lib/python3.12/site-packages/airflow/example_dags/example_sensors.py
[2026-05-16T17:03:14.270+0000] {processor.py:840} INFO - DAG(s) 'example_sensors' retrieved from /home/airflow/.local/lib/python3.12/site-packages/airflow/example_dags/example_sensors.py
[2026-05-16T17:03:14.282+0000] {logging_mixin.py:188} INFO - [2026-05-16T17:03:14.281+0000] {dag.py:3089} INFO - Sync 1 DAGs
[2026-05-16T17:03:14.370+0000] {logging_mixin.py:188} INFO - [2026-05-16T17:03:14.370+0000] {dag.py:3947} INFO - Setting next_dagrun for example_sensors to None, run_after=None
[2026-05-16T17:03:14.380+0000] {processor.py:183} INFO - Processing /home/airflow/.local/lib/python3.12/site-packages/airflow/example_dags/example_sensors.py took 0.120 seconds
[2026-05-16T17:03:44.869+0000] {processor.py:161} INFO - Started process (PID=4675) to work on /home/airflow/.local/lib/python3.12/site-packages/airflow/example_dags/example_sensors.py
[2026-05-16T17:03:44.870+0000] {processor.py:830} INFO - Processing file /home/airflow/.local/lib/python3.12/site-packages/airflow/example_dags/example_sensors.py for tasks to queue
[2026-05-16T17:03:44.871+0000] {logging_mixin.py:188} INFO - [2026-05-16T17:03:44.871+0000] {dagbag.py:545} INFO - Filling up the DagBag from /home/airflow/.local/lib/python3.12/site-packages/airflow/example_dags/example_sensors.py
[2026-05-16T17:03:44.874+0000] {processor.py:840} INFO - DAG(s) 'example_sensors' retrieved from /home/airflow/.local/lib/python3.12/site-packages/airflow/example_dags/example_sensors.py
[2026-05-16T17:03:44.886+0000] {logging_mixin.py:188} INFO - [2026-05-16T17:03:44.886+0000] {dag.py:3089} INFO - Sync 1 DAGs
[2026-05-16T17:03:44.891+0000] {logging_mixin.py:188} INFO - [2026-05-16T17:03:44.891+0000] {dag.py:3947} INFO - Setting next_dagrun for example_sensors to None, run_after=None
[2026-05-16T17:03:44.899+0000] {processor.py:183} INFO - Processing /home/airflow/.local/lib/python3.12/site-packages/airflow/example_dags/example_sensors.py took 0.033 seconds
[2026-05-16T17:04:15.363+0000] {processor.py:161} INFO - Started process (PID=4737) to work on /home/airflow/.local/lib/python3.12/site-packages/airflow/example_dags/example_sensors.py
[2026-05-16T17:04:15.364+0000] {processor.py:830} INFO - Processing file /home/airflow/.local/lib/python3.12/site-packages/airflow/example_dags/example_sensors.py for tasks to queue
[2026-05-16T17:04:15.365+0000] {logging_mixin.py:188} INFO - [2026-05-16T17:04:15.364+0000] {dagbag.py:545} INFO - Filling up the DagBag from /home/airflow/.local/lib/python3.12/site-packages/airflow/example_dags/example_sensors.py
[2026-05-16T17:04:15.369+0000] {processor.py:840} INFO - DAG(s) 'example_sensors' retrieved from /home/airflow/.local/lib/python3.12/site-packages/airflow/example_dags/example_sensors.py
[2026-05-16T17:04:15.455+0000] {logging_mixin.py:188} INFO - [2026-05-16T17:04:15.455+0000] {dag.py:3089} INFO - Sync 1 DAGs
[2026-05-16T17:04:15.459+0000] {logging_mixin.py:188} INFO - [2026-05-16T17:04:15.459+0000] {dag.py:3947} INFO - Setting next_dagrun for example_sensors to None, run_after=None
[2026-05-16T17:04:15.463+0000] {processor.py:183} INFO - Processing /home/airflow/.local/lib/python3.12/site-packages/airflow/example_dags/example_sensors.py took 0.103 seconds
[2026-05-16T17:04:46.273+0000] {processor.py:161} INFO - Started process (PID=4799) to work on /home/airflow/.local/lib/python3.12/site-packages/airflow/example_dags/example_sensors.py
[2026-05-16T17:04:46.273+0000] {processor.py:830} INFO - Processing file /home/airflow/.local/lib/python3.12/site-packages/airflow/example_dags/example_sensors.py for tasks to queue
[2026-05-16T17:04:46.274+0000] {logging_mixin.py:188} INFO - [2026-05-16T17:04:46.274+0000] {dagbag.py:545} INFO - Filling up the DagBag from /home/airflow/.local/lib/python3.12/site-packages/airflow/example_dags/example_sensors.py
[2026-05-16T17:04:46.278+0000] {processor.py:840} INFO - DAG(s) 'example_sensors' retrieved from /home/airflow/.local/lib/python3.12/site-packages/airflow/example_dags/example_sensors.py
[2026-05-16T17:04:46.287+0000] {logging_mixin.py:188} INFO - [2026-05-16T17:04:46.286+0000] {dag.py:3089} INFO - Sync 1 DAGs
[2026-05-16T17:04:46.292+0000] {logging_mixin.py:188} INFO - [2026-05-16T17:04:46.291+0000] {dag.py:3947} INFO - Setting next_dagrun for example_sensors to None, run_after=None
[2026-05-16T17:04:46.298+0000] {processor.py:183} INFO - Processing /home/airflow/.local/lib/python3.12/site-packages/airflow/example_dags/example_sensors.py took 0.027 seconds
[2026-05-16T17:05:17.017+0000] {processor.py:161} INFO - Started process (PID=4860) to work on /home/airflow/.local/lib/python3.12/site-packages/airflow/example_dags/example_sensors.py
[2026-05-16T17:05:17.017+0000] {processor.py:830} INFO - Processing file /home/airflow/.local/lib/python3.12/site-packages/airflow/example_dags/example_sensors.py for tasks to queue
[2026-05-16T17:05:17.019+0000] {logging_mixin.py:188} INFO - [2026-05-16T17:05:17.018+0000] {dagbag.py:545} INFO - Filling up the DagBag from /home/airflow/.local/lib/python3.12/site-packages/airflow/example_dags/example_sensors.py
[2026-05-16T17:05:17.023+0000] {processor.py:840} INFO - DAG(s) 'example_sensors' retrieved from /home/airflow/.local/lib/python3.12/site-packages/airflow/example_dags/example_sensors.py
[2026-05-16T17:05:17.033+0000] {logging_mixin.py:188} INFO - [2026-05-16T17:05:17.033+0000] {dag.py:3089} INFO - Sync 1 DAGs
[2026-05-16T17:05:17.039+0000] {logging_mixin.py:188} INFO - [2026-05-16T17:05:17.039+0000] {dag.py:3947} INFO - Setting next_dagrun for example_sensors to None, run_after=None
[2026-05-16T17:05:17.045+0000] {processor.py:183} INFO - Processing /home/airflow/.local/lib/python3.12/site-packages/airflow/example_dags/example_sensors.py took 0.032 seconds
[2026-05-16T17:05:47.725+0000] {processor.py:161} INFO - Started process (PID=4921) to work on /home/airflow/.local/lib/python3.12/site-packages/airflow/example_dags/example_sensors.py
[2026-05-16T17:05:47.726+0000] {processor.py:830} INFO - Processing file /home/airflow/.local/lib/python3.12/site-packages/airflow/example_dags/example_sensors.py for tasks to queue
[2026-05-16T17:05:47.727+0000] {logging_mixin.py:188} INFO - [2026-05-16T17:05:47.726+0000] {dagbag.py:545} INFO - Filling up the DagBag from /home/airflow/.local/lib/python3.12/site-packages/airflow/example_dags/example_sensors.py
[2026-05-16T17:05:47.730+0000] {processor.py:840} INFO - DAG(s) 'example_sensors' retrieved from /home/airflow/.local/lib/python3.12/site-packages/airflow/example_dags/example_sensors.py
[2026-05-16T17:05:47.741+0000] {logging_mixin.py:188} INFO - [2026-05-16T17:05:47.740+0000] {dag.py:3089} INFO - Sync 1 DAGs
[2026-05-16T17:05:47.747+0000] {logging_mixin.py:188} INFO - [2026-05-16T17:05:47.747+0000] {dag.py:3947} INFO - Setting next_dagrun for example_sensors to None, run_after=None
[2026-05-16T17:05:47.754+0000] {processor.py:183} INFO - Processing /home/airflow/.local/lib/python3.12/site-packages/airflow/example_dags/example_sensors.py took 0.032 seconds
[2026-05-16T17:06:18.431+0000] {processor.py:161} INFO - Started process (PID=4983) to work on /home/airflow/.local/lib/python3.12/site-packages/airflow/example_dags/example_sensors.py
[2026-05-16T17:06:18.432+0000] {processor.py:830} INFO - Processing file /home/airflow/.local/lib/python3.12/site-packages/airflow/example_dags/example_sensors.py for tasks to queue
[2026-05-16T17:06:18.433+0000] {logging_mixin.py:188} INFO - [2026-05-16T17:06:18.433+0000] {dagbag.py:545} INFO - Filling up the DagBag from /home/airflow/.local/lib/python3.12/site-packages/airflow/example_dags/example_sensors.py
[2026-05-16T17:06:18.437+0000] {processor.py:840} INFO - DAG(s) 'example_sensors' retrieved from /home/airflow/.local/lib/python3.12/site-packages/airflow/example_dags/example_sensors.py
[2026-05-16T17:06:18.446+0000] {logging_mixin.py:188} INFO - [2026-05-16T17:06:18.446+0000] {dag.py:3089} INFO - Sync 1 DAGs
[2026-05-16T17:06:18.452+0000] {logging_mixin.py:188} INFO - [2026-05-16T17:06:18.452+0000] {dag.py:3947} INFO - Setting next_dagrun for example_sensors to None, run_after=None
[2026-05-16T17:06:18.458+0000] {processor.py:183} INFO - Processing /home/airflow/.local/lib/python3.12/site-packages/airflow/example_dags/example_sensors.py took 0.030 seconds
[2026-05-16T17:06:49.184+0000] {processor.py:161} INFO - Started process (PID=5045) to work on /home/airflow/.local/lib/python3.12/site-packages/airflow/example_dags/example_sensors.py
[2026-05-16T17:06:49.185+0000] {processor.py:830} INFO - Processing file /home/airflow/.local/lib/python3.12/site-packages/airflow/example_dags/example_sensors.py for tasks to queue
[2026-05-16T17:06:49.186+0000] {logging_mixin.py:188} INFO - [2026-05-16T17:06:49.186+0000] {dagbag.py:545} INFO - Filling up the DagBag from /home/airflow/.local/lib/python3.12/site-packages/airflow/example_dags/example_sensors.py
[2026-05-16T17:06:49.190+0000] {processor.py:840} INFO - DAG(s) 'example_sensors' retrieved from /home/airflow/.local/lib/python3.12/site-packages/airflow/example_dags/example_sensors.py
[2026-05-16T17:06:49.201+0000] {logging_mixin.py:188} INFO - [2026-05-16T17:06:49.201+0000] {dag.py:3089} INFO - Sync 1 DAGs
[2026-05-16T17:06:49.207+0000] {logging_mixin.py:188} INFO - [2026-05-16T17:06:49.207+0000] {dag.py:3947} INFO - Setting next_dagrun for example_sensors to None, run_after=None
[2026-05-16T17:06:49.213+0000] {processor.py:183} INFO - Processing /home/airflow/.local/lib/python3.12/site-packages/airflow/example_dags/example_sensors.py took 0.032 seconds
[2026-05-16T17:07:19.872+0000] {processor.py:161} INFO - Started process (PID=5106) to work on /home/airflow/.local/lib/python3.12/site-packages/airflow/example_dags/example_sensors.py
[2026-05-16T17:07:19.872+0000] {processor.py:830} INFO - Processing file /home/airflow/.local/lib/python3.12/site-packages/airflow/example_dags/example_sensors.py for tasks to queue
[2026-05-16T17:07:19.873+0000] {logging_mixin.py:188} INFO - [2026-05-16T17:07:19.873+0000] {dagbag.py:545} INFO - Filling up the DagBag from /home/airflow/.local/lib/python3.12/site-packages/airflow/example_dags/example_sensors.py
[2026-05-16T17:07:19.877+0000] {processor.py:840} INFO - DAG(s) 'example_sensors' retrieved from /home/airflow/.local/lib/python3.12/site-packages/airflow/example_dags/example_sensors.py
[2026-05-16T17:07:19.888+0000] {logging_mixin.py:188} INFO - [2026-05-16T17:07:19.888+0000] {dag.py:3089} INFO - Sync 1 DAGs
[2026-05-16T17:07:19.893+0000] {logging_mixin.py:188} INFO - [2026-05-16T17:07:19.893+0000] {dag.py:3947} INFO - Setting next_dagrun for example_sensors to None, run_after=None
[2026-05-16T17:07:19.904+0000] {processor.py:183} INFO - Processing /home/airflow/.local/lib/python3.12/site-packages/airflow/example_dags/example_sensors.py took 0.036 seconds
[2026-05-16T17:07:50.605+0000] {processor.py:161} INFO - Started process (PID=5168) to work on /home/airflow/.local/lib/python3.12/site-packages/airflow/example_dags/example_sensors.py
[2026-05-16T17:07:50.605+0000] {processor.py:830} INFO - Processing file /home/airflow/.local/lib/python3.12/site-packages/airflow/example_dags/example_sensors.py for tasks to queue
[2026-05-16T17:07:50.606+0000] {logging_mixin.py:188} INFO - [2026-05-16T17:07:50.606+0000] {dagbag.py:545} INFO - Filling up the DagBag from /home/airflow/.local/lib/python3.12/site-packages/airflow/example_dags/example_sensors.py
[2026-05-16T17:07:50.610+0000] {processor.py:840} INFO - DAG(s) 'example_sensors' retrieved from /home/airflow/.local/lib/python3.12/site-packages/airflow/example_dags/example_sensors.py
[2026-05-16T17:07:50.620+0000] {logging_mixin.py:188} INFO - [2026-05-16T17:07:50.620+0000] {dag.py:3089} INFO - Sync 1 DAGs
[2026-05-16T17:07:50.626+0000] {logging_mixin.py:188} INFO - [2026-05-16T17:07:50.626+0000] {dag.py:3947} INFO - Setting next_dagrun for example_sensors to None, run_after=None
[2026-05-16T17:07:50.631+0000] {processor.py:183} INFO - Processing /home/airflow/.local/lib/python3.12/site-packages/airflow/example_dags/example_sensors.py took 0.029 seconds
[2026-05-16T17:08:21.649+0000] {processor.py:161} INFO - Started process (PID=5230) to work on /home/airflow/.local/lib/python3.12/site-packages/airflow/example_dags/example_sensors.py
[2026-05-16T17:08:21.650+0000] {processor.py:830} INFO - Processing file /home/airflow/.local/lib/python3.12/site-packages/airflow/example_dags/example_sensors.py for tasks to queue
[2026-05-16T17:08:21.651+0000] {logging_mixin.py:188} INFO - [2026-05-16T17:08:21.650+0000] {dagbag.py:545} INFO - Filling up the DagBag from /home/airflow/.local/lib/python3.12/site-packages/airflow/example_dags/example_sensors.py
[2026-05-16T17:08:21.655+0000] {processor.py:840} INFO - DAG(s) 'example_sensors' retrieved from /home/airflow/.local/lib/python3.12/site-packages/airflow/example_dags/example_sensors.py
[2026-05-16T17:08:21.671+0000] {logging_mixin.py:188} INFO - [2026-05-16T17:08:21.671+0000] {dag.py:3089} INFO - Sync 1 DAGs
[2026-05-16T17:08:21.678+0000] {logging_mixin.py:188} INFO - [2026-05-16T17:08:21.678+0000] {dag.py:3947} INFO - Setting next_dagrun for example_sensors to None, run_after=None
[2026-05-16T17:08:21.690+0000] {processor.py:183} INFO - Processing /home/airflow/.local/lib/python3.12/site-packages/airflow/example_dags/example_sensors.py took 0.044 seconds
[2026-05-16T17:08:51.730+0000] {processor.py:161} INFO - Started process (PID=5292) to work on /home/airflow/.local/lib/python3.12/site-packages/airflow/example_dags/example_sensors.py
[2026-05-16T17:08:51.730+0000] {processor.py:830} INFO - Processing file /home/airflow/.local/lib/python3.12/site-packages/airflow/example_dags/example_sensors.py for tasks to queue
[2026-05-16T17:08:51.731+0000] {logging_mixin.py:188} INFO - [2026-05-16T17:08:51.731+0000] {dagbag.py:545} INFO - Filling up the DagBag from /home/airflow/.local/lib/python3.12/site-packages/airflow/example_dags/example_sensors.py
[2026-05-16T17:08:51.736+0000] {processor.py:840} INFO - DAG(s) 'example_sensors' retrieved from /home/airflow/.local/lib/python3.12/site-packages/airflow/example_dags/example_sensors.py
[2026-05-16T17:08:51.748+0000] {logging_mixin.py:188} INFO - [2026-05-16T17:08:51.748+0000] {dag.py:3089} INFO - Sync 1 DAGs
[2026-05-16T17:08:51.754+0000] {logging_mixin.py:188} INFO - [2026-05-16T17:08:51.754+0000] {dag.py:3947} INFO - Setting next_dagrun for example_sensors to None, run_after=None
[2026-05-16T17:08:51.765+0000] {processor.py:183} INFO - Processing /home/airflow/.local/lib/python3.12/site-packages/airflow/example_dags/example_sensors.py took 0.038 seconds
[2026-05-16T17:09:22.693+0000] {processor.py:161} INFO - Started process (PID=5354) to work on /home/airflow/.local/lib/python3.12/site-packages/airflow/example_dags/example_sensors.py
[2026-05-16T17:09:22.693+0000] {processor.py:830} INFO - Processing file /home/airflow/.local/lib/python3.12/site-packages/airflow/example_dags/example_sensors.py for tasks to queue
[2026-05-16T17:09:22.694+0000] {logging_mixin.py:188} INFO - [2026-05-16T17:09:22.694+0000] {dagbag.py:545} INFO - Filling up the DagBag from /home/airflow/.local/lib/python3.12/site-packages/airflow/example_dags/example_sensors.py
[2026-05-16T17:09:22.698+0000] {processor.py:840} INFO - DAG(s) 'example_sensors' retrieved from /home/airflow/.local/lib/python3.12/site-packages/airflow/example_dags/example_sensors.py
[2026-05-16T17:09:22.709+0000] {logging_mixin.py:188} INFO - [2026-05-16T17:09:22.709+0000] {dag.py:3089} INFO - Sync 1 DAGs
[2026-05-16T17:09:22.714+0000] {logging_mixin.py:188} INFO - [2026-05-16T17:09:22.713+0000] {dag.py:3947} INFO - Setting next_dagrun for example_sensors to None, run_after=None
[2026-05-16T17:09:22.720+0000] {processor.py:183} INFO - Processing /home/airflow/.local/lib/python3.12/site-packages/airflow/example_dags/example_sensors.py took 0.030 seconds
[2026-05-16T17:09:53.636+0000] {processor.py:161} INFO - Started process (PID=5415) to work on /home/airflow/.local/lib/python3.12/site-packages/airflow/example_dags/example_sensors.py
[2026-05-16T17:09:53.636+0000] {processor.py:830} INFO - Processing file /home/airflow/.local/lib/python3.12/site-packages/airflow/example_dags/example_sensors.py for tasks to queue
[2026-05-16T17:09:53.637+0000] {logging_mixin.py:188} INFO - [2026-05-16T17:09:53.637+0000] {dagbag.py:545} INFO - Filling up the DagBag from /home/airflow/.local/lib/python3.12/site-packages/airflow/example_dags/example_sensors.py
[2026-05-16T17:09:53.641+0000] {processor.py:840} INFO - DAG(s) 'example_sensors' retrieved from /home/airflow/.local/lib/python3.12/site-packages/airflow/example_dags/example_sensors.py
[2026-05-16T17:09:53.651+0000] {logging_mixin.py:188} INFO - [2026-05-16T17:09:53.651+0000] {dag.py:3089} INFO - Sync 1 DAGs
[2026-05-16T17:09:53.658+0000] {logging_mixin.py:188} INFO - [2026-05-16T17:09:53.658+0000] {dag.py:3947} INFO - Setting next_dagrun for example_sensors to None, run_after=None
[2026-05-16T17:09:53.664+0000] {processor.py:183} INFO - Processing /home/airflow/.local/lib/python3.12/site-packages/airflow/example_dags/example_sensors.py took 0.031 seconds
[2026-05-16T17:10:23.830+0000] {processor.py:161} INFO - Started process (PID=5477) to work on /home/airflow/.local/lib/python3.12/site-packages/airflow/example_dags/example_sensors.py
[2026-05-16T17:10:23.830+0000] {processor.py:830} INFO - Processing file /home/airflow/.local/lib/python3.12/site-packages/airflow/example_dags/example_sensors.py for tasks to queue
[2026-05-16T17:10:23.831+0000] {logging_mixin.py:188} INFO - [2026-05-16T17:10:23.831+0000] {dagbag.py:545} INFO - Filling up the DagBag from /home/airflow/.local/lib/python3.12/site-packages/airflow/example_dags/example_sensors.py
[2026-05-16T17:10:23.835+0000] {processor.py:840} INFO - DAG(s) 'example_sensors' retrieved from /home/airflow/.local/lib/python3.12/site-packages/airflow/example_dags/example_sensors.py
[2026-05-16T17:10:23.851+0000] {logging_mixin.py:188} INFO - [2026-05-16T17:10:23.850+0000] {dag.py:3089} INFO - Sync 1 DAGs
[2026-05-16T17:10:23.858+0000] {logging_mixin.py:188} INFO - [2026-05-16T17:10:23.858+0000] {dag.py:3947} INFO - Setting next_dagrun for example_sensors to None, run_after=None
[2026-05-16T17:10:23.865+0000] {processor.py:183} INFO - Processing /home/airflow/.local/lib/python3.12/site-packages/airflow/example_dags/example_sensors.py took 0.038 seconds
[2026-05-16T17:10:54.499+0000] {processor.py:161} INFO - Started process (PID=5538) to work on /home/airflow/.local/lib/python3.12/site-packages/airflow/example_dags/example_sensors.py
[2026-05-16T17:10:54.499+0000] {processor.py:830} INFO - Processing file /home/airflow/.local/lib/python3.12/site-packages/airflow/example_dags/example_sensors.py for tasks to queue
[2026-05-16T17:10:54.500+0000] {logging_mixin.py:188} INFO - [2026-05-16T17:10:54.500+0000] {dagbag.py:545} INFO - Filling up the DagBag from /home/airflow/.local/lib/python3.12/site-packages/airflow/example_dags/example_sensors.py
[2026-05-16T17:10:54.505+0000] {processor.py:840} INFO - DAG(s) 'example_sensors' retrieved from /home/airflow/.local/lib/python3.12/site-packages/airflow/example_dags/example_sensors.py
[2026-05-16T17:10:54.520+0000] {logging_mixin.py:188} INFO - [2026-05-16T17:10:54.520+0000] {dag.py:3089} INFO - Sync 1 DAGs
[2026-05-16T17:10:54.527+0000] {logging_mixin.py:188} INFO - [2026-05-16T17:10:54.526+0000] {dag.py:3947} INFO - Setting next_dagrun for example_sensors to None, run_after=None
[2026-05-16T17:10:54.539+0000] {processor.py:183} INFO - Processing /home/airflow/.local/lib/python3.12/site-packages/airflow/example_dags/example_sensors.py took 0.042 seconds
[2026-05-16T17:11:25.186+0000] {processor.py:161} INFO - Started process (PID=5600) to work on /home/airflow/.local/lib/python3.12/site-packages/airflow/example_dags/example_sensors.py
[2026-05-16T17:11:25.186+0000] {processor.py:830} INFO - Processing file /home/airflow/.local/lib/python3.12/site-packages/airflow/example_dags/example_sensors.py for tasks to queue
[2026-05-16T17:11:25.187+0000] {logging_mixin.py:188} INFO - [2026-05-16T17:11:25.187+0000] {dagbag.py:545} INFO - Filling up the DagBag from /home/airflow/.local/lib/python3.12/site-packages/airflow/example_dags/example_sensors.py
[2026-05-16T17:11:25.192+0000] {processor.py:840} INFO - DAG(s) 'example_sensors' retrieved from /home/airflow/.local/lib/python3.12/site-packages/airflow/example_dags/example_sensors.py
[2026-05-16T17:11:25.204+0000] {logging_mixin.py:188} INFO - [2026-05-16T17:11:25.204+0000] {dag.py:3089} INFO - Sync 1 DAGs
[2026-05-16T17:11:25.210+0000] {logging_mixin.py:188} INFO - [2026-05-16T17:11:25.210+0000] {dag.py:3947} INFO - Setting next_dagrun for example_sensors to None, run_after=None
[2026-05-16T17:11:25.215+0000] {processor.py:183} INFO - Processing /home/airflow/.local/lib/python3.12/site-packages/airflow/example_dags/example_sensors.py took 0.032 seconds
[2026-05-16T17:11:55.950+0000] {processor.py:161} INFO - Started process (PID=5662) to work on /home/airflow/.local/lib/python3.12/site-packages/airflow/example_dags/example_sensors.py
[2026-05-16T17:11:55.951+0000] {processor.py:830} INFO - Processing file /home/airflow/.local/lib/python3.12/site-packages/airflow/example_dags/example_sensors.py for tasks to queue
[2026-05-16T17:11:55.952+0000] {logging_mixin.py:188} INFO - [2026-05-16T17:11:55.951+0000] {dagbag.py:545} INFO - Filling up the DagBag from /home/airflow/.local/lib/python3.12/site-packages/airflow/example_dags/example_sensors.py
[2026-05-16T17:11:55.956+0000] {processor.py:840} INFO - DAG(s) 'example_sensors' retrieved from /home/airflow/.local/lib/python3.12/site-packages/airflow/example_dags/example_sensors.py
[2026-05-16T17:11:55.965+0000] {logging_mixin.py:188} INFO - [2026-05-16T17:11:55.965+0000] {dag.py:3089} INFO - Sync 1 DAGs
[2026-05-16T17:11:55.970+0000] {logging_mixin.py:188} INFO - [2026-05-16T17:11:55.970+0000] {dag.py:3947} INFO - Setting next_dagrun for example_sensors to None, run_after=None
[2026-05-16T17:11:55.976+0000] {processor.py:183} INFO - Processing /home/airflow/.local/lib/python3.12/site-packages/airflow/example_dags/example_sensors.py took 0.029 seconds
[2026-05-16T17:12:26.732+0000] {processor.py:161} INFO - Started process (PID=5723) to work on /home/airflow/.local/lib/python3.12/site-packages/airflow/example_dags/example_sensors.py
[2026-05-16T17:12:26.733+0000] {processor.py:830} INFO - Processing file /home/airflow/.local/lib/python3.12/site-packages/airflow/example_dags/example_sensors.py for tasks to queue
[2026-05-16T17:12:26.734+0000] {logging_mixin.py:188} INFO - [2026-05-16T17:12:26.733+0000] {dagbag.py:545} INFO - Filling up the DagBag from /home/airflow/.local/lib/python3.12/site-packages/airflow/example_dags/example_sensors.py
[2026-05-16T17:12:26.739+0000] {processor.py:840} INFO - DAG(s) 'example_sensors' retrieved from /home/airflow/.local/lib/python3.12/site-packages/airflow/example_dags/example_sensors.py
[2026-05-16T17:12:26.749+0000] {logging_mixin.py:188} INFO - [2026-05-16T17:12:26.748+0000] {dag.py:3089} INFO - Sync 1 DAGs
[2026-05-16T17:12:26.755+0000] {logging_mixin.py:188} INFO - [2026-05-16T17:12:26.755+0000] {dag.py:3947} INFO - Setting next_dagrun for example_sensors to None, run_after=None
[2026-05-16T17:12:26.762+0000] {processor.py:183} INFO - Processing /home/airflow/.local/lib/python3.12/site-packages/airflow/example_dags/example_sensors.py took 0.033 seconds
[2026-05-16T17:12:57.444+0000] {processor.py:161} INFO - Started process (PID=5785) to work on /home/airflow/.local/lib/python3.12/site-packages/airflow/example_dags/example_sensors.py
[2026-05-16T17:12:57.444+0000] {processor.py:830} INFO - Processing file /home/airflow/.local/lib/python3.12/site-packages/airflow/example_dags/example_sensors.py for tasks to queue
[2026-05-16T17:12:57.445+0000] {logging_mixin.py:188} INFO - [2026-05-16T17:12:57.445+0000] {dagbag.py:545} INFO - Filling up the DagBag from /home/airflow/.local/lib/python3.12/site-packages/airflow/example_dags/example_sensors.py
[2026-05-16T17:12:57.449+0000] {processor.py:840} INFO - DAG(s) 'example_sensors' retrieved from /home/airflow/.local/lib/python3.12/site-packages/airflow/example_dags/example_sensors.py
[2026-05-16T17:12:57.459+0000] {logging_mixin.py:188} INFO - [2026-05-16T17:12:57.459+0000] {dag.py:3089} INFO - Sync 1 DAGs
[2026-05-16T17:12:57.464+0000] {logging_mixin.py:188} INFO - [2026-05-16T17:12:57.464+0000] {dag.py:3947} INFO - Setting next_dagrun for example_sensors to None, run_after=None
[2026-05-16T17:12:57.471+0000] {processor.py:183} INFO - Processing /home/airflow/.local/lib/python3.12/site-packages/airflow/example_dags/example_sensors.py took 0.030 seconds
[2026-05-16T17:13:28.282+0000] {processor.py:161} INFO - Started process (PID=5847) to work on /home/airflow/.local/lib/python3.12/site-packages/airflow/example_dags/example_sensors.py
[2026-05-16T17:13:28.282+0000] {processor.py:830} INFO - Processing file /home/airflow/.local/lib/python3.12/site-packages/airflow/example_dags/example_sensors.py for tasks to queue
[2026-05-16T17:13:28.283+0000] {logging_mixin.py:188} INFO - [2026-05-16T17:13:28.283+0000] {dagbag.py:545} INFO - Filling up the DagBag from /home/airflow/.local/lib/python3.12/site-packages/airflow/example_dags/example_sensors.py
[2026-05-16T17:13:28.288+0000] {processor.py:840} INFO - DAG(s) 'example_sensors' retrieved from /home/airflow/.local/lib/python3.12/site-packages/airflow/example_dags/example_sensors.py
[2026-05-16T17:13:28.303+0000] {logging_mixin.py:188} INFO - [2026-05-16T17:13:28.303+0000] {dag.py:3089} INFO - Sync 1 DAGs
[2026-05-16T17:13:28.310+0000] {logging_mixin.py:188} INFO - [2026-05-16T17:13:28.310+0000] {dag.py:3947} INFO - Setting next_dagrun for example_sensors to None, run_after=None
[2026-05-16T17:13:28.321+0000] {processor.py:183} INFO - Processing /home/airflow/.local/lib/python3.12/site-packages/airflow/example_dags/example_sensors.py took 0.041 seconds
[2026-05-16T17:13:59.071+0000] {processor.py:161} INFO - Started process (PID=5908) to work on /home/airflow/.local/lib/python3.12/site-packages/airflow/example_dags/example_sensors.py
[2026-05-16T17:13:59.071+0000] {processor.py:830} INFO - Processing file /home/airflow/.local/lib/python3.12/site-packages/airflow/example_dags/example_sensors.py for tasks to queue
[2026-05-16T17:13:59.072+0000] {logging_mixin.py:188} INFO - [2026-05-16T17:13:59.072+0000] {dagbag.py:545} INFO - Filling up the DagBag from /home/airflow/.local/lib/python3.12/site-packages/airflow/example_dags/example_sensors.py
[2026-05-16T17:13:59.077+0000] {processor.py:840} INFO - DAG(s) 'example_sensors' retrieved from /home/airflow/.local/lib/python3.12/site-packages/airflow/example_dags/example_sensors.py
[2026-05-16T17:13:59.090+0000] {logging_mixin.py:188} INFO - [2026-05-16T17:13:59.090+0000] {dag.py:3089} INFO - Sync 1 DAGs
[2026-05-16T17:13:59.097+0000] {logging_mixin.py:188} INFO - [2026-05-16T17:13:59.097+0000] {dag.py:3947} INFO - Setting next_dagrun for example_sensors to None, run_after=None
[2026-05-16T17:13:59.106+0000] {processor.py:183} INFO - Processing /home/airflow/.local/lib/python3.12/site-packages/airflow/example_dags/example_sensors.py took 0.038 seconds
[2026-05-16T17:14:29.798+0000] {processor.py:161} INFO - Started process (PID=5976) to work on /home/airflow/.local/lib/python3.12/site-packages/airflow/example_dags/example_sensors.py
[2026-05-16T17:14:29.799+0000] {processor.py:830} INFO - Processing file /home/airflow/.local/lib/python3.12/site-packages/airflow/example_dags/example_sensors.py for tasks to queue
[2026-05-16T17:14:29.800+0000] {logging_mixin.py:188} INFO - [2026-05-16T17:14:29.799+0000] {dagbag.py:545} INFO - Filling up the DagBag from /home/airflow/.local/lib/python3.12/site-packages/airflow/example_dags/example_sensors.py
[2026-05-16T17:14:29.803+0000] {processor.py:840} INFO - DAG(s) 'example_sensors' retrieved from /home/airflow/.local/lib/python3.12/site-packages/airflow/example_dags/example_sensors.py
[2026-05-16T17:14:29.814+0000] {logging_mixin.py:188} INFO - [2026-05-16T17:14:29.814+0000] {dag.py:3089} INFO - Sync 1 DAGs
[2026-05-16T17:14:29.821+0000] {logging_mixin.py:188} INFO - [2026-05-16T17:14:29.821+0000] {dag.py:3947} INFO - Setting next_dagrun for example_sensors to None, run_after=None
[2026-05-16T17:14:29.831+0000] {processor.py:183} INFO - Processing /home/airflow/.local/lib/python3.12/site-packages/airflow/example_dags/example_sensors.py took 0.035 seconds
[2026-05-16T17:15:00.644+0000] {processor.py:161} INFO - Started process (PID=6038) to work on /home/airflow/.local/lib/python3.12/site-packages/airflow/example_dags/example_sensors.py
[2026-05-16T17:15:00.645+0000] {processor.py:830} INFO - Processing file /home/airflow/.local/lib/python3.12/site-packages/airflow/example_dags/example_sensors.py for tasks to queue
[2026-05-16T17:15:00.646+0000] {logging_mixin.py:188} INFO - [2026-05-16T17:15:00.646+0000] {dagbag.py:545} INFO - Filling up the DagBag from /home/airflow/.local/lib/python3.12/site-packages/airflow/example_dags/example_sensors.py
[2026-05-16T17:15:00.649+0000] {processor.py:840} INFO - DAG(s) 'example_sensors' retrieved from /home/airflow/.local/lib/python3.12/site-packages/airflow/example_dags/example_sensors.py
[2026-05-16T17:15:00.663+0000] {logging_mixin.py:188} INFO - [2026-05-16T17:15:00.663+0000] {dag.py:3089} INFO - Sync 1 DAGs
[2026-05-16T17:15:00.669+0000] {logging_mixin.py:188} INFO - [2026-05-16T17:15:00.668+0000] {dag.py:3947} INFO - Setting next_dagrun for example_sensors to None, run_after=None
[2026-05-16T17:15:00.676+0000] {processor.py:183} INFO - Processing /home/airflow/.local/lib/python3.12/site-packages/airflow/example_dags/example_sensors.py took 0.034 seconds
[2026-05-16T17:15:31.437+0000] {processor.py:161} INFO - Started process (PID=6100) to work on /home/airflow/.local/lib/python3.12/site-packages/airflow/example_dags/example_sensors.py
[2026-05-16T17:15:31.437+0000] {processor.py:830} INFO - Processing file /home/airflow/.local/lib/python3.12/site-packages/airflow/example_dags/example_sensors.py for tasks to queue
[2026-05-16T17:15:31.438+0000] {logging_mixin.py:188} INFO - [2026-05-16T17:15:31.438+0000] {dagbag.py:545} INFO - Filling up the DagBag from /home/airflow/.local/lib/python3.12/site-packages/airflow/example_dags/example_sensors.py
[2026-05-16T17:15:31.442+0000] {processor.py:840} INFO - DAG(s) 'example_sensors' retrieved from /home/airflow/.local/lib/python3.12/site-packages/airflow/example_dags/example_sensors.py
[2026-05-16T17:15:31.457+0000] {logging_mixin.py:188} INFO - [2026-05-16T17:15:31.456+0000] {dag.py:3089} INFO - Sync 1 DAGs
[2026-05-16T17:15:31.462+0000] {logging_mixin.py:188} INFO - [2026-05-16T17:15:31.461+0000] {dag.py:3947} INFO - Setting next_dagrun for example_sensors to None, run_after=None
[2026-05-16T17:15:31.471+0000] {processor.py:183} INFO - Processing /home/airflow/.local/lib/python3.12/site-packages/airflow/example_dags/example_sensors.py took 0.037 seconds
[2026-05-16T17:16:02.213+0000] {processor.py:161} INFO - Started process (PID=6162) to work on /home/airflow/.local/lib/python3.12/site-packages/airflow/example_dags/example_sensors.py
[2026-05-16T17:16:02.214+0000] {processor.py:830} INFO - Processing file /home/airflow/.local/lib/python3.12/site-packages/airflow/example_dags/example_sensors.py for tasks to queue
[2026-05-16T17:16:02.215+0000] {logging_mixin.py:188} INFO - [2026-05-16T17:16:02.214+0000] {dagbag.py:545} INFO - Filling up the DagBag from /home/airflow/.local/lib/python3.12/site-packages/airflow/example_dags/example_sensors.py
[2026-05-16T17:16:02.219+0000] {processor.py:840} INFO - DAG(s) 'example_sensors' retrieved from /home/airflow/.local/lib/python3.12/site-packages/airflow/example_dags/example_sensors.py
[2026-05-16T17:16:02.228+0000] {logging_mixin.py:188} INFO - [2026-05-16T17:16:02.228+0000] {dag.py:3089} INFO - Sync 1 DAGs
[2026-05-16T17:16:02.233+0000] {logging_mixin.py:188} INFO - [2026-05-16T17:16:02.232+0000] {dag.py:3947} INFO - Setting next_dagrun for example_sensors to None, run_after=None
[2026-05-16T17:16:02.239+0000] {processor.py:183} INFO - Processing /home/airflow/.local/lib/python3.12/site-packages/airflow/example_dags/example_sensors.py took 0.029 seconds
[2026-05-16T17:16:33.048+0000] {processor.py:161} INFO - Started process (PID=6224) to work on /home/airflow/.local/lib/python3.12/site-packages/airflow/example_dags/example_sensors.py
[2026-05-16T17:16:33.049+0000] {processor.py:830} INFO - Processing file /home/airflow/.local/lib/python3.12/site-packages/airflow/example_dags/example_sensors.py for tasks to queue
[2026-05-16T17:16:33.053+0000] {logging_mixin.py:188} INFO - [2026-05-16T17:16:33.052+0000] {dagbag.py:545} INFO - Filling up the DagBag from /home/airflow/.local/lib/python3.12/site-packages/airflow/example_dags/example_sensors.py
[2026-05-16T17:16:33.062+0000] {processor.py:840} INFO - DAG(s) 'example_sensors' retrieved from /home/airflow/.local/lib/python3.12/site-packages/airflow/example_dags/example_sensors.py
[2026-05-16T17:16:33.082+0000] {logging_mixin.py:188} INFO - [2026-05-16T17:16:33.082+0000] {dag.py:3089} INFO - Sync 1 DAGs
[2026-05-16T17:16:33.088+0000] {logging_mixin.py:188} INFO - [2026-05-16T17:16:33.088+0000] {dag.py:3947} INFO - Setting next_dagrun for example_sensors to None, run_after=None
[2026-05-16T17:16:33.097+0000] {processor.py:183} INFO - Processing /home/airflow/.local/lib/python3.12/site-packages/airflow/example_dags/example_sensors.py took 0.053 seconds
[2026-05-16T17:17:03.897+0000] {processor.py:161} INFO - Started process (PID=6286) to work on /home/airflow/.local/lib/python3.12/site-packages/airflow/example_dags/example_sensors.py
[2026-05-16T17:17:03.897+0000] {processor.py:830} INFO - Processing file /home/airflow/.local/lib/python3.12/site-packages/airflow/example_dags/example_sensors.py for tasks to queue
[2026-05-16T17:17:03.899+0000] {logging_mixin.py:188} INFO - [2026-05-16T17:17:03.899+0000] {dagbag.py:545} INFO - Filling up the DagBag from /home/airflow/.local/lib/python3.12/site-packages/airflow/example_dags/example_sensors.py
[2026-05-16T17:17:03.903+0000] {processor.py:840} INFO - DAG(s) 'example_sensors' retrieved from /home/airflow/.local/lib/python3.12/site-packages/airflow/example_dags/example_sensors.py
[2026-05-16T17:17:03.917+0000] {logging_mixin.py:188} INFO - [2026-05-16T17:17:03.917+0000] {dag.py:3089} INFO - Sync 1 DAGs
[2026-05-16T17:17:03.922+0000] {logging_mixin.py:188} INFO - [2026-05-16T17:17:03.922+0000] {dag.py:3947} INFO - Setting next_dagrun for example_sensors to None, run_after=None
[2026-05-16T17:17:03.929+0000] {processor.py:183} INFO - Processing /home/airflow/.local/lib/python3.12/site-packages/airflow/example_dags/example_sensors.py took 0.034 seconds
[2026-05-16T17:17:34.732+0000] {processor.py:161} INFO - Started process (PID=6348) to work on /home/airflow/.local/lib/python3.12/site-packages/airflow/example_dags/example_sensors.py
[2026-05-16T17:17:34.734+0000] {processor.py:830} INFO - Processing file /home/airflow/.local/lib/python3.12/site-packages/airflow/example_dags/example_sensors.py for tasks to queue
[2026-05-16T17:17:34.735+0000] {logging_mixin.py:188} INFO - [2026-05-16T17:17:34.735+0000] {dagbag.py:545} INFO - Filling up the DagBag from /home/airflow/.local/lib/python3.12/site-packages/airflow/example_dags/example_sensors.py
[2026-05-16T17:17:34.740+0000] {processor.py:840} INFO - DAG(s) 'example_sensors' retrieved from /home/airflow/.local/lib/python3.12/site-packages/airflow/example_dags/example_sensors.py
[2026-05-16T17:17:34.751+0000] {logging_mixin.py:188} INFO - [2026-05-16T17:17:34.750+0000] {dag.py:3089} INFO - Sync 1 DAGs
[2026-05-16T17:17:34.757+0000] {logging_mixin.py:188} INFO - [2026-05-16T17:17:34.756+0000] {dag.py:3947} INFO - Setting next_dagrun for example_sensors to None, run_after=None
[2026-05-16T17:17:34.765+0000] {processor.py:183} INFO - Processing /home/airflow/.local/lib/python3.12/site-packages/airflow/example_dags/example_sensors.py took 0.036 seconds
[2026-05-16T17:18:05.571+0000] {processor.py:161} INFO - Started process (PID=6410) to work on /home/airflow/.local/lib/python3.12/site-packages/airflow/example_dags/example_sensors.py
[2026-05-16T17:18:05.571+0000] {processor.py:830} INFO - Processing file /home/airflow/.local/lib/python3.12/site-packages/airflow/example_dags/example_sensors.py for tasks to queue
[2026-05-16T17:18:05.572+0000] {logging_mixin.py:188} INFO - [2026-05-16T17:18:05.572+0000] {dagbag.py:545} INFO - Filling up the DagBag from /home/airflow/.local/lib/python3.12/site-packages/airflow/example_dags/example_sensors.py
[2026-05-16T17:18:05.576+0000] {processor.py:840} INFO - DAG(s) 'example_sensors' retrieved from /home/airflow/.local/lib/python3.12/site-packages/airflow/example_dags/example_sensors.py
[2026-05-16T17:18:05.592+0000] {logging_mixin.py:188} INFO - [2026-05-16T17:18:05.592+0000] {dag.py:3089} INFO - Sync 1 DAGs
[2026-05-16T17:18:05.597+0000] {logging_mixin.py:188} INFO - [2026-05-16T17:18:05.596+0000] {dag.py:3947} INFO - Setting next_dagrun for example_sensors to None, run_after=None
[2026-05-16T17:18:05.603+0000] {processor.py:183} INFO - Processing /home/airflow/.local/lib/python3.12/site-packages/airflow/example_dags/example_sensors.py took 0.036 seconds
[2026-05-16T17:18:36.381+0000] {processor.py:161} INFO - Started process (PID=6472) to work on /home/airflow/.local/lib/python3.12/site-packages/airflow/example_dags/example_sensors.py
[2026-05-16T17:18:36.382+0000] {processor.py:830} INFO - Processing file /home/airflow/.local/lib/python3.12/site-packages/airflow/example_dags/example_sensors.py for tasks to queue
[2026-05-16T17:18:36.383+0000] {logging_mixin.py:188} INFO - [2026-05-16T17:18:36.383+0000] {dagbag.py:545} INFO - Filling up the DagBag from /home/airflow/.local/lib/python3.12/site-packages/airflow/example_dags/example_sensors.py
[2026-05-16T17:18:36.386+0000] {processor.py:840} INFO - DAG(s) 'example_sensors' retrieved from /home/airflow/.local/lib/python3.12/site-packages/airflow/example_dags/example_sensors.py
[2026-05-16T17:18:36.396+0000] {logging_mixin.py:188} INFO - [2026-05-16T17:18:36.396+0000] {dag.py:3089} INFO - Sync 1 DAGs
[2026-05-16T17:18:36.401+0000] {logging_mixin.py:188} INFO - [2026-05-16T17:18:36.401+0000] {dag.py:3947} INFO - Setting next_dagrun for example_sensors to None, run_after=None
[2026-05-16T17:18:36.408+0000] {processor.py:183} INFO - Processing /home/airflow/.local/lib/python3.12/site-packages/airflow/example_dags/example_sensors.py took 0.029 seconds
[2026-05-16T17:19:07.114+0000] {processor.py:161} INFO - Started process (PID=6534) to work on /home/airflow/.local/lib/python3.12/site-packages/airflow/example_dags/example_sensors.py
[2026-05-16T17:19:07.115+0000] {processor.py:830} INFO - Processing file /home/airflow/.local/lib/python3.12/site-packages/airflow/example_dags/example_sensors.py for tasks to queue
[2026-05-16T17:19:07.116+0000] {logging_mixin.py:188} INFO - [2026-05-16T17:19:07.116+0000] {dagbag.py:545} INFO - Filling up the DagBag from /home/airflow/.local/lib/python3.12/site-packages/airflow/example_dags/example_sensors.py
[2026-05-16T17:19:07.119+0000] {processor.py:840} INFO - DAG(s) 'example_sensors' retrieved from /home/airflow/.local/lib/python3.12/site-packages/airflow/example_dags/example_sensors.py
[2026-05-16T17:19:07.129+0000] {logging_mixin.py:188} INFO - [2026-05-16T17:19:07.129+0000] {dag.py:3089} INFO - Sync 1 DAGs
[2026-05-16T17:19:07.134+0000] {logging_mixin.py:188} INFO - [2026-05-16T17:19:07.134+0000] {dag.py:3947} INFO - Setting next_dagrun for example_sensors to None, run_after=None
[2026-05-16T17:19:07.141+0000] {processor.py:183} INFO - Processing /home/airflow/.local/lib/python3.12/site-packages/airflow/example_dags/example_sensors.py took 0.029 seconds
[2026-05-16T17:19:37.863+0000] {processor.py:161} INFO - Started process (PID=6596) to work on /home/airflow/.local/lib/python3.12/site-packages/airflow/example_dags/example_sensors.py
[2026-05-16T17:19:37.864+0000] {processor.py:830} INFO - Processing file /home/airflow/.local/lib/python3.12/site-packages/airflow/example_dags/example_sensors.py for tasks to queue
[2026-05-16T17:19:37.864+0000] {logging_mixin.py:188} INFO - [2026-05-16T17:19:37.864+0000] {dagbag.py:545} INFO - Filling up the DagBag from /home/airflow/.local/lib/python3.12/site-packages/airflow/example_dags/example_sensors.py
[2026-05-16T17:19:37.868+0000] {processor.py:840} INFO - DAG(s) 'example_sensors' retrieved from /home/airflow/.local/lib/python3.12/site-packages/airflow/example_dags/example_sensors.py
[2026-05-16T17:19:37.880+0000] {logging_mixin.py:188} INFO - [2026-05-16T17:19:37.880+0000] {dag.py:3089} INFO - Sync 1 DAGs
[2026-05-16T17:19:37.885+0000] {logging_mixin.py:188} INFO - [2026-05-16T17:19:37.885+0000] {dag.py:3947} INFO - Setting next_dagrun for example_sensors to None, run_after=None
[2026-05-16T17:19:37.892+0000] {processor.py:183} INFO - Processing /home/airflow/.local/lib/python3.12/site-packages/airflow/example_dags/example_sensors.py took 0.031 seconds
[2026-05-16T17:20:08.566+0000] {processor.py:161} INFO - Started process (PID=6657) to work on /home/airflow/.local/lib/python3.12/site-packages/airflow/example_dags/example_sensors.py
[2026-05-16T17:20:08.566+0000] {processor.py:830} INFO - Processing file /home/airflow/.local/lib/python3.12/site-packages/airflow/example_dags/example_sensors.py for tasks to queue
[2026-05-16T17:20:08.567+0000] {logging_mixin.py:188} INFO - [2026-05-16T17:20:08.567+0000] {dagbag.py:545} INFO - Filling up the DagBag from /home/airflow/.local/lib/python3.12/site-packages/airflow/example_dags/example_sensors.py
[2026-05-16T17:20:08.572+0000] {processor.py:840} INFO - DAG(s) 'example_sensors' retrieved from /home/airflow/.local/lib/python3.12/site-packages/airflow/example_dags/example_sensors.py
[2026-05-16T17:20:08.586+0000] {logging_mixin.py:188} INFO - [2026-05-16T17:20:08.586+0000] {dag.py:3089} INFO - Sync 1 DAGs
[2026-05-16T17:20:08.592+0000] {logging_mixin.py:188} INFO - [2026-05-16T17:20:08.592+0000] {dag.py:3947} INFO - Setting next_dagrun for example_sensors to None, run_after=None
[2026-05-16T17:20:08.601+0000] {processor.py:183} INFO - Processing /home/airflow/.local/lib/python3.12/site-packages/airflow/example_dags/example_sensors.py took 0.038 seconds
[2026-05-16T17:20:39.413+0000] {processor.py:161} INFO - Started process (PID=6719) to work on /home/airflow/.local/lib/python3.12/site-packages/airflow/example_dags/example_sensors.py
[2026-05-16T17:20:39.415+0000] {processor.py:830} INFO - Processing file /home/airflow/.local/lib/python3.12/site-packages/airflow/example_dags/example_sensors.py for tasks to queue
[2026-05-16T17:20:39.416+0000] {logging_mixin.py:188} INFO - [2026-05-16T17:20:39.416+0000] {dagbag.py:545} INFO - Filling up the DagBag from /home/airflow/.local/lib/python3.12/site-packages/airflow/example_dags/example_sensors.py
[2026-05-16T17:20:39.424+0000] {processor.py:840} INFO - DAG(s) 'example_sensors' retrieved from /home/airflow/.local/lib/python3.12/site-packages/airflow/example_dags/example_sensors.py
[2026-05-16T17:20:39.435+0000] {logging_mixin.py:188} INFO - [2026-05-16T17:20:39.435+0000] {dag.py:3089} INFO - Sync 1 DAGs
[2026-05-16T17:20:39.441+0000] {logging_mixin.py:188} INFO - [2026-05-16T17:20:39.441+0000] {dag.py:3947} INFO - Setting next_dagrun for example_sensors to None, run_after=None
[2026-05-16T17:20:39.448+0000] {processor.py:183} INFO - Processing /home/airflow/.local/lib/python3.12/site-packages/airflow/example_dags/example_sensors.py took 0.037 seconds
[2026-05-16T17:21:09.677+0000] {processor.py:161} INFO - Started process (PID=6781) to work on /home/airflow/.local/lib/python3.12/site-packages/airflow/example_dags/example_sensors.py
[2026-05-16T17:21:09.678+0000] {processor.py:830} INFO - Processing file /home/airflow/.local/lib/python3.12/site-packages/airflow/example_dags/example_sensors.py for tasks to queue
[2026-05-16T17:21:09.678+0000] {logging_mixin.py:188} INFO - [2026-05-16T17:21:09.678+0000] {dagbag.py:545} INFO - Filling up the DagBag from /home/airflow/.local/lib/python3.12/site-packages/airflow/example_dags/example_sensors.py
[2026-05-16T17:21:09.683+0000] {processor.py:840} INFO - DAG(s) 'example_sensors' retrieved from /home/airflow/.local/lib/python3.12/site-packages/airflow/example_dags/example_sensors.py
[2026-05-16T17:21:09.695+0000] {logging_mixin.py:188} INFO - [2026-05-16T17:21:09.695+0000] {dag.py:3089} INFO - Sync 1 DAGs
[2026-05-16T17:21:09.700+0000] {logging_mixin.py:188} INFO - [2026-05-16T17:21:09.700+0000] {dag.py:3947} INFO - Setting next_dagrun for example_sensors to None, run_after=None
[2026-05-16T17:21:09.707+0000] {processor.py:183} INFO - Processing /home/airflow/.local/lib/python3.12/site-packages/airflow/example_dags/example_sensors.py took 0.034 seconds
[2026-05-16T17:21:39.890+0000] {processor.py:161} INFO - Started process (PID=6843) to work on /home/airflow/.local/lib/python3.12/site-packages/airflow/example_dags/example_sensors.py
[2026-05-16T17:21:39.892+0000] {processor.py:830} INFO - Processing file /home/airflow/.local/lib/python3.12/site-packages/airflow/example_dags/example_sensors.py for tasks to queue
[2026-05-16T17:21:39.894+0000] {logging_mixin.py:188} INFO - [2026-05-16T17:21:39.893+0000] {dagbag.py:545} INFO - Filling up the DagBag from /home/airflow/.local/lib/python3.12/site-packages/airflow/example_dags/example_sensors.py
[2026-05-16T17:21:39.905+0000] {processor.py:840} INFO - DAG(s) 'example_sensors' retrieved from /home/airflow/.local/lib/python3.12/site-packages/airflow/example_dags/example_sensors.py
[2026-05-16T17:21:39.927+0000] {logging_mixin.py:188} INFO - [2026-05-16T17:21:39.927+0000] {dag.py:3089} INFO - Sync 1 DAGs
[2026-05-16T17:21:39.933+0000] {logging_mixin.py:188} INFO - [2026-05-16T17:21:39.933+0000] {dag.py:3947} INFO - Setting next_dagrun for example_sensors to None, run_after=None
[2026-05-16T17:21:39.943+0000] {processor.py:183} INFO - Processing /home/airflow/.local/lib/python3.12/site-packages/airflow/example_dags/example_sensors.py took 0.062 seconds
[2026-05-16T17:22:11.008+0000] {processor.py:161} INFO - Started process (PID=6905) to work on /home/airflow/.local/lib/python3.12/site-packages/airflow/example_dags/example_sensors.py
[2026-05-16T17:22:11.010+0000] {processor.py:830} INFO - Processing file /home/airflow/.local/lib/python3.12/site-packages/airflow/example_dags/example_sensors.py for tasks to queue
[2026-05-16T17:22:11.013+0000] {logging_mixin.py:188} INFO - [2026-05-16T17:22:11.012+0000] {dagbag.py:545} INFO - Filling up the DagBag from /home/airflow/.local/lib/python3.12/site-packages/airflow/example_dags/example_sensors.py
[2026-05-16T17:22:11.033+0000] {processor.py:840} INFO - DAG(s) 'example_sensors' retrieved from /home/airflow/.local/lib/python3.12/site-packages/airflow/example_dags/example_sensors.py
[2026-05-16T17:22:11.084+0000] {logging_mixin.py:188} INFO - [2026-05-16T17:22:11.083+0000] {dag.py:3089} INFO - Sync 1 DAGs
[2026-05-16T17:22:11.109+0000] {logging_mixin.py:188} INFO - [2026-05-16T17:22:11.108+0000] {dag.py:3947} INFO - Setting next_dagrun for example_sensors to None, run_after=None
[2026-05-16T17:22:11.144+0000] {processor.py:183} INFO - Processing /home/airflow/.local/lib/python3.12/site-packages/airflow/example_dags/example_sensors.py took 0.143 seconds
[2026-05-16T17:25:08.342+0000] {processor.py:161} INFO - Started process (PID=6959) to work on /home/airflow/.local/lib/python3.12/site-packages/airflow/example_dags/example_sensors.py
[2026-05-16T17:25:08.344+0000] {processor.py:830} INFO - Processing file /home/airflow/.local/lib/python3.12/site-packages/airflow/example_dags/example_sensors.py for tasks to queue
[2026-05-16T17:25:08.346+0000] {logging_mixin.py:188} INFO - [2026-05-16T17:25:08.346+0000] {dagbag.py:545} INFO - Filling up the DagBag from /home/airflow/.local/lib/python3.12/site-packages/airflow/example_dags/example_sensors.py
[2026-05-16T17:25:08.363+0000] {processor.py:840} INFO - DAG(s) 'example_sensors' retrieved from /home/airflow/.local/lib/python3.12/site-packages/airflow/example_dags/example_sensors.py
[2026-05-16T17:25:08.397+0000] {logging_mixin.py:188} INFO - [2026-05-16T17:25:08.397+0000] {dag.py:3089} INFO - Sync 1 DAGs
[2026-05-16T17:25:08.411+0000] {logging_mixin.py:188} INFO - [2026-05-16T17:25:08.411+0000] {dag.py:3947} INFO - Setting next_dagrun for example_sensors to None, run_after=None
[2026-05-16T17:25:08.449+0000] {processor.py:183} INFO - Processing /home/airflow/.local/lib/python3.12/site-packages/airflow/example_dags/example_sensors.py took 0.119 seconds
[2026-05-16T17:25:40.763+0000] {processor.py:161} INFO - Started process (PID=7021) to work on /home/airflow/.local/lib/python3.12/site-packages/airflow/example_dags/example_sensors.py
[2026-05-16T17:25:40.765+0000] {processor.py:830} INFO - Processing file /home/airflow/.local/lib/python3.12/site-packages/airflow/example_dags/example_sensors.py for tasks to queue
[2026-05-16T17:25:40.768+0000] {logging_mixin.py:188} INFO - [2026-05-16T17:25:40.768+0000] {dagbag.py:545} INFO - Filling up the DagBag from /home/airflow/.local/lib/python3.12/site-packages/airflow/example_dags/example_sensors.py
[2026-05-16T17:25:40.786+0000] {processor.py:840} INFO - DAG(s) 'example_sensors' retrieved from /home/airflow/.local/lib/python3.12/site-packages/airflow/example_dags/example_sensors.py
[2026-05-16T17:25:40.831+0000] {logging_mixin.py:188} INFO - [2026-05-16T17:25:40.831+0000] {dag.py:3089} INFO - Sync 1 DAGs
[2026-05-16T17:25:40.852+0000] {logging_mixin.py:188} INFO - [2026-05-16T17:25:40.852+0000] {dag.py:3947} INFO - Setting next_dagrun for example_sensors to None, run_after=None
[2026-05-16T17:25:40.886+0000] {processor.py:183} INFO - Processing /home/airflow/.local/lib/python3.12/site-packages/airflow/example_dags/example_sensors.py took 0.135 seconds
[2026-05-16T17:30:13.499+0000] {processor.py:161} INFO - Started process (PID=7083) to work on /home/airflow/.local/lib/python3.12/site-packages/airflow/example_dags/example_sensors.py
[2026-05-16T17:30:13.500+0000] {processor.py:830} INFO - Processing file /home/airflow/.local/lib/python3.12/site-packages/airflow/example_dags/example_sensors.py for tasks to queue
[2026-05-16T17:30:13.501+0000] {logging_mixin.py:188} INFO - [2026-05-16T17:30:13.501+0000] {dagbag.py:545} INFO - Filling up the DagBag from /home/airflow/.local/lib/python3.12/site-packages/airflow/example_dags/example_sensors.py
[2026-05-16T17:30:13.511+0000] {processor.py:840} INFO - DAG(s) 'example_sensors' retrieved from /home/airflow/.local/lib/python3.12/site-packages/airflow/example_dags/example_sensors.py
[2026-05-16T17:30:13.530+0000] {logging_mixin.py:188} INFO - [2026-05-16T17:30:13.529+0000] {dag.py:3089} INFO - Sync 1 DAGs
[2026-05-16T17:30:13.540+0000] {logging_mixin.py:188} INFO - [2026-05-16T17:30:13.539+0000] {dag.py:3947} INFO - Setting next_dagrun for example_sensors to None, run_after=None
[2026-05-16T17:30:13.553+0000] {processor.py:183} INFO - Processing /home/airflow/.local/lib/python3.12/site-packages/airflow/example_dags/example_sensors.py took 0.059 seconds
[2026-05-16T17:30:47.391+0000] {processor.py:161} INFO - Started process (PID=7145) to work on /home/airflow/.local/lib/python3.12/site-packages/airflow/example_dags/example_sensors.py
[2026-05-16T17:30:47.417+0000] {processor.py:830} INFO - Processing file /home/airflow/.local/lib/python3.12/site-packages/airflow/example_dags/example_sensors.py for tasks to queue
[2026-05-16T17:30:47.425+0000] {logging_mixin.py:188} INFO - [2026-05-16T17:30:47.425+0000] {dagbag.py:545} INFO - Filling up the DagBag from /home/airflow/.local/lib/python3.12/site-packages/airflow/example_dags/example_sensors.py
[2026-05-16T17:30:47.453+0000] {processor.py:840} INFO - DAG(s) 'example_sensors' retrieved from /home/airflow/.local/lib/python3.12/site-packages/airflow/example_dags/example_sensors.py
[2026-05-16T17:30:47.498+0000] {logging_mixin.py:188} INFO - [2026-05-16T17:30:47.497+0000] {dag.py:3089} INFO - Sync 1 DAGs
[2026-05-16T17:30:47.553+0000] {logging_mixin.py:188} INFO - [2026-05-16T17:30:47.553+0000] {dag.py:3947} INFO - Setting next_dagrun for example_sensors to None, run_after=None
[2026-05-16T17:30:47.684+0000] {processor.py:183} INFO - Processing /home/airflow/.local/lib/python3.12/site-packages/airflow/example_dags/example_sensors.py took 0.322 seconds
[2026-05-16T17:46:33.240+0000] {processor.py:161} INFO - Started process (PID=7207) to work on /home/airflow/.local/lib/python3.12/site-packages/airflow/example_dags/example_sensors.py
[2026-05-16T17:46:33.241+0000] {processor.py:830} INFO - Processing file /home/airflow/.local/lib/python3.12/site-packages/airflow/example_dags/example_sensors.py for tasks to queue
[2026-05-16T17:46:33.242+0000] {logging_mixin.py:188} INFO - [2026-05-16T17:46:33.242+0000] {dagbag.py:545} INFO - Filling up the DagBag from /home/airflow/.local/lib/python3.12/site-packages/airflow/example_dags/example_sensors.py
[2026-05-16T17:46:33.248+0000] {processor.py:840} INFO - DAG(s) 'example_sensors' retrieved from /home/airflow/.local/lib/python3.12/site-packages/airflow/example_dags/example_sensors.py
[2026-05-16T17:46:33.266+0000] {logging_mixin.py:188} INFO - [2026-05-16T17:46:33.265+0000] {dag.py:3089} INFO - Sync 1 DAGs
[2026-05-16T17:46:33.275+0000] {logging_mixin.py:188} INFO - [2026-05-16T17:46:33.274+0000] {dag.py:3947} INFO - Setting next_dagrun for example_sensors to None, run_after=None
[2026-05-16T17:46:33.473+0000] {processor.py:183} INFO - Processing /home/airflow/.local/lib/python3.12/site-packages/airflow/example_dags/example_sensors.py took 0.237 seconds
[2026-05-16T17:47:07.835+0000] {processor.py:161} INFO - Started process (PID=7269) to work on /home/airflow/.local/lib/python3.12/site-packages/airflow/example_dags/example_sensors.py
[2026-05-16T17:47:07.837+0000] {processor.py:830} INFO - Processing file /home/airflow/.local/lib/python3.12/site-packages/airflow/example_dags/example_sensors.py for tasks to queue
[2026-05-16T17:47:07.840+0000] {logging_mixin.py:188} INFO - [2026-05-16T17:47:07.839+0000] {dagbag.py:545} INFO - Filling up the DagBag from /home/airflow/.local/lib/python3.12/site-packages/airflow/example_dags/example_sensors.py
[2026-05-16T17:47:07.856+0000] {processor.py:840} INFO - DAG(s) 'example_sensors' retrieved from /home/airflow/.local/lib/python3.12/site-packages/airflow/example_dags/example_sensors.py
[2026-05-16T17:47:07.915+0000] {logging_mixin.py:188} INFO - [2026-05-16T17:47:07.914+0000] {dag.py:3089} INFO - Sync 1 DAGs
[2026-05-16T17:47:07.942+0000] {logging_mixin.py:188} INFO - [2026-05-16T17:47:07.941+0000] {dag.py:3947} INFO - Setting next_dagrun for example_sensors to None, run_after=None
[2026-05-16T17:47:07.980+0000] {processor.py:183} INFO - Processing /home/airflow/.local/lib/python3.12/site-packages/airflow/example_dags/example_sensors.py took 0.153 seconds
[2026-05-16T18:45:37.207+0000] {processor.py:161} INFO - Started process (PID=7330) to work on /home/airflow/.local/lib/python3.12/site-packages/airflow/example_dags/example_sensors.py
[2026-05-16T18:45:37.208+0000] {processor.py:830} INFO - Processing file /home/airflow/.local/lib/python3.12/site-packages/airflow/example_dags/example_sensors.py for tasks to queue
[2026-05-16T18:45:37.211+0000] {logging_mixin.py:188} INFO - [2026-05-16T18:45:37.211+0000] {dagbag.py:545} INFO - Filling up the DagBag from /home/airflow/.local/lib/python3.12/site-packages/airflow/example_dags/example_sensors.py
[2026-05-16T18:45:37.222+0000] {processor.py:840} INFO - DAG(s) 'example_sensors' retrieved from /home/airflow/.local/lib/python3.12/site-packages/airflow/example_dags/example_sensors.py
[2026-05-16T18:45:37.239+0000] {logging_mixin.py:188} INFO - [2026-05-16T18:45:37.239+0000] {dag.py:3089} INFO - Sync 1 DAGs
[2026-05-16T18:45:37.248+0000] {logging_mixin.py:188} INFO - [2026-05-16T18:45:37.248+0000] {dag.py:3947} INFO - Setting next_dagrun for example_sensors to None, run_after=None
[2026-05-16T18:45:37.260+0000] {processor.py:183} INFO - Processing /home/airflow/.local/lib/python3.12/site-packages/airflow/example_dags/example_sensors.py took 0.058 seconds
[2026-05-16T18:46:08.883+0000] {processor.py:161} INFO - Started process (PID=7392) to work on /home/airflow/.local/lib/python3.12/site-packages/airflow/example_dags/example_sensors.py
[2026-05-16T18:46:08.884+0000] {processor.py:830} INFO - Processing file /home/airflow/.local/lib/python3.12/site-packages/airflow/example_dags/example_sensors.py for tasks to queue
[2026-05-16T18:46:08.886+0000] {logging_mixin.py:188} INFO - [2026-05-16T18:46:08.886+0000] {dagbag.py:545} INFO - Filling up the DagBag from /home/airflow/.local/lib/python3.12/site-packages/airflow/example_dags/example_sensors.py
[2026-05-16T18:46:08.920+0000] {processor.py:840} INFO - DAG(s) 'example_sensors' retrieved from /home/airflow/.local/lib/python3.12/site-packages/airflow/example_dags/example_sensors.py
[2026-05-16T18:46:08.972+0000] {logging_mixin.py:188} INFO - [2026-05-16T18:46:08.972+0000] {dag.py:3089} INFO - Sync 1 DAGs
[2026-05-16T18:46:08.999+0000] {logging_mixin.py:188} INFO - [2026-05-16T18:46:08.999+0000] {dag.py:3947} INFO - Setting next_dagrun for example_sensors to None, run_after=None
[2026-05-16T18:46:09.028+0000] {processor.py:183} INFO - Processing /home/airflow/.local/lib/python3.12/site-packages/airflow/example_dags/example_sensors.py took 0.165 seconds
[2026-05-16T19:23:29.395+0000] {processor.py:161} INFO - Started process (PID=7453) to work on /home/airflow/.local/lib/python3.12/site-packages/airflow/example_dags/example_sensors.py
[2026-05-16T19:23:29.396+0000] {processor.py:830} INFO - Processing file /home/airflow/.local/lib/python3.12/site-packages/airflow/example_dags/example_sensors.py for tasks to queue
[2026-05-16T19:23:29.397+0000] {logging_mixin.py:188} INFO - [2026-05-16T19:23:29.397+0000] {dagbag.py:545} INFO - Filling up the DagBag from /home/airflow/.local/lib/python3.12/site-packages/airflow/example_dags/example_sensors.py
[2026-05-16T19:23:29.403+0000] {processor.py:840} INFO - DAG(s) 'example_sensors' retrieved from /home/airflow/.local/lib/python3.12/site-packages/airflow/example_dags/example_sensors.py
[2026-05-16T19:23:29.417+0000] {logging_mixin.py:188} INFO - [2026-05-16T19:23:29.417+0000] {dag.py:3089} INFO - Sync 1 DAGs
[2026-05-16T19:23:29.424+0000] {logging_mixin.py:188} INFO - [2026-05-16T19:23:29.424+0000] {dag.py:3947} INFO - Setting next_dagrun for example_sensors to None, run_after=None
[2026-05-16T19:23:29.433+0000] {processor.py:183} INFO - Processing /home/airflow/.local/lib/python3.12/site-packages/airflow/example_dags/example_sensors.py took 0.042 seconds
[2026-05-16T19:23:59.885+0000] {processor.py:161} INFO - Started process (PID=7515) to work on /home/airflow/.local/lib/python3.12/site-packages/airflow/example_dags/example_sensors.py
[2026-05-16T19:23:59.885+0000] {processor.py:830} INFO - Processing file /home/airflow/.local/lib/python3.12/site-packages/airflow/example_dags/example_sensors.py for tasks to queue
[2026-05-16T19:23:59.886+0000] {logging_mixin.py:188} INFO - [2026-05-16T19:23:59.886+0000] {dagbag.py:545} INFO - Filling up the DagBag from /home/airflow/.local/lib/python3.12/site-packages/airflow/example_dags/example_sensors.py
[2026-05-16T19:23:59.890+0000] {processor.py:840} INFO - DAG(s) 'example_sensors' retrieved from /home/airflow/.local/lib/python3.12/site-packages/airflow/example_dags/example_sensors.py
[2026-05-16T19:23:59.899+0000] {logging_mixin.py:188} INFO - [2026-05-16T19:23:59.899+0000] {dag.py:3089} INFO - Sync 1 DAGs
[2026-05-16T19:23:59.903+0000] {logging_mixin.py:188} INFO - [2026-05-16T19:23:59.903+0000] {dag.py:3947} INFO - Setting next_dagrun for example_sensors to None, run_after=None
[2026-05-16T19:23:59.909+0000] {processor.py:183} INFO - Processing /home/airflow/.local/lib/python3.12/site-packages/airflow/example_dags/example_sensors.py took 0.027 seconds
[2026-05-16T20:13:36.197+0000] {processor.py:161} INFO - Started process (PID=7571) to work on /home/airflow/.local/lib/python3.12/site-packages/airflow/example_dags/example_sensors.py
[2026-05-16T20:13:36.197+0000] {processor.py:830} INFO - Processing file /home/airflow/.local/lib/python3.12/site-packages/airflow/example_dags/example_sensors.py for tasks to queue
[2026-05-16T20:13:36.198+0000] {logging_mixin.py:188} INFO - [2026-05-16T20:13:36.198+0000] {dagbag.py:545} INFO - Filling up the DagBag from /home/airflow/.local/lib/python3.12/site-packages/airflow/example_dags/example_sensors.py
[2026-05-16T20:13:36.202+0000] {processor.py:840} INFO - DAG(s) 'example_sensors' retrieved from /home/airflow/.local/lib/python3.12/site-packages/airflow/example_dags/example_sensors.py
[2026-05-16T20:13:36.212+0000] {logging_mixin.py:188} INFO - [2026-05-16T20:13:36.212+0000] {dag.py:3089} INFO - Sync 1 DAGs
[2026-05-16T20:13:36.217+0000] {logging_mixin.py:188} INFO - [2026-05-16T20:13:36.217+0000] {dag.py:3947} INFO - Setting next_dagrun for example_sensors to None, run_after=None
[2026-05-16T20:13:36.223+0000] {processor.py:183} INFO - Processing /home/airflow/.local/lib/python3.12/site-packages/airflow/example_dags/example_sensors.py took 0.029 seconds
[2026-05-16T20:14:06.608+0000] {processor.py:161} INFO - Started process (PID=7633) to work on /home/airflow/.local/lib/python3.12/site-packages/airflow/example_dags/example_sensors.py
[2026-05-16T20:14:06.608+0000] {processor.py:830} INFO - Processing file /home/airflow/.local/lib/python3.12/site-packages/airflow/example_dags/example_sensors.py for tasks to queue
[2026-05-16T20:14:06.609+0000] {logging_mixin.py:188} INFO - [2026-05-16T20:14:06.609+0000] {dagbag.py:545} INFO - Filling up the DagBag from /home/airflow/.local/lib/python3.12/site-packages/airflow/example_dags/example_sensors.py
[2026-05-16T20:14:06.612+0000] {processor.py:840} INFO - DAG(s) 'example_sensors' retrieved from /home/airflow/.local/lib/python3.12/site-packages/airflow/example_dags/example_sensors.py
[2026-05-16T20:14:06.620+0000] {logging_mixin.py:188} INFO - [2026-05-16T20:14:06.620+0000] {dag.py:3089} INFO - Sync 1 DAGs
[2026-05-16T20:14:06.624+0000] {logging_mixin.py:188} INFO - [2026-05-16T20:14:06.624+0000] {dag.py:3947} INFO - Setting next_dagrun for example_sensors to None, run_after=None
[2026-05-16T20:14:06.629+0000] {processor.py:183} INFO - Processing /home/airflow/.local/lib/python3.12/site-packages/airflow/example_dags/example_sensors.py took 0.023 seconds
[2026-05-16T20:14:36.925+0000] {processor.py:161} INFO - Started process (PID=7695) to work on /home/airflow/.local/lib/python3.12/site-packages/airflow/example_dags/example_sensors.py
[2026-05-16T20:14:36.925+0000] {processor.py:830} INFO - Processing file /home/airflow/.local/lib/python3.12/site-packages/airflow/example_dags/example_sensors.py for tasks to queue
[2026-05-16T20:14:36.926+0000] {logging_mixin.py:188} INFO - [2026-05-16T20:14:36.926+0000] {dagbag.py:545} INFO - Filling up the DagBag from /home/airflow/.local/lib/python3.12/site-packages/airflow/example_dags/example_sensors.py
[2026-05-16T20:14:36.929+0000] {processor.py:840} INFO - DAG(s) 'example_sensors' retrieved from /home/airflow/.local/lib/python3.12/site-packages/airflow/example_dags/example_sensors.py
[2026-05-16T20:14:36.939+0000] {logging_mixin.py:188} INFO - [2026-05-16T20:14:36.939+0000] {dag.py:3089} INFO - Sync 1 DAGs
[2026-05-16T20:14:36.943+0000] {logging_mixin.py:188} INFO - [2026-05-16T20:14:36.943+0000] {dag.py:3947} INFO - Setting next_dagrun for example_sensors to None, run_after=None
[2026-05-16T20:14:36.948+0000] {processor.py:183} INFO - Processing /home/airflow/.local/lib/python3.12/site-packages/airflow/example_dags/example_sensors.py took 0.027 seconds
[2026-05-16T20:15:07.271+0000] {processor.py:161} INFO - Started process (PID=7757) to work on /home/airflow/.local/lib/python3.12/site-packages/airflow/example_dags/example_sensors.py
[2026-05-16T20:15:07.271+0000] {processor.py:830} INFO - Processing file /home/airflow/.local/lib/python3.12/site-packages/airflow/example_dags/example_sensors.py for tasks to queue
[2026-05-16T20:15:07.272+0000] {logging_mixin.py:188} INFO - [2026-05-16T20:15:07.271+0000] {dagbag.py:545} INFO - Filling up the DagBag from /home/airflow/.local/lib/python3.12/site-packages/airflow/example_dags/example_sensors.py
[2026-05-16T20:15:07.275+0000] {processor.py:840} INFO - DAG(s) 'example_sensors' retrieved from /home/airflow/.local/lib/python3.12/site-packages/airflow/example_dags/example_sensors.py
[2026-05-16T20:15:07.282+0000] {logging_mixin.py:188} INFO - [2026-05-16T20:15:07.282+0000] {dag.py:3089} INFO - Sync 1 DAGs
[2026-05-16T20:15:07.286+0000] {logging_mixin.py:188} INFO - [2026-05-16T20:15:07.286+0000] {dag.py:3947} INFO - Setting next_dagrun for example_sensors to None, run_after=None
[2026-05-16T20:15:07.291+0000] {processor.py:183} INFO - Processing /home/airflow/.local/lib/python3.12/site-packages/airflow/example_dags/example_sensors.py took 0.022 seconds
[2026-05-16T20:15:37.703+0000] {processor.py:161} INFO - Started process (PID=7819) to work on /home/airflow/.local/lib/python3.12/site-packages/airflow/example_dags/example_sensors.py
[2026-05-16T20:15:37.704+0000] {processor.py:830} INFO - Processing file /home/airflow/.local/lib/python3.12/site-packages/airflow/example_dags/example_sensors.py for tasks to queue
[2026-05-16T20:15:37.704+0000] {logging_mixin.py:188} INFO - [2026-05-16T20:15:37.704+0000] {dagbag.py:545} INFO - Filling up the DagBag from /home/airflow/.local/lib/python3.12/site-packages/airflow/example_dags/example_sensors.py
[2026-05-16T20:15:37.708+0000] {processor.py:840} INFO - DAG(s) 'example_sensors' retrieved from /home/airflow/.local/lib/python3.12/site-packages/airflow/example_dags/example_sensors.py
[2026-05-16T20:15:37.718+0000] {logging_mixin.py:188} INFO - [2026-05-16T20:15:37.718+0000] {dag.py:3089} INFO - Sync 1 DAGs
[2026-05-16T20:15:37.723+0000] {logging_mixin.py:188} INFO - [2026-05-16T20:15:37.723+0000] {dag.py:3947} INFO - Setting next_dagrun for example_sensors to None, run_after=None
[2026-05-16T20:15:37.729+0000] {processor.py:183} INFO - Processing /home/airflow/.local/lib/python3.12/site-packages/airflow/example_dags/example_sensors.py took 0.029 seconds
[2026-05-16T20:16:08.326+0000] {processor.py:161} INFO - Started process (PID=7881) to work on /home/airflow/.local/lib/python3.12/site-packages/airflow/example_dags/example_sensors.py
[2026-05-16T20:16:08.326+0000] {processor.py:830} INFO - Processing file /home/airflow/.local/lib/python3.12/site-packages/airflow/example_dags/example_sensors.py for tasks to queue
[2026-05-16T20:16:08.327+0000] {logging_mixin.py:188} INFO - [2026-05-16T20:16:08.327+0000] {dagbag.py:545} INFO - Filling up the DagBag from /home/airflow/.local/lib/python3.12/site-packages/airflow/example_dags/example_sensors.py
[2026-05-16T20:16:08.330+0000] {processor.py:840} INFO - DAG(s) 'example_sensors' retrieved from /home/airflow/.local/lib/python3.12/site-packages/airflow/example_dags/example_sensors.py
[2026-05-16T20:16:08.339+0000] {logging_mixin.py:188} INFO - [2026-05-16T20:16:08.339+0000] {dag.py:3089} INFO - Sync 1 DAGs
[2026-05-16T20:16:08.343+0000] {logging_mixin.py:188} INFO - [2026-05-16T20:16:08.343+0000] {dag.py:3947} INFO - Setting next_dagrun for example_sensors to None, run_after=None
[2026-05-16T20:16:08.349+0000] {processor.py:183} INFO - Processing /home/airflow/.local/lib/python3.12/site-packages/airflow/example_dags/example_sensors.py took 0.026 seconds
[2026-05-16T20:16:39.031+0000] {processor.py:161} INFO - Started process (PID=7943) to work on /home/airflow/.local/lib/python3.12/site-packages/airflow/example_dags/example_sensors.py
[2026-05-16T20:16:39.031+0000] {processor.py:830} INFO - Processing file /home/airflow/.local/lib/python3.12/site-packages/airflow/example_dags/example_sensors.py for tasks to queue
[2026-05-16T20:16:39.032+0000] {logging_mixin.py:188} INFO - [2026-05-16T20:16:39.032+0000] {dagbag.py:545} INFO - Filling up the DagBag from /home/airflow/.local/lib/python3.12/site-packages/airflow/example_dags/example_sensors.py
[2026-05-16T20:16:39.035+0000] {processor.py:840} INFO - DAG(s) 'example_sensors' retrieved from /home/airflow/.local/lib/python3.12/site-packages/airflow/example_dags/example_sensors.py
[2026-05-16T20:16:39.043+0000] {logging_mixin.py:188} INFO - [2026-05-16T20:16:39.043+0000] {dag.py:3089} INFO - Sync 1 DAGs
[2026-05-16T20:16:39.048+0000] {logging_mixin.py:188} INFO - [2026-05-16T20:16:39.048+0000] {dag.py:3947} INFO - Setting next_dagrun for example_sensors to None, run_after=None
[2026-05-16T20:16:39.114+0000] {processor.py:183} INFO - Processing /home/airflow/.local/lib/python3.12/site-packages/airflow/example_dags/example_sensors.py took 0.086 seconds
[2026-05-16T20:17:09.613+0000] {processor.py:161} INFO - Started process (PID=8005) to work on /home/airflow/.local/lib/python3.12/site-packages/airflow/example_dags/example_sensors.py
[2026-05-16T20:17:09.614+0000] {processor.py:830} INFO - Processing file /home/airflow/.local/lib/python3.12/site-packages/airflow/example_dags/example_sensors.py for tasks to queue
[2026-05-16T20:17:09.615+0000] {logging_mixin.py:188} INFO - [2026-05-16T20:17:09.614+0000] {dagbag.py:545} INFO - Filling up the DagBag from /home/airflow/.local/lib/python3.12/site-packages/airflow/example_dags/example_sensors.py
[2026-05-16T20:17:09.618+0000] {processor.py:840} INFO - DAG(s) 'example_sensors' retrieved from /home/airflow/.local/lib/python3.12/site-packages/airflow/example_dags/example_sensors.py
[2026-05-16T20:17:09.627+0000] {logging_mixin.py:188} INFO - [2026-05-16T20:17:09.627+0000] {dag.py:3089} INFO - Sync 1 DAGs
[2026-05-16T20:17:09.631+0000] {logging_mixin.py:188} INFO - [2026-05-16T20:17:09.631+0000] {dag.py:3947} INFO - Setting next_dagrun for example_sensors to None, run_after=None
[2026-05-16T20:17:09.637+0000] {processor.py:183} INFO - Processing /home/airflow/.local/lib/python3.12/site-packages/airflow/example_dags/example_sensors.py took 0.026 seconds
[2026-05-16T20:17:39.935+0000] {processor.py:161} INFO - Started process (PID=8067) to work on /home/airflow/.local/lib/python3.12/site-packages/airflow/example_dags/example_sensors.py
[2026-05-16T20:17:39.936+0000] {processor.py:830} INFO - Processing file /home/airflow/.local/lib/python3.12/site-packages/airflow/example_dags/example_sensors.py for tasks to queue
[2026-05-16T20:17:39.936+0000] {logging_mixin.py:188} INFO - [2026-05-16T20:17:39.936+0000] {dagbag.py:545} INFO - Filling up the DagBag from /home/airflow/.local/lib/python3.12/site-packages/airflow/example_dags/example_sensors.py
[2026-05-16T20:17:39.939+0000] {processor.py:840} INFO - DAG(s) 'example_sensors' retrieved from /home/airflow/.local/lib/python3.12/site-packages/airflow/example_dags/example_sensors.py
[2026-05-16T20:17:39.950+0000] {logging_mixin.py:188} INFO - [2026-05-16T20:17:39.950+0000] {dag.py:3089} INFO - Sync 1 DAGs
[2026-05-16T20:17:39.955+0000] {logging_mixin.py:188} INFO - [2026-05-16T20:17:39.955+0000] {dag.py:3947} INFO - Setting next_dagrun for example_sensors to None, run_after=None
[2026-05-16T20:17:39.960+0000] {processor.py:183} INFO - Processing /home/airflow/.local/lib/python3.12/site-packages/airflow/example_dags/example_sensors.py took 0.026 seconds
[2026-05-16T20:18:10.324+0000] {processor.py:161} INFO - Started process (PID=8129) to work on /home/airflow/.local/lib/python3.12/site-packages/airflow/example_dags/example_sensors.py
[2026-05-16T20:18:10.324+0000] {processor.py:830} INFO - Processing file /home/airflow/.local/lib/python3.12/site-packages/airflow/example_dags/example_sensors.py for tasks to queue
[2026-05-16T20:18:10.325+0000] {logging_mixin.py:188} INFO - [2026-05-16T20:18:10.325+0000] {dagbag.py:545} INFO - Filling up the DagBag from /home/airflow/.local/lib/python3.12/site-packages/airflow/example_dags/example_sensors.py
[2026-05-16T20:18:10.328+0000] {processor.py:840} INFO - DAG(s) 'example_sensors' retrieved from /home/airflow/.local/lib/python3.12/site-packages/airflow/example_dags/example_sensors.py
[2026-05-16T20:18:10.336+0000] {logging_mixin.py:188} INFO - [2026-05-16T20:18:10.336+0000] {dag.py:3089} INFO - Sync 1 DAGs
[2026-05-16T20:18:10.340+0000] {logging_mixin.py:188} INFO - [2026-05-16T20:18:10.340+0000] {dag.py:3947} INFO - Setting next_dagrun for example_sensors to None, run_after=None
[2026-05-16T20:18:10.346+0000] {processor.py:183} INFO - Processing /home/airflow/.local/lib/python3.12/site-packages/airflow/example_dags/example_sensors.py took 0.024 seconds
[2026-05-16T20:18:40.742+0000] {processor.py:161} INFO - Started process (PID=8191) to work on /home/airflow/.local/lib/python3.12/site-packages/airflow/example_dags/example_sensors.py
[2026-05-16T20:18:40.742+0000] {processor.py:830} INFO - Processing file /home/airflow/.local/lib/python3.12/site-packages/airflow/example_dags/example_sensors.py for tasks to queue
[2026-05-16T20:18:40.743+0000] {logging_mixin.py:188} INFO - [2026-05-16T20:18:40.743+0000] {dagbag.py:545} INFO - Filling up the DagBag from /home/airflow/.local/lib/python3.12/site-packages/airflow/example_dags/example_sensors.py
[2026-05-16T20:18:40.746+0000] {processor.py:840} INFO - DAG(s) 'example_sensors' retrieved from /home/airflow/.local/lib/python3.12/site-packages/airflow/example_dags/example_sensors.py
[2026-05-16T20:18:40.754+0000] {logging_mixin.py:188} INFO - [2026-05-16T20:18:40.754+0000] {dag.py:3089} INFO - Sync 1 DAGs
[2026-05-16T20:18:40.758+0000] {logging_mixin.py:188} INFO - [2026-05-16T20:18:40.758+0000] {dag.py:3947} INFO - Setting next_dagrun for example_sensors to None, run_after=None
[2026-05-16T20:18:40.763+0000] {processor.py:183} INFO - Processing /home/airflow/.local/lib/python3.12/site-packages/airflow/example_dags/example_sensors.py took 0.023 seconds
[2026-05-16T20:19:11.239+0000] {processor.py:161} INFO - Started process (PID=8252) to work on /home/airflow/.local/lib/python3.12/site-packages/airflow/example_dags/example_sensors.py
[2026-05-16T20:19:11.240+0000] {processor.py:830} INFO - Processing file /home/airflow/.local/lib/python3.12/site-packages/airflow/example_dags/example_sensors.py for tasks to queue
[2026-05-16T20:19:11.240+0000] {logging_mixin.py:188} INFO - [2026-05-16T20:19:11.240+0000] {dagbag.py:545} INFO - Filling up the DagBag from /home/airflow/.local/lib/python3.12/site-packages/airflow/example_dags/example_sensors.py
[2026-05-16T20:19:11.244+0000] {processor.py:840} INFO - DAG(s) 'example_sensors' retrieved from /home/airflow/.local/lib/python3.12/site-packages/airflow/example_dags/example_sensors.py
[2026-05-16T20:19:11.255+0000] {logging_mixin.py:188} INFO - [2026-05-16T20:19:11.255+0000] {dag.py:3089} INFO - Sync 1 DAGs
[2026-05-16T20:19:11.262+0000] {logging_mixin.py:188} INFO - [2026-05-16T20:19:11.262+0000] {dag.py:3947} INFO - Setting next_dagrun for example_sensors to None, run_after=None
[2026-05-16T20:19:11.272+0000] {processor.py:183} INFO - Processing /home/airflow/.local/lib/python3.12/site-packages/airflow/example_dags/example_sensors.py took 0.036 seconds
[2026-05-16T20:19:41.591+0000] {processor.py:161} INFO - Started process (PID=8314) to work on /home/airflow/.local/lib/python3.12/site-packages/airflow/example_dags/example_sensors.py
[2026-05-16T20:19:41.592+0000] {processor.py:830} INFO - Processing file /home/airflow/.local/lib/python3.12/site-packages/airflow/example_dags/example_sensors.py for tasks to queue
[2026-05-16T20:19:41.592+0000] {logging_mixin.py:188} INFO - [2026-05-16T20:19:41.592+0000] {dagbag.py:545} INFO - Filling up the DagBag from /home/airflow/.local/lib/python3.12/site-packages/airflow/example_dags/example_sensors.py
[2026-05-16T20:19:41.595+0000] {processor.py:840} INFO - DAG(s) 'example_sensors' retrieved from /home/airflow/.local/lib/python3.12/site-packages/airflow/example_dags/example_sensors.py
[2026-05-16T20:19:41.602+0000] {logging_mixin.py:188} INFO - [2026-05-16T20:19:41.602+0000] {dag.py:3089} INFO - Sync 1 DAGs
[2026-05-16T20:19:41.606+0000] {logging_mixin.py:188} INFO - [2026-05-16T20:19:41.606+0000] {dag.py:3947} INFO - Setting next_dagrun for example_sensors to None, run_after=None
[2026-05-16T20:19:41.611+0000] {processor.py:183} INFO - Processing /home/airflow/.local/lib/python3.12/site-packages/airflow/example_dags/example_sensors.py took 0.021 seconds
