[2026-05-16T00:22:58.953+0000] {processor.py:161} INFO - Started process (PID=747) to work on /home/airflow/.local/lib/python3.12/site-packages/airflow/example_dags/example_branch_python_dop_operator_3.py
[2026-05-16T00:22:58.954+0000] {processor.py:830} INFO - Processing file /home/airflow/.local/lib/python3.12/site-packages/airflow/example_dags/example_branch_python_dop_operator_3.py for tasks to queue
[2026-05-16T00:22:58.956+0000] {logging_mixin.py:188} INFO - [2026-05-16T00:22:58.954+0000] {dagbag.py:545} INFO - Filling up the DagBag from /home/airflow/.local/lib/python3.12/site-packages/airflow/example_dags/example_branch_python_dop_operator_3.py
[2026-05-16T00:22:58.963+0000] {processor.py:840} INFO - DAG(s) 'example_branch_dop_operator_v3' retrieved from /home/airflow/.local/lib/python3.12/site-packages/airflow/example_dags/example_branch_python_dop_operator_3.py
[2026-05-16T00:22:58.975+0000] {logging_mixin.py:188} INFO - [2026-05-16T00:22:58.975+0000] {dag.py:3089} INFO - Sync 1 DAGs
[2026-05-16T00:22:58.987+0000] {logging_mixin.py:188} INFO - [2026-05-16T00:22:58.987+0000] {dag.py:3947} INFO - Setting next_dagrun for example_branch_dop_operator_v3 to 2026-05-16 00:21:00+00:00, run_after=2026-05-16 00:22:00+00:00
[2026-05-16T00:22:58.994+0000] {processor.py:183} INFO - Processing /home/airflow/.local/lib/python3.12/site-packages/airflow/example_dags/example_branch_python_dop_operator_3.py took 0.045 seconds
[2026-05-16T01:00:08.353+0000] {processor.py:161} INFO - Started process (PID=821) to work on /home/airflow/.local/lib/python3.12/site-packages/airflow/example_dags/example_branch_python_dop_operator_3.py
[2026-05-16T01:00:08.353+0000] {processor.py:830} INFO - Processing file /home/airflow/.local/lib/python3.12/site-packages/airflow/example_dags/example_branch_python_dop_operator_3.py for tasks to queue
[2026-05-16T01:00:08.354+0000] {logging_mixin.py:188} INFO - [2026-05-16T01:00:08.354+0000] {dagbag.py:545} INFO - Filling up the DagBag from /home/airflow/.local/lib/python3.12/site-packages/airflow/example_dags/example_branch_python_dop_operator_3.py
[2026-05-16T01:00:08.363+0000] {processor.py:840} INFO - DAG(s) 'example_branch_dop_operator_v3' retrieved from /home/airflow/.local/lib/python3.12/site-packages/airflow/example_dags/example_branch_python_dop_operator_3.py
[2026-05-16T01:00:08.374+0000] {logging_mixin.py:188} INFO - [2026-05-16T01:00:08.374+0000] {dag.py:3089} INFO - Sync 1 DAGs
[2026-05-16T01:00:08.384+0000] {logging_mixin.py:188} INFO - [2026-05-16T01:00:08.384+0000] {dag.py:3947} INFO - Setting next_dagrun for example_branch_dop_operator_v3 to 2026-05-16 00:59:00+00:00, run_after=2026-05-16 01:00:00+00:00
[2026-05-16T01:00:08.389+0000] {processor.py:183} INFO - Processing /home/airflow/.local/lib/python3.12/site-packages/airflow/example_dags/example_branch_python_dop_operator_3.py took 0.041 seconds
[2026-05-16T01:15:40.649+0000] {processor.py:161} INFO - Started process (PID=879) to work on /home/airflow/.local/lib/python3.12/site-packages/airflow/example_dags/example_branch_python_dop_operator_3.py
[2026-05-16T01:15:40.649+0000] {processor.py:830} INFO - Processing file /home/airflow/.local/lib/python3.12/site-packages/airflow/example_dags/example_branch_python_dop_operator_3.py for tasks to queue
[2026-05-16T01:15:40.649+0000] {logging_mixin.py:188} INFO - [2026-05-16T01:15:40.649+0000] {dagbag.py:545} INFO - Filling up the DagBag from /home/airflow/.local/lib/python3.12/site-packages/airflow/example_dags/example_branch_python_dop_operator_3.py
[2026-05-16T01:15:40.653+0000] {processor.py:840} INFO - DAG(s) 'example_branch_dop_operator_v3' retrieved from /home/airflow/.local/lib/python3.12/site-packages/airflow/example_dags/example_branch_python_dop_operator_3.py
[2026-05-16T01:15:40.659+0000] {logging_mixin.py:188} INFO - [2026-05-16T01:15:40.659+0000] {dag.py:3089} INFO - Sync 1 DAGs
[2026-05-16T01:15:40.667+0000] {logging_mixin.py:188} INFO - [2026-05-16T01:15:40.666+0000] {dag.py:3947} INFO - Setting next_dagrun for example_branch_dop_operator_v3 to 2026-05-16 01:14:00+00:00, run_after=2026-05-16 01:15:00+00:00
[2026-05-16T01:15:40.671+0000] {processor.py:183} INFO - Processing /home/airflow/.local/lib/python3.12/site-packages/airflow/example_dags/example_branch_python_dop_operator_3.py took 0.024 seconds
[2026-05-16T01:23:56.501+0000] {processor.py:161} INFO - Started process (PID=931) to work on /home/airflow/.local/lib/python3.12/site-packages/airflow/example_dags/example_branch_python_dop_operator_3.py
[2026-05-16T01:23:56.501+0000] {processor.py:830} INFO - Processing file /home/airflow/.local/lib/python3.12/site-packages/airflow/example_dags/example_branch_python_dop_operator_3.py for tasks to queue
[2026-05-16T01:23:56.502+0000] {logging_mixin.py:188} INFO - [2026-05-16T01:23:56.502+0000] {dagbag.py:545} INFO - Filling up the DagBag from /home/airflow/.local/lib/python3.12/site-packages/airflow/example_dags/example_branch_python_dop_operator_3.py
[2026-05-16T01:23:56.505+0000] {processor.py:840} INFO - DAG(s) 'example_branch_dop_operator_v3' retrieved from /home/airflow/.local/lib/python3.12/site-packages/airflow/example_dags/example_branch_python_dop_operator_3.py
[2026-05-16T01:23:56.513+0000] {logging_mixin.py:188} INFO - [2026-05-16T01:23:56.513+0000] {dag.py:3089} INFO - Sync 1 DAGs
[2026-05-16T01:23:56.523+0000] {logging_mixin.py:188} INFO - [2026-05-16T01:23:56.523+0000] {dag.py:3947} INFO - Setting next_dagrun for example_branch_dop_operator_v3 to 2026-05-16 01:22:00+00:00, run_after=2026-05-16 01:23:00+00:00
[2026-05-16T01:23:56.529+0000] {processor.py:183} INFO - Processing /home/airflow/.local/lib/python3.12/site-packages/airflow/example_dags/example_branch_python_dop_operator_3.py took 0.031 seconds
[2026-05-16T01:41:39.008+0000] {processor.py:161} INFO - Started process (PID=983) to work on /home/airflow/.local/lib/python3.12/site-packages/airflow/example_dags/example_branch_python_dop_operator_3.py
[2026-05-16T01:41:39.008+0000] {processor.py:830} INFO - Processing file /home/airflow/.local/lib/python3.12/site-packages/airflow/example_dags/example_branch_python_dop_operator_3.py for tasks to queue
[2026-05-16T01:41:39.009+0000] {logging_mixin.py:188} INFO - [2026-05-16T01:41:39.009+0000] {dagbag.py:545} INFO - Filling up the DagBag from /home/airflow/.local/lib/python3.12/site-packages/airflow/example_dags/example_branch_python_dop_operator_3.py
[2026-05-16T01:41:39.012+0000] {processor.py:840} INFO - DAG(s) 'example_branch_dop_operator_v3' retrieved from /home/airflow/.local/lib/python3.12/site-packages/airflow/example_dags/example_branch_python_dop_operator_3.py
[2026-05-16T01:41:39.018+0000] {logging_mixin.py:188} INFO - [2026-05-16T01:41:39.018+0000] {dag.py:3089} INFO - Sync 1 DAGs
[2026-05-16T01:41:39.025+0000] {logging_mixin.py:188} INFO - [2026-05-16T01:41:39.025+0000] {dag.py:3947} INFO - Setting next_dagrun for example_branch_dop_operator_v3 to 2026-05-16 01:40:00+00:00, run_after=2026-05-16 01:41:00+00:00
[2026-05-16T01:41:39.030+0000] {processor.py:183} INFO - Processing /home/airflow/.local/lib/python3.12/site-packages/airflow/example_dags/example_branch_python_dop_operator_3.py took 0.025 seconds
[2026-05-16T01:42:09.243+0000] {processor.py:161} INFO - Started process (PID=1041) to work on /home/airflow/.local/lib/python3.12/site-packages/airflow/example_dags/example_branch_python_dop_operator_3.py
[2026-05-16T01:42:09.243+0000] {processor.py:830} INFO - Processing file /home/airflow/.local/lib/python3.12/site-packages/airflow/example_dags/example_branch_python_dop_operator_3.py for tasks to queue
[2026-05-16T01:42:09.244+0000] {logging_mixin.py:188} INFO - [2026-05-16T01:42:09.244+0000] {dagbag.py:545} INFO - Filling up the DagBag from /home/airflow/.local/lib/python3.12/site-packages/airflow/example_dags/example_branch_python_dop_operator_3.py
[2026-05-16T01:42:09.246+0000] {processor.py:840} INFO - DAG(s) 'example_branch_dop_operator_v3' retrieved from /home/airflow/.local/lib/python3.12/site-packages/airflow/example_dags/example_branch_python_dop_operator_3.py
[2026-05-16T01:42:09.253+0000] {logging_mixin.py:188} INFO - [2026-05-16T01:42:09.253+0000] {dag.py:3089} INFO - Sync 1 DAGs
[2026-05-16T01:42:09.260+0000] {logging_mixin.py:188} INFO - [2026-05-16T01:42:09.260+0000] {dag.py:3947} INFO - Setting next_dagrun for example_branch_dop_operator_v3 to 2026-05-16 01:41:00+00:00, run_after=2026-05-16 01:42:00+00:00
[2026-05-16T01:42:09.266+0000] {processor.py:183} INFO - Processing /home/airflow/.local/lib/python3.12/site-packages/airflow/example_dags/example_branch_python_dop_operator_3.py took 0.025 seconds
[2026-05-16T02:58:06.407+0000] {processor.py:161} INFO - Started process (PID=1097) to work on /home/airflow/.local/lib/python3.12/site-packages/airflow/example_dags/example_branch_python_dop_operator_3.py
[2026-05-16T02:58:06.407+0000] {processor.py:830} INFO - Processing file /home/airflow/.local/lib/python3.12/site-packages/airflow/example_dags/example_branch_python_dop_operator_3.py for tasks to queue
[2026-05-16T02:58:06.408+0000] {logging_mixin.py:188} INFO - [2026-05-16T02:58:06.408+0000] {dagbag.py:545} INFO - Filling up the DagBag from /home/airflow/.local/lib/python3.12/site-packages/airflow/example_dags/example_branch_python_dop_operator_3.py
[2026-05-16T02:58:06.411+0000] {processor.py:840} INFO - DAG(s) 'example_branch_dop_operator_v3' retrieved from /home/airflow/.local/lib/python3.12/site-packages/airflow/example_dags/example_branch_python_dop_operator_3.py
[2026-05-16T02:58:06.418+0000] {logging_mixin.py:188} INFO - [2026-05-16T02:58:06.418+0000] {dag.py:3089} INFO - Sync 1 DAGs
[2026-05-16T02:58:06.425+0000] {logging_mixin.py:188} INFO - [2026-05-16T02:58:06.425+0000] {dag.py:3947} INFO - Setting next_dagrun for example_branch_dop_operator_v3 to 2026-05-16 02:57:00+00:00, run_after=2026-05-16 02:58:00+00:00
[2026-05-16T02:58:06.430+0000] {processor.py:183} INFO - Processing /home/airflow/.local/lib/python3.12/site-packages/airflow/example_dags/example_branch_python_dop_operator_3.py took 0.025 seconds
[2026-05-16T03:24:45.845+0000] {processor.py:161} INFO - Started process (PID=1149) to work on /home/airflow/.local/lib/python3.12/site-packages/airflow/example_dags/example_branch_python_dop_operator_3.py
[2026-05-16T03:24:45.845+0000] {processor.py:830} INFO - Processing file /home/airflow/.local/lib/python3.12/site-packages/airflow/example_dags/example_branch_python_dop_operator_3.py for tasks to queue
[2026-05-16T03:24:45.846+0000] {logging_mixin.py:188} INFO - [2026-05-16T03:24:45.846+0000] {dagbag.py:545} INFO - Filling up the DagBag from /home/airflow/.local/lib/python3.12/site-packages/airflow/example_dags/example_branch_python_dop_operator_3.py
[2026-05-16T03:24:45.849+0000] {processor.py:840} INFO - DAG(s) 'example_branch_dop_operator_v3' retrieved from /home/airflow/.local/lib/python3.12/site-packages/airflow/example_dags/example_branch_python_dop_operator_3.py
[2026-05-16T03:24:45.855+0000] {logging_mixin.py:188} INFO - [2026-05-16T03:24:45.855+0000] {dag.py:3089} INFO - Sync 1 DAGs
[2026-05-16T03:24:45.862+0000] {logging_mixin.py:188} INFO - [2026-05-16T03:24:45.862+0000] {dag.py:3947} INFO - Setting next_dagrun for example_branch_dop_operator_v3 to 2026-05-16 03:23:00+00:00, run_after=2026-05-16 03:24:00+00:00
[2026-05-16T03:24:45.868+0000] {processor.py:183} INFO - Processing /home/airflow/.local/lib/python3.12/site-packages/airflow/example_dags/example_branch_python_dop_operator_3.py took 0.025 seconds
[2026-05-16T03:25:16.279+0000] {processor.py:161} INFO - Started process (PID=1207) to work on /home/airflow/.local/lib/python3.12/site-packages/airflow/example_dags/example_branch_python_dop_operator_3.py
[2026-05-16T03:25:16.279+0000] {processor.py:830} INFO - Processing file /home/airflow/.local/lib/python3.12/site-packages/airflow/example_dags/example_branch_python_dop_operator_3.py for tasks to queue
[2026-05-16T03:25:16.280+0000] {logging_mixin.py:188} INFO - [2026-05-16T03:25:16.280+0000] {dagbag.py:545} INFO - Filling up the DagBag from /home/airflow/.local/lib/python3.12/site-packages/airflow/example_dags/example_branch_python_dop_operator_3.py
[2026-05-16T03:25:16.283+0000] {processor.py:840} INFO - DAG(s) 'example_branch_dop_operator_v3' retrieved from /home/airflow/.local/lib/python3.12/site-packages/airflow/example_dags/example_branch_python_dop_operator_3.py
[2026-05-16T03:25:16.289+0000] {logging_mixin.py:188} INFO - [2026-05-16T03:25:16.289+0000] {dag.py:3089} INFO - Sync 1 DAGs
[2026-05-16T03:25:16.297+0000] {logging_mixin.py:188} INFO - [2026-05-16T03:25:16.297+0000] {dag.py:3947} INFO - Setting next_dagrun for example_branch_dop_operator_v3 to 2026-05-16 03:24:00+00:00, run_after=2026-05-16 03:25:00+00:00
[2026-05-16T03:25:16.301+0000] {processor.py:183} INFO - Processing /home/airflow/.local/lib/python3.12/site-packages/airflow/example_dags/example_branch_python_dop_operator_3.py took 0.024 seconds
[2026-05-16T03:36:43.661+0000] {processor.py:161} INFO - Started process (PID=1282) to work on /home/airflow/.local/lib/python3.12/site-packages/airflow/example_dags/example_branch_python_dop_operator_3.py
[2026-05-16T03:36:43.662+0000] {processor.py:830} INFO - Processing file /home/airflow/.local/lib/python3.12/site-packages/airflow/example_dags/example_branch_python_dop_operator_3.py for tasks to queue
[2026-05-16T03:36:43.662+0000] {logging_mixin.py:188} INFO - [2026-05-16T03:36:43.662+0000] {dagbag.py:545} INFO - Filling up the DagBag from /home/airflow/.local/lib/python3.12/site-packages/airflow/example_dags/example_branch_python_dop_operator_3.py
[2026-05-16T03:36:43.665+0000] {processor.py:840} INFO - DAG(s) 'example_branch_dop_operator_v3' retrieved from /home/airflow/.local/lib/python3.12/site-packages/airflow/example_dags/example_branch_python_dop_operator_3.py
[2026-05-16T03:36:43.672+0000] {logging_mixin.py:188} INFO - [2026-05-16T03:36:43.672+0000] {dag.py:3089} INFO - Sync 1 DAGs
[2026-05-16T03:36:43.680+0000] {logging_mixin.py:188} INFO - [2026-05-16T03:36:43.680+0000] {dag.py:3947} INFO - Setting next_dagrun for example_branch_dop_operator_v3 to 2026-05-16 03:35:00+00:00, run_after=2026-05-16 03:36:00+00:00
[2026-05-16T03:36:43.686+0000] {processor.py:183} INFO - Processing /home/airflow/.local/lib/python3.12/site-packages/airflow/example_dags/example_branch_python_dop_operator_3.py took 0.027 seconds
[2026-05-16T03:41:24.276+0000] {processor.py:161} INFO - Started process (PID=1339) to work on /home/airflow/.local/lib/python3.12/site-packages/airflow/example_dags/example_branch_python_dop_operator_3.py
[2026-05-16T03:41:24.276+0000] {processor.py:830} INFO - Processing file /home/airflow/.local/lib/python3.12/site-packages/airflow/example_dags/example_branch_python_dop_operator_3.py for tasks to queue
[2026-05-16T03:41:24.277+0000] {logging_mixin.py:188} INFO - [2026-05-16T03:41:24.277+0000] {dagbag.py:545} INFO - Filling up the DagBag from /home/airflow/.local/lib/python3.12/site-packages/airflow/example_dags/example_branch_python_dop_operator_3.py
[2026-05-16T03:41:24.280+0000] {processor.py:840} INFO - DAG(s) 'example_branch_dop_operator_v3' retrieved from /home/airflow/.local/lib/python3.12/site-packages/airflow/example_dags/example_branch_python_dop_operator_3.py
[2026-05-16T03:41:24.286+0000] {logging_mixin.py:188} INFO - [2026-05-16T03:41:24.286+0000] {dag.py:3089} INFO - Sync 1 DAGs
[2026-05-16T03:41:24.294+0000] {logging_mixin.py:188} INFO - [2026-05-16T03:41:24.294+0000] {dag.py:3947} INFO - Setting next_dagrun for example_branch_dop_operator_v3 to 2026-05-16 03:40:00+00:00, run_after=2026-05-16 03:41:00+00:00
[2026-05-16T03:41:24.298+0000] {processor.py:183} INFO - Processing /home/airflow/.local/lib/python3.12/site-packages/airflow/example_dags/example_branch_python_dop_operator_3.py took 0.025 seconds
[2026-05-16T03:41:54.791+0000] {processor.py:161} INFO - Started process (PID=1397) to work on /home/airflow/.local/lib/python3.12/site-packages/airflow/example_dags/example_branch_python_dop_operator_3.py
[2026-05-16T03:41:54.791+0000] {processor.py:830} INFO - Processing file /home/airflow/.local/lib/python3.12/site-packages/airflow/example_dags/example_branch_python_dop_operator_3.py for tasks to queue
[2026-05-16T03:41:54.792+0000] {logging_mixin.py:188} INFO - [2026-05-16T03:41:54.791+0000] {dagbag.py:545} INFO - Filling up the DagBag from /home/airflow/.local/lib/python3.12/site-packages/airflow/example_dags/example_branch_python_dop_operator_3.py
[2026-05-16T03:41:54.795+0000] {processor.py:840} INFO - DAG(s) 'example_branch_dop_operator_v3' retrieved from /home/airflow/.local/lib/python3.12/site-packages/airflow/example_dags/example_branch_python_dop_operator_3.py
[2026-05-16T03:41:54.800+0000] {logging_mixin.py:188} INFO - [2026-05-16T03:41:54.800+0000] {dag.py:3089} INFO - Sync 1 DAGs
[2026-05-16T03:41:54.808+0000] {logging_mixin.py:188} INFO - [2026-05-16T03:41:54.808+0000] {dag.py:3947} INFO - Setting next_dagrun for example_branch_dop_operator_v3 to 2026-05-16 03:40:00+00:00, run_after=2026-05-16 03:41:00+00:00
[2026-05-16T03:41:54.813+0000] {processor.py:183} INFO - Processing /home/airflow/.local/lib/python3.12/site-packages/airflow/example_dags/example_branch_python_dop_operator_3.py took 0.024 seconds
[2026-05-16T05:07:43.861+0000] {processor.py:161} INFO - Started process (PID=1449) to work on /home/airflow/.local/lib/python3.12/site-packages/airflow/example_dags/example_branch_python_dop_operator_3.py
[2026-05-16T05:07:43.861+0000] {processor.py:830} INFO - Processing file /home/airflow/.local/lib/python3.12/site-packages/airflow/example_dags/example_branch_python_dop_operator_3.py for tasks to queue
[2026-05-16T05:07:43.862+0000] {logging_mixin.py:188} INFO - [2026-05-16T05:07:43.862+0000] {dagbag.py:545} INFO - Filling up the DagBag from /home/airflow/.local/lib/python3.12/site-packages/airflow/example_dags/example_branch_python_dop_operator_3.py
[2026-05-16T05:07:43.865+0000] {processor.py:840} INFO - DAG(s) 'example_branch_dop_operator_v3' retrieved from /home/airflow/.local/lib/python3.12/site-packages/airflow/example_dags/example_branch_python_dop_operator_3.py
[2026-05-16T05:07:43.872+0000] {logging_mixin.py:188} INFO - [2026-05-16T05:07:43.872+0000] {dag.py:3089} INFO - Sync 1 DAGs
[2026-05-16T05:07:43.879+0000] {logging_mixin.py:188} INFO - [2026-05-16T05:07:43.879+0000] {dag.py:3947} INFO - Setting next_dagrun for example_branch_dop_operator_v3 to 2026-05-16 05:06:00+00:00, run_after=2026-05-16 05:07:00+00:00
[2026-05-16T05:07:43.884+0000] {processor.py:183} INFO - Processing /home/airflow/.local/lib/python3.12/site-packages/airflow/example_dags/example_branch_python_dop_operator_3.py took 0.025 seconds
[2026-05-16T05:40:48.108+0000] {processor.py:161} INFO - Started process (PID=1507) to work on /home/airflow/.local/lib/python3.12/site-packages/airflow/example_dags/example_branch_python_dop_operator_3.py
[2026-05-16T05:40:48.108+0000] {processor.py:830} INFO - Processing file /home/airflow/.local/lib/python3.12/site-packages/airflow/example_dags/example_branch_python_dop_operator_3.py for tasks to queue
[2026-05-16T05:40:48.109+0000] {logging_mixin.py:188} INFO - [2026-05-16T05:40:48.109+0000] {dagbag.py:545} INFO - Filling up the DagBag from /home/airflow/.local/lib/python3.12/site-packages/airflow/example_dags/example_branch_python_dop_operator_3.py
[2026-05-16T05:40:48.113+0000] {processor.py:840} INFO - DAG(s) 'example_branch_dop_operator_v3' retrieved from /home/airflow/.local/lib/python3.12/site-packages/airflow/example_dags/example_branch_python_dop_operator_3.py
[2026-05-16T05:40:48.121+0000] {logging_mixin.py:188} INFO - [2026-05-16T05:40:48.121+0000] {dag.py:3089} INFO - Sync 1 DAGs
[2026-05-16T05:40:48.130+0000] {logging_mixin.py:188} INFO - [2026-05-16T05:40:48.130+0000] {dag.py:3947} INFO - Setting next_dagrun for example_branch_dop_operator_v3 to 2026-05-16 05:39:00+00:00, run_after=2026-05-16 05:40:00+00:00
[2026-05-16T05:40:48.136+0000] {processor.py:183} INFO - Processing /home/airflow/.local/lib/python3.12/site-packages/airflow/example_dags/example_branch_python_dop_operator_3.py took 0.031 seconds
[2026-05-16T05:58:43.441+0000] {processor.py:161} INFO - Started process (PID=1559) to work on /home/airflow/.local/lib/python3.12/site-packages/airflow/example_dags/example_branch_python_dop_operator_3.py
[2026-05-16T05:58:43.442+0000] {processor.py:830} INFO - Processing file /home/airflow/.local/lib/python3.12/site-packages/airflow/example_dags/example_branch_python_dop_operator_3.py for tasks to queue
[2026-05-16T05:58:43.442+0000] {logging_mixin.py:188} INFO - [2026-05-16T05:58:43.442+0000] {dagbag.py:545} INFO - Filling up the DagBag from /home/airflow/.local/lib/python3.12/site-packages/airflow/example_dags/example_branch_python_dop_operator_3.py
[2026-05-16T05:58:43.445+0000] {processor.py:840} INFO - DAG(s) 'example_branch_dop_operator_v3' retrieved from /home/airflow/.local/lib/python3.12/site-packages/airflow/example_dags/example_branch_python_dop_operator_3.py
[2026-05-16T05:58:43.451+0000] {logging_mixin.py:188} INFO - [2026-05-16T05:58:43.451+0000] {dag.py:3089} INFO - Sync 1 DAGs
[2026-05-16T05:58:43.458+0000] {logging_mixin.py:188} INFO - [2026-05-16T05:58:43.458+0000] {dag.py:3947} INFO - Setting next_dagrun for example_branch_dop_operator_v3 to 2026-05-16 05:57:00+00:00, run_after=2026-05-16 05:58:00+00:00
[2026-05-16T05:58:43.463+0000] {processor.py:183} INFO - Processing /home/airflow/.local/lib/python3.12/site-packages/airflow/example_dags/example_branch_python_dop_operator_3.py took 0.023 seconds
[2026-05-16T06:22:17.222+0000] {processor.py:161} INFO - Started process (PID=1617) to work on /home/airflow/.local/lib/python3.12/site-packages/airflow/example_dags/example_branch_python_dop_operator_3.py
[2026-05-16T06:22:17.222+0000] {processor.py:830} INFO - Processing file /home/airflow/.local/lib/python3.12/site-packages/airflow/example_dags/example_branch_python_dop_operator_3.py for tasks to queue
[2026-05-16T06:22:17.223+0000] {logging_mixin.py:188} INFO - [2026-05-16T06:22:17.223+0000] {dagbag.py:545} INFO - Filling up the DagBag from /home/airflow/.local/lib/python3.12/site-packages/airflow/example_dags/example_branch_python_dop_operator_3.py
[2026-05-16T06:22:17.227+0000] {processor.py:840} INFO - DAG(s) 'example_branch_dop_operator_v3' retrieved from /home/airflow/.local/lib/python3.12/site-packages/airflow/example_dags/example_branch_python_dop_operator_3.py
[2026-05-16T06:22:17.235+0000] {logging_mixin.py:188} INFO - [2026-05-16T06:22:17.235+0000] {dag.py:3089} INFO - Sync 1 DAGs
[2026-05-16T06:22:17.244+0000] {logging_mixin.py:188} INFO - [2026-05-16T06:22:17.244+0000] {dag.py:3947} INFO - Setting next_dagrun for example_branch_dop_operator_v3 to 2026-05-16 06:21:00+00:00, run_after=2026-05-16 06:22:00+00:00
[2026-05-16T06:22:17.249+0000] {processor.py:183} INFO - Processing /home/airflow/.local/lib/python3.12/site-packages/airflow/example_dags/example_branch_python_dop_operator_3.py took 0.030 seconds
[2026-05-16T06:23:11.900+0000] {processor.py:161} INFO - Started process (PID=1675) to work on /home/airflow/.local/lib/python3.12/site-packages/airflow/example_dags/example_branch_python_dop_operator_3.py
[2026-05-16T06:23:11.900+0000] {processor.py:830} INFO - Processing file /home/airflow/.local/lib/python3.12/site-packages/airflow/example_dags/example_branch_python_dop_operator_3.py for tasks to queue
[2026-05-16T06:23:11.901+0000] {logging_mixin.py:188} INFO - [2026-05-16T06:23:11.901+0000] {dagbag.py:545} INFO - Filling up the DagBag from /home/airflow/.local/lib/python3.12/site-packages/airflow/example_dags/example_branch_python_dop_operator_3.py
[2026-05-16T06:23:11.904+0000] {processor.py:840} INFO - DAG(s) 'example_branch_dop_operator_v3' retrieved from /home/airflow/.local/lib/python3.12/site-packages/airflow/example_dags/example_branch_python_dop_operator_3.py
[2026-05-16T06:23:11.913+0000] {logging_mixin.py:188} INFO - [2026-05-16T06:23:11.913+0000] {dag.py:3089} INFO - Sync 1 DAGs
[2026-05-16T06:23:11.920+0000] {logging_mixin.py:188} INFO - [2026-05-16T06:23:11.920+0000] {dag.py:3947} INFO - Setting next_dagrun for example_branch_dop_operator_v3 to 2026-05-16 06:22:00+00:00, run_after=2026-05-16 06:23:00+00:00
[2026-05-16T06:23:11.925+0000] {processor.py:183} INFO - Processing /home/airflow/.local/lib/python3.12/site-packages/airflow/example_dags/example_branch_python_dop_operator_3.py took 0.027 seconds
[2026-05-16T06:23:42.155+0000] {processor.py:161} INFO - Started process (PID=1733) to work on /home/airflow/.local/lib/python3.12/site-packages/airflow/example_dags/example_branch_python_dop_operator_3.py
[2026-05-16T06:23:42.155+0000] {processor.py:830} INFO - Processing file /home/airflow/.local/lib/python3.12/site-packages/airflow/example_dags/example_branch_python_dop_operator_3.py for tasks to queue
[2026-05-16T06:23:42.156+0000] {logging_mixin.py:188} INFO - [2026-05-16T06:23:42.156+0000] {dagbag.py:545} INFO - Filling up the DagBag from /home/airflow/.local/lib/python3.12/site-packages/airflow/example_dags/example_branch_python_dop_operator_3.py
[2026-05-16T06:23:42.159+0000] {processor.py:840} INFO - DAG(s) 'example_branch_dop_operator_v3' retrieved from /home/airflow/.local/lib/python3.12/site-packages/airflow/example_dags/example_branch_python_dop_operator_3.py
[2026-05-16T06:23:42.165+0000] {logging_mixin.py:188} INFO - [2026-05-16T06:23:42.165+0000] {dag.py:3089} INFO - Sync 1 DAGs
[2026-05-16T06:23:42.172+0000] {logging_mixin.py:188} INFO - [2026-05-16T06:23:42.172+0000] {dag.py:3947} INFO - Setting next_dagrun for example_branch_dop_operator_v3 to 2026-05-16 06:22:00+00:00, run_after=2026-05-16 06:23:00+00:00
[2026-05-16T06:23:42.177+0000] {processor.py:183} INFO - Processing /home/airflow/.local/lib/python3.12/site-packages/airflow/example_dags/example_branch_python_dop_operator_3.py took 0.024 seconds
[2026-05-16T06:27:08.860+0000] {processor.py:161} INFO - Started process (PID=1785) to work on /home/airflow/.local/lib/python3.12/site-packages/airflow/example_dags/example_branch_python_dop_operator_3.py
[2026-05-16T06:27:08.861+0000] {processor.py:830} INFO - Processing file /home/airflow/.local/lib/python3.12/site-packages/airflow/example_dags/example_branch_python_dop_operator_3.py for tasks to queue
[2026-05-16T06:27:08.861+0000] {logging_mixin.py:188} INFO - [2026-05-16T06:27:08.861+0000] {dagbag.py:545} INFO - Filling up the DagBag from /home/airflow/.local/lib/python3.12/site-packages/airflow/example_dags/example_branch_python_dop_operator_3.py
[2026-05-16T06:27:08.864+0000] {processor.py:840} INFO - DAG(s) 'example_branch_dop_operator_v3' retrieved from /home/airflow/.local/lib/python3.12/site-packages/airflow/example_dags/example_branch_python_dop_operator_3.py
[2026-05-16T06:27:08.871+0000] {logging_mixin.py:188} INFO - [2026-05-16T06:27:08.871+0000] {dag.py:3089} INFO - Sync 1 DAGs
[2026-05-16T06:27:08.878+0000] {logging_mixin.py:188} INFO - [2026-05-16T06:27:08.878+0000] {dag.py:3947} INFO - Setting next_dagrun for example_branch_dop_operator_v3 to 2026-05-16 06:26:00+00:00, run_after=2026-05-16 06:27:00+00:00
[2026-05-16T06:27:08.883+0000] {processor.py:183} INFO - Processing /home/airflow/.local/lib/python3.12/site-packages/airflow/example_dags/example_branch_python_dop_operator_3.py took 0.024 seconds
[2026-05-16T06:46:31.641+0000] {processor.py:161} INFO - Started process (PID=1837) to work on /home/airflow/.local/lib/python3.12/site-packages/airflow/example_dags/example_branch_python_dop_operator_3.py
[2026-05-16T06:46:31.641+0000] {processor.py:830} INFO - Processing file /home/airflow/.local/lib/python3.12/site-packages/airflow/example_dags/example_branch_python_dop_operator_3.py for tasks to queue
[2026-05-16T06:46:31.642+0000] {logging_mixin.py:188} INFO - [2026-05-16T06:46:31.641+0000] {dagbag.py:545} INFO - Filling up the DagBag from /home/airflow/.local/lib/python3.12/site-packages/airflow/example_dags/example_branch_python_dop_operator_3.py
[2026-05-16T06:46:31.647+0000] {processor.py:840} INFO - DAG(s) 'example_branch_dop_operator_v3' retrieved from /home/airflow/.local/lib/python3.12/site-packages/airflow/example_dags/example_branch_python_dop_operator_3.py
[2026-05-16T06:46:31.655+0000] {logging_mixin.py:188} INFO - [2026-05-16T06:46:31.655+0000] {dag.py:3089} INFO - Sync 1 DAGs
[2026-05-16T06:46:31.662+0000] {logging_mixin.py:188} INFO - [2026-05-16T06:46:31.662+0000] {dag.py:3947} INFO - Setting next_dagrun for example_branch_dop_operator_v3 to 2026-05-16 06:45:00+00:00, run_after=2026-05-16 06:46:00+00:00
[2026-05-16T06:46:31.667+0000] {processor.py:183} INFO - Processing /home/airflow/.local/lib/python3.12/site-packages/airflow/example_dags/example_branch_python_dop_operator_3.py took 0.029 seconds
[2026-05-16T06:54:14.478+0000] {processor.py:161} INFO - Started process (PID=1894) to work on /home/airflow/.local/lib/python3.12/site-packages/airflow/example_dags/example_branch_python_dop_operator_3.py
[2026-05-16T06:54:14.479+0000] {processor.py:830} INFO - Processing file /home/airflow/.local/lib/python3.12/site-packages/airflow/example_dags/example_branch_python_dop_operator_3.py for tasks to queue
[2026-05-16T06:54:14.479+0000] {logging_mixin.py:188} INFO - [2026-05-16T06:54:14.479+0000] {dagbag.py:545} INFO - Filling up the DagBag from /home/airflow/.local/lib/python3.12/site-packages/airflow/example_dags/example_branch_python_dop_operator_3.py
[2026-05-16T06:54:14.483+0000] {processor.py:840} INFO - DAG(s) 'example_branch_dop_operator_v3' retrieved from /home/airflow/.local/lib/python3.12/site-packages/airflow/example_dags/example_branch_python_dop_operator_3.py
[2026-05-16T06:54:14.491+0000] {logging_mixin.py:188} INFO - [2026-05-16T06:54:14.491+0000] {dag.py:3089} INFO - Sync 1 DAGs
[2026-05-16T06:54:14.501+0000] {logging_mixin.py:188} INFO - [2026-05-16T06:54:14.501+0000] {dag.py:3947} INFO - Setting next_dagrun for example_branch_dop_operator_v3 to 2026-05-16 06:53:00+00:00, run_after=2026-05-16 06:54:00+00:00
[2026-05-16T06:54:14.505+0000] {processor.py:183} INFO - Processing /home/airflow/.local/lib/python3.12/site-packages/airflow/example_dags/example_branch_python_dop_operator_3.py took 0.029 seconds
[2026-05-16T07:10:31.297+0000] {processor.py:161} INFO - Started process (PID=1952) to work on /home/airflow/.local/lib/python3.12/site-packages/airflow/example_dags/example_branch_python_dop_operator_3.py
[2026-05-16T07:10:31.297+0000] {processor.py:830} INFO - Processing file /home/airflow/.local/lib/python3.12/site-packages/airflow/example_dags/example_branch_python_dop_operator_3.py for tasks to queue
[2026-05-16T07:10:31.298+0000] {logging_mixin.py:188} INFO - [2026-05-16T07:10:31.298+0000] {dagbag.py:545} INFO - Filling up the DagBag from /home/airflow/.local/lib/python3.12/site-packages/airflow/example_dags/example_branch_python_dop_operator_3.py
[2026-05-16T07:10:31.301+0000] {processor.py:840} INFO - DAG(s) 'example_branch_dop_operator_v3' retrieved from /home/airflow/.local/lib/python3.12/site-packages/airflow/example_dags/example_branch_python_dop_operator_3.py
[2026-05-16T07:10:31.309+0000] {logging_mixin.py:188} INFO - [2026-05-16T07:10:31.309+0000] {dag.py:3089} INFO - Sync 1 DAGs
[2026-05-16T07:10:31.317+0000] {logging_mixin.py:188} INFO - [2026-05-16T07:10:31.317+0000] {dag.py:3947} INFO - Setting next_dagrun for example_branch_dop_operator_v3 to 2026-05-16 07:09:00+00:00, run_after=2026-05-16 07:10:00+00:00
[2026-05-16T07:10:31.322+0000] {processor.py:183} INFO - Processing /home/airflow/.local/lib/python3.12/site-packages/airflow/example_dags/example_branch_python_dop_operator_3.py took 0.030 seconds
[2026-05-16T07:11:02.300+0000] {processor.py:161} INFO - Started process (PID=2010) to work on /home/airflow/.local/lib/python3.12/site-packages/airflow/example_dags/example_branch_python_dop_operator_3.py
[2026-05-16T07:11:02.301+0000] {processor.py:830} INFO - Processing file /home/airflow/.local/lib/python3.12/site-packages/airflow/example_dags/example_branch_python_dop_operator_3.py for tasks to queue
[2026-05-16T07:11:02.301+0000] {logging_mixin.py:188} INFO - [2026-05-16T07:11:02.301+0000] {dagbag.py:545} INFO - Filling up the DagBag from /home/airflow/.local/lib/python3.12/site-packages/airflow/example_dags/example_branch_python_dop_operator_3.py
[2026-05-16T07:11:02.305+0000] {processor.py:840} INFO - DAG(s) 'example_branch_dop_operator_v3' retrieved from /home/airflow/.local/lib/python3.12/site-packages/airflow/example_dags/example_branch_python_dop_operator_3.py
[2026-05-16T07:11:02.313+0000] {logging_mixin.py:188} INFO - [2026-05-16T07:11:02.313+0000] {dag.py:3089} INFO - Sync 1 DAGs
[2026-05-16T07:11:02.322+0000] {logging_mixin.py:188} INFO - [2026-05-16T07:11:02.322+0000] {dag.py:3947} INFO - Setting next_dagrun for example_branch_dop_operator_v3 to 2026-05-16 07:10:00+00:00, run_after=2026-05-16 07:11:00+00:00
[2026-05-16T07:11:02.327+0000] {processor.py:183} INFO - Processing /home/airflow/.local/lib/python3.12/site-packages/airflow/example_dags/example_branch_python_dop_operator_3.py took 0.030 seconds
[2026-05-16T07:48:08.065+0000] {processor.py:161} INFO - Started process (PID=2059) to work on /home/airflow/.local/lib/python3.12/site-packages/airflow/example_dags/example_branch_python_dop_operator_3.py
[2026-05-16T07:48:08.065+0000] {processor.py:830} INFO - Processing file /home/airflow/.local/lib/python3.12/site-packages/airflow/example_dags/example_branch_python_dop_operator_3.py for tasks to queue
[2026-05-16T07:48:08.066+0000] {logging_mixin.py:188} INFO - [2026-05-16T07:48:08.066+0000] {dagbag.py:545} INFO - Filling up the DagBag from /home/airflow/.local/lib/python3.12/site-packages/airflow/example_dags/example_branch_python_dop_operator_3.py
[2026-05-16T07:48:08.069+0000] {processor.py:840} INFO - DAG(s) 'example_branch_dop_operator_v3' retrieved from /home/airflow/.local/lib/python3.12/site-packages/airflow/example_dags/example_branch_python_dop_operator_3.py
[2026-05-16T07:48:08.077+0000] {logging_mixin.py:188} INFO - [2026-05-16T07:48:08.077+0000] {dag.py:3089} INFO - Sync 1 DAGs
[2026-05-16T07:48:08.086+0000] {logging_mixin.py:188} INFO - [2026-05-16T07:48:08.086+0000] {dag.py:3947} INFO - Setting next_dagrun for example_branch_dop_operator_v3 to 2026-05-16 07:47:00+00:00, run_after=2026-05-16 07:48:00+00:00
[2026-05-16T07:48:08.091+0000] {processor.py:183} INFO - Processing /home/airflow/.local/lib/python3.12/site-packages/airflow/example_dags/example_branch_python_dop_operator_3.py took 0.028 seconds
[2026-05-16T07:48:38.886+0000] {processor.py:161} INFO - Started process (PID=2117) to work on /home/airflow/.local/lib/python3.12/site-packages/airflow/example_dags/example_branch_python_dop_operator_3.py
[2026-05-16T07:48:38.887+0000] {processor.py:830} INFO - Processing file /home/airflow/.local/lib/python3.12/site-packages/airflow/example_dags/example_branch_python_dop_operator_3.py for tasks to queue
[2026-05-16T07:48:38.887+0000] {logging_mixin.py:188} INFO - [2026-05-16T07:48:38.887+0000] {dagbag.py:545} INFO - Filling up the DagBag from /home/airflow/.local/lib/python3.12/site-packages/airflow/example_dags/example_branch_python_dop_operator_3.py
[2026-05-16T07:48:38.891+0000] {processor.py:840} INFO - DAG(s) 'example_branch_dop_operator_v3' retrieved from /home/airflow/.local/lib/python3.12/site-packages/airflow/example_dags/example_branch_python_dop_operator_3.py
[2026-05-16T07:48:38.899+0000] {logging_mixin.py:188} INFO - [2026-05-16T07:48:38.899+0000] {dag.py:3089} INFO - Sync 1 DAGs
[2026-05-16T07:48:38.979+0000] {logging_mixin.py:188} INFO - [2026-05-16T07:48:38.979+0000] {dag.py:3947} INFO - Setting next_dagrun for example_branch_dop_operator_v3 to 2026-05-16 07:47:00+00:00, run_after=2026-05-16 07:48:00+00:00
[2026-05-16T07:48:38.984+0000] {processor.py:183} INFO - Processing /home/airflow/.local/lib/python3.12/site-packages/airflow/example_dags/example_branch_python_dop_operator_3.py took 0.101 seconds
[2026-05-16T10:32:08.693+0000] {processor.py:161} INFO - Started process (PID=2163) to work on /home/airflow/.local/lib/python3.12/site-packages/airflow/example_dags/example_branch_python_dop_operator_3.py
[2026-05-16T10:32:08.694+0000] {processor.py:830} INFO - Processing file /home/airflow/.local/lib/python3.12/site-packages/airflow/example_dags/example_branch_python_dop_operator_3.py for tasks to queue
[2026-05-16T10:32:08.695+0000] {logging_mixin.py:188} INFO - [2026-05-16T10:32:08.695+0000] {dagbag.py:545} INFO - Filling up the DagBag from /home/airflow/.local/lib/python3.12/site-packages/airflow/example_dags/example_branch_python_dop_operator_3.py
[2026-05-16T10:32:08.703+0000] {processor.py:840} INFO - DAG(s) 'example_branch_dop_operator_v3' retrieved from /home/airflow/.local/lib/python3.12/site-packages/airflow/example_dags/example_branch_python_dop_operator_3.py
[2026-05-16T10:32:08.719+0000] {logging_mixin.py:188} INFO - [2026-05-16T10:32:08.719+0000] {dag.py:3089} INFO - Sync 1 DAGs
[2026-05-16T10:32:08.737+0000] {logging_mixin.py:188} INFO - [2026-05-16T10:32:08.737+0000] {dag.py:3947} INFO - Setting next_dagrun for example_branch_dop_operator_v3 to 2026-05-16 10:31:00+00:00, run_after=2026-05-16 10:32:00+00:00
[2026-05-16T10:32:08.749+0000] {processor.py:183} INFO - Processing /home/airflow/.local/lib/python3.12/site-packages/airflow/example_dags/example_branch_python_dop_operator_3.py took 0.060 seconds
[2026-05-16T10:32:39.027+0000] {processor.py:161} INFO - Started process (PID=2220) to work on /home/airflow/.local/lib/python3.12/site-packages/airflow/example_dags/example_branch_python_dop_operator_3.py
[2026-05-16T10:32:39.028+0000] {processor.py:830} INFO - Processing file /home/airflow/.local/lib/python3.12/site-packages/airflow/example_dags/example_branch_python_dop_operator_3.py for tasks to queue
[2026-05-16T10:32:39.028+0000] {logging_mixin.py:188} INFO - [2026-05-16T10:32:39.028+0000] {dagbag.py:545} INFO - Filling up the DagBag from /home/airflow/.local/lib/python3.12/site-packages/airflow/example_dags/example_branch_python_dop_operator_3.py
[2026-05-16T10:32:39.031+0000] {processor.py:840} INFO - DAG(s) 'example_branch_dop_operator_v3' retrieved from /home/airflow/.local/lib/python3.12/site-packages/airflow/example_dags/example_branch_python_dop_operator_3.py
[2026-05-16T10:32:39.037+0000] {logging_mixin.py:188} INFO - [2026-05-16T10:32:39.037+0000] {dag.py:3089} INFO - Sync 1 DAGs
[2026-05-16T10:32:39.045+0000] {logging_mixin.py:188} INFO - [2026-05-16T10:32:39.045+0000] {dag.py:3947} INFO - Setting next_dagrun for example_branch_dop_operator_v3 to 2026-05-16 10:31:00+00:00, run_after=2026-05-16 10:32:00+00:00
[2026-05-16T10:32:39.049+0000] {processor.py:183} INFO - Processing /home/airflow/.local/lib/python3.12/site-packages/airflow/example_dags/example_branch_python_dop_operator_3.py took 0.024 seconds
[2026-05-16T10:33:09.470+0000] {processor.py:161} INFO - Started process (PID=2278) to work on /home/airflow/.local/lib/python3.12/site-packages/airflow/example_dags/example_branch_python_dop_operator_3.py
[2026-05-16T10:33:09.470+0000] {processor.py:830} INFO - Processing file /home/airflow/.local/lib/python3.12/site-packages/airflow/example_dags/example_branch_python_dop_operator_3.py for tasks to queue
[2026-05-16T10:33:09.470+0000] {logging_mixin.py:188} INFO - [2026-05-16T10:33:09.470+0000] {dagbag.py:545} INFO - Filling up the DagBag from /home/airflow/.local/lib/python3.12/site-packages/airflow/example_dags/example_branch_python_dop_operator_3.py
[2026-05-16T10:33:09.474+0000] {processor.py:840} INFO - DAG(s) 'example_branch_dop_operator_v3' retrieved from /home/airflow/.local/lib/python3.12/site-packages/airflow/example_dags/example_branch_python_dop_operator_3.py
[2026-05-16T10:33:09.483+0000] {logging_mixin.py:188} INFO - [2026-05-16T10:33:09.483+0000] {dag.py:3089} INFO - Sync 1 DAGs
[2026-05-16T10:33:09.491+0000] {logging_mixin.py:188} INFO - [2026-05-16T10:33:09.491+0000] {dag.py:3947} INFO - Setting next_dagrun for example_branch_dop_operator_v3 to 2026-05-16 10:32:00+00:00, run_after=2026-05-16 10:33:00+00:00
[2026-05-16T10:33:09.496+0000] {processor.py:183} INFO - Processing /home/airflow/.local/lib/python3.12/site-packages/airflow/example_dags/example_branch_python_dop_operator_3.py took 0.033 seconds
[2026-05-16T10:33:39.970+0000] {processor.py:161} INFO - Started process (PID=2336) to work on /home/airflow/.local/lib/python3.12/site-packages/airflow/example_dags/example_branch_python_dop_operator_3.py
[2026-05-16T10:33:39.970+0000] {processor.py:830} INFO - Processing file /home/airflow/.local/lib/python3.12/site-packages/airflow/example_dags/example_branch_python_dop_operator_3.py for tasks to queue
[2026-05-16T10:33:39.971+0000] {logging_mixin.py:188} INFO - [2026-05-16T10:33:39.971+0000] {dagbag.py:545} INFO - Filling up the DagBag from /home/airflow/.local/lib/python3.12/site-packages/airflow/example_dags/example_branch_python_dop_operator_3.py
[2026-05-16T10:33:39.976+0000] {processor.py:840} INFO - DAG(s) 'example_branch_dop_operator_v3' retrieved from /home/airflow/.local/lib/python3.12/site-packages/airflow/example_dags/example_branch_python_dop_operator_3.py
[2026-05-16T10:33:39.985+0000] {logging_mixin.py:188} INFO - [2026-05-16T10:33:39.984+0000] {dag.py:3089} INFO - Sync 1 DAGs
[2026-05-16T10:33:39.993+0000] {logging_mixin.py:188} INFO - [2026-05-16T10:33:39.993+0000] {dag.py:3947} INFO - Setting next_dagrun for example_branch_dop_operator_v3 to 2026-05-16 10:32:00+00:00, run_after=2026-05-16 10:33:00+00:00
[2026-05-16T10:33:39.998+0000] {processor.py:183} INFO - Processing /home/airflow/.local/lib/python3.12/site-packages/airflow/example_dags/example_branch_python_dop_operator_3.py took 0.031 seconds
[2026-05-16T10:34:10.383+0000] {processor.py:161} INFO - Started process (PID=2394) to work on /home/airflow/.local/lib/python3.12/site-packages/airflow/example_dags/example_branch_python_dop_operator_3.py
[2026-05-16T10:34:10.384+0000] {processor.py:830} INFO - Processing file /home/airflow/.local/lib/python3.12/site-packages/airflow/example_dags/example_branch_python_dop_operator_3.py for tasks to queue
[2026-05-16T10:34:10.384+0000] {logging_mixin.py:188} INFO - [2026-05-16T10:34:10.384+0000] {dagbag.py:545} INFO - Filling up the DagBag from /home/airflow/.local/lib/python3.12/site-packages/airflow/example_dags/example_branch_python_dop_operator_3.py
[2026-05-16T10:34:10.387+0000] {processor.py:840} INFO - DAG(s) 'example_branch_dop_operator_v3' retrieved from /home/airflow/.local/lib/python3.12/site-packages/airflow/example_dags/example_branch_python_dop_operator_3.py
[2026-05-16T10:34:10.393+0000] {logging_mixin.py:188} INFO - [2026-05-16T10:34:10.393+0000] {dag.py:3089} INFO - Sync 1 DAGs
[2026-05-16T10:34:10.401+0000] {logging_mixin.py:188} INFO - [2026-05-16T10:34:10.401+0000] {dag.py:3947} INFO - Setting next_dagrun for example_branch_dop_operator_v3 to 2026-05-16 10:33:00+00:00, run_after=2026-05-16 10:34:00+00:00
[2026-05-16T10:34:10.406+0000] {processor.py:183} INFO - Processing /home/airflow/.local/lib/python3.12/site-packages/airflow/example_dags/example_branch_python_dop_operator_3.py took 0.024 seconds
[2026-05-16T10:34:40.644+0000] {processor.py:161} INFO - Started process (PID=2452) to work on /home/airflow/.local/lib/python3.12/site-packages/airflow/example_dags/example_branch_python_dop_operator_3.py
[2026-05-16T10:34:40.645+0000] {processor.py:830} INFO - Processing file /home/airflow/.local/lib/python3.12/site-packages/airflow/example_dags/example_branch_python_dop_operator_3.py for tasks to queue
[2026-05-16T10:34:40.645+0000] {logging_mixin.py:188} INFO - [2026-05-16T10:34:40.645+0000] {dagbag.py:545} INFO - Filling up the DagBag from /home/airflow/.local/lib/python3.12/site-packages/airflow/example_dags/example_branch_python_dop_operator_3.py
[2026-05-16T10:34:40.648+0000] {processor.py:840} INFO - DAG(s) 'example_branch_dop_operator_v3' retrieved from /home/airflow/.local/lib/python3.12/site-packages/airflow/example_dags/example_branch_python_dop_operator_3.py
[2026-05-16T10:34:40.657+0000] {logging_mixin.py:188} INFO - [2026-05-16T10:34:40.657+0000] {dag.py:3089} INFO - Sync 1 DAGs
[2026-05-16T10:34:40.666+0000] {logging_mixin.py:188} INFO - [2026-05-16T10:34:40.666+0000] {dag.py:3947} INFO - Setting next_dagrun for example_branch_dop_operator_v3 to 2026-05-16 10:33:00+00:00, run_after=2026-05-16 10:34:00+00:00
[2026-05-16T10:34:40.672+0000] {processor.py:183} INFO - Processing /home/airflow/.local/lib/python3.12/site-packages/airflow/example_dags/example_branch_python_dop_operator_3.py took 0.030 seconds
[2026-05-16T10:35:10.933+0000] {processor.py:161} INFO - Started process (PID=2510) to work on /home/airflow/.local/lib/python3.12/site-packages/airflow/example_dags/example_branch_python_dop_operator_3.py
[2026-05-16T10:35:10.934+0000] {processor.py:830} INFO - Processing file /home/airflow/.local/lib/python3.12/site-packages/airflow/example_dags/example_branch_python_dop_operator_3.py for tasks to queue
[2026-05-16T10:35:10.934+0000] {logging_mixin.py:188} INFO - [2026-05-16T10:35:10.934+0000] {dagbag.py:545} INFO - Filling up the DagBag from /home/airflow/.local/lib/python3.12/site-packages/airflow/example_dags/example_branch_python_dop_operator_3.py
[2026-05-16T10:35:10.937+0000] {processor.py:840} INFO - DAG(s) 'example_branch_dop_operator_v3' retrieved from /home/airflow/.local/lib/python3.12/site-packages/airflow/example_dags/example_branch_python_dop_operator_3.py
[2026-05-16T10:35:10.946+0000] {logging_mixin.py:188} INFO - [2026-05-16T10:35:10.946+0000] {dag.py:3089} INFO - Sync 1 DAGs
[2026-05-16T10:35:10.955+0000] {logging_mixin.py:188} INFO - [2026-05-16T10:35:10.955+0000] {dag.py:3947} INFO - Setting next_dagrun for example_branch_dop_operator_v3 to 2026-05-16 10:34:00+00:00, run_after=2026-05-16 10:35:00+00:00
[2026-05-16T10:35:10.961+0000] {processor.py:183} INFO - Processing /home/airflow/.local/lib/python3.12/site-packages/airflow/example_dags/example_branch_python_dop_operator_3.py took 0.030 seconds
[2026-05-16T10:35:41.271+0000] {processor.py:161} INFO - Started process (PID=2569) to work on /home/airflow/.local/lib/python3.12/site-packages/airflow/example_dags/example_branch_python_dop_operator_3.py
[2026-05-16T10:35:41.271+0000] {processor.py:830} INFO - Processing file /home/airflow/.local/lib/python3.12/site-packages/airflow/example_dags/example_branch_python_dop_operator_3.py for tasks to queue
[2026-05-16T10:35:41.272+0000] {logging_mixin.py:188} INFO - [2026-05-16T10:35:41.272+0000] {dagbag.py:545} INFO - Filling up the DagBag from /home/airflow/.local/lib/python3.12/site-packages/airflow/example_dags/example_branch_python_dop_operator_3.py
[2026-05-16T10:35:41.275+0000] {processor.py:840} INFO - DAG(s) 'example_branch_dop_operator_v3' retrieved from /home/airflow/.local/lib/python3.12/site-packages/airflow/example_dags/example_branch_python_dop_operator_3.py
[2026-05-16T10:35:41.283+0000] {logging_mixin.py:188} INFO - [2026-05-16T10:35:41.283+0000] {dag.py:3089} INFO - Sync 1 DAGs
[2026-05-16T10:35:41.290+0000] {logging_mixin.py:188} INFO - [2026-05-16T10:35:41.290+0000] {dag.py:3947} INFO - Setting next_dagrun for example_branch_dop_operator_v3 to 2026-05-16 10:34:00+00:00, run_after=2026-05-16 10:35:00+00:00
[2026-05-16T10:35:41.295+0000] {processor.py:183} INFO - Processing /home/airflow/.local/lib/python3.12/site-packages/airflow/example_dags/example_branch_python_dop_operator_3.py took 0.027 seconds
[2026-05-16T10:36:11.589+0000] {processor.py:161} INFO - Started process (PID=2627) to work on /home/airflow/.local/lib/python3.12/site-packages/airflow/example_dags/example_branch_python_dop_operator_3.py
[2026-05-16T10:36:11.589+0000] {processor.py:830} INFO - Processing file /home/airflow/.local/lib/python3.12/site-packages/airflow/example_dags/example_branch_python_dop_operator_3.py for tasks to queue
[2026-05-16T10:36:11.589+0000] {logging_mixin.py:188} INFO - [2026-05-16T10:36:11.589+0000] {dagbag.py:545} INFO - Filling up the DagBag from /home/airflow/.local/lib/python3.12/site-packages/airflow/example_dags/example_branch_python_dop_operator_3.py
[2026-05-16T10:36:11.593+0000] {processor.py:840} INFO - DAG(s) 'example_branch_dop_operator_v3' retrieved from /home/airflow/.local/lib/python3.12/site-packages/airflow/example_dags/example_branch_python_dop_operator_3.py
[2026-05-16T10:36:11.600+0000] {logging_mixin.py:188} INFO - [2026-05-16T10:36:11.600+0000] {dag.py:3089} INFO - Sync 1 DAGs
[2026-05-16T10:36:11.608+0000] {logging_mixin.py:188} INFO - [2026-05-16T10:36:11.608+0000] {dag.py:3947} INFO - Setting next_dagrun for example_branch_dop_operator_v3 to 2026-05-16 10:35:00+00:00, run_after=2026-05-16 10:36:00+00:00
[2026-05-16T10:36:11.612+0000] {processor.py:183} INFO - Processing /home/airflow/.local/lib/python3.12/site-packages/airflow/example_dags/example_branch_python_dop_operator_3.py took 0.026 seconds
[2026-05-16T10:36:41.805+0000] {processor.py:161} INFO - Started process (PID=2685) to work on /home/airflow/.local/lib/python3.12/site-packages/airflow/example_dags/example_branch_python_dop_operator_3.py
[2026-05-16T10:36:41.805+0000] {processor.py:830} INFO - Processing file /home/airflow/.local/lib/python3.12/site-packages/airflow/example_dags/example_branch_python_dop_operator_3.py for tasks to queue
[2026-05-16T10:36:41.806+0000] {logging_mixin.py:188} INFO - [2026-05-16T10:36:41.806+0000] {dagbag.py:545} INFO - Filling up the DagBag from /home/airflow/.local/lib/python3.12/site-packages/airflow/example_dags/example_branch_python_dop_operator_3.py
[2026-05-16T10:36:41.809+0000] {processor.py:840} INFO - DAG(s) 'example_branch_dop_operator_v3' retrieved from /home/airflow/.local/lib/python3.12/site-packages/airflow/example_dags/example_branch_python_dop_operator_3.py
[2026-05-16T10:36:41.817+0000] {logging_mixin.py:188} INFO - [2026-05-16T10:36:41.817+0000] {dag.py:3089} INFO - Sync 1 DAGs
[2026-05-16T10:36:41.825+0000] {logging_mixin.py:188} INFO - [2026-05-16T10:36:41.825+0000] {dag.py:3947} INFO - Setting next_dagrun for example_branch_dop_operator_v3 to 2026-05-16 10:35:00+00:00, run_after=2026-05-16 10:36:00+00:00
[2026-05-16T10:36:41.830+0000] {processor.py:183} INFO - Processing /home/airflow/.local/lib/python3.12/site-packages/airflow/example_dags/example_branch_python_dop_operator_3.py took 0.027 seconds
[2026-05-16T10:37:12.061+0000] {processor.py:161} INFO - Started process (PID=2743) to work on /home/airflow/.local/lib/python3.12/site-packages/airflow/example_dags/example_branch_python_dop_operator_3.py
[2026-05-16T10:37:12.061+0000] {processor.py:830} INFO - Processing file /home/airflow/.local/lib/python3.12/site-packages/airflow/example_dags/example_branch_python_dop_operator_3.py for tasks to queue
[2026-05-16T10:37:12.061+0000] {logging_mixin.py:188} INFO - [2026-05-16T10:37:12.061+0000] {dagbag.py:545} INFO - Filling up the DagBag from /home/airflow/.local/lib/python3.12/site-packages/airflow/example_dags/example_branch_python_dop_operator_3.py
[2026-05-16T10:37:12.064+0000] {processor.py:840} INFO - DAG(s) 'example_branch_dop_operator_v3' retrieved from /home/airflow/.local/lib/python3.12/site-packages/airflow/example_dags/example_branch_python_dop_operator_3.py
[2026-05-16T10:37:12.075+0000] {logging_mixin.py:188} INFO - [2026-05-16T10:37:12.075+0000] {dag.py:3089} INFO - Sync 1 DAGs
[2026-05-16T10:37:12.083+0000] {logging_mixin.py:188} INFO - [2026-05-16T10:37:12.083+0000] {dag.py:3947} INFO - Setting next_dagrun for example_branch_dop_operator_v3 to 2026-05-16 10:36:00+00:00, run_after=2026-05-16 10:37:00+00:00
[2026-05-16T10:37:12.090+0000] {processor.py:183} INFO - Processing /home/airflow/.local/lib/python3.12/site-packages/airflow/example_dags/example_branch_python_dop_operator_3.py took 0.031 seconds
[2026-05-16T10:37:42.436+0000] {processor.py:161} INFO - Started process (PID=2801) to work on /home/airflow/.local/lib/python3.12/site-packages/airflow/example_dags/example_branch_python_dop_operator_3.py
[2026-05-16T10:37:42.436+0000] {processor.py:830} INFO - Processing file /home/airflow/.local/lib/python3.12/site-packages/airflow/example_dags/example_branch_python_dop_operator_3.py for tasks to queue
[2026-05-16T10:37:42.437+0000] {logging_mixin.py:188} INFO - [2026-05-16T10:37:42.436+0000] {dagbag.py:545} INFO - Filling up the DagBag from /home/airflow/.local/lib/python3.12/site-packages/airflow/example_dags/example_branch_python_dop_operator_3.py
[2026-05-16T10:37:42.440+0000] {processor.py:840} INFO - DAG(s) 'example_branch_dop_operator_v3' retrieved from /home/airflow/.local/lib/python3.12/site-packages/airflow/example_dags/example_branch_python_dop_operator_3.py
[2026-05-16T10:37:42.448+0000] {logging_mixin.py:188} INFO - [2026-05-16T10:37:42.448+0000] {dag.py:3089} INFO - Sync 1 DAGs
[2026-05-16T10:37:42.455+0000] {logging_mixin.py:188} INFO - [2026-05-16T10:37:42.455+0000] {dag.py:3947} INFO - Setting next_dagrun for example_branch_dop_operator_v3 to 2026-05-16 10:36:00+00:00, run_after=2026-05-16 10:37:00+00:00
[2026-05-16T10:37:42.460+0000] {processor.py:183} INFO - Processing /home/airflow/.local/lib/python3.12/site-packages/airflow/example_dags/example_branch_python_dop_operator_3.py took 0.029 seconds
[2026-05-16T10:38:12.965+0000] {processor.py:161} INFO - Started process (PID=2860) to work on /home/airflow/.local/lib/python3.12/site-packages/airflow/example_dags/example_branch_python_dop_operator_3.py
[2026-05-16T10:38:12.966+0000] {processor.py:830} INFO - Processing file /home/airflow/.local/lib/python3.12/site-packages/airflow/example_dags/example_branch_python_dop_operator_3.py for tasks to queue
[2026-05-16T10:38:12.966+0000] {logging_mixin.py:188} INFO - [2026-05-16T10:38:12.966+0000] {dagbag.py:545} INFO - Filling up the DagBag from /home/airflow/.local/lib/python3.12/site-packages/airflow/example_dags/example_branch_python_dop_operator_3.py
[2026-05-16T10:38:12.969+0000] {processor.py:840} INFO - DAG(s) 'example_branch_dop_operator_v3' retrieved from /home/airflow/.local/lib/python3.12/site-packages/airflow/example_dags/example_branch_python_dop_operator_3.py
[2026-05-16T10:38:12.977+0000] {logging_mixin.py:188} INFO - [2026-05-16T10:38:12.977+0000] {dag.py:3089} INFO - Sync 1 DAGs
[2026-05-16T10:38:12.984+0000] {logging_mixin.py:188} INFO - [2026-05-16T10:38:12.984+0000] {dag.py:3947} INFO - Setting next_dagrun for example_branch_dop_operator_v3 to 2026-05-16 10:37:00+00:00, run_after=2026-05-16 10:38:00+00:00
[2026-05-16T10:38:12.989+0000] {processor.py:183} INFO - Processing /home/airflow/.local/lib/python3.12/site-packages/airflow/example_dags/example_branch_python_dop_operator_3.py took 0.026 seconds
[2026-05-16T10:38:43.448+0000] {processor.py:161} INFO - Started process (PID=2918) to work on /home/airflow/.local/lib/python3.12/site-packages/airflow/example_dags/example_branch_python_dop_operator_3.py
[2026-05-16T10:38:43.449+0000] {processor.py:830} INFO - Processing file /home/airflow/.local/lib/python3.12/site-packages/airflow/example_dags/example_branch_python_dop_operator_3.py for tasks to queue
[2026-05-16T10:38:43.450+0000] {logging_mixin.py:188} INFO - [2026-05-16T10:38:43.449+0000] {dagbag.py:545} INFO - Filling up the DagBag from /home/airflow/.local/lib/python3.12/site-packages/airflow/example_dags/example_branch_python_dop_operator_3.py
[2026-05-16T10:38:43.460+0000] {processor.py:840} INFO - DAG(s) 'example_branch_dop_operator_v3' retrieved from /home/airflow/.local/lib/python3.12/site-packages/airflow/example_dags/example_branch_python_dop_operator_3.py
[2026-05-16T10:38:43.486+0000] {logging_mixin.py:188} INFO - [2026-05-16T10:38:43.486+0000] {dag.py:3089} INFO - Sync 1 DAGs
[2026-05-16T10:38:43.513+0000] {logging_mixin.py:188} INFO - [2026-05-16T10:38:43.511+0000] {dag.py:3947} INFO - Setting next_dagrun for example_branch_dop_operator_v3 to 2026-05-16 10:37:00+00:00, run_after=2026-05-16 10:38:00+00:00
[2026-05-16T10:38:43.529+0000] {processor.py:183} INFO - Processing /home/airflow/.local/lib/python3.12/site-packages/airflow/example_dags/example_branch_python_dop_operator_3.py took 0.094 seconds
[2026-05-16T10:39:13.883+0000] {processor.py:161} INFO - Started process (PID=2976) to work on /home/airflow/.local/lib/python3.12/site-packages/airflow/example_dags/example_branch_python_dop_operator_3.py
[2026-05-16T10:39:13.883+0000] {processor.py:830} INFO - Processing file /home/airflow/.local/lib/python3.12/site-packages/airflow/example_dags/example_branch_python_dop_operator_3.py for tasks to queue
[2026-05-16T10:39:13.883+0000] {logging_mixin.py:188} INFO - [2026-05-16T10:39:13.883+0000] {dagbag.py:545} INFO - Filling up the DagBag from /home/airflow/.local/lib/python3.12/site-packages/airflow/example_dags/example_branch_python_dop_operator_3.py
[2026-05-16T10:39:13.887+0000] {processor.py:840} INFO - DAG(s) 'example_branch_dop_operator_v3' retrieved from /home/airflow/.local/lib/python3.12/site-packages/airflow/example_dags/example_branch_python_dop_operator_3.py
[2026-05-16T10:39:13.894+0000] {logging_mixin.py:188} INFO - [2026-05-16T10:39:13.894+0000] {dag.py:3089} INFO - Sync 1 DAGs
[2026-05-16T10:39:13.902+0000] {logging_mixin.py:188} INFO - [2026-05-16T10:39:13.902+0000] {dag.py:3947} INFO - Setting next_dagrun for example_branch_dop_operator_v3 to 2026-05-16 10:38:00+00:00, run_after=2026-05-16 10:39:00+00:00
[2026-05-16T10:39:13.907+0000] {processor.py:183} INFO - Processing /home/airflow/.local/lib/python3.12/site-packages/airflow/example_dags/example_branch_python_dop_operator_3.py took 0.026 seconds
[2026-05-16T10:39:44.531+0000] {processor.py:161} INFO - Started process (PID=3034) to work on /home/airflow/.local/lib/python3.12/site-packages/airflow/example_dags/example_branch_python_dop_operator_3.py
[2026-05-16T10:39:44.531+0000] {processor.py:830} INFO - Processing file /home/airflow/.local/lib/python3.12/site-packages/airflow/example_dags/example_branch_python_dop_operator_3.py for tasks to queue
[2026-05-16T10:39:44.531+0000] {logging_mixin.py:188} INFO - [2026-05-16T10:39:44.531+0000] {dagbag.py:545} INFO - Filling up the DagBag from /home/airflow/.local/lib/python3.12/site-packages/airflow/example_dags/example_branch_python_dop_operator_3.py
[2026-05-16T10:39:44.539+0000] {processor.py:840} INFO - DAG(s) 'example_branch_dop_operator_v3' retrieved from /home/airflow/.local/lib/python3.12/site-packages/airflow/example_dags/example_branch_python_dop_operator_3.py
[2026-05-16T10:39:44.560+0000] {logging_mixin.py:188} INFO - [2026-05-16T10:39:44.560+0000] {dag.py:3089} INFO - Sync 1 DAGs
[2026-05-16T10:39:44.572+0000] {logging_mixin.py:188} INFO - [2026-05-16T10:39:44.572+0000] {dag.py:3947} INFO - Setting next_dagrun for example_branch_dop_operator_v3 to 2026-05-16 10:38:00+00:00, run_after=2026-05-16 10:39:00+00:00
[2026-05-16T10:39:44.587+0000] {processor.py:183} INFO - Processing /home/airflow/.local/lib/python3.12/site-packages/airflow/example_dags/example_branch_python_dop_operator_3.py took 0.067 seconds
[2026-05-16T10:40:15.125+0000] {processor.py:161} INFO - Started process (PID=3091) to work on /home/airflow/.local/lib/python3.12/site-packages/airflow/example_dags/example_branch_python_dop_operator_3.py
[2026-05-16T10:40:15.126+0000] {processor.py:830} INFO - Processing file /home/airflow/.local/lib/python3.12/site-packages/airflow/example_dags/example_branch_python_dop_operator_3.py for tasks to queue
[2026-05-16T10:40:15.126+0000] {logging_mixin.py:188} INFO - [2026-05-16T10:40:15.126+0000] {dagbag.py:545} INFO - Filling up the DagBag from /home/airflow/.local/lib/python3.12/site-packages/airflow/example_dags/example_branch_python_dop_operator_3.py
[2026-05-16T10:40:15.132+0000] {processor.py:840} INFO - DAG(s) 'example_branch_dop_operator_v3' retrieved from /home/airflow/.local/lib/python3.12/site-packages/airflow/example_dags/example_branch_python_dop_operator_3.py
[2026-05-16T10:40:15.140+0000] {logging_mixin.py:188} INFO - [2026-05-16T10:40:15.140+0000] {dag.py:3089} INFO - Sync 1 DAGs
[2026-05-16T10:40:15.148+0000] {logging_mixin.py:188} INFO - [2026-05-16T10:40:15.147+0000] {dag.py:3947} INFO - Setting next_dagrun for example_branch_dop_operator_v3 to 2026-05-16 10:39:00+00:00, run_after=2026-05-16 10:40:00+00:00
[2026-05-16T10:40:15.156+0000] {processor.py:183} INFO - Processing /home/airflow/.local/lib/python3.12/site-packages/airflow/example_dags/example_branch_python_dop_operator_3.py took 0.033 seconds
[2026-05-16T10:40:45.594+0000] {processor.py:161} INFO - Started process (PID=3149) to work on /home/airflow/.local/lib/python3.12/site-packages/airflow/example_dags/example_branch_python_dop_operator_3.py
[2026-05-16T10:40:45.596+0000] {processor.py:830} INFO - Processing file /home/airflow/.local/lib/python3.12/site-packages/airflow/example_dags/example_branch_python_dop_operator_3.py for tasks to queue
[2026-05-16T10:40:45.596+0000] {logging_mixin.py:188} INFO - [2026-05-16T10:40:45.596+0000] {dagbag.py:545} INFO - Filling up the DagBag from /home/airflow/.local/lib/python3.12/site-packages/airflow/example_dags/example_branch_python_dop_operator_3.py
[2026-05-16T10:40:45.599+0000] {processor.py:840} INFO - DAG(s) 'example_branch_dop_operator_v3' retrieved from /home/airflow/.local/lib/python3.12/site-packages/airflow/example_dags/example_branch_python_dop_operator_3.py
[2026-05-16T10:40:45.607+0000] {logging_mixin.py:188} INFO - [2026-05-16T10:40:45.607+0000] {dag.py:3089} INFO - Sync 1 DAGs
[2026-05-16T10:40:45.615+0000] {logging_mixin.py:188} INFO - [2026-05-16T10:40:45.615+0000] {dag.py:3947} INFO - Setting next_dagrun for example_branch_dop_operator_v3 to 2026-05-16 10:39:00+00:00, run_after=2026-05-16 10:40:00+00:00
[2026-05-16T10:40:45.621+0000] {processor.py:183} INFO - Processing /home/airflow/.local/lib/python3.12/site-packages/airflow/example_dags/example_branch_python_dop_operator_3.py took 0.030 seconds
[2026-05-16T10:41:16.023+0000] {processor.py:161} INFO - Started process (PID=3207) to work on /home/airflow/.local/lib/python3.12/site-packages/airflow/example_dags/example_branch_python_dop_operator_3.py
[2026-05-16T10:41:16.023+0000] {processor.py:830} INFO - Processing file /home/airflow/.local/lib/python3.12/site-packages/airflow/example_dags/example_branch_python_dop_operator_3.py for tasks to queue
[2026-05-16T10:41:16.024+0000] {logging_mixin.py:188} INFO - [2026-05-16T10:41:16.023+0000] {dagbag.py:545} INFO - Filling up the DagBag from /home/airflow/.local/lib/python3.12/site-packages/airflow/example_dags/example_branch_python_dop_operator_3.py
[2026-05-16T10:41:16.027+0000] {processor.py:840} INFO - DAG(s) 'example_branch_dop_operator_v3' retrieved from /home/airflow/.local/lib/python3.12/site-packages/airflow/example_dags/example_branch_python_dop_operator_3.py
[2026-05-16T10:41:16.034+0000] {logging_mixin.py:188} INFO - [2026-05-16T10:41:16.034+0000] {dag.py:3089} INFO - Sync 1 DAGs
[2026-05-16T10:41:16.042+0000] {logging_mixin.py:188} INFO - [2026-05-16T10:41:16.042+0000] {dag.py:3947} INFO - Setting next_dagrun for example_branch_dop_operator_v3 to 2026-05-16 10:40:00+00:00, run_after=2026-05-16 10:41:00+00:00
[2026-05-16T10:41:16.047+0000] {processor.py:183} INFO - Processing /home/airflow/.local/lib/python3.12/site-packages/airflow/example_dags/example_branch_python_dop_operator_3.py took 0.027 seconds
[2026-05-16T10:41:46.336+0000] {processor.py:161} INFO - Started process (PID=3265) to work on /home/airflow/.local/lib/python3.12/site-packages/airflow/example_dags/example_branch_python_dop_operator_3.py
[2026-05-16T10:41:46.336+0000] {processor.py:830} INFO - Processing file /home/airflow/.local/lib/python3.12/site-packages/airflow/example_dags/example_branch_python_dop_operator_3.py for tasks to queue
[2026-05-16T10:41:46.337+0000] {logging_mixin.py:188} INFO - [2026-05-16T10:41:46.336+0000] {dagbag.py:545} INFO - Filling up the DagBag from /home/airflow/.local/lib/python3.12/site-packages/airflow/example_dags/example_branch_python_dop_operator_3.py
[2026-05-16T10:41:46.340+0000] {processor.py:840} INFO - DAG(s) 'example_branch_dop_operator_v3' retrieved from /home/airflow/.local/lib/python3.12/site-packages/airflow/example_dags/example_branch_python_dop_operator_3.py
[2026-05-16T10:41:46.350+0000] {logging_mixin.py:188} INFO - [2026-05-16T10:41:46.350+0000] {dag.py:3089} INFO - Sync 1 DAGs
[2026-05-16T10:41:46.358+0000] {logging_mixin.py:188} INFO - [2026-05-16T10:41:46.358+0000] {dag.py:3947} INFO - Setting next_dagrun for example_branch_dop_operator_v3 to 2026-05-16 10:40:00+00:00, run_after=2026-05-16 10:41:00+00:00
[2026-05-16T10:41:46.364+0000] {processor.py:183} INFO - Processing /home/airflow/.local/lib/python3.12/site-packages/airflow/example_dags/example_branch_python_dop_operator_3.py took 0.030 seconds
[2026-05-16T10:42:16.775+0000] {processor.py:161} INFO - Started process (PID=3323) to work on /home/airflow/.local/lib/python3.12/site-packages/airflow/example_dags/example_branch_python_dop_operator_3.py
[2026-05-16T10:42:16.775+0000] {processor.py:830} INFO - Processing file /home/airflow/.local/lib/python3.12/site-packages/airflow/example_dags/example_branch_python_dop_operator_3.py for tasks to queue
[2026-05-16T10:42:16.776+0000] {logging_mixin.py:188} INFO - [2026-05-16T10:42:16.776+0000] {dagbag.py:545} INFO - Filling up the DagBag from /home/airflow/.local/lib/python3.12/site-packages/airflow/example_dags/example_branch_python_dop_operator_3.py
[2026-05-16T10:42:16.780+0000] {processor.py:840} INFO - DAG(s) 'example_branch_dop_operator_v3' retrieved from /home/airflow/.local/lib/python3.12/site-packages/airflow/example_dags/example_branch_python_dop_operator_3.py
[2026-05-16T10:42:16.790+0000] {logging_mixin.py:188} INFO - [2026-05-16T10:42:16.790+0000] {dag.py:3089} INFO - Sync 1 DAGs
[2026-05-16T10:42:16.800+0000] {logging_mixin.py:188} INFO - [2026-05-16T10:42:16.800+0000] {dag.py:3947} INFO - Setting next_dagrun for example_branch_dop_operator_v3 to 2026-05-16 10:41:00+00:00, run_after=2026-05-16 10:42:00+00:00
[2026-05-16T10:42:16.806+0000] {processor.py:183} INFO - Processing /home/airflow/.local/lib/python3.12/site-packages/airflow/example_dags/example_branch_python_dop_operator_3.py took 0.034 seconds
[2026-05-16T10:42:47.193+0000] {processor.py:161} INFO - Started process (PID=3381) to work on /home/airflow/.local/lib/python3.12/site-packages/airflow/example_dags/example_branch_python_dop_operator_3.py
[2026-05-16T10:42:47.193+0000] {processor.py:830} INFO - Processing file /home/airflow/.local/lib/python3.12/site-packages/airflow/example_dags/example_branch_python_dop_operator_3.py for tasks to queue
[2026-05-16T10:42:47.194+0000] {logging_mixin.py:188} INFO - [2026-05-16T10:42:47.194+0000] {dagbag.py:545} INFO - Filling up the DagBag from /home/airflow/.local/lib/python3.12/site-packages/airflow/example_dags/example_branch_python_dop_operator_3.py
[2026-05-16T10:42:47.197+0000] {processor.py:840} INFO - DAG(s) 'example_branch_dop_operator_v3' retrieved from /home/airflow/.local/lib/python3.12/site-packages/airflow/example_dags/example_branch_python_dop_operator_3.py
[2026-05-16T10:42:47.205+0000] {logging_mixin.py:188} INFO - [2026-05-16T10:42:47.205+0000] {dag.py:3089} INFO - Sync 1 DAGs
[2026-05-16T10:42:47.214+0000] {logging_mixin.py:188} INFO - [2026-05-16T10:42:47.214+0000] {dag.py:3947} INFO - Setting next_dagrun for example_branch_dop_operator_v3 to 2026-05-16 10:41:00+00:00, run_after=2026-05-16 10:42:00+00:00
[2026-05-16T10:42:47.219+0000] {processor.py:183} INFO - Processing /home/airflow/.local/lib/python3.12/site-packages/airflow/example_dags/example_branch_python_dop_operator_3.py took 0.029 seconds
[2026-05-16T10:43:17.564+0000] {processor.py:161} INFO - Started process (PID=3439) to work on /home/airflow/.local/lib/python3.12/site-packages/airflow/example_dags/example_branch_python_dop_operator_3.py
[2026-05-16T10:43:17.564+0000] {processor.py:830} INFO - Processing file /home/airflow/.local/lib/python3.12/site-packages/airflow/example_dags/example_branch_python_dop_operator_3.py for tasks to queue
[2026-05-16T10:43:17.565+0000] {logging_mixin.py:188} INFO - [2026-05-16T10:43:17.564+0000] {dagbag.py:545} INFO - Filling up the DagBag from /home/airflow/.local/lib/python3.12/site-packages/airflow/example_dags/example_branch_python_dop_operator_3.py
[2026-05-16T10:43:17.568+0000] {processor.py:840} INFO - DAG(s) 'example_branch_dop_operator_v3' retrieved from /home/airflow/.local/lib/python3.12/site-packages/airflow/example_dags/example_branch_python_dop_operator_3.py
[2026-05-16T10:43:17.576+0000] {logging_mixin.py:188} INFO - [2026-05-16T10:43:17.576+0000] {dag.py:3089} INFO - Sync 1 DAGs
[2026-05-16T10:43:17.584+0000] {logging_mixin.py:188} INFO - [2026-05-16T10:43:17.584+0000] {dag.py:3947} INFO - Setting next_dagrun for example_branch_dop_operator_v3 to 2026-05-16 10:42:00+00:00, run_after=2026-05-16 10:43:00+00:00
[2026-05-16T10:43:17.590+0000] {processor.py:183} INFO - Processing /home/airflow/.local/lib/python3.12/site-packages/airflow/example_dags/example_branch_python_dop_operator_3.py took 0.029 seconds
[2026-05-16T10:43:47.939+0000] {processor.py:161} INFO - Started process (PID=3497) to work on /home/airflow/.local/lib/python3.12/site-packages/airflow/example_dags/example_branch_python_dop_operator_3.py
[2026-05-16T10:43:47.939+0000] {processor.py:830} INFO - Processing file /home/airflow/.local/lib/python3.12/site-packages/airflow/example_dags/example_branch_python_dop_operator_3.py for tasks to queue
[2026-05-16T10:43:47.940+0000] {logging_mixin.py:188} INFO - [2026-05-16T10:43:47.940+0000] {dagbag.py:545} INFO - Filling up the DagBag from /home/airflow/.local/lib/python3.12/site-packages/airflow/example_dags/example_branch_python_dop_operator_3.py
[2026-05-16T10:43:47.943+0000] {processor.py:840} INFO - DAG(s) 'example_branch_dop_operator_v3' retrieved from /home/airflow/.local/lib/python3.12/site-packages/airflow/example_dags/example_branch_python_dop_operator_3.py
[2026-05-16T10:43:47.950+0000] {logging_mixin.py:188} INFO - [2026-05-16T10:43:47.950+0000] {dag.py:3089} INFO - Sync 1 DAGs
[2026-05-16T10:43:47.958+0000] {logging_mixin.py:188} INFO - [2026-05-16T10:43:47.958+0000] {dag.py:3947} INFO - Setting next_dagrun for example_branch_dop_operator_v3 to 2026-05-16 10:42:00+00:00, run_after=2026-05-16 10:43:00+00:00
[2026-05-16T10:43:47.963+0000] {processor.py:183} INFO - Processing /home/airflow/.local/lib/python3.12/site-packages/airflow/example_dags/example_branch_python_dop_operator_3.py took 0.027 seconds
[2026-05-16T10:44:18.303+0000] {processor.py:161} INFO - Started process (PID=3555) to work on /home/airflow/.local/lib/python3.12/site-packages/airflow/example_dags/example_branch_python_dop_operator_3.py
[2026-05-16T10:44:18.304+0000] {processor.py:830} INFO - Processing file /home/airflow/.local/lib/python3.12/site-packages/airflow/example_dags/example_branch_python_dop_operator_3.py for tasks to queue
[2026-05-16T10:44:18.304+0000] {logging_mixin.py:188} INFO - [2026-05-16T10:44:18.304+0000] {dagbag.py:545} INFO - Filling up the DagBag from /home/airflow/.local/lib/python3.12/site-packages/airflow/example_dags/example_branch_python_dop_operator_3.py
[2026-05-16T10:44:18.308+0000] {processor.py:840} INFO - DAG(s) 'example_branch_dop_operator_v3' retrieved from /home/airflow/.local/lib/python3.12/site-packages/airflow/example_dags/example_branch_python_dop_operator_3.py
[2026-05-16T10:44:18.316+0000] {logging_mixin.py:188} INFO - [2026-05-16T10:44:18.316+0000] {dag.py:3089} INFO - Sync 1 DAGs
[2026-05-16T10:44:18.324+0000] {logging_mixin.py:188} INFO - [2026-05-16T10:44:18.324+0000] {dag.py:3947} INFO - Setting next_dagrun for example_branch_dop_operator_v3 to 2026-05-16 10:43:00+00:00, run_after=2026-05-16 10:44:00+00:00
[2026-05-16T10:44:18.329+0000] {processor.py:183} INFO - Processing /home/airflow/.local/lib/python3.12/site-packages/airflow/example_dags/example_branch_python_dop_operator_3.py took 0.029 seconds
[2026-05-16T10:44:48.686+0000] {processor.py:161} INFO - Started process (PID=3613) to work on /home/airflow/.local/lib/python3.12/site-packages/airflow/example_dags/example_branch_python_dop_operator_3.py
[2026-05-16T10:44:48.687+0000] {processor.py:830} INFO - Processing file /home/airflow/.local/lib/python3.12/site-packages/airflow/example_dags/example_branch_python_dop_operator_3.py for tasks to queue
[2026-05-16T10:44:48.687+0000] {logging_mixin.py:188} INFO - [2026-05-16T10:44:48.687+0000] {dagbag.py:545} INFO - Filling up the DagBag from /home/airflow/.local/lib/python3.12/site-packages/airflow/example_dags/example_branch_python_dop_operator_3.py
[2026-05-16T10:44:48.692+0000] {processor.py:840} INFO - DAG(s) 'example_branch_dop_operator_v3' retrieved from /home/airflow/.local/lib/python3.12/site-packages/airflow/example_dags/example_branch_python_dop_operator_3.py
[2026-05-16T10:44:48.700+0000] {logging_mixin.py:188} INFO - [2026-05-16T10:44:48.700+0000] {dag.py:3089} INFO - Sync 1 DAGs
[2026-05-16T10:44:48.708+0000] {logging_mixin.py:188} INFO - [2026-05-16T10:44:48.708+0000] {dag.py:3947} INFO - Setting next_dagrun for example_branch_dop_operator_v3 to 2026-05-16 10:43:00+00:00, run_after=2026-05-16 10:44:00+00:00
[2026-05-16T10:44:48.714+0000] {processor.py:183} INFO - Processing /home/airflow/.local/lib/python3.12/site-packages/airflow/example_dags/example_branch_python_dop_operator_3.py took 0.031 seconds
[2026-05-16T10:45:19.085+0000] {processor.py:161} INFO - Started process (PID=3671) to work on /home/airflow/.local/lib/python3.12/site-packages/airflow/example_dags/example_branch_python_dop_operator_3.py
[2026-05-16T10:45:19.085+0000] {processor.py:830} INFO - Processing file /home/airflow/.local/lib/python3.12/site-packages/airflow/example_dags/example_branch_python_dop_operator_3.py for tasks to queue
[2026-05-16T10:45:19.085+0000] {logging_mixin.py:188} INFO - [2026-05-16T10:45:19.085+0000] {dagbag.py:545} INFO - Filling up the DagBag from /home/airflow/.local/lib/python3.12/site-packages/airflow/example_dags/example_branch_python_dop_operator_3.py
[2026-05-16T10:45:19.088+0000] {processor.py:840} INFO - DAG(s) 'example_branch_dop_operator_v3' retrieved from /home/airflow/.local/lib/python3.12/site-packages/airflow/example_dags/example_branch_python_dop_operator_3.py
[2026-05-16T10:45:19.097+0000] {logging_mixin.py:188} INFO - [2026-05-16T10:45:19.097+0000] {dag.py:3089} INFO - Sync 1 DAGs
[2026-05-16T10:45:19.105+0000] {logging_mixin.py:188} INFO - [2026-05-16T10:45:19.105+0000] {dag.py:3947} INFO - Setting next_dagrun for example_branch_dop_operator_v3 to 2026-05-16 10:44:00+00:00, run_after=2026-05-16 10:45:00+00:00
[2026-05-16T10:45:19.110+0000] {processor.py:183} INFO - Processing /home/airflow/.local/lib/python3.12/site-packages/airflow/example_dags/example_branch_python_dop_operator_3.py took 0.028 seconds
[2026-05-16T10:45:49.446+0000] {processor.py:161} INFO - Started process (PID=3729) to work on /home/airflow/.local/lib/python3.12/site-packages/airflow/example_dags/example_branch_python_dop_operator_3.py
[2026-05-16T10:45:49.446+0000] {processor.py:830} INFO - Processing file /home/airflow/.local/lib/python3.12/site-packages/airflow/example_dags/example_branch_python_dop_operator_3.py for tasks to queue
[2026-05-16T10:45:49.446+0000] {logging_mixin.py:188} INFO - [2026-05-16T10:45:49.446+0000] {dagbag.py:545} INFO - Filling up the DagBag from /home/airflow/.local/lib/python3.12/site-packages/airflow/example_dags/example_branch_python_dop_operator_3.py
[2026-05-16T10:45:49.450+0000] {processor.py:840} INFO - DAG(s) 'example_branch_dop_operator_v3' retrieved from /home/airflow/.local/lib/python3.12/site-packages/airflow/example_dags/example_branch_python_dop_operator_3.py
[2026-05-16T10:45:49.458+0000] {logging_mixin.py:188} INFO - [2026-05-16T10:45:49.457+0000] {dag.py:3089} INFO - Sync 1 DAGs
[2026-05-16T10:45:49.467+0000] {logging_mixin.py:188} INFO - [2026-05-16T10:45:49.467+0000] {dag.py:3947} INFO - Setting next_dagrun for example_branch_dop_operator_v3 to 2026-05-16 10:44:00+00:00, run_after=2026-05-16 10:45:00+00:00
[2026-05-16T10:45:49.474+0000] {processor.py:183} INFO - Processing /home/airflow/.local/lib/python3.12/site-packages/airflow/example_dags/example_branch_python_dop_operator_3.py took 0.030 seconds
[2026-05-16T10:46:19.774+0000] {processor.py:161} INFO - Started process (PID=3787) to work on /home/airflow/.local/lib/python3.12/site-packages/airflow/example_dags/example_branch_python_dop_operator_3.py
[2026-05-16T10:46:19.775+0000] {processor.py:830} INFO - Processing file /home/airflow/.local/lib/python3.12/site-packages/airflow/example_dags/example_branch_python_dop_operator_3.py for tasks to queue
[2026-05-16T10:46:19.775+0000] {logging_mixin.py:188} INFO - [2026-05-16T10:46:19.775+0000] {dagbag.py:545} INFO - Filling up the DagBag from /home/airflow/.local/lib/python3.12/site-packages/airflow/example_dags/example_branch_python_dop_operator_3.py
[2026-05-16T10:46:19.780+0000] {processor.py:840} INFO - DAG(s) 'example_branch_dop_operator_v3' retrieved from /home/airflow/.local/lib/python3.12/site-packages/airflow/example_dags/example_branch_python_dop_operator_3.py
[2026-05-16T10:46:19.789+0000] {logging_mixin.py:188} INFO - [2026-05-16T10:46:19.789+0000] {dag.py:3089} INFO - Sync 1 DAGs
[2026-05-16T10:46:19.798+0000] {logging_mixin.py:188} INFO - [2026-05-16T10:46:19.798+0000] {dag.py:3947} INFO - Setting next_dagrun for example_branch_dop_operator_v3 to 2026-05-16 10:45:00+00:00, run_after=2026-05-16 10:46:00+00:00
[2026-05-16T10:46:19.803+0000] {processor.py:183} INFO - Processing /home/airflow/.local/lib/python3.12/site-packages/airflow/example_dags/example_branch_python_dop_operator_3.py took 0.032 seconds
[2026-05-16T10:46:50.020+0000] {processor.py:161} INFO - Started process (PID=3845) to work on /home/airflow/.local/lib/python3.12/site-packages/airflow/example_dags/example_branch_python_dop_operator_3.py
[2026-05-16T10:46:50.020+0000] {processor.py:830} INFO - Processing file /home/airflow/.local/lib/python3.12/site-packages/airflow/example_dags/example_branch_python_dop_operator_3.py for tasks to queue
[2026-05-16T10:46:50.021+0000] {logging_mixin.py:188} INFO - [2026-05-16T10:46:50.020+0000] {dagbag.py:545} INFO - Filling up the DagBag from /home/airflow/.local/lib/python3.12/site-packages/airflow/example_dags/example_branch_python_dop_operator_3.py
[2026-05-16T10:46:50.024+0000] {processor.py:840} INFO - DAG(s) 'example_branch_dop_operator_v3' retrieved from /home/airflow/.local/lib/python3.12/site-packages/airflow/example_dags/example_branch_python_dop_operator_3.py
[2026-05-16T10:46:50.031+0000] {logging_mixin.py:188} INFO - [2026-05-16T10:46:50.031+0000] {dag.py:3089} INFO - Sync 1 DAGs
[2026-05-16T10:46:50.038+0000] {logging_mixin.py:188} INFO - [2026-05-16T10:46:50.038+0000] {dag.py:3947} INFO - Setting next_dagrun for example_branch_dop_operator_v3 to 2026-05-16 10:45:00+00:00, run_after=2026-05-16 10:46:00+00:00
[2026-05-16T10:46:50.043+0000] {processor.py:183} INFO - Processing /home/airflow/.local/lib/python3.12/site-packages/airflow/example_dags/example_branch_python_dop_operator_3.py took 0.026 seconds
[2026-05-16T10:47:20.819+0000] {processor.py:161} INFO - Started process (PID=3903) to work on /home/airflow/.local/lib/python3.12/site-packages/airflow/example_dags/example_branch_python_dop_operator_3.py
[2026-05-16T10:47:20.821+0000] {processor.py:830} INFO - Processing file /home/airflow/.local/lib/python3.12/site-packages/airflow/example_dags/example_branch_python_dop_operator_3.py for tasks to queue
[2026-05-16T10:47:20.821+0000] {logging_mixin.py:188} INFO - [2026-05-16T10:47:20.821+0000] {dagbag.py:545} INFO - Filling up the DagBag from /home/airflow/.local/lib/python3.12/site-packages/airflow/example_dags/example_branch_python_dop_operator_3.py
[2026-05-16T10:47:20.825+0000] {processor.py:840} INFO - DAG(s) 'example_branch_dop_operator_v3' retrieved from /home/airflow/.local/lib/python3.12/site-packages/airflow/example_dags/example_branch_python_dop_operator_3.py
[2026-05-16T10:47:20.837+0000] {logging_mixin.py:188} INFO - [2026-05-16T10:47:20.837+0000] {dag.py:3089} INFO - Sync 1 DAGs
[2026-05-16T10:47:20.845+0000] {logging_mixin.py:188} INFO - [2026-05-16T10:47:20.845+0000] {dag.py:3947} INFO - Setting next_dagrun for example_branch_dop_operator_v3 to 2026-05-16 10:46:00+00:00, run_after=2026-05-16 10:47:00+00:00
[2026-05-16T10:47:20.851+0000] {processor.py:183} INFO - Processing /home/airflow/.local/lib/python3.12/site-packages/airflow/example_dags/example_branch_python_dop_operator_3.py took 0.036 seconds
[2026-05-16T10:47:51.162+0000] {processor.py:161} INFO - Started process (PID=3962) to work on /home/airflow/.local/lib/python3.12/site-packages/airflow/example_dags/example_branch_python_dop_operator_3.py
[2026-05-16T10:47:51.162+0000] {processor.py:830} INFO - Processing file /home/airflow/.local/lib/python3.12/site-packages/airflow/example_dags/example_branch_python_dop_operator_3.py for tasks to queue
[2026-05-16T10:47:51.163+0000] {logging_mixin.py:188} INFO - [2026-05-16T10:47:51.163+0000] {dagbag.py:545} INFO - Filling up the DagBag from /home/airflow/.local/lib/python3.12/site-packages/airflow/example_dags/example_branch_python_dop_operator_3.py
[2026-05-16T10:47:51.166+0000] {processor.py:840} INFO - DAG(s) 'example_branch_dop_operator_v3' retrieved from /home/airflow/.local/lib/python3.12/site-packages/airflow/example_dags/example_branch_python_dop_operator_3.py
[2026-05-16T10:47:51.173+0000] {logging_mixin.py:188} INFO - [2026-05-16T10:47:51.173+0000] {dag.py:3089} INFO - Sync 1 DAGs
[2026-05-16T10:47:51.181+0000] {logging_mixin.py:188} INFO - [2026-05-16T10:47:51.181+0000] {dag.py:3947} INFO - Setting next_dagrun for example_branch_dop_operator_v3 to 2026-05-16 10:46:00+00:00, run_after=2026-05-16 10:47:00+00:00
[2026-05-16T10:47:51.186+0000] {processor.py:183} INFO - Processing /home/airflow/.local/lib/python3.12/site-packages/airflow/example_dags/example_branch_python_dop_operator_3.py took 0.026 seconds
[2026-05-16T10:48:21.492+0000] {processor.py:161} INFO - Started process (PID=4021) to work on /home/airflow/.local/lib/python3.12/site-packages/airflow/example_dags/example_branch_python_dop_operator_3.py
[2026-05-16T10:48:21.494+0000] {processor.py:830} INFO - Processing file /home/airflow/.local/lib/python3.12/site-packages/airflow/example_dags/example_branch_python_dop_operator_3.py for tasks to queue
[2026-05-16T10:48:21.494+0000] {logging_mixin.py:188} INFO - [2026-05-16T10:48:21.494+0000] {dagbag.py:545} INFO - Filling up the DagBag from /home/airflow/.local/lib/python3.12/site-packages/airflow/example_dags/example_branch_python_dop_operator_3.py
[2026-05-16T10:48:21.497+0000] {processor.py:840} INFO - DAG(s) 'example_branch_dop_operator_v3' retrieved from /home/airflow/.local/lib/python3.12/site-packages/airflow/example_dags/example_branch_python_dop_operator_3.py
[2026-05-16T10:48:21.505+0000] {logging_mixin.py:188} INFO - [2026-05-16T10:48:21.505+0000] {dag.py:3089} INFO - Sync 1 DAGs
[2026-05-16T10:48:21.512+0000] {logging_mixin.py:188} INFO - [2026-05-16T10:48:21.512+0000] {dag.py:3947} INFO - Setting next_dagrun for example_branch_dop_operator_v3 to 2026-05-16 10:47:00+00:00, run_after=2026-05-16 10:48:00+00:00
[2026-05-16T10:48:21.518+0000] {processor.py:183} INFO - Processing /home/airflow/.local/lib/python3.12/site-packages/airflow/example_dags/example_branch_python_dop_operator_3.py took 0.028 seconds
[2026-05-16T10:48:51.851+0000] {processor.py:161} INFO - Started process (PID=4080) to work on /home/airflow/.local/lib/python3.12/site-packages/airflow/example_dags/example_branch_python_dop_operator_3.py
[2026-05-16T10:48:51.851+0000] {processor.py:830} INFO - Processing file /home/airflow/.local/lib/python3.12/site-packages/airflow/example_dags/example_branch_python_dop_operator_3.py for tasks to queue
[2026-05-16T10:48:51.851+0000] {logging_mixin.py:188} INFO - [2026-05-16T10:48:51.851+0000] {dagbag.py:545} INFO - Filling up the DagBag from /home/airflow/.local/lib/python3.12/site-packages/airflow/example_dags/example_branch_python_dop_operator_3.py
[2026-05-16T10:48:51.855+0000] {processor.py:840} INFO - DAG(s) 'example_branch_dop_operator_v3' retrieved from /home/airflow/.local/lib/python3.12/site-packages/airflow/example_dags/example_branch_python_dop_operator_3.py
[2026-05-16T10:48:51.866+0000] {logging_mixin.py:188} INFO - [2026-05-16T10:48:51.866+0000] {dag.py:3089} INFO - Sync 1 DAGs
[2026-05-16T10:48:51.878+0000] {logging_mixin.py:188} INFO - [2026-05-16T10:48:51.878+0000] {dag.py:3947} INFO - Setting next_dagrun for example_branch_dop_operator_v3 to 2026-05-16 10:47:00+00:00, run_after=2026-05-16 10:48:00+00:00
[2026-05-16T10:48:51.886+0000] {processor.py:183} INFO - Processing /home/airflow/.local/lib/python3.12/site-packages/airflow/example_dags/example_branch_python_dop_operator_3.py took 0.037 seconds
[2026-05-16T10:49:22.157+0000] {processor.py:161} INFO - Started process (PID=4139) to work on /home/airflow/.local/lib/python3.12/site-packages/airflow/example_dags/example_branch_python_dop_operator_3.py
[2026-05-16T10:49:22.158+0000] {processor.py:830} INFO - Processing file /home/airflow/.local/lib/python3.12/site-packages/airflow/example_dags/example_branch_python_dop_operator_3.py for tasks to queue
[2026-05-16T10:49:22.158+0000] {logging_mixin.py:188} INFO - [2026-05-16T10:49:22.158+0000] {dagbag.py:545} INFO - Filling up the DagBag from /home/airflow/.local/lib/python3.12/site-packages/airflow/example_dags/example_branch_python_dop_operator_3.py
[2026-05-16T10:49:22.161+0000] {processor.py:840} INFO - DAG(s) 'example_branch_dop_operator_v3' retrieved from /home/airflow/.local/lib/python3.12/site-packages/airflow/example_dags/example_branch_python_dop_operator_3.py
[2026-05-16T10:49:22.172+0000] {logging_mixin.py:188} INFO - [2026-05-16T10:49:22.172+0000] {dag.py:3089} INFO - Sync 1 DAGs
[2026-05-16T10:49:22.182+0000] {logging_mixin.py:188} INFO - [2026-05-16T10:49:22.182+0000] {dag.py:3947} INFO - Setting next_dagrun for example_branch_dop_operator_v3 to 2026-05-16 10:48:00+00:00, run_after=2026-05-16 10:49:00+00:00
[2026-05-16T10:49:22.188+0000] {processor.py:183} INFO - Processing /home/airflow/.local/lib/python3.12/site-packages/airflow/example_dags/example_branch_python_dop_operator_3.py took 0.034 seconds
[2026-05-16T10:49:52.678+0000] {processor.py:161} INFO - Started process (PID=4198) to work on /home/airflow/.local/lib/python3.12/site-packages/airflow/example_dags/example_branch_python_dop_operator_3.py
[2026-05-16T10:49:52.679+0000] {processor.py:830} INFO - Processing file /home/airflow/.local/lib/python3.12/site-packages/airflow/example_dags/example_branch_python_dop_operator_3.py for tasks to queue
[2026-05-16T10:49:52.679+0000] {logging_mixin.py:188} INFO - [2026-05-16T10:49:52.679+0000] {dagbag.py:545} INFO - Filling up the DagBag from /home/airflow/.local/lib/python3.12/site-packages/airflow/example_dags/example_branch_python_dop_operator_3.py
[2026-05-16T10:49:52.683+0000] {processor.py:840} INFO - DAG(s) 'example_branch_dop_operator_v3' retrieved from /home/airflow/.local/lib/python3.12/site-packages/airflow/example_dags/example_branch_python_dop_operator_3.py
[2026-05-16T10:49:52.694+0000] {logging_mixin.py:188} INFO - [2026-05-16T10:49:52.694+0000] {dag.py:3089} INFO - Sync 1 DAGs
[2026-05-16T10:49:52.702+0000] {logging_mixin.py:188} INFO - [2026-05-16T10:49:52.702+0000] {dag.py:3947} INFO - Setting next_dagrun for example_branch_dop_operator_v3 to 2026-05-16 10:48:00+00:00, run_after=2026-05-16 10:49:00+00:00
[2026-05-16T10:49:52.707+0000] {processor.py:183} INFO - Processing /home/airflow/.local/lib/python3.12/site-packages/airflow/example_dags/example_branch_python_dop_operator_3.py took 0.031 seconds
[2026-05-16T10:50:23.302+0000] {processor.py:161} INFO - Started process (PID=4257) to work on /home/airflow/.local/lib/python3.12/site-packages/airflow/example_dags/example_branch_python_dop_operator_3.py
[2026-05-16T10:50:23.302+0000] {processor.py:830} INFO - Processing file /home/airflow/.local/lib/python3.12/site-packages/airflow/example_dags/example_branch_python_dop_operator_3.py for tasks to queue
[2026-05-16T10:50:23.303+0000] {logging_mixin.py:188} INFO - [2026-05-16T10:50:23.303+0000] {dagbag.py:545} INFO - Filling up the DagBag from /home/airflow/.local/lib/python3.12/site-packages/airflow/example_dags/example_branch_python_dop_operator_3.py
[2026-05-16T10:50:23.316+0000] {processor.py:840} INFO - DAG(s) 'example_branch_dop_operator_v3' retrieved from /home/airflow/.local/lib/python3.12/site-packages/airflow/example_dags/example_branch_python_dop_operator_3.py
[2026-05-16T10:50:23.336+0000] {logging_mixin.py:188} INFO - [2026-05-16T10:50:23.336+0000] {dag.py:3089} INFO - Sync 1 DAGs
[2026-05-16T10:50:23.360+0000] {logging_mixin.py:188} INFO - [2026-05-16T10:50:23.360+0000] {dag.py:3947} INFO - Setting next_dagrun for example_branch_dop_operator_v3 to 2026-05-16 10:49:00+00:00, run_after=2026-05-16 10:50:00+00:00
[2026-05-16T10:50:23.376+0000] {processor.py:183} INFO - Processing /home/airflow/.local/lib/python3.12/site-packages/airflow/example_dags/example_branch_python_dop_operator_3.py took 0.078 seconds
[2026-05-16T10:50:53.867+0000] {processor.py:161} INFO - Started process (PID=4316) to work on /home/airflow/.local/lib/python3.12/site-packages/airflow/example_dags/example_branch_python_dop_operator_3.py
[2026-05-16T10:50:53.867+0000] {processor.py:830} INFO - Processing file /home/airflow/.local/lib/python3.12/site-packages/airflow/example_dags/example_branch_python_dop_operator_3.py for tasks to queue
[2026-05-16T10:50:53.867+0000] {logging_mixin.py:188} INFO - [2026-05-16T10:50:53.867+0000] {dagbag.py:545} INFO - Filling up the DagBag from /home/airflow/.local/lib/python3.12/site-packages/airflow/example_dags/example_branch_python_dop_operator_3.py
[2026-05-16T10:50:53.871+0000] {processor.py:840} INFO - DAG(s) 'example_branch_dop_operator_v3' retrieved from /home/airflow/.local/lib/python3.12/site-packages/airflow/example_dags/example_branch_python_dop_operator_3.py
[2026-05-16T10:50:53.878+0000] {logging_mixin.py:188} INFO - [2026-05-16T10:50:53.878+0000] {dag.py:3089} INFO - Sync 1 DAGs
[2026-05-16T10:50:53.886+0000] {logging_mixin.py:188} INFO - [2026-05-16T10:50:53.886+0000] {dag.py:3947} INFO - Setting next_dagrun for example_branch_dop_operator_v3 to 2026-05-16 10:49:00+00:00, run_after=2026-05-16 10:50:00+00:00
[2026-05-16T10:50:53.891+0000] {processor.py:183} INFO - Processing /home/airflow/.local/lib/python3.12/site-packages/airflow/example_dags/example_branch_python_dop_operator_3.py took 0.029 seconds
[2026-05-16T10:51:24.201+0000] {processor.py:161} INFO - Started process (PID=4375) to work on /home/airflow/.local/lib/python3.12/site-packages/airflow/example_dags/example_branch_python_dop_operator_3.py
[2026-05-16T10:51:24.201+0000] {processor.py:830} INFO - Processing file /home/airflow/.local/lib/python3.12/site-packages/airflow/example_dags/example_branch_python_dop_operator_3.py for tasks to queue
[2026-05-16T10:51:24.202+0000] {logging_mixin.py:188} INFO - [2026-05-16T10:51:24.201+0000] {dagbag.py:545} INFO - Filling up the DagBag from /home/airflow/.local/lib/python3.12/site-packages/airflow/example_dags/example_branch_python_dop_operator_3.py
[2026-05-16T10:51:24.205+0000] {processor.py:840} INFO - DAG(s) 'example_branch_dop_operator_v3' retrieved from /home/airflow/.local/lib/python3.12/site-packages/airflow/example_dags/example_branch_python_dop_operator_3.py
[2026-05-16T10:51:24.212+0000] {logging_mixin.py:188} INFO - [2026-05-16T10:51:24.212+0000] {dag.py:3089} INFO - Sync 1 DAGs
[2026-05-16T10:51:24.220+0000] {logging_mixin.py:188} INFO - [2026-05-16T10:51:24.219+0000] {dag.py:3947} INFO - Setting next_dagrun for example_branch_dop_operator_v3 to 2026-05-16 10:50:00+00:00, run_after=2026-05-16 10:51:00+00:00
[2026-05-16T10:51:24.225+0000] {processor.py:183} INFO - Processing /home/airflow/.local/lib/python3.12/site-packages/airflow/example_dags/example_branch_python_dop_operator_3.py took 0.026 seconds
[2026-05-16T10:51:54.518+0000] {processor.py:161} INFO - Started process (PID=4434) to work on /home/airflow/.local/lib/python3.12/site-packages/airflow/example_dags/example_branch_python_dop_operator_3.py
[2026-05-16T10:51:54.520+0000] {processor.py:830} INFO - Processing file /home/airflow/.local/lib/python3.12/site-packages/airflow/example_dags/example_branch_python_dop_operator_3.py for tasks to queue
[2026-05-16T10:51:54.520+0000] {logging_mixin.py:188} INFO - [2026-05-16T10:51:54.520+0000] {dagbag.py:545} INFO - Filling up the DagBag from /home/airflow/.local/lib/python3.12/site-packages/airflow/example_dags/example_branch_python_dop_operator_3.py
[2026-05-16T10:51:54.524+0000] {processor.py:840} INFO - DAG(s) 'example_branch_dop_operator_v3' retrieved from /home/airflow/.local/lib/python3.12/site-packages/airflow/example_dags/example_branch_python_dop_operator_3.py
[2026-05-16T10:51:54.532+0000] {logging_mixin.py:188} INFO - [2026-05-16T10:51:54.532+0000] {dag.py:3089} INFO - Sync 1 DAGs
[2026-05-16T10:51:54.541+0000] {logging_mixin.py:188} INFO - [2026-05-16T10:51:54.541+0000] {dag.py:3947} INFO - Setting next_dagrun for example_branch_dop_operator_v3 to 2026-05-16 10:50:00+00:00, run_after=2026-05-16 10:51:00+00:00
[2026-05-16T10:51:54.546+0000] {processor.py:183} INFO - Processing /home/airflow/.local/lib/python3.12/site-packages/airflow/example_dags/example_branch_python_dop_operator_3.py took 0.030 seconds
[2026-05-16T10:52:24.974+0000] {processor.py:161} INFO - Started process (PID=4493) to work on /home/airflow/.local/lib/python3.12/site-packages/airflow/example_dags/example_branch_python_dop_operator_3.py
[2026-05-16T10:52:24.975+0000] {processor.py:830} INFO - Processing file /home/airflow/.local/lib/python3.12/site-packages/airflow/example_dags/example_branch_python_dop_operator_3.py for tasks to queue
[2026-05-16T10:52:24.975+0000] {logging_mixin.py:188} INFO - [2026-05-16T10:52:24.975+0000] {dagbag.py:545} INFO - Filling up the DagBag from /home/airflow/.local/lib/python3.12/site-packages/airflow/example_dags/example_branch_python_dop_operator_3.py
[2026-05-16T10:52:24.978+0000] {processor.py:840} INFO - DAG(s) 'example_branch_dop_operator_v3' retrieved from /home/airflow/.local/lib/python3.12/site-packages/airflow/example_dags/example_branch_python_dop_operator_3.py
[2026-05-16T10:52:24.986+0000] {logging_mixin.py:188} INFO - [2026-05-16T10:52:24.986+0000] {dag.py:3089} INFO - Sync 1 DAGs
[2026-05-16T10:52:24.994+0000] {logging_mixin.py:188} INFO - [2026-05-16T10:52:24.994+0000] {dag.py:3947} INFO - Setting next_dagrun for example_branch_dop_operator_v3 to 2026-05-16 10:51:00+00:00, run_after=2026-05-16 10:52:00+00:00
[2026-05-16T10:52:24.999+0000] {processor.py:183} INFO - Processing /home/airflow/.local/lib/python3.12/site-packages/airflow/example_dags/example_branch_python_dop_operator_3.py took 0.027 seconds
[2026-05-16T10:52:55.389+0000] {processor.py:161} INFO - Started process (PID=4552) to work on /home/airflow/.local/lib/python3.12/site-packages/airflow/example_dags/example_branch_python_dop_operator_3.py
[2026-05-16T10:52:55.389+0000] {processor.py:830} INFO - Processing file /home/airflow/.local/lib/python3.12/site-packages/airflow/example_dags/example_branch_python_dop_operator_3.py for tasks to queue
[2026-05-16T10:52:55.390+0000] {logging_mixin.py:188} INFO - [2026-05-16T10:52:55.390+0000] {dagbag.py:545} INFO - Filling up the DagBag from /home/airflow/.local/lib/python3.12/site-packages/airflow/example_dags/example_branch_python_dop_operator_3.py
[2026-05-16T10:52:55.393+0000] {processor.py:840} INFO - DAG(s) 'example_branch_dop_operator_v3' retrieved from /home/airflow/.local/lib/python3.12/site-packages/airflow/example_dags/example_branch_python_dop_operator_3.py
[2026-05-16T10:52:55.400+0000] {logging_mixin.py:188} INFO - [2026-05-16T10:52:55.400+0000] {dag.py:3089} INFO - Sync 1 DAGs
[2026-05-16T10:52:55.408+0000] {logging_mixin.py:188} INFO - [2026-05-16T10:52:55.408+0000] {dag.py:3947} INFO - Setting next_dagrun for example_branch_dop_operator_v3 to 2026-05-16 10:51:00+00:00, run_after=2026-05-16 10:52:00+00:00
[2026-05-16T10:52:55.414+0000] {processor.py:183} INFO - Processing /home/airflow/.local/lib/python3.12/site-packages/airflow/example_dags/example_branch_python_dop_operator_3.py took 0.027 seconds
[2026-05-16T10:53:25.833+0000] {processor.py:161} INFO - Started process (PID=4610) to work on /home/airflow/.local/lib/python3.12/site-packages/airflow/example_dags/example_branch_python_dop_operator_3.py
[2026-05-16T10:53:25.834+0000] {processor.py:830} INFO - Processing file /home/airflow/.local/lib/python3.12/site-packages/airflow/example_dags/example_branch_python_dop_operator_3.py for tasks to queue
[2026-05-16T10:53:25.834+0000] {logging_mixin.py:188} INFO - [2026-05-16T10:53:25.834+0000] {dagbag.py:545} INFO - Filling up the DagBag from /home/airflow/.local/lib/python3.12/site-packages/airflow/example_dags/example_branch_python_dop_operator_3.py
[2026-05-16T10:53:25.838+0000] {processor.py:840} INFO - DAG(s) 'example_branch_dop_operator_v3' retrieved from /home/airflow/.local/lib/python3.12/site-packages/airflow/example_dags/example_branch_python_dop_operator_3.py
[2026-05-16T10:53:25.849+0000] {logging_mixin.py:188} INFO - [2026-05-16T10:53:25.849+0000] {dag.py:3089} INFO - Sync 1 DAGs
[2026-05-16T10:53:25.857+0000] {logging_mixin.py:188} INFO - [2026-05-16T10:53:25.857+0000] {dag.py:3947} INFO - Setting next_dagrun for example_branch_dop_operator_v3 to 2026-05-16 10:52:00+00:00, run_after=2026-05-16 10:53:00+00:00
[2026-05-16T10:53:25.863+0000] {processor.py:183} INFO - Processing /home/airflow/.local/lib/python3.12/site-packages/airflow/example_dags/example_branch_python_dop_operator_3.py took 0.032 seconds
[2026-05-16T10:53:56.214+0000] {processor.py:161} INFO - Started process (PID=4669) to work on /home/airflow/.local/lib/python3.12/site-packages/airflow/example_dags/example_branch_python_dop_operator_3.py
[2026-05-16T10:53:56.215+0000] {processor.py:830} INFO - Processing file /home/airflow/.local/lib/python3.12/site-packages/airflow/example_dags/example_branch_python_dop_operator_3.py for tasks to queue
[2026-05-16T10:53:56.215+0000] {logging_mixin.py:188} INFO - [2026-05-16T10:53:56.215+0000] {dagbag.py:545} INFO - Filling up the DagBag from /home/airflow/.local/lib/python3.12/site-packages/airflow/example_dags/example_branch_python_dop_operator_3.py
[2026-05-16T10:53:56.219+0000] {processor.py:840} INFO - DAG(s) 'example_branch_dop_operator_v3' retrieved from /home/airflow/.local/lib/python3.12/site-packages/airflow/example_dags/example_branch_python_dop_operator_3.py
[2026-05-16T10:53:56.228+0000] {logging_mixin.py:188} INFO - [2026-05-16T10:53:56.228+0000] {dag.py:3089} INFO - Sync 1 DAGs
[2026-05-16T10:53:56.235+0000] {logging_mixin.py:188} INFO - [2026-05-16T10:53:56.235+0000] {dag.py:3947} INFO - Setting next_dagrun for example_branch_dop_operator_v3 to 2026-05-16 10:52:00+00:00, run_after=2026-05-16 10:53:00+00:00
[2026-05-16T10:53:56.241+0000] {processor.py:183} INFO - Processing /home/airflow/.local/lib/python3.12/site-packages/airflow/example_dags/example_branch_python_dop_operator_3.py took 0.029 seconds
[2026-05-16T10:54:26.577+0000] {processor.py:161} INFO - Started process (PID=4727) to work on /home/airflow/.local/lib/python3.12/site-packages/airflow/example_dags/example_branch_python_dop_operator_3.py
[2026-05-16T10:54:26.578+0000] {processor.py:830} INFO - Processing file /home/airflow/.local/lib/python3.12/site-packages/airflow/example_dags/example_branch_python_dop_operator_3.py for tasks to queue
[2026-05-16T10:54:26.578+0000] {logging_mixin.py:188} INFO - [2026-05-16T10:54:26.578+0000] {dagbag.py:545} INFO - Filling up the DagBag from /home/airflow/.local/lib/python3.12/site-packages/airflow/example_dags/example_branch_python_dop_operator_3.py
[2026-05-16T10:54:26.581+0000] {processor.py:840} INFO - DAG(s) 'example_branch_dop_operator_v3' retrieved from /home/airflow/.local/lib/python3.12/site-packages/airflow/example_dags/example_branch_python_dop_operator_3.py
[2026-05-16T10:54:26.589+0000] {logging_mixin.py:188} INFO - [2026-05-16T10:54:26.589+0000] {dag.py:3089} INFO - Sync 1 DAGs
[2026-05-16T10:54:26.597+0000] {logging_mixin.py:188} INFO - [2026-05-16T10:54:26.597+0000] {dag.py:3947} INFO - Setting next_dagrun for example_branch_dop_operator_v3 to 2026-05-16 10:53:00+00:00, run_after=2026-05-16 10:54:00+00:00
[2026-05-16T10:54:26.603+0000] {processor.py:183} INFO - Processing /home/airflow/.local/lib/python3.12/site-packages/airflow/example_dags/example_branch_python_dop_operator_3.py took 0.027 seconds
[2026-05-16T10:54:56.959+0000] {processor.py:161} INFO - Started process (PID=4787) to work on /home/airflow/.local/lib/python3.12/site-packages/airflow/example_dags/example_branch_python_dop_operator_3.py
[2026-05-16T10:54:56.959+0000] {processor.py:830} INFO - Processing file /home/airflow/.local/lib/python3.12/site-packages/airflow/example_dags/example_branch_python_dop_operator_3.py for tasks to queue
[2026-05-16T10:54:56.959+0000] {logging_mixin.py:188} INFO - [2026-05-16T10:54:56.959+0000] {dagbag.py:545} INFO - Filling up the DagBag from /home/airflow/.local/lib/python3.12/site-packages/airflow/example_dags/example_branch_python_dop_operator_3.py
[2026-05-16T10:54:56.964+0000] {processor.py:840} INFO - DAG(s) 'example_branch_dop_operator_v3' retrieved from /home/airflow/.local/lib/python3.12/site-packages/airflow/example_dags/example_branch_python_dop_operator_3.py
[2026-05-16T10:54:56.976+0000] {logging_mixin.py:188} INFO - [2026-05-16T10:54:56.976+0000] {dag.py:3089} INFO - Sync 1 DAGs
[2026-05-16T10:54:56.984+0000] {logging_mixin.py:188} INFO - [2026-05-16T10:54:56.984+0000] {dag.py:3947} INFO - Setting next_dagrun for example_branch_dop_operator_v3 to 2026-05-16 10:53:00+00:00, run_after=2026-05-16 10:54:00+00:00
[2026-05-16T10:54:56.988+0000] {processor.py:183} INFO - Processing /home/airflow/.local/lib/python3.12/site-packages/airflow/example_dags/example_branch_python_dop_operator_3.py took 0.032 seconds
[2026-05-16T10:55:27.262+0000] {processor.py:161} INFO - Started process (PID=4846) to work on /home/airflow/.local/lib/python3.12/site-packages/airflow/example_dags/example_branch_python_dop_operator_3.py
[2026-05-16T10:55:27.262+0000] {processor.py:830} INFO - Processing file /home/airflow/.local/lib/python3.12/site-packages/airflow/example_dags/example_branch_python_dop_operator_3.py for tasks to queue
[2026-05-16T10:55:27.262+0000] {logging_mixin.py:188} INFO - [2026-05-16T10:55:27.262+0000] {dagbag.py:545} INFO - Filling up the DagBag from /home/airflow/.local/lib/python3.12/site-packages/airflow/example_dags/example_branch_python_dop_operator_3.py
[2026-05-16T10:55:27.265+0000] {processor.py:840} INFO - DAG(s) 'example_branch_dop_operator_v3' retrieved from /home/airflow/.local/lib/python3.12/site-packages/airflow/example_dags/example_branch_python_dop_operator_3.py
[2026-05-16T10:55:27.273+0000] {logging_mixin.py:188} INFO - [2026-05-16T10:55:27.273+0000] {dag.py:3089} INFO - Sync 1 DAGs
[2026-05-16T10:55:27.280+0000] {logging_mixin.py:188} INFO - [2026-05-16T10:55:27.280+0000] {dag.py:3947} INFO - Setting next_dagrun for example_branch_dop_operator_v3 to 2026-05-16 10:54:00+00:00, run_after=2026-05-16 10:55:00+00:00
[2026-05-16T10:55:27.285+0000] {processor.py:183} INFO - Processing /home/airflow/.local/lib/python3.12/site-packages/airflow/example_dags/example_branch_python_dop_operator_3.py took 0.026 seconds
[2026-05-16T10:55:57.671+0000] {processor.py:161} INFO - Started process (PID=4906) to work on /home/airflow/.local/lib/python3.12/site-packages/airflow/example_dags/example_branch_python_dop_operator_3.py
[2026-05-16T10:55:57.671+0000] {processor.py:830} INFO - Processing file /home/airflow/.local/lib/python3.12/site-packages/airflow/example_dags/example_branch_python_dop_operator_3.py for tasks to queue
[2026-05-16T10:55:57.672+0000] {logging_mixin.py:188} INFO - [2026-05-16T10:55:57.671+0000] {dagbag.py:545} INFO - Filling up the DagBag from /home/airflow/.local/lib/python3.12/site-packages/airflow/example_dags/example_branch_python_dop_operator_3.py
[2026-05-16T10:55:57.675+0000] {processor.py:840} INFO - DAG(s) 'example_branch_dop_operator_v3' retrieved from /home/airflow/.local/lib/python3.12/site-packages/airflow/example_dags/example_branch_python_dop_operator_3.py
[2026-05-16T10:55:57.682+0000] {logging_mixin.py:188} INFO - [2026-05-16T10:55:57.682+0000] {dag.py:3089} INFO - Sync 1 DAGs
[2026-05-16T10:55:57.690+0000] {logging_mixin.py:188} INFO - [2026-05-16T10:55:57.690+0000] {dag.py:3947} INFO - Setting next_dagrun for example_branch_dop_operator_v3 to 2026-05-16 10:54:00+00:00, run_after=2026-05-16 10:55:00+00:00
[2026-05-16T10:55:57.694+0000] {processor.py:183} INFO - Processing /home/airflow/.local/lib/python3.12/site-packages/airflow/example_dags/example_branch_python_dop_operator_3.py took 0.026 seconds
[2026-05-16T10:56:28.063+0000] {processor.py:161} INFO - Started process (PID=4965) to work on /home/airflow/.local/lib/python3.12/site-packages/airflow/example_dags/example_branch_python_dop_operator_3.py
[2026-05-16T10:56:28.063+0000] {processor.py:830} INFO - Processing file /home/airflow/.local/lib/python3.12/site-packages/airflow/example_dags/example_branch_python_dop_operator_3.py for tasks to queue
[2026-05-16T10:56:28.063+0000] {logging_mixin.py:188} INFO - [2026-05-16T10:56:28.063+0000] {dagbag.py:545} INFO - Filling up the DagBag from /home/airflow/.local/lib/python3.12/site-packages/airflow/example_dags/example_branch_python_dop_operator_3.py
[2026-05-16T10:56:28.067+0000] {processor.py:840} INFO - DAG(s) 'example_branch_dop_operator_v3' retrieved from /home/airflow/.local/lib/python3.12/site-packages/airflow/example_dags/example_branch_python_dop_operator_3.py
[2026-05-16T10:56:28.076+0000] {logging_mixin.py:188} INFO - [2026-05-16T10:56:28.076+0000] {dag.py:3089} INFO - Sync 1 DAGs
[2026-05-16T10:56:28.085+0000] {logging_mixin.py:188} INFO - [2026-05-16T10:56:28.085+0000] {dag.py:3947} INFO - Setting next_dagrun for example_branch_dop_operator_v3 to 2026-05-16 10:55:00+00:00, run_after=2026-05-16 10:56:00+00:00
[2026-05-16T10:56:28.092+0000] {processor.py:183} INFO - Processing /home/airflow/.local/lib/python3.12/site-packages/airflow/example_dags/example_branch_python_dop_operator_3.py took 0.031 seconds
[2026-05-16T10:56:58.509+0000] {processor.py:161} INFO - Started process (PID=5024) to work on /home/airflow/.local/lib/python3.12/site-packages/airflow/example_dags/example_branch_python_dop_operator_3.py
[2026-05-16T10:56:58.510+0000] {processor.py:830} INFO - Processing file /home/airflow/.local/lib/python3.12/site-packages/airflow/example_dags/example_branch_python_dop_operator_3.py for tasks to queue
[2026-05-16T10:56:58.510+0000] {logging_mixin.py:188} INFO - [2026-05-16T10:56:58.510+0000] {dagbag.py:545} INFO - Filling up the DagBag from /home/airflow/.local/lib/python3.12/site-packages/airflow/example_dags/example_branch_python_dop_operator_3.py
[2026-05-16T10:56:58.513+0000] {processor.py:840} INFO - DAG(s) 'example_branch_dop_operator_v3' retrieved from /home/airflow/.local/lib/python3.12/site-packages/airflow/example_dags/example_branch_python_dop_operator_3.py
[2026-05-16T10:56:58.519+0000] {logging_mixin.py:188} INFO - [2026-05-16T10:56:58.519+0000] {dag.py:3089} INFO - Sync 1 DAGs
[2026-05-16T10:56:58.526+0000] {logging_mixin.py:188} INFO - [2026-05-16T10:56:58.526+0000] {dag.py:3947} INFO - Setting next_dagrun for example_branch_dop_operator_v3 to 2026-05-16 10:55:00+00:00, run_after=2026-05-16 10:56:00+00:00
[2026-05-16T10:56:58.530+0000] {processor.py:183} INFO - Processing /home/airflow/.local/lib/python3.12/site-packages/airflow/example_dags/example_branch_python_dop_operator_3.py took 0.023 seconds
[2026-05-16T10:57:28.806+0000] {processor.py:161} INFO - Started process (PID=5083) to work on /home/airflow/.local/lib/python3.12/site-packages/airflow/example_dags/example_branch_python_dop_operator_3.py
[2026-05-16T10:57:28.806+0000] {processor.py:830} INFO - Processing file /home/airflow/.local/lib/python3.12/site-packages/airflow/example_dags/example_branch_python_dop_operator_3.py for tasks to queue
[2026-05-16T10:57:28.806+0000] {logging_mixin.py:188} INFO - [2026-05-16T10:57:28.806+0000] {dagbag.py:545} INFO - Filling up the DagBag from /home/airflow/.local/lib/python3.12/site-packages/airflow/example_dags/example_branch_python_dop_operator_3.py
[2026-05-16T10:57:28.809+0000] {processor.py:840} INFO - DAG(s) 'example_branch_dop_operator_v3' retrieved from /home/airflow/.local/lib/python3.12/site-packages/airflow/example_dags/example_branch_python_dop_operator_3.py
[2026-05-16T10:57:28.816+0000] {logging_mixin.py:188} INFO - [2026-05-16T10:57:28.816+0000] {dag.py:3089} INFO - Sync 1 DAGs
[2026-05-16T10:57:28.824+0000] {logging_mixin.py:188} INFO - [2026-05-16T10:57:28.824+0000] {dag.py:3947} INFO - Setting next_dagrun for example_branch_dop_operator_v3 to 2026-05-16 10:56:00+00:00, run_after=2026-05-16 10:57:00+00:00
[2026-05-16T10:57:28.829+0000] {processor.py:183} INFO - Processing /home/airflow/.local/lib/python3.12/site-packages/airflow/example_dags/example_branch_python_dop_operator_3.py took 0.025 seconds
[2026-05-16T10:57:59.147+0000] {processor.py:161} INFO - Started process (PID=5142) to work on /home/airflow/.local/lib/python3.12/site-packages/airflow/example_dags/example_branch_python_dop_operator_3.py
[2026-05-16T10:57:59.148+0000] {processor.py:830} INFO - Processing file /home/airflow/.local/lib/python3.12/site-packages/airflow/example_dags/example_branch_python_dop_operator_3.py for tasks to queue
[2026-05-16T10:57:59.149+0000] {logging_mixin.py:188} INFO - [2026-05-16T10:57:59.149+0000] {dagbag.py:545} INFO - Filling up the DagBag from /home/airflow/.local/lib/python3.12/site-packages/airflow/example_dags/example_branch_python_dop_operator_3.py
[2026-05-16T10:57:59.152+0000] {processor.py:840} INFO - DAG(s) 'example_branch_dop_operator_v3' retrieved from /home/airflow/.local/lib/python3.12/site-packages/airflow/example_dags/example_branch_python_dop_operator_3.py
[2026-05-16T10:57:59.159+0000] {logging_mixin.py:188} INFO - [2026-05-16T10:57:59.159+0000] {dag.py:3089} INFO - Sync 1 DAGs
[2026-05-16T10:57:59.166+0000] {logging_mixin.py:188} INFO - [2026-05-16T10:57:59.166+0000] {dag.py:3947} INFO - Setting next_dagrun for example_branch_dop_operator_v3 to 2026-05-16 10:56:00+00:00, run_after=2026-05-16 10:57:00+00:00
[2026-05-16T10:57:59.171+0000] {processor.py:183} INFO - Processing /home/airflow/.local/lib/python3.12/site-packages/airflow/example_dags/example_branch_python_dop_operator_3.py took 0.026 seconds
[2026-05-16T10:58:29.432+0000] {processor.py:161} INFO - Started process (PID=5201) to work on /home/airflow/.local/lib/python3.12/site-packages/airflow/example_dags/example_branch_python_dop_operator_3.py
[2026-05-16T10:58:29.432+0000] {processor.py:830} INFO - Processing file /home/airflow/.local/lib/python3.12/site-packages/airflow/example_dags/example_branch_python_dop_operator_3.py for tasks to queue
[2026-05-16T10:58:29.433+0000] {logging_mixin.py:188} INFO - [2026-05-16T10:58:29.433+0000] {dagbag.py:545} INFO - Filling up the DagBag from /home/airflow/.local/lib/python3.12/site-packages/airflow/example_dags/example_branch_python_dop_operator_3.py
[2026-05-16T10:58:29.436+0000] {processor.py:840} INFO - DAG(s) 'example_branch_dop_operator_v3' retrieved from /home/airflow/.local/lib/python3.12/site-packages/airflow/example_dags/example_branch_python_dop_operator_3.py
[2026-05-16T10:58:29.443+0000] {logging_mixin.py:188} INFO - [2026-05-16T10:58:29.443+0000] {dag.py:3089} INFO - Sync 1 DAGs
[2026-05-16T10:58:29.451+0000] {logging_mixin.py:188} INFO - [2026-05-16T10:58:29.451+0000] {dag.py:3947} INFO - Setting next_dagrun for example_branch_dop_operator_v3 to 2026-05-16 10:57:00+00:00, run_after=2026-05-16 10:58:00+00:00
[2026-05-16T10:58:29.456+0000] {processor.py:183} INFO - Processing /home/airflow/.local/lib/python3.12/site-packages/airflow/example_dags/example_branch_python_dop_operator_3.py took 0.027 seconds
[2026-05-16T10:58:59.892+0000] {processor.py:161} INFO - Started process (PID=5260) to work on /home/airflow/.local/lib/python3.12/site-packages/airflow/example_dags/example_branch_python_dop_operator_3.py
[2026-05-16T10:58:59.892+0000] {processor.py:830} INFO - Processing file /home/airflow/.local/lib/python3.12/site-packages/airflow/example_dags/example_branch_python_dop_operator_3.py for tasks to queue
[2026-05-16T10:58:59.893+0000] {logging_mixin.py:188} INFO - [2026-05-16T10:58:59.893+0000] {dagbag.py:545} INFO - Filling up the DagBag from /home/airflow/.local/lib/python3.12/site-packages/airflow/example_dags/example_branch_python_dop_operator_3.py
[2026-05-16T10:58:59.897+0000] {processor.py:840} INFO - DAG(s) 'example_branch_dop_operator_v3' retrieved from /home/airflow/.local/lib/python3.12/site-packages/airflow/example_dags/example_branch_python_dop_operator_3.py
[2026-05-16T10:58:59.911+0000] {logging_mixin.py:188} INFO - [2026-05-16T10:58:59.910+0000] {dag.py:3089} INFO - Sync 1 DAGs
[2026-05-16T10:58:59.927+0000] {logging_mixin.py:188} INFO - [2026-05-16T10:58:59.927+0000] {dag.py:3947} INFO - Setting next_dagrun for example_branch_dop_operator_v3 to 2026-05-16 10:57:00+00:00, run_after=2026-05-16 10:58:00+00:00
[2026-05-16T10:58:59.934+0000] {processor.py:183} INFO - Processing /home/airflow/.local/lib/python3.12/site-packages/airflow/example_dags/example_branch_python_dop_operator_3.py took 0.045 seconds
[2026-05-16T10:59:30.361+0000] {processor.py:161} INFO - Started process (PID=5319) to work on /home/airflow/.local/lib/python3.12/site-packages/airflow/example_dags/example_branch_python_dop_operator_3.py
[2026-05-16T10:59:30.361+0000] {processor.py:830} INFO - Processing file /home/airflow/.local/lib/python3.12/site-packages/airflow/example_dags/example_branch_python_dop_operator_3.py for tasks to queue
[2026-05-16T10:59:30.362+0000] {logging_mixin.py:188} INFO - [2026-05-16T10:59:30.361+0000] {dagbag.py:545} INFO - Filling up the DagBag from /home/airflow/.local/lib/python3.12/site-packages/airflow/example_dags/example_branch_python_dop_operator_3.py
[2026-05-16T10:59:30.364+0000] {processor.py:840} INFO - DAG(s) 'example_branch_dop_operator_v3' retrieved from /home/airflow/.local/lib/python3.12/site-packages/airflow/example_dags/example_branch_python_dop_operator_3.py
[2026-05-16T10:59:30.373+0000] {logging_mixin.py:188} INFO - [2026-05-16T10:59:30.373+0000] {dag.py:3089} INFO - Sync 1 DAGs
[2026-05-16T10:59:30.383+0000] {logging_mixin.py:188} INFO - [2026-05-16T10:59:30.383+0000] {dag.py:3947} INFO - Setting next_dagrun for example_branch_dop_operator_v3 to 2026-05-16 10:58:00+00:00, run_after=2026-05-16 10:59:00+00:00
[2026-05-16T10:59:30.393+0000] {processor.py:183} INFO - Processing /home/airflow/.local/lib/python3.12/site-packages/airflow/example_dags/example_branch_python_dop_operator_3.py took 0.034 seconds
[2026-05-16T11:00:00.611+0000] {processor.py:161} INFO - Started process (PID=5378) to work on /home/airflow/.local/lib/python3.12/site-packages/airflow/example_dags/example_branch_python_dop_operator_3.py
[2026-05-16T11:00:00.612+0000] {processor.py:830} INFO - Processing file /home/airflow/.local/lib/python3.12/site-packages/airflow/example_dags/example_branch_python_dop_operator_3.py for tasks to queue
[2026-05-16T11:00:00.612+0000] {logging_mixin.py:188} INFO - [2026-05-16T11:00:00.612+0000] {dagbag.py:545} INFO - Filling up the DagBag from /home/airflow/.local/lib/python3.12/site-packages/airflow/example_dags/example_branch_python_dop_operator_3.py
[2026-05-16T11:00:00.616+0000] {processor.py:840} INFO - DAG(s) 'example_branch_dop_operator_v3' retrieved from /home/airflow/.local/lib/python3.12/site-packages/airflow/example_dags/example_branch_python_dop_operator_3.py
[2026-05-16T11:00:00.625+0000] {logging_mixin.py:188} INFO - [2026-05-16T11:00:00.625+0000] {dag.py:3089} INFO - Sync 1 DAGs
[2026-05-16T11:00:00.634+0000] {logging_mixin.py:188} INFO - [2026-05-16T11:00:00.634+0000] {dag.py:3947} INFO - Setting next_dagrun for example_branch_dop_operator_v3 to 2026-05-16 10:59:00+00:00, run_after=2026-05-16 11:00:00+00:00
[2026-05-16T11:00:00.640+0000] {processor.py:183} INFO - Processing /home/airflow/.local/lib/python3.12/site-packages/airflow/example_dags/example_branch_python_dop_operator_3.py took 0.031 seconds
[2026-05-16T11:00:30.909+0000] {processor.py:161} INFO - Started process (PID=5437) to work on /home/airflow/.local/lib/python3.12/site-packages/airflow/example_dags/example_branch_python_dop_operator_3.py
[2026-05-16T11:00:30.909+0000] {processor.py:830} INFO - Processing file /home/airflow/.local/lib/python3.12/site-packages/airflow/example_dags/example_branch_python_dop_operator_3.py for tasks to queue
[2026-05-16T11:00:30.910+0000] {logging_mixin.py:188} INFO - [2026-05-16T11:00:30.909+0000] {dagbag.py:545} INFO - Filling up the DagBag from /home/airflow/.local/lib/python3.12/site-packages/airflow/example_dags/example_branch_python_dop_operator_3.py
[2026-05-16T11:00:30.913+0000] {processor.py:840} INFO - DAG(s) 'example_branch_dop_operator_v3' retrieved from /home/airflow/.local/lib/python3.12/site-packages/airflow/example_dags/example_branch_python_dop_operator_3.py
[2026-05-16T11:00:30.918+0000] {logging_mixin.py:188} INFO - [2026-05-16T11:00:30.918+0000] {dag.py:3089} INFO - Sync 1 DAGs
[2026-05-16T11:00:30.927+0000] {logging_mixin.py:188} INFO - [2026-05-16T11:00:30.927+0000] {dag.py:3947} INFO - Setting next_dagrun for example_branch_dop_operator_v3 to 2026-05-16 10:59:00+00:00, run_after=2026-05-16 11:00:00+00:00
[2026-05-16T11:00:30.931+0000] {processor.py:183} INFO - Processing /home/airflow/.local/lib/python3.12/site-packages/airflow/example_dags/example_branch_python_dop_operator_3.py took 0.024 seconds
[2026-05-16T11:01:01.587+0000] {processor.py:161} INFO - Started process (PID=5496) to work on /home/airflow/.local/lib/python3.12/site-packages/airflow/example_dags/example_branch_python_dop_operator_3.py
[2026-05-16T11:01:01.587+0000] {processor.py:830} INFO - Processing file /home/airflow/.local/lib/python3.12/site-packages/airflow/example_dags/example_branch_python_dop_operator_3.py for tasks to queue
[2026-05-16T11:01:01.588+0000] {logging_mixin.py:188} INFO - [2026-05-16T11:01:01.587+0000] {dagbag.py:545} INFO - Filling up the DagBag from /home/airflow/.local/lib/python3.12/site-packages/airflow/example_dags/example_branch_python_dop_operator_3.py
[2026-05-16T11:01:01.591+0000] {processor.py:840} INFO - DAG(s) 'example_branch_dop_operator_v3' retrieved from /home/airflow/.local/lib/python3.12/site-packages/airflow/example_dags/example_branch_python_dop_operator_3.py
[2026-05-16T11:01:01.629+0000] {logging_mixin.py:188} INFO - [2026-05-16T11:01:01.629+0000] {dag.py:3089} INFO - Sync 1 DAGs
[2026-05-16T11:01:01.637+0000] {logging_mixin.py:188} INFO - [2026-05-16T11:01:01.637+0000] {dag.py:3947} INFO - Setting next_dagrun for example_branch_dop_operator_v3 to 2026-05-16 11:00:00+00:00, run_after=2026-05-16 11:01:00+00:00
[2026-05-16T11:01:01.642+0000] {processor.py:183} INFO - Processing /home/airflow/.local/lib/python3.12/site-packages/airflow/example_dags/example_branch_python_dop_operator_3.py took 0.058 seconds
[2026-05-16T11:01:32.354+0000] {processor.py:161} INFO - Started process (PID=5555) to work on /home/airflow/.local/lib/python3.12/site-packages/airflow/example_dags/example_branch_python_dop_operator_3.py
[2026-05-16T11:01:32.355+0000] {processor.py:830} INFO - Processing file /home/airflow/.local/lib/python3.12/site-packages/airflow/example_dags/example_branch_python_dop_operator_3.py for tasks to queue
[2026-05-16T11:01:32.355+0000] {logging_mixin.py:188} INFO - [2026-05-16T11:01:32.355+0000] {dagbag.py:545} INFO - Filling up the DagBag from /home/airflow/.local/lib/python3.12/site-packages/airflow/example_dags/example_branch_python_dop_operator_3.py
[2026-05-16T11:01:32.358+0000] {processor.py:840} INFO - DAG(s) 'example_branch_dop_operator_v3' retrieved from /home/airflow/.local/lib/python3.12/site-packages/airflow/example_dags/example_branch_python_dop_operator_3.py
[2026-05-16T11:01:32.368+0000] {logging_mixin.py:188} INFO - [2026-05-16T11:01:32.368+0000] {dag.py:3089} INFO - Sync 1 DAGs
[2026-05-16T11:01:32.377+0000] {logging_mixin.py:188} INFO - [2026-05-16T11:01:32.377+0000] {dag.py:3947} INFO - Setting next_dagrun for example_branch_dop_operator_v3 to 2026-05-16 11:00:00+00:00, run_after=2026-05-16 11:01:00+00:00
[2026-05-16T11:01:32.386+0000] {processor.py:183} INFO - Processing /home/airflow/.local/lib/python3.12/site-packages/airflow/example_dags/example_branch_python_dop_operator_3.py took 0.034 seconds
[2026-05-16T11:02:02.791+0000] {processor.py:161} INFO - Started process (PID=5614) to work on /home/airflow/.local/lib/python3.12/site-packages/airflow/example_dags/example_branch_python_dop_operator_3.py
[2026-05-16T11:02:02.792+0000] {processor.py:830} INFO - Processing file /home/airflow/.local/lib/python3.12/site-packages/airflow/example_dags/example_branch_python_dop_operator_3.py for tasks to queue
[2026-05-16T11:02:02.792+0000] {logging_mixin.py:188} INFO - [2026-05-16T11:02:02.792+0000] {dagbag.py:545} INFO - Filling up the DagBag from /home/airflow/.local/lib/python3.12/site-packages/airflow/example_dags/example_branch_python_dop_operator_3.py
[2026-05-16T11:02:02.795+0000] {processor.py:840} INFO - DAG(s) 'example_branch_dop_operator_v3' retrieved from /home/airflow/.local/lib/python3.12/site-packages/airflow/example_dags/example_branch_python_dop_operator_3.py
[2026-05-16T11:02:02.802+0000] {logging_mixin.py:188} INFO - [2026-05-16T11:02:02.802+0000] {dag.py:3089} INFO - Sync 1 DAGs
[2026-05-16T11:02:02.809+0000] {logging_mixin.py:188} INFO - [2026-05-16T11:02:02.809+0000] {dag.py:3947} INFO - Setting next_dagrun for example_branch_dop_operator_v3 to 2026-05-16 11:01:00+00:00, run_after=2026-05-16 11:02:00+00:00
[2026-05-16T11:02:02.814+0000] {processor.py:183} INFO - Processing /home/airflow/.local/lib/python3.12/site-packages/airflow/example_dags/example_branch_python_dop_operator_3.py took 0.025 seconds
[2026-05-16T11:02:33.287+0000] {processor.py:161} INFO - Started process (PID=5674) to work on /home/airflow/.local/lib/python3.12/site-packages/airflow/example_dags/example_branch_python_dop_operator_3.py
[2026-05-16T11:02:33.287+0000] {processor.py:830} INFO - Processing file /home/airflow/.local/lib/python3.12/site-packages/airflow/example_dags/example_branch_python_dop_operator_3.py for tasks to queue
[2026-05-16T11:02:33.288+0000] {logging_mixin.py:188} INFO - [2026-05-16T11:02:33.288+0000] {dagbag.py:545} INFO - Filling up the DagBag from /home/airflow/.local/lib/python3.12/site-packages/airflow/example_dags/example_branch_python_dop_operator_3.py
[2026-05-16T11:02:33.291+0000] {processor.py:840} INFO - DAG(s) 'example_branch_dop_operator_v3' retrieved from /home/airflow/.local/lib/python3.12/site-packages/airflow/example_dags/example_branch_python_dop_operator_3.py
[2026-05-16T11:02:33.298+0000] {logging_mixin.py:188} INFO - [2026-05-16T11:02:33.298+0000] {dag.py:3089} INFO - Sync 1 DAGs
[2026-05-16T11:02:33.306+0000] {logging_mixin.py:188} INFO - [2026-05-16T11:02:33.306+0000] {dag.py:3947} INFO - Setting next_dagrun for example_branch_dop_operator_v3 to 2026-05-16 11:01:00+00:00, run_after=2026-05-16 11:02:00+00:00
[2026-05-16T11:02:33.312+0000] {processor.py:183} INFO - Processing /home/airflow/.local/lib/python3.12/site-packages/airflow/example_dags/example_branch_python_dop_operator_3.py took 0.027 seconds
[2026-05-16T11:03:03.955+0000] {processor.py:161} INFO - Started process (PID=5735) to work on /home/airflow/.local/lib/python3.12/site-packages/airflow/example_dags/example_branch_python_dop_operator_3.py
[2026-05-16T11:03:03.956+0000] {processor.py:830} INFO - Processing file /home/airflow/.local/lib/python3.12/site-packages/airflow/example_dags/example_branch_python_dop_operator_3.py for tasks to queue
[2026-05-16T11:03:03.956+0000] {logging_mixin.py:188} INFO - [2026-05-16T11:03:03.956+0000] {dagbag.py:545} INFO - Filling up the DagBag from /home/airflow/.local/lib/python3.12/site-packages/airflow/example_dags/example_branch_python_dop_operator_3.py
[2026-05-16T11:03:03.959+0000] {processor.py:840} INFO - DAG(s) 'example_branch_dop_operator_v3' retrieved from /home/airflow/.local/lib/python3.12/site-packages/airflow/example_dags/example_branch_python_dop_operator_3.py
[2026-05-16T11:03:03.964+0000] {logging_mixin.py:188} INFO - [2026-05-16T11:03:03.964+0000] {dag.py:3089} INFO - Sync 1 DAGs
[2026-05-16T11:03:03.972+0000] {logging_mixin.py:188} INFO - [2026-05-16T11:03:03.972+0000] {dag.py:3947} INFO - Setting next_dagrun for example_branch_dop_operator_v3 to 2026-05-16 11:02:00+00:00, run_after=2026-05-16 11:03:00+00:00
[2026-05-16T11:03:03.977+0000] {processor.py:183} INFO - Processing /home/airflow/.local/lib/python3.12/site-packages/airflow/example_dags/example_branch_python_dop_operator_3.py took 0.024 seconds
[2026-05-16T11:03:34.900+0000] {processor.py:161} INFO - Started process (PID=5795) to work on /home/airflow/.local/lib/python3.12/site-packages/airflow/example_dags/example_branch_python_dop_operator_3.py
[2026-05-16T11:03:34.900+0000] {processor.py:830} INFO - Processing file /home/airflow/.local/lib/python3.12/site-packages/airflow/example_dags/example_branch_python_dop_operator_3.py for tasks to queue
[2026-05-16T11:03:34.901+0000] {logging_mixin.py:188} INFO - [2026-05-16T11:03:34.901+0000] {dagbag.py:545} INFO - Filling up the DagBag from /home/airflow/.local/lib/python3.12/site-packages/airflow/example_dags/example_branch_python_dop_operator_3.py
[2026-05-16T11:03:34.904+0000] {processor.py:840} INFO - DAG(s) 'example_branch_dop_operator_v3' retrieved from /home/airflow/.local/lib/python3.12/site-packages/airflow/example_dags/example_branch_python_dop_operator_3.py
[2026-05-16T11:03:34.935+0000] {logging_mixin.py:188} INFO - [2026-05-16T11:03:34.935+0000] {dag.py:3089} INFO - Sync 1 DAGs
[2026-05-16T11:03:34.942+0000] {logging_mixin.py:188} INFO - [2026-05-16T11:03:34.941+0000] {dag.py:3947} INFO - Setting next_dagrun for example_branch_dop_operator_v3 to 2026-05-16 11:02:00+00:00, run_after=2026-05-16 11:03:00+00:00
[2026-05-16T11:03:34.946+0000] {processor.py:183} INFO - Processing /home/airflow/.local/lib/python3.12/site-packages/airflow/example_dags/example_branch_python_dop_operator_3.py took 0.048 seconds
[2026-05-16T11:04:05.751+0000] {processor.py:161} INFO - Started process (PID=5861) to work on /home/airflow/.local/lib/python3.12/site-packages/airflow/example_dags/example_branch_python_dop_operator_3.py
[2026-05-16T11:04:05.754+0000] {processor.py:830} INFO - Processing file /home/airflow/.local/lib/python3.12/site-packages/airflow/example_dags/example_branch_python_dop_operator_3.py for tasks to queue
[2026-05-16T11:04:05.754+0000] {logging_mixin.py:188} INFO - [2026-05-16T11:04:05.754+0000] {dagbag.py:545} INFO - Filling up the DagBag from /home/airflow/.local/lib/python3.12/site-packages/airflow/example_dags/example_branch_python_dop_operator_3.py
[2026-05-16T11:04:05.761+0000] {processor.py:840} INFO - DAG(s) 'example_branch_dop_operator_v3' retrieved from /home/airflow/.local/lib/python3.12/site-packages/airflow/example_dags/example_branch_python_dop_operator_3.py
[2026-05-16T11:04:05.770+0000] {logging_mixin.py:188} INFO - [2026-05-16T11:04:05.770+0000] {dag.py:3089} INFO - Sync 1 DAGs
[2026-05-16T11:04:05.779+0000] {logging_mixin.py:188} INFO - [2026-05-16T11:04:05.778+0000] {dag.py:3947} INFO - Setting next_dagrun for example_branch_dop_operator_v3 to 2026-05-16 11:03:00+00:00, run_after=2026-05-16 11:04:00+00:00
[2026-05-16T11:04:05.784+0000] {processor.py:183} INFO - Processing /home/airflow/.local/lib/python3.12/site-packages/airflow/example_dags/example_branch_python_dop_operator_3.py took 0.037 seconds
[2026-05-16T11:04:36.514+0000] {processor.py:161} INFO - Started process (PID=5921) to work on /home/airflow/.local/lib/python3.12/site-packages/airflow/example_dags/example_branch_python_dop_operator_3.py
[2026-05-16T11:04:36.514+0000] {processor.py:830} INFO - Processing file /home/airflow/.local/lib/python3.12/site-packages/airflow/example_dags/example_branch_python_dop_operator_3.py for tasks to queue
[2026-05-16T11:04:36.514+0000] {logging_mixin.py:188} INFO - [2026-05-16T11:04:36.514+0000] {dagbag.py:545} INFO - Filling up the DagBag from /home/airflow/.local/lib/python3.12/site-packages/airflow/example_dags/example_branch_python_dop_operator_3.py
[2026-05-16T11:04:36.520+0000] {processor.py:840} INFO - DAG(s) 'example_branch_dop_operator_v3' retrieved from /home/airflow/.local/lib/python3.12/site-packages/airflow/example_dags/example_branch_python_dop_operator_3.py
[2026-05-16T11:04:36.534+0000] {logging_mixin.py:188} INFO - [2026-05-16T11:04:36.534+0000] {dag.py:3089} INFO - Sync 1 DAGs
[2026-05-16T11:04:36.547+0000] {logging_mixin.py:188} INFO - [2026-05-16T11:04:36.547+0000] {dag.py:3947} INFO - Setting next_dagrun for example_branch_dop_operator_v3 to 2026-05-16 11:03:00+00:00, run_after=2026-05-16 11:04:00+00:00
[2026-05-16T11:04:36.556+0000] {processor.py:183} INFO - Processing /home/airflow/.local/lib/python3.12/site-packages/airflow/example_dags/example_branch_python_dop_operator_3.py took 0.050 seconds
[2026-05-16T11:05:07.480+0000] {processor.py:161} INFO - Started process (PID=5981) to work on /home/airflow/.local/lib/python3.12/site-packages/airflow/example_dags/example_branch_python_dop_operator_3.py
[2026-05-16T11:05:07.480+0000] {processor.py:830} INFO - Processing file /home/airflow/.local/lib/python3.12/site-packages/airflow/example_dags/example_branch_python_dop_operator_3.py for tasks to queue
[2026-05-16T11:05:07.481+0000] {logging_mixin.py:188} INFO - [2026-05-16T11:05:07.480+0000] {dagbag.py:545} INFO - Filling up the DagBag from /home/airflow/.local/lib/python3.12/site-packages/airflow/example_dags/example_branch_python_dop_operator_3.py
[2026-05-16T11:05:07.484+0000] {processor.py:840} INFO - DAG(s) 'example_branch_dop_operator_v3' retrieved from /home/airflow/.local/lib/python3.12/site-packages/airflow/example_dags/example_branch_python_dop_operator_3.py
[2026-05-16T11:05:07.491+0000] {logging_mixin.py:188} INFO - [2026-05-16T11:05:07.491+0000] {dag.py:3089} INFO - Sync 1 DAGs
[2026-05-16T11:05:07.499+0000] {logging_mixin.py:188} INFO - [2026-05-16T11:05:07.499+0000] {dag.py:3947} INFO - Setting next_dagrun for example_branch_dop_operator_v3 to 2026-05-16 11:04:00+00:00, run_after=2026-05-16 11:05:00+00:00
[2026-05-16T11:05:07.504+0000] {processor.py:183} INFO - Processing /home/airflow/.local/lib/python3.12/site-packages/airflow/example_dags/example_branch_python_dop_operator_3.py took 0.027 seconds
[2026-05-16T11:05:38.215+0000] {processor.py:161} INFO - Started process (PID=6041) to work on /home/airflow/.local/lib/python3.12/site-packages/airflow/example_dags/example_branch_python_dop_operator_3.py
[2026-05-16T11:05:38.216+0000] {processor.py:830} INFO - Processing file /home/airflow/.local/lib/python3.12/site-packages/airflow/example_dags/example_branch_python_dop_operator_3.py for tasks to queue
[2026-05-16T11:05:38.216+0000] {logging_mixin.py:188} INFO - [2026-05-16T11:05:38.216+0000] {dagbag.py:545} INFO - Filling up the DagBag from /home/airflow/.local/lib/python3.12/site-packages/airflow/example_dags/example_branch_python_dop_operator_3.py
[2026-05-16T11:05:38.219+0000] {processor.py:840} INFO - DAG(s) 'example_branch_dop_operator_v3' retrieved from /home/airflow/.local/lib/python3.12/site-packages/airflow/example_dags/example_branch_python_dop_operator_3.py
[2026-05-16T11:05:38.228+0000] {logging_mixin.py:188} INFO - [2026-05-16T11:05:38.227+0000] {dag.py:3089} INFO - Sync 1 DAGs
[2026-05-16T11:05:38.236+0000] {logging_mixin.py:188} INFO - [2026-05-16T11:05:38.236+0000] {dag.py:3947} INFO - Setting next_dagrun for example_branch_dop_operator_v3 to 2026-05-16 11:04:00+00:00, run_after=2026-05-16 11:05:00+00:00
[2026-05-16T11:05:38.242+0000] {processor.py:183} INFO - Processing /home/airflow/.local/lib/python3.12/site-packages/airflow/example_dags/example_branch_python_dop_operator_3.py took 0.029 seconds
[2026-05-16T11:06:08.976+0000] {processor.py:161} INFO - Started process (PID=6101) to work on /home/airflow/.local/lib/python3.12/site-packages/airflow/example_dags/example_branch_python_dop_operator_3.py
[2026-05-16T11:06:08.977+0000] {processor.py:830} INFO - Processing file /home/airflow/.local/lib/python3.12/site-packages/airflow/example_dags/example_branch_python_dop_operator_3.py for tasks to queue
[2026-05-16T11:06:08.977+0000] {logging_mixin.py:188} INFO - [2026-05-16T11:06:08.977+0000] {dagbag.py:545} INFO - Filling up the DagBag from /home/airflow/.local/lib/python3.12/site-packages/airflow/example_dags/example_branch_python_dop_operator_3.py
[2026-05-16T11:06:08.980+0000] {processor.py:840} INFO - DAG(s) 'example_branch_dop_operator_v3' retrieved from /home/airflow/.local/lib/python3.12/site-packages/airflow/example_dags/example_branch_python_dop_operator_3.py
[2026-05-16T11:06:08.994+0000] {logging_mixin.py:188} INFO - [2026-05-16T11:06:08.994+0000] {dag.py:3089} INFO - Sync 1 DAGs
[2026-05-16T11:06:09.002+0000] {logging_mixin.py:188} INFO - [2026-05-16T11:06:09.002+0000] {dag.py:3947} INFO - Setting next_dagrun for example_branch_dop_operator_v3 to 2026-05-16 11:05:00+00:00, run_after=2026-05-16 11:06:00+00:00
[2026-05-16T11:06:09.007+0000] {processor.py:183} INFO - Processing /home/airflow/.local/lib/python3.12/site-packages/airflow/example_dags/example_branch_python_dop_operator_3.py took 0.033 seconds
[2026-05-16T11:06:39.853+0000] {processor.py:161} INFO - Started process (PID=6161) to work on /home/airflow/.local/lib/python3.12/site-packages/airflow/example_dags/example_branch_python_dop_operator_3.py
[2026-05-16T11:06:39.853+0000] {processor.py:830} INFO - Processing file /home/airflow/.local/lib/python3.12/site-packages/airflow/example_dags/example_branch_python_dop_operator_3.py for tasks to queue
[2026-05-16T11:06:39.854+0000] {logging_mixin.py:188} INFO - [2026-05-16T11:06:39.854+0000] {dagbag.py:545} INFO - Filling up the DagBag from /home/airflow/.local/lib/python3.12/site-packages/airflow/example_dags/example_branch_python_dop_operator_3.py
[2026-05-16T11:06:39.858+0000] {processor.py:840} INFO - DAG(s) 'example_branch_dop_operator_v3' retrieved from /home/airflow/.local/lib/python3.12/site-packages/airflow/example_dags/example_branch_python_dop_operator_3.py
[2026-05-16T11:06:39.868+0000] {logging_mixin.py:188} INFO - [2026-05-16T11:06:39.868+0000] {dag.py:3089} INFO - Sync 1 DAGs
[2026-05-16T11:06:39.876+0000] {logging_mixin.py:188} INFO - [2026-05-16T11:06:39.876+0000] {dag.py:3947} INFO - Setting next_dagrun for example_branch_dop_operator_v3 to 2026-05-16 11:05:00+00:00, run_after=2026-05-16 11:06:00+00:00
[2026-05-16T11:06:39.888+0000] {processor.py:183} INFO - Processing /home/airflow/.local/lib/python3.12/site-packages/airflow/example_dags/example_branch_python_dop_operator_3.py took 0.042 seconds
[2026-05-16T11:07:10.553+0000] {processor.py:161} INFO - Started process (PID=6221) to work on /home/airflow/.local/lib/python3.12/site-packages/airflow/example_dags/example_branch_python_dop_operator_3.py
[2026-05-16T11:07:10.555+0000] {processor.py:830} INFO - Processing file /home/airflow/.local/lib/python3.12/site-packages/airflow/example_dags/example_branch_python_dop_operator_3.py for tasks to queue
[2026-05-16T11:07:10.555+0000] {logging_mixin.py:188} INFO - [2026-05-16T11:07:10.555+0000] {dagbag.py:545} INFO - Filling up the DagBag from /home/airflow/.local/lib/python3.12/site-packages/airflow/example_dags/example_branch_python_dop_operator_3.py
[2026-05-16T11:07:10.560+0000] {processor.py:840} INFO - DAG(s) 'example_branch_dop_operator_v3' retrieved from /home/airflow/.local/lib/python3.12/site-packages/airflow/example_dags/example_branch_python_dop_operator_3.py
[2026-05-16T11:07:10.575+0000] {logging_mixin.py:188} INFO - [2026-05-16T11:07:10.575+0000] {dag.py:3089} INFO - Sync 1 DAGs
[2026-05-16T11:07:10.590+0000] {logging_mixin.py:188} INFO - [2026-05-16T11:07:10.590+0000] {dag.py:3947} INFO - Setting next_dagrun for example_branch_dop_operator_v3 to 2026-05-16 11:06:00+00:00, run_after=2026-05-16 11:07:00+00:00
[2026-05-16T11:07:10.600+0000] {processor.py:183} INFO - Processing /home/airflow/.local/lib/python3.12/site-packages/airflow/example_dags/example_branch_python_dop_operator_3.py took 0.049 seconds
[2026-05-16T11:07:41.144+0000] {processor.py:161} INFO - Started process (PID=6281) to work on /home/airflow/.local/lib/python3.12/site-packages/airflow/example_dags/example_branch_python_dop_operator_3.py
[2026-05-16T11:07:41.145+0000] {processor.py:830} INFO - Processing file /home/airflow/.local/lib/python3.12/site-packages/airflow/example_dags/example_branch_python_dop_operator_3.py for tasks to queue
[2026-05-16T11:07:41.145+0000] {logging_mixin.py:188} INFO - [2026-05-16T11:07:41.145+0000] {dagbag.py:545} INFO - Filling up the DagBag from /home/airflow/.local/lib/python3.12/site-packages/airflow/example_dags/example_branch_python_dop_operator_3.py
[2026-05-16T11:07:41.148+0000] {processor.py:840} INFO - DAG(s) 'example_branch_dop_operator_v3' retrieved from /home/airflow/.local/lib/python3.12/site-packages/airflow/example_dags/example_branch_python_dop_operator_3.py
[2026-05-16T11:07:41.155+0000] {logging_mixin.py:188} INFO - [2026-05-16T11:07:41.155+0000] {dag.py:3089} INFO - Sync 1 DAGs
[2026-05-16T11:07:41.162+0000] {logging_mixin.py:188} INFO - [2026-05-16T11:07:41.162+0000] {dag.py:3947} INFO - Setting next_dagrun for example_branch_dop_operator_v3 to 2026-05-16 11:06:00+00:00, run_after=2026-05-16 11:07:00+00:00
[2026-05-16T11:07:41.167+0000] {processor.py:183} INFO - Processing /home/airflow/.local/lib/python3.12/site-packages/airflow/example_dags/example_branch_python_dop_operator_3.py took 0.025 seconds
[2026-05-16T11:08:11.746+0000] {processor.py:161} INFO - Started process (PID=6341) to work on /home/airflow/.local/lib/python3.12/site-packages/airflow/example_dags/example_branch_python_dop_operator_3.py
[2026-05-16T11:08:11.746+0000] {processor.py:830} INFO - Processing file /home/airflow/.local/lib/python3.12/site-packages/airflow/example_dags/example_branch_python_dop_operator_3.py for tasks to queue
[2026-05-16T11:08:11.747+0000] {logging_mixin.py:188} INFO - [2026-05-16T11:08:11.747+0000] {dagbag.py:545} INFO - Filling up the DagBag from /home/airflow/.local/lib/python3.12/site-packages/airflow/example_dags/example_branch_python_dop_operator_3.py
[2026-05-16T11:08:11.750+0000] {processor.py:840} INFO - DAG(s) 'example_branch_dop_operator_v3' retrieved from /home/airflow/.local/lib/python3.12/site-packages/airflow/example_dags/example_branch_python_dop_operator_3.py
[2026-05-16T11:08:11.758+0000] {logging_mixin.py:188} INFO - [2026-05-16T11:08:11.758+0000] {dag.py:3089} INFO - Sync 1 DAGs
[2026-05-16T11:08:11.766+0000] {logging_mixin.py:188} INFO - [2026-05-16T11:08:11.766+0000] {dag.py:3947} INFO - Setting next_dagrun for example_branch_dop_operator_v3 to 2026-05-16 11:07:00+00:00, run_after=2026-05-16 11:08:00+00:00
[2026-05-16T11:08:11.770+0000] {processor.py:183} INFO - Processing /home/airflow/.local/lib/python3.12/site-packages/airflow/example_dags/example_branch_python_dop_operator_3.py took 0.027 seconds
[2026-05-16T11:08:42.278+0000] {processor.py:161} INFO - Started process (PID=6401) to work on /home/airflow/.local/lib/python3.12/site-packages/airflow/example_dags/example_branch_python_dop_operator_3.py
[2026-05-16T11:08:42.278+0000] {processor.py:830} INFO - Processing file /home/airflow/.local/lib/python3.12/site-packages/airflow/example_dags/example_branch_python_dop_operator_3.py for tasks to queue
[2026-05-16T11:08:42.279+0000] {logging_mixin.py:188} INFO - [2026-05-16T11:08:42.278+0000] {dagbag.py:545} INFO - Filling up the DagBag from /home/airflow/.local/lib/python3.12/site-packages/airflow/example_dags/example_branch_python_dop_operator_3.py
[2026-05-16T11:08:42.282+0000] {processor.py:840} INFO - DAG(s) 'example_branch_dop_operator_v3' retrieved from /home/airflow/.local/lib/python3.12/site-packages/airflow/example_dags/example_branch_python_dop_operator_3.py
[2026-05-16T11:08:42.289+0000] {logging_mixin.py:188} INFO - [2026-05-16T11:08:42.289+0000] {dag.py:3089} INFO - Sync 1 DAGs
[2026-05-16T11:08:42.297+0000] {logging_mixin.py:188} INFO - [2026-05-16T11:08:42.296+0000] {dag.py:3947} INFO - Setting next_dagrun for example_branch_dop_operator_v3 to 2026-05-16 11:07:00+00:00, run_after=2026-05-16 11:08:00+00:00
[2026-05-16T11:08:42.302+0000] {processor.py:183} INFO - Processing /home/airflow/.local/lib/python3.12/site-packages/airflow/example_dags/example_branch_python_dop_operator_3.py took 0.026 seconds
[2026-05-16T11:09:12.803+0000] {processor.py:161} INFO - Started process (PID=6461) to work on /home/airflow/.local/lib/python3.12/site-packages/airflow/example_dags/example_branch_python_dop_operator_3.py
[2026-05-16T11:09:12.804+0000] {processor.py:830} INFO - Processing file /home/airflow/.local/lib/python3.12/site-packages/airflow/example_dags/example_branch_python_dop_operator_3.py for tasks to queue
[2026-05-16T11:09:12.804+0000] {logging_mixin.py:188} INFO - [2026-05-16T11:09:12.804+0000] {dagbag.py:545} INFO - Filling up the DagBag from /home/airflow/.local/lib/python3.12/site-packages/airflow/example_dags/example_branch_python_dop_operator_3.py
[2026-05-16T11:09:12.807+0000] {processor.py:840} INFO - DAG(s) 'example_branch_dop_operator_v3' retrieved from /home/airflow/.local/lib/python3.12/site-packages/airflow/example_dags/example_branch_python_dop_operator_3.py
[2026-05-16T11:09:12.815+0000] {logging_mixin.py:188} INFO - [2026-05-16T11:09:12.815+0000] {dag.py:3089} INFO - Sync 1 DAGs
[2026-05-16T11:09:12.824+0000] {logging_mixin.py:188} INFO - [2026-05-16T11:09:12.824+0000] {dag.py:3947} INFO - Setting next_dagrun for example_branch_dop_operator_v3 to 2026-05-16 11:08:00+00:00, run_after=2026-05-16 11:09:00+00:00
[2026-05-16T11:09:12.830+0000] {processor.py:183} INFO - Processing /home/airflow/.local/lib/python3.12/site-packages/airflow/example_dags/example_branch_python_dop_operator_3.py took 0.029 seconds
[2026-05-16T11:09:43.250+0000] {processor.py:161} INFO - Started process (PID=6521) to work on /home/airflow/.local/lib/python3.12/site-packages/airflow/example_dags/example_branch_python_dop_operator_3.py
[2026-05-16T11:09:43.250+0000] {processor.py:830} INFO - Processing file /home/airflow/.local/lib/python3.12/site-packages/airflow/example_dags/example_branch_python_dop_operator_3.py for tasks to queue
[2026-05-16T11:09:43.250+0000] {logging_mixin.py:188} INFO - [2026-05-16T11:09:43.250+0000] {dagbag.py:545} INFO - Filling up the DagBag from /home/airflow/.local/lib/python3.12/site-packages/airflow/example_dags/example_branch_python_dop_operator_3.py
[2026-05-16T11:09:43.253+0000] {processor.py:840} INFO - DAG(s) 'example_branch_dop_operator_v3' retrieved from /home/airflow/.local/lib/python3.12/site-packages/airflow/example_dags/example_branch_python_dop_operator_3.py
[2026-05-16T11:09:43.261+0000] {logging_mixin.py:188} INFO - [2026-05-16T11:09:43.261+0000] {dag.py:3089} INFO - Sync 1 DAGs
[2026-05-16T11:09:43.269+0000] {logging_mixin.py:188} INFO - [2026-05-16T11:09:43.269+0000] {dag.py:3947} INFO - Setting next_dagrun for example_branch_dop_operator_v3 to 2026-05-16 11:08:00+00:00, run_after=2026-05-16 11:09:00+00:00
[2026-05-16T11:09:43.274+0000] {processor.py:183} INFO - Processing /home/airflow/.local/lib/python3.12/site-packages/airflow/example_dags/example_branch_python_dop_operator_3.py took 0.027 seconds
[2026-05-16T11:10:13.662+0000] {processor.py:161} INFO - Started process (PID=6581) to work on /home/airflow/.local/lib/python3.12/site-packages/airflow/example_dags/example_branch_python_dop_operator_3.py
[2026-05-16T11:10:13.662+0000] {processor.py:830} INFO - Processing file /home/airflow/.local/lib/python3.12/site-packages/airflow/example_dags/example_branch_python_dop_operator_3.py for tasks to queue
[2026-05-16T11:10:13.662+0000] {logging_mixin.py:188} INFO - [2026-05-16T11:10:13.662+0000] {dagbag.py:545} INFO - Filling up the DagBag from /home/airflow/.local/lib/python3.12/site-packages/airflow/example_dags/example_branch_python_dop_operator_3.py
[2026-05-16T11:10:13.666+0000] {processor.py:840} INFO - DAG(s) 'example_branch_dop_operator_v3' retrieved from /home/airflow/.local/lib/python3.12/site-packages/airflow/example_dags/example_branch_python_dop_operator_3.py
[2026-05-16T11:10:13.673+0000] {logging_mixin.py:188} INFO - [2026-05-16T11:10:13.673+0000] {dag.py:3089} INFO - Sync 1 DAGs
[2026-05-16T11:10:13.681+0000] {logging_mixin.py:188} INFO - [2026-05-16T11:10:13.681+0000] {dag.py:3947} INFO - Setting next_dagrun for example_branch_dop_operator_v3 to 2026-05-16 11:09:00+00:00, run_after=2026-05-16 11:10:00+00:00
[2026-05-16T11:10:13.686+0000] {processor.py:183} INFO - Processing /home/airflow/.local/lib/python3.12/site-packages/airflow/example_dags/example_branch_python_dop_operator_3.py took 0.026 seconds
[2026-05-16T11:10:44.121+0000] {processor.py:161} INFO - Started process (PID=6641) to work on /home/airflow/.local/lib/python3.12/site-packages/airflow/example_dags/example_branch_python_dop_operator_3.py
[2026-05-16T11:10:44.122+0000] {processor.py:830} INFO - Processing file /home/airflow/.local/lib/python3.12/site-packages/airflow/example_dags/example_branch_python_dop_operator_3.py for tasks to queue
[2026-05-16T11:10:44.122+0000] {logging_mixin.py:188} INFO - [2026-05-16T11:10:44.122+0000] {dagbag.py:545} INFO - Filling up the DagBag from /home/airflow/.local/lib/python3.12/site-packages/airflow/example_dags/example_branch_python_dop_operator_3.py
[2026-05-16T11:10:44.126+0000] {processor.py:840} INFO - DAG(s) 'example_branch_dop_operator_v3' retrieved from /home/airflow/.local/lib/python3.12/site-packages/airflow/example_dags/example_branch_python_dop_operator_3.py
[2026-05-16T11:10:44.133+0000] {logging_mixin.py:188} INFO - [2026-05-16T11:10:44.133+0000] {dag.py:3089} INFO - Sync 1 DAGs
[2026-05-16T11:10:44.141+0000] {logging_mixin.py:188} INFO - [2026-05-16T11:10:44.141+0000] {dag.py:3947} INFO - Setting next_dagrun for example_branch_dop_operator_v3 to 2026-05-16 11:09:00+00:00, run_after=2026-05-16 11:10:00+00:00
[2026-05-16T11:10:44.146+0000] {processor.py:183} INFO - Processing /home/airflow/.local/lib/python3.12/site-packages/airflow/example_dags/example_branch_python_dop_operator_3.py took 0.027 seconds
[2026-05-16T11:11:14.886+0000] {processor.py:161} INFO - Started process (PID=6701) to work on /home/airflow/.local/lib/python3.12/site-packages/airflow/example_dags/example_branch_python_dop_operator_3.py
[2026-05-16T11:11:14.886+0000] {processor.py:830} INFO - Processing file /home/airflow/.local/lib/python3.12/site-packages/airflow/example_dags/example_branch_python_dop_operator_3.py for tasks to queue
[2026-05-16T11:11:14.886+0000] {logging_mixin.py:188} INFO - [2026-05-16T11:11:14.886+0000] {dagbag.py:545} INFO - Filling up the DagBag from /home/airflow/.local/lib/python3.12/site-packages/airflow/example_dags/example_branch_python_dop_operator_3.py
[2026-05-16T11:11:14.890+0000] {processor.py:840} INFO - DAG(s) 'example_branch_dop_operator_v3' retrieved from /home/airflow/.local/lib/python3.12/site-packages/airflow/example_dags/example_branch_python_dop_operator_3.py
[2026-05-16T11:11:14.900+0000] {logging_mixin.py:188} INFO - [2026-05-16T11:11:14.900+0000] {dag.py:3089} INFO - Sync 1 DAGs
[2026-05-16T11:11:14.908+0000] {logging_mixin.py:188} INFO - [2026-05-16T11:11:14.908+0000] {dag.py:3947} INFO - Setting next_dagrun for example_branch_dop_operator_v3 to 2026-05-16 11:10:00+00:00, run_after=2026-05-16 11:11:00+00:00
[2026-05-16T11:11:14.913+0000] {processor.py:183} INFO - Processing /home/airflow/.local/lib/python3.12/site-packages/airflow/example_dags/example_branch_python_dop_operator_3.py took 0.030 seconds
[2026-05-16T11:11:45.415+0000] {processor.py:161} INFO - Started process (PID=6761) to work on /home/airflow/.local/lib/python3.12/site-packages/airflow/example_dags/example_branch_python_dop_operator_3.py
[2026-05-16T11:11:45.416+0000] {processor.py:830} INFO - Processing file /home/airflow/.local/lib/python3.12/site-packages/airflow/example_dags/example_branch_python_dop_operator_3.py for tasks to queue
[2026-05-16T11:11:45.416+0000] {logging_mixin.py:188} INFO - [2026-05-16T11:11:45.416+0000] {dagbag.py:545} INFO - Filling up the DagBag from /home/airflow/.local/lib/python3.12/site-packages/airflow/example_dags/example_branch_python_dop_operator_3.py
[2026-05-16T11:11:45.419+0000] {processor.py:840} INFO - DAG(s) 'example_branch_dop_operator_v3' retrieved from /home/airflow/.local/lib/python3.12/site-packages/airflow/example_dags/example_branch_python_dop_operator_3.py
[2026-05-16T11:11:45.426+0000] {logging_mixin.py:188} INFO - [2026-05-16T11:11:45.426+0000] {dag.py:3089} INFO - Sync 1 DAGs
[2026-05-16T11:11:45.434+0000] {logging_mixin.py:188} INFO - [2026-05-16T11:11:45.434+0000] {dag.py:3947} INFO - Setting next_dagrun for example_branch_dop_operator_v3 to 2026-05-16 11:10:00+00:00, run_after=2026-05-16 11:11:00+00:00
[2026-05-16T11:11:45.439+0000] {processor.py:183} INFO - Processing /home/airflow/.local/lib/python3.12/site-packages/airflow/example_dags/example_branch_python_dop_operator_3.py took 0.026 seconds
[2026-05-16T11:12:16.694+0000] {processor.py:161} INFO - Started process (PID=6821) to work on /home/airflow/.local/lib/python3.12/site-packages/airflow/example_dags/example_branch_python_dop_operator_3.py
[2026-05-16T11:12:16.694+0000] {processor.py:830} INFO - Processing file /home/airflow/.local/lib/python3.12/site-packages/airflow/example_dags/example_branch_python_dop_operator_3.py for tasks to queue
[2026-05-16T11:12:16.695+0000] {logging_mixin.py:188} INFO - [2026-05-16T11:12:16.695+0000] {dagbag.py:545} INFO - Filling up the DagBag from /home/airflow/.local/lib/python3.12/site-packages/airflow/example_dags/example_branch_python_dop_operator_3.py
[2026-05-16T11:12:16.698+0000] {processor.py:840} INFO - DAG(s) 'example_branch_dop_operator_v3' retrieved from /home/airflow/.local/lib/python3.12/site-packages/airflow/example_dags/example_branch_python_dop_operator_3.py
[2026-05-16T11:12:16.705+0000] {logging_mixin.py:188} INFO - [2026-05-16T11:12:16.705+0000] {dag.py:3089} INFO - Sync 1 DAGs
[2026-05-16T11:12:16.713+0000] {logging_mixin.py:188} INFO - [2026-05-16T11:12:16.713+0000] {dag.py:3947} INFO - Setting next_dagrun for example_branch_dop_operator_v3 to 2026-05-16 11:11:00+00:00, run_after=2026-05-16 11:12:00+00:00
[2026-05-16T11:12:16.718+0000] {processor.py:183} INFO - Processing /home/airflow/.local/lib/python3.12/site-packages/airflow/example_dags/example_branch_python_dop_operator_3.py took 0.026 seconds
[2026-05-16T11:12:47.278+0000] {processor.py:161} INFO - Started process (PID=6881) to work on /home/airflow/.local/lib/python3.12/site-packages/airflow/example_dags/example_branch_python_dop_operator_3.py
[2026-05-16T11:12:47.278+0000] {processor.py:830} INFO - Processing file /home/airflow/.local/lib/python3.12/site-packages/airflow/example_dags/example_branch_python_dop_operator_3.py for tasks to queue
[2026-05-16T11:12:47.278+0000] {logging_mixin.py:188} INFO - [2026-05-16T11:12:47.278+0000] {dagbag.py:545} INFO - Filling up the DagBag from /home/airflow/.local/lib/python3.12/site-packages/airflow/example_dags/example_branch_python_dop_operator_3.py
[2026-05-16T11:12:47.281+0000] {processor.py:840} INFO - DAG(s) 'example_branch_dop_operator_v3' retrieved from /home/airflow/.local/lib/python3.12/site-packages/airflow/example_dags/example_branch_python_dop_operator_3.py
[2026-05-16T11:12:47.289+0000] {logging_mixin.py:188} INFO - [2026-05-16T11:12:47.289+0000] {dag.py:3089} INFO - Sync 1 DAGs
[2026-05-16T11:12:47.297+0000] {logging_mixin.py:188} INFO - [2026-05-16T11:12:47.297+0000] {dag.py:3947} INFO - Setting next_dagrun for example_branch_dop_operator_v3 to 2026-05-16 11:11:00+00:00, run_after=2026-05-16 11:12:00+00:00
[2026-05-16T11:12:47.365+0000] {processor.py:183} INFO - Processing /home/airflow/.local/lib/python3.12/site-packages/airflow/example_dags/example_branch_python_dop_operator_3.py took 0.090 seconds
[2026-05-16T11:13:18.277+0000] {processor.py:161} INFO - Started process (PID=6941) to work on /home/airflow/.local/lib/python3.12/site-packages/airflow/example_dags/example_branch_python_dop_operator_3.py
[2026-05-16T11:13:18.278+0000] {processor.py:830} INFO - Processing file /home/airflow/.local/lib/python3.12/site-packages/airflow/example_dags/example_branch_python_dop_operator_3.py for tasks to queue
[2026-05-16T11:13:18.278+0000] {logging_mixin.py:188} INFO - [2026-05-16T11:13:18.278+0000] {dagbag.py:545} INFO - Filling up the DagBag from /home/airflow/.local/lib/python3.12/site-packages/airflow/example_dags/example_branch_python_dop_operator_3.py
[2026-05-16T11:13:18.281+0000] {processor.py:840} INFO - DAG(s) 'example_branch_dop_operator_v3' retrieved from /home/airflow/.local/lib/python3.12/site-packages/airflow/example_dags/example_branch_python_dop_operator_3.py
[2026-05-16T11:13:18.291+0000] {logging_mixin.py:188} INFO - [2026-05-16T11:13:18.291+0000] {dag.py:3089} INFO - Sync 1 DAGs
[2026-05-16T11:13:18.299+0000] {logging_mixin.py:188} INFO - [2026-05-16T11:13:18.299+0000] {dag.py:3947} INFO - Setting next_dagrun for example_branch_dop_operator_v3 to 2026-05-16 11:12:00+00:00, run_after=2026-05-16 11:13:00+00:00
[2026-05-16T11:13:18.304+0000] {processor.py:183} INFO - Processing /home/airflow/.local/lib/python3.12/site-packages/airflow/example_dags/example_branch_python_dop_operator_3.py took 0.029 seconds
[2026-05-16T11:13:49.050+0000] {processor.py:161} INFO - Started process (PID=7001) to work on /home/airflow/.local/lib/python3.12/site-packages/airflow/example_dags/example_branch_python_dop_operator_3.py
[2026-05-16T11:13:49.051+0000] {processor.py:830} INFO - Processing file /home/airflow/.local/lib/python3.12/site-packages/airflow/example_dags/example_branch_python_dop_operator_3.py for tasks to queue
[2026-05-16T11:13:49.051+0000] {logging_mixin.py:188} INFO - [2026-05-16T11:13:49.051+0000] {dagbag.py:545} INFO - Filling up the DagBag from /home/airflow/.local/lib/python3.12/site-packages/airflow/example_dags/example_branch_python_dop_operator_3.py
[2026-05-16T11:13:49.054+0000] {processor.py:840} INFO - DAG(s) 'example_branch_dop_operator_v3' retrieved from /home/airflow/.local/lib/python3.12/site-packages/airflow/example_dags/example_branch_python_dop_operator_3.py
[2026-05-16T11:13:49.063+0000] {logging_mixin.py:188} INFO - [2026-05-16T11:13:49.063+0000] {dag.py:3089} INFO - Sync 1 DAGs
[2026-05-16T11:13:49.071+0000] {logging_mixin.py:188} INFO - [2026-05-16T11:13:49.071+0000] {dag.py:3947} INFO - Setting next_dagrun for example_branch_dop_operator_v3 to 2026-05-16 11:12:00+00:00, run_after=2026-05-16 11:13:00+00:00
[2026-05-16T11:13:49.077+0000] {processor.py:183} INFO - Processing /home/airflow/.local/lib/python3.12/site-packages/airflow/example_dags/example_branch_python_dop_operator_3.py took 0.029 seconds
[2026-05-16T11:14:19.580+0000] {processor.py:161} INFO - Started process (PID=7061) to work on /home/airflow/.local/lib/python3.12/site-packages/airflow/example_dags/example_branch_python_dop_operator_3.py
[2026-05-16T11:14:19.580+0000] {processor.py:830} INFO - Processing file /home/airflow/.local/lib/python3.12/site-packages/airflow/example_dags/example_branch_python_dop_operator_3.py for tasks to queue
[2026-05-16T11:14:19.581+0000] {logging_mixin.py:188} INFO - [2026-05-16T11:14:19.581+0000] {dagbag.py:545} INFO - Filling up the DagBag from /home/airflow/.local/lib/python3.12/site-packages/airflow/example_dags/example_branch_python_dop_operator_3.py
[2026-05-16T11:14:19.584+0000] {processor.py:840} INFO - DAG(s) 'example_branch_dop_operator_v3' retrieved from /home/airflow/.local/lib/python3.12/site-packages/airflow/example_dags/example_branch_python_dop_operator_3.py
[2026-05-16T11:14:19.592+0000] {logging_mixin.py:188} INFO - [2026-05-16T11:14:19.592+0000] {dag.py:3089} INFO - Sync 1 DAGs
[2026-05-16T11:14:19.600+0000] {logging_mixin.py:188} INFO - [2026-05-16T11:14:19.600+0000] {dag.py:3947} INFO - Setting next_dagrun for example_branch_dop_operator_v3 to 2026-05-16 11:13:00+00:00, run_after=2026-05-16 11:14:00+00:00
[2026-05-16T11:14:19.606+0000] {processor.py:183} INFO - Processing /home/airflow/.local/lib/python3.12/site-packages/airflow/example_dags/example_branch_python_dop_operator_3.py took 0.029 seconds
[2026-05-16T11:14:49.978+0000] {processor.py:161} INFO - Started process (PID=7121) to work on /home/airflow/.local/lib/python3.12/site-packages/airflow/example_dags/example_branch_python_dop_operator_3.py
[2026-05-16T11:14:49.978+0000] {processor.py:830} INFO - Processing file /home/airflow/.local/lib/python3.12/site-packages/airflow/example_dags/example_branch_python_dop_operator_3.py for tasks to queue
[2026-05-16T11:14:49.979+0000] {logging_mixin.py:188} INFO - [2026-05-16T11:14:49.979+0000] {dagbag.py:545} INFO - Filling up the DagBag from /home/airflow/.local/lib/python3.12/site-packages/airflow/example_dags/example_branch_python_dop_operator_3.py
[2026-05-16T11:14:49.982+0000] {processor.py:840} INFO - DAG(s) 'example_branch_dop_operator_v3' retrieved from /home/airflow/.local/lib/python3.12/site-packages/airflow/example_dags/example_branch_python_dop_operator_3.py
[2026-05-16T11:14:49.989+0000] {logging_mixin.py:188} INFO - [2026-05-16T11:14:49.989+0000] {dag.py:3089} INFO - Sync 1 DAGs
[2026-05-16T11:14:49.997+0000] {logging_mixin.py:188} INFO - [2026-05-16T11:14:49.997+0000] {dag.py:3947} INFO - Setting next_dagrun for example_branch_dop_operator_v3 to 2026-05-16 11:13:00+00:00, run_after=2026-05-16 11:14:00+00:00
[2026-05-16T11:14:50.002+0000] {processor.py:183} INFO - Processing /home/airflow/.local/lib/python3.12/site-packages/airflow/example_dags/example_branch_python_dop_operator_3.py took 0.026 seconds
[2026-05-16T11:15:20.540+0000] {processor.py:161} INFO - Started process (PID=7180) to work on /home/airflow/.local/lib/python3.12/site-packages/airflow/example_dags/example_branch_python_dop_operator_3.py
[2026-05-16T11:15:20.541+0000] {processor.py:830} INFO - Processing file /home/airflow/.local/lib/python3.12/site-packages/airflow/example_dags/example_branch_python_dop_operator_3.py for tasks to queue
[2026-05-16T11:15:20.541+0000] {logging_mixin.py:188} INFO - [2026-05-16T11:15:20.541+0000] {dagbag.py:545} INFO - Filling up the DagBag from /home/airflow/.local/lib/python3.12/site-packages/airflow/example_dags/example_branch_python_dop_operator_3.py
[2026-05-16T11:15:20.544+0000] {processor.py:840} INFO - DAG(s) 'example_branch_dop_operator_v3' retrieved from /home/airflow/.local/lib/python3.12/site-packages/airflow/example_dags/example_branch_python_dop_operator_3.py
[2026-05-16T11:15:20.552+0000] {logging_mixin.py:188} INFO - [2026-05-16T11:15:20.552+0000] {dag.py:3089} INFO - Sync 1 DAGs
[2026-05-16T11:15:20.560+0000] {logging_mixin.py:188} INFO - [2026-05-16T11:15:20.560+0000] {dag.py:3947} INFO - Setting next_dagrun for example_branch_dop_operator_v3 to 2026-05-16 11:14:00+00:00, run_after=2026-05-16 11:15:00+00:00
[2026-05-16T11:15:20.566+0000] {processor.py:183} INFO - Processing /home/airflow/.local/lib/python3.12/site-packages/airflow/example_dags/example_branch_python_dop_operator_3.py took 0.028 seconds
[2026-05-16T11:15:51.018+0000] {processor.py:161} INFO - Started process (PID=7240) to work on /home/airflow/.local/lib/python3.12/site-packages/airflow/example_dags/example_branch_python_dop_operator_3.py
[2026-05-16T11:15:51.019+0000] {processor.py:830} INFO - Processing file /home/airflow/.local/lib/python3.12/site-packages/airflow/example_dags/example_branch_python_dop_operator_3.py for tasks to queue
[2026-05-16T11:15:51.019+0000] {logging_mixin.py:188} INFO - [2026-05-16T11:15:51.019+0000] {dagbag.py:545} INFO - Filling up the DagBag from /home/airflow/.local/lib/python3.12/site-packages/airflow/example_dags/example_branch_python_dop_operator_3.py
[2026-05-16T11:15:51.023+0000] {processor.py:840} INFO - DAG(s) 'example_branch_dop_operator_v3' retrieved from /home/airflow/.local/lib/python3.12/site-packages/airflow/example_dags/example_branch_python_dop_operator_3.py
[2026-05-16T11:15:51.034+0000] {logging_mixin.py:188} INFO - [2026-05-16T11:15:51.034+0000] {dag.py:3089} INFO - Sync 1 DAGs
[2026-05-16T11:15:51.042+0000] {logging_mixin.py:188} INFO - [2026-05-16T11:15:51.042+0000] {dag.py:3947} INFO - Setting next_dagrun for example_branch_dop_operator_v3 to 2026-05-16 11:14:00+00:00, run_after=2026-05-16 11:15:00+00:00
[2026-05-16T11:15:51.046+0000] {processor.py:183} INFO - Processing /home/airflow/.local/lib/python3.12/site-packages/airflow/example_dags/example_branch_python_dop_operator_3.py took 0.031 seconds
[2026-05-16T11:16:21.446+0000] {processor.py:161} INFO - Started process (PID=7300) to work on /home/airflow/.local/lib/python3.12/site-packages/airflow/example_dags/example_branch_python_dop_operator_3.py
[2026-05-16T11:16:21.447+0000] {processor.py:830} INFO - Processing file /home/airflow/.local/lib/python3.12/site-packages/airflow/example_dags/example_branch_python_dop_operator_3.py for tasks to queue
[2026-05-16T11:16:21.447+0000] {logging_mixin.py:188} INFO - [2026-05-16T11:16:21.447+0000] {dagbag.py:545} INFO - Filling up the DagBag from /home/airflow/.local/lib/python3.12/site-packages/airflow/example_dags/example_branch_python_dop_operator_3.py
[2026-05-16T11:16:21.451+0000] {processor.py:840} INFO - DAG(s) 'example_branch_dop_operator_v3' retrieved from /home/airflow/.local/lib/python3.12/site-packages/airflow/example_dags/example_branch_python_dop_operator_3.py
[2026-05-16T11:16:21.460+0000] {logging_mixin.py:188} INFO - [2026-05-16T11:16:21.460+0000] {dag.py:3089} INFO - Sync 1 DAGs
[2026-05-16T11:16:21.469+0000] {logging_mixin.py:188} INFO - [2026-05-16T11:16:21.469+0000] {dag.py:3947} INFO - Setting next_dagrun for example_branch_dop_operator_v3 to 2026-05-16 11:15:00+00:00, run_after=2026-05-16 11:16:00+00:00
[2026-05-16T11:16:21.475+0000] {processor.py:183} INFO - Processing /home/airflow/.local/lib/python3.12/site-packages/airflow/example_dags/example_branch_python_dop_operator_3.py took 0.032 seconds
[2026-05-16T11:16:51.963+0000] {processor.py:161} INFO - Started process (PID=7360) to work on /home/airflow/.local/lib/python3.12/site-packages/airflow/example_dags/example_branch_python_dop_operator_3.py
[2026-05-16T11:16:51.963+0000] {processor.py:830} INFO - Processing file /home/airflow/.local/lib/python3.12/site-packages/airflow/example_dags/example_branch_python_dop_operator_3.py for tasks to queue
[2026-05-16T11:16:51.964+0000] {logging_mixin.py:188} INFO - [2026-05-16T11:16:51.964+0000] {dagbag.py:545} INFO - Filling up the DagBag from /home/airflow/.local/lib/python3.12/site-packages/airflow/example_dags/example_branch_python_dop_operator_3.py
[2026-05-16T11:16:51.967+0000] {processor.py:840} INFO - DAG(s) 'example_branch_dop_operator_v3' retrieved from /home/airflow/.local/lib/python3.12/site-packages/airflow/example_dags/example_branch_python_dop_operator_3.py
[2026-05-16T11:16:51.977+0000] {logging_mixin.py:188} INFO - [2026-05-16T11:16:51.977+0000] {dag.py:3089} INFO - Sync 1 DAGs
[2026-05-16T11:16:51.987+0000] {logging_mixin.py:188} INFO - [2026-05-16T11:16:51.987+0000] {dag.py:3947} INFO - Setting next_dagrun for example_branch_dop_operator_v3 to 2026-05-16 11:15:00+00:00, run_after=2026-05-16 11:16:00+00:00
[2026-05-16T11:16:51.992+0000] {processor.py:183} INFO - Processing /home/airflow/.local/lib/python3.12/site-packages/airflow/example_dags/example_branch_python_dop_operator_3.py took 0.033 seconds
[2026-05-16T11:17:22.551+0000] {processor.py:161} INFO - Started process (PID=7420) to work on /home/airflow/.local/lib/python3.12/site-packages/airflow/example_dags/example_branch_python_dop_operator_3.py
[2026-05-16T11:17:22.551+0000] {processor.py:830} INFO - Processing file /home/airflow/.local/lib/python3.12/site-packages/airflow/example_dags/example_branch_python_dop_operator_3.py for tasks to queue
[2026-05-16T11:17:22.551+0000] {logging_mixin.py:188} INFO - [2026-05-16T11:17:22.551+0000] {dagbag.py:545} INFO - Filling up the DagBag from /home/airflow/.local/lib/python3.12/site-packages/airflow/example_dags/example_branch_python_dop_operator_3.py
[2026-05-16T11:17:22.555+0000] {processor.py:840} INFO - DAG(s) 'example_branch_dop_operator_v3' retrieved from /home/airflow/.local/lib/python3.12/site-packages/airflow/example_dags/example_branch_python_dop_operator_3.py
[2026-05-16T11:17:22.564+0000] {logging_mixin.py:188} INFO - [2026-05-16T11:17:22.564+0000] {dag.py:3089} INFO - Sync 1 DAGs
[2026-05-16T11:17:22.573+0000] {logging_mixin.py:188} INFO - [2026-05-16T11:17:22.573+0000] {dag.py:3947} INFO - Setting next_dagrun for example_branch_dop_operator_v3 to 2026-05-16 11:16:00+00:00, run_after=2026-05-16 11:17:00+00:00
[2026-05-16T11:17:22.579+0000] {processor.py:183} INFO - Processing /home/airflow/.local/lib/python3.12/site-packages/airflow/example_dags/example_branch_python_dop_operator_3.py took 0.031 seconds
[2026-05-16T11:17:53.132+0000] {processor.py:161} INFO - Started process (PID=7480) to work on /home/airflow/.local/lib/python3.12/site-packages/airflow/example_dags/example_branch_python_dop_operator_3.py
[2026-05-16T11:17:53.133+0000] {processor.py:830} INFO - Processing file /home/airflow/.local/lib/python3.12/site-packages/airflow/example_dags/example_branch_python_dop_operator_3.py for tasks to queue
[2026-05-16T11:17:53.134+0000] {logging_mixin.py:188} INFO - [2026-05-16T11:17:53.134+0000] {dagbag.py:545} INFO - Filling up the DagBag from /home/airflow/.local/lib/python3.12/site-packages/airflow/example_dags/example_branch_python_dop_operator_3.py
[2026-05-16T11:17:53.139+0000] {processor.py:840} INFO - DAG(s) 'example_branch_dop_operator_v3' retrieved from /home/airflow/.local/lib/python3.12/site-packages/airflow/example_dags/example_branch_python_dop_operator_3.py
[2026-05-16T11:17:53.148+0000] {logging_mixin.py:188} INFO - [2026-05-16T11:17:53.148+0000] {dag.py:3089} INFO - Sync 1 DAGs
[2026-05-16T11:17:53.156+0000] {logging_mixin.py:188} INFO - [2026-05-16T11:17:53.156+0000] {dag.py:3947} INFO - Setting next_dagrun for example_branch_dop_operator_v3 to 2026-05-16 11:16:00+00:00, run_after=2026-05-16 11:17:00+00:00
[2026-05-16T11:17:53.161+0000] {processor.py:183} INFO - Processing /home/airflow/.local/lib/python3.12/site-packages/airflow/example_dags/example_branch_python_dop_operator_3.py took 0.032 seconds
[2026-05-16T11:18:23.701+0000] {processor.py:161} INFO - Started process (PID=7540) to work on /home/airflow/.local/lib/python3.12/site-packages/airflow/example_dags/example_branch_python_dop_operator_3.py
[2026-05-16T11:18:23.702+0000] {processor.py:830} INFO - Processing file /home/airflow/.local/lib/python3.12/site-packages/airflow/example_dags/example_branch_python_dop_operator_3.py for tasks to queue
[2026-05-16T11:18:23.702+0000] {logging_mixin.py:188} INFO - [2026-05-16T11:18:23.702+0000] {dagbag.py:545} INFO - Filling up the DagBag from /home/airflow/.local/lib/python3.12/site-packages/airflow/example_dags/example_branch_python_dop_operator_3.py
[2026-05-16T11:18:23.706+0000] {processor.py:840} INFO - DAG(s) 'example_branch_dop_operator_v3' retrieved from /home/airflow/.local/lib/python3.12/site-packages/airflow/example_dags/example_branch_python_dop_operator_3.py
[2026-05-16T11:18:23.716+0000] {logging_mixin.py:188} INFO - [2026-05-16T11:18:23.716+0000] {dag.py:3089} INFO - Sync 1 DAGs
[2026-05-16T11:18:23.725+0000] {logging_mixin.py:188} INFO - [2026-05-16T11:18:23.725+0000] {dag.py:3947} INFO - Setting next_dagrun for example_branch_dop_operator_v3 to 2026-05-16 11:17:00+00:00, run_after=2026-05-16 11:18:00+00:00
[2026-05-16T11:18:23.732+0000] {processor.py:183} INFO - Processing /home/airflow/.local/lib/python3.12/site-packages/airflow/example_dags/example_branch_python_dop_operator_3.py took 0.034 seconds
[2026-05-16T11:18:54.181+0000] {processor.py:161} INFO - Started process (PID=7600) to work on /home/airflow/.local/lib/python3.12/site-packages/airflow/example_dags/example_branch_python_dop_operator_3.py
[2026-05-16T11:18:54.181+0000] {processor.py:830} INFO - Processing file /home/airflow/.local/lib/python3.12/site-packages/airflow/example_dags/example_branch_python_dop_operator_3.py for tasks to queue
[2026-05-16T11:18:54.181+0000] {logging_mixin.py:188} INFO - [2026-05-16T11:18:54.181+0000] {dagbag.py:545} INFO - Filling up the DagBag from /home/airflow/.local/lib/python3.12/site-packages/airflow/example_dags/example_branch_python_dop_operator_3.py
[2026-05-16T11:18:54.185+0000] {processor.py:840} INFO - DAG(s) 'example_branch_dop_operator_v3' retrieved from /home/airflow/.local/lib/python3.12/site-packages/airflow/example_dags/example_branch_python_dop_operator_3.py
[2026-05-16T11:18:54.192+0000] {logging_mixin.py:188} INFO - [2026-05-16T11:18:54.192+0000] {dag.py:3089} INFO - Sync 1 DAGs
[2026-05-16T11:18:54.200+0000] {logging_mixin.py:188} INFO - [2026-05-16T11:18:54.200+0000] {dag.py:3947} INFO - Setting next_dagrun for example_branch_dop_operator_v3 to 2026-05-16 11:17:00+00:00, run_after=2026-05-16 11:18:00+00:00
[2026-05-16T11:18:54.205+0000] {processor.py:183} INFO - Processing /home/airflow/.local/lib/python3.12/site-packages/airflow/example_dags/example_branch_python_dop_operator_3.py took 0.026 seconds
[2026-05-16T11:19:24.604+0000] {processor.py:161} INFO - Started process (PID=7660) to work on /home/airflow/.local/lib/python3.12/site-packages/airflow/example_dags/example_branch_python_dop_operator_3.py
[2026-05-16T11:19:24.604+0000] {processor.py:830} INFO - Processing file /home/airflow/.local/lib/python3.12/site-packages/airflow/example_dags/example_branch_python_dop_operator_3.py for tasks to queue
[2026-05-16T11:19:24.604+0000] {logging_mixin.py:188} INFO - [2026-05-16T11:19:24.604+0000] {dagbag.py:545} INFO - Filling up the DagBag from /home/airflow/.local/lib/python3.12/site-packages/airflow/example_dags/example_branch_python_dop_operator_3.py
[2026-05-16T11:19:24.608+0000] {processor.py:840} INFO - DAG(s) 'example_branch_dop_operator_v3' retrieved from /home/airflow/.local/lib/python3.12/site-packages/airflow/example_dags/example_branch_python_dop_operator_3.py
[2026-05-16T11:19:24.615+0000] {logging_mixin.py:188} INFO - [2026-05-16T11:19:24.615+0000] {dag.py:3089} INFO - Sync 1 DAGs
[2026-05-16T11:19:24.624+0000] {logging_mixin.py:188} INFO - [2026-05-16T11:19:24.624+0000] {dag.py:3947} INFO - Setting next_dagrun for example_branch_dop_operator_v3 to 2026-05-16 11:18:00+00:00, run_after=2026-05-16 11:19:00+00:00
[2026-05-16T11:19:24.629+0000] {processor.py:183} INFO - Processing /home/airflow/.local/lib/python3.12/site-packages/airflow/example_dags/example_branch_python_dop_operator_3.py took 0.028 seconds
[2026-05-16T11:19:54.946+0000] {processor.py:161} INFO - Started process (PID=7720) to work on /home/airflow/.local/lib/python3.12/site-packages/airflow/example_dags/example_branch_python_dop_operator_3.py
[2026-05-16T11:19:54.947+0000] {processor.py:830} INFO - Processing file /home/airflow/.local/lib/python3.12/site-packages/airflow/example_dags/example_branch_python_dop_operator_3.py for tasks to queue
[2026-05-16T11:19:54.947+0000] {logging_mixin.py:188} INFO - [2026-05-16T11:19:54.947+0000] {dagbag.py:545} INFO - Filling up the DagBag from /home/airflow/.local/lib/python3.12/site-packages/airflow/example_dags/example_branch_python_dop_operator_3.py
[2026-05-16T11:19:54.951+0000] {processor.py:840} INFO - DAG(s) 'example_branch_dop_operator_v3' retrieved from /home/airflow/.local/lib/python3.12/site-packages/airflow/example_dags/example_branch_python_dop_operator_3.py
[2026-05-16T11:19:54.959+0000] {logging_mixin.py:188} INFO - [2026-05-16T11:19:54.959+0000] {dag.py:3089} INFO - Sync 1 DAGs
[2026-05-16T11:19:54.968+0000] {logging_mixin.py:188} INFO - [2026-05-16T11:19:54.967+0000] {dag.py:3947} INFO - Setting next_dagrun for example_branch_dop_operator_v3 to 2026-05-16 11:18:00+00:00, run_after=2026-05-16 11:19:00+00:00
[2026-05-16T11:19:54.973+0000] {processor.py:183} INFO - Processing /home/airflow/.local/lib/python3.12/site-packages/airflow/example_dags/example_branch_python_dop_operator_3.py took 0.029 seconds
[2026-05-16T11:20:25.359+0000] {processor.py:161} INFO - Started process (PID=7780) to work on /home/airflow/.local/lib/python3.12/site-packages/airflow/example_dags/example_branch_python_dop_operator_3.py
[2026-05-16T11:20:25.359+0000] {processor.py:830} INFO - Processing file /home/airflow/.local/lib/python3.12/site-packages/airflow/example_dags/example_branch_python_dop_operator_3.py for tasks to queue
[2026-05-16T11:20:25.359+0000] {logging_mixin.py:188} INFO - [2026-05-16T11:20:25.359+0000] {dagbag.py:545} INFO - Filling up the DagBag from /home/airflow/.local/lib/python3.12/site-packages/airflow/example_dags/example_branch_python_dop_operator_3.py
[2026-05-16T11:20:25.362+0000] {processor.py:840} INFO - DAG(s) 'example_branch_dop_operator_v3' retrieved from /home/airflow/.local/lib/python3.12/site-packages/airflow/example_dags/example_branch_python_dop_operator_3.py
[2026-05-16T11:20:25.370+0000] {logging_mixin.py:188} INFO - [2026-05-16T11:20:25.370+0000] {dag.py:3089} INFO - Sync 1 DAGs
[2026-05-16T11:20:25.377+0000] {logging_mixin.py:188} INFO - [2026-05-16T11:20:25.377+0000] {dag.py:3947} INFO - Setting next_dagrun for example_branch_dop_operator_v3 to 2026-05-16 11:19:00+00:00, run_after=2026-05-16 11:20:00+00:00
[2026-05-16T11:20:25.382+0000] {processor.py:183} INFO - Processing /home/airflow/.local/lib/python3.12/site-packages/airflow/example_dags/example_branch_python_dop_operator_3.py took 0.026 seconds
[2026-05-16T11:20:55.711+0000] {processor.py:161} INFO - Started process (PID=7840) to work on /home/airflow/.local/lib/python3.12/site-packages/airflow/example_dags/example_branch_python_dop_operator_3.py
[2026-05-16T11:20:55.711+0000] {processor.py:830} INFO - Processing file /home/airflow/.local/lib/python3.12/site-packages/airflow/example_dags/example_branch_python_dop_operator_3.py for tasks to queue
[2026-05-16T11:20:55.711+0000] {logging_mixin.py:188} INFO - [2026-05-16T11:20:55.711+0000] {dagbag.py:545} INFO - Filling up the DagBag from /home/airflow/.local/lib/python3.12/site-packages/airflow/example_dags/example_branch_python_dop_operator_3.py
[2026-05-16T11:20:55.716+0000] {processor.py:840} INFO - DAG(s) 'example_branch_dop_operator_v3' retrieved from /home/airflow/.local/lib/python3.12/site-packages/airflow/example_dags/example_branch_python_dop_operator_3.py
[2026-05-16T11:20:55.724+0000] {logging_mixin.py:188} INFO - [2026-05-16T11:20:55.724+0000] {dag.py:3089} INFO - Sync 1 DAGs
[2026-05-16T11:20:55.731+0000] {logging_mixin.py:188} INFO - [2026-05-16T11:20:55.731+0000] {dag.py:3947} INFO - Setting next_dagrun for example_branch_dop_operator_v3 to 2026-05-16 11:19:00+00:00, run_after=2026-05-16 11:20:00+00:00
[2026-05-16T11:20:55.736+0000] {processor.py:183} INFO - Processing /home/airflow/.local/lib/python3.12/site-packages/airflow/example_dags/example_branch_python_dop_operator_3.py took 0.029 seconds
[2026-05-16T11:21:26.147+0000] {processor.py:161} INFO - Started process (PID=7900) to work on /home/airflow/.local/lib/python3.12/site-packages/airflow/example_dags/example_branch_python_dop_operator_3.py
[2026-05-16T11:21:26.147+0000] {processor.py:830} INFO - Processing file /home/airflow/.local/lib/python3.12/site-packages/airflow/example_dags/example_branch_python_dop_operator_3.py for tasks to queue
[2026-05-16T11:21:26.148+0000] {logging_mixin.py:188} INFO - [2026-05-16T11:21:26.148+0000] {dagbag.py:545} INFO - Filling up the DagBag from /home/airflow/.local/lib/python3.12/site-packages/airflow/example_dags/example_branch_python_dop_operator_3.py
[2026-05-16T11:21:26.151+0000] {processor.py:840} INFO - DAG(s) 'example_branch_dop_operator_v3' retrieved from /home/airflow/.local/lib/python3.12/site-packages/airflow/example_dags/example_branch_python_dop_operator_3.py
[2026-05-16T11:21:26.158+0000] {logging_mixin.py:188} INFO - [2026-05-16T11:21:26.158+0000] {dag.py:3089} INFO - Sync 1 DAGs
[2026-05-16T11:21:26.166+0000] {logging_mixin.py:188} INFO - [2026-05-16T11:21:26.166+0000] {dag.py:3947} INFO - Setting next_dagrun for example_branch_dop_operator_v3 to 2026-05-16 11:20:00+00:00, run_after=2026-05-16 11:21:00+00:00
[2026-05-16T11:21:26.172+0000] {processor.py:183} INFO - Processing /home/airflow/.local/lib/python3.12/site-packages/airflow/example_dags/example_branch_python_dop_operator_3.py took 0.027 seconds
[2026-05-16T11:21:56.551+0000] {processor.py:161} INFO - Started process (PID=7961) to work on /home/airflow/.local/lib/python3.12/site-packages/airflow/example_dags/example_branch_python_dop_operator_3.py
[2026-05-16T11:21:56.551+0000] {processor.py:830} INFO - Processing file /home/airflow/.local/lib/python3.12/site-packages/airflow/example_dags/example_branch_python_dop_operator_3.py for tasks to queue
[2026-05-16T11:21:56.551+0000] {logging_mixin.py:188} INFO - [2026-05-16T11:21:56.551+0000] {dagbag.py:545} INFO - Filling up the DagBag from /home/airflow/.local/lib/python3.12/site-packages/airflow/example_dags/example_branch_python_dop_operator_3.py
[2026-05-16T11:21:56.555+0000] {processor.py:840} INFO - DAG(s) 'example_branch_dop_operator_v3' retrieved from /home/airflow/.local/lib/python3.12/site-packages/airflow/example_dags/example_branch_python_dop_operator_3.py
[2026-05-16T11:21:56.563+0000] {logging_mixin.py:188} INFO - [2026-05-16T11:21:56.563+0000] {dag.py:3089} INFO - Sync 1 DAGs
[2026-05-16T11:21:56.572+0000] {logging_mixin.py:188} INFO - [2026-05-16T11:21:56.572+0000] {dag.py:3947} INFO - Setting next_dagrun for example_branch_dop_operator_v3 to 2026-05-16 11:20:00+00:00, run_after=2026-05-16 11:21:00+00:00
[2026-05-16T11:21:56.578+0000] {processor.py:183} INFO - Processing /home/airflow/.local/lib/python3.12/site-packages/airflow/example_dags/example_branch_python_dop_operator_3.py took 0.029 seconds
[2026-05-16T11:22:26.895+0000] {processor.py:161} INFO - Started process (PID=8021) to work on /home/airflow/.local/lib/python3.12/site-packages/airflow/example_dags/example_branch_python_dop_operator_3.py
[2026-05-16T11:22:26.896+0000] {processor.py:830} INFO - Processing file /home/airflow/.local/lib/python3.12/site-packages/airflow/example_dags/example_branch_python_dop_operator_3.py for tasks to queue
[2026-05-16T11:22:26.896+0000] {logging_mixin.py:188} INFO - [2026-05-16T11:22:26.896+0000] {dagbag.py:545} INFO - Filling up the DagBag from /home/airflow/.local/lib/python3.12/site-packages/airflow/example_dags/example_branch_python_dop_operator_3.py
[2026-05-16T11:22:26.899+0000] {processor.py:840} INFO - DAG(s) 'example_branch_dop_operator_v3' retrieved from /home/airflow/.local/lib/python3.12/site-packages/airflow/example_dags/example_branch_python_dop_operator_3.py
[2026-05-16T11:22:26.908+0000] {logging_mixin.py:188} INFO - [2026-05-16T11:22:26.907+0000] {dag.py:3089} INFO - Sync 1 DAGs
[2026-05-16T11:22:26.916+0000] {logging_mixin.py:188} INFO - [2026-05-16T11:22:26.916+0000] {dag.py:3947} INFO - Setting next_dagrun for example_branch_dop_operator_v3 to 2026-05-16 11:21:00+00:00, run_after=2026-05-16 11:22:00+00:00
[2026-05-16T11:22:26.921+0000] {processor.py:183} INFO - Processing /home/airflow/.local/lib/python3.12/site-packages/airflow/example_dags/example_branch_python_dop_operator_3.py took 0.029 seconds
[2026-05-16T11:22:57.285+0000] {processor.py:161} INFO - Started process (PID=8081) to work on /home/airflow/.local/lib/python3.12/site-packages/airflow/example_dags/example_branch_python_dop_operator_3.py
[2026-05-16T11:22:57.285+0000] {processor.py:830} INFO - Processing file /home/airflow/.local/lib/python3.12/site-packages/airflow/example_dags/example_branch_python_dop_operator_3.py for tasks to queue
[2026-05-16T11:22:57.286+0000] {logging_mixin.py:188} INFO - [2026-05-16T11:22:57.285+0000] {dagbag.py:545} INFO - Filling up the DagBag from /home/airflow/.local/lib/python3.12/site-packages/airflow/example_dags/example_branch_python_dop_operator_3.py
[2026-05-16T11:22:57.289+0000] {processor.py:840} INFO - DAG(s) 'example_branch_dop_operator_v3' retrieved from /home/airflow/.local/lib/python3.12/site-packages/airflow/example_dags/example_branch_python_dop_operator_3.py
[2026-05-16T11:22:57.296+0000] {logging_mixin.py:188} INFO - [2026-05-16T11:22:57.296+0000] {dag.py:3089} INFO - Sync 1 DAGs
[2026-05-16T11:22:57.303+0000] {logging_mixin.py:188} INFO - [2026-05-16T11:22:57.303+0000] {dag.py:3947} INFO - Setting next_dagrun for example_branch_dop_operator_v3 to 2026-05-16 11:21:00+00:00, run_after=2026-05-16 11:22:00+00:00
[2026-05-16T11:22:57.308+0000] {processor.py:183} INFO - Processing /home/airflow/.local/lib/python3.12/site-packages/airflow/example_dags/example_branch_python_dop_operator_3.py took 0.026 seconds
[2026-05-16T11:23:27.694+0000] {processor.py:161} INFO - Started process (PID=8141) to work on /home/airflow/.local/lib/python3.12/site-packages/airflow/example_dags/example_branch_python_dop_operator_3.py
[2026-05-16T11:23:27.694+0000] {processor.py:830} INFO - Processing file /home/airflow/.local/lib/python3.12/site-packages/airflow/example_dags/example_branch_python_dop_operator_3.py for tasks to queue
[2026-05-16T11:23:27.695+0000] {logging_mixin.py:188} INFO - [2026-05-16T11:23:27.695+0000] {dagbag.py:545} INFO - Filling up the DagBag from /home/airflow/.local/lib/python3.12/site-packages/airflow/example_dags/example_branch_python_dop_operator_3.py
[2026-05-16T11:23:27.698+0000] {processor.py:840} INFO - DAG(s) 'example_branch_dop_operator_v3' retrieved from /home/airflow/.local/lib/python3.12/site-packages/airflow/example_dags/example_branch_python_dop_operator_3.py
[2026-05-16T11:23:27.705+0000] {logging_mixin.py:188} INFO - [2026-05-16T11:23:27.705+0000] {dag.py:3089} INFO - Sync 1 DAGs
[2026-05-16T11:23:27.712+0000] {logging_mixin.py:188} INFO - [2026-05-16T11:23:27.712+0000] {dag.py:3947} INFO - Setting next_dagrun for example_branch_dop_operator_v3 to 2026-05-16 11:22:00+00:00, run_after=2026-05-16 11:23:00+00:00
[2026-05-16T11:23:27.717+0000] {processor.py:183} INFO - Processing /home/airflow/.local/lib/python3.12/site-packages/airflow/example_dags/example_branch_python_dop_operator_3.py took 0.025 seconds
[2026-05-16T11:23:58.127+0000] {processor.py:161} INFO - Started process (PID=8201) to work on /home/airflow/.local/lib/python3.12/site-packages/airflow/example_dags/example_branch_python_dop_operator_3.py
[2026-05-16T11:23:58.128+0000] {processor.py:830} INFO - Processing file /home/airflow/.local/lib/python3.12/site-packages/airflow/example_dags/example_branch_python_dop_operator_3.py for tasks to queue
[2026-05-16T11:23:58.128+0000] {logging_mixin.py:188} INFO - [2026-05-16T11:23:58.128+0000] {dagbag.py:545} INFO - Filling up the DagBag from /home/airflow/.local/lib/python3.12/site-packages/airflow/example_dags/example_branch_python_dop_operator_3.py
[2026-05-16T11:23:58.131+0000] {processor.py:840} INFO - DAG(s) 'example_branch_dop_operator_v3' retrieved from /home/airflow/.local/lib/python3.12/site-packages/airflow/example_dags/example_branch_python_dop_operator_3.py
[2026-05-16T11:23:58.139+0000] {logging_mixin.py:188} INFO - [2026-05-16T11:23:58.139+0000] {dag.py:3089} INFO - Sync 1 DAGs
[2026-05-16T11:23:58.147+0000] {logging_mixin.py:188} INFO - [2026-05-16T11:23:58.147+0000] {dag.py:3947} INFO - Setting next_dagrun for example_branch_dop_operator_v3 to 2026-05-16 11:22:00+00:00, run_after=2026-05-16 11:23:00+00:00
[2026-05-16T11:23:58.151+0000] {processor.py:183} INFO - Processing /home/airflow/.local/lib/python3.12/site-packages/airflow/example_dags/example_branch_python_dop_operator_3.py took 0.027 seconds
[2026-05-16T11:24:28.603+0000] {processor.py:161} INFO - Started process (PID=8261) to work on /home/airflow/.local/lib/python3.12/site-packages/airflow/example_dags/example_branch_python_dop_operator_3.py
[2026-05-16T11:24:28.604+0000] {processor.py:830} INFO - Processing file /home/airflow/.local/lib/python3.12/site-packages/airflow/example_dags/example_branch_python_dop_operator_3.py for tasks to queue
[2026-05-16T11:24:28.605+0000] {logging_mixin.py:188} INFO - [2026-05-16T11:24:28.604+0000] {dagbag.py:545} INFO - Filling up the DagBag from /home/airflow/.local/lib/python3.12/site-packages/airflow/example_dags/example_branch_python_dop_operator_3.py
[2026-05-16T11:24:28.608+0000] {processor.py:840} INFO - DAG(s) 'example_branch_dop_operator_v3' retrieved from /home/airflow/.local/lib/python3.12/site-packages/airflow/example_dags/example_branch_python_dop_operator_3.py
[2026-05-16T11:24:28.617+0000] {logging_mixin.py:188} INFO - [2026-05-16T11:24:28.617+0000] {dag.py:3089} INFO - Sync 1 DAGs
[2026-05-16T11:24:28.627+0000] {logging_mixin.py:188} INFO - [2026-05-16T11:24:28.627+0000] {dag.py:3947} INFO - Setting next_dagrun for example_branch_dop_operator_v3 to 2026-05-16 11:23:00+00:00, run_after=2026-05-16 11:24:00+00:00
[2026-05-16T11:24:28.633+0000] {processor.py:183} INFO - Processing /home/airflow/.local/lib/python3.12/site-packages/airflow/example_dags/example_branch_python_dop_operator_3.py took 0.032 seconds
[2026-05-16T11:24:59.140+0000] {processor.py:161} INFO - Started process (PID=8321) to work on /home/airflow/.local/lib/python3.12/site-packages/airflow/example_dags/example_branch_python_dop_operator_3.py
[2026-05-16T11:24:59.141+0000] {processor.py:830} INFO - Processing file /home/airflow/.local/lib/python3.12/site-packages/airflow/example_dags/example_branch_python_dop_operator_3.py for tasks to queue
[2026-05-16T11:24:59.141+0000] {logging_mixin.py:188} INFO - [2026-05-16T11:24:59.141+0000] {dagbag.py:545} INFO - Filling up the DagBag from /home/airflow/.local/lib/python3.12/site-packages/airflow/example_dags/example_branch_python_dop_operator_3.py
[2026-05-16T11:24:59.144+0000] {processor.py:840} INFO - DAG(s) 'example_branch_dop_operator_v3' retrieved from /home/airflow/.local/lib/python3.12/site-packages/airflow/example_dags/example_branch_python_dop_operator_3.py
[2026-05-16T11:24:59.153+0000] {logging_mixin.py:188} INFO - [2026-05-16T11:24:59.152+0000] {dag.py:3089} INFO - Sync 1 DAGs
[2026-05-16T11:24:59.161+0000] {logging_mixin.py:188} INFO - [2026-05-16T11:24:59.161+0000] {dag.py:3947} INFO - Setting next_dagrun for example_branch_dop_operator_v3 to 2026-05-16 11:23:00+00:00, run_after=2026-05-16 11:24:00+00:00
[2026-05-16T11:24:59.167+0000] {processor.py:183} INFO - Processing /home/airflow/.local/lib/python3.12/site-packages/airflow/example_dags/example_branch_python_dop_operator_3.py took 0.029 seconds
[2026-05-16T11:25:29.711+0000] {processor.py:161} INFO - Started process (PID=8381) to work on /home/airflow/.local/lib/python3.12/site-packages/airflow/example_dags/example_branch_python_dop_operator_3.py
[2026-05-16T11:25:29.712+0000] {processor.py:830} INFO - Processing file /home/airflow/.local/lib/python3.12/site-packages/airflow/example_dags/example_branch_python_dop_operator_3.py for tasks to queue
[2026-05-16T11:25:29.712+0000] {logging_mixin.py:188} INFO - [2026-05-16T11:25:29.712+0000] {dagbag.py:545} INFO - Filling up the DagBag from /home/airflow/.local/lib/python3.12/site-packages/airflow/example_dags/example_branch_python_dop_operator_3.py
[2026-05-16T11:25:29.715+0000] {processor.py:840} INFO - DAG(s) 'example_branch_dop_operator_v3' retrieved from /home/airflow/.local/lib/python3.12/site-packages/airflow/example_dags/example_branch_python_dop_operator_3.py
[2026-05-16T11:25:29.724+0000] {logging_mixin.py:188} INFO - [2026-05-16T11:25:29.724+0000] {dag.py:3089} INFO - Sync 1 DAGs
[2026-05-16T11:25:29.731+0000] {logging_mixin.py:188} INFO - [2026-05-16T11:25:29.731+0000] {dag.py:3947} INFO - Setting next_dagrun for example_branch_dop_operator_v3 to 2026-05-16 11:24:00+00:00, run_after=2026-05-16 11:25:00+00:00
[2026-05-16T11:25:29.735+0000] {processor.py:183} INFO - Processing /home/airflow/.local/lib/python3.12/site-packages/airflow/example_dags/example_branch_python_dop_operator_3.py took 0.029 seconds
[2026-05-16T11:26:00.332+0000] {processor.py:161} INFO - Started process (PID=8441) to work on /home/airflow/.local/lib/python3.12/site-packages/airflow/example_dags/example_branch_python_dop_operator_3.py
[2026-05-16T11:26:00.332+0000] {processor.py:830} INFO - Processing file /home/airflow/.local/lib/python3.12/site-packages/airflow/example_dags/example_branch_python_dop_operator_3.py for tasks to queue
[2026-05-16T11:26:00.333+0000] {logging_mixin.py:188} INFO - [2026-05-16T11:26:00.333+0000] {dagbag.py:545} INFO - Filling up the DagBag from /home/airflow/.local/lib/python3.12/site-packages/airflow/example_dags/example_branch_python_dop_operator_3.py
[2026-05-16T11:26:00.336+0000] {processor.py:840} INFO - DAG(s) 'example_branch_dop_operator_v3' retrieved from /home/airflow/.local/lib/python3.12/site-packages/airflow/example_dags/example_branch_python_dop_operator_3.py
[2026-05-16T11:26:00.346+0000] {logging_mixin.py:188} INFO - [2026-05-16T11:26:00.346+0000] {dag.py:3089} INFO - Sync 1 DAGs
[2026-05-16T11:26:00.355+0000] {logging_mixin.py:188} INFO - [2026-05-16T11:26:00.355+0000] {dag.py:3947} INFO - Setting next_dagrun for example_branch_dop_operator_v3 to 2026-05-16 11:25:00+00:00, run_after=2026-05-16 11:26:00+00:00
[2026-05-16T11:26:00.361+0000] {processor.py:183} INFO - Processing /home/airflow/.local/lib/python3.12/site-packages/airflow/example_dags/example_branch_python_dop_operator_3.py took 0.032 seconds
[2026-05-16T11:26:30.941+0000] {processor.py:161} INFO - Started process (PID=8501) to work on /home/airflow/.local/lib/python3.12/site-packages/airflow/example_dags/example_branch_python_dop_operator_3.py
[2026-05-16T11:26:30.941+0000] {processor.py:830} INFO - Processing file /home/airflow/.local/lib/python3.12/site-packages/airflow/example_dags/example_branch_python_dop_operator_3.py for tasks to queue
[2026-05-16T11:26:30.941+0000] {logging_mixin.py:188} INFO - [2026-05-16T11:26:30.941+0000] {dagbag.py:545} INFO - Filling up the DagBag from /home/airflow/.local/lib/python3.12/site-packages/airflow/example_dags/example_branch_python_dop_operator_3.py
[2026-05-16T11:26:30.945+0000] {processor.py:840} INFO - DAG(s) 'example_branch_dop_operator_v3' retrieved from /home/airflow/.local/lib/python3.12/site-packages/airflow/example_dags/example_branch_python_dop_operator_3.py
[2026-05-16T11:26:30.954+0000] {logging_mixin.py:188} INFO - [2026-05-16T11:26:30.954+0000] {dag.py:3089} INFO - Sync 1 DAGs
[2026-05-16T11:26:30.962+0000] {logging_mixin.py:188} INFO - [2026-05-16T11:26:30.962+0000] {dag.py:3947} INFO - Setting next_dagrun for example_branch_dop_operator_v3 to 2026-05-16 11:25:00+00:00, run_after=2026-05-16 11:26:00+00:00
[2026-05-16T11:26:30.968+0000] {processor.py:183} INFO - Processing /home/airflow/.local/lib/python3.12/site-packages/airflow/example_dags/example_branch_python_dop_operator_3.py took 0.030 seconds
[2026-05-16T11:27:01.501+0000] {processor.py:161} INFO - Started process (PID=8561) to work on /home/airflow/.local/lib/python3.12/site-packages/airflow/example_dags/example_branch_python_dop_operator_3.py
[2026-05-16T11:27:01.501+0000] {processor.py:830} INFO - Processing file /home/airflow/.local/lib/python3.12/site-packages/airflow/example_dags/example_branch_python_dop_operator_3.py for tasks to queue
[2026-05-16T11:27:01.502+0000] {logging_mixin.py:188} INFO - [2026-05-16T11:27:01.502+0000] {dagbag.py:545} INFO - Filling up the DagBag from /home/airflow/.local/lib/python3.12/site-packages/airflow/example_dags/example_branch_python_dop_operator_3.py
[2026-05-16T11:27:01.505+0000] {processor.py:840} INFO - DAG(s) 'example_branch_dop_operator_v3' retrieved from /home/airflow/.local/lib/python3.12/site-packages/airflow/example_dags/example_branch_python_dop_operator_3.py
[2026-05-16T11:27:01.512+0000] {logging_mixin.py:188} INFO - [2026-05-16T11:27:01.512+0000] {dag.py:3089} INFO - Sync 1 DAGs
[2026-05-16T11:27:01.519+0000] {logging_mixin.py:188} INFO - [2026-05-16T11:27:01.519+0000] {dag.py:3947} INFO - Setting next_dagrun for example_branch_dop_operator_v3 to 2026-05-16 11:26:00+00:00, run_after=2026-05-16 11:27:00+00:00
[2026-05-16T11:27:01.525+0000] {processor.py:183} INFO - Processing /home/airflow/.local/lib/python3.12/site-packages/airflow/example_dags/example_branch_python_dop_operator_3.py took 0.026 seconds
[2026-05-16T11:27:32.097+0000] {processor.py:161} INFO - Started process (PID=8622) to work on /home/airflow/.local/lib/python3.12/site-packages/airflow/example_dags/example_branch_python_dop_operator_3.py
[2026-05-16T11:27:32.098+0000] {processor.py:830} INFO - Processing file /home/airflow/.local/lib/python3.12/site-packages/airflow/example_dags/example_branch_python_dop_operator_3.py for tasks to queue
[2026-05-16T11:27:32.098+0000] {logging_mixin.py:188} INFO - [2026-05-16T11:27:32.098+0000] {dagbag.py:545} INFO - Filling up the DagBag from /home/airflow/.local/lib/python3.12/site-packages/airflow/example_dags/example_branch_python_dop_operator_3.py
[2026-05-16T11:27:32.102+0000] {processor.py:840} INFO - DAG(s) 'example_branch_dop_operator_v3' retrieved from /home/airflow/.local/lib/python3.12/site-packages/airflow/example_dags/example_branch_python_dop_operator_3.py
[2026-05-16T11:27:32.107+0000] {logging_mixin.py:188} INFO - [2026-05-16T11:27:32.107+0000] {dag.py:3089} INFO - Sync 1 DAGs
[2026-05-16T11:27:32.115+0000] {logging_mixin.py:188} INFO - [2026-05-16T11:27:32.115+0000] {dag.py:3947} INFO - Setting next_dagrun for example_branch_dop_operator_v3 to 2026-05-16 11:26:00+00:00, run_after=2026-05-16 11:27:00+00:00
[2026-05-16T11:27:32.119+0000] {processor.py:183} INFO - Processing /home/airflow/.local/lib/python3.12/site-packages/airflow/example_dags/example_branch_python_dop_operator_3.py took 0.025 seconds
[2026-05-16T11:28:02.971+0000] {processor.py:161} INFO - Started process (PID=8683) to work on /home/airflow/.local/lib/python3.12/site-packages/airflow/example_dags/example_branch_python_dop_operator_3.py
[2026-05-16T11:28:02.972+0000] {processor.py:830} INFO - Processing file /home/airflow/.local/lib/python3.12/site-packages/airflow/example_dags/example_branch_python_dop_operator_3.py for tasks to queue
[2026-05-16T11:28:02.972+0000] {logging_mixin.py:188} INFO - [2026-05-16T11:28:02.972+0000] {dagbag.py:545} INFO - Filling up the DagBag from /home/airflow/.local/lib/python3.12/site-packages/airflow/example_dags/example_branch_python_dop_operator_3.py
[2026-05-16T11:28:02.975+0000] {processor.py:840} INFO - DAG(s) 'example_branch_dop_operator_v3' retrieved from /home/airflow/.local/lib/python3.12/site-packages/airflow/example_dags/example_branch_python_dop_operator_3.py
[2026-05-16T11:28:03.013+0000] {logging_mixin.py:188} INFO - [2026-05-16T11:28:03.013+0000] {dag.py:3089} INFO - Sync 1 DAGs
[2026-05-16T11:28:03.020+0000] {logging_mixin.py:188} INFO - [2026-05-16T11:28:03.020+0000] {dag.py:3947} INFO - Setting next_dagrun for example_branch_dop_operator_v3 to 2026-05-16 11:27:00+00:00, run_after=2026-05-16 11:28:00+00:00
[2026-05-16T11:28:03.026+0000] {processor.py:183} INFO - Processing /home/airflow/.local/lib/python3.12/site-packages/airflow/example_dags/example_branch_python_dop_operator_3.py took 0.057 seconds
[2026-05-16T11:28:33.742+0000] {processor.py:161} INFO - Started process (PID=8744) to work on /home/airflow/.local/lib/python3.12/site-packages/airflow/example_dags/example_branch_python_dop_operator_3.py
[2026-05-16T11:28:33.743+0000] {processor.py:830} INFO - Processing file /home/airflow/.local/lib/python3.12/site-packages/airflow/example_dags/example_branch_python_dop_operator_3.py for tasks to queue
[2026-05-16T11:28:33.743+0000] {logging_mixin.py:188} INFO - [2026-05-16T11:28:33.743+0000] {dagbag.py:545} INFO - Filling up the DagBag from /home/airflow/.local/lib/python3.12/site-packages/airflow/example_dags/example_branch_python_dop_operator_3.py
[2026-05-16T11:28:33.746+0000] {processor.py:840} INFO - DAG(s) 'example_branch_dop_operator_v3' retrieved from /home/airflow/.local/lib/python3.12/site-packages/airflow/example_dags/example_branch_python_dop_operator_3.py
[2026-05-16T11:28:33.753+0000] {logging_mixin.py:188} INFO - [2026-05-16T11:28:33.753+0000] {dag.py:3089} INFO - Sync 1 DAGs
[2026-05-16T11:28:33.761+0000] {logging_mixin.py:188} INFO - [2026-05-16T11:28:33.761+0000] {dag.py:3947} INFO - Setting next_dagrun for example_branch_dop_operator_v3 to 2026-05-16 11:27:00+00:00, run_after=2026-05-16 11:28:00+00:00
[2026-05-16T11:28:33.766+0000] {processor.py:183} INFO - Processing /home/airflow/.local/lib/python3.12/site-packages/airflow/example_dags/example_branch_python_dop_operator_3.py took 0.025 seconds
[2026-05-16T11:29:04.183+0000] {processor.py:161} INFO - Started process (PID=8805) to work on /home/airflow/.local/lib/python3.12/site-packages/airflow/example_dags/example_branch_python_dop_operator_3.py
[2026-05-16T11:29:04.183+0000] {processor.py:830} INFO - Processing file /home/airflow/.local/lib/python3.12/site-packages/airflow/example_dags/example_branch_python_dop_operator_3.py for tasks to queue
[2026-05-16T11:29:04.184+0000] {logging_mixin.py:188} INFO - [2026-05-16T11:29:04.183+0000] {dagbag.py:545} INFO - Filling up the DagBag from /home/airflow/.local/lib/python3.12/site-packages/airflow/example_dags/example_branch_python_dop_operator_3.py
[2026-05-16T11:29:04.186+0000] {processor.py:840} INFO - DAG(s) 'example_branch_dop_operator_v3' retrieved from /home/airflow/.local/lib/python3.12/site-packages/airflow/example_dags/example_branch_python_dop_operator_3.py
[2026-05-16T11:29:04.194+0000] {logging_mixin.py:188} INFO - [2026-05-16T11:29:04.194+0000] {dag.py:3089} INFO - Sync 1 DAGs
[2026-05-16T11:29:04.201+0000] {logging_mixin.py:188} INFO - [2026-05-16T11:29:04.201+0000] {dag.py:3947} INFO - Setting next_dagrun for example_branch_dop_operator_v3 to 2026-05-16 11:28:00+00:00, run_after=2026-05-16 11:29:00+00:00
[2026-05-16T11:29:04.206+0000] {processor.py:183} INFO - Processing /home/airflow/.local/lib/python3.12/site-packages/airflow/example_dags/example_branch_python_dop_operator_3.py took 0.025 seconds
[2026-05-16T11:29:34.801+0000] {processor.py:161} INFO - Started process (PID=8867) to work on /home/airflow/.local/lib/python3.12/site-packages/airflow/example_dags/example_branch_python_dop_operator_3.py
[2026-05-16T11:29:34.801+0000] {processor.py:830} INFO - Processing file /home/airflow/.local/lib/python3.12/site-packages/airflow/example_dags/example_branch_python_dop_operator_3.py for tasks to queue
[2026-05-16T11:29:34.802+0000] {logging_mixin.py:188} INFO - [2026-05-16T11:29:34.802+0000] {dagbag.py:545} INFO - Filling up the DagBag from /home/airflow/.local/lib/python3.12/site-packages/airflow/example_dags/example_branch_python_dop_operator_3.py
[2026-05-16T11:29:34.805+0000] {processor.py:840} INFO - DAG(s) 'example_branch_dop_operator_v3' retrieved from /home/airflow/.local/lib/python3.12/site-packages/airflow/example_dags/example_branch_python_dop_operator_3.py
[2026-05-16T11:29:34.812+0000] {logging_mixin.py:188} INFO - [2026-05-16T11:29:34.812+0000] {dag.py:3089} INFO - Sync 1 DAGs
[2026-05-16T11:29:34.820+0000] {logging_mixin.py:188} INFO - [2026-05-16T11:29:34.820+0000] {dag.py:3947} INFO - Setting next_dagrun for example_branch_dop_operator_v3 to 2026-05-16 11:28:00+00:00, run_after=2026-05-16 11:29:00+00:00
[2026-05-16T11:29:34.825+0000] {processor.py:183} INFO - Processing /home/airflow/.local/lib/python3.12/site-packages/airflow/example_dags/example_branch_python_dop_operator_3.py took 0.027 seconds
[2026-05-16T11:30:05.481+0000] {processor.py:161} INFO - Started process (PID=8928) to work on /home/airflow/.local/lib/python3.12/site-packages/airflow/example_dags/example_branch_python_dop_operator_3.py
[2026-05-16T11:30:05.482+0000] {processor.py:830} INFO - Processing file /home/airflow/.local/lib/python3.12/site-packages/airflow/example_dags/example_branch_python_dop_operator_3.py for tasks to queue
[2026-05-16T11:30:05.482+0000] {logging_mixin.py:188} INFO - [2026-05-16T11:30:05.482+0000] {dagbag.py:545} INFO - Filling up the DagBag from /home/airflow/.local/lib/python3.12/site-packages/airflow/example_dags/example_branch_python_dop_operator_3.py
[2026-05-16T11:30:05.485+0000] {processor.py:840} INFO - DAG(s) 'example_branch_dop_operator_v3' retrieved from /home/airflow/.local/lib/python3.12/site-packages/airflow/example_dags/example_branch_python_dop_operator_3.py
[2026-05-16T11:30:05.494+0000] {logging_mixin.py:188} INFO - [2026-05-16T11:30:05.494+0000] {dag.py:3089} INFO - Sync 1 DAGs
[2026-05-16T11:30:05.504+0000] {logging_mixin.py:188} INFO - [2026-05-16T11:30:05.503+0000] {dag.py:3947} INFO - Setting next_dagrun for example_branch_dop_operator_v3 to 2026-05-16 11:29:00+00:00, run_after=2026-05-16 11:30:00+00:00
[2026-05-16T11:30:05.510+0000] {processor.py:183} INFO - Processing /home/airflow/.local/lib/python3.12/site-packages/airflow/example_dags/example_branch_python_dop_operator_3.py took 0.032 seconds
[2026-05-16T11:30:36.089+0000] {processor.py:161} INFO - Started process (PID=8989) to work on /home/airflow/.local/lib/python3.12/site-packages/airflow/example_dags/example_branch_python_dop_operator_3.py
[2026-05-16T11:30:36.090+0000] {processor.py:830} INFO - Processing file /home/airflow/.local/lib/python3.12/site-packages/airflow/example_dags/example_branch_python_dop_operator_3.py for tasks to queue
[2026-05-16T11:30:36.090+0000] {logging_mixin.py:188} INFO - [2026-05-16T11:30:36.090+0000] {dagbag.py:545} INFO - Filling up the DagBag from /home/airflow/.local/lib/python3.12/site-packages/airflow/example_dags/example_branch_python_dop_operator_3.py
[2026-05-16T11:30:36.093+0000] {processor.py:840} INFO - DAG(s) 'example_branch_dop_operator_v3' retrieved from /home/airflow/.local/lib/python3.12/site-packages/airflow/example_dags/example_branch_python_dop_operator_3.py
[2026-05-16T11:30:36.102+0000] {logging_mixin.py:188} INFO - [2026-05-16T11:30:36.101+0000] {dag.py:3089} INFO - Sync 1 DAGs
[2026-05-16T11:30:36.111+0000] {logging_mixin.py:188} INFO - [2026-05-16T11:30:36.111+0000] {dag.py:3947} INFO - Setting next_dagrun for example_branch_dop_operator_v3 to 2026-05-16 11:29:00+00:00, run_after=2026-05-16 11:30:00+00:00
[2026-05-16T11:30:36.117+0000] {processor.py:183} INFO - Processing /home/airflow/.local/lib/python3.12/site-packages/airflow/example_dags/example_branch_python_dop_operator_3.py took 0.030 seconds
[2026-05-16T11:31:06.744+0000] {processor.py:161} INFO - Started process (PID=9050) to work on /home/airflow/.local/lib/python3.12/site-packages/airflow/example_dags/example_branch_python_dop_operator_3.py
[2026-05-16T11:31:06.745+0000] {processor.py:830} INFO - Processing file /home/airflow/.local/lib/python3.12/site-packages/airflow/example_dags/example_branch_python_dop_operator_3.py for tasks to queue
[2026-05-16T11:31:06.745+0000] {logging_mixin.py:188} INFO - [2026-05-16T11:31:06.745+0000] {dagbag.py:545} INFO - Filling up the DagBag from /home/airflow/.local/lib/python3.12/site-packages/airflow/example_dags/example_branch_python_dop_operator_3.py
[2026-05-16T11:31:06.748+0000] {processor.py:840} INFO - DAG(s) 'example_branch_dop_operator_v3' retrieved from /home/airflow/.local/lib/python3.12/site-packages/airflow/example_dags/example_branch_python_dop_operator_3.py
[2026-05-16T11:31:06.756+0000] {logging_mixin.py:188} INFO - [2026-05-16T11:31:06.756+0000] {dag.py:3089} INFO - Sync 1 DAGs
[2026-05-16T11:31:06.763+0000] {logging_mixin.py:188} INFO - [2026-05-16T11:31:06.763+0000] {dag.py:3947} INFO - Setting next_dagrun for example_branch_dop_operator_v3 to 2026-05-16 11:30:00+00:00, run_after=2026-05-16 11:31:00+00:00
[2026-05-16T11:31:06.768+0000] {processor.py:183} INFO - Processing /home/airflow/.local/lib/python3.12/site-packages/airflow/example_dags/example_branch_python_dop_operator_3.py took 0.027 seconds
[2026-05-16T11:31:37.244+0000] {processor.py:161} INFO - Started process (PID=9111) to work on /home/airflow/.local/lib/python3.12/site-packages/airflow/example_dags/example_branch_python_dop_operator_3.py
[2026-05-16T11:31:37.244+0000] {processor.py:830} INFO - Processing file /home/airflow/.local/lib/python3.12/site-packages/airflow/example_dags/example_branch_python_dop_operator_3.py for tasks to queue
[2026-05-16T11:31:37.245+0000] {logging_mixin.py:188} INFO - [2026-05-16T11:31:37.244+0000] {dagbag.py:545} INFO - Filling up the DagBag from /home/airflow/.local/lib/python3.12/site-packages/airflow/example_dags/example_branch_python_dop_operator_3.py
[2026-05-16T11:31:37.249+0000] {processor.py:840} INFO - DAG(s) 'example_branch_dop_operator_v3' retrieved from /home/airflow/.local/lib/python3.12/site-packages/airflow/example_dags/example_branch_python_dop_operator_3.py
[2026-05-16T11:31:37.258+0000] {logging_mixin.py:188} INFO - [2026-05-16T11:31:37.258+0000] {dag.py:3089} INFO - Sync 1 DAGs
[2026-05-16T11:31:37.268+0000] {logging_mixin.py:188} INFO - [2026-05-16T11:31:37.268+0000] {dag.py:3947} INFO - Setting next_dagrun for example_branch_dop_operator_v3 to 2026-05-16 11:30:00+00:00, run_after=2026-05-16 11:31:00+00:00
[2026-05-16T11:31:37.273+0000] {processor.py:183} INFO - Processing /home/airflow/.local/lib/python3.12/site-packages/airflow/example_dags/example_branch_python_dop_operator_3.py took 0.033 seconds
[2026-05-16T11:32:07.708+0000] {processor.py:161} INFO - Started process (PID=9172) to work on /home/airflow/.local/lib/python3.12/site-packages/airflow/example_dags/example_branch_python_dop_operator_3.py
[2026-05-16T11:32:07.709+0000] {processor.py:830} INFO - Processing file /home/airflow/.local/lib/python3.12/site-packages/airflow/example_dags/example_branch_python_dop_operator_3.py for tasks to queue
[2026-05-16T11:32:07.709+0000] {logging_mixin.py:188} INFO - [2026-05-16T11:32:07.709+0000] {dagbag.py:545} INFO - Filling up the DagBag from /home/airflow/.local/lib/python3.12/site-packages/airflow/example_dags/example_branch_python_dop_operator_3.py
[2026-05-16T11:32:07.712+0000] {processor.py:840} INFO - DAG(s) 'example_branch_dop_operator_v3' retrieved from /home/airflow/.local/lib/python3.12/site-packages/airflow/example_dags/example_branch_python_dop_operator_3.py
[2026-05-16T11:32:07.720+0000] {logging_mixin.py:188} INFO - [2026-05-16T11:32:07.720+0000] {dag.py:3089} INFO - Sync 1 DAGs
[2026-05-16T11:32:07.731+0000] {logging_mixin.py:188} INFO - [2026-05-16T11:32:07.731+0000] {dag.py:3947} INFO - Setting next_dagrun for example_branch_dop_operator_v3 to 2026-05-16 11:31:00+00:00, run_after=2026-05-16 11:32:00+00:00
[2026-05-16T11:32:07.736+0000] {processor.py:183} INFO - Processing /home/airflow/.local/lib/python3.12/site-packages/airflow/example_dags/example_branch_python_dop_operator_3.py took 0.030 seconds
[2026-05-16T11:32:38.193+0000] {processor.py:161} INFO - Started process (PID=9234) to work on /home/airflow/.local/lib/python3.12/site-packages/airflow/example_dags/example_branch_python_dop_operator_3.py
[2026-05-16T11:32:38.194+0000] {processor.py:830} INFO - Processing file /home/airflow/.local/lib/python3.12/site-packages/airflow/example_dags/example_branch_python_dop_operator_3.py for tasks to queue
[2026-05-16T11:32:38.194+0000] {logging_mixin.py:188} INFO - [2026-05-16T11:32:38.194+0000] {dagbag.py:545} INFO - Filling up the DagBag from /home/airflow/.local/lib/python3.12/site-packages/airflow/example_dags/example_branch_python_dop_operator_3.py
[2026-05-16T11:32:38.198+0000] {processor.py:840} INFO - DAG(s) 'example_branch_dop_operator_v3' retrieved from /home/airflow/.local/lib/python3.12/site-packages/airflow/example_dags/example_branch_python_dop_operator_3.py
[2026-05-16T11:32:38.206+0000] {logging_mixin.py:188} INFO - [2026-05-16T11:32:38.206+0000] {dag.py:3089} INFO - Sync 1 DAGs
[2026-05-16T11:32:38.215+0000] {logging_mixin.py:188} INFO - [2026-05-16T11:32:38.215+0000] {dag.py:3947} INFO - Setting next_dagrun for example_branch_dop_operator_v3 to 2026-05-16 11:31:00+00:00, run_after=2026-05-16 11:32:00+00:00
[2026-05-16T11:32:38.221+0000] {processor.py:183} INFO - Processing /home/airflow/.local/lib/python3.12/site-packages/airflow/example_dags/example_branch_python_dop_operator_3.py took 0.030 seconds
[2026-05-16T11:33:08.954+0000] {processor.py:161} INFO - Started process (PID=9302) to work on /home/airflow/.local/lib/python3.12/site-packages/airflow/example_dags/example_branch_python_dop_operator_3.py
[2026-05-16T11:33:08.954+0000] {processor.py:830} INFO - Processing file /home/airflow/.local/lib/python3.12/site-packages/airflow/example_dags/example_branch_python_dop_operator_3.py for tasks to queue
[2026-05-16T11:33:08.954+0000] {logging_mixin.py:188} INFO - [2026-05-16T11:33:08.954+0000] {dagbag.py:545} INFO - Filling up the DagBag from /home/airflow/.local/lib/python3.12/site-packages/airflow/example_dags/example_branch_python_dop_operator_3.py
[2026-05-16T11:33:08.958+0000] {processor.py:840} INFO - DAG(s) 'example_branch_dop_operator_v3' retrieved from /home/airflow/.local/lib/python3.12/site-packages/airflow/example_dags/example_branch_python_dop_operator_3.py
[2026-05-16T11:33:08.968+0000] {logging_mixin.py:188} INFO - [2026-05-16T11:33:08.968+0000] {dag.py:3089} INFO - Sync 1 DAGs
[2026-05-16T11:33:08.979+0000] {logging_mixin.py:188} INFO - [2026-05-16T11:33:08.978+0000] {dag.py:3947} INFO - Setting next_dagrun for example_branch_dop_operator_v3 to 2026-05-16 11:32:00+00:00, run_after=2026-05-16 11:33:00+00:00
[2026-05-16T11:33:08.984+0000] {processor.py:183} INFO - Processing /home/airflow/.local/lib/python3.12/site-packages/airflow/example_dags/example_branch_python_dop_operator_3.py took 0.034 seconds
[2026-05-16T11:33:39.469+0000] {processor.py:161} INFO - Started process (PID=9364) to work on /home/airflow/.local/lib/python3.12/site-packages/airflow/example_dags/example_branch_python_dop_operator_3.py
[2026-05-16T11:33:39.469+0000] {processor.py:830} INFO - Processing file /home/airflow/.local/lib/python3.12/site-packages/airflow/example_dags/example_branch_python_dop_operator_3.py for tasks to queue
[2026-05-16T11:33:39.469+0000] {logging_mixin.py:188} INFO - [2026-05-16T11:33:39.469+0000] {dagbag.py:545} INFO - Filling up the DagBag from /home/airflow/.local/lib/python3.12/site-packages/airflow/example_dags/example_branch_python_dop_operator_3.py
[2026-05-16T11:33:39.473+0000] {processor.py:840} INFO - DAG(s) 'example_branch_dop_operator_v3' retrieved from /home/airflow/.local/lib/python3.12/site-packages/airflow/example_dags/example_branch_python_dop_operator_3.py
[2026-05-16T11:33:39.480+0000] {logging_mixin.py:188} INFO - [2026-05-16T11:33:39.480+0000] {dag.py:3089} INFO - Sync 1 DAGs
[2026-05-16T11:33:39.487+0000] {logging_mixin.py:188} INFO - [2026-05-16T11:33:39.487+0000] {dag.py:3947} INFO - Setting next_dagrun for example_branch_dop_operator_v3 to 2026-05-16 11:32:00+00:00, run_after=2026-05-16 11:33:00+00:00
[2026-05-16T11:33:39.492+0000] {processor.py:183} INFO - Processing /home/airflow/.local/lib/python3.12/site-packages/airflow/example_dags/example_branch_python_dop_operator_3.py took 0.027 seconds
[2026-05-16T11:34:09.954+0000] {processor.py:161} INFO - Started process (PID=9426) to work on /home/airflow/.local/lib/python3.12/site-packages/airflow/example_dags/example_branch_python_dop_operator_3.py
[2026-05-16T11:34:09.954+0000] {processor.py:830} INFO - Processing file /home/airflow/.local/lib/python3.12/site-packages/airflow/example_dags/example_branch_python_dop_operator_3.py for tasks to queue
[2026-05-16T11:34:09.954+0000] {logging_mixin.py:188} INFO - [2026-05-16T11:34:09.954+0000] {dagbag.py:545} INFO - Filling up the DagBag from /home/airflow/.local/lib/python3.12/site-packages/airflow/example_dags/example_branch_python_dop_operator_3.py
[2026-05-16T11:34:09.958+0000] {processor.py:840} INFO - DAG(s) 'example_branch_dop_operator_v3' retrieved from /home/airflow/.local/lib/python3.12/site-packages/airflow/example_dags/example_branch_python_dop_operator_3.py
[2026-05-16T11:34:09.967+0000] {logging_mixin.py:188} INFO - [2026-05-16T11:34:09.967+0000] {dag.py:3089} INFO - Sync 1 DAGs
[2026-05-16T11:34:09.975+0000] {logging_mixin.py:188} INFO - [2026-05-16T11:34:09.975+0000] {dag.py:3947} INFO - Setting next_dagrun for example_branch_dop_operator_v3 to 2026-05-16 11:33:00+00:00, run_after=2026-05-16 11:34:00+00:00
[2026-05-16T11:34:09.981+0000] {processor.py:183} INFO - Processing /home/airflow/.local/lib/python3.12/site-packages/airflow/example_dags/example_branch_python_dop_operator_3.py took 0.030 seconds
[2026-05-16T11:34:40.454+0000] {processor.py:161} INFO - Started process (PID=9489) to work on /home/airflow/.local/lib/python3.12/site-packages/airflow/example_dags/example_branch_python_dop_operator_3.py
[2026-05-16T11:34:40.454+0000] {processor.py:830} INFO - Processing file /home/airflow/.local/lib/python3.12/site-packages/airflow/example_dags/example_branch_python_dop_operator_3.py for tasks to queue
[2026-05-16T11:34:40.455+0000] {logging_mixin.py:188} INFO - [2026-05-16T11:34:40.455+0000] {dagbag.py:545} INFO - Filling up the DagBag from /home/airflow/.local/lib/python3.12/site-packages/airflow/example_dags/example_branch_python_dop_operator_3.py
[2026-05-16T11:34:40.458+0000] {processor.py:840} INFO - DAG(s) 'example_branch_dop_operator_v3' retrieved from /home/airflow/.local/lib/python3.12/site-packages/airflow/example_dags/example_branch_python_dop_operator_3.py
[2026-05-16T11:34:40.465+0000] {logging_mixin.py:188} INFO - [2026-05-16T11:34:40.465+0000] {dag.py:3089} INFO - Sync 1 DAGs
[2026-05-16T11:34:40.473+0000] {logging_mixin.py:188} INFO - [2026-05-16T11:34:40.473+0000] {dag.py:3947} INFO - Setting next_dagrun for example_branch_dop_operator_v3 to 2026-05-16 11:33:00+00:00, run_after=2026-05-16 11:34:00+00:00
[2026-05-16T11:34:40.479+0000] {processor.py:183} INFO - Processing /home/airflow/.local/lib/python3.12/site-packages/airflow/example_dags/example_branch_python_dop_operator_3.py took 0.027 seconds
[2026-05-16T11:35:10.973+0000] {processor.py:161} INFO - Started process (PID=9551) to work on /home/airflow/.local/lib/python3.12/site-packages/airflow/example_dags/example_branch_python_dop_operator_3.py
[2026-05-16T11:35:10.973+0000] {processor.py:830} INFO - Processing file /home/airflow/.local/lib/python3.12/site-packages/airflow/example_dags/example_branch_python_dop_operator_3.py for tasks to queue
[2026-05-16T11:35:10.973+0000] {logging_mixin.py:188} INFO - [2026-05-16T11:35:10.973+0000] {dagbag.py:545} INFO - Filling up the DagBag from /home/airflow/.local/lib/python3.12/site-packages/airflow/example_dags/example_branch_python_dop_operator_3.py
[2026-05-16T11:35:10.976+0000] {processor.py:840} INFO - DAG(s) 'example_branch_dop_operator_v3' retrieved from /home/airflow/.local/lib/python3.12/site-packages/airflow/example_dags/example_branch_python_dop_operator_3.py
[2026-05-16T11:35:10.982+0000] {logging_mixin.py:188} INFO - [2026-05-16T11:35:10.982+0000] {dag.py:3089} INFO - Sync 1 DAGs
[2026-05-16T11:35:10.989+0000] {logging_mixin.py:188} INFO - [2026-05-16T11:35:10.989+0000] {dag.py:3947} INFO - Setting next_dagrun for example_branch_dop_operator_v3 to 2026-05-16 11:34:00+00:00, run_after=2026-05-16 11:35:00+00:00
[2026-05-16T11:35:10.994+0000] {processor.py:183} INFO - Processing /home/airflow/.local/lib/python3.12/site-packages/airflow/example_dags/example_branch_python_dop_operator_3.py took 0.023 seconds
[2026-05-16T11:35:41.545+0000] {processor.py:161} INFO - Started process (PID=9613) to work on /home/airflow/.local/lib/python3.12/site-packages/airflow/example_dags/example_branch_python_dop_operator_3.py
[2026-05-16T11:35:41.545+0000] {processor.py:830} INFO - Processing file /home/airflow/.local/lib/python3.12/site-packages/airflow/example_dags/example_branch_python_dop_operator_3.py for tasks to queue
[2026-05-16T11:35:41.545+0000] {logging_mixin.py:188} INFO - [2026-05-16T11:35:41.545+0000] {dagbag.py:545} INFO - Filling up the DagBag from /home/airflow/.local/lib/python3.12/site-packages/airflow/example_dags/example_branch_python_dop_operator_3.py
[2026-05-16T11:35:41.548+0000] {processor.py:840} INFO - DAG(s) 'example_branch_dop_operator_v3' retrieved from /home/airflow/.local/lib/python3.12/site-packages/airflow/example_dags/example_branch_python_dop_operator_3.py
[2026-05-16T11:35:41.555+0000] {logging_mixin.py:188} INFO - [2026-05-16T11:35:41.555+0000] {dag.py:3089} INFO - Sync 1 DAGs
[2026-05-16T11:35:41.563+0000] {logging_mixin.py:188} INFO - [2026-05-16T11:35:41.563+0000] {dag.py:3947} INFO - Setting next_dagrun for example_branch_dop_operator_v3 to 2026-05-16 11:34:00+00:00, run_after=2026-05-16 11:35:00+00:00
[2026-05-16T11:35:41.568+0000] {processor.py:183} INFO - Processing /home/airflow/.local/lib/python3.12/site-packages/airflow/example_dags/example_branch_python_dop_operator_3.py took 0.026 seconds
[2026-05-16T11:36:12.048+0000] {processor.py:161} INFO - Started process (PID=9675) to work on /home/airflow/.local/lib/python3.12/site-packages/airflow/example_dags/example_branch_python_dop_operator_3.py
[2026-05-16T11:36:12.049+0000] {processor.py:830} INFO - Processing file /home/airflow/.local/lib/python3.12/site-packages/airflow/example_dags/example_branch_python_dop_operator_3.py for tasks to queue
[2026-05-16T11:36:12.050+0000] {logging_mixin.py:188} INFO - [2026-05-16T11:36:12.049+0000] {dagbag.py:545} INFO - Filling up the DagBag from /home/airflow/.local/lib/python3.12/site-packages/airflow/example_dags/example_branch_python_dop_operator_3.py
[2026-05-16T11:36:12.053+0000] {processor.py:840} INFO - DAG(s) 'example_branch_dop_operator_v3' retrieved from /home/airflow/.local/lib/python3.12/site-packages/airflow/example_dags/example_branch_python_dop_operator_3.py
[2026-05-16T11:36:12.062+0000] {logging_mixin.py:188} INFO - [2026-05-16T11:36:12.062+0000] {dag.py:3089} INFO - Sync 1 DAGs
[2026-05-16T11:36:12.070+0000] {logging_mixin.py:188} INFO - [2026-05-16T11:36:12.070+0000] {dag.py:3947} INFO - Setting next_dagrun for example_branch_dop_operator_v3 to 2026-05-16 11:35:00+00:00, run_after=2026-05-16 11:36:00+00:00
[2026-05-16T11:36:12.076+0000] {processor.py:183} INFO - Processing /home/airflow/.local/lib/python3.12/site-packages/airflow/example_dags/example_branch_python_dop_operator_3.py took 0.031 seconds
[2026-05-16T11:36:42.681+0000] {processor.py:161} INFO - Started process (PID=9737) to work on /home/airflow/.local/lib/python3.12/site-packages/airflow/example_dags/example_branch_python_dop_operator_3.py
[2026-05-16T11:36:42.681+0000] {processor.py:830} INFO - Processing file /home/airflow/.local/lib/python3.12/site-packages/airflow/example_dags/example_branch_python_dop_operator_3.py for tasks to queue
[2026-05-16T11:36:42.682+0000] {logging_mixin.py:188} INFO - [2026-05-16T11:36:42.681+0000] {dagbag.py:545} INFO - Filling up the DagBag from /home/airflow/.local/lib/python3.12/site-packages/airflow/example_dags/example_branch_python_dop_operator_3.py
[2026-05-16T11:36:42.686+0000] {processor.py:840} INFO - DAG(s) 'example_branch_dop_operator_v3' retrieved from /home/airflow/.local/lib/python3.12/site-packages/airflow/example_dags/example_branch_python_dop_operator_3.py
[2026-05-16T11:36:42.693+0000] {logging_mixin.py:188} INFO - [2026-05-16T11:36:42.693+0000] {dag.py:3089} INFO - Sync 1 DAGs
[2026-05-16T11:36:42.702+0000] {logging_mixin.py:188} INFO - [2026-05-16T11:36:42.702+0000] {dag.py:3947} INFO - Setting next_dagrun for example_branch_dop_operator_v3 to 2026-05-16 11:35:00+00:00, run_after=2026-05-16 11:36:00+00:00
[2026-05-16T11:36:42.709+0000] {processor.py:183} INFO - Processing /home/airflow/.local/lib/python3.12/site-packages/airflow/example_dags/example_branch_python_dop_operator_3.py took 0.031 seconds
[2026-05-16T11:37:13.262+0000] {processor.py:161} INFO - Started process (PID=9799) to work on /home/airflow/.local/lib/python3.12/site-packages/airflow/example_dags/example_branch_python_dop_operator_3.py
[2026-05-16T11:37:13.263+0000] {processor.py:830} INFO - Processing file /home/airflow/.local/lib/python3.12/site-packages/airflow/example_dags/example_branch_python_dop_operator_3.py for tasks to queue
[2026-05-16T11:37:13.264+0000] {logging_mixin.py:188} INFO - [2026-05-16T11:37:13.263+0000] {dagbag.py:545} INFO - Filling up the DagBag from /home/airflow/.local/lib/python3.12/site-packages/airflow/example_dags/example_branch_python_dop_operator_3.py
[2026-05-16T11:37:13.268+0000] {processor.py:840} INFO - DAG(s) 'example_branch_dop_operator_v3' retrieved from /home/airflow/.local/lib/python3.12/site-packages/airflow/example_dags/example_branch_python_dop_operator_3.py
[2026-05-16T11:37:13.276+0000] {logging_mixin.py:188} INFO - [2026-05-16T11:37:13.276+0000] {dag.py:3089} INFO - Sync 1 DAGs
[2026-05-16T11:37:13.283+0000] {logging_mixin.py:188} INFO - [2026-05-16T11:37:13.283+0000] {dag.py:3947} INFO - Setting next_dagrun for example_branch_dop_operator_v3 to 2026-05-16 11:36:00+00:00, run_after=2026-05-16 11:37:00+00:00
[2026-05-16T11:37:13.290+0000] {processor.py:183} INFO - Processing /home/airflow/.local/lib/python3.12/site-packages/airflow/example_dags/example_branch_python_dop_operator_3.py took 0.030 seconds
[2026-05-16T11:37:44.048+0000] {processor.py:161} INFO - Started process (PID=9861) to work on /home/airflow/.local/lib/python3.12/site-packages/airflow/example_dags/example_branch_python_dop_operator_3.py
[2026-05-16T11:37:44.049+0000] {processor.py:830} INFO - Processing file /home/airflow/.local/lib/python3.12/site-packages/airflow/example_dags/example_branch_python_dop_operator_3.py for tasks to queue
[2026-05-16T11:37:44.049+0000] {logging_mixin.py:188} INFO - [2026-05-16T11:37:44.049+0000] {dagbag.py:545} INFO - Filling up the DagBag from /home/airflow/.local/lib/python3.12/site-packages/airflow/example_dags/example_branch_python_dop_operator_3.py
[2026-05-16T11:37:44.052+0000] {processor.py:840} INFO - DAG(s) 'example_branch_dop_operator_v3' retrieved from /home/airflow/.local/lib/python3.12/site-packages/airflow/example_dags/example_branch_python_dop_operator_3.py
[2026-05-16T11:37:44.060+0000] {logging_mixin.py:188} INFO - [2026-05-16T11:37:44.060+0000] {dag.py:3089} INFO - Sync 1 DAGs
[2026-05-16T11:37:44.067+0000] {logging_mixin.py:188} INFO - [2026-05-16T11:37:44.067+0000] {dag.py:3947} INFO - Setting next_dagrun for example_branch_dop_operator_v3 to 2026-05-16 11:36:00+00:00, run_after=2026-05-16 11:37:00+00:00
[2026-05-16T11:37:44.072+0000] {processor.py:183} INFO - Processing /home/airflow/.local/lib/python3.12/site-packages/airflow/example_dags/example_branch_python_dop_operator_3.py took 0.026 seconds
[2026-05-16T11:38:14.652+0000] {processor.py:161} INFO - Started process (PID=9923) to work on /home/airflow/.local/lib/python3.12/site-packages/airflow/example_dags/example_branch_python_dop_operator_3.py
[2026-05-16T11:38:14.652+0000] {processor.py:830} INFO - Processing file /home/airflow/.local/lib/python3.12/site-packages/airflow/example_dags/example_branch_python_dop_operator_3.py for tasks to queue
[2026-05-16T11:38:14.652+0000] {logging_mixin.py:188} INFO - [2026-05-16T11:38:14.652+0000] {dagbag.py:545} INFO - Filling up the DagBag from /home/airflow/.local/lib/python3.12/site-packages/airflow/example_dags/example_branch_python_dop_operator_3.py
[2026-05-16T11:38:14.656+0000] {processor.py:840} INFO - DAG(s) 'example_branch_dop_operator_v3' retrieved from /home/airflow/.local/lib/python3.12/site-packages/airflow/example_dags/example_branch_python_dop_operator_3.py
[2026-05-16T11:38:14.664+0000] {logging_mixin.py:188} INFO - [2026-05-16T11:38:14.664+0000] {dag.py:3089} INFO - Sync 1 DAGs
[2026-05-16T11:38:14.672+0000] {logging_mixin.py:188} INFO - [2026-05-16T11:38:14.672+0000] {dag.py:3947} INFO - Setting next_dagrun for example_branch_dop_operator_v3 to 2026-05-16 11:37:00+00:00, run_after=2026-05-16 11:38:00+00:00
[2026-05-16T11:38:14.677+0000] {processor.py:183} INFO - Processing /home/airflow/.local/lib/python3.12/site-packages/airflow/example_dags/example_branch_python_dop_operator_3.py took 0.028 seconds
[2026-05-16T11:38:45.493+0000] {processor.py:161} INFO - Started process (PID=9985) to work on /home/airflow/.local/lib/python3.12/site-packages/airflow/example_dags/example_branch_python_dop_operator_3.py
[2026-05-16T11:38:45.494+0000] {processor.py:830} INFO - Processing file /home/airflow/.local/lib/python3.12/site-packages/airflow/example_dags/example_branch_python_dop_operator_3.py for tasks to queue
[2026-05-16T11:38:45.494+0000] {logging_mixin.py:188} INFO - [2026-05-16T11:38:45.494+0000] {dagbag.py:545} INFO - Filling up the DagBag from /home/airflow/.local/lib/python3.12/site-packages/airflow/example_dags/example_branch_python_dop_operator_3.py
[2026-05-16T11:38:45.500+0000] {processor.py:840} INFO - DAG(s) 'example_branch_dop_operator_v3' retrieved from /home/airflow/.local/lib/python3.12/site-packages/airflow/example_dags/example_branch_python_dop_operator_3.py
[2026-05-16T11:38:45.510+0000] {logging_mixin.py:188} INFO - [2026-05-16T11:38:45.510+0000] {dag.py:3089} INFO - Sync 1 DAGs
[2026-05-16T11:38:45.521+0000] {logging_mixin.py:188} INFO - [2026-05-16T11:38:45.520+0000] {dag.py:3947} INFO - Setting next_dagrun for example_branch_dop_operator_v3 to 2026-05-16 11:37:00+00:00, run_after=2026-05-16 11:38:00+00:00
[2026-05-16T11:38:45.527+0000] {processor.py:183} INFO - Processing /home/airflow/.local/lib/python3.12/site-packages/airflow/example_dags/example_branch_python_dop_operator_3.py took 0.038 seconds
[2026-05-16T11:39:16.450+0000] {processor.py:161} INFO - Started process (PID=10047) to work on /home/airflow/.local/lib/python3.12/site-packages/airflow/example_dags/example_branch_python_dop_operator_3.py
[2026-05-16T11:39:16.450+0000] {processor.py:830} INFO - Processing file /home/airflow/.local/lib/python3.12/site-packages/airflow/example_dags/example_branch_python_dop_operator_3.py for tasks to queue
[2026-05-16T11:39:16.450+0000] {logging_mixin.py:188} INFO - [2026-05-16T11:39:16.450+0000] {dagbag.py:545} INFO - Filling up the DagBag from /home/airflow/.local/lib/python3.12/site-packages/airflow/example_dags/example_branch_python_dop_operator_3.py
[2026-05-16T11:39:16.454+0000] {processor.py:840} INFO - DAG(s) 'example_branch_dop_operator_v3' retrieved from /home/airflow/.local/lib/python3.12/site-packages/airflow/example_dags/example_branch_python_dop_operator_3.py
[2026-05-16T11:39:16.467+0000] {logging_mixin.py:188} INFO - [2026-05-16T11:39:16.467+0000] {dag.py:3089} INFO - Sync 1 DAGs
[2026-05-16T11:39:16.476+0000] {logging_mixin.py:188} INFO - [2026-05-16T11:39:16.476+0000] {dag.py:3947} INFO - Setting next_dagrun for example_branch_dop_operator_v3 to 2026-05-16 11:38:00+00:00, run_after=2026-05-16 11:39:00+00:00
[2026-05-16T11:39:16.481+0000] {processor.py:183} INFO - Processing /home/airflow/.local/lib/python3.12/site-packages/airflow/example_dags/example_branch_python_dop_operator_3.py took 0.034 seconds
[2026-05-16T11:39:47.155+0000] {processor.py:161} INFO - Started process (PID=10109) to work on /home/airflow/.local/lib/python3.12/site-packages/airflow/example_dags/example_branch_python_dop_operator_3.py
[2026-05-16T11:39:47.156+0000] {processor.py:830} INFO - Processing file /home/airflow/.local/lib/python3.12/site-packages/airflow/example_dags/example_branch_python_dop_operator_3.py for tasks to queue
[2026-05-16T11:39:47.156+0000] {logging_mixin.py:188} INFO - [2026-05-16T11:39:47.156+0000] {dagbag.py:545} INFO - Filling up the DagBag from /home/airflow/.local/lib/python3.12/site-packages/airflow/example_dags/example_branch_python_dop_operator_3.py
[2026-05-16T11:39:47.162+0000] {processor.py:840} INFO - DAG(s) 'example_branch_dop_operator_v3' retrieved from /home/airflow/.local/lib/python3.12/site-packages/airflow/example_dags/example_branch_python_dop_operator_3.py
[2026-05-16T11:39:47.190+0000] {logging_mixin.py:188} INFO - [2026-05-16T11:39:47.190+0000] {dag.py:3089} INFO - Sync 1 DAGs
[2026-05-16T11:39:47.212+0000] {logging_mixin.py:188} INFO - [2026-05-16T11:39:47.212+0000] {dag.py:3947} INFO - Setting next_dagrun for example_branch_dop_operator_v3 to 2026-05-16 11:38:00+00:00, run_after=2026-05-16 11:39:00+00:00
[2026-05-16T11:39:47.241+0000] {processor.py:183} INFO - Processing /home/airflow/.local/lib/python3.12/site-packages/airflow/example_dags/example_branch_python_dop_operator_3.py took 0.095 seconds
[2026-05-16T11:40:17.920+0000] {processor.py:161} INFO - Started process (PID=10171) to work on /home/airflow/.local/lib/python3.12/site-packages/airflow/example_dags/example_branch_python_dop_operator_3.py
[2026-05-16T11:40:17.920+0000] {processor.py:830} INFO - Processing file /home/airflow/.local/lib/python3.12/site-packages/airflow/example_dags/example_branch_python_dop_operator_3.py for tasks to queue
[2026-05-16T11:40:17.925+0000] {logging_mixin.py:188} INFO - [2026-05-16T11:40:17.921+0000] {dagbag.py:545} INFO - Filling up the DagBag from /home/airflow/.local/lib/python3.12/site-packages/airflow/example_dags/example_branch_python_dop_operator_3.py
[2026-05-16T11:40:17.930+0000] {processor.py:840} INFO - DAG(s) 'example_branch_dop_operator_v3' retrieved from /home/airflow/.local/lib/python3.12/site-packages/airflow/example_dags/example_branch_python_dop_operator_3.py
[2026-05-16T11:40:17.940+0000] {logging_mixin.py:188} INFO - [2026-05-16T11:40:17.940+0000] {dag.py:3089} INFO - Sync 1 DAGs
[2026-05-16T11:40:17.954+0000] {logging_mixin.py:188} INFO - [2026-05-16T11:40:17.954+0000] {dag.py:3947} INFO - Setting next_dagrun for example_branch_dop_operator_v3 to 2026-05-16 11:39:00+00:00, run_after=2026-05-16 11:40:00+00:00
[2026-05-16T11:40:17.962+0000] {processor.py:183} INFO - Processing /home/airflow/.local/lib/python3.12/site-packages/airflow/example_dags/example_branch_python_dop_operator_3.py took 0.045 seconds
[2026-05-16T11:40:48.592+0000] {processor.py:161} INFO - Started process (PID=10233) to work on /home/airflow/.local/lib/python3.12/site-packages/airflow/example_dags/example_branch_python_dop_operator_3.py
[2026-05-16T11:40:48.592+0000] {processor.py:830} INFO - Processing file /home/airflow/.local/lib/python3.12/site-packages/airflow/example_dags/example_branch_python_dop_operator_3.py for tasks to queue
[2026-05-16T11:40:48.592+0000] {logging_mixin.py:188} INFO - [2026-05-16T11:40:48.592+0000] {dagbag.py:545} INFO - Filling up the DagBag from /home/airflow/.local/lib/python3.12/site-packages/airflow/example_dags/example_branch_python_dop_operator_3.py
[2026-05-16T11:40:48.596+0000] {processor.py:840} INFO - DAG(s) 'example_branch_dop_operator_v3' retrieved from /home/airflow/.local/lib/python3.12/site-packages/airflow/example_dags/example_branch_python_dop_operator_3.py
[2026-05-16T11:40:48.603+0000] {logging_mixin.py:188} INFO - [2026-05-16T11:40:48.603+0000] {dag.py:3089} INFO - Sync 1 DAGs
[2026-05-16T11:40:48.610+0000] {logging_mixin.py:188} INFO - [2026-05-16T11:40:48.610+0000] {dag.py:3947} INFO - Setting next_dagrun for example_branch_dop_operator_v3 to 2026-05-16 11:39:00+00:00, run_after=2026-05-16 11:40:00+00:00
[2026-05-16T11:40:48.614+0000] {processor.py:183} INFO - Processing /home/airflow/.local/lib/python3.12/site-packages/airflow/example_dags/example_branch_python_dop_operator_3.py took 0.025 seconds
[2026-05-16T11:41:19.343+0000] {processor.py:161} INFO - Started process (PID=10295) to work on /home/airflow/.local/lib/python3.12/site-packages/airflow/example_dags/example_branch_python_dop_operator_3.py
[2026-05-16T11:41:19.343+0000] {processor.py:830} INFO - Processing file /home/airflow/.local/lib/python3.12/site-packages/airflow/example_dags/example_branch_python_dop_operator_3.py for tasks to queue
[2026-05-16T11:41:19.344+0000] {logging_mixin.py:188} INFO - [2026-05-16T11:41:19.343+0000] {dagbag.py:545} INFO - Filling up the DagBag from /home/airflow/.local/lib/python3.12/site-packages/airflow/example_dags/example_branch_python_dop_operator_3.py
[2026-05-16T11:41:19.349+0000] {processor.py:840} INFO - DAG(s) 'example_branch_dop_operator_v3' retrieved from /home/airflow/.local/lib/python3.12/site-packages/airflow/example_dags/example_branch_python_dop_operator_3.py
[2026-05-16T11:41:19.358+0000] {logging_mixin.py:188} INFO - [2026-05-16T11:41:19.357+0000] {dag.py:3089} INFO - Sync 1 DAGs
[2026-05-16T11:41:19.367+0000] {logging_mixin.py:188} INFO - [2026-05-16T11:41:19.366+0000] {dag.py:3947} INFO - Setting next_dagrun for example_branch_dop_operator_v3 to 2026-05-16 11:40:00+00:00, run_after=2026-05-16 11:41:00+00:00
[2026-05-16T11:41:19.372+0000] {processor.py:183} INFO - Processing /home/airflow/.local/lib/python3.12/site-packages/airflow/example_dags/example_branch_python_dop_operator_3.py took 0.032 seconds
[2026-05-16T11:41:50.009+0000] {processor.py:161} INFO - Started process (PID=10356) to work on /home/airflow/.local/lib/python3.12/site-packages/airflow/example_dags/example_branch_python_dop_operator_3.py
[2026-05-16T11:41:50.009+0000] {processor.py:830} INFO - Processing file /home/airflow/.local/lib/python3.12/site-packages/airflow/example_dags/example_branch_python_dop_operator_3.py for tasks to queue
[2026-05-16T11:41:50.010+0000] {logging_mixin.py:188} INFO - [2026-05-16T11:41:50.010+0000] {dagbag.py:545} INFO - Filling up the DagBag from /home/airflow/.local/lib/python3.12/site-packages/airflow/example_dags/example_branch_python_dop_operator_3.py
[2026-05-16T11:41:50.013+0000] {processor.py:840} INFO - DAG(s) 'example_branch_dop_operator_v3' retrieved from /home/airflow/.local/lib/python3.12/site-packages/airflow/example_dags/example_branch_python_dop_operator_3.py
[2026-05-16T11:41:50.020+0000] {logging_mixin.py:188} INFO - [2026-05-16T11:41:50.020+0000] {dag.py:3089} INFO - Sync 1 DAGs
[2026-05-16T11:41:50.028+0000] {logging_mixin.py:188} INFO - [2026-05-16T11:41:50.027+0000] {dag.py:3947} INFO - Setting next_dagrun for example_branch_dop_operator_v3 to 2026-05-16 11:40:00+00:00, run_after=2026-05-16 11:41:00+00:00
[2026-05-16T11:41:50.032+0000] {processor.py:183} INFO - Processing /home/airflow/.local/lib/python3.12/site-packages/airflow/example_dags/example_branch_python_dop_operator_3.py took 0.025 seconds
[2026-05-16T11:42:20.613+0000] {processor.py:161} INFO - Started process (PID=10418) to work on /home/airflow/.local/lib/python3.12/site-packages/airflow/example_dags/example_branch_python_dop_operator_3.py
[2026-05-16T11:42:20.614+0000] {processor.py:830} INFO - Processing file /home/airflow/.local/lib/python3.12/site-packages/airflow/example_dags/example_branch_python_dop_operator_3.py for tasks to queue
[2026-05-16T11:42:20.614+0000] {logging_mixin.py:188} INFO - [2026-05-16T11:42:20.614+0000] {dagbag.py:545} INFO - Filling up the DagBag from /home/airflow/.local/lib/python3.12/site-packages/airflow/example_dags/example_branch_python_dop_operator_3.py
[2026-05-16T11:42:20.617+0000] {processor.py:840} INFO - DAG(s) 'example_branch_dop_operator_v3' retrieved from /home/airflow/.local/lib/python3.12/site-packages/airflow/example_dags/example_branch_python_dop_operator_3.py
[2026-05-16T11:42:20.625+0000] {logging_mixin.py:188} INFO - [2026-05-16T11:42:20.625+0000] {dag.py:3089} INFO - Sync 1 DAGs
[2026-05-16T11:42:20.632+0000] {logging_mixin.py:188} INFO - [2026-05-16T11:42:20.632+0000] {dag.py:3947} INFO - Setting next_dagrun for example_branch_dop_operator_v3 to 2026-05-16 11:41:00+00:00, run_after=2026-05-16 11:42:00+00:00
[2026-05-16T11:42:20.636+0000] {processor.py:183} INFO - Processing /home/airflow/.local/lib/python3.12/site-packages/airflow/example_dags/example_branch_python_dop_operator_3.py took 0.025 seconds
[2026-05-16T11:42:51.166+0000] {processor.py:161} INFO - Started process (PID=10480) to work on /home/airflow/.local/lib/python3.12/site-packages/airflow/example_dags/example_branch_python_dop_operator_3.py
[2026-05-16T11:42:51.168+0000] {processor.py:830} INFO - Processing file /home/airflow/.local/lib/python3.12/site-packages/airflow/example_dags/example_branch_python_dop_operator_3.py for tasks to queue
[2026-05-16T11:42:51.168+0000] {logging_mixin.py:188} INFO - [2026-05-16T11:42:51.168+0000] {dagbag.py:545} INFO - Filling up the DagBag from /home/airflow/.local/lib/python3.12/site-packages/airflow/example_dags/example_branch_python_dop_operator_3.py
[2026-05-16T11:42:51.171+0000] {processor.py:840} INFO - DAG(s) 'example_branch_dop_operator_v3' retrieved from /home/airflow/.local/lib/python3.12/site-packages/airflow/example_dags/example_branch_python_dop_operator_3.py
[2026-05-16T11:42:51.179+0000] {logging_mixin.py:188} INFO - [2026-05-16T11:42:51.179+0000] {dag.py:3089} INFO - Sync 1 DAGs
[2026-05-16T11:42:51.188+0000] {logging_mixin.py:188} INFO - [2026-05-16T11:42:51.188+0000] {dag.py:3947} INFO - Setting next_dagrun for example_branch_dop_operator_v3 to 2026-05-16 11:41:00+00:00, run_after=2026-05-16 11:42:00+00:00
[2026-05-16T11:42:51.192+0000] {processor.py:183} INFO - Processing /home/airflow/.local/lib/python3.12/site-packages/airflow/example_dags/example_branch_python_dop_operator_3.py took 0.030 seconds
[2026-05-16T11:43:21.928+0000] {processor.py:161} INFO - Started process (PID=10542) to work on /home/airflow/.local/lib/python3.12/site-packages/airflow/example_dags/example_branch_python_dop_operator_3.py
[2026-05-16T11:43:21.929+0000] {processor.py:830} INFO - Processing file /home/airflow/.local/lib/python3.12/site-packages/airflow/example_dags/example_branch_python_dop_operator_3.py for tasks to queue
[2026-05-16T11:43:21.929+0000] {logging_mixin.py:188} INFO - [2026-05-16T11:43:21.929+0000] {dagbag.py:545} INFO - Filling up the DagBag from /home/airflow/.local/lib/python3.12/site-packages/airflow/example_dags/example_branch_python_dop_operator_3.py
[2026-05-16T11:43:21.932+0000] {processor.py:840} INFO - DAG(s) 'example_branch_dop_operator_v3' retrieved from /home/airflow/.local/lib/python3.12/site-packages/airflow/example_dags/example_branch_python_dop_operator_3.py
[2026-05-16T11:43:21.940+0000] {logging_mixin.py:188} INFO - [2026-05-16T11:43:21.940+0000] {dag.py:3089} INFO - Sync 1 DAGs
[2026-05-16T11:43:21.948+0000] {logging_mixin.py:188} INFO - [2026-05-16T11:43:21.948+0000] {dag.py:3947} INFO - Setting next_dagrun for example_branch_dop_operator_v3 to 2026-05-16 11:42:00+00:00, run_after=2026-05-16 11:43:00+00:00
[2026-05-16T11:43:21.954+0000] {processor.py:183} INFO - Processing /home/airflow/.local/lib/python3.12/site-packages/airflow/example_dags/example_branch_python_dop_operator_3.py took 0.027 seconds
[2026-05-16T11:43:52.652+0000] {processor.py:161} INFO - Started process (PID=10604) to work on /home/airflow/.local/lib/python3.12/site-packages/airflow/example_dags/example_branch_python_dop_operator_3.py
[2026-05-16T11:43:52.652+0000] {processor.py:830} INFO - Processing file /home/airflow/.local/lib/python3.12/site-packages/airflow/example_dags/example_branch_python_dop_operator_3.py for tasks to queue
[2026-05-16T11:43:52.652+0000] {logging_mixin.py:188} INFO - [2026-05-16T11:43:52.652+0000] {dagbag.py:545} INFO - Filling up the DagBag from /home/airflow/.local/lib/python3.12/site-packages/airflow/example_dags/example_branch_python_dop_operator_3.py
[2026-05-16T11:43:52.656+0000] {processor.py:840} INFO - DAG(s) 'example_branch_dop_operator_v3' retrieved from /home/airflow/.local/lib/python3.12/site-packages/airflow/example_dags/example_branch_python_dop_operator_3.py
[2026-05-16T11:43:52.662+0000] {logging_mixin.py:188} INFO - [2026-05-16T11:43:52.662+0000] {dag.py:3089} INFO - Sync 1 DAGs
[2026-05-16T11:43:52.670+0000] {logging_mixin.py:188} INFO - [2026-05-16T11:43:52.670+0000] {dag.py:3947} INFO - Setting next_dagrun for example_branch_dop_operator_v3 to 2026-05-16 11:42:00+00:00, run_after=2026-05-16 11:43:00+00:00
[2026-05-16T11:43:52.677+0000] {processor.py:183} INFO - Processing /home/airflow/.local/lib/python3.12/site-packages/airflow/example_dags/example_branch_python_dop_operator_3.py took 0.027 seconds
[2026-05-16T11:44:23.458+0000] {processor.py:161} INFO - Started process (PID=10666) to work on /home/airflow/.local/lib/python3.12/site-packages/airflow/example_dags/example_branch_python_dop_operator_3.py
[2026-05-16T11:44:23.458+0000] {processor.py:830} INFO - Processing file /home/airflow/.local/lib/python3.12/site-packages/airflow/example_dags/example_branch_python_dop_operator_3.py for tasks to queue
[2026-05-16T11:44:23.458+0000] {logging_mixin.py:188} INFO - [2026-05-16T11:44:23.458+0000] {dagbag.py:545} INFO - Filling up the DagBag from /home/airflow/.local/lib/python3.12/site-packages/airflow/example_dags/example_branch_python_dop_operator_3.py
[2026-05-16T11:44:23.462+0000] {processor.py:840} INFO - DAG(s) 'example_branch_dop_operator_v3' retrieved from /home/airflow/.local/lib/python3.12/site-packages/airflow/example_dags/example_branch_python_dop_operator_3.py
[2026-05-16T11:44:23.470+0000] {logging_mixin.py:188} INFO - [2026-05-16T11:44:23.470+0000] {dag.py:3089} INFO - Sync 1 DAGs
[2026-05-16T11:44:23.478+0000] {logging_mixin.py:188} INFO - [2026-05-16T11:44:23.478+0000] {dag.py:3947} INFO - Setting next_dagrun for example_branch_dop_operator_v3 to 2026-05-16 11:43:00+00:00, run_after=2026-05-16 11:44:00+00:00
[2026-05-16T11:44:23.483+0000] {processor.py:183} INFO - Processing /home/airflow/.local/lib/python3.12/site-packages/airflow/example_dags/example_branch_python_dop_operator_3.py took 0.028 seconds
[2026-05-16T11:44:54.198+0000] {processor.py:161} INFO - Started process (PID=10728) to work on /home/airflow/.local/lib/python3.12/site-packages/airflow/example_dags/example_branch_python_dop_operator_3.py
[2026-05-16T11:44:54.199+0000] {processor.py:830} INFO - Processing file /home/airflow/.local/lib/python3.12/site-packages/airflow/example_dags/example_branch_python_dop_operator_3.py for tasks to queue
[2026-05-16T11:44:54.199+0000] {logging_mixin.py:188} INFO - [2026-05-16T11:44:54.199+0000] {dagbag.py:545} INFO - Filling up the DagBag from /home/airflow/.local/lib/python3.12/site-packages/airflow/example_dags/example_branch_python_dop_operator_3.py
[2026-05-16T11:44:54.202+0000] {processor.py:840} INFO - DAG(s) 'example_branch_dop_operator_v3' retrieved from /home/airflow/.local/lib/python3.12/site-packages/airflow/example_dags/example_branch_python_dop_operator_3.py
[2026-05-16T11:44:54.209+0000] {logging_mixin.py:188} INFO - [2026-05-16T11:44:54.209+0000] {dag.py:3089} INFO - Sync 1 DAGs
[2026-05-16T11:44:54.217+0000] {logging_mixin.py:188} INFO - [2026-05-16T11:44:54.217+0000] {dag.py:3947} INFO - Setting next_dagrun for example_branch_dop_operator_v3 to 2026-05-16 11:43:00+00:00, run_after=2026-05-16 11:44:00+00:00
[2026-05-16T11:44:54.222+0000] {processor.py:183} INFO - Processing /home/airflow/.local/lib/python3.12/site-packages/airflow/example_dags/example_branch_python_dop_operator_3.py took 0.026 seconds
[2026-05-16T11:45:24.807+0000] {processor.py:161} INFO - Started process (PID=10790) to work on /home/airflow/.local/lib/python3.12/site-packages/airflow/example_dags/example_branch_python_dop_operator_3.py
[2026-05-16T11:45:24.807+0000] {processor.py:830} INFO - Processing file /home/airflow/.local/lib/python3.12/site-packages/airflow/example_dags/example_branch_python_dop_operator_3.py for tasks to queue
[2026-05-16T11:45:24.808+0000] {logging_mixin.py:188} INFO - [2026-05-16T11:45:24.807+0000] {dagbag.py:545} INFO - Filling up the DagBag from /home/airflow/.local/lib/python3.12/site-packages/airflow/example_dags/example_branch_python_dop_operator_3.py
[2026-05-16T11:45:24.813+0000] {processor.py:840} INFO - DAG(s) 'example_branch_dop_operator_v3' retrieved from /home/airflow/.local/lib/python3.12/site-packages/airflow/example_dags/example_branch_python_dop_operator_3.py
[2026-05-16T11:45:24.831+0000] {logging_mixin.py:188} INFO - [2026-05-16T11:45:24.831+0000] {dag.py:3089} INFO - Sync 1 DAGs
[2026-05-16T11:45:24.848+0000] {logging_mixin.py:188} INFO - [2026-05-16T11:45:24.848+0000] {dag.py:3947} INFO - Setting next_dagrun for example_branch_dop_operator_v3 to 2026-05-16 11:44:00+00:00, run_after=2026-05-16 11:45:00+00:00
[2026-05-16T11:45:24.860+0000] {processor.py:183} INFO - Processing /home/airflow/.local/lib/python3.12/site-packages/airflow/example_dags/example_branch_python_dop_operator_3.py took 0.057 seconds
[2026-05-16T11:45:55.530+0000] {processor.py:161} INFO - Started process (PID=10852) to work on /home/airflow/.local/lib/python3.12/site-packages/airflow/example_dags/example_branch_python_dop_operator_3.py
[2026-05-16T11:45:55.534+0000] {processor.py:830} INFO - Processing file /home/airflow/.local/lib/python3.12/site-packages/airflow/example_dags/example_branch_python_dop_operator_3.py for tasks to queue
[2026-05-16T11:45:55.534+0000] {logging_mixin.py:188} INFO - [2026-05-16T11:45:55.534+0000] {dagbag.py:545} INFO - Filling up the DagBag from /home/airflow/.local/lib/python3.12/site-packages/airflow/example_dags/example_branch_python_dop_operator_3.py
[2026-05-16T11:45:55.544+0000] {processor.py:840} INFO - DAG(s) 'example_branch_dop_operator_v3' retrieved from /home/airflow/.local/lib/python3.12/site-packages/airflow/example_dags/example_branch_python_dop_operator_3.py
[2026-05-16T11:45:55.564+0000] {logging_mixin.py:188} INFO - [2026-05-16T11:45:55.564+0000] {dag.py:3089} INFO - Sync 1 DAGs
[2026-05-16T11:45:55.583+0000] {logging_mixin.py:188} INFO - [2026-05-16T11:45:55.583+0000] {dag.py:3947} INFO - Setting next_dagrun for example_branch_dop_operator_v3 to 2026-05-16 11:44:00+00:00, run_after=2026-05-16 11:45:00+00:00
[2026-05-16T11:45:55.590+0000] {processor.py:183} INFO - Processing /home/airflow/.local/lib/python3.12/site-packages/airflow/example_dags/example_branch_python_dop_operator_3.py took 0.067 seconds
[2026-05-16T11:46:26.487+0000] {processor.py:161} INFO - Started process (PID=10914) to work on /home/airflow/.local/lib/python3.12/site-packages/airflow/example_dags/example_branch_python_dop_operator_3.py
[2026-05-16T11:46:26.487+0000] {processor.py:830} INFO - Processing file /home/airflow/.local/lib/python3.12/site-packages/airflow/example_dags/example_branch_python_dop_operator_3.py for tasks to queue
[2026-05-16T11:46:26.488+0000] {logging_mixin.py:188} INFO - [2026-05-16T11:46:26.487+0000] {dagbag.py:545} INFO - Filling up the DagBag from /home/airflow/.local/lib/python3.12/site-packages/airflow/example_dags/example_branch_python_dop_operator_3.py
[2026-05-16T11:46:26.491+0000] {processor.py:840} INFO - DAG(s) 'example_branch_dop_operator_v3' retrieved from /home/airflow/.local/lib/python3.12/site-packages/airflow/example_dags/example_branch_python_dop_operator_3.py
[2026-05-16T11:46:26.499+0000] {logging_mixin.py:188} INFO - [2026-05-16T11:46:26.499+0000] {dag.py:3089} INFO - Sync 1 DAGs
[2026-05-16T11:46:26.506+0000] {logging_mixin.py:188} INFO - [2026-05-16T11:46:26.506+0000] {dag.py:3947} INFO - Setting next_dagrun for example_branch_dop_operator_v3 to 2026-05-16 11:45:00+00:00, run_after=2026-05-16 11:46:00+00:00
[2026-05-16T11:46:26.512+0000] {processor.py:183} INFO - Processing /home/airflow/.local/lib/python3.12/site-packages/airflow/example_dags/example_branch_python_dop_operator_3.py took 0.029 seconds
[2026-05-16T11:46:56.613+0000] {processor.py:161} INFO - Started process (PID=10976) to work on /home/airflow/.local/lib/python3.12/site-packages/airflow/example_dags/example_branch_python_dop_operator_3.py
[2026-05-16T11:46:56.613+0000] {processor.py:830} INFO - Processing file /home/airflow/.local/lib/python3.12/site-packages/airflow/example_dags/example_branch_python_dop_operator_3.py for tasks to queue
[2026-05-16T11:46:56.613+0000] {logging_mixin.py:188} INFO - [2026-05-16T11:46:56.613+0000] {dagbag.py:545} INFO - Filling up the DagBag from /home/airflow/.local/lib/python3.12/site-packages/airflow/example_dags/example_branch_python_dop_operator_3.py
[2026-05-16T11:46:56.617+0000] {processor.py:840} INFO - DAG(s) 'example_branch_dop_operator_v3' retrieved from /home/airflow/.local/lib/python3.12/site-packages/airflow/example_dags/example_branch_python_dop_operator_3.py
[2026-05-16T11:46:56.629+0000] {logging_mixin.py:188} INFO - [2026-05-16T11:46:56.629+0000] {dag.py:3089} INFO - Sync 1 DAGs
[2026-05-16T11:46:56.638+0000] {logging_mixin.py:188} INFO - [2026-05-16T11:46:56.638+0000] {dag.py:3947} INFO - Setting next_dagrun for example_branch_dop_operator_v3 to 2026-05-16 11:45:00+00:00, run_after=2026-05-16 11:46:00+00:00
[2026-05-16T11:46:56.645+0000] {processor.py:183} INFO - Processing /home/airflow/.local/lib/python3.12/site-packages/airflow/example_dags/example_branch_python_dop_operator_3.py took 0.034 seconds
[2026-05-16T11:47:27.450+0000] {processor.py:161} INFO - Started process (PID=11038) to work on /home/airflow/.local/lib/python3.12/site-packages/airflow/example_dags/example_branch_python_dop_operator_3.py
[2026-05-16T11:47:27.450+0000] {processor.py:830} INFO - Processing file /home/airflow/.local/lib/python3.12/site-packages/airflow/example_dags/example_branch_python_dop_operator_3.py for tasks to queue
[2026-05-16T11:47:27.451+0000] {logging_mixin.py:188} INFO - [2026-05-16T11:47:27.451+0000] {dagbag.py:545} INFO - Filling up the DagBag from /home/airflow/.local/lib/python3.12/site-packages/airflow/example_dags/example_branch_python_dop_operator_3.py
[2026-05-16T11:47:27.454+0000] {processor.py:840} INFO - DAG(s) 'example_branch_dop_operator_v3' retrieved from /home/airflow/.local/lib/python3.12/site-packages/airflow/example_dags/example_branch_python_dop_operator_3.py
[2026-05-16T11:47:27.462+0000] {logging_mixin.py:188} INFO - [2026-05-16T11:47:27.461+0000] {dag.py:3089} INFO - Sync 1 DAGs
[2026-05-16T11:47:27.469+0000] {logging_mixin.py:188} INFO - [2026-05-16T11:47:27.469+0000] {dag.py:3947} INFO - Setting next_dagrun for example_branch_dop_operator_v3 to 2026-05-16 11:46:00+00:00, run_after=2026-05-16 11:47:00+00:00
[2026-05-16T11:47:27.475+0000] {processor.py:183} INFO - Processing /home/airflow/.local/lib/python3.12/site-packages/airflow/example_dags/example_branch_python_dop_operator_3.py took 0.027 seconds
[2026-05-16T11:47:58.003+0000] {processor.py:161} INFO - Started process (PID=11100) to work on /home/airflow/.local/lib/python3.12/site-packages/airflow/example_dags/example_branch_python_dop_operator_3.py
[2026-05-16T11:47:58.004+0000] {processor.py:830} INFO - Processing file /home/airflow/.local/lib/python3.12/site-packages/airflow/example_dags/example_branch_python_dop_operator_3.py for tasks to queue
[2026-05-16T11:47:58.004+0000] {logging_mixin.py:188} INFO - [2026-05-16T11:47:58.004+0000] {dagbag.py:545} INFO - Filling up the DagBag from /home/airflow/.local/lib/python3.12/site-packages/airflow/example_dags/example_branch_python_dop_operator_3.py
[2026-05-16T11:47:58.007+0000] {processor.py:840} INFO - DAG(s) 'example_branch_dop_operator_v3' retrieved from /home/airflow/.local/lib/python3.12/site-packages/airflow/example_dags/example_branch_python_dop_operator_3.py
[2026-05-16T11:47:58.016+0000] {logging_mixin.py:188} INFO - [2026-05-16T11:47:58.016+0000] {dag.py:3089} INFO - Sync 1 DAGs
[2026-05-16T11:47:58.024+0000] {logging_mixin.py:188} INFO - [2026-05-16T11:47:58.024+0000] {dag.py:3947} INFO - Setting next_dagrun for example_branch_dop_operator_v3 to 2026-05-16 11:46:00+00:00, run_after=2026-05-16 11:47:00+00:00
[2026-05-16T11:47:58.029+0000] {processor.py:183} INFO - Processing /home/airflow/.local/lib/python3.12/site-packages/airflow/example_dags/example_branch_python_dop_operator_3.py took 0.029 seconds
[2026-05-16T11:48:28.513+0000] {processor.py:161} INFO - Started process (PID=11162) to work on /home/airflow/.local/lib/python3.12/site-packages/airflow/example_dags/example_branch_python_dop_operator_3.py
[2026-05-16T11:48:28.513+0000] {processor.py:830} INFO - Processing file /home/airflow/.local/lib/python3.12/site-packages/airflow/example_dags/example_branch_python_dop_operator_3.py for tasks to queue
[2026-05-16T11:48:28.513+0000] {logging_mixin.py:188} INFO - [2026-05-16T11:48:28.513+0000] {dagbag.py:545} INFO - Filling up the DagBag from /home/airflow/.local/lib/python3.12/site-packages/airflow/example_dags/example_branch_python_dop_operator_3.py
[2026-05-16T11:48:28.517+0000] {processor.py:840} INFO - DAG(s) 'example_branch_dop_operator_v3' retrieved from /home/airflow/.local/lib/python3.12/site-packages/airflow/example_dags/example_branch_python_dop_operator_3.py
[2026-05-16T11:48:28.524+0000] {logging_mixin.py:188} INFO - [2026-05-16T11:48:28.524+0000] {dag.py:3089} INFO - Sync 1 DAGs
[2026-05-16T11:48:28.532+0000] {logging_mixin.py:188} INFO - [2026-05-16T11:48:28.532+0000] {dag.py:3947} INFO - Setting next_dagrun for example_branch_dop_operator_v3 to 2026-05-16 11:47:00+00:00, run_after=2026-05-16 11:48:00+00:00
[2026-05-16T11:48:28.537+0000] {processor.py:183} INFO - Processing /home/airflow/.local/lib/python3.12/site-packages/airflow/example_dags/example_branch_python_dop_operator_3.py took 0.027 seconds
[2026-05-16T11:48:59.097+0000] {processor.py:161} INFO - Started process (PID=11224) to work on /home/airflow/.local/lib/python3.12/site-packages/airflow/example_dags/example_branch_python_dop_operator_3.py
[2026-05-16T11:48:59.097+0000] {processor.py:830} INFO - Processing file /home/airflow/.local/lib/python3.12/site-packages/airflow/example_dags/example_branch_python_dop_operator_3.py for tasks to queue
[2026-05-16T11:48:59.098+0000] {logging_mixin.py:188} INFO - [2026-05-16T11:48:59.098+0000] {dagbag.py:545} INFO - Filling up the DagBag from /home/airflow/.local/lib/python3.12/site-packages/airflow/example_dags/example_branch_python_dop_operator_3.py
[2026-05-16T11:48:59.102+0000] {processor.py:840} INFO - DAG(s) 'example_branch_dop_operator_v3' retrieved from /home/airflow/.local/lib/python3.12/site-packages/airflow/example_dags/example_branch_python_dop_operator_3.py
[2026-05-16T11:48:59.112+0000] {logging_mixin.py:188} INFO - [2026-05-16T11:48:59.112+0000] {dag.py:3089} INFO - Sync 1 DAGs
[2026-05-16T11:48:59.121+0000] {logging_mixin.py:188} INFO - [2026-05-16T11:48:59.121+0000] {dag.py:3947} INFO - Setting next_dagrun for example_branch_dop_operator_v3 to 2026-05-16 11:47:00+00:00, run_after=2026-05-16 11:48:00+00:00
[2026-05-16T11:48:59.129+0000] {processor.py:183} INFO - Processing /home/airflow/.local/lib/python3.12/site-packages/airflow/example_dags/example_branch_python_dop_operator_3.py took 0.035 seconds
[2026-05-16T11:49:30.242+0000] {processor.py:161} INFO - Started process (PID=11286) to work on /home/airflow/.local/lib/python3.12/site-packages/airflow/example_dags/example_branch_python_dop_operator_3.py
[2026-05-16T11:49:30.242+0000] {processor.py:830} INFO - Processing file /home/airflow/.local/lib/python3.12/site-packages/airflow/example_dags/example_branch_python_dop_operator_3.py for tasks to queue
[2026-05-16T11:49:30.243+0000] {logging_mixin.py:188} INFO - [2026-05-16T11:49:30.242+0000] {dagbag.py:545} INFO - Filling up the DagBag from /home/airflow/.local/lib/python3.12/site-packages/airflow/example_dags/example_branch_python_dop_operator_3.py
[2026-05-16T11:49:30.250+0000] {processor.py:840} INFO - DAG(s) 'example_branch_dop_operator_v3' retrieved from /home/airflow/.local/lib/python3.12/site-packages/airflow/example_dags/example_branch_python_dop_operator_3.py
[2026-05-16T11:49:30.272+0000] {logging_mixin.py:188} INFO - [2026-05-16T11:49:30.272+0000] {dag.py:3089} INFO - Sync 1 DAGs
[2026-05-16T11:49:30.289+0000] {logging_mixin.py:188} INFO - [2026-05-16T11:49:30.289+0000] {dag.py:3947} INFO - Setting next_dagrun for example_branch_dop_operator_v3 to 2026-05-16 11:48:00+00:00, run_after=2026-05-16 11:49:00+00:00
[2026-05-16T11:49:30.308+0000] {processor.py:183} INFO - Processing /home/airflow/.local/lib/python3.12/site-packages/airflow/example_dags/example_branch_python_dop_operator_3.py took 0.073 seconds
[2026-05-16T11:50:01.052+0000] {processor.py:161} INFO - Started process (PID=11348) to work on /home/airflow/.local/lib/python3.12/site-packages/airflow/example_dags/example_branch_python_dop_operator_3.py
[2026-05-16T11:50:01.053+0000] {processor.py:830} INFO - Processing file /home/airflow/.local/lib/python3.12/site-packages/airflow/example_dags/example_branch_python_dop_operator_3.py for tasks to queue
[2026-05-16T11:50:01.053+0000] {logging_mixin.py:188} INFO - [2026-05-16T11:50:01.053+0000] {dagbag.py:545} INFO - Filling up the DagBag from /home/airflow/.local/lib/python3.12/site-packages/airflow/example_dags/example_branch_python_dop_operator_3.py
[2026-05-16T11:50:01.056+0000] {processor.py:840} INFO - DAG(s) 'example_branch_dop_operator_v3' retrieved from /home/airflow/.local/lib/python3.12/site-packages/airflow/example_dags/example_branch_python_dop_operator_3.py
[2026-05-16T11:50:01.064+0000] {logging_mixin.py:188} INFO - [2026-05-16T11:50:01.064+0000] {dag.py:3089} INFO - Sync 1 DAGs
[2026-05-16T11:50:01.071+0000] {logging_mixin.py:188} INFO - [2026-05-16T11:50:01.071+0000] {dag.py:3947} INFO - Setting next_dagrun for example_branch_dop_operator_v3 to 2026-05-16 11:49:00+00:00, run_after=2026-05-16 11:50:00+00:00
[2026-05-16T11:50:01.077+0000] {processor.py:183} INFO - Processing /home/airflow/.local/lib/python3.12/site-packages/airflow/example_dags/example_branch_python_dop_operator_3.py took 0.027 seconds
[2026-05-16T11:50:31.177+0000] {processor.py:161} INFO - Started process (PID=11410) to work on /home/airflow/.local/lib/python3.12/site-packages/airflow/example_dags/example_branch_python_dop_operator_3.py
[2026-05-16T11:50:31.177+0000] {processor.py:830} INFO - Processing file /home/airflow/.local/lib/python3.12/site-packages/airflow/example_dags/example_branch_python_dop_operator_3.py for tasks to queue
[2026-05-16T11:50:31.177+0000] {logging_mixin.py:188} INFO - [2026-05-16T11:50:31.177+0000] {dagbag.py:545} INFO - Filling up the DagBag from /home/airflow/.local/lib/python3.12/site-packages/airflow/example_dags/example_branch_python_dop_operator_3.py
[2026-05-16T11:50:31.181+0000] {processor.py:840} INFO - DAG(s) 'example_branch_dop_operator_v3' retrieved from /home/airflow/.local/lib/python3.12/site-packages/airflow/example_dags/example_branch_python_dop_operator_3.py
[2026-05-16T11:50:31.191+0000] {logging_mixin.py:188} INFO - [2026-05-16T11:50:31.191+0000] {dag.py:3089} INFO - Sync 1 DAGs
[2026-05-16T11:50:31.199+0000] {logging_mixin.py:188} INFO - [2026-05-16T11:50:31.199+0000] {dag.py:3947} INFO - Setting next_dagrun for example_branch_dop_operator_v3 to 2026-05-16 11:49:00+00:00, run_after=2026-05-16 11:50:00+00:00
[2026-05-16T11:50:31.204+0000] {processor.py:183} INFO - Processing /home/airflow/.local/lib/python3.12/site-packages/airflow/example_dags/example_branch_python_dop_operator_3.py took 0.029 seconds
[2026-05-16T11:51:01.597+0000] {processor.py:161} INFO - Started process (PID=11472) to work on /home/airflow/.local/lib/python3.12/site-packages/airflow/example_dags/example_branch_python_dop_operator_3.py
[2026-05-16T11:51:01.598+0000] {processor.py:830} INFO - Processing file /home/airflow/.local/lib/python3.12/site-packages/airflow/example_dags/example_branch_python_dop_operator_3.py for tasks to queue
[2026-05-16T11:51:01.599+0000] {logging_mixin.py:188} INFO - [2026-05-16T11:51:01.598+0000] {dagbag.py:545} INFO - Filling up the DagBag from /home/airflow/.local/lib/python3.12/site-packages/airflow/example_dags/example_branch_python_dop_operator_3.py
[2026-05-16T11:51:01.602+0000] {processor.py:840} INFO - DAG(s) 'example_branch_dop_operator_v3' retrieved from /home/airflow/.local/lib/python3.12/site-packages/airflow/example_dags/example_branch_python_dop_operator_3.py
[2026-05-16T11:51:01.612+0000] {logging_mixin.py:188} INFO - [2026-05-16T11:51:01.612+0000] {dag.py:3089} INFO - Sync 1 DAGs
[2026-05-16T11:51:01.620+0000] {logging_mixin.py:188} INFO - [2026-05-16T11:51:01.620+0000] {dag.py:3947} INFO - Setting next_dagrun for example_branch_dop_operator_v3 to 2026-05-16 11:50:00+00:00, run_after=2026-05-16 11:51:00+00:00
[2026-05-16T11:51:01.629+0000] {processor.py:183} INFO - Processing /home/airflow/.local/lib/python3.12/site-packages/airflow/example_dags/example_branch_python_dop_operator_3.py took 0.035 seconds
[2026-05-16T11:51:32.110+0000] {processor.py:161} INFO - Started process (PID=11534) to work on /home/airflow/.local/lib/python3.12/site-packages/airflow/example_dags/example_branch_python_dop_operator_3.py
[2026-05-16T11:51:32.111+0000] {processor.py:830} INFO - Processing file /home/airflow/.local/lib/python3.12/site-packages/airflow/example_dags/example_branch_python_dop_operator_3.py for tasks to queue
[2026-05-16T11:51:32.111+0000] {logging_mixin.py:188} INFO - [2026-05-16T11:51:32.111+0000] {dagbag.py:545} INFO - Filling up the DagBag from /home/airflow/.local/lib/python3.12/site-packages/airflow/example_dags/example_branch_python_dop_operator_3.py
[2026-05-16T11:51:32.114+0000] {processor.py:840} INFO - DAG(s) 'example_branch_dop_operator_v3' retrieved from /home/airflow/.local/lib/python3.12/site-packages/airflow/example_dags/example_branch_python_dop_operator_3.py
[2026-05-16T11:51:32.122+0000] {logging_mixin.py:188} INFO - [2026-05-16T11:51:32.122+0000] {dag.py:3089} INFO - Sync 1 DAGs
[2026-05-16T11:51:32.130+0000] {logging_mixin.py:188} INFO - [2026-05-16T11:51:32.130+0000] {dag.py:3947} INFO - Setting next_dagrun for example_branch_dop_operator_v3 to 2026-05-16 11:50:00+00:00, run_after=2026-05-16 11:51:00+00:00
[2026-05-16T11:51:32.135+0000] {processor.py:183} INFO - Processing /home/airflow/.local/lib/python3.12/site-packages/airflow/example_dags/example_branch_python_dop_operator_3.py took 0.027 seconds
[2026-05-16T11:52:02.543+0000] {processor.py:161} INFO - Started process (PID=11596) to work on /home/airflow/.local/lib/python3.12/site-packages/airflow/example_dags/example_branch_python_dop_operator_3.py
[2026-05-16T11:52:02.543+0000] {processor.py:830} INFO - Processing file /home/airflow/.local/lib/python3.12/site-packages/airflow/example_dags/example_branch_python_dop_operator_3.py for tasks to queue
[2026-05-16T11:52:02.544+0000] {logging_mixin.py:188} INFO - [2026-05-16T11:52:02.544+0000] {dagbag.py:545} INFO - Filling up the DagBag from /home/airflow/.local/lib/python3.12/site-packages/airflow/example_dags/example_branch_python_dop_operator_3.py
[2026-05-16T11:52:02.547+0000] {processor.py:840} INFO - DAG(s) 'example_branch_dop_operator_v3' retrieved from /home/airflow/.local/lib/python3.12/site-packages/airflow/example_dags/example_branch_python_dop_operator_3.py
[2026-05-16T11:52:02.556+0000] {logging_mixin.py:188} INFO - [2026-05-16T11:52:02.556+0000] {dag.py:3089} INFO - Sync 1 DAGs
[2026-05-16T11:52:02.564+0000] {logging_mixin.py:188} INFO - [2026-05-16T11:52:02.564+0000] {dag.py:3947} INFO - Setting next_dagrun for example_branch_dop_operator_v3 to 2026-05-16 11:51:00+00:00, run_after=2026-05-16 11:52:00+00:00
[2026-05-16T11:52:02.568+0000] {processor.py:183} INFO - Processing /home/airflow/.local/lib/python3.12/site-packages/airflow/example_dags/example_branch_python_dop_operator_3.py took 0.027 seconds
[2026-05-16T11:52:33.181+0000] {processor.py:161} INFO - Started process (PID=11658) to work on /home/airflow/.local/lib/python3.12/site-packages/airflow/example_dags/example_branch_python_dop_operator_3.py
[2026-05-16T11:52:33.181+0000] {processor.py:830} INFO - Processing file /home/airflow/.local/lib/python3.12/site-packages/airflow/example_dags/example_branch_python_dop_operator_3.py for tasks to queue
[2026-05-16T11:52:33.182+0000] {logging_mixin.py:188} INFO - [2026-05-16T11:52:33.181+0000] {dagbag.py:545} INFO - Filling up the DagBag from /home/airflow/.local/lib/python3.12/site-packages/airflow/example_dags/example_branch_python_dop_operator_3.py
[2026-05-16T11:52:33.186+0000] {processor.py:840} INFO - DAG(s) 'example_branch_dop_operator_v3' retrieved from /home/airflow/.local/lib/python3.12/site-packages/airflow/example_dags/example_branch_python_dop_operator_3.py
[2026-05-16T11:52:33.195+0000] {logging_mixin.py:188} INFO - [2026-05-16T11:52:33.195+0000] {dag.py:3089} INFO - Sync 1 DAGs
[2026-05-16T11:52:33.205+0000] {logging_mixin.py:188} INFO - [2026-05-16T11:52:33.205+0000] {dag.py:3947} INFO - Setting next_dagrun for example_branch_dop_operator_v3 to 2026-05-16 11:51:00+00:00, run_after=2026-05-16 11:52:00+00:00
[2026-05-16T11:52:33.211+0000] {processor.py:183} INFO - Processing /home/airflow/.local/lib/python3.12/site-packages/airflow/example_dags/example_branch_python_dop_operator_3.py took 0.033 seconds
[2026-05-16T11:53:03.847+0000] {processor.py:161} INFO - Started process (PID=11720) to work on /home/airflow/.local/lib/python3.12/site-packages/airflow/example_dags/example_branch_python_dop_operator_3.py
[2026-05-16T11:53:03.848+0000] {processor.py:830} INFO - Processing file /home/airflow/.local/lib/python3.12/site-packages/airflow/example_dags/example_branch_python_dop_operator_3.py for tasks to queue
[2026-05-16T11:53:03.848+0000] {logging_mixin.py:188} INFO - [2026-05-16T11:53:03.848+0000] {dagbag.py:545} INFO - Filling up the DagBag from /home/airflow/.local/lib/python3.12/site-packages/airflow/example_dags/example_branch_python_dop_operator_3.py
[2026-05-16T11:53:03.851+0000] {processor.py:840} INFO - DAG(s) 'example_branch_dop_operator_v3' retrieved from /home/airflow/.local/lib/python3.12/site-packages/airflow/example_dags/example_branch_python_dop_operator_3.py
[2026-05-16T11:53:03.859+0000] {logging_mixin.py:188} INFO - [2026-05-16T11:53:03.859+0000] {dag.py:3089} INFO - Sync 1 DAGs
[2026-05-16T11:53:03.866+0000] {logging_mixin.py:188} INFO - [2026-05-16T11:53:03.866+0000] {dag.py:3947} INFO - Setting next_dagrun for example_branch_dop_operator_v3 to 2026-05-16 11:52:00+00:00, run_after=2026-05-16 11:53:00+00:00
[2026-05-16T11:53:03.872+0000] {processor.py:183} INFO - Processing /home/airflow/.local/lib/python3.12/site-packages/airflow/example_dags/example_branch_python_dop_operator_3.py took 0.027 seconds
[2026-05-16T11:53:34.460+0000] {processor.py:161} INFO - Started process (PID=11782) to work on /home/airflow/.local/lib/python3.12/site-packages/airflow/example_dags/example_branch_python_dop_operator_3.py
[2026-05-16T11:53:34.461+0000] {processor.py:830} INFO - Processing file /home/airflow/.local/lib/python3.12/site-packages/airflow/example_dags/example_branch_python_dop_operator_3.py for tasks to queue
[2026-05-16T11:53:34.461+0000] {logging_mixin.py:188} INFO - [2026-05-16T11:53:34.461+0000] {dagbag.py:545} INFO - Filling up the DagBag from /home/airflow/.local/lib/python3.12/site-packages/airflow/example_dags/example_branch_python_dop_operator_3.py
[2026-05-16T11:53:34.465+0000] {processor.py:840} INFO - DAG(s) 'example_branch_dop_operator_v3' retrieved from /home/airflow/.local/lib/python3.12/site-packages/airflow/example_dags/example_branch_python_dop_operator_3.py
[2026-05-16T11:53:34.473+0000] {logging_mixin.py:188} INFO - [2026-05-16T11:53:34.473+0000] {dag.py:3089} INFO - Sync 1 DAGs
[2026-05-16T11:53:34.482+0000] {logging_mixin.py:188} INFO - [2026-05-16T11:53:34.482+0000] {dag.py:3947} INFO - Setting next_dagrun for example_branch_dop_operator_v3 to 2026-05-16 11:52:00+00:00, run_after=2026-05-16 11:53:00+00:00
[2026-05-16T11:53:34.491+0000] {processor.py:183} INFO - Processing /home/airflow/.local/lib/python3.12/site-packages/airflow/example_dags/example_branch_python_dop_operator_3.py took 0.033 seconds
[2026-05-16T11:54:05.033+0000] {processor.py:161} INFO - Started process (PID=11844) to work on /home/airflow/.local/lib/python3.12/site-packages/airflow/example_dags/example_branch_python_dop_operator_3.py
[2026-05-16T11:54:05.034+0000] {processor.py:830} INFO - Processing file /home/airflow/.local/lib/python3.12/site-packages/airflow/example_dags/example_branch_python_dop_operator_3.py for tasks to queue
[2026-05-16T11:54:05.034+0000] {logging_mixin.py:188} INFO - [2026-05-16T11:54:05.034+0000] {dagbag.py:545} INFO - Filling up the DagBag from /home/airflow/.local/lib/python3.12/site-packages/airflow/example_dags/example_branch_python_dop_operator_3.py
[2026-05-16T11:54:05.037+0000] {processor.py:840} INFO - DAG(s) 'example_branch_dop_operator_v3' retrieved from /home/airflow/.local/lib/python3.12/site-packages/airflow/example_dags/example_branch_python_dop_operator_3.py
[2026-05-16T11:54:05.046+0000] {logging_mixin.py:188} INFO - [2026-05-16T11:54:05.046+0000] {dag.py:3089} INFO - Sync 1 DAGs
[2026-05-16T11:54:05.054+0000] {logging_mixin.py:188} INFO - [2026-05-16T11:54:05.054+0000] {dag.py:3947} INFO - Setting next_dagrun for example_branch_dop_operator_v3 to 2026-05-16 11:53:00+00:00, run_after=2026-05-16 11:54:00+00:00
[2026-05-16T11:54:05.060+0000] {processor.py:183} INFO - Processing /home/airflow/.local/lib/python3.12/site-packages/airflow/example_dags/example_branch_python_dop_operator_3.py took 0.029 seconds
[2026-05-16T11:54:35.599+0000] {processor.py:161} INFO - Started process (PID=11906) to work on /home/airflow/.local/lib/python3.12/site-packages/airflow/example_dags/example_branch_python_dop_operator_3.py
[2026-05-16T11:54:35.599+0000] {processor.py:830} INFO - Processing file /home/airflow/.local/lib/python3.12/site-packages/airflow/example_dags/example_branch_python_dop_operator_3.py for tasks to queue
[2026-05-16T11:54:35.599+0000] {logging_mixin.py:188} INFO - [2026-05-16T11:54:35.599+0000] {dagbag.py:545} INFO - Filling up the DagBag from /home/airflow/.local/lib/python3.12/site-packages/airflow/example_dags/example_branch_python_dop_operator_3.py
[2026-05-16T11:54:35.602+0000] {processor.py:840} INFO - DAG(s) 'example_branch_dop_operator_v3' retrieved from /home/airflow/.local/lib/python3.12/site-packages/airflow/example_dags/example_branch_python_dop_operator_3.py
[2026-05-16T11:54:35.610+0000] {logging_mixin.py:188} INFO - [2026-05-16T11:54:35.610+0000] {dag.py:3089} INFO - Sync 1 DAGs
[2026-05-16T11:54:35.617+0000] {logging_mixin.py:188} INFO - [2026-05-16T11:54:35.617+0000] {dag.py:3947} INFO - Setting next_dagrun for example_branch_dop_operator_v3 to 2026-05-16 11:53:00+00:00, run_after=2026-05-16 11:54:00+00:00
[2026-05-16T11:54:35.623+0000] {processor.py:183} INFO - Processing /home/airflow/.local/lib/python3.12/site-packages/airflow/example_dags/example_branch_python_dop_operator_3.py took 0.026 seconds
[2026-05-16T11:55:06.228+0000] {processor.py:161} INFO - Started process (PID=11968) to work on /home/airflow/.local/lib/python3.12/site-packages/airflow/example_dags/example_branch_python_dop_operator_3.py
[2026-05-16T11:55:06.228+0000] {processor.py:830} INFO - Processing file /home/airflow/.local/lib/python3.12/site-packages/airflow/example_dags/example_branch_python_dop_operator_3.py for tasks to queue
[2026-05-16T11:55:06.228+0000] {logging_mixin.py:188} INFO - [2026-05-16T11:55:06.228+0000] {dagbag.py:545} INFO - Filling up the DagBag from /home/airflow/.local/lib/python3.12/site-packages/airflow/example_dags/example_branch_python_dop_operator_3.py
[2026-05-16T11:55:06.232+0000] {processor.py:840} INFO - DAG(s) 'example_branch_dop_operator_v3' retrieved from /home/airflow/.local/lib/python3.12/site-packages/airflow/example_dags/example_branch_python_dop_operator_3.py
[2026-05-16T11:55:06.240+0000] {logging_mixin.py:188} INFO - [2026-05-16T11:55:06.240+0000] {dag.py:3089} INFO - Sync 1 DAGs
[2026-05-16T11:55:06.248+0000] {logging_mixin.py:188} INFO - [2026-05-16T11:55:06.248+0000] {dag.py:3947} INFO - Setting next_dagrun for example_branch_dop_operator_v3 to 2026-05-16 11:54:00+00:00, run_after=2026-05-16 11:55:00+00:00
[2026-05-16T11:55:06.253+0000] {processor.py:183} INFO - Processing /home/airflow/.local/lib/python3.12/site-packages/airflow/example_dags/example_branch_python_dop_operator_3.py took 0.027 seconds
[2026-05-16T11:55:36.931+0000] {processor.py:161} INFO - Started process (PID=12030) to work on /home/airflow/.local/lib/python3.12/site-packages/airflow/example_dags/example_branch_python_dop_operator_3.py
[2026-05-16T11:55:36.932+0000] {processor.py:830} INFO - Processing file /home/airflow/.local/lib/python3.12/site-packages/airflow/example_dags/example_branch_python_dop_operator_3.py for tasks to queue
[2026-05-16T11:55:36.932+0000] {logging_mixin.py:188} INFO - [2026-05-16T11:55:36.932+0000] {dagbag.py:545} INFO - Filling up the DagBag from /home/airflow/.local/lib/python3.12/site-packages/airflow/example_dags/example_branch_python_dop_operator_3.py
[2026-05-16T11:55:36.935+0000] {processor.py:840} INFO - DAG(s) 'example_branch_dop_operator_v3' retrieved from /home/airflow/.local/lib/python3.12/site-packages/airflow/example_dags/example_branch_python_dop_operator_3.py
[2026-05-16T11:55:36.942+0000] {logging_mixin.py:188} INFO - [2026-05-16T11:55:36.942+0000] {dag.py:3089} INFO - Sync 1 DAGs
[2026-05-16T11:55:36.949+0000] {logging_mixin.py:188} INFO - [2026-05-16T11:55:36.949+0000] {dag.py:3947} INFO - Setting next_dagrun for example_branch_dop_operator_v3 to 2026-05-16 11:54:00+00:00, run_after=2026-05-16 11:55:00+00:00
[2026-05-16T11:55:36.954+0000] {processor.py:183} INFO - Processing /home/airflow/.local/lib/python3.12/site-packages/airflow/example_dags/example_branch_python_dop_operator_3.py took 0.025 seconds
[2026-05-16T11:56:07.651+0000] {processor.py:161} INFO - Started process (PID=12091) to work on /home/airflow/.local/lib/python3.12/site-packages/airflow/example_dags/example_branch_python_dop_operator_3.py
[2026-05-16T11:56:07.651+0000] {processor.py:830} INFO - Processing file /home/airflow/.local/lib/python3.12/site-packages/airflow/example_dags/example_branch_python_dop_operator_3.py for tasks to queue
[2026-05-16T11:56:07.651+0000] {logging_mixin.py:188} INFO - [2026-05-16T11:56:07.651+0000] {dagbag.py:545} INFO - Filling up the DagBag from /home/airflow/.local/lib/python3.12/site-packages/airflow/example_dags/example_branch_python_dop_operator_3.py
[2026-05-16T11:56:07.655+0000] {processor.py:840} INFO - DAG(s) 'example_branch_dop_operator_v3' retrieved from /home/airflow/.local/lib/python3.12/site-packages/airflow/example_dags/example_branch_python_dop_operator_3.py
[2026-05-16T11:56:07.662+0000] {logging_mixin.py:188} INFO - [2026-05-16T11:56:07.661+0000] {dag.py:3089} INFO - Sync 1 DAGs
[2026-05-16T11:56:07.669+0000] {logging_mixin.py:188} INFO - [2026-05-16T11:56:07.669+0000] {dag.py:3947} INFO - Setting next_dagrun for example_branch_dop_operator_v3 to 2026-05-16 11:55:00+00:00, run_after=2026-05-16 11:56:00+00:00
[2026-05-16T11:56:07.674+0000] {processor.py:183} INFO - Processing /home/airflow/.local/lib/python3.12/site-packages/airflow/example_dags/example_branch_python_dop_operator_3.py took 0.026 seconds
[2026-05-16T11:56:38.259+0000] {processor.py:161} INFO - Started process (PID=12153) to work on /home/airflow/.local/lib/python3.12/site-packages/airflow/example_dags/example_branch_python_dop_operator_3.py
[2026-05-16T11:56:38.259+0000] {processor.py:830} INFO - Processing file /home/airflow/.local/lib/python3.12/site-packages/airflow/example_dags/example_branch_python_dop_operator_3.py for tasks to queue
[2026-05-16T11:56:38.259+0000] {logging_mixin.py:188} INFO - [2026-05-16T11:56:38.259+0000] {dagbag.py:545} INFO - Filling up the DagBag from /home/airflow/.local/lib/python3.12/site-packages/airflow/example_dags/example_branch_python_dop_operator_3.py
[2026-05-16T11:56:38.262+0000] {processor.py:840} INFO - DAG(s) 'example_branch_dop_operator_v3' retrieved from /home/airflow/.local/lib/python3.12/site-packages/airflow/example_dags/example_branch_python_dop_operator_3.py
[2026-05-16T11:56:38.270+0000] {logging_mixin.py:188} INFO - [2026-05-16T11:56:38.270+0000] {dag.py:3089} INFO - Sync 1 DAGs
[2026-05-16T11:56:38.278+0000] {logging_mixin.py:188} INFO - [2026-05-16T11:56:38.278+0000] {dag.py:3947} INFO - Setting next_dagrun for example_branch_dop_operator_v3 to 2026-05-16 11:55:00+00:00, run_after=2026-05-16 11:56:00+00:00
[2026-05-16T11:56:38.283+0000] {processor.py:183} INFO - Processing /home/airflow/.local/lib/python3.12/site-packages/airflow/example_dags/example_branch_python_dop_operator_3.py took 0.026 seconds
[2026-05-16T11:57:08.831+0000] {processor.py:161} INFO - Started process (PID=12215) to work on /home/airflow/.local/lib/python3.12/site-packages/airflow/example_dags/example_branch_python_dop_operator_3.py
[2026-05-16T11:57:08.831+0000] {processor.py:830} INFO - Processing file /home/airflow/.local/lib/python3.12/site-packages/airflow/example_dags/example_branch_python_dop_operator_3.py for tasks to queue
[2026-05-16T11:57:08.832+0000] {logging_mixin.py:188} INFO - [2026-05-16T11:57:08.832+0000] {dagbag.py:545} INFO - Filling up the DagBag from /home/airflow/.local/lib/python3.12/site-packages/airflow/example_dags/example_branch_python_dop_operator_3.py
[2026-05-16T11:57:08.835+0000] {processor.py:840} INFO - DAG(s) 'example_branch_dop_operator_v3' retrieved from /home/airflow/.local/lib/python3.12/site-packages/airflow/example_dags/example_branch_python_dop_operator_3.py
[2026-05-16T11:57:08.842+0000] {logging_mixin.py:188} INFO - [2026-05-16T11:57:08.842+0000] {dag.py:3089} INFO - Sync 1 DAGs
[2026-05-16T11:57:08.850+0000] {logging_mixin.py:188} INFO - [2026-05-16T11:57:08.850+0000] {dag.py:3947} INFO - Setting next_dagrun for example_branch_dop_operator_v3 to 2026-05-16 11:56:00+00:00, run_after=2026-05-16 11:57:00+00:00
[2026-05-16T11:57:08.855+0000] {processor.py:183} INFO - Processing /home/airflow/.local/lib/python3.12/site-packages/airflow/example_dags/example_branch_python_dop_operator_3.py took 0.026 seconds
[2026-05-16T11:57:39.374+0000] {processor.py:161} INFO - Started process (PID=12278) to work on /home/airflow/.local/lib/python3.12/site-packages/airflow/example_dags/example_branch_python_dop_operator_3.py
[2026-05-16T11:57:39.374+0000] {processor.py:830} INFO - Processing file /home/airflow/.local/lib/python3.12/site-packages/airflow/example_dags/example_branch_python_dop_operator_3.py for tasks to queue
[2026-05-16T11:57:39.375+0000] {logging_mixin.py:188} INFO - [2026-05-16T11:57:39.374+0000] {dagbag.py:545} INFO - Filling up the DagBag from /home/airflow/.local/lib/python3.12/site-packages/airflow/example_dags/example_branch_python_dop_operator_3.py
[2026-05-16T11:57:39.378+0000] {processor.py:840} INFO - DAG(s) 'example_branch_dop_operator_v3' retrieved from /home/airflow/.local/lib/python3.12/site-packages/airflow/example_dags/example_branch_python_dop_operator_3.py
[2026-05-16T11:57:39.386+0000] {logging_mixin.py:188} INFO - [2026-05-16T11:57:39.386+0000] {dag.py:3089} INFO - Sync 1 DAGs
[2026-05-16T11:57:39.393+0000] {logging_mixin.py:188} INFO - [2026-05-16T11:57:39.393+0000] {dag.py:3947} INFO - Setting next_dagrun for example_branch_dop_operator_v3 to 2026-05-16 11:56:00+00:00, run_after=2026-05-16 11:57:00+00:00
[2026-05-16T11:57:39.403+0000] {processor.py:183} INFO - Processing /home/airflow/.local/lib/python3.12/site-packages/airflow/example_dags/example_branch_python_dop_operator_3.py took 0.033 seconds
[2026-05-16T11:58:09.934+0000] {processor.py:161} INFO - Started process (PID=12340) to work on /home/airflow/.local/lib/python3.12/site-packages/airflow/example_dags/example_branch_python_dop_operator_3.py
[2026-05-16T11:58:09.934+0000] {processor.py:830} INFO - Processing file /home/airflow/.local/lib/python3.12/site-packages/airflow/example_dags/example_branch_python_dop_operator_3.py for tasks to queue
[2026-05-16T11:58:09.935+0000] {logging_mixin.py:188} INFO - [2026-05-16T11:58:09.935+0000] {dagbag.py:545} INFO - Filling up the DagBag from /home/airflow/.local/lib/python3.12/site-packages/airflow/example_dags/example_branch_python_dop_operator_3.py
[2026-05-16T11:58:09.939+0000] {processor.py:840} INFO - DAG(s) 'example_branch_dop_operator_v3' retrieved from /home/airflow/.local/lib/python3.12/site-packages/airflow/example_dags/example_branch_python_dop_operator_3.py
[2026-05-16T11:58:09.948+0000] {logging_mixin.py:188} INFO - [2026-05-16T11:58:09.948+0000] {dag.py:3089} INFO - Sync 1 DAGs
[2026-05-16T11:58:09.956+0000] {logging_mixin.py:188} INFO - [2026-05-16T11:58:09.956+0000] {dag.py:3947} INFO - Setting next_dagrun for example_branch_dop_operator_v3 to 2026-05-16 11:57:00+00:00, run_after=2026-05-16 11:58:00+00:00
[2026-05-16T11:58:09.963+0000] {processor.py:183} INFO - Processing /home/airflow/.local/lib/python3.12/site-packages/airflow/example_dags/example_branch_python_dop_operator_3.py took 0.031 seconds
[2026-05-16T11:58:40.460+0000] {processor.py:161} INFO - Started process (PID=12402) to work on /home/airflow/.local/lib/python3.12/site-packages/airflow/example_dags/example_branch_python_dop_operator_3.py
[2026-05-16T11:58:40.460+0000] {processor.py:830} INFO - Processing file /home/airflow/.local/lib/python3.12/site-packages/airflow/example_dags/example_branch_python_dop_operator_3.py for tasks to queue
[2026-05-16T11:58:40.461+0000] {logging_mixin.py:188} INFO - [2026-05-16T11:58:40.461+0000] {dagbag.py:545} INFO - Filling up the DagBag from /home/airflow/.local/lib/python3.12/site-packages/airflow/example_dags/example_branch_python_dop_operator_3.py
[2026-05-16T11:58:40.464+0000] {processor.py:840} INFO - DAG(s) 'example_branch_dop_operator_v3' retrieved from /home/airflow/.local/lib/python3.12/site-packages/airflow/example_dags/example_branch_python_dop_operator_3.py
[2026-05-16T11:58:40.471+0000] {logging_mixin.py:188} INFO - [2026-05-16T11:58:40.471+0000] {dag.py:3089} INFO - Sync 1 DAGs
[2026-05-16T11:58:40.479+0000] {logging_mixin.py:188} INFO - [2026-05-16T11:58:40.479+0000] {dag.py:3947} INFO - Setting next_dagrun for example_branch_dop_operator_v3 to 2026-05-16 11:57:00+00:00, run_after=2026-05-16 11:58:00+00:00
[2026-05-16T11:58:40.484+0000] {processor.py:183} INFO - Processing /home/airflow/.local/lib/python3.12/site-packages/airflow/example_dags/example_branch_python_dop_operator_3.py took 0.026 seconds
[2026-05-16T11:59:10.996+0000] {processor.py:161} INFO - Started process (PID=12470) to work on /home/airflow/.local/lib/python3.12/site-packages/airflow/example_dags/example_branch_python_dop_operator_3.py
[2026-05-16T11:59:10.996+0000] {processor.py:830} INFO - Processing file /home/airflow/.local/lib/python3.12/site-packages/airflow/example_dags/example_branch_python_dop_operator_3.py for tasks to queue
[2026-05-16T11:59:10.996+0000] {logging_mixin.py:188} INFO - [2026-05-16T11:59:10.996+0000] {dagbag.py:545} INFO - Filling up the DagBag from /home/airflow/.local/lib/python3.12/site-packages/airflow/example_dags/example_branch_python_dop_operator_3.py
[2026-05-16T11:59:11.000+0000] {processor.py:840} INFO - DAG(s) 'example_branch_dop_operator_v3' retrieved from /home/airflow/.local/lib/python3.12/site-packages/airflow/example_dags/example_branch_python_dop_operator_3.py
[2026-05-16T11:59:11.007+0000] {logging_mixin.py:188} INFO - [2026-05-16T11:59:11.007+0000] {dag.py:3089} INFO - Sync 1 DAGs
[2026-05-16T11:59:11.015+0000] {logging_mixin.py:188} INFO - [2026-05-16T11:59:11.014+0000] {dag.py:3947} INFO - Setting next_dagrun for example_branch_dop_operator_v3 to 2026-05-16 11:58:00+00:00, run_after=2026-05-16 11:59:00+00:00
[2026-05-16T11:59:11.020+0000] {processor.py:183} INFO - Processing /home/airflow/.local/lib/python3.12/site-packages/airflow/example_dags/example_branch_python_dop_operator_3.py took 0.026 seconds
[2026-05-16T11:59:41.486+0000] {processor.py:161} INFO - Started process (PID=12532) to work on /home/airflow/.local/lib/python3.12/site-packages/airflow/example_dags/example_branch_python_dop_operator_3.py
[2026-05-16T11:59:41.486+0000] {processor.py:830} INFO - Processing file /home/airflow/.local/lib/python3.12/site-packages/airflow/example_dags/example_branch_python_dop_operator_3.py for tasks to queue
[2026-05-16T11:59:41.487+0000] {logging_mixin.py:188} INFO - [2026-05-16T11:59:41.487+0000] {dagbag.py:545} INFO - Filling up the DagBag from /home/airflow/.local/lib/python3.12/site-packages/airflow/example_dags/example_branch_python_dop_operator_3.py
[2026-05-16T11:59:41.490+0000] {processor.py:840} INFO - DAG(s) 'example_branch_dop_operator_v3' retrieved from /home/airflow/.local/lib/python3.12/site-packages/airflow/example_dags/example_branch_python_dop_operator_3.py
[2026-05-16T11:59:41.499+0000] {logging_mixin.py:188} INFO - [2026-05-16T11:59:41.499+0000] {dag.py:3089} INFO - Sync 1 DAGs
[2026-05-16T11:59:41.506+0000] {logging_mixin.py:188} INFO - [2026-05-16T11:59:41.506+0000] {dag.py:3947} INFO - Setting next_dagrun for example_branch_dop_operator_v3 to 2026-05-16 11:58:00+00:00, run_after=2026-05-16 11:59:00+00:00
[2026-05-16T11:59:41.511+0000] {processor.py:183} INFO - Processing /home/airflow/.local/lib/python3.12/site-packages/airflow/example_dags/example_branch_python_dop_operator_3.py took 0.028 seconds
[2026-05-16T12:00:12.014+0000] {processor.py:161} INFO - Started process (PID=12594) to work on /home/airflow/.local/lib/python3.12/site-packages/airflow/example_dags/example_branch_python_dop_operator_3.py
[2026-05-16T12:00:12.015+0000] {processor.py:830} INFO - Processing file /home/airflow/.local/lib/python3.12/site-packages/airflow/example_dags/example_branch_python_dop_operator_3.py for tasks to queue
[2026-05-16T12:00:12.015+0000] {logging_mixin.py:188} INFO - [2026-05-16T12:00:12.015+0000] {dagbag.py:545} INFO - Filling up the DagBag from /home/airflow/.local/lib/python3.12/site-packages/airflow/example_dags/example_branch_python_dop_operator_3.py
[2026-05-16T12:00:12.018+0000] {processor.py:840} INFO - DAG(s) 'example_branch_dop_operator_v3' retrieved from /home/airflow/.local/lib/python3.12/site-packages/airflow/example_dags/example_branch_python_dop_operator_3.py
[2026-05-16T12:00:12.025+0000] {logging_mixin.py:188} INFO - [2026-05-16T12:00:12.025+0000] {dag.py:3089} INFO - Sync 1 DAGs
[2026-05-16T12:00:12.032+0000] {logging_mixin.py:188} INFO - [2026-05-16T12:00:12.032+0000] {dag.py:3947} INFO - Setting next_dagrun for example_branch_dop_operator_v3 to 2026-05-16 11:59:00+00:00, run_after=2026-05-16 12:00:00+00:00
[2026-05-16T12:00:12.038+0000] {processor.py:183} INFO - Processing /home/airflow/.local/lib/python3.12/site-packages/airflow/example_dags/example_branch_python_dop_operator_3.py took 0.026 seconds
[2026-05-16T12:00:42.638+0000] {processor.py:161} INFO - Started process (PID=12657) to work on /home/airflow/.local/lib/python3.12/site-packages/airflow/example_dags/example_branch_python_dop_operator_3.py
[2026-05-16T12:00:42.639+0000] {processor.py:830} INFO - Processing file /home/airflow/.local/lib/python3.12/site-packages/airflow/example_dags/example_branch_python_dop_operator_3.py for tasks to queue
[2026-05-16T12:00:42.639+0000] {logging_mixin.py:188} INFO - [2026-05-16T12:00:42.639+0000] {dagbag.py:545} INFO - Filling up the DagBag from /home/airflow/.local/lib/python3.12/site-packages/airflow/example_dags/example_branch_python_dop_operator_3.py
[2026-05-16T12:00:42.643+0000] {processor.py:840} INFO - DAG(s) 'example_branch_dop_operator_v3' retrieved from /home/airflow/.local/lib/python3.12/site-packages/airflow/example_dags/example_branch_python_dop_operator_3.py
[2026-05-16T12:00:42.651+0000] {logging_mixin.py:188} INFO - [2026-05-16T12:00:42.651+0000] {dag.py:3089} INFO - Sync 1 DAGs
[2026-05-16T12:00:42.660+0000] {logging_mixin.py:188} INFO - [2026-05-16T12:00:42.660+0000] {dag.py:3947} INFO - Setting next_dagrun for example_branch_dop_operator_v3 to 2026-05-16 11:59:00+00:00, run_after=2026-05-16 12:00:00+00:00
[2026-05-16T12:00:42.666+0000] {processor.py:183} INFO - Processing /home/airflow/.local/lib/python3.12/site-packages/airflow/example_dags/example_branch_python_dop_operator_3.py took 0.031 seconds
[2026-05-16T12:01:13.218+0000] {processor.py:161} INFO - Started process (PID=12719) to work on /home/airflow/.local/lib/python3.12/site-packages/airflow/example_dags/example_branch_python_dop_operator_3.py
[2026-05-16T12:01:13.218+0000] {processor.py:830} INFO - Processing file /home/airflow/.local/lib/python3.12/site-packages/airflow/example_dags/example_branch_python_dop_operator_3.py for tasks to queue
[2026-05-16T12:01:13.218+0000] {logging_mixin.py:188} INFO - [2026-05-16T12:01:13.218+0000] {dagbag.py:545} INFO - Filling up the DagBag from /home/airflow/.local/lib/python3.12/site-packages/airflow/example_dags/example_branch_python_dop_operator_3.py
[2026-05-16T12:01:13.222+0000] {processor.py:840} INFO - DAG(s) 'example_branch_dop_operator_v3' retrieved from /home/airflow/.local/lib/python3.12/site-packages/airflow/example_dags/example_branch_python_dop_operator_3.py
[2026-05-16T12:01:13.229+0000] {logging_mixin.py:188} INFO - [2026-05-16T12:01:13.229+0000] {dag.py:3089} INFO - Sync 1 DAGs
[2026-05-16T12:01:13.237+0000] {logging_mixin.py:188} INFO - [2026-05-16T12:01:13.237+0000] {dag.py:3947} INFO - Setting next_dagrun for example_branch_dop_operator_v3 to 2026-05-16 12:00:00+00:00, run_after=2026-05-16 12:01:00+00:00
[2026-05-16T12:01:13.242+0000] {processor.py:183} INFO - Processing /home/airflow/.local/lib/python3.12/site-packages/airflow/example_dags/example_branch_python_dop_operator_3.py took 0.027 seconds
[2026-05-16T12:01:43.830+0000] {processor.py:161} INFO - Started process (PID=12782) to work on /home/airflow/.local/lib/python3.12/site-packages/airflow/example_dags/example_branch_python_dop_operator_3.py
[2026-05-16T12:01:43.831+0000] {processor.py:830} INFO - Processing file /home/airflow/.local/lib/python3.12/site-packages/airflow/example_dags/example_branch_python_dop_operator_3.py for tasks to queue
[2026-05-16T12:01:43.831+0000] {logging_mixin.py:188} INFO - [2026-05-16T12:01:43.831+0000] {dagbag.py:545} INFO - Filling up the DagBag from /home/airflow/.local/lib/python3.12/site-packages/airflow/example_dags/example_branch_python_dop_operator_3.py
[2026-05-16T12:01:43.834+0000] {processor.py:840} INFO - DAG(s) 'example_branch_dop_operator_v3' retrieved from /home/airflow/.local/lib/python3.12/site-packages/airflow/example_dags/example_branch_python_dop_operator_3.py
[2026-05-16T12:01:43.842+0000] {logging_mixin.py:188} INFO - [2026-05-16T12:01:43.842+0000] {dag.py:3089} INFO - Sync 1 DAGs
[2026-05-16T12:01:43.850+0000] {logging_mixin.py:188} INFO - [2026-05-16T12:01:43.850+0000] {dag.py:3947} INFO - Setting next_dagrun for example_branch_dop_operator_v3 to 2026-05-16 12:00:00+00:00, run_after=2026-05-16 12:01:00+00:00
[2026-05-16T12:01:43.855+0000] {processor.py:183} INFO - Processing /home/airflow/.local/lib/python3.12/site-packages/airflow/example_dags/example_branch_python_dop_operator_3.py took 0.027 seconds
[2026-05-16T12:02:14.362+0000] {processor.py:161} INFO - Started process (PID=12844) to work on /home/airflow/.local/lib/python3.12/site-packages/airflow/example_dags/example_branch_python_dop_operator_3.py
[2026-05-16T12:02:14.362+0000] {processor.py:830} INFO - Processing file /home/airflow/.local/lib/python3.12/site-packages/airflow/example_dags/example_branch_python_dop_operator_3.py for tasks to queue
[2026-05-16T12:02:14.362+0000] {logging_mixin.py:188} INFO - [2026-05-16T12:02:14.362+0000] {dagbag.py:545} INFO - Filling up the DagBag from /home/airflow/.local/lib/python3.12/site-packages/airflow/example_dags/example_branch_python_dop_operator_3.py
[2026-05-16T12:02:14.365+0000] {processor.py:840} INFO - DAG(s) 'example_branch_dop_operator_v3' retrieved from /home/airflow/.local/lib/python3.12/site-packages/airflow/example_dags/example_branch_python_dop_operator_3.py
[2026-05-16T12:02:14.371+0000] {logging_mixin.py:188} INFO - [2026-05-16T12:02:14.371+0000] {dag.py:3089} INFO - Sync 1 DAGs
[2026-05-16T12:02:14.378+0000] {logging_mixin.py:188} INFO - [2026-05-16T12:02:14.378+0000] {dag.py:3947} INFO - Setting next_dagrun for example_branch_dop_operator_v3 to 2026-05-16 12:01:00+00:00, run_after=2026-05-16 12:02:00+00:00
[2026-05-16T12:02:14.383+0000] {processor.py:183} INFO - Processing /home/airflow/.local/lib/python3.12/site-packages/airflow/example_dags/example_branch_python_dop_operator_3.py took 0.024 seconds
[2026-05-16T12:02:44.928+0000] {processor.py:161} INFO - Started process (PID=12907) to work on /home/airflow/.local/lib/python3.12/site-packages/airflow/example_dags/example_branch_python_dop_operator_3.py
[2026-05-16T12:02:44.929+0000] {processor.py:830} INFO - Processing file /home/airflow/.local/lib/python3.12/site-packages/airflow/example_dags/example_branch_python_dop_operator_3.py for tasks to queue
[2026-05-16T12:02:44.929+0000] {logging_mixin.py:188} INFO - [2026-05-16T12:02:44.929+0000] {dagbag.py:545} INFO - Filling up the DagBag from /home/airflow/.local/lib/python3.12/site-packages/airflow/example_dags/example_branch_python_dop_operator_3.py
[2026-05-16T12:02:44.932+0000] {processor.py:840} INFO - DAG(s) 'example_branch_dop_operator_v3' retrieved from /home/airflow/.local/lib/python3.12/site-packages/airflow/example_dags/example_branch_python_dop_operator_3.py
[2026-05-16T12:02:44.941+0000] {logging_mixin.py:188} INFO - [2026-05-16T12:02:44.941+0000] {dag.py:3089} INFO - Sync 1 DAGs
[2026-05-16T12:02:44.950+0000] {logging_mixin.py:188} INFO - [2026-05-16T12:02:44.950+0000] {dag.py:3947} INFO - Setting next_dagrun for example_branch_dop_operator_v3 to 2026-05-16 12:01:00+00:00, run_after=2026-05-16 12:02:00+00:00
[2026-05-16T12:02:44.956+0000] {processor.py:183} INFO - Processing /home/airflow/.local/lib/python3.12/site-packages/airflow/example_dags/example_branch_python_dop_operator_3.py took 0.031 seconds
[2026-05-16T12:03:15.470+0000] {processor.py:161} INFO - Started process (PID=12969) to work on /home/airflow/.local/lib/python3.12/site-packages/airflow/example_dags/example_branch_python_dop_operator_3.py
[2026-05-16T12:03:15.470+0000] {processor.py:830} INFO - Processing file /home/airflow/.local/lib/python3.12/site-packages/airflow/example_dags/example_branch_python_dop_operator_3.py for tasks to queue
[2026-05-16T12:03:15.470+0000] {logging_mixin.py:188} INFO - [2026-05-16T12:03:15.470+0000] {dagbag.py:545} INFO - Filling up the DagBag from /home/airflow/.local/lib/python3.12/site-packages/airflow/example_dags/example_branch_python_dop_operator_3.py
[2026-05-16T12:03:15.473+0000] {processor.py:840} INFO - DAG(s) 'example_branch_dop_operator_v3' retrieved from /home/airflow/.local/lib/python3.12/site-packages/airflow/example_dags/example_branch_python_dop_operator_3.py
[2026-05-16T12:03:15.481+0000] {logging_mixin.py:188} INFO - [2026-05-16T12:03:15.481+0000] {dag.py:3089} INFO - Sync 1 DAGs
[2026-05-16T12:03:15.489+0000] {logging_mixin.py:188} INFO - [2026-05-16T12:03:15.489+0000] {dag.py:3947} INFO - Setting next_dagrun for example_branch_dop_operator_v3 to 2026-05-16 12:02:00+00:00, run_after=2026-05-16 12:03:00+00:00
[2026-05-16T12:03:15.495+0000] {processor.py:183} INFO - Processing /home/airflow/.local/lib/python3.12/site-packages/airflow/example_dags/example_branch_python_dop_operator_3.py took 0.027 seconds
[2026-05-16T12:03:46.157+0000] {processor.py:161} INFO - Started process (PID=13031) to work on /home/airflow/.local/lib/python3.12/site-packages/airflow/example_dags/example_branch_python_dop_operator_3.py
[2026-05-16T12:03:46.157+0000] {processor.py:830} INFO - Processing file /home/airflow/.local/lib/python3.12/site-packages/airflow/example_dags/example_branch_python_dop_operator_3.py for tasks to queue
[2026-05-16T12:03:46.157+0000] {logging_mixin.py:188} INFO - [2026-05-16T12:03:46.157+0000] {dagbag.py:545} INFO - Filling up the DagBag from /home/airflow/.local/lib/python3.12/site-packages/airflow/example_dags/example_branch_python_dop_operator_3.py
[2026-05-16T12:03:46.163+0000] {processor.py:840} INFO - DAG(s) 'example_branch_dop_operator_v3' retrieved from /home/airflow/.local/lib/python3.12/site-packages/airflow/example_dags/example_branch_python_dop_operator_3.py
[2026-05-16T12:03:46.172+0000] {logging_mixin.py:188} INFO - [2026-05-16T12:03:46.172+0000] {dag.py:3089} INFO - Sync 1 DAGs
[2026-05-16T12:03:46.180+0000] {logging_mixin.py:188} INFO - [2026-05-16T12:03:46.180+0000] {dag.py:3947} INFO - Setting next_dagrun for example_branch_dop_operator_v3 to 2026-05-16 12:02:00+00:00, run_after=2026-05-16 12:03:00+00:00
[2026-05-16T12:03:46.186+0000] {processor.py:183} INFO - Processing /home/airflow/.local/lib/python3.12/site-packages/airflow/example_dags/example_branch_python_dop_operator_3.py took 0.032 seconds
[2026-05-16T12:04:16.936+0000] {processor.py:161} INFO - Started process (PID=13093) to work on /home/airflow/.local/lib/python3.12/site-packages/airflow/example_dags/example_branch_python_dop_operator_3.py
[2026-05-16T12:04:16.937+0000] {processor.py:830} INFO - Processing file /home/airflow/.local/lib/python3.12/site-packages/airflow/example_dags/example_branch_python_dop_operator_3.py for tasks to queue
[2026-05-16T12:04:16.937+0000] {logging_mixin.py:188} INFO - [2026-05-16T12:04:16.937+0000] {dagbag.py:545} INFO - Filling up the DagBag from /home/airflow/.local/lib/python3.12/site-packages/airflow/example_dags/example_branch_python_dop_operator_3.py
[2026-05-16T12:04:16.940+0000] {processor.py:840} INFO - DAG(s) 'example_branch_dop_operator_v3' retrieved from /home/airflow/.local/lib/python3.12/site-packages/airflow/example_dags/example_branch_python_dop_operator_3.py
[2026-05-16T12:04:16.948+0000] {logging_mixin.py:188} INFO - [2026-05-16T12:04:16.948+0000] {dag.py:3089} INFO - Sync 1 DAGs
[2026-05-16T12:04:16.955+0000] {logging_mixin.py:188} INFO - [2026-05-16T12:04:16.955+0000] {dag.py:3947} INFO - Setting next_dagrun for example_branch_dop_operator_v3 to 2026-05-16 12:03:00+00:00, run_after=2026-05-16 12:04:00+00:00
[2026-05-16T12:04:16.961+0000] {processor.py:183} INFO - Processing /home/airflow/.local/lib/python3.12/site-packages/airflow/example_dags/example_branch_python_dop_operator_3.py took 0.027 seconds
[2026-05-16T12:04:47.465+0000] {processor.py:161} INFO - Started process (PID=13155) to work on /home/airflow/.local/lib/python3.12/site-packages/airflow/example_dags/example_branch_python_dop_operator_3.py
[2026-05-16T12:04:47.465+0000] {processor.py:830} INFO - Processing file /home/airflow/.local/lib/python3.12/site-packages/airflow/example_dags/example_branch_python_dop_operator_3.py for tasks to queue
[2026-05-16T12:04:47.466+0000] {logging_mixin.py:188} INFO - [2026-05-16T12:04:47.466+0000] {dagbag.py:545} INFO - Filling up the DagBag from /home/airflow/.local/lib/python3.12/site-packages/airflow/example_dags/example_branch_python_dop_operator_3.py
[2026-05-16T12:04:47.469+0000] {processor.py:840} INFO - DAG(s) 'example_branch_dop_operator_v3' retrieved from /home/airflow/.local/lib/python3.12/site-packages/airflow/example_dags/example_branch_python_dop_operator_3.py
[2026-05-16T12:04:47.477+0000] {logging_mixin.py:188} INFO - [2026-05-16T12:04:47.477+0000] {dag.py:3089} INFO - Sync 1 DAGs
[2026-05-16T12:04:47.485+0000] {logging_mixin.py:188} INFO - [2026-05-16T12:04:47.485+0000] {dag.py:3947} INFO - Setting next_dagrun for example_branch_dop_operator_v3 to 2026-05-16 12:03:00+00:00, run_after=2026-05-16 12:04:00+00:00
[2026-05-16T12:04:47.491+0000] {processor.py:183} INFO - Processing /home/airflow/.local/lib/python3.12/site-packages/airflow/example_dags/example_branch_python_dop_operator_3.py took 0.028 seconds
[2026-05-16T12:05:18.055+0000] {processor.py:161} INFO - Started process (PID=13217) to work on /home/airflow/.local/lib/python3.12/site-packages/airflow/example_dags/example_branch_python_dop_operator_3.py
[2026-05-16T12:05:18.055+0000] {processor.py:830} INFO - Processing file /home/airflow/.local/lib/python3.12/site-packages/airflow/example_dags/example_branch_python_dop_operator_3.py for tasks to queue
[2026-05-16T12:05:18.055+0000] {logging_mixin.py:188} INFO - [2026-05-16T12:05:18.055+0000] {dagbag.py:545} INFO - Filling up the DagBag from /home/airflow/.local/lib/python3.12/site-packages/airflow/example_dags/example_branch_python_dop_operator_3.py
[2026-05-16T12:05:18.058+0000] {processor.py:840} INFO - DAG(s) 'example_branch_dop_operator_v3' retrieved from /home/airflow/.local/lib/python3.12/site-packages/airflow/example_dags/example_branch_python_dop_operator_3.py
[2026-05-16T12:05:18.064+0000] {logging_mixin.py:188} INFO - [2026-05-16T12:05:18.064+0000] {dag.py:3089} INFO - Sync 1 DAGs
[2026-05-16T12:05:18.072+0000] {logging_mixin.py:188} INFO - [2026-05-16T12:05:18.072+0000] {dag.py:3947} INFO - Setting next_dagrun for example_branch_dop_operator_v3 to 2026-05-16 12:04:00+00:00, run_after=2026-05-16 12:05:00+00:00
[2026-05-16T12:05:18.077+0000] {processor.py:183} INFO - Processing /home/airflow/.local/lib/python3.12/site-packages/airflow/example_dags/example_branch_python_dop_operator_3.py took 0.024 seconds
[2026-05-16T12:05:48.653+0000] {processor.py:161} INFO - Started process (PID=13280) to work on /home/airflow/.local/lib/python3.12/site-packages/airflow/example_dags/example_branch_python_dop_operator_3.py
[2026-05-16T12:05:48.654+0000] {processor.py:830} INFO - Processing file /home/airflow/.local/lib/python3.12/site-packages/airflow/example_dags/example_branch_python_dop_operator_3.py for tasks to queue
[2026-05-16T12:05:48.654+0000] {logging_mixin.py:188} INFO - [2026-05-16T12:05:48.654+0000] {dagbag.py:545} INFO - Filling up the DagBag from /home/airflow/.local/lib/python3.12/site-packages/airflow/example_dags/example_branch_python_dop_operator_3.py
[2026-05-16T12:05:48.657+0000] {processor.py:840} INFO - DAG(s) 'example_branch_dop_operator_v3' retrieved from /home/airflow/.local/lib/python3.12/site-packages/airflow/example_dags/example_branch_python_dop_operator_3.py
[2026-05-16T12:05:48.665+0000] {logging_mixin.py:188} INFO - [2026-05-16T12:05:48.665+0000] {dag.py:3089} INFO - Sync 1 DAGs
[2026-05-16T12:05:48.673+0000] {logging_mixin.py:188} INFO - [2026-05-16T12:05:48.673+0000] {dag.py:3947} INFO - Setting next_dagrun for example_branch_dop_operator_v3 to 2026-05-16 12:04:00+00:00, run_after=2026-05-16 12:05:00+00:00
[2026-05-16T12:05:48.678+0000] {processor.py:183} INFO - Processing /home/airflow/.local/lib/python3.12/site-packages/airflow/example_dags/example_branch_python_dop_operator_3.py took 0.029 seconds
[2026-05-16T12:06:19.278+0000] {processor.py:161} INFO - Started process (PID=13342) to work on /home/airflow/.local/lib/python3.12/site-packages/airflow/example_dags/example_branch_python_dop_operator_3.py
[2026-05-16T12:06:19.279+0000] {processor.py:830} INFO - Processing file /home/airflow/.local/lib/python3.12/site-packages/airflow/example_dags/example_branch_python_dop_operator_3.py for tasks to queue
[2026-05-16T12:06:19.279+0000] {logging_mixin.py:188} INFO - [2026-05-16T12:06:19.279+0000] {dagbag.py:545} INFO - Filling up the DagBag from /home/airflow/.local/lib/python3.12/site-packages/airflow/example_dags/example_branch_python_dop_operator_3.py
[2026-05-16T12:06:19.282+0000] {processor.py:840} INFO - DAG(s) 'example_branch_dop_operator_v3' retrieved from /home/airflow/.local/lib/python3.12/site-packages/airflow/example_dags/example_branch_python_dop_operator_3.py
[2026-05-16T12:06:19.290+0000] {logging_mixin.py:188} INFO - [2026-05-16T12:06:19.290+0000] {dag.py:3089} INFO - Sync 1 DAGs
[2026-05-16T12:06:19.297+0000] {logging_mixin.py:188} INFO - [2026-05-16T12:06:19.297+0000] {dag.py:3947} INFO - Setting next_dagrun for example_branch_dop_operator_v3 to 2026-05-16 12:05:00+00:00, run_after=2026-05-16 12:06:00+00:00
[2026-05-16T12:06:19.302+0000] {processor.py:183} INFO - Processing /home/airflow/.local/lib/python3.12/site-packages/airflow/example_dags/example_branch_python_dop_operator_3.py took 0.026 seconds
[2026-05-16T12:06:50.043+0000] {processor.py:161} INFO - Started process (PID=13404) to work on /home/airflow/.local/lib/python3.12/site-packages/airflow/example_dags/example_branch_python_dop_operator_3.py
[2026-05-16T12:06:50.043+0000] {processor.py:830} INFO - Processing file /home/airflow/.local/lib/python3.12/site-packages/airflow/example_dags/example_branch_python_dop_operator_3.py for tasks to queue
[2026-05-16T12:06:50.044+0000] {logging_mixin.py:188} INFO - [2026-05-16T12:06:50.044+0000] {dagbag.py:545} INFO - Filling up the DagBag from /home/airflow/.local/lib/python3.12/site-packages/airflow/example_dags/example_branch_python_dop_operator_3.py
[2026-05-16T12:06:50.047+0000] {processor.py:840} INFO - DAG(s) 'example_branch_dop_operator_v3' retrieved from /home/airflow/.local/lib/python3.12/site-packages/airflow/example_dags/example_branch_python_dop_operator_3.py
[2026-05-16T12:06:50.055+0000] {logging_mixin.py:188} INFO - [2026-05-16T12:06:50.055+0000] {dag.py:3089} INFO - Sync 1 DAGs
[2026-05-16T12:06:50.063+0000] {logging_mixin.py:188} INFO - [2026-05-16T12:06:50.063+0000] {dag.py:3947} INFO - Setting next_dagrun for example_branch_dop_operator_v3 to 2026-05-16 12:05:00+00:00, run_after=2026-05-16 12:06:00+00:00
[2026-05-16T12:06:50.069+0000] {processor.py:183} INFO - Processing /home/airflow/.local/lib/python3.12/site-packages/airflow/example_dags/example_branch_python_dop_operator_3.py took 0.028 seconds
[2026-05-16T12:07:20.729+0000] {processor.py:161} INFO - Started process (PID=13466) to work on /home/airflow/.local/lib/python3.12/site-packages/airflow/example_dags/example_branch_python_dop_operator_3.py
[2026-05-16T12:07:20.729+0000] {processor.py:830} INFO - Processing file /home/airflow/.local/lib/python3.12/site-packages/airflow/example_dags/example_branch_python_dop_operator_3.py for tasks to queue
[2026-05-16T12:07:20.729+0000] {logging_mixin.py:188} INFO - [2026-05-16T12:07:20.729+0000] {dagbag.py:545} INFO - Filling up the DagBag from /home/airflow/.local/lib/python3.12/site-packages/airflow/example_dags/example_branch_python_dop_operator_3.py
[2026-05-16T12:07:20.733+0000] {processor.py:840} INFO - DAG(s) 'example_branch_dop_operator_v3' retrieved from /home/airflow/.local/lib/python3.12/site-packages/airflow/example_dags/example_branch_python_dop_operator_3.py
[2026-05-16T12:07:20.743+0000] {logging_mixin.py:188} INFO - [2026-05-16T12:07:20.743+0000] {dag.py:3089} INFO - Sync 1 DAGs
[2026-05-16T12:07:20.753+0000] {logging_mixin.py:188} INFO - [2026-05-16T12:07:20.753+0000] {dag.py:3947} INFO - Setting next_dagrun for example_branch_dop_operator_v3 to 2026-05-16 12:06:00+00:00, run_after=2026-05-16 12:07:00+00:00
[2026-05-16T12:07:20.759+0000] {processor.py:183} INFO - Processing /home/airflow/.local/lib/python3.12/site-packages/airflow/example_dags/example_branch_python_dop_operator_3.py took 0.033 seconds
[2026-05-16T12:07:51.431+0000] {processor.py:161} INFO - Started process (PID=13528) to work on /home/airflow/.local/lib/python3.12/site-packages/airflow/example_dags/example_branch_python_dop_operator_3.py
[2026-05-16T12:07:51.431+0000] {processor.py:830} INFO - Processing file /home/airflow/.local/lib/python3.12/site-packages/airflow/example_dags/example_branch_python_dop_operator_3.py for tasks to queue
[2026-05-16T12:07:51.432+0000] {logging_mixin.py:188} INFO - [2026-05-16T12:07:51.432+0000] {dagbag.py:545} INFO - Filling up the DagBag from /home/airflow/.local/lib/python3.12/site-packages/airflow/example_dags/example_branch_python_dop_operator_3.py
[2026-05-16T12:07:51.435+0000] {processor.py:840} INFO - DAG(s) 'example_branch_dop_operator_v3' retrieved from /home/airflow/.local/lib/python3.12/site-packages/airflow/example_dags/example_branch_python_dop_operator_3.py
[2026-05-16T12:07:51.442+0000] {logging_mixin.py:188} INFO - [2026-05-16T12:07:51.442+0000] {dag.py:3089} INFO - Sync 1 DAGs
[2026-05-16T12:07:51.455+0000] {logging_mixin.py:188} INFO - [2026-05-16T12:07:51.455+0000] {dag.py:3947} INFO - Setting next_dagrun for example_branch_dop_operator_v3 to 2026-05-16 12:06:00+00:00, run_after=2026-05-16 12:07:00+00:00
[2026-05-16T12:07:51.460+0000] {processor.py:183} INFO - Processing /home/airflow/.local/lib/python3.12/site-packages/airflow/example_dags/example_branch_python_dop_operator_3.py took 0.032 seconds
[2026-05-16T12:08:22.119+0000] {processor.py:161} INFO - Started process (PID=13590) to work on /home/airflow/.local/lib/python3.12/site-packages/airflow/example_dags/example_branch_python_dop_operator_3.py
[2026-05-16T12:08:22.119+0000] {processor.py:830} INFO - Processing file /home/airflow/.local/lib/python3.12/site-packages/airflow/example_dags/example_branch_python_dop_operator_3.py for tasks to queue
[2026-05-16T12:08:22.119+0000] {logging_mixin.py:188} INFO - [2026-05-16T12:08:22.119+0000] {dagbag.py:545} INFO - Filling up the DagBag from /home/airflow/.local/lib/python3.12/site-packages/airflow/example_dags/example_branch_python_dop_operator_3.py
[2026-05-16T12:08:22.123+0000] {processor.py:840} INFO - DAG(s) 'example_branch_dop_operator_v3' retrieved from /home/airflow/.local/lib/python3.12/site-packages/airflow/example_dags/example_branch_python_dop_operator_3.py
[2026-05-16T12:08:22.131+0000] {logging_mixin.py:188} INFO - [2026-05-16T12:08:22.131+0000] {dag.py:3089} INFO - Sync 1 DAGs
[2026-05-16T12:08:22.140+0000] {logging_mixin.py:188} INFO - [2026-05-16T12:08:22.139+0000] {dag.py:3947} INFO - Setting next_dagrun for example_branch_dop_operator_v3 to 2026-05-16 12:07:00+00:00, run_after=2026-05-16 12:08:00+00:00
[2026-05-16T12:08:22.144+0000] {processor.py:183} INFO - Processing /home/airflow/.local/lib/python3.12/site-packages/airflow/example_dags/example_branch_python_dop_operator_3.py took 0.028 seconds
[2026-05-16T12:08:52.700+0000] {processor.py:161} INFO - Started process (PID=13653) to work on /home/airflow/.local/lib/python3.12/site-packages/airflow/example_dags/example_branch_python_dop_operator_3.py
[2026-05-16T12:08:52.700+0000] {processor.py:830} INFO - Processing file /home/airflow/.local/lib/python3.12/site-packages/airflow/example_dags/example_branch_python_dop_operator_3.py for tasks to queue
[2026-05-16T12:08:52.701+0000] {logging_mixin.py:188} INFO - [2026-05-16T12:08:52.700+0000] {dagbag.py:545} INFO - Filling up the DagBag from /home/airflow/.local/lib/python3.12/site-packages/airflow/example_dags/example_branch_python_dop_operator_3.py
[2026-05-16T12:08:52.704+0000] {processor.py:840} INFO - DAG(s) 'example_branch_dop_operator_v3' retrieved from /home/airflow/.local/lib/python3.12/site-packages/airflow/example_dags/example_branch_python_dop_operator_3.py
[2026-05-16T12:08:52.712+0000] {logging_mixin.py:188} INFO - [2026-05-16T12:08:52.712+0000] {dag.py:3089} INFO - Sync 1 DAGs
[2026-05-16T12:08:52.720+0000] {logging_mixin.py:188} INFO - [2026-05-16T12:08:52.720+0000] {dag.py:3947} INFO - Setting next_dagrun for example_branch_dop_operator_v3 to 2026-05-16 12:07:00+00:00, run_after=2026-05-16 12:08:00+00:00
[2026-05-16T12:08:52.725+0000] {processor.py:183} INFO - Processing /home/airflow/.local/lib/python3.12/site-packages/airflow/example_dags/example_branch_python_dop_operator_3.py took 0.028 seconds
[2026-05-16T12:09:23.552+0000] {processor.py:161} INFO - Started process (PID=13715) to work on /home/airflow/.local/lib/python3.12/site-packages/airflow/example_dags/example_branch_python_dop_operator_3.py
[2026-05-16T12:09:23.553+0000] {processor.py:830} INFO - Processing file /home/airflow/.local/lib/python3.12/site-packages/airflow/example_dags/example_branch_python_dop_operator_3.py for tasks to queue
[2026-05-16T12:09:23.553+0000] {logging_mixin.py:188} INFO - [2026-05-16T12:09:23.553+0000] {dagbag.py:545} INFO - Filling up the DagBag from /home/airflow/.local/lib/python3.12/site-packages/airflow/example_dags/example_branch_python_dop_operator_3.py
[2026-05-16T12:09:23.557+0000] {processor.py:840} INFO - DAG(s) 'example_branch_dop_operator_v3' retrieved from /home/airflow/.local/lib/python3.12/site-packages/airflow/example_dags/example_branch_python_dop_operator_3.py
[2026-05-16T12:09:23.565+0000] {logging_mixin.py:188} INFO - [2026-05-16T12:09:23.565+0000] {dag.py:3089} INFO - Sync 1 DAGs
[2026-05-16T12:09:23.574+0000] {logging_mixin.py:188} INFO - [2026-05-16T12:09:23.573+0000] {dag.py:3947} INFO - Setting next_dagrun for example_branch_dop_operator_v3 to 2026-05-16 12:08:00+00:00, run_after=2026-05-16 12:09:00+00:00
[2026-05-16T12:09:23.579+0000] {processor.py:183} INFO - Processing /home/airflow/.local/lib/python3.12/site-packages/airflow/example_dags/example_branch_python_dop_operator_3.py took 0.029 seconds
[2026-05-16T12:09:53.734+0000] {processor.py:161} INFO - Started process (PID=13777) to work on /home/airflow/.local/lib/python3.12/site-packages/airflow/example_dags/example_branch_python_dop_operator_3.py
[2026-05-16T12:09:53.734+0000] {processor.py:830} INFO - Processing file /home/airflow/.local/lib/python3.12/site-packages/airflow/example_dags/example_branch_python_dop_operator_3.py for tasks to queue
[2026-05-16T12:09:53.735+0000] {logging_mixin.py:188} INFO - [2026-05-16T12:09:53.734+0000] {dagbag.py:545} INFO - Filling up the DagBag from /home/airflow/.local/lib/python3.12/site-packages/airflow/example_dags/example_branch_python_dop_operator_3.py
[2026-05-16T12:09:53.741+0000] {processor.py:840} INFO - DAG(s) 'example_branch_dop_operator_v3' retrieved from /home/airflow/.local/lib/python3.12/site-packages/airflow/example_dags/example_branch_python_dop_operator_3.py
[2026-05-16T12:09:53.753+0000] {logging_mixin.py:188} INFO - [2026-05-16T12:09:53.752+0000] {dag.py:3089} INFO - Sync 1 DAGs
[2026-05-16T12:09:53.763+0000] {logging_mixin.py:188} INFO - [2026-05-16T12:09:53.763+0000] {dag.py:3947} INFO - Setting next_dagrun for example_branch_dop_operator_v3 to 2026-05-16 12:08:00+00:00, run_after=2026-05-16 12:09:00+00:00
[2026-05-16T12:09:53.769+0000] {processor.py:183} INFO - Processing /home/airflow/.local/lib/python3.12/site-packages/airflow/example_dags/example_branch_python_dop_operator_3.py took 0.040 seconds
[2026-05-16T12:10:24.690+0000] {processor.py:161} INFO - Started process (PID=13839) to work on /home/airflow/.local/lib/python3.12/site-packages/airflow/example_dags/example_branch_python_dop_operator_3.py
[2026-05-16T12:10:24.691+0000] {processor.py:830} INFO - Processing file /home/airflow/.local/lib/python3.12/site-packages/airflow/example_dags/example_branch_python_dop_operator_3.py for tasks to queue
[2026-05-16T12:10:24.691+0000] {logging_mixin.py:188} INFO - [2026-05-16T12:10:24.691+0000] {dagbag.py:545} INFO - Filling up the DagBag from /home/airflow/.local/lib/python3.12/site-packages/airflow/example_dags/example_branch_python_dop_operator_3.py
[2026-05-16T12:10:24.694+0000] {processor.py:840} INFO - DAG(s) 'example_branch_dop_operator_v3' retrieved from /home/airflow/.local/lib/python3.12/site-packages/airflow/example_dags/example_branch_python_dop_operator_3.py
[2026-05-16T12:10:24.702+0000] {logging_mixin.py:188} INFO - [2026-05-16T12:10:24.702+0000] {dag.py:3089} INFO - Sync 1 DAGs
[2026-05-16T12:10:24.711+0000] {logging_mixin.py:188} INFO - [2026-05-16T12:10:24.711+0000] {dag.py:3947} INFO - Setting next_dagrun for example_branch_dop_operator_v3 to 2026-05-16 12:09:00+00:00, run_after=2026-05-16 12:10:00+00:00
[2026-05-16T12:10:24.717+0000] {processor.py:183} INFO - Processing /home/airflow/.local/lib/python3.12/site-packages/airflow/example_dags/example_branch_python_dop_operator_3.py took 0.029 seconds
[2026-05-16T12:10:55.567+0000] {processor.py:161} INFO - Started process (PID=13901) to work on /home/airflow/.local/lib/python3.12/site-packages/airflow/example_dags/example_branch_python_dop_operator_3.py
[2026-05-16T12:10:55.568+0000] {processor.py:830} INFO - Processing file /home/airflow/.local/lib/python3.12/site-packages/airflow/example_dags/example_branch_python_dop_operator_3.py for tasks to queue
[2026-05-16T12:10:55.568+0000] {logging_mixin.py:188} INFO - [2026-05-16T12:10:55.568+0000] {dagbag.py:545} INFO - Filling up the DagBag from /home/airflow/.local/lib/python3.12/site-packages/airflow/example_dags/example_branch_python_dop_operator_3.py
[2026-05-16T12:10:55.572+0000] {processor.py:840} INFO - DAG(s) 'example_branch_dop_operator_v3' retrieved from /home/airflow/.local/lib/python3.12/site-packages/airflow/example_dags/example_branch_python_dop_operator_3.py
[2026-05-16T12:10:55.580+0000] {logging_mixin.py:188} INFO - [2026-05-16T12:10:55.580+0000] {dag.py:3089} INFO - Sync 1 DAGs
[2026-05-16T12:10:55.588+0000] {logging_mixin.py:188} INFO - [2026-05-16T12:10:55.588+0000] {dag.py:3947} INFO - Setting next_dagrun for example_branch_dop_operator_v3 to 2026-05-16 12:09:00+00:00, run_after=2026-05-16 12:10:00+00:00
[2026-05-16T12:10:55.594+0000] {processor.py:183} INFO - Processing /home/airflow/.local/lib/python3.12/site-packages/airflow/example_dags/example_branch_python_dop_operator_3.py took 0.031 seconds
[2026-05-16T12:11:26.290+0000] {processor.py:161} INFO - Started process (PID=13963) to work on /home/airflow/.local/lib/python3.12/site-packages/airflow/example_dags/example_branch_python_dop_operator_3.py
[2026-05-16T12:11:26.291+0000] {processor.py:830} INFO - Processing file /home/airflow/.local/lib/python3.12/site-packages/airflow/example_dags/example_branch_python_dop_operator_3.py for tasks to queue
[2026-05-16T12:11:26.291+0000] {logging_mixin.py:188} INFO - [2026-05-16T12:11:26.291+0000] {dagbag.py:545} INFO - Filling up the DagBag from /home/airflow/.local/lib/python3.12/site-packages/airflow/example_dags/example_branch_python_dop_operator_3.py
[2026-05-16T12:11:26.295+0000] {processor.py:840} INFO - DAG(s) 'example_branch_dop_operator_v3' retrieved from /home/airflow/.local/lib/python3.12/site-packages/airflow/example_dags/example_branch_python_dop_operator_3.py
[2026-05-16T12:11:26.305+0000] {logging_mixin.py:188} INFO - [2026-05-16T12:11:26.304+0000] {dag.py:3089} INFO - Sync 1 DAGs
[2026-05-16T12:11:26.315+0000] {logging_mixin.py:188} INFO - [2026-05-16T12:11:26.315+0000] {dag.py:3947} INFO - Setting next_dagrun for example_branch_dop_operator_v3 to 2026-05-16 12:10:00+00:00, run_after=2026-05-16 12:11:00+00:00
[2026-05-16T12:11:26.323+0000] {processor.py:183} INFO - Processing /home/airflow/.local/lib/python3.12/site-packages/airflow/example_dags/example_branch_python_dop_operator_3.py took 0.036 seconds
[2026-05-16T12:11:57.051+0000] {processor.py:161} INFO - Started process (PID=14024) to work on /home/airflow/.local/lib/python3.12/site-packages/airflow/example_dags/example_branch_python_dop_operator_3.py
[2026-05-16T12:11:57.051+0000] {processor.py:830} INFO - Processing file /home/airflow/.local/lib/python3.12/site-packages/airflow/example_dags/example_branch_python_dop_operator_3.py for tasks to queue
[2026-05-16T12:11:57.052+0000] {logging_mixin.py:188} INFO - [2026-05-16T12:11:57.051+0000] {dagbag.py:545} INFO - Filling up the DagBag from /home/airflow/.local/lib/python3.12/site-packages/airflow/example_dags/example_branch_python_dop_operator_3.py
[2026-05-16T12:11:57.055+0000] {processor.py:840} INFO - DAG(s) 'example_branch_dop_operator_v3' retrieved from /home/airflow/.local/lib/python3.12/site-packages/airflow/example_dags/example_branch_python_dop_operator_3.py
[2026-05-16T12:11:57.063+0000] {logging_mixin.py:188} INFO - [2026-05-16T12:11:57.063+0000] {dag.py:3089} INFO - Sync 1 DAGs
[2026-05-16T12:11:57.071+0000] {logging_mixin.py:188} INFO - [2026-05-16T12:11:57.071+0000] {dag.py:3947} INFO - Setting next_dagrun for example_branch_dop_operator_v3 to 2026-05-16 12:10:00+00:00, run_after=2026-05-16 12:11:00+00:00
[2026-05-16T12:11:57.076+0000] {processor.py:183} INFO - Processing /home/airflow/.local/lib/python3.12/site-packages/airflow/example_dags/example_branch_python_dop_operator_3.py took 0.028 seconds
[2026-05-16T12:12:27.768+0000] {processor.py:161} INFO - Started process (PID=14086) to work on /home/airflow/.local/lib/python3.12/site-packages/airflow/example_dags/example_branch_python_dop_operator_3.py
[2026-05-16T12:12:27.769+0000] {processor.py:830} INFO - Processing file /home/airflow/.local/lib/python3.12/site-packages/airflow/example_dags/example_branch_python_dop_operator_3.py for tasks to queue
[2026-05-16T12:12:27.769+0000] {logging_mixin.py:188} INFO - [2026-05-16T12:12:27.769+0000] {dagbag.py:545} INFO - Filling up the DagBag from /home/airflow/.local/lib/python3.12/site-packages/airflow/example_dags/example_branch_python_dop_operator_3.py
[2026-05-16T12:12:27.772+0000] {processor.py:840} INFO - DAG(s) 'example_branch_dop_operator_v3' retrieved from /home/airflow/.local/lib/python3.12/site-packages/airflow/example_dags/example_branch_python_dop_operator_3.py
[2026-05-16T12:12:27.781+0000] {logging_mixin.py:188} INFO - [2026-05-16T12:12:27.781+0000] {dag.py:3089} INFO - Sync 1 DAGs
[2026-05-16T12:12:27.789+0000] {logging_mixin.py:188} INFO - [2026-05-16T12:12:27.789+0000] {dag.py:3947} INFO - Setting next_dagrun for example_branch_dop_operator_v3 to 2026-05-16 12:11:00+00:00, run_after=2026-05-16 12:12:00+00:00
[2026-05-16T12:12:27.802+0000] {processor.py:183} INFO - Processing /home/airflow/.local/lib/python3.12/site-packages/airflow/example_dags/example_branch_python_dop_operator_3.py took 0.036 seconds
[2026-05-16T12:12:58.443+0000] {processor.py:161} INFO - Started process (PID=14147) to work on /home/airflow/.local/lib/python3.12/site-packages/airflow/example_dags/example_branch_python_dop_operator_3.py
[2026-05-16T12:12:58.444+0000] {processor.py:830} INFO - Processing file /home/airflow/.local/lib/python3.12/site-packages/airflow/example_dags/example_branch_python_dop_operator_3.py for tasks to queue
[2026-05-16T12:12:58.444+0000] {logging_mixin.py:188} INFO - [2026-05-16T12:12:58.444+0000] {dagbag.py:545} INFO - Filling up the DagBag from /home/airflow/.local/lib/python3.12/site-packages/airflow/example_dags/example_branch_python_dop_operator_3.py
[2026-05-16T12:12:58.448+0000] {processor.py:840} INFO - DAG(s) 'example_branch_dop_operator_v3' retrieved from /home/airflow/.local/lib/python3.12/site-packages/airflow/example_dags/example_branch_python_dop_operator_3.py
[2026-05-16T12:12:58.457+0000] {logging_mixin.py:188} INFO - [2026-05-16T12:12:58.457+0000] {dag.py:3089} INFO - Sync 1 DAGs
[2026-05-16T12:12:58.466+0000] {logging_mixin.py:188} INFO - [2026-05-16T12:12:58.466+0000] {dag.py:3947} INFO - Setting next_dagrun for example_branch_dop_operator_v3 to 2026-05-16 12:11:00+00:00, run_after=2026-05-16 12:12:00+00:00
[2026-05-16T12:12:58.472+0000] {processor.py:183} INFO - Processing /home/airflow/.local/lib/python3.12/site-packages/airflow/example_dags/example_branch_python_dop_operator_3.py took 0.032 seconds
[2026-05-16T12:13:29.065+0000] {processor.py:161} INFO - Started process (PID=14209) to work on /home/airflow/.local/lib/python3.12/site-packages/airflow/example_dags/example_branch_python_dop_operator_3.py
[2026-05-16T12:13:29.067+0000] {processor.py:830} INFO - Processing file /home/airflow/.local/lib/python3.12/site-packages/airflow/example_dags/example_branch_python_dop_operator_3.py for tasks to queue
[2026-05-16T12:13:29.068+0000] {logging_mixin.py:188} INFO - [2026-05-16T12:13:29.068+0000] {dagbag.py:545} INFO - Filling up the DagBag from /home/airflow/.local/lib/python3.12/site-packages/airflow/example_dags/example_branch_python_dop_operator_3.py
[2026-05-16T12:13:29.072+0000] {processor.py:840} INFO - DAG(s) 'example_branch_dop_operator_v3' retrieved from /home/airflow/.local/lib/python3.12/site-packages/airflow/example_dags/example_branch_python_dop_operator_3.py
[2026-05-16T12:13:29.081+0000] {logging_mixin.py:188} INFO - [2026-05-16T12:13:29.081+0000] {dag.py:3089} INFO - Sync 1 DAGs
[2026-05-16T12:13:29.090+0000] {logging_mixin.py:188} INFO - [2026-05-16T12:13:29.090+0000] {dag.py:3947} INFO - Setting next_dagrun for example_branch_dop_operator_v3 to 2026-05-16 12:12:00+00:00, run_after=2026-05-16 12:13:00+00:00
[2026-05-16T12:13:29.095+0000] {processor.py:183} INFO - Processing /home/airflow/.local/lib/python3.12/site-packages/airflow/example_dags/example_branch_python_dop_operator_3.py took 0.034 seconds
[2026-05-16T12:13:59.577+0000] {processor.py:161} INFO - Started process (PID=14271) to work on /home/airflow/.local/lib/python3.12/site-packages/airflow/example_dags/example_branch_python_dop_operator_3.py
[2026-05-16T12:13:59.578+0000] {processor.py:830} INFO - Processing file /home/airflow/.local/lib/python3.12/site-packages/airflow/example_dags/example_branch_python_dop_operator_3.py for tasks to queue
[2026-05-16T12:13:59.578+0000] {logging_mixin.py:188} INFO - [2026-05-16T12:13:59.578+0000] {dagbag.py:545} INFO - Filling up the DagBag from /home/airflow/.local/lib/python3.12/site-packages/airflow/example_dags/example_branch_python_dop_operator_3.py
[2026-05-16T12:13:59.582+0000] {processor.py:840} INFO - DAG(s) 'example_branch_dop_operator_v3' retrieved from /home/airflow/.local/lib/python3.12/site-packages/airflow/example_dags/example_branch_python_dop_operator_3.py
[2026-05-16T12:13:59.591+0000] {logging_mixin.py:188} INFO - [2026-05-16T12:13:59.591+0000] {dag.py:3089} INFO - Sync 1 DAGs
[2026-05-16T12:13:59.600+0000] {logging_mixin.py:188} INFO - [2026-05-16T12:13:59.600+0000] {dag.py:3947} INFO - Setting next_dagrun for example_branch_dop_operator_v3 to 2026-05-16 12:12:00+00:00, run_after=2026-05-16 12:13:00+00:00
[2026-05-16T12:13:59.606+0000] {processor.py:183} INFO - Processing /home/airflow/.local/lib/python3.12/site-packages/airflow/example_dags/example_branch_python_dop_operator_3.py took 0.032 seconds
[2026-05-16T12:14:30.236+0000] {processor.py:161} INFO - Started process (PID=14333) to work on /home/airflow/.local/lib/python3.12/site-packages/airflow/example_dags/example_branch_python_dop_operator_3.py
[2026-05-16T12:14:30.237+0000] {processor.py:830} INFO - Processing file /home/airflow/.local/lib/python3.12/site-packages/airflow/example_dags/example_branch_python_dop_operator_3.py for tasks to queue
[2026-05-16T12:14:30.237+0000] {logging_mixin.py:188} INFO - [2026-05-16T12:14:30.237+0000] {dagbag.py:545} INFO - Filling up the DagBag from /home/airflow/.local/lib/python3.12/site-packages/airflow/example_dags/example_branch_python_dop_operator_3.py
[2026-05-16T12:14:30.243+0000] {processor.py:840} INFO - DAG(s) 'example_branch_dop_operator_v3' retrieved from /home/airflow/.local/lib/python3.12/site-packages/airflow/example_dags/example_branch_python_dop_operator_3.py
[2026-05-16T12:14:30.251+0000] {logging_mixin.py:188} INFO - [2026-05-16T12:14:30.251+0000] {dag.py:3089} INFO - Sync 1 DAGs
[2026-05-16T12:14:30.259+0000] {logging_mixin.py:188} INFO - [2026-05-16T12:14:30.259+0000] {dag.py:3947} INFO - Setting next_dagrun for example_branch_dop_operator_v3 to 2026-05-16 12:13:00+00:00, run_after=2026-05-16 12:14:00+00:00
[2026-05-16T12:14:30.264+0000] {processor.py:183} INFO - Processing /home/airflow/.local/lib/python3.12/site-packages/airflow/example_dags/example_branch_python_dop_operator_3.py took 0.030 seconds
[2026-05-16T12:15:00.859+0000] {processor.py:161} INFO - Started process (PID=14395) to work on /home/airflow/.local/lib/python3.12/site-packages/airflow/example_dags/example_branch_python_dop_operator_3.py
[2026-05-16T12:15:00.860+0000] {processor.py:830} INFO - Processing file /home/airflow/.local/lib/python3.12/site-packages/airflow/example_dags/example_branch_python_dop_operator_3.py for tasks to queue
[2026-05-16T12:15:00.860+0000] {logging_mixin.py:188} INFO - [2026-05-16T12:15:00.860+0000] {dagbag.py:545} INFO - Filling up the DagBag from /home/airflow/.local/lib/python3.12/site-packages/airflow/example_dags/example_branch_python_dop_operator_3.py
[2026-05-16T12:15:00.863+0000] {processor.py:840} INFO - DAG(s) 'example_branch_dop_operator_v3' retrieved from /home/airflow/.local/lib/python3.12/site-packages/airflow/example_dags/example_branch_python_dop_operator_3.py
[2026-05-16T12:15:00.870+0000] {logging_mixin.py:188} INFO - [2026-05-16T12:15:00.870+0000] {dag.py:3089} INFO - Sync 1 DAGs
[2026-05-16T12:15:00.878+0000] {logging_mixin.py:188} INFO - [2026-05-16T12:15:00.878+0000] {dag.py:3947} INFO - Setting next_dagrun for example_branch_dop_operator_v3 to 2026-05-16 12:14:00+00:00, run_after=2026-05-16 12:15:00+00:00
[2026-05-16T12:15:00.884+0000] {processor.py:183} INFO - Processing /home/airflow/.local/lib/python3.12/site-packages/airflow/example_dags/example_branch_python_dop_operator_3.py took 0.027 seconds
[2026-05-16T12:15:31.679+0000] {processor.py:161} INFO - Started process (PID=14456) to work on /home/airflow/.local/lib/python3.12/site-packages/airflow/example_dags/example_branch_python_dop_operator_3.py
[2026-05-16T12:15:31.679+0000] {processor.py:830} INFO - Processing file /home/airflow/.local/lib/python3.12/site-packages/airflow/example_dags/example_branch_python_dop_operator_3.py for tasks to queue
[2026-05-16T12:15:31.679+0000] {logging_mixin.py:188} INFO - [2026-05-16T12:15:31.679+0000] {dagbag.py:545} INFO - Filling up the DagBag from /home/airflow/.local/lib/python3.12/site-packages/airflow/example_dags/example_branch_python_dop_operator_3.py
[2026-05-16T12:15:31.682+0000] {processor.py:840} INFO - DAG(s) 'example_branch_dop_operator_v3' retrieved from /home/airflow/.local/lib/python3.12/site-packages/airflow/example_dags/example_branch_python_dop_operator_3.py
[2026-05-16T12:15:31.690+0000] {logging_mixin.py:188} INFO - [2026-05-16T12:15:31.690+0000] {dag.py:3089} INFO - Sync 1 DAGs
[2026-05-16T12:15:31.698+0000] {logging_mixin.py:188} INFO - [2026-05-16T12:15:31.698+0000] {dag.py:3947} INFO - Setting next_dagrun for example_branch_dop_operator_v3 to 2026-05-16 12:14:00+00:00, run_after=2026-05-16 12:15:00+00:00
[2026-05-16T12:15:31.703+0000] {processor.py:183} INFO - Processing /home/airflow/.local/lib/python3.12/site-packages/airflow/example_dags/example_branch_python_dop_operator_3.py took 0.026 seconds
[2026-05-16T12:16:02.288+0000] {processor.py:161} INFO - Started process (PID=14518) to work on /home/airflow/.local/lib/python3.12/site-packages/airflow/example_dags/example_branch_python_dop_operator_3.py
[2026-05-16T12:16:02.290+0000] {processor.py:830} INFO - Processing file /home/airflow/.local/lib/python3.12/site-packages/airflow/example_dags/example_branch_python_dop_operator_3.py for tasks to queue
[2026-05-16T12:16:02.290+0000] {logging_mixin.py:188} INFO - [2026-05-16T12:16:02.290+0000] {dagbag.py:545} INFO - Filling up the DagBag from /home/airflow/.local/lib/python3.12/site-packages/airflow/example_dags/example_branch_python_dop_operator_3.py
[2026-05-16T12:16:02.296+0000] {processor.py:840} INFO - DAG(s) 'example_branch_dop_operator_v3' retrieved from /home/airflow/.local/lib/python3.12/site-packages/airflow/example_dags/example_branch_python_dop_operator_3.py
[2026-05-16T12:16:02.312+0000] {logging_mixin.py:188} INFO - [2026-05-16T12:16:02.312+0000] {dag.py:3089} INFO - Sync 1 DAGs
[2026-05-16T12:16:02.430+0000] {logging_mixin.py:188} INFO - [2026-05-16T12:16:02.430+0000] {dag.py:3947} INFO - Setting next_dagrun for example_branch_dop_operator_v3 to 2026-05-16 12:15:00+00:00, run_after=2026-05-16 12:16:00+00:00
[2026-05-16T12:16:02.436+0000] {processor.py:183} INFO - Processing /home/airflow/.local/lib/python3.12/site-packages/airflow/example_dags/example_branch_python_dop_operator_3.py took 0.154 seconds
[2026-05-16T12:16:33.356+0000] {processor.py:161} INFO - Started process (PID=14579) to work on /home/airflow/.local/lib/python3.12/site-packages/airflow/example_dags/example_branch_python_dop_operator_3.py
[2026-05-16T12:16:33.357+0000] {processor.py:830} INFO - Processing file /home/airflow/.local/lib/python3.12/site-packages/airflow/example_dags/example_branch_python_dop_operator_3.py for tasks to queue
[2026-05-16T12:16:33.357+0000] {logging_mixin.py:188} INFO - [2026-05-16T12:16:33.357+0000] {dagbag.py:545} INFO - Filling up the DagBag from /home/airflow/.local/lib/python3.12/site-packages/airflow/example_dags/example_branch_python_dop_operator_3.py
[2026-05-16T12:16:33.364+0000] {processor.py:840} INFO - DAG(s) 'example_branch_dop_operator_v3' retrieved from /home/airflow/.local/lib/python3.12/site-packages/airflow/example_dags/example_branch_python_dop_operator_3.py
[2026-05-16T12:16:33.382+0000] {logging_mixin.py:188} INFO - [2026-05-16T12:16:33.382+0000] {dag.py:3089} INFO - Sync 1 DAGs
[2026-05-16T12:16:33.394+0000] {logging_mixin.py:188} INFO - [2026-05-16T12:16:33.394+0000] {dag.py:3947} INFO - Setting next_dagrun for example_branch_dop_operator_v3 to 2026-05-16 12:15:00+00:00, run_after=2026-05-16 12:16:00+00:00
[2026-05-16T12:16:33.494+0000] {processor.py:183} INFO - Processing /home/airflow/.local/lib/python3.12/site-packages/airflow/example_dags/example_branch_python_dop_operator_3.py took 0.144 seconds
[2026-05-16T12:17:03.687+0000] {processor.py:161} INFO - Started process (PID=14640) to work on /home/airflow/.local/lib/python3.12/site-packages/airflow/example_dags/example_branch_python_dop_operator_3.py
[2026-05-16T12:17:03.687+0000] {processor.py:830} INFO - Processing file /home/airflow/.local/lib/python3.12/site-packages/airflow/example_dags/example_branch_python_dop_operator_3.py for tasks to queue
[2026-05-16T12:17:03.688+0000] {logging_mixin.py:188} INFO - [2026-05-16T12:17:03.687+0000] {dagbag.py:545} INFO - Filling up the DagBag from /home/airflow/.local/lib/python3.12/site-packages/airflow/example_dags/example_branch_python_dop_operator_3.py
[2026-05-16T12:17:03.691+0000] {processor.py:840} INFO - DAG(s) 'example_branch_dop_operator_v3' retrieved from /home/airflow/.local/lib/python3.12/site-packages/airflow/example_dags/example_branch_python_dop_operator_3.py
[2026-05-16T12:17:03.699+0000] {logging_mixin.py:188} INFO - [2026-05-16T12:17:03.699+0000] {dag.py:3089} INFO - Sync 1 DAGs
[2026-05-16T12:17:03.709+0000] {logging_mixin.py:188} INFO - [2026-05-16T12:17:03.709+0000] {dag.py:3947} INFO - Setting next_dagrun for example_branch_dop_operator_v3 to 2026-05-16 12:16:00+00:00, run_after=2026-05-16 12:17:00+00:00
[2026-05-16T12:17:03.715+0000] {processor.py:183} INFO - Processing /home/airflow/.local/lib/python3.12/site-packages/airflow/example_dags/example_branch_python_dop_operator_3.py took 0.030 seconds
[2026-05-16T12:17:34.313+0000] {processor.py:161} INFO - Started process (PID=14702) to work on /home/airflow/.local/lib/python3.12/site-packages/airflow/example_dags/example_branch_python_dop_operator_3.py
[2026-05-16T12:17:34.314+0000] {processor.py:830} INFO - Processing file /home/airflow/.local/lib/python3.12/site-packages/airflow/example_dags/example_branch_python_dop_operator_3.py for tasks to queue
[2026-05-16T12:17:34.314+0000] {logging_mixin.py:188} INFO - [2026-05-16T12:17:34.314+0000] {dagbag.py:545} INFO - Filling up the DagBag from /home/airflow/.local/lib/python3.12/site-packages/airflow/example_dags/example_branch_python_dop_operator_3.py
[2026-05-16T12:17:34.317+0000] {processor.py:840} INFO - DAG(s) 'example_branch_dop_operator_v3' retrieved from /home/airflow/.local/lib/python3.12/site-packages/airflow/example_dags/example_branch_python_dop_operator_3.py
[2026-05-16T12:17:34.325+0000] {logging_mixin.py:188} INFO - [2026-05-16T12:17:34.325+0000] {dag.py:3089} INFO - Sync 1 DAGs
[2026-05-16T12:17:34.333+0000] {logging_mixin.py:188} INFO - [2026-05-16T12:17:34.333+0000] {dag.py:3947} INFO - Setting next_dagrun for example_branch_dop_operator_v3 to 2026-05-16 12:16:00+00:00, run_after=2026-05-16 12:17:00+00:00
[2026-05-16T12:17:34.339+0000] {processor.py:183} INFO - Processing /home/airflow/.local/lib/python3.12/site-packages/airflow/example_dags/example_branch_python_dop_operator_3.py took 0.028 seconds
[2026-05-16T12:18:04.872+0000] {processor.py:161} INFO - Started process (PID=14764) to work on /home/airflow/.local/lib/python3.12/site-packages/airflow/example_dags/example_branch_python_dop_operator_3.py
[2026-05-16T12:18:04.872+0000] {processor.py:830} INFO - Processing file /home/airflow/.local/lib/python3.12/site-packages/airflow/example_dags/example_branch_python_dop_operator_3.py for tasks to queue
[2026-05-16T12:18:04.872+0000] {logging_mixin.py:188} INFO - [2026-05-16T12:18:04.872+0000] {dagbag.py:545} INFO - Filling up the DagBag from /home/airflow/.local/lib/python3.12/site-packages/airflow/example_dags/example_branch_python_dop_operator_3.py
[2026-05-16T12:18:04.876+0000] {processor.py:840} INFO - DAG(s) 'example_branch_dop_operator_v3' retrieved from /home/airflow/.local/lib/python3.12/site-packages/airflow/example_dags/example_branch_python_dop_operator_3.py
[2026-05-16T12:18:04.883+0000] {logging_mixin.py:188} INFO - [2026-05-16T12:18:04.883+0000] {dag.py:3089} INFO - Sync 1 DAGs
[2026-05-16T12:18:04.890+0000] {logging_mixin.py:188} INFO - [2026-05-16T12:18:04.890+0000] {dag.py:3947} INFO - Setting next_dagrun for example_branch_dop_operator_v3 to 2026-05-16 12:17:00+00:00, run_after=2026-05-16 12:18:00+00:00
[2026-05-16T12:18:04.896+0000] {processor.py:183} INFO - Processing /home/airflow/.local/lib/python3.12/site-packages/airflow/example_dags/example_branch_python_dop_operator_3.py took 0.026 seconds
[2026-05-16T12:18:35.421+0000] {processor.py:161} INFO - Started process (PID=14826) to work on /home/airflow/.local/lib/python3.12/site-packages/airflow/example_dags/example_branch_python_dop_operator_3.py
[2026-05-16T12:18:35.421+0000] {processor.py:830} INFO - Processing file /home/airflow/.local/lib/python3.12/site-packages/airflow/example_dags/example_branch_python_dop_operator_3.py for tasks to queue
[2026-05-16T12:18:35.421+0000] {logging_mixin.py:188} INFO - [2026-05-16T12:18:35.421+0000] {dagbag.py:545} INFO - Filling up the DagBag from /home/airflow/.local/lib/python3.12/site-packages/airflow/example_dags/example_branch_python_dop_operator_3.py
[2026-05-16T12:18:35.424+0000] {processor.py:840} INFO - DAG(s) 'example_branch_dop_operator_v3' retrieved from /home/airflow/.local/lib/python3.12/site-packages/airflow/example_dags/example_branch_python_dop_operator_3.py
[2026-05-16T12:18:35.432+0000] {logging_mixin.py:188} INFO - [2026-05-16T12:18:35.432+0000] {dag.py:3089} INFO - Sync 1 DAGs
[2026-05-16T12:18:35.440+0000] {logging_mixin.py:188} INFO - [2026-05-16T12:18:35.440+0000] {dag.py:3947} INFO - Setting next_dagrun for example_branch_dop_operator_v3 to 2026-05-16 12:17:00+00:00, run_after=2026-05-16 12:18:00+00:00
[2026-05-16T12:18:35.447+0000] {processor.py:183} INFO - Processing /home/airflow/.local/lib/python3.12/site-packages/airflow/example_dags/example_branch_python_dop_operator_3.py took 0.028 seconds
[2026-05-16T12:19:06.105+0000] {processor.py:161} INFO - Started process (PID=14888) to work on /home/airflow/.local/lib/python3.12/site-packages/airflow/example_dags/example_branch_python_dop_operator_3.py
[2026-05-16T12:19:06.106+0000] {processor.py:830} INFO - Processing file /home/airflow/.local/lib/python3.12/site-packages/airflow/example_dags/example_branch_python_dop_operator_3.py for tasks to queue
[2026-05-16T12:19:06.106+0000] {logging_mixin.py:188} INFO - [2026-05-16T12:19:06.106+0000] {dagbag.py:545} INFO - Filling up the DagBag from /home/airflow/.local/lib/python3.12/site-packages/airflow/example_dags/example_branch_python_dop_operator_3.py
[2026-05-16T12:19:06.109+0000] {processor.py:840} INFO - DAG(s) 'example_branch_dop_operator_v3' retrieved from /home/airflow/.local/lib/python3.12/site-packages/airflow/example_dags/example_branch_python_dop_operator_3.py
[2026-05-16T12:19:06.119+0000] {logging_mixin.py:188} INFO - [2026-05-16T12:19:06.119+0000] {dag.py:3089} INFO - Sync 1 DAGs
[2026-05-16T12:19:06.127+0000] {logging_mixin.py:188} INFO - [2026-05-16T12:19:06.127+0000] {dag.py:3947} INFO - Setting next_dagrun for example_branch_dop_operator_v3 to 2026-05-16 12:18:00+00:00, run_after=2026-05-16 12:19:00+00:00
[2026-05-16T12:19:06.133+0000] {processor.py:183} INFO - Processing /home/airflow/.local/lib/python3.12/site-packages/airflow/example_dags/example_branch_python_dop_operator_3.py took 0.031 seconds
[2026-05-16T12:19:36.608+0000] {processor.py:161} INFO - Started process (PID=14950) to work on /home/airflow/.local/lib/python3.12/site-packages/airflow/example_dags/example_branch_python_dop_operator_3.py
[2026-05-16T12:19:36.609+0000] {processor.py:830} INFO - Processing file /home/airflow/.local/lib/python3.12/site-packages/airflow/example_dags/example_branch_python_dop_operator_3.py for tasks to queue
[2026-05-16T12:19:36.609+0000] {logging_mixin.py:188} INFO - [2026-05-16T12:19:36.609+0000] {dagbag.py:545} INFO - Filling up the DagBag from /home/airflow/.local/lib/python3.12/site-packages/airflow/example_dags/example_branch_python_dop_operator_3.py
[2026-05-16T12:19:36.612+0000] {processor.py:840} INFO - DAG(s) 'example_branch_dop_operator_v3' retrieved from /home/airflow/.local/lib/python3.12/site-packages/airflow/example_dags/example_branch_python_dop_operator_3.py
[2026-05-16T12:19:36.619+0000] {logging_mixin.py:188} INFO - [2026-05-16T12:19:36.619+0000] {dag.py:3089} INFO - Sync 1 DAGs
[2026-05-16T12:19:36.627+0000] {logging_mixin.py:188} INFO - [2026-05-16T12:19:36.627+0000] {dag.py:3947} INFO - Setting next_dagrun for example_branch_dop_operator_v3 to 2026-05-16 12:18:00+00:00, run_after=2026-05-16 12:19:00+00:00
[2026-05-16T12:19:36.631+0000] {processor.py:183} INFO - Processing /home/airflow/.local/lib/python3.12/site-packages/airflow/example_dags/example_branch_python_dop_operator_3.py took 0.025 seconds
[2026-05-16T12:20:07.068+0000] {processor.py:161} INFO - Started process (PID=15012) to work on /home/airflow/.local/lib/python3.12/site-packages/airflow/example_dags/example_branch_python_dop_operator_3.py
[2026-05-16T12:20:07.069+0000] {processor.py:830} INFO - Processing file /home/airflow/.local/lib/python3.12/site-packages/airflow/example_dags/example_branch_python_dop_operator_3.py for tasks to queue
[2026-05-16T12:20:07.069+0000] {logging_mixin.py:188} INFO - [2026-05-16T12:20:07.069+0000] {dagbag.py:545} INFO - Filling up the DagBag from /home/airflow/.local/lib/python3.12/site-packages/airflow/example_dags/example_branch_python_dop_operator_3.py
[2026-05-16T12:20:07.073+0000] {processor.py:840} INFO - DAG(s) 'example_branch_dop_operator_v3' retrieved from /home/airflow/.local/lib/python3.12/site-packages/airflow/example_dags/example_branch_python_dop_operator_3.py
[2026-05-16T12:20:07.084+0000] {logging_mixin.py:188} INFO - [2026-05-16T12:20:07.084+0000] {dag.py:3089} INFO - Sync 1 DAGs
[2026-05-16T12:20:07.093+0000] {logging_mixin.py:188} INFO - [2026-05-16T12:20:07.093+0000] {dag.py:3947} INFO - Setting next_dagrun for example_branch_dop_operator_v3 to 2026-05-16 12:19:00+00:00, run_after=2026-05-16 12:20:00+00:00
[2026-05-16T12:20:07.098+0000] {processor.py:183} INFO - Processing /home/airflow/.local/lib/python3.12/site-packages/airflow/example_dags/example_branch_python_dop_operator_3.py took 0.033 seconds
[2026-05-16T12:20:37.662+0000] {processor.py:161} INFO - Started process (PID=15074) to work on /home/airflow/.local/lib/python3.12/site-packages/airflow/example_dags/example_branch_python_dop_operator_3.py
[2026-05-16T12:20:37.662+0000] {processor.py:830} INFO - Processing file /home/airflow/.local/lib/python3.12/site-packages/airflow/example_dags/example_branch_python_dop_operator_3.py for tasks to queue
[2026-05-16T12:20:37.663+0000] {logging_mixin.py:188} INFO - [2026-05-16T12:20:37.663+0000] {dagbag.py:545} INFO - Filling up the DagBag from /home/airflow/.local/lib/python3.12/site-packages/airflow/example_dags/example_branch_python_dop_operator_3.py
[2026-05-16T12:20:37.666+0000] {processor.py:840} INFO - DAG(s) 'example_branch_dop_operator_v3' retrieved from /home/airflow/.local/lib/python3.12/site-packages/airflow/example_dags/example_branch_python_dop_operator_3.py
[2026-05-16T12:20:37.675+0000] {logging_mixin.py:188} INFO - [2026-05-16T12:20:37.675+0000] {dag.py:3089} INFO - Sync 1 DAGs
[2026-05-16T12:20:37.683+0000] {logging_mixin.py:188} INFO - [2026-05-16T12:20:37.683+0000] {dag.py:3947} INFO - Setting next_dagrun for example_branch_dop_operator_v3 to 2026-05-16 12:19:00+00:00, run_after=2026-05-16 12:20:00+00:00
[2026-05-16T12:20:37.688+0000] {processor.py:183} INFO - Processing /home/airflow/.local/lib/python3.12/site-packages/airflow/example_dags/example_branch_python_dop_operator_3.py took 0.029 seconds
[2026-05-16T12:21:08.221+0000] {processor.py:161} INFO - Started process (PID=15136) to work on /home/airflow/.local/lib/python3.12/site-packages/airflow/example_dags/example_branch_python_dop_operator_3.py
[2026-05-16T12:21:08.222+0000] {processor.py:830} INFO - Processing file /home/airflow/.local/lib/python3.12/site-packages/airflow/example_dags/example_branch_python_dop_operator_3.py for tasks to queue
[2026-05-16T12:21:08.222+0000] {logging_mixin.py:188} INFO - [2026-05-16T12:21:08.222+0000] {dagbag.py:545} INFO - Filling up the DagBag from /home/airflow/.local/lib/python3.12/site-packages/airflow/example_dags/example_branch_python_dop_operator_3.py
[2026-05-16T12:21:08.225+0000] {processor.py:840} INFO - DAG(s) 'example_branch_dop_operator_v3' retrieved from /home/airflow/.local/lib/python3.12/site-packages/airflow/example_dags/example_branch_python_dop_operator_3.py
[2026-05-16T12:21:08.233+0000] {logging_mixin.py:188} INFO - [2026-05-16T12:21:08.233+0000] {dag.py:3089} INFO - Sync 1 DAGs
[2026-05-16T12:21:08.241+0000] {logging_mixin.py:188} INFO - [2026-05-16T12:21:08.241+0000] {dag.py:3947} INFO - Setting next_dagrun for example_branch_dop_operator_v3 to 2026-05-16 12:20:00+00:00, run_after=2026-05-16 12:21:00+00:00
[2026-05-16T12:21:08.246+0000] {processor.py:183} INFO - Processing /home/airflow/.local/lib/python3.12/site-packages/airflow/example_dags/example_branch_python_dop_operator_3.py took 0.027 seconds
[2026-05-16T12:21:38.747+0000] {processor.py:161} INFO - Started process (PID=15198) to work on /home/airflow/.local/lib/python3.12/site-packages/airflow/example_dags/example_branch_python_dop_operator_3.py
[2026-05-16T12:21:38.747+0000] {processor.py:830} INFO - Processing file /home/airflow/.local/lib/python3.12/site-packages/airflow/example_dags/example_branch_python_dop_operator_3.py for tasks to queue
[2026-05-16T12:21:38.747+0000] {logging_mixin.py:188} INFO - [2026-05-16T12:21:38.747+0000] {dagbag.py:545} INFO - Filling up the DagBag from /home/airflow/.local/lib/python3.12/site-packages/airflow/example_dags/example_branch_python_dop_operator_3.py
[2026-05-16T12:21:38.750+0000] {processor.py:840} INFO - DAG(s) 'example_branch_dop_operator_v3' retrieved from /home/airflow/.local/lib/python3.12/site-packages/airflow/example_dags/example_branch_python_dop_operator_3.py
[2026-05-16T12:21:38.758+0000] {logging_mixin.py:188} INFO - [2026-05-16T12:21:38.758+0000] {dag.py:3089} INFO - Sync 1 DAGs
[2026-05-16T12:21:38.766+0000] {logging_mixin.py:188} INFO - [2026-05-16T12:21:38.765+0000] {dag.py:3947} INFO - Setting next_dagrun for example_branch_dop_operator_v3 to 2026-05-16 12:20:00+00:00, run_after=2026-05-16 12:21:00+00:00
[2026-05-16T12:21:38.770+0000] {processor.py:183} INFO - Processing /home/airflow/.local/lib/python3.12/site-packages/airflow/example_dags/example_branch_python_dop_operator_3.py took 0.026 seconds
[2026-05-16T12:22:09.194+0000] {processor.py:161} INFO - Started process (PID=15260) to work on /home/airflow/.local/lib/python3.12/site-packages/airflow/example_dags/example_branch_python_dop_operator_3.py
[2026-05-16T12:22:09.194+0000] {processor.py:830} INFO - Processing file /home/airflow/.local/lib/python3.12/site-packages/airflow/example_dags/example_branch_python_dop_operator_3.py for tasks to queue
[2026-05-16T12:22:09.195+0000] {logging_mixin.py:188} INFO - [2026-05-16T12:22:09.195+0000] {dagbag.py:545} INFO - Filling up the DagBag from /home/airflow/.local/lib/python3.12/site-packages/airflow/example_dags/example_branch_python_dop_operator_3.py
[2026-05-16T12:22:09.198+0000] {processor.py:840} INFO - DAG(s) 'example_branch_dop_operator_v3' retrieved from /home/airflow/.local/lib/python3.12/site-packages/airflow/example_dags/example_branch_python_dop_operator_3.py
[2026-05-16T12:22:09.206+0000] {logging_mixin.py:188} INFO - [2026-05-16T12:22:09.206+0000] {dag.py:3089} INFO - Sync 1 DAGs
[2026-05-16T12:22:09.215+0000] {logging_mixin.py:188} INFO - [2026-05-16T12:22:09.215+0000] {dag.py:3947} INFO - Setting next_dagrun for example_branch_dop_operator_v3 to 2026-05-16 12:21:00+00:00, run_after=2026-05-16 12:22:00+00:00
[2026-05-16T12:22:09.220+0000] {processor.py:183} INFO - Processing /home/airflow/.local/lib/python3.12/site-packages/airflow/example_dags/example_branch_python_dop_operator_3.py took 0.028 seconds
[2026-05-16T12:22:39.747+0000] {processor.py:161} INFO - Started process (PID=15322) to work on /home/airflow/.local/lib/python3.12/site-packages/airflow/example_dags/example_branch_python_dop_operator_3.py
[2026-05-16T12:22:39.747+0000] {processor.py:830} INFO - Processing file /home/airflow/.local/lib/python3.12/site-packages/airflow/example_dags/example_branch_python_dop_operator_3.py for tasks to queue
[2026-05-16T12:22:39.748+0000] {logging_mixin.py:188} INFO - [2026-05-16T12:22:39.748+0000] {dagbag.py:545} INFO - Filling up the DagBag from /home/airflow/.local/lib/python3.12/site-packages/airflow/example_dags/example_branch_python_dop_operator_3.py
[2026-05-16T12:22:39.751+0000] {processor.py:840} INFO - DAG(s) 'example_branch_dop_operator_v3' retrieved from /home/airflow/.local/lib/python3.12/site-packages/airflow/example_dags/example_branch_python_dop_operator_3.py
[2026-05-16T12:22:39.757+0000] {logging_mixin.py:188} INFO - [2026-05-16T12:22:39.757+0000] {dag.py:3089} INFO - Sync 1 DAGs
[2026-05-16T12:22:39.765+0000] {logging_mixin.py:188} INFO - [2026-05-16T12:22:39.765+0000] {dag.py:3947} INFO - Setting next_dagrun for example_branch_dop_operator_v3 to 2026-05-16 12:21:00+00:00, run_after=2026-05-16 12:22:00+00:00
[2026-05-16T12:22:39.770+0000] {processor.py:183} INFO - Processing /home/airflow/.local/lib/python3.12/site-packages/airflow/example_dags/example_branch_python_dop_operator_3.py took 0.026 seconds
[2026-05-16T12:23:10.270+0000] {processor.py:161} INFO - Started process (PID=15384) to work on /home/airflow/.local/lib/python3.12/site-packages/airflow/example_dags/example_branch_python_dop_operator_3.py
[2026-05-16T12:23:10.271+0000] {processor.py:830} INFO - Processing file /home/airflow/.local/lib/python3.12/site-packages/airflow/example_dags/example_branch_python_dop_operator_3.py for tasks to queue
[2026-05-16T12:23:10.271+0000] {logging_mixin.py:188} INFO - [2026-05-16T12:23:10.271+0000] {dagbag.py:545} INFO - Filling up the DagBag from /home/airflow/.local/lib/python3.12/site-packages/airflow/example_dags/example_branch_python_dop_operator_3.py
[2026-05-16T12:23:10.275+0000] {processor.py:840} INFO - DAG(s) 'example_branch_dop_operator_v3' retrieved from /home/airflow/.local/lib/python3.12/site-packages/airflow/example_dags/example_branch_python_dop_operator_3.py
[2026-05-16T12:23:10.283+0000] {logging_mixin.py:188} INFO - [2026-05-16T12:23:10.283+0000] {dag.py:3089} INFO - Sync 1 DAGs
[2026-05-16T12:23:10.292+0000] {logging_mixin.py:188} INFO - [2026-05-16T12:23:10.292+0000] {dag.py:3947} INFO - Setting next_dagrun for example_branch_dop_operator_v3 to 2026-05-16 12:22:00+00:00, run_after=2026-05-16 12:23:00+00:00
[2026-05-16T12:23:10.297+0000] {processor.py:183} INFO - Processing /home/airflow/.local/lib/python3.12/site-packages/airflow/example_dags/example_branch_python_dop_operator_3.py took 0.029 seconds
[2026-05-16T12:23:40.878+0000] {processor.py:161} INFO - Started process (PID=15446) to work on /home/airflow/.local/lib/python3.12/site-packages/airflow/example_dags/example_branch_python_dop_operator_3.py
[2026-05-16T12:23:40.878+0000] {processor.py:830} INFO - Processing file /home/airflow/.local/lib/python3.12/site-packages/airflow/example_dags/example_branch_python_dop_operator_3.py for tasks to queue
[2026-05-16T12:23:40.879+0000] {logging_mixin.py:188} INFO - [2026-05-16T12:23:40.879+0000] {dagbag.py:545} INFO - Filling up the DagBag from /home/airflow/.local/lib/python3.12/site-packages/airflow/example_dags/example_branch_python_dop_operator_3.py
[2026-05-16T12:23:40.882+0000] {processor.py:840} INFO - DAG(s) 'example_branch_dop_operator_v3' retrieved from /home/airflow/.local/lib/python3.12/site-packages/airflow/example_dags/example_branch_python_dop_operator_3.py
[2026-05-16T12:23:40.894+0000] {logging_mixin.py:188} INFO - [2026-05-16T12:23:40.894+0000] {dag.py:3089} INFO - Sync 1 DAGs
[2026-05-16T12:23:40.902+0000] {logging_mixin.py:188} INFO - [2026-05-16T12:23:40.902+0000] {dag.py:3947} INFO - Setting next_dagrun for example_branch_dop_operator_v3 to 2026-05-16 12:22:00+00:00, run_after=2026-05-16 12:23:00+00:00
[2026-05-16T12:23:40.908+0000] {processor.py:183} INFO - Processing /home/airflow/.local/lib/python3.12/site-packages/airflow/example_dags/example_branch_python_dop_operator_3.py took 0.033 seconds
[2026-05-16T12:24:11.417+0000] {processor.py:161} INFO - Started process (PID=15508) to work on /home/airflow/.local/lib/python3.12/site-packages/airflow/example_dags/example_branch_python_dop_operator_3.py
[2026-05-16T12:24:11.417+0000] {processor.py:830} INFO - Processing file /home/airflow/.local/lib/python3.12/site-packages/airflow/example_dags/example_branch_python_dop_operator_3.py for tasks to queue
[2026-05-16T12:24:11.417+0000] {logging_mixin.py:188} INFO - [2026-05-16T12:24:11.417+0000] {dagbag.py:545} INFO - Filling up the DagBag from /home/airflow/.local/lib/python3.12/site-packages/airflow/example_dags/example_branch_python_dop_operator_3.py
[2026-05-16T12:24:11.421+0000] {processor.py:840} INFO - DAG(s) 'example_branch_dop_operator_v3' retrieved from /home/airflow/.local/lib/python3.12/site-packages/airflow/example_dags/example_branch_python_dop_operator_3.py
[2026-05-16T12:24:11.428+0000] {logging_mixin.py:188} INFO - [2026-05-16T12:24:11.428+0000] {dag.py:3089} INFO - Sync 1 DAGs
[2026-05-16T12:24:11.435+0000] {logging_mixin.py:188} INFO - [2026-05-16T12:24:11.435+0000] {dag.py:3947} INFO - Setting next_dagrun for example_branch_dop_operator_v3 to 2026-05-16 12:23:00+00:00, run_after=2026-05-16 12:24:00+00:00
[2026-05-16T12:24:11.440+0000] {processor.py:183} INFO - Processing /home/airflow/.local/lib/python3.12/site-packages/airflow/example_dags/example_branch_python_dop_operator_3.py took 0.026 seconds
[2026-05-16T12:24:41.928+0000] {processor.py:161} INFO - Started process (PID=15570) to work on /home/airflow/.local/lib/python3.12/site-packages/airflow/example_dags/example_branch_python_dop_operator_3.py
[2026-05-16T12:24:41.929+0000] {processor.py:830} INFO - Processing file /home/airflow/.local/lib/python3.12/site-packages/airflow/example_dags/example_branch_python_dop_operator_3.py for tasks to queue
[2026-05-16T12:24:41.929+0000] {logging_mixin.py:188} INFO - [2026-05-16T12:24:41.929+0000] {dagbag.py:545} INFO - Filling up the DagBag from /home/airflow/.local/lib/python3.12/site-packages/airflow/example_dags/example_branch_python_dop_operator_3.py
[2026-05-16T12:24:41.932+0000] {processor.py:840} INFO - DAG(s) 'example_branch_dop_operator_v3' retrieved from /home/airflow/.local/lib/python3.12/site-packages/airflow/example_dags/example_branch_python_dop_operator_3.py
[2026-05-16T12:24:41.939+0000] {logging_mixin.py:188} INFO - [2026-05-16T12:24:41.939+0000] {dag.py:3089} INFO - Sync 1 DAGs
[2026-05-16T12:24:41.948+0000] {logging_mixin.py:188} INFO - [2026-05-16T12:24:41.948+0000] {dag.py:3947} INFO - Setting next_dagrun for example_branch_dop_operator_v3 to 2026-05-16 12:23:00+00:00, run_after=2026-05-16 12:24:00+00:00
[2026-05-16T12:24:41.953+0000] {processor.py:183} INFO - Processing /home/airflow/.local/lib/python3.12/site-packages/airflow/example_dags/example_branch_python_dop_operator_3.py took 0.027 seconds
[2026-05-16T12:25:12.740+0000] {processor.py:161} INFO - Started process (PID=15632) to work on /home/airflow/.local/lib/python3.12/site-packages/airflow/example_dags/example_branch_python_dop_operator_3.py
[2026-05-16T12:25:12.740+0000] {processor.py:830} INFO - Processing file /home/airflow/.local/lib/python3.12/site-packages/airflow/example_dags/example_branch_python_dop_operator_3.py for tasks to queue
[2026-05-16T12:25:12.740+0000] {logging_mixin.py:188} INFO - [2026-05-16T12:25:12.740+0000] {dagbag.py:545} INFO - Filling up the DagBag from /home/airflow/.local/lib/python3.12/site-packages/airflow/example_dags/example_branch_python_dop_operator_3.py
[2026-05-16T12:25:12.744+0000] {processor.py:840} INFO - DAG(s) 'example_branch_dop_operator_v3' retrieved from /home/airflow/.local/lib/python3.12/site-packages/airflow/example_dags/example_branch_python_dop_operator_3.py
[2026-05-16T12:25:12.753+0000] {logging_mixin.py:188} INFO - [2026-05-16T12:25:12.753+0000] {dag.py:3089} INFO - Sync 1 DAGs
[2026-05-16T12:25:12.762+0000] {logging_mixin.py:188} INFO - [2026-05-16T12:25:12.762+0000] {dag.py:3947} INFO - Setting next_dagrun for example_branch_dop_operator_v3 to 2026-05-16 12:24:00+00:00, run_after=2026-05-16 12:25:00+00:00
[2026-05-16T12:25:12.767+0000] {processor.py:183} INFO - Processing /home/airflow/.local/lib/python3.12/site-packages/airflow/example_dags/example_branch_python_dop_operator_3.py took 0.030 seconds
[2026-05-16T12:25:43.354+0000] {processor.py:161} INFO - Started process (PID=15694) to work on /home/airflow/.local/lib/python3.12/site-packages/airflow/example_dags/example_branch_python_dop_operator_3.py
[2026-05-16T12:25:43.355+0000] {processor.py:830} INFO - Processing file /home/airflow/.local/lib/python3.12/site-packages/airflow/example_dags/example_branch_python_dop_operator_3.py for tasks to queue
[2026-05-16T12:25:43.355+0000] {logging_mixin.py:188} INFO - [2026-05-16T12:25:43.355+0000] {dagbag.py:545} INFO - Filling up the DagBag from /home/airflow/.local/lib/python3.12/site-packages/airflow/example_dags/example_branch_python_dop_operator_3.py
[2026-05-16T12:25:43.358+0000] {processor.py:840} INFO - DAG(s) 'example_branch_dop_operator_v3' retrieved from /home/airflow/.local/lib/python3.12/site-packages/airflow/example_dags/example_branch_python_dop_operator_3.py
[2026-05-16T12:25:43.364+0000] {logging_mixin.py:188} INFO - [2026-05-16T12:25:43.364+0000] {dag.py:3089} INFO - Sync 1 DAGs
[2026-05-16T12:25:43.371+0000] {logging_mixin.py:188} INFO - [2026-05-16T12:25:43.371+0000] {dag.py:3947} INFO - Setting next_dagrun for example_branch_dop_operator_v3 to 2026-05-16 12:24:00+00:00, run_after=2026-05-16 12:25:00+00:00
[2026-05-16T12:25:43.376+0000] {processor.py:183} INFO - Processing /home/airflow/.local/lib/python3.12/site-packages/airflow/example_dags/example_branch_python_dop_operator_3.py took 0.024 seconds
[2026-05-16T12:26:13.783+0000] {processor.py:161} INFO - Started process (PID=15762) to work on /home/airflow/.local/lib/python3.12/site-packages/airflow/example_dags/example_branch_python_dop_operator_3.py
[2026-05-16T12:26:13.784+0000] {processor.py:830} INFO - Processing file /home/airflow/.local/lib/python3.12/site-packages/airflow/example_dags/example_branch_python_dop_operator_3.py for tasks to queue
[2026-05-16T12:26:13.784+0000] {logging_mixin.py:188} INFO - [2026-05-16T12:26:13.784+0000] {dagbag.py:545} INFO - Filling up the DagBag from /home/airflow/.local/lib/python3.12/site-packages/airflow/example_dags/example_branch_python_dop_operator_3.py
[2026-05-16T12:26:13.787+0000] {processor.py:840} INFO - DAG(s) 'example_branch_dop_operator_v3' retrieved from /home/airflow/.local/lib/python3.12/site-packages/airflow/example_dags/example_branch_python_dop_operator_3.py
[2026-05-16T12:26:13.796+0000] {logging_mixin.py:188} INFO - [2026-05-16T12:26:13.796+0000] {dag.py:3089} INFO - Sync 1 DAGs
[2026-05-16T12:26:13.804+0000] {logging_mixin.py:188} INFO - [2026-05-16T12:26:13.804+0000] {dag.py:3947} INFO - Setting next_dagrun for example_branch_dop_operator_v3 to 2026-05-16 12:25:00+00:00, run_after=2026-05-16 12:26:00+00:00
[2026-05-16T12:26:13.811+0000] {processor.py:183} INFO - Processing /home/airflow/.local/lib/python3.12/site-packages/airflow/example_dags/example_branch_python_dop_operator_3.py took 0.030 seconds
[2026-05-16T12:26:44.400+0000] {processor.py:161} INFO - Started process (PID=15825) to work on /home/airflow/.local/lib/python3.12/site-packages/airflow/example_dags/example_branch_python_dop_operator_3.py
[2026-05-16T12:26:44.400+0000] {processor.py:830} INFO - Processing file /home/airflow/.local/lib/python3.12/site-packages/airflow/example_dags/example_branch_python_dop_operator_3.py for tasks to queue
[2026-05-16T12:26:44.400+0000] {logging_mixin.py:188} INFO - [2026-05-16T12:26:44.400+0000] {dagbag.py:545} INFO - Filling up the DagBag from /home/airflow/.local/lib/python3.12/site-packages/airflow/example_dags/example_branch_python_dop_operator_3.py
[2026-05-16T12:26:44.408+0000] {processor.py:840} INFO - DAG(s) 'example_branch_dop_operator_v3' retrieved from /home/airflow/.local/lib/python3.12/site-packages/airflow/example_dags/example_branch_python_dop_operator_3.py
[2026-05-16T12:26:44.428+0000] {logging_mixin.py:188} INFO - [2026-05-16T12:26:44.428+0000] {dag.py:3089} INFO - Sync 1 DAGs
[2026-05-16T12:26:44.441+0000] {logging_mixin.py:188} INFO - [2026-05-16T12:26:44.441+0000] {dag.py:3947} INFO - Setting next_dagrun for example_branch_dop_operator_v3 to 2026-05-16 12:25:00+00:00, run_after=2026-05-16 12:26:00+00:00
[2026-05-16T12:26:44.449+0000] {processor.py:183} INFO - Processing /home/airflow/.local/lib/python3.12/site-packages/airflow/example_dags/example_branch_python_dop_operator_3.py took 0.052 seconds
[2026-05-16T12:27:14.968+0000] {processor.py:161} INFO - Started process (PID=15887) to work on /home/airflow/.local/lib/python3.12/site-packages/airflow/example_dags/example_branch_python_dop_operator_3.py
[2026-05-16T12:27:14.969+0000] {processor.py:830} INFO - Processing file /home/airflow/.local/lib/python3.12/site-packages/airflow/example_dags/example_branch_python_dop_operator_3.py for tasks to queue
[2026-05-16T12:27:14.969+0000] {logging_mixin.py:188} INFO - [2026-05-16T12:27:14.969+0000] {dagbag.py:545} INFO - Filling up the DagBag from /home/airflow/.local/lib/python3.12/site-packages/airflow/example_dags/example_branch_python_dop_operator_3.py
[2026-05-16T12:27:14.972+0000] {processor.py:840} INFO - DAG(s) 'example_branch_dop_operator_v3' retrieved from /home/airflow/.local/lib/python3.12/site-packages/airflow/example_dags/example_branch_python_dop_operator_3.py
[2026-05-16T12:27:14.981+0000] {logging_mixin.py:188} INFO - [2026-05-16T12:27:14.981+0000] {dag.py:3089} INFO - Sync 1 DAGs
[2026-05-16T12:27:14.992+0000] {logging_mixin.py:188} INFO - [2026-05-16T12:27:14.991+0000] {dag.py:3947} INFO - Setting next_dagrun for example_branch_dop_operator_v3 to 2026-05-16 12:26:00+00:00, run_after=2026-05-16 12:27:00+00:00
[2026-05-16T12:27:14.998+0000] {processor.py:183} INFO - Processing /home/airflow/.local/lib/python3.12/site-packages/airflow/example_dags/example_branch_python_dop_operator_3.py took 0.032 seconds
[2026-05-16T12:27:45.526+0000] {processor.py:161} INFO - Started process (PID=15949) to work on /home/airflow/.local/lib/python3.12/site-packages/airflow/example_dags/example_branch_python_dop_operator_3.py
[2026-05-16T12:27:45.527+0000] {processor.py:830} INFO - Processing file /home/airflow/.local/lib/python3.12/site-packages/airflow/example_dags/example_branch_python_dop_operator_3.py for tasks to queue
[2026-05-16T12:27:45.527+0000] {logging_mixin.py:188} INFO - [2026-05-16T12:27:45.527+0000] {dagbag.py:545} INFO - Filling up the DagBag from /home/airflow/.local/lib/python3.12/site-packages/airflow/example_dags/example_branch_python_dop_operator_3.py
[2026-05-16T12:27:45.530+0000] {processor.py:840} INFO - DAG(s) 'example_branch_dop_operator_v3' retrieved from /home/airflow/.local/lib/python3.12/site-packages/airflow/example_dags/example_branch_python_dop_operator_3.py
[2026-05-16T12:27:45.537+0000] {logging_mixin.py:188} INFO - [2026-05-16T12:27:45.537+0000] {dag.py:3089} INFO - Sync 1 DAGs
[2026-05-16T12:27:45.545+0000] {logging_mixin.py:188} INFO - [2026-05-16T12:27:45.545+0000] {dag.py:3947} INFO - Setting next_dagrun for example_branch_dop_operator_v3 to 2026-05-16 12:26:00+00:00, run_after=2026-05-16 12:27:00+00:00
[2026-05-16T12:27:45.550+0000] {processor.py:183} INFO - Processing /home/airflow/.local/lib/python3.12/site-packages/airflow/example_dags/example_branch_python_dop_operator_3.py took 0.025 seconds
[2026-05-16T12:28:15.912+0000] {processor.py:161} INFO - Started process (PID=16011) to work on /home/airflow/.local/lib/python3.12/site-packages/airflow/example_dags/example_branch_python_dop_operator_3.py
[2026-05-16T12:28:15.912+0000] {processor.py:830} INFO - Processing file /home/airflow/.local/lib/python3.12/site-packages/airflow/example_dags/example_branch_python_dop_operator_3.py for tasks to queue
[2026-05-16T12:28:15.912+0000] {logging_mixin.py:188} INFO - [2026-05-16T12:28:15.912+0000] {dagbag.py:545} INFO - Filling up the DagBag from /home/airflow/.local/lib/python3.12/site-packages/airflow/example_dags/example_branch_python_dop_operator_3.py
[2026-05-16T12:28:15.916+0000] {processor.py:840} INFO - DAG(s) 'example_branch_dop_operator_v3' retrieved from /home/airflow/.local/lib/python3.12/site-packages/airflow/example_dags/example_branch_python_dop_operator_3.py
[2026-05-16T12:28:15.923+0000] {logging_mixin.py:188} INFO - [2026-05-16T12:28:15.923+0000] {dag.py:3089} INFO - Sync 1 DAGs
[2026-05-16T12:28:15.931+0000] {logging_mixin.py:188} INFO - [2026-05-16T12:28:15.931+0000] {dag.py:3947} INFO - Setting next_dagrun for example_branch_dop_operator_v3 to 2026-05-16 12:27:00+00:00, run_after=2026-05-16 12:28:00+00:00
[2026-05-16T12:28:15.936+0000] {processor.py:183} INFO - Processing /home/airflow/.local/lib/python3.12/site-packages/airflow/example_dags/example_branch_python_dop_operator_3.py took 0.027 seconds
[2026-05-16T12:28:46.545+0000] {processor.py:161} INFO - Started process (PID=16073) to work on /home/airflow/.local/lib/python3.12/site-packages/airflow/example_dags/example_branch_python_dop_operator_3.py
[2026-05-16T12:28:46.545+0000] {processor.py:830} INFO - Processing file /home/airflow/.local/lib/python3.12/site-packages/airflow/example_dags/example_branch_python_dop_operator_3.py for tasks to queue
[2026-05-16T12:28:46.545+0000] {logging_mixin.py:188} INFO - [2026-05-16T12:28:46.545+0000] {dagbag.py:545} INFO - Filling up the DagBag from /home/airflow/.local/lib/python3.12/site-packages/airflow/example_dags/example_branch_python_dop_operator_3.py
[2026-05-16T12:28:46.549+0000] {processor.py:840} INFO - DAG(s) 'example_branch_dop_operator_v3' retrieved from /home/airflow/.local/lib/python3.12/site-packages/airflow/example_dags/example_branch_python_dop_operator_3.py
[2026-05-16T12:28:46.558+0000] {logging_mixin.py:188} INFO - [2026-05-16T12:28:46.558+0000] {dag.py:3089} INFO - Sync 1 DAGs
[2026-05-16T12:28:46.568+0000] {logging_mixin.py:188} INFO - [2026-05-16T12:28:46.568+0000] {dag.py:3947} INFO - Setting next_dagrun for example_branch_dop_operator_v3 to 2026-05-16 12:27:00+00:00, run_after=2026-05-16 12:28:00+00:00
[2026-05-16T12:28:46.574+0000] {processor.py:183} INFO - Processing /home/airflow/.local/lib/python3.12/site-packages/airflow/example_dags/example_branch_python_dop_operator_3.py took 0.032 seconds
[2026-05-16T12:29:17.109+0000] {processor.py:161} INFO - Started process (PID=16135) to work on /home/airflow/.local/lib/python3.12/site-packages/airflow/example_dags/example_branch_python_dop_operator_3.py
[2026-05-16T12:29:17.109+0000] {processor.py:830} INFO - Processing file /home/airflow/.local/lib/python3.12/site-packages/airflow/example_dags/example_branch_python_dop_operator_3.py for tasks to queue
[2026-05-16T12:29:17.109+0000] {logging_mixin.py:188} INFO - [2026-05-16T12:29:17.109+0000] {dagbag.py:545} INFO - Filling up the DagBag from /home/airflow/.local/lib/python3.12/site-packages/airflow/example_dags/example_branch_python_dop_operator_3.py
[2026-05-16T12:29:17.114+0000] {processor.py:840} INFO - DAG(s) 'example_branch_dop_operator_v3' retrieved from /home/airflow/.local/lib/python3.12/site-packages/airflow/example_dags/example_branch_python_dop_operator_3.py
[2026-05-16T12:29:17.124+0000] {logging_mixin.py:188} INFO - [2026-05-16T12:29:17.124+0000] {dag.py:3089} INFO - Sync 1 DAGs
[2026-05-16T12:29:17.133+0000] {logging_mixin.py:188} INFO - [2026-05-16T12:29:17.133+0000] {dag.py:3947} INFO - Setting next_dagrun for example_branch_dop_operator_v3 to 2026-05-16 12:28:00+00:00, run_after=2026-05-16 12:29:00+00:00
[2026-05-16T12:29:17.139+0000] {processor.py:183} INFO - Processing /home/airflow/.local/lib/python3.12/site-packages/airflow/example_dags/example_branch_python_dop_operator_3.py took 0.033 seconds
[2026-05-16T12:29:47.635+0000] {processor.py:161} INFO - Started process (PID=16197) to work on /home/airflow/.local/lib/python3.12/site-packages/airflow/example_dags/example_branch_python_dop_operator_3.py
[2026-05-16T12:29:47.635+0000] {processor.py:830} INFO - Processing file /home/airflow/.local/lib/python3.12/site-packages/airflow/example_dags/example_branch_python_dop_operator_3.py for tasks to queue
[2026-05-16T12:29:47.636+0000] {logging_mixin.py:188} INFO - [2026-05-16T12:29:47.636+0000] {dagbag.py:545} INFO - Filling up the DagBag from /home/airflow/.local/lib/python3.12/site-packages/airflow/example_dags/example_branch_python_dop_operator_3.py
[2026-05-16T12:29:47.639+0000] {processor.py:840} INFO - DAG(s) 'example_branch_dop_operator_v3' retrieved from /home/airflow/.local/lib/python3.12/site-packages/airflow/example_dags/example_branch_python_dop_operator_3.py
[2026-05-16T12:29:47.647+0000] {logging_mixin.py:188} INFO - [2026-05-16T12:29:47.647+0000] {dag.py:3089} INFO - Sync 1 DAGs
[2026-05-16T12:29:47.657+0000] {logging_mixin.py:188} INFO - [2026-05-16T12:29:47.657+0000] {dag.py:3947} INFO - Setting next_dagrun for example_branch_dop_operator_v3 to 2026-05-16 12:28:00+00:00, run_after=2026-05-16 12:29:00+00:00
[2026-05-16T12:29:47.663+0000] {processor.py:183} INFO - Processing /home/airflow/.local/lib/python3.12/site-packages/airflow/example_dags/example_branch_python_dop_operator_3.py took 0.030 seconds
[2026-05-16T12:31:47.126+0000] {processor.py:161} INFO - Started process (PID=16260) to work on /home/airflow/.local/lib/python3.12/site-packages/airflow/example_dags/example_branch_python_dop_operator_3.py
[2026-05-16T12:31:47.127+0000] {processor.py:830} INFO - Processing file /home/airflow/.local/lib/python3.12/site-packages/airflow/example_dags/example_branch_python_dop_operator_3.py for tasks to queue
[2026-05-16T12:31:47.127+0000] {logging_mixin.py:188} INFO - [2026-05-16T12:31:47.127+0000] {dagbag.py:545} INFO - Filling up the DagBag from /home/airflow/.local/lib/python3.12/site-packages/airflow/example_dags/example_branch_python_dop_operator_3.py
[2026-05-16T12:31:47.130+0000] {processor.py:840} INFO - DAG(s) 'example_branch_dop_operator_v3' retrieved from /home/airflow/.local/lib/python3.12/site-packages/airflow/example_dags/example_branch_python_dop_operator_3.py
[2026-05-16T12:31:47.137+0000] {logging_mixin.py:188} INFO - [2026-05-16T12:31:47.137+0000] {dag.py:3089} INFO - Sync 1 DAGs
[2026-05-16T12:31:47.145+0000] {logging_mixin.py:188} INFO - [2026-05-16T12:31:47.145+0000] {dag.py:3947} INFO - Setting next_dagrun for example_branch_dop_operator_v3 to 2026-05-16 12:30:00+00:00, run_after=2026-05-16 12:31:00+00:00
[2026-05-16T12:31:47.151+0000] {processor.py:183} INFO - Processing /home/airflow/.local/lib/python3.12/site-packages/airflow/example_dags/example_branch_python_dop_operator_3.py took 0.026 seconds
[2026-05-16T12:32:17.438+0000] {processor.py:161} INFO - Started process (PID=16322) to work on /home/airflow/.local/lib/python3.12/site-packages/airflow/example_dags/example_branch_python_dop_operator_3.py
[2026-05-16T12:32:17.439+0000] {processor.py:830} INFO - Processing file /home/airflow/.local/lib/python3.12/site-packages/airflow/example_dags/example_branch_python_dop_operator_3.py for tasks to queue
[2026-05-16T12:32:17.439+0000] {logging_mixin.py:188} INFO - [2026-05-16T12:32:17.439+0000] {dagbag.py:545} INFO - Filling up the DagBag from /home/airflow/.local/lib/python3.12/site-packages/airflow/example_dags/example_branch_python_dop_operator_3.py
[2026-05-16T12:32:17.442+0000] {processor.py:840} INFO - DAG(s) 'example_branch_dop_operator_v3' retrieved from /home/airflow/.local/lib/python3.12/site-packages/airflow/example_dags/example_branch_python_dop_operator_3.py
[2026-05-16T12:32:17.449+0000] {logging_mixin.py:188} INFO - [2026-05-16T12:32:17.449+0000] {dag.py:3089} INFO - Sync 1 DAGs
[2026-05-16T12:32:17.457+0000] {logging_mixin.py:188} INFO - [2026-05-16T12:32:17.457+0000] {dag.py:3947} INFO - Setting next_dagrun for example_branch_dop_operator_v3 to 2026-05-16 12:31:00+00:00, run_after=2026-05-16 12:32:00+00:00
[2026-05-16T12:32:17.462+0000] {processor.py:183} INFO - Processing /home/airflow/.local/lib/python3.12/site-packages/airflow/example_dags/example_branch_python_dop_operator_3.py took 0.028 seconds
[2026-05-16T13:03:51.072+0000] {processor.py:161} INFO - Started process (PID=16384) to work on /home/airflow/.local/lib/python3.12/site-packages/airflow/example_dags/example_branch_python_dop_operator_3.py
[2026-05-16T13:03:51.078+0000] {processor.py:830} INFO - Processing file /home/airflow/.local/lib/python3.12/site-packages/airflow/example_dags/example_branch_python_dop_operator_3.py for tasks to queue
[2026-05-16T13:03:51.079+0000] {logging_mixin.py:188} INFO - [2026-05-16T13:03:51.079+0000] {dagbag.py:545} INFO - Filling up the DagBag from /home/airflow/.local/lib/python3.12/site-packages/airflow/example_dags/example_branch_python_dop_operator_3.py
[2026-05-16T13:03:51.102+0000] {processor.py:840} INFO - DAG(s) 'example_branch_dop_operator_v3' retrieved from /home/airflow/.local/lib/python3.12/site-packages/airflow/example_dags/example_branch_python_dop_operator_3.py
[2026-05-16T13:03:51.197+0000] {logging_mixin.py:188} INFO - [2026-05-16T13:03:51.197+0000] {dag.py:3089} INFO - Sync 1 DAGs
[2026-05-16T13:03:51.296+0000] {logging_mixin.py:188} INFO - [2026-05-16T13:03:51.293+0000] {dag.py:3947} INFO - Setting next_dagrun for example_branch_dop_operator_v3 to 2026-05-16 13:02:00+00:00, run_after=2026-05-16 13:03:00+00:00
[2026-05-16T13:03:51.360+0000] {processor.py:183} INFO - Processing /home/airflow/.local/lib/python3.12/site-packages/airflow/example_dags/example_branch_python_dop_operator_3.py took 0.306 seconds
[2026-05-16T13:04:22.342+0000] {processor.py:161} INFO - Started process (PID=16446) to work on /home/airflow/.local/lib/python3.12/site-packages/airflow/example_dags/example_branch_python_dop_operator_3.py
[2026-05-16T13:04:22.343+0000] {processor.py:830} INFO - Processing file /home/airflow/.local/lib/python3.12/site-packages/airflow/example_dags/example_branch_python_dop_operator_3.py for tasks to queue
[2026-05-16T13:04:22.343+0000] {logging_mixin.py:188} INFO - [2026-05-16T13:04:22.343+0000] {dagbag.py:545} INFO - Filling up the DagBag from /home/airflow/.local/lib/python3.12/site-packages/airflow/example_dags/example_branch_python_dop_operator_3.py
[2026-05-16T13:04:22.349+0000] {processor.py:840} INFO - DAG(s) 'example_branch_dop_operator_v3' retrieved from /home/airflow/.local/lib/python3.12/site-packages/airflow/example_dags/example_branch_python_dop_operator_3.py
[2026-05-16T13:04:22.361+0000] {logging_mixin.py:188} INFO - [2026-05-16T13:04:22.361+0000] {dag.py:3089} INFO - Sync 1 DAGs
[2026-05-16T13:04:22.372+0000] {logging_mixin.py:188} INFO - [2026-05-16T13:04:22.372+0000] {dag.py:3947} INFO - Setting next_dagrun for example_branch_dop_operator_v3 to 2026-05-16 13:03:00+00:00, run_after=2026-05-16 13:04:00+00:00
[2026-05-16T13:04:22.378+0000] {processor.py:183} INFO - Processing /home/airflow/.local/lib/python3.12/site-packages/airflow/example_dags/example_branch_python_dop_operator_3.py took 0.042 seconds
[2026-05-16T13:04:52.981+0000] {processor.py:161} INFO - Started process (PID=16508) to work on /home/airflow/.local/lib/python3.12/site-packages/airflow/example_dags/example_branch_python_dop_operator_3.py
[2026-05-16T13:04:52.982+0000] {processor.py:830} INFO - Processing file /home/airflow/.local/lib/python3.12/site-packages/airflow/example_dags/example_branch_python_dop_operator_3.py for tasks to queue
[2026-05-16T13:04:52.984+0000] {logging_mixin.py:188} INFO - [2026-05-16T13:04:52.983+0000] {dagbag.py:545} INFO - Filling up the DagBag from /home/airflow/.local/lib/python3.12/site-packages/airflow/example_dags/example_branch_python_dop_operator_3.py
[2026-05-16T13:04:52.994+0000] {processor.py:840} INFO - DAG(s) 'example_branch_dop_operator_v3' retrieved from /home/airflow/.local/lib/python3.12/site-packages/airflow/example_dags/example_branch_python_dop_operator_3.py
[2026-05-16T13:04:53.008+0000] {logging_mixin.py:188} INFO - [2026-05-16T13:04:53.008+0000] {dag.py:3089} INFO - Sync 1 DAGs
[2026-05-16T13:04:53.020+0000] {logging_mixin.py:188} INFO - [2026-05-16T13:04:53.020+0000] {dag.py:3947} INFO - Setting next_dagrun for example_branch_dop_operator_v3 to 2026-05-16 13:03:00+00:00, run_after=2026-05-16 13:04:00+00:00
[2026-05-16T13:04:53.026+0000] {processor.py:183} INFO - Processing /home/airflow/.local/lib/python3.12/site-packages/airflow/example_dags/example_branch_python_dop_operator_3.py took 0.054 seconds
[2026-05-16T13:06:33.723+0000] {processor.py:161} INFO - Started process (PID=16601) to work on /home/airflow/.local/lib/python3.12/site-packages/airflow/example_dags/example_branch_python_dop_operator_3.py
[2026-05-16T13:06:33.724+0000] {processor.py:830} INFO - Processing file /home/airflow/.local/lib/python3.12/site-packages/airflow/example_dags/example_branch_python_dop_operator_3.py for tasks to queue
[2026-05-16T13:06:33.724+0000] {logging_mixin.py:188} INFO - [2026-05-16T13:06:33.724+0000] {dagbag.py:545} INFO - Filling up the DagBag from /home/airflow/.local/lib/python3.12/site-packages/airflow/example_dags/example_branch_python_dop_operator_3.py
[2026-05-16T13:06:33.729+0000] {processor.py:840} INFO - DAG(s) 'example_branch_dop_operator_v3' retrieved from /home/airflow/.local/lib/python3.12/site-packages/airflow/example_dags/example_branch_python_dop_operator_3.py
[2026-05-16T13:06:33.738+0000] {logging_mixin.py:188} INFO - [2026-05-16T13:06:33.737+0000] {dag.py:3089} INFO - Sync 1 DAGs
[2026-05-16T13:06:33.747+0000] {logging_mixin.py:188} INFO - [2026-05-16T13:06:33.747+0000] {dag.py:3947} INFO - Setting next_dagrun for example_branch_dop_operator_v3 to 2026-05-16 13:05:00+00:00, run_after=2026-05-16 13:06:00+00:00
[2026-05-16T13:06:33.752+0000] {processor.py:183} INFO - Processing /home/airflow/.local/lib/python3.12/site-packages/airflow/example_dags/example_branch_python_dop_operator_3.py took 0.031 seconds
[2026-05-16T13:07:04.200+0000] {processor.py:161} INFO - Started process (PID=16663) to work on /home/airflow/.local/lib/python3.12/site-packages/airflow/example_dags/example_branch_python_dop_operator_3.py
[2026-05-16T13:07:04.200+0000] {processor.py:830} INFO - Processing file /home/airflow/.local/lib/python3.12/site-packages/airflow/example_dags/example_branch_python_dop_operator_3.py for tasks to queue
[2026-05-16T13:07:04.200+0000] {logging_mixin.py:188} INFO - [2026-05-16T13:07:04.200+0000] {dagbag.py:545} INFO - Filling up the DagBag from /home/airflow/.local/lib/python3.12/site-packages/airflow/example_dags/example_branch_python_dop_operator_3.py
[2026-05-16T13:07:04.203+0000] {processor.py:840} INFO - DAG(s) 'example_branch_dop_operator_v3' retrieved from /home/airflow/.local/lib/python3.12/site-packages/airflow/example_dags/example_branch_python_dop_operator_3.py
[2026-05-16T13:07:04.211+0000] {logging_mixin.py:188} INFO - [2026-05-16T13:07:04.211+0000] {dag.py:3089} INFO - Sync 1 DAGs
[2026-05-16T13:07:04.218+0000] {logging_mixin.py:188} INFO - [2026-05-16T13:07:04.218+0000] {dag.py:3947} INFO - Setting next_dagrun for example_branch_dop_operator_v3 to 2026-05-16 13:06:00+00:00, run_after=2026-05-16 13:07:00+00:00
[2026-05-16T13:07:04.223+0000] {processor.py:183} INFO - Processing /home/airflow/.local/lib/python3.12/site-packages/airflow/example_dags/example_branch_python_dop_operator_3.py took 0.026 seconds
[2026-05-16T13:07:34.655+0000] {processor.py:161} INFO - Started process (PID=16725) to work on /home/airflow/.local/lib/python3.12/site-packages/airflow/example_dags/example_branch_python_dop_operator_3.py
[2026-05-16T13:07:34.656+0000] {processor.py:830} INFO - Processing file /home/airflow/.local/lib/python3.12/site-packages/airflow/example_dags/example_branch_python_dop_operator_3.py for tasks to queue
[2026-05-16T13:07:34.656+0000] {logging_mixin.py:188} INFO - [2026-05-16T13:07:34.656+0000] {dagbag.py:545} INFO - Filling up the DagBag from /home/airflow/.local/lib/python3.12/site-packages/airflow/example_dags/example_branch_python_dop_operator_3.py
[2026-05-16T13:07:34.660+0000] {processor.py:840} INFO - DAG(s) 'example_branch_dop_operator_v3' retrieved from /home/airflow/.local/lib/python3.12/site-packages/airflow/example_dags/example_branch_python_dop_operator_3.py
[2026-05-16T13:07:34.668+0000] {logging_mixin.py:188} INFO - [2026-05-16T13:07:34.668+0000] {dag.py:3089} INFO - Sync 1 DAGs
[2026-05-16T13:07:34.676+0000] {logging_mixin.py:188} INFO - [2026-05-16T13:07:34.676+0000] {dag.py:3947} INFO - Setting next_dagrun for example_branch_dop_operator_v3 to 2026-05-16 13:06:00+00:00, run_after=2026-05-16 13:07:00+00:00
[2026-05-16T13:07:34.682+0000] {processor.py:183} INFO - Processing /home/airflow/.local/lib/python3.12/site-packages/airflow/example_dags/example_branch_python_dop_operator_3.py took 0.030 seconds
[2026-05-16T13:08:05.068+0000] {processor.py:161} INFO - Started process (PID=16787) to work on /home/airflow/.local/lib/python3.12/site-packages/airflow/example_dags/example_branch_python_dop_operator_3.py
[2026-05-16T13:08:05.068+0000] {processor.py:830} INFO - Processing file /home/airflow/.local/lib/python3.12/site-packages/airflow/example_dags/example_branch_python_dop_operator_3.py for tasks to queue
[2026-05-16T13:08:05.068+0000] {logging_mixin.py:188} INFO - [2026-05-16T13:08:05.068+0000] {dagbag.py:545} INFO - Filling up the DagBag from /home/airflow/.local/lib/python3.12/site-packages/airflow/example_dags/example_branch_python_dop_operator_3.py
[2026-05-16T13:08:05.072+0000] {processor.py:840} INFO - DAG(s) 'example_branch_dop_operator_v3' retrieved from /home/airflow/.local/lib/python3.12/site-packages/airflow/example_dags/example_branch_python_dop_operator_3.py
[2026-05-16T13:08:05.080+0000] {logging_mixin.py:188} INFO - [2026-05-16T13:08:05.080+0000] {dag.py:3089} INFO - Sync 1 DAGs
[2026-05-16T13:08:05.088+0000] {logging_mixin.py:188} INFO - [2026-05-16T13:08:05.088+0000] {dag.py:3947} INFO - Setting next_dagrun for example_branch_dop_operator_v3 to 2026-05-16 13:07:00+00:00, run_after=2026-05-16 13:08:00+00:00
[2026-05-16T13:08:05.094+0000] {processor.py:183} INFO - Processing /home/airflow/.local/lib/python3.12/site-packages/airflow/example_dags/example_branch_python_dop_operator_3.py took 0.028 seconds
[2026-05-16T13:08:35.490+0000] {processor.py:161} INFO - Started process (PID=16849) to work on /home/airflow/.local/lib/python3.12/site-packages/airflow/example_dags/example_branch_python_dop_operator_3.py
[2026-05-16T13:08:35.491+0000] {processor.py:830} INFO - Processing file /home/airflow/.local/lib/python3.12/site-packages/airflow/example_dags/example_branch_python_dop_operator_3.py for tasks to queue
[2026-05-16T13:08:35.491+0000] {logging_mixin.py:188} INFO - [2026-05-16T13:08:35.491+0000] {dagbag.py:545} INFO - Filling up the DagBag from /home/airflow/.local/lib/python3.12/site-packages/airflow/example_dags/example_branch_python_dop_operator_3.py
[2026-05-16T13:08:35.495+0000] {processor.py:840} INFO - DAG(s) 'example_branch_dop_operator_v3' retrieved from /home/airflow/.local/lib/python3.12/site-packages/airflow/example_dags/example_branch_python_dop_operator_3.py
[2026-05-16T13:08:35.505+0000] {logging_mixin.py:188} INFO - [2026-05-16T13:08:35.504+0000] {dag.py:3089} INFO - Sync 1 DAGs
[2026-05-16T13:08:35.514+0000] {logging_mixin.py:188} INFO - [2026-05-16T13:08:35.514+0000] {dag.py:3947} INFO - Setting next_dagrun for example_branch_dop_operator_v3 to 2026-05-16 13:07:00+00:00, run_after=2026-05-16 13:08:00+00:00
[2026-05-16T13:08:35.521+0000] {processor.py:183} INFO - Processing /home/airflow/.local/lib/python3.12/site-packages/airflow/example_dags/example_branch_python_dop_operator_3.py took 0.033 seconds
[2026-05-16T13:09:06.051+0000] {processor.py:161} INFO - Started process (PID=16911) to work on /home/airflow/.local/lib/python3.12/site-packages/airflow/example_dags/example_branch_python_dop_operator_3.py
[2026-05-16T13:09:06.051+0000] {processor.py:830} INFO - Processing file /home/airflow/.local/lib/python3.12/site-packages/airflow/example_dags/example_branch_python_dop_operator_3.py for tasks to queue
[2026-05-16T13:09:06.052+0000] {logging_mixin.py:188} INFO - [2026-05-16T13:09:06.051+0000] {dagbag.py:545} INFO - Filling up the DagBag from /home/airflow/.local/lib/python3.12/site-packages/airflow/example_dags/example_branch_python_dop_operator_3.py
[2026-05-16T13:09:06.055+0000] {processor.py:840} INFO - DAG(s) 'example_branch_dop_operator_v3' retrieved from /home/airflow/.local/lib/python3.12/site-packages/airflow/example_dags/example_branch_python_dop_operator_3.py
[2026-05-16T13:09:06.064+0000] {logging_mixin.py:188} INFO - [2026-05-16T13:09:06.064+0000] {dag.py:3089} INFO - Sync 1 DAGs
[2026-05-16T13:09:06.076+0000] {logging_mixin.py:188} INFO - [2026-05-16T13:09:06.076+0000] {dag.py:3947} INFO - Setting next_dagrun for example_branch_dop_operator_v3 to 2026-05-16 13:08:00+00:00, run_after=2026-05-16 13:09:00+00:00
[2026-05-16T13:09:06.081+0000] {processor.py:183} INFO - Processing /home/airflow/.local/lib/python3.12/site-packages/airflow/example_dags/example_branch_python_dop_operator_3.py took 0.033 seconds
[2026-05-16T13:09:36.514+0000] {processor.py:161} INFO - Started process (PID=16973) to work on /home/airflow/.local/lib/python3.12/site-packages/airflow/example_dags/example_branch_python_dop_operator_3.py
[2026-05-16T13:09:36.514+0000] {processor.py:830} INFO - Processing file /home/airflow/.local/lib/python3.12/site-packages/airflow/example_dags/example_branch_python_dop_operator_3.py for tasks to queue
[2026-05-16T13:09:36.514+0000] {logging_mixin.py:188} INFO - [2026-05-16T13:09:36.514+0000] {dagbag.py:545} INFO - Filling up the DagBag from /home/airflow/.local/lib/python3.12/site-packages/airflow/example_dags/example_branch_python_dop_operator_3.py
[2026-05-16T13:09:36.517+0000] {processor.py:840} INFO - DAG(s) 'example_branch_dop_operator_v3' retrieved from /home/airflow/.local/lib/python3.12/site-packages/airflow/example_dags/example_branch_python_dop_operator_3.py
[2026-05-16T13:09:36.525+0000] {logging_mixin.py:188} INFO - [2026-05-16T13:09:36.525+0000] {dag.py:3089} INFO - Sync 1 DAGs
[2026-05-16T13:09:36.532+0000] {logging_mixin.py:188} INFO - [2026-05-16T13:09:36.532+0000] {dag.py:3947} INFO - Setting next_dagrun for example_branch_dop_operator_v3 to 2026-05-16 13:08:00+00:00, run_after=2026-05-16 13:09:00+00:00
[2026-05-16T13:09:36.538+0000] {processor.py:183} INFO - Processing /home/airflow/.local/lib/python3.12/site-packages/airflow/example_dags/example_branch_python_dop_operator_3.py took 0.026 seconds
[2026-05-16T13:10:07.006+0000] {processor.py:161} INFO - Started process (PID=17035) to work on /home/airflow/.local/lib/python3.12/site-packages/airflow/example_dags/example_branch_python_dop_operator_3.py
[2026-05-16T13:10:07.007+0000] {processor.py:830} INFO - Processing file /home/airflow/.local/lib/python3.12/site-packages/airflow/example_dags/example_branch_python_dop_operator_3.py for tasks to queue
[2026-05-16T13:10:07.007+0000] {logging_mixin.py:188} INFO - [2026-05-16T13:10:07.007+0000] {dagbag.py:545} INFO - Filling up the DagBag from /home/airflow/.local/lib/python3.12/site-packages/airflow/example_dags/example_branch_python_dop_operator_3.py
[2026-05-16T13:10:07.010+0000] {processor.py:840} INFO - DAG(s) 'example_branch_dop_operator_v3' retrieved from /home/airflow/.local/lib/python3.12/site-packages/airflow/example_dags/example_branch_python_dop_operator_3.py
[2026-05-16T13:10:07.019+0000] {logging_mixin.py:188} INFO - [2026-05-16T13:10:07.018+0000] {dag.py:3089} INFO - Sync 1 DAGs
[2026-05-16T13:10:07.026+0000] {logging_mixin.py:188} INFO - [2026-05-16T13:10:07.026+0000] {dag.py:3947} INFO - Setting next_dagrun for example_branch_dop_operator_v3 to 2026-05-16 13:09:00+00:00, run_after=2026-05-16 13:10:00+00:00
[2026-05-16T13:10:07.031+0000] {processor.py:183} INFO - Processing /home/airflow/.local/lib/python3.12/site-packages/airflow/example_dags/example_branch_python_dop_operator_3.py took 0.027 seconds
[2026-05-16T13:10:37.602+0000] {processor.py:161} INFO - Started process (PID=17097) to work on /home/airflow/.local/lib/python3.12/site-packages/airflow/example_dags/example_branch_python_dop_operator_3.py
[2026-05-16T13:10:37.603+0000] {processor.py:830} INFO - Processing file /home/airflow/.local/lib/python3.12/site-packages/airflow/example_dags/example_branch_python_dop_operator_3.py for tasks to queue
[2026-05-16T13:10:37.603+0000] {logging_mixin.py:188} INFO - [2026-05-16T13:10:37.603+0000] {dagbag.py:545} INFO - Filling up the DagBag from /home/airflow/.local/lib/python3.12/site-packages/airflow/example_dags/example_branch_python_dop_operator_3.py
[2026-05-16T13:10:37.606+0000] {processor.py:840} INFO - DAG(s) 'example_branch_dop_operator_v3' retrieved from /home/airflow/.local/lib/python3.12/site-packages/airflow/example_dags/example_branch_python_dop_operator_3.py
[2026-05-16T13:10:37.614+0000] {logging_mixin.py:188} INFO - [2026-05-16T13:10:37.614+0000] {dag.py:3089} INFO - Sync 1 DAGs
[2026-05-16T13:10:37.623+0000] {logging_mixin.py:188} INFO - [2026-05-16T13:10:37.623+0000] {dag.py:3947} INFO - Setting next_dagrun for example_branch_dop_operator_v3 to 2026-05-16 13:09:00+00:00, run_after=2026-05-16 13:10:00+00:00
[2026-05-16T13:10:37.632+0000] {processor.py:183} INFO - Processing /home/airflow/.local/lib/python3.12/site-packages/airflow/example_dags/example_branch_python_dop_operator_3.py took 0.032 seconds
[2026-05-16T13:11:08.033+0000] {processor.py:161} INFO - Started process (PID=17160) to work on /home/airflow/.local/lib/python3.12/site-packages/airflow/example_dags/example_branch_python_dop_operator_3.py
[2026-05-16T13:11:08.034+0000] {processor.py:830} INFO - Processing file /home/airflow/.local/lib/python3.12/site-packages/airflow/example_dags/example_branch_python_dop_operator_3.py for tasks to queue
[2026-05-16T13:11:08.036+0000] {logging_mixin.py:188} INFO - [2026-05-16T13:11:08.036+0000] {dagbag.py:545} INFO - Filling up the DagBag from /home/airflow/.local/lib/python3.12/site-packages/airflow/example_dags/example_branch_python_dop_operator_3.py
[2026-05-16T13:11:08.040+0000] {processor.py:840} INFO - DAG(s) 'example_branch_dop_operator_v3' retrieved from /home/airflow/.local/lib/python3.12/site-packages/airflow/example_dags/example_branch_python_dop_operator_3.py
[2026-05-16T13:11:08.048+0000] {logging_mixin.py:188} INFO - [2026-05-16T13:11:08.047+0000] {dag.py:3089} INFO - Sync 1 DAGs
[2026-05-16T13:11:08.055+0000] {logging_mixin.py:188} INFO - [2026-05-16T13:11:08.055+0000] {dag.py:3947} INFO - Setting next_dagrun for example_branch_dop_operator_v3 to 2026-05-16 13:10:00+00:00, run_after=2026-05-16 13:11:00+00:00
[2026-05-16T13:11:08.062+0000] {processor.py:183} INFO - Processing /home/airflow/.local/lib/python3.12/site-packages/airflow/example_dags/example_branch_python_dop_operator_3.py took 0.032 seconds
[2026-05-16T13:11:38.517+0000] {processor.py:161} INFO - Started process (PID=17222) to work on /home/airflow/.local/lib/python3.12/site-packages/airflow/example_dags/example_branch_python_dop_operator_3.py
[2026-05-16T13:11:38.518+0000] {processor.py:830} INFO - Processing file /home/airflow/.local/lib/python3.12/site-packages/airflow/example_dags/example_branch_python_dop_operator_3.py for tasks to queue
[2026-05-16T13:11:38.518+0000] {logging_mixin.py:188} INFO - [2026-05-16T13:11:38.518+0000] {dagbag.py:545} INFO - Filling up the DagBag from /home/airflow/.local/lib/python3.12/site-packages/airflow/example_dags/example_branch_python_dop_operator_3.py
[2026-05-16T13:11:38.521+0000] {processor.py:840} INFO - DAG(s) 'example_branch_dop_operator_v3' retrieved from /home/airflow/.local/lib/python3.12/site-packages/airflow/example_dags/example_branch_python_dop_operator_3.py
[2026-05-16T13:11:38.529+0000] {logging_mixin.py:188} INFO - [2026-05-16T13:11:38.529+0000] {dag.py:3089} INFO - Sync 1 DAGs
[2026-05-16T13:11:38.537+0000] {logging_mixin.py:188} INFO - [2026-05-16T13:11:38.537+0000] {dag.py:3947} INFO - Setting next_dagrun for example_branch_dop_operator_v3 to 2026-05-16 13:10:00+00:00, run_after=2026-05-16 13:11:00+00:00
[2026-05-16T13:11:38.542+0000] {processor.py:183} INFO - Processing /home/airflow/.local/lib/python3.12/site-packages/airflow/example_dags/example_branch_python_dop_operator_3.py took 0.027 seconds
[2026-05-16T13:12:08.895+0000] {processor.py:161} INFO - Started process (PID=17284) to work on /home/airflow/.local/lib/python3.12/site-packages/airflow/example_dags/example_branch_python_dop_operator_3.py
[2026-05-16T13:12:08.895+0000] {processor.py:830} INFO - Processing file /home/airflow/.local/lib/python3.12/site-packages/airflow/example_dags/example_branch_python_dop_operator_3.py for tasks to queue
[2026-05-16T13:12:08.895+0000] {logging_mixin.py:188} INFO - [2026-05-16T13:12:08.895+0000] {dagbag.py:545} INFO - Filling up the DagBag from /home/airflow/.local/lib/python3.12/site-packages/airflow/example_dags/example_branch_python_dop_operator_3.py
[2026-05-16T13:12:08.899+0000] {processor.py:840} INFO - DAG(s) 'example_branch_dop_operator_v3' retrieved from /home/airflow/.local/lib/python3.12/site-packages/airflow/example_dags/example_branch_python_dop_operator_3.py
[2026-05-16T13:12:08.906+0000] {logging_mixin.py:188} INFO - [2026-05-16T13:12:08.906+0000] {dag.py:3089} INFO - Sync 1 DAGs
[2026-05-16T13:12:08.914+0000] {logging_mixin.py:188} INFO - [2026-05-16T13:12:08.914+0000] {dag.py:3947} INFO - Setting next_dagrun for example_branch_dop_operator_v3 to 2026-05-16 13:11:00+00:00, run_after=2026-05-16 13:12:00+00:00
[2026-05-16T13:12:08.918+0000] {processor.py:183} INFO - Processing /home/airflow/.local/lib/python3.12/site-packages/airflow/example_dags/example_branch_python_dop_operator_3.py took 0.026 seconds
[2026-05-16T13:12:39.413+0000] {processor.py:161} INFO - Started process (PID=17346) to work on /home/airflow/.local/lib/python3.12/site-packages/airflow/example_dags/example_branch_python_dop_operator_3.py
[2026-05-16T13:12:39.413+0000] {processor.py:830} INFO - Processing file /home/airflow/.local/lib/python3.12/site-packages/airflow/example_dags/example_branch_python_dop_operator_3.py for tasks to queue
[2026-05-16T13:12:39.413+0000] {logging_mixin.py:188} INFO - [2026-05-16T13:12:39.413+0000] {dagbag.py:545} INFO - Filling up the DagBag from /home/airflow/.local/lib/python3.12/site-packages/airflow/example_dags/example_branch_python_dop_operator_3.py
[2026-05-16T13:12:39.419+0000] {processor.py:840} INFO - DAG(s) 'example_branch_dop_operator_v3' retrieved from /home/airflow/.local/lib/python3.12/site-packages/airflow/example_dags/example_branch_python_dop_operator_3.py
[2026-05-16T13:12:39.426+0000] {logging_mixin.py:188} INFO - [2026-05-16T13:12:39.426+0000] {dag.py:3089} INFO - Sync 1 DAGs
[2026-05-16T13:12:39.433+0000] {logging_mixin.py:188} INFO - [2026-05-16T13:12:39.433+0000] {dag.py:3947} INFO - Setting next_dagrun for example_branch_dop_operator_v3 to 2026-05-16 13:11:00+00:00, run_after=2026-05-16 13:12:00+00:00
[2026-05-16T13:12:39.438+0000] {processor.py:183} INFO - Processing /home/airflow/.local/lib/python3.12/site-packages/airflow/example_dags/example_branch_python_dop_operator_3.py took 0.028 seconds
[2026-05-16T13:13:10.178+0000] {processor.py:161} INFO - Started process (PID=17408) to work on /home/airflow/.local/lib/python3.12/site-packages/airflow/example_dags/example_branch_python_dop_operator_3.py
[2026-05-16T13:13:10.179+0000] {processor.py:830} INFO - Processing file /home/airflow/.local/lib/python3.12/site-packages/airflow/example_dags/example_branch_python_dop_operator_3.py for tasks to queue
[2026-05-16T13:13:10.179+0000] {logging_mixin.py:188} INFO - [2026-05-16T13:13:10.179+0000] {dagbag.py:545} INFO - Filling up the DagBag from /home/airflow/.local/lib/python3.12/site-packages/airflow/example_dags/example_branch_python_dop_operator_3.py
[2026-05-16T13:13:10.182+0000] {processor.py:840} INFO - DAG(s) 'example_branch_dop_operator_v3' retrieved from /home/airflow/.local/lib/python3.12/site-packages/airflow/example_dags/example_branch_python_dop_operator_3.py
[2026-05-16T13:13:10.190+0000] {logging_mixin.py:188} INFO - [2026-05-16T13:13:10.190+0000] {dag.py:3089} INFO - Sync 1 DAGs
[2026-05-16T13:13:10.198+0000] {logging_mixin.py:188} INFO - [2026-05-16T13:13:10.198+0000] {dag.py:3947} INFO - Setting next_dagrun for example_branch_dop_operator_v3 to 2026-05-16 13:12:00+00:00, run_after=2026-05-16 13:13:00+00:00
[2026-05-16T13:13:10.204+0000] {processor.py:183} INFO - Processing /home/airflow/.local/lib/python3.12/site-packages/airflow/example_dags/example_branch_python_dop_operator_3.py took 0.028 seconds
[2026-05-16T13:13:41.373+0000] {processor.py:161} INFO - Started process (PID=17470) to work on /home/airflow/.local/lib/python3.12/site-packages/airflow/example_dags/example_branch_python_dop_operator_3.py
[2026-05-16T13:13:41.374+0000] {processor.py:830} INFO - Processing file /home/airflow/.local/lib/python3.12/site-packages/airflow/example_dags/example_branch_python_dop_operator_3.py for tasks to queue
[2026-05-16T13:13:41.374+0000] {logging_mixin.py:188} INFO - [2026-05-16T13:13:41.374+0000] {dagbag.py:545} INFO - Filling up the DagBag from /home/airflow/.local/lib/python3.12/site-packages/airflow/example_dags/example_branch_python_dop_operator_3.py
[2026-05-16T13:13:41.378+0000] {processor.py:840} INFO - DAG(s) 'example_branch_dop_operator_v3' retrieved from /home/airflow/.local/lib/python3.12/site-packages/airflow/example_dags/example_branch_python_dop_operator_3.py
[2026-05-16T13:13:41.387+0000] {logging_mixin.py:188} INFO - [2026-05-16T13:13:41.387+0000] {dag.py:3089} INFO - Sync 1 DAGs
[2026-05-16T13:13:41.396+0000] {logging_mixin.py:188} INFO - [2026-05-16T13:13:41.396+0000] {dag.py:3947} INFO - Setting next_dagrun for example_branch_dop_operator_v3 to 2026-05-16 13:12:00+00:00, run_after=2026-05-16 13:13:00+00:00
[2026-05-16T13:13:41.403+0000] {processor.py:183} INFO - Processing /home/airflow/.local/lib/python3.12/site-packages/airflow/example_dags/example_branch_python_dop_operator_3.py took 0.033 seconds
[2026-05-16T13:14:11.857+0000] {processor.py:161} INFO - Started process (PID=17532) to work on /home/airflow/.local/lib/python3.12/site-packages/airflow/example_dags/example_branch_python_dop_operator_3.py
[2026-05-16T13:14:11.858+0000] {processor.py:830} INFO - Processing file /home/airflow/.local/lib/python3.12/site-packages/airflow/example_dags/example_branch_python_dop_operator_3.py for tasks to queue
[2026-05-16T13:14:11.858+0000] {logging_mixin.py:188} INFO - [2026-05-16T13:14:11.858+0000] {dagbag.py:545} INFO - Filling up the DagBag from /home/airflow/.local/lib/python3.12/site-packages/airflow/example_dags/example_branch_python_dop_operator_3.py
[2026-05-16T13:14:11.862+0000] {processor.py:840} INFO - DAG(s) 'example_branch_dop_operator_v3' retrieved from /home/airflow/.local/lib/python3.12/site-packages/airflow/example_dags/example_branch_python_dop_operator_3.py
[2026-05-16T13:14:11.869+0000] {logging_mixin.py:188} INFO - [2026-05-16T13:14:11.869+0000] {dag.py:3089} INFO - Sync 1 DAGs
[2026-05-16T13:14:11.877+0000] {logging_mixin.py:188} INFO - [2026-05-16T13:14:11.877+0000] {dag.py:3947} INFO - Setting next_dagrun for example_branch_dop_operator_v3 to 2026-05-16 13:13:00+00:00, run_after=2026-05-16 13:14:00+00:00
[2026-05-16T13:14:11.884+0000] {processor.py:183} INFO - Processing /home/airflow/.local/lib/python3.12/site-packages/airflow/example_dags/example_branch_python_dop_operator_3.py took 0.029 seconds
[2026-05-16T13:14:42.286+0000] {processor.py:161} INFO - Started process (PID=17594) to work on /home/airflow/.local/lib/python3.12/site-packages/airflow/example_dags/example_branch_python_dop_operator_3.py
[2026-05-16T13:14:42.286+0000] {processor.py:830} INFO - Processing file /home/airflow/.local/lib/python3.12/site-packages/airflow/example_dags/example_branch_python_dop_operator_3.py for tasks to queue
[2026-05-16T13:14:42.287+0000] {logging_mixin.py:188} INFO - [2026-05-16T13:14:42.286+0000] {dagbag.py:545} INFO - Filling up the DagBag from /home/airflow/.local/lib/python3.12/site-packages/airflow/example_dags/example_branch_python_dop_operator_3.py
[2026-05-16T13:14:42.290+0000] {processor.py:840} INFO - DAG(s) 'example_branch_dop_operator_v3' retrieved from /home/airflow/.local/lib/python3.12/site-packages/airflow/example_dags/example_branch_python_dop_operator_3.py
[2026-05-16T13:14:42.298+0000] {logging_mixin.py:188} INFO - [2026-05-16T13:14:42.298+0000] {dag.py:3089} INFO - Sync 1 DAGs
[2026-05-16T13:14:42.306+0000] {logging_mixin.py:188} INFO - [2026-05-16T13:14:42.306+0000] {dag.py:3947} INFO - Setting next_dagrun for example_branch_dop_operator_v3 to 2026-05-16 13:13:00+00:00, run_after=2026-05-16 13:14:00+00:00
[2026-05-16T13:14:42.312+0000] {processor.py:183} INFO - Processing /home/airflow/.local/lib/python3.12/site-packages/airflow/example_dags/example_branch_python_dop_operator_3.py took 0.029 seconds
[2026-05-16T13:15:12.810+0000] {processor.py:161} INFO - Started process (PID=17656) to work on /home/airflow/.local/lib/python3.12/site-packages/airflow/example_dags/example_branch_python_dop_operator_3.py
[2026-05-16T13:15:12.810+0000] {processor.py:830} INFO - Processing file /home/airflow/.local/lib/python3.12/site-packages/airflow/example_dags/example_branch_python_dop_operator_3.py for tasks to queue
[2026-05-16T13:15:12.810+0000] {logging_mixin.py:188} INFO - [2026-05-16T13:15:12.810+0000] {dagbag.py:545} INFO - Filling up the DagBag from /home/airflow/.local/lib/python3.12/site-packages/airflow/example_dags/example_branch_python_dop_operator_3.py
[2026-05-16T13:15:12.814+0000] {processor.py:840} INFO - DAG(s) 'example_branch_dop_operator_v3' retrieved from /home/airflow/.local/lib/python3.12/site-packages/airflow/example_dags/example_branch_python_dop_operator_3.py
[2026-05-16T13:15:12.820+0000] {logging_mixin.py:188} INFO - [2026-05-16T13:15:12.820+0000] {dag.py:3089} INFO - Sync 1 DAGs
[2026-05-16T13:15:12.828+0000] {logging_mixin.py:188} INFO - [2026-05-16T13:15:12.828+0000] {dag.py:3947} INFO - Setting next_dagrun for example_branch_dop_operator_v3 to 2026-05-16 13:14:00+00:00, run_after=2026-05-16 13:15:00+00:00
[2026-05-16T13:15:12.834+0000] {processor.py:183} INFO - Processing /home/airflow/.local/lib/python3.12/site-packages/airflow/example_dags/example_branch_python_dop_operator_3.py took 0.027 seconds
[2026-05-16T13:15:43.217+0000] {processor.py:161} INFO - Started process (PID=17718) to work on /home/airflow/.local/lib/python3.12/site-packages/airflow/example_dags/example_branch_python_dop_operator_3.py
[2026-05-16T13:15:43.218+0000] {processor.py:830} INFO - Processing file /home/airflow/.local/lib/python3.12/site-packages/airflow/example_dags/example_branch_python_dop_operator_3.py for tasks to queue
[2026-05-16T13:15:43.218+0000] {logging_mixin.py:188} INFO - [2026-05-16T13:15:43.218+0000] {dagbag.py:545} INFO - Filling up the DagBag from /home/airflow/.local/lib/python3.12/site-packages/airflow/example_dags/example_branch_python_dop_operator_3.py
[2026-05-16T13:15:43.221+0000] {processor.py:840} INFO - DAG(s) 'example_branch_dop_operator_v3' retrieved from /home/airflow/.local/lib/python3.12/site-packages/airflow/example_dags/example_branch_python_dop_operator_3.py
[2026-05-16T13:15:43.228+0000] {logging_mixin.py:188} INFO - [2026-05-16T13:15:43.228+0000] {dag.py:3089} INFO - Sync 1 DAGs
[2026-05-16T13:15:43.236+0000] {logging_mixin.py:188} INFO - [2026-05-16T13:15:43.236+0000] {dag.py:3947} INFO - Setting next_dagrun for example_branch_dop_operator_v3 to 2026-05-16 13:14:00+00:00, run_after=2026-05-16 13:15:00+00:00
[2026-05-16T13:15:43.241+0000] {processor.py:183} INFO - Processing /home/airflow/.local/lib/python3.12/site-packages/airflow/example_dags/example_branch_python_dop_operator_3.py took 0.026 seconds
[2026-05-16T13:16:13.659+0000] {processor.py:161} INFO - Started process (PID=17780) to work on /home/airflow/.local/lib/python3.12/site-packages/airflow/example_dags/example_branch_python_dop_operator_3.py
[2026-05-16T13:16:13.659+0000] {processor.py:830} INFO - Processing file /home/airflow/.local/lib/python3.12/site-packages/airflow/example_dags/example_branch_python_dop_operator_3.py for tasks to queue
[2026-05-16T13:16:13.659+0000] {logging_mixin.py:188} INFO - [2026-05-16T13:16:13.659+0000] {dagbag.py:545} INFO - Filling up the DagBag from /home/airflow/.local/lib/python3.12/site-packages/airflow/example_dags/example_branch_python_dop_operator_3.py
[2026-05-16T13:16:13.663+0000] {processor.py:840} INFO - DAG(s) 'example_branch_dop_operator_v3' retrieved from /home/airflow/.local/lib/python3.12/site-packages/airflow/example_dags/example_branch_python_dop_operator_3.py
[2026-05-16T13:16:13.671+0000] {logging_mixin.py:188} INFO - [2026-05-16T13:16:13.670+0000] {dag.py:3089} INFO - Sync 1 DAGs
[2026-05-16T13:16:13.678+0000] {logging_mixin.py:188} INFO - [2026-05-16T13:16:13.678+0000] {dag.py:3947} INFO - Setting next_dagrun for example_branch_dop_operator_v3 to 2026-05-16 13:15:00+00:00, run_after=2026-05-16 13:16:00+00:00
[2026-05-16T13:16:13.684+0000] {processor.py:183} INFO - Processing /home/airflow/.local/lib/python3.12/site-packages/airflow/example_dags/example_branch_python_dop_operator_3.py took 0.027 seconds
[2026-05-16T13:16:44.187+0000] {processor.py:161} INFO - Started process (PID=17842) to work on /home/airflow/.local/lib/python3.12/site-packages/airflow/example_dags/example_branch_python_dop_operator_3.py
[2026-05-16T13:16:44.188+0000] {processor.py:830} INFO - Processing file /home/airflow/.local/lib/python3.12/site-packages/airflow/example_dags/example_branch_python_dop_operator_3.py for tasks to queue
[2026-05-16T13:16:44.188+0000] {logging_mixin.py:188} INFO - [2026-05-16T13:16:44.188+0000] {dagbag.py:545} INFO - Filling up the DagBag from /home/airflow/.local/lib/python3.12/site-packages/airflow/example_dags/example_branch_python_dop_operator_3.py
[2026-05-16T13:16:44.192+0000] {processor.py:840} INFO - DAG(s) 'example_branch_dop_operator_v3' retrieved from /home/airflow/.local/lib/python3.12/site-packages/airflow/example_dags/example_branch_python_dop_operator_3.py
[2026-05-16T13:16:44.210+0000] {logging_mixin.py:188} INFO - [2026-05-16T13:16:44.210+0000] {dag.py:3089} INFO - Sync 1 DAGs
[2026-05-16T13:16:44.236+0000] {logging_mixin.py:188} INFO - [2026-05-16T13:16:44.236+0000] {dag.py:3947} INFO - Setting next_dagrun for example_branch_dop_operator_v3 to 2026-05-16 13:15:00+00:00, run_after=2026-05-16 13:16:00+00:00
[2026-05-16T13:16:44.247+0000] {processor.py:183} INFO - Processing /home/airflow/.local/lib/python3.12/site-packages/airflow/example_dags/example_branch_python_dop_operator_3.py took 0.065 seconds
[2026-05-16T13:17:14.740+0000] {processor.py:161} INFO - Started process (PID=17904) to work on /home/airflow/.local/lib/python3.12/site-packages/airflow/example_dags/example_branch_python_dop_operator_3.py
[2026-05-16T13:17:14.740+0000] {processor.py:830} INFO - Processing file /home/airflow/.local/lib/python3.12/site-packages/airflow/example_dags/example_branch_python_dop_operator_3.py for tasks to queue
[2026-05-16T13:17:14.741+0000] {logging_mixin.py:188} INFO - [2026-05-16T13:17:14.741+0000] {dagbag.py:545} INFO - Filling up the DagBag from /home/airflow/.local/lib/python3.12/site-packages/airflow/example_dags/example_branch_python_dop_operator_3.py
[2026-05-16T13:17:14.744+0000] {processor.py:840} INFO - DAG(s) 'example_branch_dop_operator_v3' retrieved from /home/airflow/.local/lib/python3.12/site-packages/airflow/example_dags/example_branch_python_dop_operator_3.py
[2026-05-16T13:17:14.751+0000] {logging_mixin.py:188} INFO - [2026-05-16T13:17:14.751+0000] {dag.py:3089} INFO - Sync 1 DAGs
[2026-05-16T13:17:14.760+0000] {logging_mixin.py:188} INFO - [2026-05-16T13:17:14.760+0000] {dag.py:3947} INFO - Setting next_dagrun for example_branch_dop_operator_v3 to 2026-05-16 13:16:00+00:00, run_after=2026-05-16 13:17:00+00:00
[2026-05-16T13:17:14.766+0000] {processor.py:183} INFO - Processing /home/airflow/.local/lib/python3.12/site-packages/airflow/example_dags/example_branch_python_dop_operator_3.py took 0.029 seconds
[2026-05-16T13:17:45.261+0000] {processor.py:161} INFO - Started process (PID=17966) to work on /home/airflow/.local/lib/python3.12/site-packages/airflow/example_dags/example_branch_python_dop_operator_3.py
[2026-05-16T13:17:45.261+0000] {processor.py:830} INFO - Processing file /home/airflow/.local/lib/python3.12/site-packages/airflow/example_dags/example_branch_python_dop_operator_3.py for tasks to queue
[2026-05-16T13:17:45.261+0000] {logging_mixin.py:188} INFO - [2026-05-16T13:17:45.261+0000] {dagbag.py:545} INFO - Filling up the DagBag from /home/airflow/.local/lib/python3.12/site-packages/airflow/example_dags/example_branch_python_dop_operator_3.py
[2026-05-16T13:17:45.265+0000] {processor.py:840} INFO - DAG(s) 'example_branch_dop_operator_v3' retrieved from /home/airflow/.local/lib/python3.12/site-packages/airflow/example_dags/example_branch_python_dop_operator_3.py
[2026-05-16T13:17:45.276+0000] {logging_mixin.py:188} INFO - [2026-05-16T13:17:45.276+0000] {dag.py:3089} INFO - Sync 1 DAGs
[2026-05-16T13:17:45.285+0000] {logging_mixin.py:188} INFO - [2026-05-16T13:17:45.285+0000] {dag.py:3947} INFO - Setting next_dagrun for example_branch_dop_operator_v3 to 2026-05-16 13:16:00+00:00, run_after=2026-05-16 13:17:00+00:00
[2026-05-16T13:17:45.290+0000] {processor.py:183} INFO - Processing /home/airflow/.local/lib/python3.12/site-packages/airflow/example_dags/example_branch_python_dop_operator_3.py took 0.032 seconds
[2026-05-16T13:18:15.755+0000] {processor.py:161} INFO - Started process (PID=18027) to work on /home/airflow/.local/lib/python3.12/site-packages/airflow/example_dags/example_branch_python_dop_operator_3.py
[2026-05-16T13:18:15.755+0000] {processor.py:830} INFO - Processing file /home/airflow/.local/lib/python3.12/site-packages/airflow/example_dags/example_branch_python_dop_operator_3.py for tasks to queue
[2026-05-16T13:18:15.756+0000] {logging_mixin.py:188} INFO - [2026-05-16T13:18:15.755+0000] {dagbag.py:545} INFO - Filling up the DagBag from /home/airflow/.local/lib/python3.12/site-packages/airflow/example_dags/example_branch_python_dop_operator_3.py
[2026-05-16T13:18:15.759+0000] {processor.py:840} INFO - DAG(s) 'example_branch_dop_operator_v3' retrieved from /home/airflow/.local/lib/python3.12/site-packages/airflow/example_dags/example_branch_python_dop_operator_3.py
[2026-05-16T13:18:15.766+0000] {logging_mixin.py:188} INFO - [2026-05-16T13:18:15.766+0000] {dag.py:3089} INFO - Sync 1 DAGs
[2026-05-16T13:18:15.774+0000] {logging_mixin.py:188} INFO - [2026-05-16T13:18:15.774+0000] {dag.py:3947} INFO - Setting next_dagrun for example_branch_dop_operator_v3 to 2026-05-16 13:17:00+00:00, run_after=2026-05-16 13:18:00+00:00
[2026-05-16T13:18:15.779+0000] {processor.py:183} INFO - Processing /home/airflow/.local/lib/python3.12/site-packages/airflow/example_dags/example_branch_python_dop_operator_3.py took 0.027 seconds
[2026-05-16T13:18:46.160+0000] {processor.py:161} INFO - Started process (PID=18089) to work on /home/airflow/.local/lib/python3.12/site-packages/airflow/example_dags/example_branch_python_dop_operator_3.py
[2026-05-16T13:18:46.160+0000] {processor.py:830} INFO - Processing file /home/airflow/.local/lib/python3.12/site-packages/airflow/example_dags/example_branch_python_dop_operator_3.py for tasks to queue
[2026-05-16T13:18:46.160+0000] {logging_mixin.py:188} INFO - [2026-05-16T13:18:46.160+0000] {dagbag.py:545} INFO - Filling up the DagBag from /home/airflow/.local/lib/python3.12/site-packages/airflow/example_dags/example_branch_python_dop_operator_3.py
[2026-05-16T13:18:46.163+0000] {processor.py:840} INFO - DAG(s) 'example_branch_dop_operator_v3' retrieved from /home/airflow/.local/lib/python3.12/site-packages/airflow/example_dags/example_branch_python_dop_operator_3.py
[2026-05-16T13:18:46.171+0000] {logging_mixin.py:188} INFO - [2026-05-16T13:18:46.171+0000] {dag.py:3089} INFO - Sync 1 DAGs
[2026-05-16T13:18:46.179+0000] {logging_mixin.py:188} INFO - [2026-05-16T13:18:46.179+0000] {dag.py:3947} INFO - Setting next_dagrun for example_branch_dop_operator_v3 to 2026-05-16 13:17:00+00:00, run_after=2026-05-16 13:18:00+00:00
[2026-05-16T13:18:46.184+0000] {processor.py:183} INFO - Processing /home/airflow/.local/lib/python3.12/site-packages/airflow/example_dags/example_branch_python_dop_operator_3.py took 0.027 seconds
[2026-05-16T13:19:16.543+0000] {processor.py:161} INFO - Started process (PID=18151) to work on /home/airflow/.local/lib/python3.12/site-packages/airflow/example_dags/example_branch_python_dop_operator_3.py
[2026-05-16T13:19:16.544+0000] {processor.py:830} INFO - Processing file /home/airflow/.local/lib/python3.12/site-packages/airflow/example_dags/example_branch_python_dop_operator_3.py for tasks to queue
[2026-05-16T13:19:16.544+0000] {logging_mixin.py:188} INFO - [2026-05-16T13:19:16.544+0000] {dagbag.py:545} INFO - Filling up the DagBag from /home/airflow/.local/lib/python3.12/site-packages/airflow/example_dags/example_branch_python_dop_operator_3.py
[2026-05-16T13:19:16.547+0000] {processor.py:840} INFO - DAG(s) 'example_branch_dop_operator_v3' retrieved from /home/airflow/.local/lib/python3.12/site-packages/airflow/example_dags/example_branch_python_dop_operator_3.py
[2026-05-16T13:19:16.556+0000] {logging_mixin.py:188} INFO - [2026-05-16T13:19:16.556+0000] {dag.py:3089} INFO - Sync 1 DAGs
[2026-05-16T13:19:16.564+0000] {logging_mixin.py:188} INFO - [2026-05-16T13:19:16.564+0000] {dag.py:3947} INFO - Setting next_dagrun for example_branch_dop_operator_v3 to 2026-05-16 13:18:00+00:00, run_after=2026-05-16 13:19:00+00:00
[2026-05-16T13:19:16.573+0000] {processor.py:183} INFO - Processing /home/airflow/.local/lib/python3.12/site-packages/airflow/example_dags/example_branch_python_dop_operator_3.py took 0.032 seconds
[2026-05-16T13:19:46.926+0000] {processor.py:161} INFO - Started process (PID=18213) to work on /home/airflow/.local/lib/python3.12/site-packages/airflow/example_dags/example_branch_python_dop_operator_3.py
[2026-05-16T13:19:46.927+0000] {processor.py:830} INFO - Processing file /home/airflow/.local/lib/python3.12/site-packages/airflow/example_dags/example_branch_python_dop_operator_3.py for tasks to queue
[2026-05-16T13:19:46.929+0000] {logging_mixin.py:188} INFO - [2026-05-16T13:19:46.928+0000] {dagbag.py:545} INFO - Filling up the DagBag from /home/airflow/.local/lib/python3.12/site-packages/airflow/example_dags/example_branch_python_dop_operator_3.py
[2026-05-16T13:19:46.933+0000] {processor.py:840} INFO - DAG(s) 'example_branch_dop_operator_v3' retrieved from /home/airflow/.local/lib/python3.12/site-packages/airflow/example_dags/example_branch_python_dop_operator_3.py
[2026-05-16T13:19:46.944+0000] {logging_mixin.py:188} INFO - [2026-05-16T13:19:46.944+0000] {dag.py:3089} INFO - Sync 1 DAGs
[2026-05-16T13:19:46.953+0000] {logging_mixin.py:188} INFO - [2026-05-16T13:19:46.953+0000] {dag.py:3947} INFO - Setting next_dagrun for example_branch_dop_operator_v3 to 2026-05-16 13:18:00+00:00, run_after=2026-05-16 13:19:00+00:00
[2026-05-16T13:19:46.959+0000] {processor.py:183} INFO - Processing /home/airflow/.local/lib/python3.12/site-packages/airflow/example_dags/example_branch_python_dop_operator_3.py took 0.036 seconds
[2026-05-16T13:20:17.415+0000] {processor.py:161} INFO - Started process (PID=18275) to work on /home/airflow/.local/lib/python3.12/site-packages/airflow/example_dags/example_branch_python_dop_operator_3.py
[2026-05-16T13:20:17.415+0000] {processor.py:830} INFO - Processing file /home/airflow/.local/lib/python3.12/site-packages/airflow/example_dags/example_branch_python_dop_operator_3.py for tasks to queue
[2026-05-16T13:20:17.416+0000] {logging_mixin.py:188} INFO - [2026-05-16T13:20:17.416+0000] {dagbag.py:545} INFO - Filling up the DagBag from /home/airflow/.local/lib/python3.12/site-packages/airflow/example_dags/example_branch_python_dop_operator_3.py
[2026-05-16T13:20:17.420+0000] {processor.py:840} INFO - DAG(s) 'example_branch_dop_operator_v3' retrieved from /home/airflow/.local/lib/python3.12/site-packages/airflow/example_dags/example_branch_python_dop_operator_3.py
[2026-05-16T13:20:17.429+0000] {logging_mixin.py:188} INFO - [2026-05-16T13:20:17.429+0000] {dag.py:3089} INFO - Sync 1 DAGs
[2026-05-16T13:20:17.436+0000] {logging_mixin.py:188} INFO - [2026-05-16T13:20:17.436+0000] {dag.py:3947} INFO - Setting next_dagrun for example_branch_dop_operator_v3 to 2026-05-16 13:19:00+00:00, run_after=2026-05-16 13:20:00+00:00
[2026-05-16T13:20:17.441+0000] {processor.py:183} INFO - Processing /home/airflow/.local/lib/python3.12/site-packages/airflow/example_dags/example_branch_python_dop_operator_3.py took 0.029 seconds
[2026-05-16T13:20:47.797+0000] {processor.py:161} INFO - Started process (PID=18337) to work on /home/airflow/.local/lib/python3.12/site-packages/airflow/example_dags/example_branch_python_dop_operator_3.py
[2026-05-16T13:20:47.797+0000] {processor.py:830} INFO - Processing file /home/airflow/.local/lib/python3.12/site-packages/airflow/example_dags/example_branch_python_dop_operator_3.py for tasks to queue
[2026-05-16T13:20:47.798+0000] {logging_mixin.py:188} INFO - [2026-05-16T13:20:47.797+0000] {dagbag.py:545} INFO - Filling up the DagBag from /home/airflow/.local/lib/python3.12/site-packages/airflow/example_dags/example_branch_python_dop_operator_3.py
[2026-05-16T13:20:47.801+0000] {processor.py:840} INFO - DAG(s) 'example_branch_dop_operator_v3' retrieved from /home/airflow/.local/lib/python3.12/site-packages/airflow/example_dags/example_branch_python_dop_operator_3.py
[2026-05-16T13:20:47.808+0000] {logging_mixin.py:188} INFO - [2026-05-16T13:20:47.808+0000] {dag.py:3089} INFO - Sync 1 DAGs
[2026-05-16T13:20:47.816+0000] {logging_mixin.py:188} INFO - [2026-05-16T13:20:47.816+0000] {dag.py:3947} INFO - Setting next_dagrun for example_branch_dop_operator_v3 to 2026-05-16 13:19:00+00:00, run_after=2026-05-16 13:20:00+00:00
[2026-05-16T13:20:47.821+0000] {processor.py:183} INFO - Processing /home/airflow/.local/lib/python3.12/site-packages/airflow/example_dags/example_branch_python_dop_operator_3.py took 0.027 seconds
[2026-05-16T13:21:18.219+0000] {processor.py:161} INFO - Started process (PID=18399) to work on /home/airflow/.local/lib/python3.12/site-packages/airflow/example_dags/example_branch_python_dop_operator_3.py
[2026-05-16T13:21:18.219+0000] {processor.py:830} INFO - Processing file /home/airflow/.local/lib/python3.12/site-packages/airflow/example_dags/example_branch_python_dop_operator_3.py for tasks to queue
[2026-05-16T13:21:18.219+0000] {logging_mixin.py:188} INFO - [2026-05-16T13:21:18.219+0000] {dagbag.py:545} INFO - Filling up the DagBag from /home/airflow/.local/lib/python3.12/site-packages/airflow/example_dags/example_branch_python_dop_operator_3.py
[2026-05-16T13:21:18.223+0000] {processor.py:840} INFO - DAG(s) 'example_branch_dop_operator_v3' retrieved from /home/airflow/.local/lib/python3.12/site-packages/airflow/example_dags/example_branch_python_dop_operator_3.py
[2026-05-16T13:21:18.230+0000] {logging_mixin.py:188} INFO - [2026-05-16T13:21:18.230+0000] {dag.py:3089} INFO - Sync 1 DAGs
[2026-05-16T13:21:18.237+0000] {logging_mixin.py:188} INFO - [2026-05-16T13:21:18.237+0000] {dag.py:3947} INFO - Setting next_dagrun for example_branch_dop_operator_v3 to 2026-05-16 13:20:00+00:00, run_after=2026-05-16 13:21:00+00:00
[2026-05-16T13:21:18.243+0000] {processor.py:183} INFO - Processing /home/airflow/.local/lib/python3.12/site-packages/airflow/example_dags/example_branch_python_dop_operator_3.py took 0.026 seconds
[2026-05-16T13:21:48.578+0000] {processor.py:161} INFO - Started process (PID=18462) to work on /home/airflow/.local/lib/python3.12/site-packages/airflow/example_dags/example_branch_python_dop_operator_3.py
[2026-05-16T13:21:48.578+0000] {processor.py:830} INFO - Processing file /home/airflow/.local/lib/python3.12/site-packages/airflow/example_dags/example_branch_python_dop_operator_3.py for tasks to queue
[2026-05-16T13:21:48.578+0000] {logging_mixin.py:188} INFO - [2026-05-16T13:21:48.578+0000] {dagbag.py:545} INFO - Filling up the DagBag from /home/airflow/.local/lib/python3.12/site-packages/airflow/example_dags/example_branch_python_dop_operator_3.py
[2026-05-16T13:21:48.582+0000] {processor.py:840} INFO - DAG(s) 'example_branch_dop_operator_v3' retrieved from /home/airflow/.local/lib/python3.12/site-packages/airflow/example_dags/example_branch_python_dop_operator_3.py
[2026-05-16T13:21:48.590+0000] {logging_mixin.py:188} INFO - [2026-05-16T13:21:48.589+0000] {dag.py:3089} INFO - Sync 1 DAGs
[2026-05-16T13:21:48.597+0000] {logging_mixin.py:188} INFO - [2026-05-16T13:21:48.597+0000] {dag.py:3947} INFO - Setting next_dagrun for example_branch_dop_operator_v3 to 2026-05-16 13:20:00+00:00, run_after=2026-05-16 13:21:00+00:00
[2026-05-16T13:21:48.603+0000] {processor.py:183} INFO - Processing /home/airflow/.local/lib/python3.12/site-packages/airflow/example_dags/example_branch_python_dop_operator_3.py took 0.028 seconds
[2026-05-16T13:22:19.006+0000] {processor.py:161} INFO - Started process (PID=18523) to work on /home/airflow/.local/lib/python3.12/site-packages/airflow/example_dags/example_branch_python_dop_operator_3.py
[2026-05-16T13:22:19.006+0000] {processor.py:830} INFO - Processing file /home/airflow/.local/lib/python3.12/site-packages/airflow/example_dags/example_branch_python_dop_operator_3.py for tasks to queue
[2026-05-16T13:22:19.007+0000] {logging_mixin.py:188} INFO - [2026-05-16T13:22:19.007+0000] {dagbag.py:545} INFO - Filling up the DagBag from /home/airflow/.local/lib/python3.12/site-packages/airflow/example_dags/example_branch_python_dop_operator_3.py
[2026-05-16T13:22:19.010+0000] {processor.py:840} INFO - DAG(s) 'example_branch_dop_operator_v3' retrieved from /home/airflow/.local/lib/python3.12/site-packages/airflow/example_dags/example_branch_python_dop_operator_3.py
[2026-05-16T13:22:19.018+0000] {logging_mixin.py:188} INFO - [2026-05-16T13:22:19.018+0000] {dag.py:3089} INFO - Sync 1 DAGs
[2026-05-16T13:22:19.029+0000] {logging_mixin.py:188} INFO - [2026-05-16T13:22:19.029+0000] {dag.py:3947} INFO - Setting next_dagrun for example_branch_dop_operator_v3 to 2026-05-16 13:21:00+00:00, run_after=2026-05-16 13:22:00+00:00
[2026-05-16T13:22:19.035+0000] {processor.py:183} INFO - Processing /home/airflow/.local/lib/python3.12/site-packages/airflow/example_dags/example_branch_python_dop_operator_3.py took 0.031 seconds
[2026-05-16T13:22:49.425+0000] {processor.py:161} INFO - Started process (PID=18585) to work on /home/airflow/.local/lib/python3.12/site-packages/airflow/example_dags/example_branch_python_dop_operator_3.py
[2026-05-16T13:22:49.425+0000] {processor.py:830} INFO - Processing file /home/airflow/.local/lib/python3.12/site-packages/airflow/example_dags/example_branch_python_dop_operator_3.py for tasks to queue
[2026-05-16T13:22:49.425+0000] {logging_mixin.py:188} INFO - [2026-05-16T13:22:49.425+0000] {dagbag.py:545} INFO - Filling up the DagBag from /home/airflow/.local/lib/python3.12/site-packages/airflow/example_dags/example_branch_python_dop_operator_3.py
[2026-05-16T13:22:49.429+0000] {processor.py:840} INFO - DAG(s) 'example_branch_dop_operator_v3' retrieved from /home/airflow/.local/lib/python3.12/site-packages/airflow/example_dags/example_branch_python_dop_operator_3.py
[2026-05-16T13:22:49.436+0000] {logging_mixin.py:188} INFO - [2026-05-16T13:22:49.436+0000] {dag.py:3089} INFO - Sync 1 DAGs
[2026-05-16T13:22:49.443+0000] {logging_mixin.py:188} INFO - [2026-05-16T13:22:49.443+0000] {dag.py:3947} INFO - Setting next_dagrun for example_branch_dop_operator_v3 to 2026-05-16 13:21:00+00:00, run_after=2026-05-16 13:22:00+00:00
[2026-05-16T13:22:49.449+0000] {processor.py:183} INFO - Processing /home/airflow/.local/lib/python3.12/site-packages/airflow/example_dags/example_branch_python_dop_operator_3.py took 0.027 seconds
[2026-05-16T13:23:19.853+0000] {processor.py:161} INFO - Started process (PID=18646) to work on /home/airflow/.local/lib/python3.12/site-packages/airflow/example_dags/example_branch_python_dop_operator_3.py
[2026-05-16T13:23:19.854+0000] {processor.py:830} INFO - Processing file /home/airflow/.local/lib/python3.12/site-packages/airflow/example_dags/example_branch_python_dop_operator_3.py for tasks to queue
[2026-05-16T13:23:19.854+0000] {logging_mixin.py:188} INFO - [2026-05-16T13:23:19.854+0000] {dagbag.py:545} INFO - Filling up the DagBag from /home/airflow/.local/lib/python3.12/site-packages/airflow/example_dags/example_branch_python_dop_operator_3.py
[2026-05-16T13:23:19.857+0000] {processor.py:840} INFO - DAG(s) 'example_branch_dop_operator_v3' retrieved from /home/airflow/.local/lib/python3.12/site-packages/airflow/example_dags/example_branch_python_dop_operator_3.py
[2026-05-16T13:23:19.867+0000] {logging_mixin.py:188} INFO - [2026-05-16T13:23:19.867+0000] {dag.py:3089} INFO - Sync 1 DAGs
[2026-05-16T13:23:19.874+0000] {logging_mixin.py:188} INFO - [2026-05-16T13:23:19.874+0000] {dag.py:3947} INFO - Setting next_dagrun for example_branch_dop_operator_v3 to 2026-05-16 13:22:00+00:00, run_after=2026-05-16 13:23:00+00:00
[2026-05-16T13:23:19.879+0000] {processor.py:183} INFO - Processing /home/airflow/.local/lib/python3.12/site-packages/airflow/example_dags/example_branch_python_dop_operator_3.py took 0.028 seconds
[2026-05-16T13:23:50.228+0000] {processor.py:161} INFO - Started process (PID=18708) to work on /home/airflow/.local/lib/python3.12/site-packages/airflow/example_dags/example_branch_python_dop_operator_3.py
[2026-05-16T13:23:50.228+0000] {processor.py:830} INFO - Processing file /home/airflow/.local/lib/python3.12/site-packages/airflow/example_dags/example_branch_python_dop_operator_3.py for tasks to queue
[2026-05-16T13:23:50.228+0000] {logging_mixin.py:188} INFO - [2026-05-16T13:23:50.228+0000] {dagbag.py:545} INFO - Filling up the DagBag from /home/airflow/.local/lib/python3.12/site-packages/airflow/example_dags/example_branch_python_dop_operator_3.py
[2026-05-16T13:23:50.232+0000] {processor.py:840} INFO - DAG(s) 'example_branch_dop_operator_v3' retrieved from /home/airflow/.local/lib/python3.12/site-packages/airflow/example_dags/example_branch_python_dop_operator_3.py
[2026-05-16T13:23:50.240+0000] {logging_mixin.py:188} INFO - [2026-05-16T13:23:50.240+0000] {dag.py:3089} INFO - Sync 1 DAGs
[2026-05-16T13:23:50.249+0000] {logging_mixin.py:188} INFO - [2026-05-16T13:23:50.249+0000] {dag.py:3947} INFO - Setting next_dagrun for example_branch_dop_operator_v3 to 2026-05-16 13:22:00+00:00, run_after=2026-05-16 13:23:00+00:00
[2026-05-16T13:23:50.256+0000] {processor.py:183} INFO - Processing /home/airflow/.local/lib/python3.12/site-packages/airflow/example_dags/example_branch_python_dop_operator_3.py took 0.031 seconds
[2026-05-16T13:24:20.741+0000] {processor.py:161} INFO - Started process (PID=18770) to work on /home/airflow/.local/lib/python3.12/site-packages/airflow/example_dags/example_branch_python_dop_operator_3.py
[2026-05-16T13:24:20.741+0000] {processor.py:830} INFO - Processing file /home/airflow/.local/lib/python3.12/site-packages/airflow/example_dags/example_branch_python_dop_operator_3.py for tasks to queue
[2026-05-16T13:24:20.742+0000] {logging_mixin.py:188} INFO - [2026-05-16T13:24:20.741+0000] {dagbag.py:545} INFO - Filling up the DagBag from /home/airflow/.local/lib/python3.12/site-packages/airflow/example_dags/example_branch_python_dop_operator_3.py
[2026-05-16T13:24:20.745+0000] {processor.py:840} INFO - DAG(s) 'example_branch_dop_operator_v3' retrieved from /home/airflow/.local/lib/python3.12/site-packages/airflow/example_dags/example_branch_python_dop_operator_3.py
[2026-05-16T13:24:20.752+0000] {logging_mixin.py:188} INFO - [2026-05-16T13:24:20.752+0000] {dag.py:3089} INFO - Sync 1 DAGs
[2026-05-16T13:24:20.759+0000] {logging_mixin.py:188} INFO - [2026-05-16T13:24:20.759+0000] {dag.py:3947} INFO - Setting next_dagrun for example_branch_dop_operator_v3 to 2026-05-16 13:23:00+00:00, run_after=2026-05-16 13:24:00+00:00
[2026-05-16T13:24:20.764+0000] {processor.py:183} INFO - Processing /home/airflow/.local/lib/python3.12/site-packages/airflow/example_dags/example_branch_python_dop_operator_3.py took 0.026 seconds
[2026-05-16T13:24:51.248+0000] {processor.py:161} INFO - Started process (PID=18832) to work on /home/airflow/.local/lib/python3.12/site-packages/airflow/example_dags/example_branch_python_dop_operator_3.py
[2026-05-16T13:24:51.249+0000] {processor.py:830} INFO - Processing file /home/airflow/.local/lib/python3.12/site-packages/airflow/example_dags/example_branch_python_dop_operator_3.py for tasks to queue
[2026-05-16T13:24:51.249+0000] {logging_mixin.py:188} INFO - [2026-05-16T13:24:51.249+0000] {dagbag.py:545} INFO - Filling up the DagBag from /home/airflow/.local/lib/python3.12/site-packages/airflow/example_dags/example_branch_python_dop_operator_3.py
[2026-05-16T13:24:51.252+0000] {processor.py:840} INFO - DAG(s) 'example_branch_dop_operator_v3' retrieved from /home/airflow/.local/lib/python3.12/site-packages/airflow/example_dags/example_branch_python_dop_operator_3.py
[2026-05-16T13:24:51.259+0000] {logging_mixin.py:188} INFO - [2026-05-16T13:24:51.259+0000] {dag.py:3089} INFO - Sync 1 DAGs
[2026-05-16T13:24:51.266+0000] {logging_mixin.py:188} INFO - [2026-05-16T13:24:51.266+0000] {dag.py:3947} INFO - Setting next_dagrun for example_branch_dop_operator_v3 to 2026-05-16 13:23:00+00:00, run_after=2026-05-16 13:24:00+00:00
[2026-05-16T13:24:51.272+0000] {processor.py:183} INFO - Processing /home/airflow/.local/lib/python3.12/site-packages/airflow/example_dags/example_branch_python_dop_operator_3.py took 0.026 seconds
[2026-05-16T13:25:21.667+0000] {processor.py:161} INFO - Started process (PID=18894) to work on /home/airflow/.local/lib/python3.12/site-packages/airflow/example_dags/example_branch_python_dop_operator_3.py
[2026-05-16T13:25:21.667+0000] {processor.py:830} INFO - Processing file /home/airflow/.local/lib/python3.12/site-packages/airflow/example_dags/example_branch_python_dop_operator_3.py for tasks to queue
[2026-05-16T13:25:21.668+0000] {logging_mixin.py:188} INFO - [2026-05-16T13:25:21.668+0000] {dagbag.py:545} INFO - Filling up the DagBag from /home/airflow/.local/lib/python3.12/site-packages/airflow/example_dags/example_branch_python_dop_operator_3.py
[2026-05-16T13:25:21.671+0000] {processor.py:840} INFO - DAG(s) 'example_branch_dop_operator_v3' retrieved from /home/airflow/.local/lib/python3.12/site-packages/airflow/example_dags/example_branch_python_dop_operator_3.py
[2026-05-16T13:25:21.678+0000] {logging_mixin.py:188} INFO - [2026-05-16T13:25:21.678+0000] {dag.py:3089} INFO - Sync 1 DAGs
[2026-05-16T13:25:21.685+0000] {logging_mixin.py:188} INFO - [2026-05-16T13:25:21.685+0000] {dag.py:3947} INFO - Setting next_dagrun for example_branch_dop_operator_v3 to 2026-05-16 13:24:00+00:00, run_after=2026-05-16 13:25:00+00:00
[2026-05-16T13:25:21.690+0000] {processor.py:183} INFO - Processing /home/airflow/.local/lib/python3.12/site-packages/airflow/example_dags/example_branch_python_dop_operator_3.py took 0.025 seconds
[2026-05-16T13:25:52.105+0000] {processor.py:161} INFO - Started process (PID=18956) to work on /home/airflow/.local/lib/python3.12/site-packages/airflow/example_dags/example_branch_python_dop_operator_3.py
[2026-05-16T13:25:52.105+0000] {processor.py:830} INFO - Processing file /home/airflow/.local/lib/python3.12/site-packages/airflow/example_dags/example_branch_python_dop_operator_3.py for tasks to queue
[2026-05-16T13:25:52.106+0000] {logging_mixin.py:188} INFO - [2026-05-16T13:25:52.106+0000] {dagbag.py:545} INFO - Filling up the DagBag from /home/airflow/.local/lib/python3.12/site-packages/airflow/example_dags/example_branch_python_dop_operator_3.py
[2026-05-16T13:25:52.109+0000] {processor.py:840} INFO - DAG(s) 'example_branch_dop_operator_v3' retrieved from /home/airflow/.local/lib/python3.12/site-packages/airflow/example_dags/example_branch_python_dop_operator_3.py
[2026-05-16T13:25:52.116+0000] {logging_mixin.py:188} INFO - [2026-05-16T13:25:52.116+0000] {dag.py:3089} INFO - Sync 1 DAGs
[2026-05-16T13:25:52.125+0000] {logging_mixin.py:188} INFO - [2026-05-16T13:25:52.125+0000] {dag.py:3947} INFO - Setting next_dagrun for example_branch_dop_operator_v3 to 2026-05-16 13:24:00+00:00, run_after=2026-05-16 13:25:00+00:00
[2026-05-16T13:25:52.130+0000] {processor.py:183} INFO - Processing /home/airflow/.local/lib/python3.12/site-packages/airflow/example_dags/example_branch_python_dop_operator_3.py took 0.027 seconds
[2026-05-16T13:26:22.793+0000] {processor.py:161} INFO - Started process (PID=19018) to work on /home/airflow/.local/lib/python3.12/site-packages/airflow/example_dags/example_branch_python_dop_operator_3.py
[2026-05-16T13:26:22.793+0000] {processor.py:830} INFO - Processing file /home/airflow/.local/lib/python3.12/site-packages/airflow/example_dags/example_branch_python_dop_operator_3.py for tasks to queue
[2026-05-16T13:26:22.794+0000] {logging_mixin.py:188} INFO - [2026-05-16T13:26:22.794+0000] {dagbag.py:545} INFO - Filling up the DagBag from /home/airflow/.local/lib/python3.12/site-packages/airflow/example_dags/example_branch_python_dop_operator_3.py
[2026-05-16T13:26:22.797+0000] {processor.py:840} INFO - DAG(s) 'example_branch_dop_operator_v3' retrieved from /home/airflow/.local/lib/python3.12/site-packages/airflow/example_dags/example_branch_python_dop_operator_3.py
[2026-05-16T13:26:22.805+0000] {logging_mixin.py:188} INFO - [2026-05-16T13:26:22.805+0000] {dag.py:3089} INFO - Sync 1 DAGs
[2026-05-16T13:26:22.812+0000] {logging_mixin.py:188} INFO - [2026-05-16T13:26:22.812+0000] {dag.py:3947} INFO - Setting next_dagrun for example_branch_dop_operator_v3 to 2026-05-16 13:25:00+00:00, run_after=2026-05-16 13:26:00+00:00
[2026-05-16T13:26:22.817+0000] {processor.py:183} INFO - Processing /home/airflow/.local/lib/python3.12/site-packages/airflow/example_dags/example_branch_python_dop_operator_3.py took 0.026 seconds
[2026-05-16T13:26:53.551+0000] {processor.py:161} INFO - Started process (PID=19080) to work on /home/airflow/.local/lib/python3.12/site-packages/airflow/example_dags/example_branch_python_dop_operator_3.py
[2026-05-16T13:26:53.551+0000] {processor.py:830} INFO - Processing file /home/airflow/.local/lib/python3.12/site-packages/airflow/example_dags/example_branch_python_dop_operator_3.py for tasks to queue
[2026-05-16T13:26:53.551+0000] {logging_mixin.py:188} INFO - [2026-05-16T13:26:53.551+0000] {dagbag.py:545} INFO - Filling up the DagBag from /home/airflow/.local/lib/python3.12/site-packages/airflow/example_dags/example_branch_python_dop_operator_3.py
[2026-05-16T13:26:53.560+0000] {processor.py:840} INFO - DAG(s) 'example_branch_dop_operator_v3' retrieved from /home/airflow/.local/lib/python3.12/site-packages/airflow/example_dags/example_branch_python_dop_operator_3.py
[2026-05-16T13:26:53.578+0000] {logging_mixin.py:188} INFO - [2026-05-16T13:26:53.578+0000] {dag.py:3089} INFO - Sync 1 DAGs
[2026-05-16T13:26:53.590+0000] {logging_mixin.py:188} INFO - [2026-05-16T13:26:53.590+0000] {dag.py:3947} INFO - Setting next_dagrun for example_branch_dop_operator_v3 to 2026-05-16 13:25:00+00:00, run_after=2026-05-16 13:26:00+00:00
[2026-05-16T13:26:53.596+0000] {processor.py:183} INFO - Processing /home/airflow/.local/lib/python3.12/site-packages/airflow/example_dags/example_branch_python_dop_operator_3.py took 0.049 seconds
[2026-05-16T13:27:24.170+0000] {processor.py:161} INFO - Started process (PID=19142) to work on /home/airflow/.local/lib/python3.12/site-packages/airflow/example_dags/example_branch_python_dop_operator_3.py
[2026-05-16T13:27:24.172+0000] {processor.py:830} INFO - Processing file /home/airflow/.local/lib/python3.12/site-packages/airflow/example_dags/example_branch_python_dop_operator_3.py for tasks to queue
[2026-05-16T13:27:24.172+0000] {logging_mixin.py:188} INFO - [2026-05-16T13:27:24.172+0000] {dagbag.py:545} INFO - Filling up the DagBag from /home/airflow/.local/lib/python3.12/site-packages/airflow/example_dags/example_branch_python_dop_operator_3.py
[2026-05-16T13:27:24.177+0000] {processor.py:840} INFO - DAG(s) 'example_branch_dop_operator_v3' retrieved from /home/airflow/.local/lib/python3.12/site-packages/airflow/example_dags/example_branch_python_dop_operator_3.py
[2026-05-16T13:27:24.194+0000] {logging_mixin.py:188} INFO - [2026-05-16T13:27:24.194+0000] {dag.py:3089} INFO - Sync 1 DAGs
[2026-05-16T13:27:24.208+0000] {logging_mixin.py:188} INFO - [2026-05-16T13:27:24.208+0000] {dag.py:3947} INFO - Setting next_dagrun for example_branch_dop_operator_v3 to 2026-05-16 13:26:00+00:00, run_after=2026-05-16 13:27:00+00:00
[2026-05-16T13:27:24.220+0000] {processor.py:183} INFO - Processing /home/airflow/.local/lib/python3.12/site-packages/airflow/example_dags/example_branch_python_dop_operator_3.py took 0.054 seconds
[2026-05-16T13:27:54.661+0000] {processor.py:161} INFO - Started process (PID=19211) to work on /home/airflow/.local/lib/python3.12/site-packages/airflow/example_dags/example_branch_python_dop_operator_3.py
[2026-05-16T13:27:54.661+0000] {processor.py:830} INFO - Processing file /home/airflow/.local/lib/python3.12/site-packages/airflow/example_dags/example_branch_python_dop_operator_3.py for tasks to queue
[2026-05-16T13:27:54.662+0000] {logging_mixin.py:188} INFO - [2026-05-16T13:27:54.661+0000] {dagbag.py:545} INFO - Filling up the DagBag from /home/airflow/.local/lib/python3.12/site-packages/airflow/example_dags/example_branch_python_dop_operator_3.py
[2026-05-16T13:27:54.665+0000] {processor.py:840} INFO - DAG(s) 'example_branch_dop_operator_v3' retrieved from /home/airflow/.local/lib/python3.12/site-packages/airflow/example_dags/example_branch_python_dop_operator_3.py
[2026-05-16T13:27:54.672+0000] {logging_mixin.py:188} INFO - [2026-05-16T13:27:54.672+0000] {dag.py:3089} INFO - Sync 1 DAGs
[2026-05-16T13:27:54.680+0000] {logging_mixin.py:188} INFO - [2026-05-16T13:27:54.679+0000] {dag.py:3947} INFO - Setting next_dagrun for example_branch_dop_operator_v3 to 2026-05-16 13:26:00+00:00, run_after=2026-05-16 13:27:00+00:00
[2026-05-16T13:27:54.685+0000] {processor.py:183} INFO - Processing /home/airflow/.local/lib/python3.12/site-packages/airflow/example_dags/example_branch_python_dop_operator_3.py took 0.026 seconds
[2026-05-16T13:28:25.102+0000] {processor.py:161} INFO - Started process (PID=19272) to work on /home/airflow/.local/lib/python3.12/site-packages/airflow/example_dags/example_branch_python_dop_operator_3.py
[2026-05-16T13:28:25.102+0000] {processor.py:830} INFO - Processing file /home/airflow/.local/lib/python3.12/site-packages/airflow/example_dags/example_branch_python_dop_operator_3.py for tasks to queue
[2026-05-16T13:28:25.103+0000] {logging_mixin.py:188} INFO - [2026-05-16T13:28:25.102+0000] {dagbag.py:545} INFO - Filling up the DagBag from /home/airflow/.local/lib/python3.12/site-packages/airflow/example_dags/example_branch_python_dop_operator_3.py
[2026-05-16T13:28:25.106+0000] {processor.py:840} INFO - DAG(s) 'example_branch_dop_operator_v3' retrieved from /home/airflow/.local/lib/python3.12/site-packages/airflow/example_dags/example_branch_python_dop_operator_3.py
[2026-05-16T13:28:25.113+0000] {logging_mixin.py:188} INFO - [2026-05-16T13:28:25.113+0000] {dag.py:3089} INFO - Sync 1 DAGs
[2026-05-16T13:28:25.120+0000] {logging_mixin.py:188} INFO - [2026-05-16T13:28:25.120+0000] {dag.py:3947} INFO - Setting next_dagrun for example_branch_dop_operator_v3 to 2026-05-16 13:27:00+00:00, run_after=2026-05-16 13:28:00+00:00
[2026-05-16T13:28:25.126+0000] {processor.py:183} INFO - Processing /home/airflow/.local/lib/python3.12/site-packages/airflow/example_dags/example_branch_python_dop_operator_3.py took 0.026 seconds
[2026-05-16T13:28:55.457+0000] {processor.py:161} INFO - Started process (PID=19334) to work on /home/airflow/.local/lib/python3.12/site-packages/airflow/example_dags/example_branch_python_dop_operator_3.py
[2026-05-16T13:28:55.457+0000] {processor.py:830} INFO - Processing file /home/airflow/.local/lib/python3.12/site-packages/airflow/example_dags/example_branch_python_dop_operator_3.py for tasks to queue
[2026-05-16T13:28:55.457+0000] {logging_mixin.py:188} INFO - [2026-05-16T13:28:55.457+0000] {dagbag.py:545} INFO - Filling up the DagBag from /home/airflow/.local/lib/python3.12/site-packages/airflow/example_dags/example_branch_python_dop_operator_3.py
[2026-05-16T13:28:55.460+0000] {processor.py:840} INFO - DAG(s) 'example_branch_dop_operator_v3' retrieved from /home/airflow/.local/lib/python3.12/site-packages/airflow/example_dags/example_branch_python_dop_operator_3.py
[2026-05-16T13:28:55.471+0000] {logging_mixin.py:188} INFO - [2026-05-16T13:28:55.471+0000] {dag.py:3089} INFO - Sync 1 DAGs
[2026-05-16T13:28:55.482+0000] {logging_mixin.py:188} INFO - [2026-05-16T13:28:55.481+0000] {dag.py:3947} INFO - Setting next_dagrun for example_branch_dop_operator_v3 to 2026-05-16 13:27:00+00:00, run_after=2026-05-16 13:28:00+00:00
[2026-05-16T13:28:55.487+0000] {processor.py:183} INFO - Processing /home/airflow/.local/lib/python3.12/site-packages/airflow/example_dags/example_branch_python_dop_operator_3.py took 0.033 seconds
[2026-05-16T13:29:25.779+0000] {processor.py:161} INFO - Started process (PID=19396) to work on /home/airflow/.local/lib/python3.12/site-packages/airflow/example_dags/example_branch_python_dop_operator_3.py
[2026-05-16T13:29:25.780+0000] {processor.py:830} INFO - Processing file /home/airflow/.local/lib/python3.12/site-packages/airflow/example_dags/example_branch_python_dop_operator_3.py for tasks to queue
[2026-05-16T13:29:25.780+0000] {logging_mixin.py:188} INFO - [2026-05-16T13:29:25.780+0000] {dagbag.py:545} INFO - Filling up the DagBag from /home/airflow/.local/lib/python3.12/site-packages/airflow/example_dags/example_branch_python_dop_operator_3.py
[2026-05-16T13:29:25.783+0000] {processor.py:840} INFO - DAG(s) 'example_branch_dop_operator_v3' retrieved from /home/airflow/.local/lib/python3.12/site-packages/airflow/example_dags/example_branch_python_dop_operator_3.py
[2026-05-16T13:29:25.790+0000] {logging_mixin.py:188} INFO - [2026-05-16T13:29:25.790+0000] {dag.py:3089} INFO - Sync 1 DAGs
[2026-05-16T13:29:25.797+0000] {logging_mixin.py:188} INFO - [2026-05-16T13:29:25.797+0000] {dag.py:3947} INFO - Setting next_dagrun for example_branch_dop_operator_v3 to 2026-05-16 13:28:00+00:00, run_after=2026-05-16 13:29:00+00:00
[2026-05-16T13:29:25.802+0000] {processor.py:183} INFO - Processing /home/airflow/.local/lib/python3.12/site-packages/airflow/example_dags/example_branch_python_dop_operator_3.py took 0.025 seconds
[2026-05-16T13:29:56.192+0000] {processor.py:161} INFO - Started process (PID=19458) to work on /home/airflow/.local/lib/python3.12/site-packages/airflow/example_dags/example_branch_python_dop_operator_3.py
[2026-05-16T13:29:56.192+0000] {processor.py:830} INFO - Processing file /home/airflow/.local/lib/python3.12/site-packages/airflow/example_dags/example_branch_python_dop_operator_3.py for tasks to queue
[2026-05-16T13:29:56.192+0000] {logging_mixin.py:188} INFO - [2026-05-16T13:29:56.192+0000] {dagbag.py:545} INFO - Filling up the DagBag from /home/airflow/.local/lib/python3.12/site-packages/airflow/example_dags/example_branch_python_dop_operator_3.py
[2026-05-16T13:29:56.204+0000] {processor.py:840} INFO - DAG(s) 'example_branch_dop_operator_v3' retrieved from /home/airflow/.local/lib/python3.12/site-packages/airflow/example_dags/example_branch_python_dop_operator_3.py
[2026-05-16T13:29:56.216+0000] {logging_mixin.py:188} INFO - [2026-05-16T13:29:56.216+0000] {dag.py:3089} INFO - Sync 1 DAGs
[2026-05-16T13:29:56.225+0000] {logging_mixin.py:188} INFO - [2026-05-16T13:29:56.224+0000] {dag.py:3947} INFO - Setting next_dagrun for example_branch_dop_operator_v3 to 2026-05-16 13:28:00+00:00, run_after=2026-05-16 13:29:00+00:00
[2026-05-16T13:29:56.232+0000] {processor.py:183} INFO - Processing /home/airflow/.local/lib/python3.12/site-packages/airflow/example_dags/example_branch_python_dop_operator_3.py took 0.043 seconds
[2026-05-16T13:30:26.691+0000] {processor.py:161} INFO - Started process (PID=19520) to work on /home/airflow/.local/lib/python3.12/site-packages/airflow/example_dags/example_branch_python_dop_operator_3.py
[2026-05-16T13:30:26.692+0000] {processor.py:830} INFO - Processing file /home/airflow/.local/lib/python3.12/site-packages/airflow/example_dags/example_branch_python_dop_operator_3.py for tasks to queue
[2026-05-16T13:30:26.692+0000] {logging_mixin.py:188} INFO - [2026-05-16T13:30:26.692+0000] {dagbag.py:545} INFO - Filling up the DagBag from /home/airflow/.local/lib/python3.12/site-packages/airflow/example_dags/example_branch_python_dop_operator_3.py
[2026-05-16T13:30:26.695+0000] {processor.py:840} INFO - DAG(s) 'example_branch_dop_operator_v3' retrieved from /home/airflow/.local/lib/python3.12/site-packages/airflow/example_dags/example_branch_python_dop_operator_3.py
[2026-05-16T13:30:26.704+0000] {logging_mixin.py:188} INFO - [2026-05-16T13:30:26.704+0000] {dag.py:3089} INFO - Sync 1 DAGs
[2026-05-16T13:30:26.712+0000] {logging_mixin.py:188} INFO - [2026-05-16T13:30:26.712+0000] {dag.py:3947} INFO - Setting next_dagrun for example_branch_dop_operator_v3 to 2026-05-16 13:29:00+00:00, run_after=2026-05-16 13:30:00+00:00
[2026-05-16T13:30:26.720+0000] {processor.py:183} INFO - Processing /home/airflow/.local/lib/python3.12/site-packages/airflow/example_dags/example_branch_python_dop_operator_3.py took 0.032 seconds
[2026-05-16T13:30:57.075+0000] {processor.py:161} INFO - Started process (PID=19582) to work on /home/airflow/.local/lib/python3.12/site-packages/airflow/example_dags/example_branch_python_dop_operator_3.py
[2026-05-16T13:30:57.075+0000] {processor.py:830} INFO - Processing file /home/airflow/.local/lib/python3.12/site-packages/airflow/example_dags/example_branch_python_dop_operator_3.py for tasks to queue
[2026-05-16T13:30:57.076+0000] {logging_mixin.py:188} INFO - [2026-05-16T13:30:57.076+0000] {dagbag.py:545} INFO - Filling up the DagBag from /home/airflow/.local/lib/python3.12/site-packages/airflow/example_dags/example_branch_python_dop_operator_3.py
[2026-05-16T13:30:57.079+0000] {processor.py:840} INFO - DAG(s) 'example_branch_dop_operator_v3' retrieved from /home/airflow/.local/lib/python3.12/site-packages/airflow/example_dags/example_branch_python_dop_operator_3.py
[2026-05-16T13:30:57.086+0000] {logging_mixin.py:188} INFO - [2026-05-16T13:30:57.086+0000] {dag.py:3089} INFO - Sync 1 DAGs
[2026-05-16T13:30:57.094+0000] {logging_mixin.py:188} INFO - [2026-05-16T13:30:57.094+0000] {dag.py:3947} INFO - Setting next_dagrun for example_branch_dop_operator_v3 to 2026-05-16 13:29:00+00:00, run_after=2026-05-16 13:30:00+00:00
[2026-05-16T13:30:57.099+0000] {processor.py:183} INFO - Processing /home/airflow/.local/lib/python3.12/site-packages/airflow/example_dags/example_branch_python_dop_operator_3.py took 0.026 seconds
[2026-05-16T13:31:27.425+0000] {processor.py:161} INFO - Started process (PID=19644) to work on /home/airflow/.local/lib/python3.12/site-packages/airflow/example_dags/example_branch_python_dop_operator_3.py
[2026-05-16T13:31:27.427+0000] {processor.py:830} INFO - Processing file /home/airflow/.local/lib/python3.12/site-packages/airflow/example_dags/example_branch_python_dop_operator_3.py for tasks to queue
[2026-05-16T13:31:27.427+0000] {logging_mixin.py:188} INFO - [2026-05-16T13:31:27.427+0000] {dagbag.py:545} INFO - Filling up the DagBag from /home/airflow/.local/lib/python3.12/site-packages/airflow/example_dags/example_branch_python_dop_operator_3.py
[2026-05-16T13:31:27.431+0000] {processor.py:840} INFO - DAG(s) 'example_branch_dop_operator_v3' retrieved from /home/airflow/.local/lib/python3.12/site-packages/airflow/example_dags/example_branch_python_dop_operator_3.py
[2026-05-16T13:31:27.438+0000] {logging_mixin.py:188} INFO - [2026-05-16T13:31:27.438+0000] {dag.py:3089} INFO - Sync 1 DAGs
[2026-05-16T13:31:27.445+0000] {logging_mixin.py:188} INFO - [2026-05-16T13:31:27.445+0000] {dag.py:3947} INFO - Setting next_dagrun for example_branch_dop_operator_v3 to 2026-05-16 13:30:00+00:00, run_after=2026-05-16 13:31:00+00:00
[2026-05-16T13:31:27.450+0000] {processor.py:183} INFO - Processing /home/airflow/.local/lib/python3.12/site-packages/airflow/example_dags/example_branch_python_dop_operator_3.py took 0.027 seconds
[2026-05-16T13:31:57.780+0000] {processor.py:161} INFO - Started process (PID=19706) to work on /home/airflow/.local/lib/python3.12/site-packages/airflow/example_dags/example_branch_python_dop_operator_3.py
[2026-05-16T13:31:57.781+0000] {processor.py:830} INFO - Processing file /home/airflow/.local/lib/python3.12/site-packages/airflow/example_dags/example_branch_python_dop_operator_3.py for tasks to queue
[2026-05-16T13:31:57.781+0000] {logging_mixin.py:188} INFO - [2026-05-16T13:31:57.781+0000] {dagbag.py:545} INFO - Filling up the DagBag from /home/airflow/.local/lib/python3.12/site-packages/airflow/example_dags/example_branch_python_dop_operator_3.py
[2026-05-16T13:31:57.784+0000] {processor.py:840} INFO - DAG(s) 'example_branch_dop_operator_v3' retrieved from /home/airflow/.local/lib/python3.12/site-packages/airflow/example_dags/example_branch_python_dop_operator_3.py
[2026-05-16T13:31:57.792+0000] {logging_mixin.py:188} INFO - [2026-05-16T13:31:57.791+0000] {dag.py:3089} INFO - Sync 1 DAGs
[2026-05-16T13:31:57.799+0000] {logging_mixin.py:188} INFO - [2026-05-16T13:31:57.799+0000] {dag.py:3947} INFO - Setting next_dagrun for example_branch_dop_operator_v3 to 2026-05-16 13:30:00+00:00, run_after=2026-05-16 13:31:00+00:00
[2026-05-16T13:31:57.804+0000] {processor.py:183} INFO - Processing /home/airflow/.local/lib/python3.12/site-packages/airflow/example_dags/example_branch_python_dop_operator_3.py took 0.026 seconds
[2026-05-16T13:32:28.124+0000] {processor.py:161} INFO - Started process (PID=19768) to work on /home/airflow/.local/lib/python3.12/site-packages/airflow/example_dags/example_branch_python_dop_operator_3.py
[2026-05-16T13:32:28.124+0000] {processor.py:830} INFO - Processing file /home/airflow/.local/lib/python3.12/site-packages/airflow/example_dags/example_branch_python_dop_operator_3.py for tasks to queue
[2026-05-16T13:32:28.125+0000] {logging_mixin.py:188} INFO - [2026-05-16T13:32:28.125+0000] {dagbag.py:545} INFO - Filling up the DagBag from /home/airflow/.local/lib/python3.12/site-packages/airflow/example_dags/example_branch_python_dop_operator_3.py
[2026-05-16T13:32:28.128+0000] {processor.py:840} INFO - DAG(s) 'example_branch_dop_operator_v3' retrieved from /home/airflow/.local/lib/python3.12/site-packages/airflow/example_dags/example_branch_python_dop_operator_3.py
[2026-05-16T13:32:28.137+0000] {logging_mixin.py:188} INFO - [2026-05-16T13:32:28.137+0000] {dag.py:3089} INFO - Sync 1 DAGs
[2026-05-16T13:32:28.147+0000] {logging_mixin.py:188} INFO - [2026-05-16T13:32:28.147+0000] {dag.py:3947} INFO - Setting next_dagrun for example_branch_dop_operator_v3 to 2026-05-16 13:31:00+00:00, run_after=2026-05-16 13:32:00+00:00
[2026-05-16T13:32:28.152+0000] {processor.py:183} INFO - Processing /home/airflow/.local/lib/python3.12/site-packages/airflow/example_dags/example_branch_python_dop_operator_3.py took 0.030 seconds
[2026-05-16T13:32:58.454+0000] {processor.py:161} INFO - Started process (PID=19830) to work on /home/airflow/.local/lib/python3.12/site-packages/airflow/example_dags/example_branch_python_dop_operator_3.py
[2026-05-16T13:32:58.454+0000] {processor.py:830} INFO - Processing file /home/airflow/.local/lib/python3.12/site-packages/airflow/example_dags/example_branch_python_dop_operator_3.py for tasks to queue
[2026-05-16T13:32:58.454+0000] {logging_mixin.py:188} INFO - [2026-05-16T13:32:58.454+0000] {dagbag.py:545} INFO - Filling up the DagBag from /home/airflow/.local/lib/python3.12/site-packages/airflow/example_dags/example_branch_python_dop_operator_3.py
[2026-05-16T13:32:58.457+0000] {processor.py:840} INFO - DAG(s) 'example_branch_dop_operator_v3' retrieved from /home/airflow/.local/lib/python3.12/site-packages/airflow/example_dags/example_branch_python_dop_operator_3.py
[2026-05-16T13:32:58.464+0000] {logging_mixin.py:188} INFO - [2026-05-16T13:32:58.464+0000] {dag.py:3089} INFO - Sync 1 DAGs
[2026-05-16T13:32:58.471+0000] {logging_mixin.py:188} INFO - [2026-05-16T13:32:58.471+0000] {dag.py:3947} INFO - Setting next_dagrun for example_branch_dop_operator_v3 to 2026-05-16 13:31:00+00:00, run_after=2026-05-16 13:32:00+00:00
[2026-05-16T13:32:58.476+0000] {processor.py:183} INFO - Processing /home/airflow/.local/lib/python3.12/site-packages/airflow/example_dags/example_branch_python_dop_operator_3.py took 0.025 seconds
[2026-05-16T13:33:28.700+0000] {processor.py:161} INFO - Started process (PID=19892) to work on /home/airflow/.local/lib/python3.12/site-packages/airflow/example_dags/example_branch_python_dop_operator_3.py
[2026-05-16T13:33:28.701+0000] {processor.py:830} INFO - Processing file /home/airflow/.local/lib/python3.12/site-packages/airflow/example_dags/example_branch_python_dop_operator_3.py for tasks to queue
[2026-05-16T13:33:28.701+0000] {logging_mixin.py:188} INFO - [2026-05-16T13:33:28.701+0000] {dagbag.py:545} INFO - Filling up the DagBag from /home/airflow/.local/lib/python3.12/site-packages/airflow/example_dags/example_branch_python_dop_operator_3.py
[2026-05-16T13:33:28.704+0000] {processor.py:840} INFO - DAG(s) 'example_branch_dop_operator_v3' retrieved from /home/airflow/.local/lib/python3.12/site-packages/airflow/example_dags/example_branch_python_dop_operator_3.py
[2026-05-16T13:33:28.712+0000] {logging_mixin.py:188} INFO - [2026-05-16T13:33:28.712+0000] {dag.py:3089} INFO - Sync 1 DAGs
[2026-05-16T13:33:28.720+0000] {logging_mixin.py:188} INFO - [2026-05-16T13:33:28.720+0000] {dag.py:3947} INFO - Setting next_dagrun for example_branch_dop_operator_v3 to 2026-05-16 13:32:00+00:00, run_after=2026-05-16 13:33:00+00:00
[2026-05-16T13:33:28.725+0000] {processor.py:183} INFO - Processing /home/airflow/.local/lib/python3.12/site-packages/airflow/example_dags/example_branch_python_dop_operator_3.py took 0.027 seconds
[2026-05-16T13:33:59.373+0000] {processor.py:161} INFO - Started process (PID=19954) to work on /home/airflow/.local/lib/python3.12/site-packages/airflow/example_dags/example_branch_python_dop_operator_3.py
[2026-05-16T13:33:59.373+0000] {processor.py:830} INFO - Processing file /home/airflow/.local/lib/python3.12/site-packages/airflow/example_dags/example_branch_python_dop_operator_3.py for tasks to queue
[2026-05-16T13:33:59.374+0000] {logging_mixin.py:188} INFO - [2026-05-16T13:33:59.373+0000] {dagbag.py:545} INFO - Filling up the DagBag from /home/airflow/.local/lib/python3.12/site-packages/airflow/example_dags/example_branch_python_dop_operator_3.py
[2026-05-16T13:33:59.377+0000] {processor.py:840} INFO - DAG(s) 'example_branch_dop_operator_v3' retrieved from /home/airflow/.local/lib/python3.12/site-packages/airflow/example_dags/example_branch_python_dop_operator_3.py
[2026-05-16T13:33:59.384+0000] {logging_mixin.py:188} INFO - [2026-05-16T13:33:59.384+0000] {dag.py:3089} INFO - Sync 1 DAGs
[2026-05-16T13:33:59.393+0000] {logging_mixin.py:188} INFO - [2026-05-16T13:33:59.393+0000] {dag.py:3947} INFO - Setting next_dagrun for example_branch_dop_operator_v3 to 2026-05-16 13:32:00+00:00, run_after=2026-05-16 13:33:00+00:00
[2026-05-16T13:33:59.397+0000] {processor.py:183} INFO - Processing /home/airflow/.local/lib/python3.12/site-packages/airflow/example_dags/example_branch_python_dop_operator_3.py took 0.027 seconds
[2026-05-16T13:34:30.079+0000] {processor.py:161} INFO - Started process (PID=20016) to work on /home/airflow/.local/lib/python3.12/site-packages/airflow/example_dags/example_branch_python_dop_operator_3.py
[2026-05-16T13:34:30.079+0000] {processor.py:830} INFO - Processing file /home/airflow/.local/lib/python3.12/site-packages/airflow/example_dags/example_branch_python_dop_operator_3.py for tasks to queue
[2026-05-16T13:34:30.079+0000] {logging_mixin.py:188} INFO - [2026-05-16T13:34:30.079+0000] {dagbag.py:545} INFO - Filling up the DagBag from /home/airflow/.local/lib/python3.12/site-packages/airflow/example_dags/example_branch_python_dop_operator_3.py
[2026-05-16T13:34:30.082+0000] {processor.py:840} INFO - DAG(s) 'example_branch_dop_operator_v3' retrieved from /home/airflow/.local/lib/python3.12/site-packages/airflow/example_dags/example_branch_python_dop_operator_3.py
[2026-05-16T13:34:30.088+0000] {logging_mixin.py:188} INFO - [2026-05-16T13:34:30.088+0000] {dag.py:3089} INFO - Sync 1 DAGs
[2026-05-16T13:34:30.096+0000] {logging_mixin.py:188} INFO - [2026-05-16T13:34:30.096+0000] {dag.py:3947} INFO - Setting next_dagrun for example_branch_dop_operator_v3 to 2026-05-16 13:33:00+00:00, run_after=2026-05-16 13:34:00+00:00
[2026-05-16T13:34:30.101+0000] {processor.py:183} INFO - Processing /home/airflow/.local/lib/python3.12/site-packages/airflow/example_dags/example_branch_python_dop_operator_3.py took 0.024 seconds
[2026-05-16T13:35:00.671+0000] {processor.py:161} INFO - Started process (PID=20078) to work on /home/airflow/.local/lib/python3.12/site-packages/airflow/example_dags/example_branch_python_dop_operator_3.py
[2026-05-16T13:35:00.671+0000] {processor.py:830} INFO - Processing file /home/airflow/.local/lib/python3.12/site-packages/airflow/example_dags/example_branch_python_dop_operator_3.py for tasks to queue
[2026-05-16T13:35:00.672+0000] {logging_mixin.py:188} INFO - [2026-05-16T13:35:00.672+0000] {dagbag.py:545} INFO - Filling up the DagBag from /home/airflow/.local/lib/python3.12/site-packages/airflow/example_dags/example_branch_python_dop_operator_3.py
[2026-05-16T13:35:00.678+0000] {processor.py:840} INFO - DAG(s) 'example_branch_dop_operator_v3' retrieved from /home/airflow/.local/lib/python3.12/site-packages/airflow/example_dags/example_branch_python_dop_operator_3.py
[2026-05-16T13:35:00.691+0000] {logging_mixin.py:188} INFO - [2026-05-16T13:35:00.691+0000] {dag.py:3089} INFO - Sync 1 DAGs
[2026-05-16T13:35:00.699+0000] {logging_mixin.py:188} INFO - [2026-05-16T13:35:00.699+0000] {dag.py:3947} INFO - Setting next_dagrun for example_branch_dop_operator_v3 to 2026-05-16 13:34:00+00:00, run_after=2026-05-16 13:35:00+00:00
[2026-05-16T13:35:00.704+0000] {processor.py:183} INFO - Processing /home/airflow/.local/lib/python3.12/site-packages/airflow/example_dags/example_branch_python_dop_operator_3.py took 0.037 seconds
[2026-05-16T13:35:31.207+0000] {processor.py:161} INFO - Started process (PID=20140) to work on /home/airflow/.local/lib/python3.12/site-packages/airflow/example_dags/example_branch_python_dop_operator_3.py
[2026-05-16T13:35:31.208+0000] {processor.py:830} INFO - Processing file /home/airflow/.local/lib/python3.12/site-packages/airflow/example_dags/example_branch_python_dop_operator_3.py for tasks to queue
[2026-05-16T13:35:31.208+0000] {logging_mixin.py:188} INFO - [2026-05-16T13:35:31.208+0000] {dagbag.py:545} INFO - Filling up the DagBag from /home/airflow/.local/lib/python3.12/site-packages/airflow/example_dags/example_branch_python_dop_operator_3.py
[2026-05-16T13:35:31.211+0000] {processor.py:840} INFO - DAG(s) 'example_branch_dop_operator_v3' retrieved from /home/airflow/.local/lib/python3.12/site-packages/airflow/example_dags/example_branch_python_dop_operator_3.py
[2026-05-16T13:35:31.218+0000] {logging_mixin.py:188} INFO - [2026-05-16T13:35:31.218+0000] {dag.py:3089} INFO - Sync 1 DAGs
[2026-05-16T13:35:31.226+0000] {logging_mixin.py:188} INFO - [2026-05-16T13:35:31.226+0000] {dag.py:3947} INFO - Setting next_dagrun for example_branch_dop_operator_v3 to 2026-05-16 13:34:00+00:00, run_after=2026-05-16 13:35:00+00:00
[2026-05-16T13:35:31.231+0000] {processor.py:183} INFO - Processing /home/airflow/.local/lib/python3.12/site-packages/airflow/example_dags/example_branch_python_dop_operator_3.py took 0.025 seconds
[2026-05-16T13:36:01.710+0000] {processor.py:161} INFO - Started process (PID=20202) to work on /home/airflow/.local/lib/python3.12/site-packages/airflow/example_dags/example_branch_python_dop_operator_3.py
[2026-05-16T13:36:01.710+0000] {processor.py:830} INFO - Processing file /home/airflow/.local/lib/python3.12/site-packages/airflow/example_dags/example_branch_python_dop_operator_3.py for tasks to queue
[2026-05-16T13:36:01.710+0000] {logging_mixin.py:188} INFO - [2026-05-16T13:36:01.710+0000] {dagbag.py:545} INFO - Filling up the DagBag from /home/airflow/.local/lib/python3.12/site-packages/airflow/example_dags/example_branch_python_dop_operator_3.py
[2026-05-16T13:36:01.714+0000] {processor.py:840} INFO - DAG(s) 'example_branch_dop_operator_v3' retrieved from /home/airflow/.local/lib/python3.12/site-packages/airflow/example_dags/example_branch_python_dop_operator_3.py
[2026-05-16T13:36:01.720+0000] {logging_mixin.py:188} INFO - [2026-05-16T13:36:01.720+0000] {dag.py:3089} INFO - Sync 1 DAGs
[2026-05-16T13:36:01.728+0000] {logging_mixin.py:188} INFO - [2026-05-16T13:36:01.728+0000] {dag.py:3947} INFO - Setting next_dagrun for example_branch_dop_operator_v3 to 2026-05-16 13:35:00+00:00, run_after=2026-05-16 13:36:00+00:00
[2026-05-16T13:36:01.734+0000] {processor.py:183} INFO - Processing /home/airflow/.local/lib/python3.12/site-packages/airflow/example_dags/example_branch_python_dop_operator_3.py took 0.026 seconds
[2026-05-16T13:36:32.004+0000] {processor.py:161} INFO - Started process (PID=20264) to work on /home/airflow/.local/lib/python3.12/site-packages/airflow/example_dags/example_branch_python_dop_operator_3.py
[2026-05-16T13:36:32.004+0000] {processor.py:830} INFO - Processing file /home/airflow/.local/lib/python3.12/site-packages/airflow/example_dags/example_branch_python_dop_operator_3.py for tasks to queue
[2026-05-16T13:36:32.005+0000] {logging_mixin.py:188} INFO - [2026-05-16T13:36:32.005+0000] {dagbag.py:545} INFO - Filling up the DagBag from /home/airflow/.local/lib/python3.12/site-packages/airflow/example_dags/example_branch_python_dop_operator_3.py
[2026-05-16T13:36:32.008+0000] {processor.py:840} INFO - DAG(s) 'example_branch_dop_operator_v3' retrieved from /home/airflow/.local/lib/python3.12/site-packages/airflow/example_dags/example_branch_python_dop_operator_3.py
[2026-05-16T13:36:32.015+0000] {logging_mixin.py:188} INFO - [2026-05-16T13:36:32.015+0000] {dag.py:3089} INFO - Sync 1 DAGs
[2026-05-16T13:36:32.022+0000] {logging_mixin.py:188} INFO - [2026-05-16T13:36:32.022+0000] {dag.py:3947} INFO - Setting next_dagrun for example_branch_dop_operator_v3 to 2026-05-16 13:35:00+00:00, run_after=2026-05-16 13:36:00+00:00
[2026-05-16T13:36:32.027+0000] {processor.py:183} INFO - Processing /home/airflow/.local/lib/python3.12/site-packages/airflow/example_dags/example_branch_python_dop_operator_3.py took 0.025 seconds
[2026-05-16T13:37:02.387+0000] {processor.py:161} INFO - Started process (PID=20326) to work on /home/airflow/.local/lib/python3.12/site-packages/airflow/example_dags/example_branch_python_dop_operator_3.py
[2026-05-16T13:37:02.387+0000] {processor.py:830} INFO - Processing file /home/airflow/.local/lib/python3.12/site-packages/airflow/example_dags/example_branch_python_dop_operator_3.py for tasks to queue
[2026-05-16T13:37:02.388+0000] {logging_mixin.py:188} INFO - [2026-05-16T13:37:02.387+0000] {dagbag.py:545} INFO - Filling up the DagBag from /home/airflow/.local/lib/python3.12/site-packages/airflow/example_dags/example_branch_python_dop_operator_3.py
[2026-05-16T13:37:02.392+0000] {processor.py:840} INFO - DAG(s) 'example_branch_dop_operator_v3' retrieved from /home/airflow/.local/lib/python3.12/site-packages/airflow/example_dags/example_branch_python_dop_operator_3.py
[2026-05-16T13:37:02.399+0000] {logging_mixin.py:188} INFO - [2026-05-16T13:37:02.399+0000] {dag.py:3089} INFO - Sync 1 DAGs
[2026-05-16T13:37:02.407+0000] {logging_mixin.py:188} INFO - [2026-05-16T13:37:02.407+0000] {dag.py:3947} INFO - Setting next_dagrun for example_branch_dop_operator_v3 to 2026-05-16 13:36:00+00:00, run_after=2026-05-16 13:37:00+00:00
[2026-05-16T13:37:02.412+0000] {processor.py:183} INFO - Processing /home/airflow/.local/lib/python3.12/site-packages/airflow/example_dags/example_branch_python_dop_operator_3.py took 0.027 seconds
[2026-05-16T13:37:32.836+0000] {processor.py:161} INFO - Started process (PID=20388) to work on /home/airflow/.local/lib/python3.12/site-packages/airflow/example_dags/example_branch_python_dop_operator_3.py
[2026-05-16T13:37:32.837+0000] {processor.py:830} INFO - Processing file /home/airflow/.local/lib/python3.12/site-packages/airflow/example_dags/example_branch_python_dop_operator_3.py for tasks to queue
[2026-05-16T13:37:32.837+0000] {logging_mixin.py:188} INFO - [2026-05-16T13:37:32.837+0000] {dagbag.py:545} INFO - Filling up the DagBag from /home/airflow/.local/lib/python3.12/site-packages/airflow/example_dags/example_branch_python_dop_operator_3.py
[2026-05-16T13:37:32.841+0000] {processor.py:840} INFO - DAG(s) 'example_branch_dop_operator_v3' retrieved from /home/airflow/.local/lib/python3.12/site-packages/airflow/example_dags/example_branch_python_dop_operator_3.py
[2026-05-16T13:37:32.849+0000] {logging_mixin.py:188} INFO - [2026-05-16T13:37:32.849+0000] {dag.py:3089} INFO - Sync 1 DAGs
[2026-05-16T13:37:32.859+0000] {logging_mixin.py:188} INFO - [2026-05-16T13:37:32.859+0000] {dag.py:3947} INFO - Setting next_dagrun for example_branch_dop_operator_v3 to 2026-05-16 13:36:00+00:00, run_after=2026-05-16 13:37:00+00:00
[2026-05-16T13:37:32.864+0000] {processor.py:183} INFO - Processing /home/airflow/.local/lib/python3.12/site-packages/airflow/example_dags/example_branch_python_dop_operator_3.py took 0.031 seconds
[2026-05-16T13:38:03.224+0000] {processor.py:161} INFO - Started process (PID=20450) to work on /home/airflow/.local/lib/python3.12/site-packages/airflow/example_dags/example_branch_python_dop_operator_3.py
[2026-05-16T13:38:03.225+0000] {processor.py:830} INFO - Processing file /home/airflow/.local/lib/python3.12/site-packages/airflow/example_dags/example_branch_python_dop_operator_3.py for tasks to queue
[2026-05-16T13:38:03.225+0000] {logging_mixin.py:188} INFO - [2026-05-16T13:38:03.225+0000] {dagbag.py:545} INFO - Filling up the DagBag from /home/airflow/.local/lib/python3.12/site-packages/airflow/example_dags/example_branch_python_dop_operator_3.py
[2026-05-16T13:38:03.228+0000] {processor.py:840} INFO - DAG(s) 'example_branch_dop_operator_v3' retrieved from /home/airflow/.local/lib/python3.12/site-packages/airflow/example_dags/example_branch_python_dop_operator_3.py
[2026-05-16T13:38:03.236+0000] {logging_mixin.py:188} INFO - [2026-05-16T13:38:03.236+0000] {dag.py:3089} INFO - Sync 1 DAGs
[2026-05-16T13:38:03.244+0000] {logging_mixin.py:188} INFO - [2026-05-16T13:38:03.244+0000] {dag.py:3947} INFO - Setting next_dagrun for example_branch_dop_operator_v3 to 2026-05-16 13:37:00+00:00, run_after=2026-05-16 13:38:00+00:00
[2026-05-16T13:38:03.249+0000] {processor.py:183} INFO - Processing /home/airflow/.local/lib/python3.12/site-packages/airflow/example_dags/example_branch_python_dop_operator_3.py took 0.027 seconds
[2026-05-16T13:38:33.660+0000] {processor.py:161} INFO - Started process (PID=20512) to work on /home/airflow/.local/lib/python3.12/site-packages/airflow/example_dags/example_branch_python_dop_operator_3.py
[2026-05-16T13:38:33.661+0000] {processor.py:830} INFO - Processing file /home/airflow/.local/lib/python3.12/site-packages/airflow/example_dags/example_branch_python_dop_operator_3.py for tasks to queue
[2026-05-16T13:38:33.661+0000] {logging_mixin.py:188} INFO - [2026-05-16T13:38:33.661+0000] {dagbag.py:545} INFO - Filling up the DagBag from /home/airflow/.local/lib/python3.12/site-packages/airflow/example_dags/example_branch_python_dop_operator_3.py
[2026-05-16T13:38:33.665+0000] {processor.py:840} INFO - DAG(s) 'example_branch_dop_operator_v3' retrieved from /home/airflow/.local/lib/python3.12/site-packages/airflow/example_dags/example_branch_python_dop_operator_3.py
[2026-05-16T13:38:33.674+0000] {logging_mixin.py:188} INFO - [2026-05-16T13:38:33.674+0000] {dag.py:3089} INFO - Sync 1 DAGs
[2026-05-16T13:38:33.683+0000] {logging_mixin.py:188} INFO - [2026-05-16T13:38:33.683+0000] {dag.py:3947} INFO - Setting next_dagrun for example_branch_dop_operator_v3 to 2026-05-16 13:37:00+00:00, run_after=2026-05-16 13:38:00+00:00
[2026-05-16T13:38:33.689+0000] {processor.py:183} INFO - Processing /home/airflow/.local/lib/python3.12/site-packages/airflow/example_dags/example_branch_python_dop_operator_3.py took 0.031 seconds
[2026-05-16T13:39:04.085+0000] {processor.py:161} INFO - Started process (PID=20574) to work on /home/airflow/.local/lib/python3.12/site-packages/airflow/example_dags/example_branch_python_dop_operator_3.py
[2026-05-16T13:39:04.086+0000] {processor.py:830} INFO - Processing file /home/airflow/.local/lib/python3.12/site-packages/airflow/example_dags/example_branch_python_dop_operator_3.py for tasks to queue
[2026-05-16T13:39:04.086+0000] {logging_mixin.py:188} INFO - [2026-05-16T13:39:04.086+0000] {dagbag.py:545} INFO - Filling up the DagBag from /home/airflow/.local/lib/python3.12/site-packages/airflow/example_dags/example_branch_python_dop_operator_3.py
[2026-05-16T13:39:04.089+0000] {processor.py:840} INFO - DAG(s) 'example_branch_dop_operator_v3' retrieved from /home/airflow/.local/lib/python3.12/site-packages/airflow/example_dags/example_branch_python_dop_operator_3.py
[2026-05-16T13:39:04.097+0000] {logging_mixin.py:188} INFO - [2026-05-16T13:39:04.097+0000] {dag.py:3089} INFO - Sync 1 DAGs
[2026-05-16T13:39:04.104+0000] {logging_mixin.py:188} INFO - [2026-05-16T13:39:04.104+0000] {dag.py:3947} INFO - Setting next_dagrun for example_branch_dop_operator_v3 to 2026-05-16 13:38:00+00:00, run_after=2026-05-16 13:39:00+00:00
[2026-05-16T13:39:04.108+0000] {processor.py:183} INFO - Processing /home/airflow/.local/lib/python3.12/site-packages/airflow/example_dags/example_branch_python_dop_operator_3.py took 0.026 seconds
[2026-05-16T13:39:34.442+0000] {processor.py:161} INFO - Started process (PID=20637) to work on /home/airflow/.local/lib/python3.12/site-packages/airflow/example_dags/example_branch_python_dop_operator_3.py
[2026-05-16T13:39:34.442+0000] {processor.py:830} INFO - Processing file /home/airflow/.local/lib/python3.12/site-packages/airflow/example_dags/example_branch_python_dop_operator_3.py for tasks to queue
[2026-05-16T13:39:34.443+0000] {logging_mixin.py:188} INFO - [2026-05-16T13:39:34.443+0000] {dagbag.py:545} INFO - Filling up the DagBag from /home/airflow/.local/lib/python3.12/site-packages/airflow/example_dags/example_branch_python_dop_operator_3.py
[2026-05-16T13:39:34.446+0000] {processor.py:840} INFO - DAG(s) 'example_branch_dop_operator_v3' retrieved from /home/airflow/.local/lib/python3.12/site-packages/airflow/example_dags/example_branch_python_dop_operator_3.py
[2026-05-16T13:39:34.454+0000] {logging_mixin.py:188} INFO - [2026-05-16T13:39:34.454+0000] {dag.py:3089} INFO - Sync 1 DAGs
[2026-05-16T13:39:34.463+0000] {logging_mixin.py:188} INFO - [2026-05-16T13:39:34.463+0000] {dag.py:3947} INFO - Setting next_dagrun for example_branch_dop_operator_v3 to 2026-05-16 13:38:00+00:00, run_after=2026-05-16 13:39:00+00:00
[2026-05-16T13:39:34.469+0000] {processor.py:183} INFO - Processing /home/airflow/.local/lib/python3.12/site-packages/airflow/example_dags/example_branch_python_dop_operator_3.py took 0.029 seconds
[2026-05-16T13:40:04.778+0000] {processor.py:161} INFO - Started process (PID=20699) to work on /home/airflow/.local/lib/python3.12/site-packages/airflow/example_dags/example_branch_python_dop_operator_3.py
[2026-05-16T13:40:04.779+0000] {processor.py:830} INFO - Processing file /home/airflow/.local/lib/python3.12/site-packages/airflow/example_dags/example_branch_python_dop_operator_3.py for tasks to queue
[2026-05-16T13:40:04.779+0000] {logging_mixin.py:188} INFO - [2026-05-16T13:40:04.779+0000] {dagbag.py:545} INFO - Filling up the DagBag from /home/airflow/.local/lib/python3.12/site-packages/airflow/example_dags/example_branch_python_dop_operator_3.py
[2026-05-16T13:40:04.782+0000] {processor.py:840} INFO - DAG(s) 'example_branch_dop_operator_v3' retrieved from /home/airflow/.local/lib/python3.12/site-packages/airflow/example_dags/example_branch_python_dop_operator_3.py
[2026-05-16T13:40:04.789+0000] {logging_mixin.py:188} INFO - [2026-05-16T13:40:04.789+0000] {dag.py:3089} INFO - Sync 1 DAGs
[2026-05-16T13:40:04.797+0000] {logging_mixin.py:188} INFO - [2026-05-16T13:40:04.797+0000] {dag.py:3947} INFO - Setting next_dagrun for example_branch_dop_operator_v3 to 2026-05-16 13:39:00+00:00, run_after=2026-05-16 13:40:00+00:00
[2026-05-16T13:40:04.802+0000] {processor.py:183} INFO - Processing /home/airflow/.local/lib/python3.12/site-packages/airflow/example_dags/example_branch_python_dop_operator_3.py took 0.026 seconds
[2026-05-16T13:40:35.152+0000] {processor.py:161} INFO - Started process (PID=20761) to work on /home/airflow/.local/lib/python3.12/site-packages/airflow/example_dags/example_branch_python_dop_operator_3.py
[2026-05-16T13:40:35.152+0000] {processor.py:830} INFO - Processing file /home/airflow/.local/lib/python3.12/site-packages/airflow/example_dags/example_branch_python_dop_operator_3.py for tasks to queue
[2026-05-16T13:40:35.152+0000] {logging_mixin.py:188} INFO - [2026-05-16T13:40:35.152+0000] {dagbag.py:545} INFO - Filling up the DagBag from /home/airflow/.local/lib/python3.12/site-packages/airflow/example_dags/example_branch_python_dop_operator_3.py
[2026-05-16T13:40:35.155+0000] {processor.py:840} INFO - DAG(s) 'example_branch_dop_operator_v3' retrieved from /home/airflow/.local/lib/python3.12/site-packages/airflow/example_dags/example_branch_python_dop_operator_3.py
[2026-05-16T13:40:35.162+0000] {logging_mixin.py:188} INFO - [2026-05-16T13:40:35.162+0000] {dag.py:3089} INFO - Sync 1 DAGs
[2026-05-16T13:40:35.170+0000] {logging_mixin.py:188} INFO - [2026-05-16T13:40:35.170+0000] {dag.py:3947} INFO - Setting next_dagrun for example_branch_dop_operator_v3 to 2026-05-16 13:39:00+00:00, run_after=2026-05-16 13:40:00+00:00
[2026-05-16T13:40:35.175+0000] {processor.py:183} INFO - Processing /home/airflow/.local/lib/python3.12/site-packages/airflow/example_dags/example_branch_python_dop_operator_3.py took 0.025 seconds
[2026-05-16T13:41:05.509+0000] {processor.py:161} INFO - Started process (PID=20822) to work on /home/airflow/.local/lib/python3.12/site-packages/airflow/example_dags/example_branch_python_dop_operator_3.py
[2026-05-16T13:41:05.509+0000] {processor.py:830} INFO - Processing file /home/airflow/.local/lib/python3.12/site-packages/airflow/example_dags/example_branch_python_dop_operator_3.py for tasks to queue
[2026-05-16T13:41:05.509+0000] {logging_mixin.py:188} INFO - [2026-05-16T13:41:05.509+0000] {dagbag.py:545} INFO - Filling up the DagBag from /home/airflow/.local/lib/python3.12/site-packages/airflow/example_dags/example_branch_python_dop_operator_3.py
[2026-05-16T13:41:05.513+0000] {processor.py:840} INFO - DAG(s) 'example_branch_dop_operator_v3' retrieved from /home/airflow/.local/lib/python3.12/site-packages/airflow/example_dags/example_branch_python_dop_operator_3.py
[2026-05-16T13:41:05.521+0000] {logging_mixin.py:188} INFO - [2026-05-16T13:41:05.521+0000] {dag.py:3089} INFO - Sync 1 DAGs
[2026-05-16T13:41:05.529+0000] {logging_mixin.py:188} INFO - [2026-05-16T13:41:05.529+0000] {dag.py:3947} INFO - Setting next_dagrun for example_branch_dop_operator_v3 to 2026-05-16 13:40:00+00:00, run_after=2026-05-16 13:41:00+00:00
[2026-05-16T13:41:05.533+0000] {processor.py:183} INFO - Processing /home/airflow/.local/lib/python3.12/site-packages/airflow/example_dags/example_branch_python_dop_operator_3.py took 0.027 seconds
[2026-05-16T13:41:35.936+0000] {processor.py:161} INFO - Started process (PID=20884) to work on /home/airflow/.local/lib/python3.12/site-packages/airflow/example_dags/example_branch_python_dop_operator_3.py
[2026-05-16T13:41:35.937+0000] {processor.py:830} INFO - Processing file /home/airflow/.local/lib/python3.12/site-packages/airflow/example_dags/example_branch_python_dop_operator_3.py for tasks to queue
[2026-05-16T13:41:35.937+0000] {logging_mixin.py:188} INFO - [2026-05-16T13:41:35.937+0000] {dagbag.py:545} INFO - Filling up the DagBag from /home/airflow/.local/lib/python3.12/site-packages/airflow/example_dags/example_branch_python_dop_operator_3.py
[2026-05-16T13:41:35.940+0000] {processor.py:840} INFO - DAG(s) 'example_branch_dop_operator_v3' retrieved from /home/airflow/.local/lib/python3.12/site-packages/airflow/example_dags/example_branch_python_dop_operator_3.py
[2026-05-16T13:41:35.949+0000] {logging_mixin.py:188} INFO - [2026-05-16T13:41:35.949+0000] {dag.py:3089} INFO - Sync 1 DAGs
[2026-05-16T13:41:35.958+0000] {logging_mixin.py:188} INFO - [2026-05-16T13:41:35.958+0000] {dag.py:3947} INFO - Setting next_dagrun for example_branch_dop_operator_v3 to 2026-05-16 13:40:00+00:00, run_after=2026-05-16 13:41:00+00:00
[2026-05-16T13:41:35.964+0000] {processor.py:183} INFO - Processing /home/airflow/.local/lib/python3.12/site-packages/airflow/example_dags/example_branch_python_dop_operator_3.py took 0.030 seconds
[2026-05-16T13:42:06.337+0000] {processor.py:161} INFO - Started process (PID=20945) to work on /home/airflow/.local/lib/python3.12/site-packages/airflow/example_dags/example_branch_python_dop_operator_3.py
[2026-05-16T13:42:06.338+0000] {processor.py:830} INFO - Processing file /home/airflow/.local/lib/python3.12/site-packages/airflow/example_dags/example_branch_python_dop_operator_3.py for tasks to queue
[2026-05-16T13:42:06.338+0000] {logging_mixin.py:188} INFO - [2026-05-16T13:42:06.338+0000] {dagbag.py:545} INFO - Filling up the DagBag from /home/airflow/.local/lib/python3.12/site-packages/airflow/example_dags/example_branch_python_dop_operator_3.py
[2026-05-16T13:42:06.341+0000] {processor.py:840} INFO - DAG(s) 'example_branch_dop_operator_v3' retrieved from /home/airflow/.local/lib/python3.12/site-packages/airflow/example_dags/example_branch_python_dop_operator_3.py
[2026-05-16T13:42:06.349+0000] {logging_mixin.py:188} INFO - [2026-05-16T13:42:06.349+0000] {dag.py:3089} INFO - Sync 1 DAGs
[2026-05-16T13:42:06.357+0000] {logging_mixin.py:188} INFO - [2026-05-16T13:42:06.357+0000] {dag.py:3947} INFO - Setting next_dagrun for example_branch_dop_operator_v3 to 2026-05-16 13:41:00+00:00, run_after=2026-05-16 13:42:00+00:00
[2026-05-16T13:42:06.362+0000] {processor.py:183} INFO - Processing /home/airflow/.local/lib/python3.12/site-packages/airflow/example_dags/example_branch_python_dop_operator_3.py took 0.029 seconds
[2026-05-16T13:42:36.684+0000] {processor.py:161} INFO - Started process (PID=21007) to work on /home/airflow/.local/lib/python3.12/site-packages/airflow/example_dags/example_branch_python_dop_operator_3.py
[2026-05-16T13:42:36.684+0000] {processor.py:830} INFO - Processing file /home/airflow/.local/lib/python3.12/site-packages/airflow/example_dags/example_branch_python_dop_operator_3.py for tasks to queue
[2026-05-16T13:42:36.685+0000] {logging_mixin.py:188} INFO - [2026-05-16T13:42:36.685+0000] {dagbag.py:545} INFO - Filling up the DagBag from /home/airflow/.local/lib/python3.12/site-packages/airflow/example_dags/example_branch_python_dop_operator_3.py
[2026-05-16T13:42:36.689+0000] {processor.py:840} INFO - DAG(s) 'example_branch_dop_operator_v3' retrieved from /home/airflow/.local/lib/python3.12/site-packages/airflow/example_dags/example_branch_python_dop_operator_3.py
[2026-05-16T13:42:36.698+0000] {logging_mixin.py:188} INFO - [2026-05-16T13:42:36.697+0000] {dag.py:3089} INFO - Sync 1 DAGs
[2026-05-16T13:42:36.706+0000] {logging_mixin.py:188} INFO - [2026-05-16T13:42:36.706+0000] {dag.py:3947} INFO - Setting next_dagrun for example_branch_dop_operator_v3 to 2026-05-16 13:41:00+00:00, run_after=2026-05-16 13:42:00+00:00
[2026-05-16T13:42:36.713+0000] {processor.py:183} INFO - Processing /home/airflow/.local/lib/python3.12/site-packages/airflow/example_dags/example_branch_python_dop_operator_3.py took 0.031 seconds
[2026-05-16T13:43:07.062+0000] {processor.py:161} INFO - Started process (PID=21069) to work on /home/airflow/.local/lib/python3.12/site-packages/airflow/example_dags/example_branch_python_dop_operator_3.py
[2026-05-16T13:43:07.062+0000] {processor.py:830} INFO - Processing file /home/airflow/.local/lib/python3.12/site-packages/airflow/example_dags/example_branch_python_dop_operator_3.py for tasks to queue
[2026-05-16T13:43:07.063+0000] {logging_mixin.py:188} INFO - [2026-05-16T13:43:07.063+0000] {dagbag.py:545} INFO - Filling up the DagBag from /home/airflow/.local/lib/python3.12/site-packages/airflow/example_dags/example_branch_python_dop_operator_3.py
[2026-05-16T13:43:07.066+0000] {processor.py:840} INFO - DAG(s) 'example_branch_dop_operator_v3' retrieved from /home/airflow/.local/lib/python3.12/site-packages/airflow/example_dags/example_branch_python_dop_operator_3.py
[2026-05-16T13:43:07.073+0000] {logging_mixin.py:188} INFO - [2026-05-16T13:43:07.073+0000] {dag.py:3089} INFO - Sync 1 DAGs
[2026-05-16T13:43:07.081+0000] {logging_mixin.py:188} INFO - [2026-05-16T13:43:07.081+0000] {dag.py:3947} INFO - Setting next_dagrun for example_branch_dop_operator_v3 to 2026-05-16 13:42:00+00:00, run_after=2026-05-16 13:43:00+00:00
[2026-05-16T13:43:07.085+0000] {processor.py:183} INFO - Processing /home/airflow/.local/lib/python3.12/site-packages/airflow/example_dags/example_branch_python_dop_operator_3.py took 0.025 seconds
[2026-05-16T13:43:37.432+0000] {processor.py:161} INFO - Started process (PID=21131) to work on /home/airflow/.local/lib/python3.12/site-packages/airflow/example_dags/example_branch_python_dop_operator_3.py
[2026-05-16T13:43:37.433+0000] {processor.py:830} INFO - Processing file /home/airflow/.local/lib/python3.12/site-packages/airflow/example_dags/example_branch_python_dop_operator_3.py for tasks to queue
[2026-05-16T13:43:37.433+0000] {logging_mixin.py:188} INFO - [2026-05-16T13:43:37.433+0000] {dagbag.py:545} INFO - Filling up the DagBag from /home/airflow/.local/lib/python3.12/site-packages/airflow/example_dags/example_branch_python_dop_operator_3.py
[2026-05-16T13:43:37.436+0000] {processor.py:840} INFO - DAG(s) 'example_branch_dop_operator_v3' retrieved from /home/airflow/.local/lib/python3.12/site-packages/airflow/example_dags/example_branch_python_dop_operator_3.py
[2026-05-16T13:43:37.443+0000] {logging_mixin.py:188} INFO - [2026-05-16T13:43:37.443+0000] {dag.py:3089} INFO - Sync 1 DAGs
[2026-05-16T13:43:37.451+0000] {logging_mixin.py:188} INFO - [2026-05-16T13:43:37.451+0000] {dag.py:3947} INFO - Setting next_dagrun for example_branch_dop_operator_v3 to 2026-05-16 13:42:00+00:00, run_after=2026-05-16 13:43:00+00:00
[2026-05-16T13:43:37.456+0000] {processor.py:183} INFO - Processing /home/airflow/.local/lib/python3.12/site-packages/airflow/example_dags/example_branch_python_dop_operator_3.py took 0.025 seconds
[2026-05-16T13:44:07.800+0000] {processor.py:161} INFO - Started process (PID=21193) to work on /home/airflow/.local/lib/python3.12/site-packages/airflow/example_dags/example_branch_python_dop_operator_3.py
[2026-05-16T13:44:07.801+0000] {processor.py:830} INFO - Processing file /home/airflow/.local/lib/python3.12/site-packages/airflow/example_dags/example_branch_python_dop_operator_3.py for tasks to queue
[2026-05-16T13:44:07.801+0000] {logging_mixin.py:188} INFO - [2026-05-16T13:44:07.801+0000] {dagbag.py:545} INFO - Filling up the DagBag from /home/airflow/.local/lib/python3.12/site-packages/airflow/example_dags/example_branch_python_dop_operator_3.py
[2026-05-16T13:44:07.804+0000] {processor.py:840} INFO - DAG(s) 'example_branch_dop_operator_v3' retrieved from /home/airflow/.local/lib/python3.12/site-packages/airflow/example_dags/example_branch_python_dop_operator_3.py
[2026-05-16T13:44:07.811+0000] {logging_mixin.py:188} INFO - [2026-05-16T13:44:07.811+0000] {dag.py:3089} INFO - Sync 1 DAGs
[2026-05-16T13:44:07.819+0000] {logging_mixin.py:188} INFO - [2026-05-16T13:44:07.819+0000] {dag.py:3947} INFO - Setting next_dagrun for example_branch_dop_operator_v3 to 2026-05-16 13:43:00+00:00, run_after=2026-05-16 13:44:00+00:00
[2026-05-16T13:44:07.823+0000] {processor.py:183} INFO - Processing /home/airflow/.local/lib/python3.12/site-packages/airflow/example_dags/example_branch_python_dop_operator_3.py took 0.026 seconds
[2026-05-16T13:44:38.089+0000] {processor.py:161} INFO - Started process (PID=21255) to work on /home/airflow/.local/lib/python3.12/site-packages/airflow/example_dags/example_branch_python_dop_operator_3.py
[2026-05-16T13:44:38.089+0000] {processor.py:830} INFO - Processing file /home/airflow/.local/lib/python3.12/site-packages/airflow/example_dags/example_branch_python_dop_operator_3.py for tasks to queue
[2026-05-16T13:44:38.089+0000] {logging_mixin.py:188} INFO - [2026-05-16T13:44:38.089+0000] {dagbag.py:545} INFO - Filling up the DagBag from /home/airflow/.local/lib/python3.12/site-packages/airflow/example_dags/example_branch_python_dop_operator_3.py
[2026-05-16T13:44:38.093+0000] {processor.py:840} INFO - DAG(s) 'example_branch_dop_operator_v3' retrieved from /home/airflow/.local/lib/python3.12/site-packages/airflow/example_dags/example_branch_python_dop_operator_3.py
[2026-05-16T13:44:38.102+0000] {logging_mixin.py:188} INFO - [2026-05-16T13:44:38.102+0000] {dag.py:3089} INFO - Sync 1 DAGs
[2026-05-16T13:44:38.110+0000] {logging_mixin.py:188} INFO - [2026-05-16T13:44:38.110+0000] {dag.py:3947} INFO - Setting next_dagrun for example_branch_dop_operator_v3 to 2026-05-16 13:43:00+00:00, run_after=2026-05-16 13:44:00+00:00
[2026-05-16T13:44:38.115+0000] {processor.py:183} INFO - Processing /home/airflow/.local/lib/python3.12/site-packages/airflow/example_dags/example_branch_python_dop_operator_3.py took 0.028 seconds
[2026-05-16T13:45:08.441+0000] {processor.py:161} INFO - Started process (PID=21317) to work on /home/airflow/.local/lib/python3.12/site-packages/airflow/example_dags/example_branch_python_dop_operator_3.py
[2026-05-16T13:45:08.442+0000] {processor.py:830} INFO - Processing file /home/airflow/.local/lib/python3.12/site-packages/airflow/example_dags/example_branch_python_dop_operator_3.py for tasks to queue
[2026-05-16T13:45:08.442+0000] {logging_mixin.py:188} INFO - [2026-05-16T13:45:08.442+0000] {dagbag.py:545} INFO - Filling up the DagBag from /home/airflow/.local/lib/python3.12/site-packages/airflow/example_dags/example_branch_python_dop_operator_3.py
[2026-05-16T13:45:08.445+0000] {processor.py:840} INFO - DAG(s) 'example_branch_dop_operator_v3' retrieved from /home/airflow/.local/lib/python3.12/site-packages/airflow/example_dags/example_branch_python_dop_operator_3.py
[2026-05-16T13:45:08.453+0000] {logging_mixin.py:188} INFO - [2026-05-16T13:45:08.453+0000] {dag.py:3089} INFO - Sync 1 DAGs
[2026-05-16T13:45:08.462+0000] {logging_mixin.py:188} INFO - [2026-05-16T13:45:08.462+0000] {dag.py:3947} INFO - Setting next_dagrun for example_branch_dop_operator_v3 to 2026-05-16 13:44:00+00:00, run_after=2026-05-16 13:45:00+00:00
[2026-05-16T13:45:08.467+0000] {processor.py:183} INFO - Processing /home/airflow/.local/lib/python3.12/site-packages/airflow/example_dags/example_branch_python_dop_operator_3.py took 0.029 seconds
[2026-05-16T13:45:38.774+0000] {processor.py:161} INFO - Started process (PID=21378) to work on /home/airflow/.local/lib/python3.12/site-packages/airflow/example_dags/example_branch_python_dop_operator_3.py
[2026-05-16T13:45:38.775+0000] {processor.py:830} INFO - Processing file /home/airflow/.local/lib/python3.12/site-packages/airflow/example_dags/example_branch_python_dop_operator_3.py for tasks to queue
[2026-05-16T13:45:38.775+0000] {logging_mixin.py:188} INFO - [2026-05-16T13:45:38.775+0000] {dagbag.py:545} INFO - Filling up the DagBag from /home/airflow/.local/lib/python3.12/site-packages/airflow/example_dags/example_branch_python_dop_operator_3.py
[2026-05-16T13:45:38.778+0000] {processor.py:840} INFO - DAG(s) 'example_branch_dop_operator_v3' retrieved from /home/airflow/.local/lib/python3.12/site-packages/airflow/example_dags/example_branch_python_dop_operator_3.py
[2026-05-16T13:45:38.785+0000] {logging_mixin.py:188} INFO - [2026-05-16T13:45:38.785+0000] {dag.py:3089} INFO - Sync 1 DAGs
[2026-05-16T13:45:38.793+0000] {logging_mixin.py:188} INFO - [2026-05-16T13:45:38.793+0000] {dag.py:3947} INFO - Setting next_dagrun for example_branch_dop_operator_v3 to 2026-05-16 13:44:00+00:00, run_after=2026-05-16 13:45:00+00:00
[2026-05-16T13:45:38.798+0000] {processor.py:183} INFO - Processing /home/airflow/.local/lib/python3.12/site-packages/airflow/example_dags/example_branch_python_dop_operator_3.py took 0.026 seconds
[2026-05-16T13:46:09.093+0000] {processor.py:161} INFO - Started process (PID=21440) to work on /home/airflow/.local/lib/python3.12/site-packages/airflow/example_dags/example_branch_python_dop_operator_3.py
[2026-05-16T13:46:09.093+0000] {processor.py:830} INFO - Processing file /home/airflow/.local/lib/python3.12/site-packages/airflow/example_dags/example_branch_python_dop_operator_3.py for tasks to queue
[2026-05-16T13:46:09.093+0000] {logging_mixin.py:188} INFO - [2026-05-16T13:46:09.093+0000] {dagbag.py:545} INFO - Filling up the DagBag from /home/airflow/.local/lib/python3.12/site-packages/airflow/example_dags/example_branch_python_dop_operator_3.py
[2026-05-16T13:46:09.097+0000] {processor.py:840} INFO - DAG(s) 'example_branch_dop_operator_v3' retrieved from /home/airflow/.local/lib/python3.12/site-packages/airflow/example_dags/example_branch_python_dop_operator_3.py
[2026-05-16T13:46:09.104+0000] {logging_mixin.py:188} INFO - [2026-05-16T13:46:09.104+0000] {dag.py:3089} INFO - Sync 1 DAGs
[2026-05-16T13:46:09.112+0000] {logging_mixin.py:188} INFO - [2026-05-16T13:46:09.112+0000] {dag.py:3947} INFO - Setting next_dagrun for example_branch_dop_operator_v3 to 2026-05-16 13:45:00+00:00, run_after=2026-05-16 13:46:00+00:00
[2026-05-16T13:46:09.119+0000] {processor.py:183} INFO - Processing /home/airflow/.local/lib/python3.12/site-packages/airflow/example_dags/example_branch_python_dop_operator_3.py took 0.029 seconds
[2026-05-16T13:46:39.454+0000] {processor.py:161} INFO - Started process (PID=21501) to work on /home/airflow/.local/lib/python3.12/site-packages/airflow/example_dags/example_branch_python_dop_operator_3.py
[2026-05-16T13:46:39.454+0000] {processor.py:830} INFO - Processing file /home/airflow/.local/lib/python3.12/site-packages/airflow/example_dags/example_branch_python_dop_operator_3.py for tasks to queue
[2026-05-16T13:46:39.454+0000] {logging_mixin.py:188} INFO - [2026-05-16T13:46:39.454+0000] {dagbag.py:545} INFO - Filling up the DagBag from /home/airflow/.local/lib/python3.12/site-packages/airflow/example_dags/example_branch_python_dop_operator_3.py
[2026-05-16T13:46:39.457+0000] {processor.py:840} INFO - DAG(s) 'example_branch_dop_operator_v3' retrieved from /home/airflow/.local/lib/python3.12/site-packages/airflow/example_dags/example_branch_python_dop_operator_3.py
[2026-05-16T13:46:39.463+0000] {logging_mixin.py:188} INFO - [2026-05-16T13:46:39.463+0000] {dag.py:3089} INFO - Sync 1 DAGs
[2026-05-16T13:46:39.471+0000] {logging_mixin.py:188} INFO - [2026-05-16T13:46:39.471+0000] {dag.py:3947} INFO - Setting next_dagrun for example_branch_dop_operator_v3 to 2026-05-16 13:45:00+00:00, run_after=2026-05-16 13:46:00+00:00
[2026-05-16T13:46:39.478+0000] {processor.py:183} INFO - Processing /home/airflow/.local/lib/python3.12/site-packages/airflow/example_dags/example_branch_python_dop_operator_3.py took 0.026 seconds
[2026-05-16T13:47:09.772+0000] {processor.py:161} INFO - Started process (PID=21563) to work on /home/airflow/.local/lib/python3.12/site-packages/airflow/example_dags/example_branch_python_dop_operator_3.py
[2026-05-16T13:47:09.773+0000] {processor.py:830} INFO - Processing file /home/airflow/.local/lib/python3.12/site-packages/airflow/example_dags/example_branch_python_dop_operator_3.py for tasks to queue
[2026-05-16T13:47:09.773+0000] {logging_mixin.py:188} INFO - [2026-05-16T13:47:09.773+0000] {dagbag.py:545} INFO - Filling up the DagBag from /home/airflow/.local/lib/python3.12/site-packages/airflow/example_dags/example_branch_python_dop_operator_3.py
[2026-05-16T13:47:09.776+0000] {processor.py:840} INFO - DAG(s) 'example_branch_dop_operator_v3' retrieved from /home/airflow/.local/lib/python3.12/site-packages/airflow/example_dags/example_branch_python_dop_operator_3.py
[2026-05-16T13:47:09.783+0000] {logging_mixin.py:188} INFO - [2026-05-16T13:47:09.783+0000] {dag.py:3089} INFO - Sync 1 DAGs
[2026-05-16T13:47:09.791+0000] {logging_mixin.py:188} INFO - [2026-05-16T13:47:09.791+0000] {dag.py:3947} INFO - Setting next_dagrun for example_branch_dop_operator_v3 to 2026-05-16 13:46:00+00:00, run_after=2026-05-16 13:47:00+00:00
[2026-05-16T13:47:09.796+0000] {processor.py:183} INFO - Processing /home/airflow/.local/lib/python3.12/site-packages/airflow/example_dags/example_branch_python_dop_operator_3.py took 0.026 seconds
[2026-05-16T13:47:40.132+0000] {processor.py:161} INFO - Started process (PID=21625) to work on /home/airflow/.local/lib/python3.12/site-packages/airflow/example_dags/example_branch_python_dop_operator_3.py
[2026-05-16T13:47:40.133+0000] {processor.py:830} INFO - Processing file /home/airflow/.local/lib/python3.12/site-packages/airflow/example_dags/example_branch_python_dop_operator_3.py for tasks to queue
[2026-05-16T13:47:40.133+0000] {logging_mixin.py:188} INFO - [2026-05-16T13:47:40.133+0000] {dagbag.py:545} INFO - Filling up the DagBag from /home/airflow/.local/lib/python3.12/site-packages/airflow/example_dags/example_branch_python_dop_operator_3.py
[2026-05-16T13:47:40.136+0000] {processor.py:840} INFO - DAG(s) 'example_branch_dop_operator_v3' retrieved from /home/airflow/.local/lib/python3.12/site-packages/airflow/example_dags/example_branch_python_dop_operator_3.py
[2026-05-16T13:47:40.144+0000] {logging_mixin.py:188} INFO - [2026-05-16T13:47:40.144+0000] {dag.py:3089} INFO - Sync 1 DAGs
[2026-05-16T13:47:40.151+0000] {logging_mixin.py:188} INFO - [2026-05-16T13:47:40.151+0000] {dag.py:3947} INFO - Setting next_dagrun for example_branch_dop_operator_v3 to 2026-05-16 13:46:00+00:00, run_after=2026-05-16 13:47:00+00:00
[2026-05-16T13:47:40.157+0000] {processor.py:183} INFO - Processing /home/airflow/.local/lib/python3.12/site-packages/airflow/example_dags/example_branch_python_dop_operator_3.py took 0.027 seconds
[2026-05-16T13:48:10.450+0000] {processor.py:161} INFO - Started process (PID=21687) to work on /home/airflow/.local/lib/python3.12/site-packages/airflow/example_dags/example_branch_python_dop_operator_3.py
[2026-05-16T13:48:10.451+0000] {processor.py:830} INFO - Processing file /home/airflow/.local/lib/python3.12/site-packages/airflow/example_dags/example_branch_python_dop_operator_3.py for tasks to queue
[2026-05-16T13:48:10.451+0000] {logging_mixin.py:188} INFO - [2026-05-16T13:48:10.451+0000] {dagbag.py:545} INFO - Filling up the DagBag from /home/airflow/.local/lib/python3.12/site-packages/airflow/example_dags/example_branch_python_dop_operator_3.py
[2026-05-16T13:48:10.454+0000] {processor.py:840} INFO - DAG(s) 'example_branch_dop_operator_v3' retrieved from /home/airflow/.local/lib/python3.12/site-packages/airflow/example_dags/example_branch_python_dop_operator_3.py
[2026-05-16T13:48:10.462+0000] {logging_mixin.py:188} INFO - [2026-05-16T13:48:10.462+0000] {dag.py:3089} INFO - Sync 1 DAGs
[2026-05-16T13:48:10.470+0000] {logging_mixin.py:188} INFO - [2026-05-16T13:48:10.470+0000] {dag.py:3947} INFO - Setting next_dagrun for example_branch_dop_operator_v3 to 2026-05-16 13:47:00+00:00, run_after=2026-05-16 13:48:00+00:00
[2026-05-16T13:48:10.475+0000] {processor.py:183} INFO - Processing /home/airflow/.local/lib/python3.12/site-packages/airflow/example_dags/example_branch_python_dop_operator_3.py took 0.029 seconds
[2026-05-16T13:48:40.818+0000] {processor.py:161} INFO - Started process (PID=21749) to work on /home/airflow/.local/lib/python3.12/site-packages/airflow/example_dags/example_branch_python_dop_operator_3.py
[2026-05-16T13:48:40.818+0000] {processor.py:830} INFO - Processing file /home/airflow/.local/lib/python3.12/site-packages/airflow/example_dags/example_branch_python_dop_operator_3.py for tasks to queue
[2026-05-16T13:48:40.819+0000] {logging_mixin.py:188} INFO - [2026-05-16T13:48:40.819+0000] {dagbag.py:545} INFO - Filling up the DagBag from /home/airflow/.local/lib/python3.12/site-packages/airflow/example_dags/example_branch_python_dop_operator_3.py
[2026-05-16T13:48:40.822+0000] {processor.py:840} INFO - DAG(s) 'example_branch_dop_operator_v3' retrieved from /home/airflow/.local/lib/python3.12/site-packages/airflow/example_dags/example_branch_python_dop_operator_3.py
[2026-05-16T13:48:40.833+0000] {logging_mixin.py:188} INFO - [2026-05-16T13:48:40.833+0000] {dag.py:3089} INFO - Sync 1 DAGs
[2026-05-16T13:48:40.844+0000] {logging_mixin.py:188} INFO - [2026-05-16T13:48:40.844+0000] {dag.py:3947} INFO - Setting next_dagrun for example_branch_dop_operator_v3 to 2026-05-16 13:47:00+00:00, run_after=2026-05-16 13:48:00+00:00
[2026-05-16T13:48:40.850+0000] {processor.py:183} INFO - Processing /home/airflow/.local/lib/python3.12/site-packages/airflow/example_dags/example_branch_python_dop_operator_3.py took 0.034 seconds
[2026-05-16T13:49:11.207+0000] {processor.py:161} INFO - Started process (PID=21811) to work on /home/airflow/.local/lib/python3.12/site-packages/airflow/example_dags/example_branch_python_dop_operator_3.py
[2026-05-16T13:49:11.208+0000] {processor.py:830} INFO - Processing file /home/airflow/.local/lib/python3.12/site-packages/airflow/example_dags/example_branch_python_dop_operator_3.py for tasks to queue
[2026-05-16T13:49:11.208+0000] {logging_mixin.py:188} INFO - [2026-05-16T13:49:11.208+0000] {dagbag.py:545} INFO - Filling up the DagBag from /home/airflow/.local/lib/python3.12/site-packages/airflow/example_dags/example_branch_python_dop_operator_3.py
[2026-05-16T13:49:11.214+0000] {processor.py:840} INFO - DAG(s) 'example_branch_dop_operator_v3' retrieved from /home/airflow/.local/lib/python3.12/site-packages/airflow/example_dags/example_branch_python_dop_operator_3.py
[2026-05-16T13:49:11.221+0000] {logging_mixin.py:188} INFO - [2026-05-16T13:49:11.221+0000] {dag.py:3089} INFO - Sync 1 DAGs
[2026-05-16T13:49:11.229+0000] {logging_mixin.py:188} INFO - [2026-05-16T13:49:11.229+0000] {dag.py:3947} INFO - Setting next_dagrun for example_branch_dop_operator_v3 to 2026-05-16 13:48:00+00:00, run_after=2026-05-16 13:49:00+00:00
[2026-05-16T13:49:11.234+0000] {processor.py:183} INFO - Processing /home/airflow/.local/lib/python3.12/site-packages/airflow/example_dags/example_branch_python_dop_operator_3.py took 0.029 seconds
[2026-05-16T13:49:41.511+0000] {processor.py:161} INFO - Started process (PID=21872) to work on /home/airflow/.local/lib/python3.12/site-packages/airflow/example_dags/example_branch_python_dop_operator_3.py
[2026-05-16T13:49:41.511+0000] {processor.py:830} INFO - Processing file /home/airflow/.local/lib/python3.12/site-packages/airflow/example_dags/example_branch_python_dop_operator_3.py for tasks to queue
[2026-05-16T13:49:41.512+0000] {logging_mixin.py:188} INFO - [2026-05-16T13:49:41.512+0000] {dagbag.py:545} INFO - Filling up the DagBag from /home/airflow/.local/lib/python3.12/site-packages/airflow/example_dags/example_branch_python_dop_operator_3.py
[2026-05-16T13:49:41.515+0000] {processor.py:840} INFO - DAG(s) 'example_branch_dop_operator_v3' retrieved from /home/airflow/.local/lib/python3.12/site-packages/airflow/example_dags/example_branch_python_dop_operator_3.py
[2026-05-16T13:49:41.527+0000] {logging_mixin.py:188} INFO - [2026-05-16T13:49:41.527+0000] {dag.py:3089} INFO - Sync 1 DAGs
[2026-05-16T13:49:41.534+0000] {logging_mixin.py:188} INFO - [2026-05-16T13:49:41.534+0000] {dag.py:3947} INFO - Setting next_dagrun for example_branch_dop_operator_v3 to 2026-05-16 13:48:00+00:00, run_after=2026-05-16 13:49:00+00:00
[2026-05-16T13:49:41.540+0000] {processor.py:183} INFO - Processing /home/airflow/.local/lib/python3.12/site-packages/airflow/example_dags/example_branch_python_dop_operator_3.py took 0.030 seconds
[2026-05-16T13:50:11.846+0000] {processor.py:161} INFO - Started process (PID=21934) to work on /home/airflow/.local/lib/python3.12/site-packages/airflow/example_dags/example_branch_python_dop_operator_3.py
[2026-05-16T13:50:11.847+0000] {processor.py:830} INFO - Processing file /home/airflow/.local/lib/python3.12/site-packages/airflow/example_dags/example_branch_python_dop_operator_3.py for tasks to queue
[2026-05-16T13:50:11.847+0000] {logging_mixin.py:188} INFO - [2026-05-16T13:50:11.847+0000] {dagbag.py:545} INFO - Filling up the DagBag from /home/airflow/.local/lib/python3.12/site-packages/airflow/example_dags/example_branch_python_dop_operator_3.py
[2026-05-16T13:50:11.850+0000] {processor.py:840} INFO - DAG(s) 'example_branch_dop_operator_v3' retrieved from /home/airflow/.local/lib/python3.12/site-packages/airflow/example_dags/example_branch_python_dop_operator_3.py
[2026-05-16T13:50:11.857+0000] {logging_mixin.py:188} INFO - [2026-05-16T13:50:11.857+0000] {dag.py:3089} INFO - Sync 1 DAGs
[2026-05-16T13:50:11.864+0000] {logging_mixin.py:188} INFO - [2026-05-16T13:50:11.864+0000] {dag.py:3947} INFO - Setting next_dagrun for example_branch_dop_operator_v3 to 2026-05-16 13:49:00+00:00, run_after=2026-05-16 13:50:00+00:00
[2026-05-16T13:50:11.869+0000] {processor.py:183} INFO - Processing /home/airflow/.local/lib/python3.12/site-packages/airflow/example_dags/example_branch_python_dop_operator_3.py took 0.025 seconds
[2026-05-16T13:50:42.158+0000] {processor.py:161} INFO - Started process (PID=21997) to work on /home/airflow/.local/lib/python3.12/site-packages/airflow/example_dags/example_branch_python_dop_operator_3.py
[2026-05-16T13:50:42.159+0000] {processor.py:830} INFO - Processing file /home/airflow/.local/lib/python3.12/site-packages/airflow/example_dags/example_branch_python_dop_operator_3.py for tasks to queue
[2026-05-16T13:50:42.159+0000] {logging_mixin.py:188} INFO - [2026-05-16T13:50:42.159+0000] {dagbag.py:545} INFO - Filling up the DagBag from /home/airflow/.local/lib/python3.12/site-packages/airflow/example_dags/example_branch_python_dop_operator_3.py
[2026-05-16T13:50:42.162+0000] {processor.py:840} INFO - DAG(s) 'example_branch_dop_operator_v3' retrieved from /home/airflow/.local/lib/python3.12/site-packages/airflow/example_dags/example_branch_python_dop_operator_3.py
[2026-05-16T13:50:42.170+0000] {logging_mixin.py:188} INFO - [2026-05-16T13:50:42.170+0000] {dag.py:3089} INFO - Sync 1 DAGs
[2026-05-16T13:50:42.177+0000] {logging_mixin.py:188} INFO - [2026-05-16T13:50:42.177+0000] {dag.py:3947} INFO - Setting next_dagrun for example_branch_dop_operator_v3 to 2026-05-16 13:49:00+00:00, run_after=2026-05-16 13:50:00+00:00
[2026-05-16T13:50:42.182+0000] {processor.py:183} INFO - Processing /home/airflow/.local/lib/python3.12/site-packages/airflow/example_dags/example_branch_python_dop_operator_3.py took 0.027 seconds
[2026-05-16T13:51:12.494+0000] {processor.py:161} INFO - Started process (PID=22059) to work on /home/airflow/.local/lib/python3.12/site-packages/airflow/example_dags/example_branch_python_dop_operator_3.py
[2026-05-16T13:51:12.494+0000] {processor.py:830} INFO - Processing file /home/airflow/.local/lib/python3.12/site-packages/airflow/example_dags/example_branch_python_dop_operator_3.py for tasks to queue
[2026-05-16T13:51:12.494+0000] {logging_mixin.py:188} INFO - [2026-05-16T13:51:12.494+0000] {dagbag.py:545} INFO - Filling up the DagBag from /home/airflow/.local/lib/python3.12/site-packages/airflow/example_dags/example_branch_python_dop_operator_3.py
[2026-05-16T13:51:12.497+0000] {processor.py:840} INFO - DAG(s) 'example_branch_dop_operator_v3' retrieved from /home/airflow/.local/lib/python3.12/site-packages/airflow/example_dags/example_branch_python_dop_operator_3.py
[2026-05-16T13:51:12.504+0000] {logging_mixin.py:188} INFO - [2026-05-16T13:51:12.504+0000] {dag.py:3089} INFO - Sync 1 DAGs
[2026-05-16T13:51:12.512+0000] {logging_mixin.py:188} INFO - [2026-05-16T13:51:12.512+0000] {dag.py:3947} INFO - Setting next_dagrun for example_branch_dop_operator_v3 to 2026-05-16 13:50:00+00:00, run_after=2026-05-16 13:51:00+00:00
[2026-05-16T13:51:12.517+0000] {processor.py:183} INFO - Processing /home/airflow/.local/lib/python3.12/site-packages/airflow/example_dags/example_branch_python_dop_operator_3.py took 0.026 seconds
[2026-05-16T13:51:42.855+0000] {processor.py:161} INFO - Started process (PID=22121) to work on /home/airflow/.local/lib/python3.12/site-packages/airflow/example_dags/example_branch_python_dop_operator_3.py
[2026-05-16T13:51:42.856+0000] {processor.py:830} INFO - Processing file /home/airflow/.local/lib/python3.12/site-packages/airflow/example_dags/example_branch_python_dop_operator_3.py for tasks to queue
[2026-05-16T13:51:42.856+0000] {logging_mixin.py:188} INFO - [2026-05-16T13:51:42.856+0000] {dagbag.py:545} INFO - Filling up the DagBag from /home/airflow/.local/lib/python3.12/site-packages/airflow/example_dags/example_branch_python_dop_operator_3.py
[2026-05-16T13:51:42.859+0000] {processor.py:840} INFO - DAG(s) 'example_branch_dop_operator_v3' retrieved from /home/airflow/.local/lib/python3.12/site-packages/airflow/example_dags/example_branch_python_dop_operator_3.py
[2026-05-16T13:51:42.868+0000] {logging_mixin.py:188} INFO - [2026-05-16T13:51:42.868+0000] {dag.py:3089} INFO - Sync 1 DAGs
[2026-05-16T13:51:42.876+0000] {logging_mixin.py:188} INFO - [2026-05-16T13:51:42.876+0000] {dag.py:3947} INFO - Setting next_dagrun for example_branch_dop_operator_v3 to 2026-05-16 13:50:00+00:00, run_after=2026-05-16 13:51:00+00:00
[2026-05-16T13:51:42.881+0000] {processor.py:183} INFO - Processing /home/airflow/.local/lib/python3.12/site-packages/airflow/example_dags/example_branch_python_dop_operator_3.py took 0.030 seconds
[2026-05-16T13:52:13.370+0000] {processor.py:161} INFO - Started process (PID=22182) to work on /home/airflow/.local/lib/python3.12/site-packages/airflow/example_dags/example_branch_python_dop_operator_3.py
[2026-05-16T13:52:13.370+0000] {processor.py:830} INFO - Processing file /home/airflow/.local/lib/python3.12/site-packages/airflow/example_dags/example_branch_python_dop_operator_3.py for tasks to queue
[2026-05-16T13:52:13.371+0000] {logging_mixin.py:188} INFO - [2026-05-16T13:52:13.370+0000] {dagbag.py:545} INFO - Filling up the DagBag from /home/airflow/.local/lib/python3.12/site-packages/airflow/example_dags/example_branch_python_dop_operator_3.py
[2026-05-16T13:52:13.374+0000] {processor.py:840} INFO - DAG(s) 'example_branch_dop_operator_v3' retrieved from /home/airflow/.local/lib/python3.12/site-packages/airflow/example_dags/example_branch_python_dop_operator_3.py
[2026-05-16T13:52:13.383+0000] {logging_mixin.py:188} INFO - [2026-05-16T13:52:13.383+0000] {dag.py:3089} INFO - Sync 1 DAGs
[2026-05-16T13:52:13.392+0000] {logging_mixin.py:188} INFO - [2026-05-16T13:52:13.392+0000] {dag.py:3947} INFO - Setting next_dagrun for example_branch_dop_operator_v3 to 2026-05-16 13:51:00+00:00, run_after=2026-05-16 13:52:00+00:00
[2026-05-16T13:52:13.397+0000] {processor.py:183} INFO - Processing /home/airflow/.local/lib/python3.12/site-packages/airflow/example_dags/example_branch_python_dop_operator_3.py took 0.030 seconds
[2026-05-16T13:52:44.166+0000] {processor.py:161} INFO - Started process (PID=22244) to work on /home/airflow/.local/lib/python3.12/site-packages/airflow/example_dags/example_branch_python_dop_operator_3.py
[2026-05-16T13:52:44.167+0000] {processor.py:830} INFO - Processing file /home/airflow/.local/lib/python3.12/site-packages/airflow/example_dags/example_branch_python_dop_operator_3.py for tasks to queue
[2026-05-16T13:52:44.167+0000] {logging_mixin.py:188} INFO - [2026-05-16T13:52:44.167+0000] {dagbag.py:545} INFO - Filling up the DagBag from /home/airflow/.local/lib/python3.12/site-packages/airflow/example_dags/example_branch_python_dop_operator_3.py
[2026-05-16T13:52:44.170+0000] {processor.py:840} INFO - DAG(s) 'example_branch_dop_operator_v3' retrieved from /home/airflow/.local/lib/python3.12/site-packages/airflow/example_dags/example_branch_python_dop_operator_3.py
[2026-05-16T13:52:44.177+0000] {logging_mixin.py:188} INFO - [2026-05-16T13:52:44.177+0000] {dag.py:3089} INFO - Sync 1 DAGs
[2026-05-16T13:52:44.184+0000] {logging_mixin.py:188} INFO - [2026-05-16T13:52:44.184+0000] {dag.py:3947} INFO - Setting next_dagrun for example_branch_dop_operator_v3 to 2026-05-16 13:51:00+00:00, run_after=2026-05-16 13:52:00+00:00
[2026-05-16T13:52:44.190+0000] {processor.py:183} INFO - Processing /home/airflow/.local/lib/python3.12/site-packages/airflow/example_dags/example_branch_python_dop_operator_3.py took 0.026 seconds
[2026-05-16T13:53:14.741+0000] {processor.py:161} INFO - Started process (PID=22306) to work on /home/airflow/.local/lib/python3.12/site-packages/airflow/example_dags/example_branch_python_dop_operator_3.py
[2026-05-16T13:53:14.742+0000] {processor.py:830} INFO - Processing file /home/airflow/.local/lib/python3.12/site-packages/airflow/example_dags/example_branch_python_dop_operator_3.py for tasks to queue
[2026-05-16T13:53:14.742+0000] {logging_mixin.py:188} INFO - [2026-05-16T13:53:14.742+0000] {dagbag.py:545} INFO - Filling up the DagBag from /home/airflow/.local/lib/python3.12/site-packages/airflow/example_dags/example_branch_python_dop_operator_3.py
[2026-05-16T13:53:14.750+0000] {processor.py:840} INFO - DAG(s) 'example_branch_dop_operator_v3' retrieved from /home/airflow/.local/lib/python3.12/site-packages/airflow/example_dags/example_branch_python_dop_operator_3.py
[2026-05-16T13:53:14.765+0000] {logging_mixin.py:188} INFO - [2026-05-16T13:53:14.765+0000] {dag.py:3089} INFO - Sync 1 DAGs
[2026-05-16T13:53:14.777+0000] {logging_mixin.py:188} INFO - [2026-05-16T13:53:14.777+0000] {dag.py:3947} INFO - Setting next_dagrun for example_branch_dop_operator_v3 to 2026-05-16 13:52:00+00:00, run_after=2026-05-16 13:53:00+00:00
[2026-05-16T13:53:14.790+0000] {processor.py:183} INFO - Processing /home/airflow/.local/lib/python3.12/site-packages/airflow/example_dags/example_branch_python_dop_operator_3.py took 0.053 seconds
[2026-05-16T13:53:45.353+0000] {processor.py:161} INFO - Started process (PID=22368) to work on /home/airflow/.local/lib/python3.12/site-packages/airflow/example_dags/example_branch_python_dop_operator_3.py
[2026-05-16T13:53:45.353+0000] {processor.py:830} INFO - Processing file /home/airflow/.local/lib/python3.12/site-packages/airflow/example_dags/example_branch_python_dop_operator_3.py for tasks to queue
[2026-05-16T13:53:45.353+0000] {logging_mixin.py:188} INFO - [2026-05-16T13:53:45.353+0000] {dagbag.py:545} INFO - Filling up the DagBag from /home/airflow/.local/lib/python3.12/site-packages/airflow/example_dags/example_branch_python_dop_operator_3.py
[2026-05-16T13:53:45.358+0000] {processor.py:840} INFO - DAG(s) 'example_branch_dop_operator_v3' retrieved from /home/airflow/.local/lib/python3.12/site-packages/airflow/example_dags/example_branch_python_dop_operator_3.py
[2026-05-16T13:53:45.374+0000] {logging_mixin.py:188} INFO - [2026-05-16T13:53:45.374+0000] {dag.py:3089} INFO - Sync 1 DAGs
[2026-05-16T13:53:45.382+0000] {logging_mixin.py:188} INFO - [2026-05-16T13:53:45.382+0000] {dag.py:3947} INFO - Setting next_dagrun for example_branch_dop_operator_v3 to 2026-05-16 13:52:00+00:00, run_after=2026-05-16 13:53:00+00:00
[2026-05-16T13:53:45.387+0000] {processor.py:183} INFO - Processing /home/airflow/.local/lib/python3.12/site-packages/airflow/example_dags/example_branch_python_dop_operator_3.py took 0.038 seconds
[2026-05-16T13:54:15.997+0000] {processor.py:161} INFO - Started process (PID=22430) to work on /home/airflow/.local/lib/python3.12/site-packages/airflow/example_dags/example_branch_python_dop_operator_3.py
[2026-05-16T13:54:15.997+0000] {processor.py:830} INFO - Processing file /home/airflow/.local/lib/python3.12/site-packages/airflow/example_dags/example_branch_python_dop_operator_3.py for tasks to queue
[2026-05-16T13:54:15.998+0000] {logging_mixin.py:188} INFO - [2026-05-16T13:54:15.998+0000] {dagbag.py:545} INFO - Filling up the DagBag from /home/airflow/.local/lib/python3.12/site-packages/airflow/example_dags/example_branch_python_dop_operator_3.py
[2026-05-16T13:54:16.005+0000] {processor.py:840} INFO - DAG(s) 'example_branch_dop_operator_v3' retrieved from /home/airflow/.local/lib/python3.12/site-packages/airflow/example_dags/example_branch_python_dop_operator_3.py
[2026-05-16T13:54:16.013+0000] {logging_mixin.py:188} INFO - [2026-05-16T13:54:16.013+0000] {dag.py:3089} INFO - Sync 1 DAGs
[2026-05-16T13:54:16.023+0000] {logging_mixin.py:188} INFO - [2026-05-16T13:54:16.023+0000] {dag.py:3947} INFO - Setting next_dagrun for example_branch_dop_operator_v3 to 2026-05-16 13:53:00+00:00, run_after=2026-05-16 13:54:00+00:00
[2026-05-16T13:54:16.029+0000] {processor.py:183} INFO - Processing /home/airflow/.local/lib/python3.12/site-packages/airflow/example_dags/example_branch_python_dop_operator_3.py took 0.035 seconds
[2026-05-16T13:54:46.423+0000] {processor.py:161} INFO - Started process (PID=22492) to work on /home/airflow/.local/lib/python3.12/site-packages/airflow/example_dags/example_branch_python_dop_operator_3.py
[2026-05-16T13:54:46.423+0000] {processor.py:830} INFO - Processing file /home/airflow/.local/lib/python3.12/site-packages/airflow/example_dags/example_branch_python_dop_operator_3.py for tasks to queue
[2026-05-16T13:54:46.424+0000] {logging_mixin.py:188} INFO - [2026-05-16T13:54:46.423+0000] {dagbag.py:545} INFO - Filling up the DagBag from /home/airflow/.local/lib/python3.12/site-packages/airflow/example_dags/example_branch_python_dop_operator_3.py
[2026-05-16T13:54:46.427+0000] {processor.py:840} INFO - DAG(s) 'example_branch_dop_operator_v3' retrieved from /home/airflow/.local/lib/python3.12/site-packages/airflow/example_dags/example_branch_python_dop_operator_3.py
[2026-05-16T13:54:46.435+0000] {logging_mixin.py:188} INFO - [2026-05-16T13:54:46.434+0000] {dag.py:3089} INFO - Sync 1 DAGs
[2026-05-16T13:54:46.442+0000] {logging_mixin.py:188} INFO - [2026-05-16T13:54:46.442+0000] {dag.py:3947} INFO - Setting next_dagrun for example_branch_dop_operator_v3 to 2026-05-16 13:53:00+00:00, run_after=2026-05-16 13:54:00+00:00
[2026-05-16T13:54:46.447+0000] {processor.py:183} INFO - Processing /home/airflow/.local/lib/python3.12/site-packages/airflow/example_dags/example_branch_python_dop_operator_3.py took 0.027 seconds
[2026-05-16T13:55:16.972+0000] {processor.py:161} INFO - Started process (PID=22554) to work on /home/airflow/.local/lib/python3.12/site-packages/airflow/example_dags/example_branch_python_dop_operator_3.py
[2026-05-16T13:55:16.973+0000] {processor.py:830} INFO - Processing file /home/airflow/.local/lib/python3.12/site-packages/airflow/example_dags/example_branch_python_dop_operator_3.py for tasks to queue
[2026-05-16T13:55:16.973+0000] {logging_mixin.py:188} INFO - [2026-05-16T13:55:16.973+0000] {dagbag.py:545} INFO - Filling up the DagBag from /home/airflow/.local/lib/python3.12/site-packages/airflow/example_dags/example_branch_python_dop_operator_3.py
[2026-05-16T13:55:16.976+0000] {processor.py:840} INFO - DAG(s) 'example_branch_dop_operator_v3' retrieved from /home/airflow/.local/lib/python3.12/site-packages/airflow/example_dags/example_branch_python_dop_operator_3.py
[2026-05-16T13:55:16.986+0000] {logging_mixin.py:188} INFO - [2026-05-16T13:55:16.986+0000] {dag.py:3089} INFO - Sync 1 DAGs
[2026-05-16T13:55:16.996+0000] {logging_mixin.py:188} INFO - [2026-05-16T13:55:16.996+0000] {dag.py:3947} INFO - Setting next_dagrun for example_branch_dop_operator_v3 to 2026-05-16 13:54:00+00:00, run_after=2026-05-16 13:55:00+00:00
[2026-05-16T13:55:17.002+0000] {processor.py:183} INFO - Processing /home/airflow/.local/lib/python3.12/site-packages/airflow/example_dags/example_branch_python_dop_operator_3.py took 0.033 seconds
[2026-05-16T13:55:47.446+0000] {processor.py:161} INFO - Started process (PID=22616) to work on /home/airflow/.local/lib/python3.12/site-packages/airflow/example_dags/example_branch_python_dop_operator_3.py
[2026-05-16T13:55:47.447+0000] {processor.py:830} INFO - Processing file /home/airflow/.local/lib/python3.12/site-packages/airflow/example_dags/example_branch_python_dop_operator_3.py for tasks to queue
[2026-05-16T13:55:47.447+0000] {logging_mixin.py:188} INFO - [2026-05-16T13:55:47.447+0000] {dagbag.py:545} INFO - Filling up the DagBag from /home/airflow/.local/lib/python3.12/site-packages/airflow/example_dags/example_branch_python_dop_operator_3.py
[2026-05-16T13:55:47.450+0000] {processor.py:840} INFO - DAG(s) 'example_branch_dop_operator_v3' retrieved from /home/airflow/.local/lib/python3.12/site-packages/airflow/example_dags/example_branch_python_dop_operator_3.py
[2026-05-16T13:55:47.458+0000] {logging_mixin.py:188} INFO - [2026-05-16T13:55:47.458+0000] {dag.py:3089} INFO - Sync 1 DAGs
[2026-05-16T13:55:47.465+0000] {logging_mixin.py:188} INFO - [2026-05-16T13:55:47.465+0000] {dag.py:3947} INFO - Setting next_dagrun for example_branch_dop_operator_v3 to 2026-05-16 13:54:00+00:00, run_after=2026-05-16 13:55:00+00:00
[2026-05-16T13:55:47.470+0000] {processor.py:183} INFO - Processing /home/airflow/.local/lib/python3.12/site-packages/airflow/example_dags/example_branch_python_dop_operator_3.py took 0.026 seconds
[2026-05-16T13:56:17.909+0000] {processor.py:161} INFO - Started process (PID=22678) to work on /home/airflow/.local/lib/python3.12/site-packages/airflow/example_dags/example_branch_python_dop_operator_3.py
[2026-05-16T13:56:17.910+0000] {processor.py:830} INFO - Processing file /home/airflow/.local/lib/python3.12/site-packages/airflow/example_dags/example_branch_python_dop_operator_3.py for tasks to queue
[2026-05-16T13:56:17.910+0000] {logging_mixin.py:188} INFO - [2026-05-16T13:56:17.910+0000] {dagbag.py:545} INFO - Filling up the DagBag from /home/airflow/.local/lib/python3.12/site-packages/airflow/example_dags/example_branch_python_dop_operator_3.py
[2026-05-16T13:56:17.914+0000] {processor.py:840} INFO - DAG(s) 'example_branch_dop_operator_v3' retrieved from /home/airflow/.local/lib/python3.12/site-packages/airflow/example_dags/example_branch_python_dop_operator_3.py
[2026-05-16T13:56:17.926+0000] {logging_mixin.py:188} INFO - [2026-05-16T13:56:17.926+0000] {dag.py:3089} INFO - Sync 1 DAGs
[2026-05-16T13:56:17.935+0000] {logging_mixin.py:188} INFO - [2026-05-16T13:56:17.935+0000] {dag.py:3947} INFO - Setting next_dagrun for example_branch_dop_operator_v3 to 2026-05-16 13:55:00+00:00, run_after=2026-05-16 13:56:00+00:00
[2026-05-16T13:56:17.941+0000] {processor.py:183} INFO - Processing /home/airflow/.local/lib/python3.12/site-packages/airflow/example_dags/example_branch_python_dop_operator_3.py took 0.034 seconds
[2026-05-16T13:56:48.359+0000] {processor.py:161} INFO - Started process (PID=22740) to work on /home/airflow/.local/lib/python3.12/site-packages/airflow/example_dags/example_branch_python_dop_operator_3.py
[2026-05-16T13:56:48.359+0000] {processor.py:830} INFO - Processing file /home/airflow/.local/lib/python3.12/site-packages/airflow/example_dags/example_branch_python_dop_operator_3.py for tasks to queue
[2026-05-16T13:56:48.359+0000] {logging_mixin.py:188} INFO - [2026-05-16T13:56:48.359+0000] {dagbag.py:545} INFO - Filling up the DagBag from /home/airflow/.local/lib/python3.12/site-packages/airflow/example_dags/example_branch_python_dop_operator_3.py
[2026-05-16T13:56:48.363+0000] {processor.py:840} INFO - DAG(s) 'example_branch_dop_operator_v3' retrieved from /home/airflow/.local/lib/python3.12/site-packages/airflow/example_dags/example_branch_python_dop_operator_3.py
[2026-05-16T13:56:48.371+0000] {logging_mixin.py:188} INFO - [2026-05-16T13:56:48.370+0000] {dag.py:3089} INFO - Sync 1 DAGs
[2026-05-16T13:56:48.380+0000] {logging_mixin.py:188} INFO - [2026-05-16T13:56:48.380+0000] {dag.py:3947} INFO - Setting next_dagrun for example_branch_dop_operator_v3 to 2026-05-16 13:55:00+00:00, run_after=2026-05-16 13:56:00+00:00
[2026-05-16T13:56:48.386+0000] {processor.py:183} INFO - Processing /home/airflow/.local/lib/python3.12/site-packages/airflow/example_dags/example_branch_python_dop_operator_3.py took 0.030 seconds
[2026-05-16T13:57:18.738+0000] {processor.py:161} INFO - Started process (PID=22802) to work on /home/airflow/.local/lib/python3.12/site-packages/airflow/example_dags/example_branch_python_dop_operator_3.py
[2026-05-16T13:57:18.738+0000] {processor.py:830} INFO - Processing file /home/airflow/.local/lib/python3.12/site-packages/airflow/example_dags/example_branch_python_dop_operator_3.py for tasks to queue
[2026-05-16T13:57:18.738+0000] {logging_mixin.py:188} INFO - [2026-05-16T13:57:18.738+0000] {dagbag.py:545} INFO - Filling up the DagBag from /home/airflow/.local/lib/python3.12/site-packages/airflow/example_dags/example_branch_python_dop_operator_3.py
[2026-05-16T13:57:18.741+0000] {processor.py:840} INFO - DAG(s) 'example_branch_dop_operator_v3' retrieved from /home/airflow/.local/lib/python3.12/site-packages/airflow/example_dags/example_branch_python_dop_operator_3.py
[2026-05-16T13:57:18.748+0000] {logging_mixin.py:188} INFO - [2026-05-16T13:57:18.748+0000] {dag.py:3089} INFO - Sync 1 DAGs
[2026-05-16T13:57:18.756+0000] {logging_mixin.py:188} INFO - [2026-05-16T13:57:18.756+0000] {dag.py:3947} INFO - Setting next_dagrun for example_branch_dop_operator_v3 to 2026-05-16 13:56:00+00:00, run_after=2026-05-16 13:57:00+00:00
[2026-05-16T13:57:18.761+0000] {processor.py:183} INFO - Processing /home/airflow/.local/lib/python3.12/site-packages/airflow/example_dags/example_branch_python_dop_operator_3.py took 0.026 seconds
[2026-05-16T13:57:49.128+0000] {processor.py:161} INFO - Started process (PID=22864) to work on /home/airflow/.local/lib/python3.12/site-packages/airflow/example_dags/example_branch_python_dop_operator_3.py
[2026-05-16T13:57:49.128+0000] {processor.py:830} INFO - Processing file /home/airflow/.local/lib/python3.12/site-packages/airflow/example_dags/example_branch_python_dop_operator_3.py for tasks to queue
[2026-05-16T13:57:49.129+0000] {logging_mixin.py:188} INFO - [2026-05-16T13:57:49.129+0000] {dagbag.py:545} INFO - Filling up the DagBag from /home/airflow/.local/lib/python3.12/site-packages/airflow/example_dags/example_branch_python_dop_operator_3.py
[2026-05-16T13:57:49.132+0000] {processor.py:840} INFO - DAG(s) 'example_branch_dop_operator_v3' retrieved from /home/airflow/.local/lib/python3.12/site-packages/airflow/example_dags/example_branch_python_dop_operator_3.py
[2026-05-16T13:57:49.139+0000] {logging_mixin.py:188} INFO - [2026-05-16T13:57:49.139+0000] {dag.py:3089} INFO - Sync 1 DAGs
[2026-05-16T13:57:49.147+0000] {logging_mixin.py:188} INFO - [2026-05-16T13:57:49.147+0000] {dag.py:3947} INFO - Setting next_dagrun for example_branch_dop_operator_v3 to 2026-05-16 13:56:00+00:00, run_after=2026-05-16 13:57:00+00:00
[2026-05-16T13:57:49.152+0000] {processor.py:183} INFO - Processing /home/airflow/.local/lib/python3.12/site-packages/airflow/example_dags/example_branch_python_dop_operator_3.py took 0.027 seconds
[2026-05-16T13:58:19.546+0000] {processor.py:161} INFO - Started process (PID=22927) to work on /home/airflow/.local/lib/python3.12/site-packages/airflow/example_dags/example_branch_python_dop_operator_3.py
[2026-05-16T13:58:19.547+0000] {processor.py:830} INFO - Processing file /home/airflow/.local/lib/python3.12/site-packages/airflow/example_dags/example_branch_python_dop_operator_3.py for tasks to queue
[2026-05-16T13:58:19.547+0000] {logging_mixin.py:188} INFO - [2026-05-16T13:58:19.547+0000] {dagbag.py:545} INFO - Filling up the DagBag from /home/airflow/.local/lib/python3.12/site-packages/airflow/example_dags/example_branch_python_dop_operator_3.py
[2026-05-16T13:58:19.551+0000] {processor.py:840} INFO - DAG(s) 'example_branch_dop_operator_v3' retrieved from /home/airflow/.local/lib/python3.12/site-packages/airflow/example_dags/example_branch_python_dop_operator_3.py
[2026-05-16T13:58:19.559+0000] {logging_mixin.py:188} INFO - [2026-05-16T13:58:19.559+0000] {dag.py:3089} INFO - Sync 1 DAGs
[2026-05-16T13:58:19.569+0000] {logging_mixin.py:188} INFO - [2026-05-16T13:58:19.569+0000] {dag.py:3947} INFO - Setting next_dagrun for example_branch_dop_operator_v3 to 2026-05-16 13:57:00+00:00, run_after=2026-05-16 13:58:00+00:00
[2026-05-16T13:58:19.575+0000] {processor.py:183} INFO - Processing /home/airflow/.local/lib/python3.12/site-packages/airflow/example_dags/example_branch_python_dop_operator_3.py took 0.031 seconds
[2026-05-16T13:58:49.914+0000] {processor.py:161} INFO - Started process (PID=22988) to work on /home/airflow/.local/lib/python3.12/site-packages/airflow/example_dags/example_branch_python_dop_operator_3.py
[2026-05-16T13:58:49.914+0000] {processor.py:830} INFO - Processing file /home/airflow/.local/lib/python3.12/site-packages/airflow/example_dags/example_branch_python_dop_operator_3.py for tasks to queue
[2026-05-16T13:58:49.915+0000] {logging_mixin.py:188} INFO - [2026-05-16T13:58:49.914+0000] {dagbag.py:545} INFO - Filling up the DagBag from /home/airflow/.local/lib/python3.12/site-packages/airflow/example_dags/example_branch_python_dop_operator_3.py
[2026-05-16T13:58:49.918+0000] {processor.py:840} INFO - DAG(s) 'example_branch_dop_operator_v3' retrieved from /home/airflow/.local/lib/python3.12/site-packages/airflow/example_dags/example_branch_python_dop_operator_3.py
[2026-05-16T13:58:49.923+0000] {logging_mixin.py:188} INFO - [2026-05-16T13:58:49.923+0000] {dag.py:3089} INFO - Sync 1 DAGs
[2026-05-16T13:58:49.931+0000] {logging_mixin.py:188} INFO - [2026-05-16T13:58:49.931+0000] {dag.py:3947} INFO - Setting next_dagrun for example_branch_dop_operator_v3 to 2026-05-16 13:57:00+00:00, run_after=2026-05-16 13:58:00+00:00
[2026-05-16T13:58:49.935+0000] {processor.py:183} INFO - Processing /home/airflow/.local/lib/python3.12/site-packages/airflow/example_dags/example_branch_python_dop_operator_3.py took 0.024 seconds
[2026-05-16T13:59:20.293+0000] {processor.py:161} INFO - Started process (PID=23049) to work on /home/airflow/.local/lib/python3.12/site-packages/airflow/example_dags/example_branch_python_dop_operator_3.py
[2026-05-16T13:59:20.293+0000] {processor.py:830} INFO - Processing file /home/airflow/.local/lib/python3.12/site-packages/airflow/example_dags/example_branch_python_dop_operator_3.py for tasks to queue
[2026-05-16T13:59:20.294+0000] {logging_mixin.py:188} INFO - [2026-05-16T13:59:20.294+0000] {dagbag.py:545} INFO - Filling up the DagBag from /home/airflow/.local/lib/python3.12/site-packages/airflow/example_dags/example_branch_python_dop_operator_3.py
[2026-05-16T13:59:20.297+0000] {processor.py:840} INFO - DAG(s) 'example_branch_dop_operator_v3' retrieved from /home/airflow/.local/lib/python3.12/site-packages/airflow/example_dags/example_branch_python_dop_operator_3.py
[2026-05-16T13:59:20.304+0000] {logging_mixin.py:188} INFO - [2026-05-16T13:59:20.304+0000] {dag.py:3089} INFO - Sync 1 DAGs
[2026-05-16T13:59:20.312+0000] {logging_mixin.py:188} INFO - [2026-05-16T13:59:20.312+0000] {dag.py:3947} INFO - Setting next_dagrun for example_branch_dop_operator_v3 to 2026-05-16 13:58:00+00:00, run_after=2026-05-16 13:59:00+00:00
[2026-05-16T13:59:20.319+0000] {processor.py:183} INFO - Processing /home/airflow/.local/lib/python3.12/site-packages/airflow/example_dags/example_branch_python_dop_operator_3.py took 0.030 seconds
[2026-05-16T13:59:50.877+0000] {processor.py:161} INFO - Started process (PID=23111) to work on /home/airflow/.local/lib/python3.12/site-packages/airflow/example_dags/example_branch_python_dop_operator_3.py
[2026-05-16T13:59:50.877+0000] {processor.py:830} INFO - Processing file /home/airflow/.local/lib/python3.12/site-packages/airflow/example_dags/example_branch_python_dop_operator_3.py for tasks to queue
[2026-05-16T13:59:50.877+0000] {logging_mixin.py:188} INFO - [2026-05-16T13:59:50.877+0000] {dagbag.py:545} INFO - Filling up the DagBag from /home/airflow/.local/lib/python3.12/site-packages/airflow/example_dags/example_branch_python_dop_operator_3.py
[2026-05-16T13:59:50.881+0000] {processor.py:840} INFO - DAG(s) 'example_branch_dop_operator_v3' retrieved from /home/airflow/.local/lib/python3.12/site-packages/airflow/example_dags/example_branch_python_dop_operator_3.py
[2026-05-16T13:59:50.888+0000] {logging_mixin.py:188} INFO - [2026-05-16T13:59:50.888+0000] {dag.py:3089} INFO - Sync 1 DAGs
[2026-05-16T13:59:50.897+0000] {logging_mixin.py:188} INFO - [2026-05-16T13:59:50.897+0000] {dag.py:3947} INFO - Setting next_dagrun for example_branch_dop_operator_v3 to 2026-05-16 13:58:00+00:00, run_after=2026-05-16 13:59:00+00:00
[2026-05-16T13:59:50.902+0000] {processor.py:183} INFO - Processing /home/airflow/.local/lib/python3.12/site-packages/airflow/example_dags/example_branch_python_dop_operator_3.py took 0.027 seconds
[2026-05-16T14:00:21.348+0000] {processor.py:161} INFO - Started process (PID=23173) to work on /home/airflow/.local/lib/python3.12/site-packages/airflow/example_dags/example_branch_python_dop_operator_3.py
[2026-05-16T14:00:21.348+0000] {processor.py:830} INFO - Processing file /home/airflow/.local/lib/python3.12/site-packages/airflow/example_dags/example_branch_python_dop_operator_3.py for tasks to queue
[2026-05-16T14:00:21.349+0000] {logging_mixin.py:188} INFO - [2026-05-16T14:00:21.348+0000] {dagbag.py:545} INFO - Filling up the DagBag from /home/airflow/.local/lib/python3.12/site-packages/airflow/example_dags/example_branch_python_dop_operator_3.py
[2026-05-16T14:00:21.352+0000] {processor.py:840} INFO - DAG(s) 'example_branch_dop_operator_v3' retrieved from /home/airflow/.local/lib/python3.12/site-packages/airflow/example_dags/example_branch_python_dop_operator_3.py
[2026-05-16T14:00:21.359+0000] {logging_mixin.py:188} INFO - [2026-05-16T14:00:21.359+0000] {dag.py:3089} INFO - Sync 1 DAGs
[2026-05-16T14:00:21.367+0000] {logging_mixin.py:188} INFO - [2026-05-16T14:00:21.367+0000] {dag.py:3947} INFO - Setting next_dagrun for example_branch_dop_operator_v3 to 2026-05-16 13:59:00+00:00, run_after=2026-05-16 14:00:00+00:00
[2026-05-16T14:00:21.372+0000] {processor.py:183} INFO - Processing /home/airflow/.local/lib/python3.12/site-packages/airflow/example_dags/example_branch_python_dop_operator_3.py took 0.026 seconds
[2026-05-16T14:00:51.766+0000] {processor.py:161} INFO - Started process (PID=23235) to work on /home/airflow/.local/lib/python3.12/site-packages/airflow/example_dags/example_branch_python_dop_operator_3.py
[2026-05-16T14:00:51.766+0000] {processor.py:830} INFO - Processing file /home/airflow/.local/lib/python3.12/site-packages/airflow/example_dags/example_branch_python_dop_operator_3.py for tasks to queue
[2026-05-16T14:00:51.767+0000] {logging_mixin.py:188} INFO - [2026-05-16T14:00:51.767+0000] {dagbag.py:545} INFO - Filling up the DagBag from /home/airflow/.local/lib/python3.12/site-packages/airflow/example_dags/example_branch_python_dop_operator_3.py
[2026-05-16T14:00:51.770+0000] {processor.py:840} INFO - DAG(s) 'example_branch_dop_operator_v3' retrieved from /home/airflow/.local/lib/python3.12/site-packages/airflow/example_dags/example_branch_python_dop_operator_3.py
[2026-05-16T14:00:51.777+0000] {logging_mixin.py:188} INFO - [2026-05-16T14:00:51.777+0000] {dag.py:3089} INFO - Sync 1 DAGs
[2026-05-16T14:00:51.785+0000] {logging_mixin.py:188} INFO - [2026-05-16T14:00:51.784+0000] {dag.py:3947} INFO - Setting next_dagrun for example_branch_dop_operator_v3 to 2026-05-16 13:59:00+00:00, run_after=2026-05-16 14:00:00+00:00
[2026-05-16T14:00:51.789+0000] {processor.py:183} INFO - Processing /home/airflow/.local/lib/python3.12/site-packages/airflow/example_dags/example_branch_python_dop_operator_3.py took 0.025 seconds
[2026-05-16T14:01:22.194+0000] {processor.py:161} INFO - Started process (PID=23297) to work on /home/airflow/.local/lib/python3.12/site-packages/airflow/example_dags/example_branch_python_dop_operator_3.py
[2026-05-16T14:01:22.194+0000] {processor.py:830} INFO - Processing file /home/airflow/.local/lib/python3.12/site-packages/airflow/example_dags/example_branch_python_dop_operator_3.py for tasks to queue
[2026-05-16T14:01:22.195+0000] {logging_mixin.py:188} INFO - [2026-05-16T14:01:22.195+0000] {dagbag.py:545} INFO - Filling up the DagBag from /home/airflow/.local/lib/python3.12/site-packages/airflow/example_dags/example_branch_python_dop_operator_3.py
[2026-05-16T14:01:22.198+0000] {processor.py:840} INFO - DAG(s) 'example_branch_dop_operator_v3' retrieved from /home/airflow/.local/lib/python3.12/site-packages/airflow/example_dags/example_branch_python_dop_operator_3.py
[2026-05-16T14:01:22.205+0000] {logging_mixin.py:188} INFO - [2026-05-16T14:01:22.205+0000] {dag.py:3089} INFO - Sync 1 DAGs
[2026-05-16T14:01:22.213+0000] {logging_mixin.py:188} INFO - [2026-05-16T14:01:22.213+0000] {dag.py:3947} INFO - Setting next_dagrun for example_branch_dop_operator_v3 to 2026-05-16 14:00:00+00:00, run_after=2026-05-16 14:01:00+00:00
[2026-05-16T14:01:22.219+0000] {processor.py:183} INFO - Processing /home/airflow/.local/lib/python3.12/site-packages/airflow/example_dags/example_branch_python_dop_operator_3.py took 0.028 seconds
[2026-05-16T14:01:52.672+0000] {processor.py:161} INFO - Started process (PID=23359) to work on /home/airflow/.local/lib/python3.12/site-packages/airflow/example_dags/example_branch_python_dop_operator_3.py
[2026-05-16T14:01:52.672+0000] {processor.py:830} INFO - Processing file /home/airflow/.local/lib/python3.12/site-packages/airflow/example_dags/example_branch_python_dop_operator_3.py for tasks to queue
[2026-05-16T14:01:52.673+0000] {logging_mixin.py:188} INFO - [2026-05-16T14:01:52.672+0000] {dagbag.py:545} INFO - Filling up the DagBag from /home/airflow/.local/lib/python3.12/site-packages/airflow/example_dags/example_branch_python_dop_operator_3.py
[2026-05-16T14:01:52.676+0000] {processor.py:840} INFO - DAG(s) 'example_branch_dop_operator_v3' retrieved from /home/airflow/.local/lib/python3.12/site-packages/airflow/example_dags/example_branch_python_dop_operator_3.py
[2026-05-16T14:01:52.682+0000] {logging_mixin.py:188} INFO - [2026-05-16T14:01:52.682+0000] {dag.py:3089} INFO - Sync 1 DAGs
[2026-05-16T14:01:52.691+0000] {logging_mixin.py:188} INFO - [2026-05-16T14:01:52.691+0000] {dag.py:3947} INFO - Setting next_dagrun for example_branch_dop_operator_v3 to 2026-05-16 14:00:00+00:00, run_after=2026-05-16 14:01:00+00:00
[2026-05-16T14:01:52.696+0000] {processor.py:183} INFO - Processing /home/airflow/.local/lib/python3.12/site-packages/airflow/example_dags/example_branch_python_dop_operator_3.py took 0.026 seconds
[2026-05-16T14:02:23.027+0000] {processor.py:161} INFO - Started process (PID=23421) to work on /home/airflow/.local/lib/python3.12/site-packages/airflow/example_dags/example_branch_python_dop_operator_3.py
[2026-05-16T14:02:23.027+0000] {processor.py:830} INFO - Processing file /home/airflow/.local/lib/python3.12/site-packages/airflow/example_dags/example_branch_python_dop_operator_3.py for tasks to queue
[2026-05-16T14:02:23.027+0000] {logging_mixin.py:188} INFO - [2026-05-16T14:02:23.027+0000] {dagbag.py:545} INFO - Filling up the DagBag from /home/airflow/.local/lib/python3.12/site-packages/airflow/example_dags/example_branch_python_dop_operator_3.py
[2026-05-16T14:02:23.030+0000] {processor.py:840} INFO - DAG(s) 'example_branch_dop_operator_v3' retrieved from /home/airflow/.local/lib/python3.12/site-packages/airflow/example_dags/example_branch_python_dop_operator_3.py
[2026-05-16T14:02:23.038+0000] {logging_mixin.py:188} INFO - [2026-05-16T14:02:23.038+0000] {dag.py:3089} INFO - Sync 1 DAGs
[2026-05-16T14:02:23.045+0000] {logging_mixin.py:188} INFO - [2026-05-16T14:02:23.045+0000] {dag.py:3947} INFO - Setting next_dagrun for example_branch_dop_operator_v3 to 2026-05-16 14:01:00+00:00, run_after=2026-05-16 14:02:00+00:00
[2026-05-16T14:02:23.052+0000] {processor.py:183} INFO - Processing /home/airflow/.local/lib/python3.12/site-packages/airflow/example_dags/example_branch_python_dop_operator_3.py took 0.028 seconds
[2026-05-16T14:02:53.416+0000] {processor.py:161} INFO - Started process (PID=23483) to work on /home/airflow/.local/lib/python3.12/site-packages/airflow/example_dags/example_branch_python_dop_operator_3.py
[2026-05-16T14:02:53.416+0000] {processor.py:830} INFO - Processing file /home/airflow/.local/lib/python3.12/site-packages/airflow/example_dags/example_branch_python_dop_operator_3.py for tasks to queue
[2026-05-16T14:02:53.416+0000] {logging_mixin.py:188} INFO - [2026-05-16T14:02:53.416+0000] {dagbag.py:545} INFO - Filling up the DagBag from /home/airflow/.local/lib/python3.12/site-packages/airflow/example_dags/example_branch_python_dop_operator_3.py
[2026-05-16T14:02:53.419+0000] {processor.py:840} INFO - DAG(s) 'example_branch_dop_operator_v3' retrieved from /home/airflow/.local/lib/python3.12/site-packages/airflow/example_dags/example_branch_python_dop_operator_3.py
[2026-05-16T14:02:53.428+0000] {logging_mixin.py:188} INFO - [2026-05-16T14:02:53.428+0000] {dag.py:3089} INFO - Sync 1 DAGs
[2026-05-16T14:02:53.436+0000] {logging_mixin.py:188} INFO - [2026-05-16T14:02:53.436+0000] {dag.py:3947} INFO - Setting next_dagrun for example_branch_dop_operator_v3 to 2026-05-16 14:01:00+00:00, run_after=2026-05-16 14:02:00+00:00
[2026-05-16T14:02:53.441+0000] {processor.py:183} INFO - Processing /home/airflow/.local/lib/python3.12/site-packages/airflow/example_dags/example_branch_python_dop_operator_3.py took 0.028 seconds
[2026-05-16T14:03:24.068+0000] {processor.py:161} INFO - Started process (PID=23545) to work on /home/airflow/.local/lib/python3.12/site-packages/airflow/example_dags/example_branch_python_dop_operator_3.py
[2026-05-16T14:03:24.068+0000] {processor.py:830} INFO - Processing file /home/airflow/.local/lib/python3.12/site-packages/airflow/example_dags/example_branch_python_dop_operator_3.py for tasks to queue
[2026-05-16T14:03:24.069+0000] {logging_mixin.py:188} INFO - [2026-05-16T14:03:24.068+0000] {dagbag.py:545} INFO - Filling up the DagBag from /home/airflow/.local/lib/python3.12/site-packages/airflow/example_dags/example_branch_python_dop_operator_3.py
[2026-05-16T14:03:24.074+0000] {processor.py:840} INFO - DAG(s) 'example_branch_dop_operator_v3' retrieved from /home/airflow/.local/lib/python3.12/site-packages/airflow/example_dags/example_branch_python_dop_operator_3.py
[2026-05-16T14:03:24.080+0000] {logging_mixin.py:188} INFO - [2026-05-16T14:03:24.080+0000] {dag.py:3089} INFO - Sync 1 DAGs
[2026-05-16T14:03:24.088+0000] {logging_mixin.py:188} INFO - [2026-05-16T14:03:24.088+0000] {dag.py:3947} INFO - Setting next_dagrun for example_branch_dop_operator_v3 to 2026-05-16 14:02:00+00:00, run_after=2026-05-16 14:03:00+00:00
[2026-05-16T14:03:24.092+0000] {processor.py:183} INFO - Processing /home/airflow/.local/lib/python3.12/site-packages/airflow/example_dags/example_branch_python_dop_operator_3.py took 0.026 seconds
[2026-05-16T14:03:54.735+0000] {processor.py:161} INFO - Started process (PID=23607) to work on /home/airflow/.local/lib/python3.12/site-packages/airflow/example_dags/example_branch_python_dop_operator_3.py
[2026-05-16T14:03:54.736+0000] {processor.py:830} INFO - Processing file /home/airflow/.local/lib/python3.12/site-packages/airflow/example_dags/example_branch_python_dop_operator_3.py for tasks to queue
[2026-05-16T14:03:54.737+0000] {logging_mixin.py:188} INFO - [2026-05-16T14:03:54.737+0000] {dagbag.py:545} INFO - Filling up the DagBag from /home/airflow/.local/lib/python3.12/site-packages/airflow/example_dags/example_branch_python_dop_operator_3.py
[2026-05-16T14:03:54.744+0000] {processor.py:840} INFO - DAG(s) 'example_branch_dop_operator_v3' retrieved from /home/airflow/.local/lib/python3.12/site-packages/airflow/example_dags/example_branch_python_dop_operator_3.py
[2026-05-16T14:03:54.756+0000] {logging_mixin.py:188} INFO - [2026-05-16T14:03:54.756+0000] {dag.py:3089} INFO - Sync 1 DAGs
[2026-05-16T14:03:54.771+0000] {logging_mixin.py:188} INFO - [2026-05-16T14:03:54.771+0000] {dag.py:3947} INFO - Setting next_dagrun for example_branch_dop_operator_v3 to 2026-05-16 14:02:00+00:00, run_after=2026-05-16 14:03:00+00:00
[2026-05-16T14:03:54.786+0000] {processor.py:183} INFO - Processing /home/airflow/.local/lib/python3.12/site-packages/airflow/example_dags/example_branch_python_dop_operator_3.py took 0.057 seconds
[2026-05-16T14:04:25.410+0000] {processor.py:161} INFO - Started process (PID=23669) to work on /home/airflow/.local/lib/python3.12/site-packages/airflow/example_dags/example_branch_python_dop_operator_3.py
[2026-05-16T14:04:25.410+0000] {processor.py:830} INFO - Processing file /home/airflow/.local/lib/python3.12/site-packages/airflow/example_dags/example_branch_python_dop_operator_3.py for tasks to queue
[2026-05-16T14:04:25.411+0000] {logging_mixin.py:188} INFO - [2026-05-16T14:04:25.410+0000] {dagbag.py:545} INFO - Filling up the DagBag from /home/airflow/.local/lib/python3.12/site-packages/airflow/example_dags/example_branch_python_dop_operator_3.py
[2026-05-16T14:04:25.417+0000] {processor.py:840} INFO - DAG(s) 'example_branch_dop_operator_v3' retrieved from /home/airflow/.local/lib/python3.12/site-packages/airflow/example_dags/example_branch_python_dop_operator_3.py
[2026-05-16T14:04:25.435+0000] {logging_mixin.py:188} INFO - [2026-05-16T14:04:25.435+0000] {dag.py:3089} INFO - Sync 1 DAGs
[2026-05-16T14:04:25.451+0000] {logging_mixin.py:188} INFO - [2026-05-16T14:04:25.451+0000] {dag.py:3947} INFO - Setting next_dagrun for example_branch_dop_operator_v3 to 2026-05-16 14:03:00+00:00, run_after=2026-05-16 14:04:00+00:00
[2026-05-16T14:04:25.462+0000] {processor.py:183} INFO - Processing /home/airflow/.local/lib/python3.12/site-packages/airflow/example_dags/example_branch_python_dop_operator_3.py took 0.056 seconds
[2026-05-16T14:04:56.075+0000] {processor.py:161} INFO - Started process (PID=23731) to work on /home/airflow/.local/lib/python3.12/site-packages/airflow/example_dags/example_branch_python_dop_operator_3.py
[2026-05-16T14:04:56.075+0000] {processor.py:830} INFO - Processing file /home/airflow/.local/lib/python3.12/site-packages/airflow/example_dags/example_branch_python_dop_operator_3.py for tasks to queue
[2026-05-16T14:04:56.076+0000] {logging_mixin.py:188} INFO - [2026-05-16T14:04:56.075+0000] {dagbag.py:545} INFO - Filling up the DagBag from /home/airflow/.local/lib/python3.12/site-packages/airflow/example_dags/example_branch_python_dop_operator_3.py
[2026-05-16T14:04:56.079+0000] {processor.py:840} INFO - DAG(s) 'example_branch_dop_operator_v3' retrieved from /home/airflow/.local/lib/python3.12/site-packages/airflow/example_dags/example_branch_python_dop_operator_3.py
[2026-05-16T14:04:56.089+0000] {logging_mixin.py:188} INFO - [2026-05-16T14:04:56.089+0000] {dag.py:3089} INFO - Sync 1 DAGs
[2026-05-16T14:04:56.098+0000] {logging_mixin.py:188} INFO - [2026-05-16T14:04:56.098+0000] {dag.py:3947} INFO - Setting next_dagrun for example_branch_dop_operator_v3 to 2026-05-16 14:03:00+00:00, run_after=2026-05-16 14:04:00+00:00
[2026-05-16T14:04:56.104+0000] {processor.py:183} INFO - Processing /home/airflow/.local/lib/python3.12/site-packages/airflow/example_dags/example_branch_python_dop_operator_3.py took 0.033 seconds
[2026-05-16T14:05:26.630+0000] {processor.py:161} INFO - Started process (PID=23792) to work on /home/airflow/.local/lib/python3.12/site-packages/airflow/example_dags/example_branch_python_dop_operator_3.py
[2026-05-16T14:05:26.631+0000] {processor.py:830} INFO - Processing file /home/airflow/.local/lib/python3.12/site-packages/airflow/example_dags/example_branch_python_dop_operator_3.py for tasks to queue
[2026-05-16T14:05:26.631+0000] {logging_mixin.py:188} INFO - [2026-05-16T14:05:26.631+0000] {dagbag.py:545} INFO - Filling up the DagBag from /home/airflow/.local/lib/python3.12/site-packages/airflow/example_dags/example_branch_python_dop_operator_3.py
[2026-05-16T14:05:26.634+0000] {processor.py:840} INFO - DAG(s) 'example_branch_dop_operator_v3' retrieved from /home/airflow/.local/lib/python3.12/site-packages/airflow/example_dags/example_branch_python_dop_operator_3.py
[2026-05-16T14:05:26.640+0000] {logging_mixin.py:188} INFO - [2026-05-16T14:05:26.640+0000] {dag.py:3089} INFO - Sync 1 DAGs
[2026-05-16T14:05:26.648+0000] {logging_mixin.py:188} INFO - [2026-05-16T14:05:26.648+0000] {dag.py:3947} INFO - Setting next_dagrun for example_branch_dop_operator_v3 to 2026-05-16 14:04:00+00:00, run_after=2026-05-16 14:05:00+00:00
[2026-05-16T14:05:26.652+0000] {processor.py:183} INFO - Processing /home/airflow/.local/lib/python3.12/site-packages/airflow/example_dags/example_branch_python_dop_operator_3.py took 0.024 seconds
[2026-05-16T14:05:57.080+0000] {processor.py:161} INFO - Started process (PID=23855) to work on /home/airflow/.local/lib/python3.12/site-packages/airflow/example_dags/example_branch_python_dop_operator_3.py
[2026-05-16T14:05:57.081+0000] {processor.py:830} INFO - Processing file /home/airflow/.local/lib/python3.12/site-packages/airflow/example_dags/example_branch_python_dop_operator_3.py for tasks to queue
[2026-05-16T14:05:57.081+0000] {logging_mixin.py:188} INFO - [2026-05-16T14:05:57.081+0000] {dagbag.py:545} INFO - Filling up the DagBag from /home/airflow/.local/lib/python3.12/site-packages/airflow/example_dags/example_branch_python_dop_operator_3.py
[2026-05-16T14:05:57.085+0000] {processor.py:840} INFO - DAG(s) 'example_branch_dop_operator_v3' retrieved from /home/airflow/.local/lib/python3.12/site-packages/airflow/example_dags/example_branch_python_dop_operator_3.py
[2026-05-16T14:05:57.095+0000] {logging_mixin.py:188} INFO - [2026-05-16T14:05:57.095+0000] {dag.py:3089} INFO - Sync 1 DAGs
[2026-05-16T14:05:57.104+0000] {logging_mixin.py:188} INFO - [2026-05-16T14:05:57.103+0000] {dag.py:3947} INFO - Setting next_dagrun for example_branch_dop_operator_v3 to 2026-05-16 14:04:00+00:00, run_after=2026-05-16 14:05:00+00:00
[2026-05-16T14:05:57.108+0000] {processor.py:183} INFO - Processing /home/airflow/.local/lib/python3.12/site-packages/airflow/example_dags/example_branch_python_dop_operator_3.py took 0.030 seconds
[2026-05-16T14:06:27.458+0000] {processor.py:161} INFO - Started process (PID=23917) to work on /home/airflow/.local/lib/python3.12/site-packages/airflow/example_dags/example_branch_python_dop_operator_3.py
[2026-05-16T14:06:27.459+0000] {processor.py:830} INFO - Processing file /home/airflow/.local/lib/python3.12/site-packages/airflow/example_dags/example_branch_python_dop_operator_3.py for tasks to queue
[2026-05-16T14:06:27.459+0000] {logging_mixin.py:188} INFO - [2026-05-16T14:06:27.459+0000] {dagbag.py:545} INFO - Filling up the DagBag from /home/airflow/.local/lib/python3.12/site-packages/airflow/example_dags/example_branch_python_dop_operator_3.py
[2026-05-16T14:06:27.462+0000] {processor.py:840} INFO - DAG(s) 'example_branch_dop_operator_v3' retrieved from /home/airflow/.local/lib/python3.12/site-packages/airflow/example_dags/example_branch_python_dop_operator_3.py
[2026-05-16T14:06:27.471+0000] {logging_mixin.py:188} INFO - [2026-05-16T14:06:27.471+0000] {dag.py:3089} INFO - Sync 1 DAGs
[2026-05-16T14:06:27.479+0000] {logging_mixin.py:188} INFO - [2026-05-16T14:06:27.479+0000] {dag.py:3947} INFO - Setting next_dagrun for example_branch_dop_operator_v3 to 2026-05-16 14:05:00+00:00, run_after=2026-05-16 14:06:00+00:00
[2026-05-16T14:06:27.483+0000] {processor.py:183} INFO - Processing /home/airflow/.local/lib/python3.12/site-packages/airflow/example_dags/example_branch_python_dop_operator_3.py took 0.030 seconds
[2026-05-16T14:06:57.971+0000] {processor.py:161} INFO - Started process (PID=23979) to work on /home/airflow/.local/lib/python3.12/site-packages/airflow/example_dags/example_branch_python_dop_operator_3.py
[2026-05-16T14:06:57.972+0000] {processor.py:830} INFO - Processing file /home/airflow/.local/lib/python3.12/site-packages/airflow/example_dags/example_branch_python_dop_operator_3.py for tasks to queue
[2026-05-16T14:06:57.972+0000] {logging_mixin.py:188} INFO - [2026-05-16T14:06:57.972+0000] {dagbag.py:545} INFO - Filling up the DagBag from /home/airflow/.local/lib/python3.12/site-packages/airflow/example_dags/example_branch_python_dop_operator_3.py
[2026-05-16T14:06:57.975+0000] {processor.py:840} INFO - DAG(s) 'example_branch_dop_operator_v3' retrieved from /home/airflow/.local/lib/python3.12/site-packages/airflow/example_dags/example_branch_python_dop_operator_3.py
[2026-05-16T14:06:57.982+0000] {logging_mixin.py:188} INFO - [2026-05-16T14:06:57.982+0000] {dag.py:3089} INFO - Sync 1 DAGs
[2026-05-16T14:06:57.991+0000] {logging_mixin.py:188} INFO - [2026-05-16T14:06:57.991+0000] {dag.py:3947} INFO - Setting next_dagrun for example_branch_dop_operator_v3 to 2026-05-16 14:05:00+00:00, run_after=2026-05-16 14:06:00+00:00
[2026-05-16T14:06:57.996+0000] {processor.py:183} INFO - Processing /home/airflow/.local/lib/python3.12/site-packages/airflow/example_dags/example_branch_python_dop_operator_3.py took 0.027 seconds
[2026-05-16T14:07:28.438+0000] {processor.py:161} INFO - Started process (PID=24047) to work on /home/airflow/.local/lib/python3.12/site-packages/airflow/example_dags/example_branch_python_dop_operator_3.py
[2026-05-16T14:07:28.439+0000] {processor.py:830} INFO - Processing file /home/airflow/.local/lib/python3.12/site-packages/airflow/example_dags/example_branch_python_dop_operator_3.py for tasks to queue
[2026-05-16T14:07:28.439+0000] {logging_mixin.py:188} INFO - [2026-05-16T14:07:28.439+0000] {dagbag.py:545} INFO - Filling up the DagBag from /home/airflow/.local/lib/python3.12/site-packages/airflow/example_dags/example_branch_python_dop_operator_3.py
[2026-05-16T14:07:28.442+0000] {processor.py:840} INFO - DAG(s) 'example_branch_dop_operator_v3' retrieved from /home/airflow/.local/lib/python3.12/site-packages/airflow/example_dags/example_branch_python_dop_operator_3.py
[2026-05-16T14:07:28.449+0000] {logging_mixin.py:188} INFO - [2026-05-16T14:07:28.449+0000] {dag.py:3089} INFO - Sync 1 DAGs
[2026-05-16T14:07:28.457+0000] {logging_mixin.py:188} INFO - [2026-05-16T14:07:28.457+0000] {dag.py:3947} INFO - Setting next_dagrun for example_branch_dop_operator_v3 to 2026-05-16 14:06:00+00:00, run_after=2026-05-16 14:07:00+00:00
[2026-05-16T14:07:28.466+0000] {processor.py:183} INFO - Processing /home/airflow/.local/lib/python3.12/site-packages/airflow/example_dags/example_branch_python_dop_operator_3.py took 0.029 seconds
[2026-05-16T14:07:58.853+0000] {processor.py:161} INFO - Started process (PID=24109) to work on /home/airflow/.local/lib/python3.12/site-packages/airflow/example_dags/example_branch_python_dop_operator_3.py
[2026-05-16T14:07:58.853+0000] {processor.py:830} INFO - Processing file /home/airflow/.local/lib/python3.12/site-packages/airflow/example_dags/example_branch_python_dop_operator_3.py for tasks to queue
[2026-05-16T14:07:58.854+0000] {logging_mixin.py:188} INFO - [2026-05-16T14:07:58.853+0000] {dagbag.py:545} INFO - Filling up the DagBag from /home/airflow/.local/lib/python3.12/site-packages/airflow/example_dags/example_branch_python_dop_operator_3.py
[2026-05-16T14:07:58.857+0000] {processor.py:840} INFO - DAG(s) 'example_branch_dop_operator_v3' retrieved from /home/airflow/.local/lib/python3.12/site-packages/airflow/example_dags/example_branch_python_dop_operator_3.py
[2026-05-16T14:07:58.865+0000] {logging_mixin.py:188} INFO - [2026-05-16T14:07:58.865+0000] {dag.py:3089} INFO - Sync 1 DAGs
[2026-05-16T14:07:58.874+0000] {logging_mixin.py:188} INFO - [2026-05-16T14:07:58.874+0000] {dag.py:3947} INFO - Setting next_dagrun for example_branch_dop_operator_v3 to 2026-05-16 14:06:00+00:00, run_after=2026-05-16 14:07:00+00:00
[2026-05-16T14:07:58.879+0000] {processor.py:183} INFO - Processing /home/airflow/.local/lib/python3.12/site-packages/airflow/example_dags/example_branch_python_dop_operator_3.py took 0.029 seconds
[2026-05-16T14:08:29.239+0000] {processor.py:161} INFO - Started process (PID=24171) to work on /home/airflow/.local/lib/python3.12/site-packages/airflow/example_dags/example_branch_python_dop_operator_3.py
[2026-05-16T14:08:29.240+0000] {processor.py:830} INFO - Processing file /home/airflow/.local/lib/python3.12/site-packages/airflow/example_dags/example_branch_python_dop_operator_3.py for tasks to queue
[2026-05-16T14:08:29.240+0000] {logging_mixin.py:188} INFO - [2026-05-16T14:08:29.240+0000] {dagbag.py:545} INFO - Filling up the DagBag from /home/airflow/.local/lib/python3.12/site-packages/airflow/example_dags/example_branch_python_dop_operator_3.py
[2026-05-16T14:08:29.243+0000] {processor.py:840} INFO - DAG(s) 'example_branch_dop_operator_v3' retrieved from /home/airflow/.local/lib/python3.12/site-packages/airflow/example_dags/example_branch_python_dop_operator_3.py
[2026-05-16T14:08:29.250+0000] {logging_mixin.py:188} INFO - [2026-05-16T14:08:29.250+0000] {dag.py:3089} INFO - Sync 1 DAGs
[2026-05-16T14:08:29.257+0000] {logging_mixin.py:188} INFO - [2026-05-16T14:08:29.257+0000] {dag.py:3947} INFO - Setting next_dagrun for example_branch_dop_operator_v3 to 2026-05-16 14:07:00+00:00, run_after=2026-05-16 14:08:00+00:00
[2026-05-16T14:08:29.263+0000] {processor.py:183} INFO - Processing /home/airflow/.local/lib/python3.12/site-packages/airflow/example_dags/example_branch_python_dop_operator_3.py took 0.026 seconds
[2026-05-16T14:08:59.686+0000] {processor.py:161} INFO - Started process (PID=24233) to work on /home/airflow/.local/lib/python3.12/site-packages/airflow/example_dags/example_branch_python_dop_operator_3.py
[2026-05-16T14:08:59.686+0000] {processor.py:830} INFO - Processing file /home/airflow/.local/lib/python3.12/site-packages/airflow/example_dags/example_branch_python_dop_operator_3.py for tasks to queue
[2026-05-16T14:08:59.686+0000] {logging_mixin.py:188} INFO - [2026-05-16T14:08:59.686+0000] {dagbag.py:545} INFO - Filling up the DagBag from /home/airflow/.local/lib/python3.12/site-packages/airflow/example_dags/example_branch_python_dop_operator_3.py
[2026-05-16T14:08:59.690+0000] {processor.py:840} INFO - DAG(s) 'example_branch_dop_operator_v3' retrieved from /home/airflow/.local/lib/python3.12/site-packages/airflow/example_dags/example_branch_python_dop_operator_3.py
[2026-05-16T14:08:59.699+0000] {logging_mixin.py:188} INFO - [2026-05-16T14:08:59.699+0000] {dag.py:3089} INFO - Sync 1 DAGs
[2026-05-16T14:08:59.708+0000] {logging_mixin.py:188} INFO - [2026-05-16T14:08:59.708+0000] {dag.py:3947} INFO - Setting next_dagrun for example_branch_dop_operator_v3 to 2026-05-16 14:07:00+00:00, run_after=2026-05-16 14:08:00+00:00
[2026-05-16T14:08:59.713+0000] {processor.py:183} INFO - Processing /home/airflow/.local/lib/python3.12/site-packages/airflow/example_dags/example_branch_python_dop_operator_3.py took 0.030 seconds
[2026-05-16T14:09:30.261+0000] {processor.py:161} INFO - Started process (PID=24295) to work on /home/airflow/.local/lib/python3.12/site-packages/airflow/example_dags/example_branch_python_dop_operator_3.py
[2026-05-16T14:09:30.261+0000] {processor.py:830} INFO - Processing file /home/airflow/.local/lib/python3.12/site-packages/airflow/example_dags/example_branch_python_dop_operator_3.py for tasks to queue
[2026-05-16T14:09:30.261+0000] {logging_mixin.py:188} INFO - [2026-05-16T14:09:30.261+0000] {dagbag.py:545} INFO - Filling up the DagBag from /home/airflow/.local/lib/python3.12/site-packages/airflow/example_dags/example_branch_python_dop_operator_3.py
[2026-05-16T14:09:30.264+0000] {processor.py:840} INFO - DAG(s) 'example_branch_dop_operator_v3' retrieved from /home/airflow/.local/lib/python3.12/site-packages/airflow/example_dags/example_branch_python_dop_operator_3.py
[2026-05-16T14:09:30.271+0000] {logging_mixin.py:188} INFO - [2026-05-16T14:09:30.271+0000] {dag.py:3089} INFO - Sync 1 DAGs
[2026-05-16T14:09:30.279+0000] {logging_mixin.py:188} INFO - [2026-05-16T14:09:30.279+0000] {dag.py:3947} INFO - Setting next_dagrun for example_branch_dop_operator_v3 to 2026-05-16 14:08:00+00:00, run_after=2026-05-16 14:09:00+00:00
[2026-05-16T14:09:30.284+0000] {processor.py:183} INFO - Processing /home/airflow/.local/lib/python3.12/site-packages/airflow/example_dags/example_branch_python_dop_operator_3.py took 0.026 seconds
[2026-05-16T14:10:00.884+0000] {processor.py:161} INFO - Started process (PID=24357) to work on /home/airflow/.local/lib/python3.12/site-packages/airflow/example_dags/example_branch_python_dop_operator_3.py
[2026-05-16T14:10:00.884+0000] {processor.py:830} INFO - Processing file /home/airflow/.local/lib/python3.12/site-packages/airflow/example_dags/example_branch_python_dop_operator_3.py for tasks to queue
[2026-05-16T14:10:00.884+0000] {logging_mixin.py:188} INFO - [2026-05-16T14:10:00.884+0000] {dagbag.py:545} INFO - Filling up the DagBag from /home/airflow/.local/lib/python3.12/site-packages/airflow/example_dags/example_branch_python_dop_operator_3.py
[2026-05-16T14:10:00.888+0000] {processor.py:840} INFO - DAG(s) 'example_branch_dop_operator_v3' retrieved from /home/airflow/.local/lib/python3.12/site-packages/airflow/example_dags/example_branch_python_dop_operator_3.py
[2026-05-16T14:10:00.895+0000] {logging_mixin.py:188} INFO - [2026-05-16T14:10:00.895+0000] {dag.py:3089} INFO - Sync 1 DAGs
[2026-05-16T14:10:00.903+0000] {logging_mixin.py:188} INFO - [2026-05-16T14:10:00.903+0000] {dag.py:3947} INFO - Setting next_dagrun for example_branch_dop_operator_v3 to 2026-05-16 14:09:00+00:00, run_after=2026-05-16 14:10:00+00:00
[2026-05-16T14:10:00.909+0000] {processor.py:183} INFO - Processing /home/airflow/.local/lib/python3.12/site-packages/airflow/example_dags/example_branch_python_dop_operator_3.py took 0.027 seconds
[2026-05-16T14:10:31.324+0000] {processor.py:161} INFO - Started process (PID=24419) to work on /home/airflow/.local/lib/python3.12/site-packages/airflow/example_dags/example_branch_python_dop_operator_3.py
[2026-05-16T14:10:31.325+0000] {processor.py:830} INFO - Processing file /home/airflow/.local/lib/python3.12/site-packages/airflow/example_dags/example_branch_python_dop_operator_3.py for tasks to queue
[2026-05-16T14:10:31.325+0000] {logging_mixin.py:188} INFO - [2026-05-16T14:10:31.325+0000] {dagbag.py:545} INFO - Filling up the DagBag from /home/airflow/.local/lib/python3.12/site-packages/airflow/example_dags/example_branch_python_dop_operator_3.py
[2026-05-16T14:10:31.328+0000] {processor.py:840} INFO - DAG(s) 'example_branch_dop_operator_v3' retrieved from /home/airflow/.local/lib/python3.12/site-packages/airflow/example_dags/example_branch_python_dop_operator_3.py
[2026-05-16T14:10:31.334+0000] {logging_mixin.py:188} INFO - [2026-05-16T14:10:31.334+0000] {dag.py:3089} INFO - Sync 1 DAGs
[2026-05-16T14:10:31.342+0000] {logging_mixin.py:188} INFO - [2026-05-16T14:10:31.342+0000] {dag.py:3947} INFO - Setting next_dagrun for example_branch_dop_operator_v3 to 2026-05-16 14:09:00+00:00, run_after=2026-05-16 14:10:00+00:00
[2026-05-16T14:10:31.347+0000] {processor.py:183} INFO - Processing /home/airflow/.local/lib/python3.12/site-packages/airflow/example_dags/example_branch_python_dop_operator_3.py took 0.025 seconds
[2026-05-16T14:11:01.747+0000] {processor.py:161} INFO - Started process (PID=24481) to work on /home/airflow/.local/lib/python3.12/site-packages/airflow/example_dags/example_branch_python_dop_operator_3.py
[2026-05-16T14:11:01.748+0000] {processor.py:830} INFO - Processing file /home/airflow/.local/lib/python3.12/site-packages/airflow/example_dags/example_branch_python_dop_operator_3.py for tasks to queue
[2026-05-16T14:11:01.748+0000] {logging_mixin.py:188} INFO - [2026-05-16T14:11:01.748+0000] {dagbag.py:545} INFO - Filling up the DagBag from /home/airflow/.local/lib/python3.12/site-packages/airflow/example_dags/example_branch_python_dop_operator_3.py
[2026-05-16T14:11:01.751+0000] {processor.py:840} INFO - DAG(s) 'example_branch_dop_operator_v3' retrieved from /home/airflow/.local/lib/python3.12/site-packages/airflow/example_dags/example_branch_python_dop_operator_3.py
[2026-05-16T14:11:01.759+0000] {logging_mixin.py:188} INFO - [2026-05-16T14:11:01.759+0000] {dag.py:3089} INFO - Sync 1 DAGs
[2026-05-16T14:11:01.767+0000] {logging_mixin.py:188} INFO - [2026-05-16T14:11:01.767+0000] {dag.py:3947} INFO - Setting next_dagrun for example_branch_dop_operator_v3 to 2026-05-16 14:10:00+00:00, run_after=2026-05-16 14:11:00+00:00
[2026-05-16T14:11:01.771+0000] {processor.py:183} INFO - Processing /home/airflow/.local/lib/python3.12/site-packages/airflow/example_dags/example_branch_python_dop_operator_3.py took 0.026 seconds
[2026-05-16T14:11:32.166+0000] {processor.py:161} INFO - Started process (PID=24543) to work on /home/airflow/.local/lib/python3.12/site-packages/airflow/example_dags/example_branch_python_dop_operator_3.py
[2026-05-16T14:11:32.167+0000] {processor.py:830} INFO - Processing file /home/airflow/.local/lib/python3.12/site-packages/airflow/example_dags/example_branch_python_dop_operator_3.py for tasks to queue
[2026-05-16T14:11:32.167+0000] {logging_mixin.py:188} INFO - [2026-05-16T14:11:32.167+0000] {dagbag.py:545} INFO - Filling up the DagBag from /home/airflow/.local/lib/python3.12/site-packages/airflow/example_dags/example_branch_python_dop_operator_3.py
[2026-05-16T14:11:32.171+0000] {processor.py:840} INFO - DAG(s) 'example_branch_dop_operator_v3' retrieved from /home/airflow/.local/lib/python3.12/site-packages/airflow/example_dags/example_branch_python_dop_operator_3.py
[2026-05-16T14:11:32.180+0000] {logging_mixin.py:188} INFO - [2026-05-16T14:11:32.180+0000] {dag.py:3089} INFO - Sync 1 DAGs
[2026-05-16T14:11:32.189+0000] {logging_mixin.py:188} INFO - [2026-05-16T14:11:32.189+0000] {dag.py:3947} INFO - Setting next_dagrun for example_branch_dop_operator_v3 to 2026-05-16 14:10:00+00:00, run_after=2026-05-16 14:11:00+00:00
[2026-05-16T14:11:32.194+0000] {processor.py:183} INFO - Processing /home/airflow/.local/lib/python3.12/site-packages/airflow/example_dags/example_branch_python_dop_operator_3.py took 0.031 seconds
[2026-05-16T14:12:02.656+0000] {processor.py:161} INFO - Started process (PID=24605) to work on /home/airflow/.local/lib/python3.12/site-packages/airflow/example_dags/example_branch_python_dop_operator_3.py
[2026-05-16T14:12:02.657+0000] {processor.py:830} INFO - Processing file /home/airflow/.local/lib/python3.12/site-packages/airflow/example_dags/example_branch_python_dop_operator_3.py for tasks to queue
[2026-05-16T14:12:02.657+0000] {logging_mixin.py:188} INFO - [2026-05-16T14:12:02.657+0000] {dagbag.py:545} INFO - Filling up the DagBag from /home/airflow/.local/lib/python3.12/site-packages/airflow/example_dags/example_branch_python_dop_operator_3.py
[2026-05-16T14:12:02.660+0000] {processor.py:840} INFO - DAG(s) 'example_branch_dop_operator_v3' retrieved from /home/airflow/.local/lib/python3.12/site-packages/airflow/example_dags/example_branch_python_dop_operator_3.py
[2026-05-16T14:12:02.667+0000] {logging_mixin.py:188} INFO - [2026-05-16T14:12:02.667+0000] {dag.py:3089} INFO - Sync 1 DAGs
[2026-05-16T14:12:02.675+0000] {logging_mixin.py:188} INFO - [2026-05-16T14:12:02.675+0000] {dag.py:3947} INFO - Setting next_dagrun for example_branch_dop_operator_v3 to 2026-05-16 14:11:00+00:00, run_after=2026-05-16 14:12:00+00:00
[2026-05-16T14:12:02.680+0000] {processor.py:183} INFO - Processing /home/airflow/.local/lib/python3.12/site-packages/airflow/example_dags/example_branch_python_dop_operator_3.py took 0.026 seconds
[2026-05-16T14:12:33.107+0000] {processor.py:161} INFO - Started process (PID=24667) to work on /home/airflow/.local/lib/python3.12/site-packages/airflow/example_dags/example_branch_python_dop_operator_3.py
[2026-05-16T14:12:33.108+0000] {processor.py:830} INFO - Processing file /home/airflow/.local/lib/python3.12/site-packages/airflow/example_dags/example_branch_python_dop_operator_3.py for tasks to queue
[2026-05-16T14:12:33.108+0000] {logging_mixin.py:188} INFO - [2026-05-16T14:12:33.108+0000] {dagbag.py:545} INFO - Filling up the DagBag from /home/airflow/.local/lib/python3.12/site-packages/airflow/example_dags/example_branch_python_dop_operator_3.py
[2026-05-16T14:12:33.111+0000] {processor.py:840} INFO - DAG(s) 'example_branch_dop_operator_v3' retrieved from /home/airflow/.local/lib/python3.12/site-packages/airflow/example_dags/example_branch_python_dop_operator_3.py
[2026-05-16T14:12:33.119+0000] {logging_mixin.py:188} INFO - [2026-05-16T14:12:33.119+0000] {dag.py:3089} INFO - Sync 1 DAGs
[2026-05-16T14:12:33.126+0000] {logging_mixin.py:188} INFO - [2026-05-16T14:12:33.126+0000] {dag.py:3947} INFO - Setting next_dagrun for example_branch_dop_operator_v3 to 2026-05-16 14:11:00+00:00, run_after=2026-05-16 14:12:00+00:00
[2026-05-16T14:12:33.132+0000] {processor.py:183} INFO - Processing /home/airflow/.local/lib/python3.12/site-packages/airflow/example_dags/example_branch_python_dop_operator_3.py took 0.027 seconds
[2026-05-16T14:13:03.587+0000] {processor.py:161} INFO - Started process (PID=24729) to work on /home/airflow/.local/lib/python3.12/site-packages/airflow/example_dags/example_branch_python_dop_operator_3.py
[2026-05-16T14:13:03.588+0000] {processor.py:830} INFO - Processing file /home/airflow/.local/lib/python3.12/site-packages/airflow/example_dags/example_branch_python_dop_operator_3.py for tasks to queue
[2026-05-16T14:13:03.588+0000] {logging_mixin.py:188} INFO - [2026-05-16T14:13:03.588+0000] {dagbag.py:545} INFO - Filling up the DagBag from /home/airflow/.local/lib/python3.12/site-packages/airflow/example_dags/example_branch_python_dop_operator_3.py
[2026-05-16T14:13:03.592+0000] {processor.py:840} INFO - DAG(s) 'example_branch_dop_operator_v3' retrieved from /home/airflow/.local/lib/python3.12/site-packages/airflow/example_dags/example_branch_python_dop_operator_3.py
[2026-05-16T14:13:03.603+0000] {logging_mixin.py:188} INFO - [2026-05-16T14:13:03.603+0000] {dag.py:3089} INFO - Sync 1 DAGs
[2026-05-16T14:13:03.614+0000] {logging_mixin.py:188} INFO - [2026-05-16T14:13:03.614+0000] {dag.py:3947} INFO - Setting next_dagrun for example_branch_dop_operator_v3 to 2026-05-16 14:12:00+00:00, run_after=2026-05-16 14:13:00+00:00
[2026-05-16T14:13:03.620+0000] {processor.py:183} INFO - Processing /home/airflow/.local/lib/python3.12/site-packages/airflow/example_dags/example_branch_python_dop_operator_3.py took 0.035 seconds
[2026-05-16T14:13:34.155+0000] {processor.py:161} INFO - Started process (PID=24790) to work on /home/airflow/.local/lib/python3.12/site-packages/airflow/example_dags/example_branch_python_dop_operator_3.py
[2026-05-16T14:13:34.155+0000] {processor.py:830} INFO - Processing file /home/airflow/.local/lib/python3.12/site-packages/airflow/example_dags/example_branch_python_dop_operator_3.py for tasks to queue
[2026-05-16T14:13:34.156+0000] {logging_mixin.py:188} INFO - [2026-05-16T14:13:34.156+0000] {dagbag.py:545} INFO - Filling up the DagBag from /home/airflow/.local/lib/python3.12/site-packages/airflow/example_dags/example_branch_python_dop_operator_3.py
[2026-05-16T14:13:34.159+0000] {processor.py:840} INFO - DAG(s) 'example_branch_dop_operator_v3' retrieved from /home/airflow/.local/lib/python3.12/site-packages/airflow/example_dags/example_branch_python_dop_operator_3.py
[2026-05-16T14:13:34.165+0000] {logging_mixin.py:188} INFO - [2026-05-16T14:13:34.165+0000] {dag.py:3089} INFO - Sync 1 DAGs
[2026-05-16T14:13:34.172+0000] {logging_mixin.py:188} INFO - [2026-05-16T14:13:34.172+0000] {dag.py:3947} INFO - Setting next_dagrun for example_branch_dop_operator_v3 to 2026-05-16 14:12:00+00:00, run_after=2026-05-16 14:13:00+00:00
[2026-05-16T14:13:34.177+0000] {processor.py:183} INFO - Processing /home/airflow/.local/lib/python3.12/site-packages/airflow/example_dags/example_branch_python_dop_operator_3.py took 0.024 seconds
[2026-05-16T14:14:05.027+0000] {processor.py:161} INFO - Started process (PID=24852) to work on /home/airflow/.local/lib/python3.12/site-packages/airflow/example_dags/example_branch_python_dop_operator_3.py
[2026-05-16T14:14:05.027+0000] {processor.py:830} INFO - Processing file /home/airflow/.local/lib/python3.12/site-packages/airflow/example_dags/example_branch_python_dop_operator_3.py for tasks to queue
[2026-05-16T14:14:05.027+0000] {logging_mixin.py:188} INFO - [2026-05-16T14:14:05.027+0000] {dagbag.py:545} INFO - Filling up the DagBag from /home/airflow/.local/lib/python3.12/site-packages/airflow/example_dags/example_branch_python_dop_operator_3.py
[2026-05-16T14:14:05.031+0000] {processor.py:840} INFO - DAG(s) 'example_branch_dop_operator_v3' retrieved from /home/airflow/.local/lib/python3.12/site-packages/airflow/example_dags/example_branch_python_dop_operator_3.py
[2026-05-16T14:14:05.040+0000] {logging_mixin.py:188} INFO - [2026-05-16T14:14:05.040+0000] {dag.py:3089} INFO - Sync 1 DAGs
[2026-05-16T14:14:05.048+0000] {logging_mixin.py:188} INFO - [2026-05-16T14:14:05.048+0000] {dag.py:3947} INFO - Setting next_dagrun for example_branch_dop_operator_v3 to 2026-05-16 14:13:00+00:00, run_after=2026-05-16 14:14:00+00:00
[2026-05-16T14:14:05.054+0000] {processor.py:183} INFO - Processing /home/airflow/.local/lib/python3.12/site-packages/airflow/example_dags/example_branch_python_dop_operator_3.py took 0.029 seconds
[2026-05-16T14:14:35.489+0000] {processor.py:161} INFO - Started process (PID=24914) to work on /home/airflow/.local/lib/python3.12/site-packages/airflow/example_dags/example_branch_python_dop_operator_3.py
[2026-05-16T14:14:35.490+0000] {processor.py:830} INFO - Processing file /home/airflow/.local/lib/python3.12/site-packages/airflow/example_dags/example_branch_python_dop_operator_3.py for tasks to queue
[2026-05-16T14:14:35.490+0000] {logging_mixin.py:188} INFO - [2026-05-16T14:14:35.490+0000] {dagbag.py:545} INFO - Filling up the DagBag from /home/airflow/.local/lib/python3.12/site-packages/airflow/example_dags/example_branch_python_dop_operator_3.py
[2026-05-16T14:14:35.493+0000] {processor.py:840} INFO - DAG(s) 'example_branch_dop_operator_v3' retrieved from /home/airflow/.local/lib/python3.12/site-packages/airflow/example_dags/example_branch_python_dop_operator_3.py
[2026-05-16T14:14:35.503+0000] {logging_mixin.py:188} INFO - [2026-05-16T14:14:35.503+0000] {dag.py:3089} INFO - Sync 1 DAGs
[2026-05-16T14:14:35.512+0000] {logging_mixin.py:188} INFO - [2026-05-16T14:14:35.512+0000] {dag.py:3947} INFO - Setting next_dagrun for example_branch_dop_operator_v3 to 2026-05-16 14:13:00+00:00, run_after=2026-05-16 14:14:00+00:00
[2026-05-16T14:14:35.518+0000] {processor.py:183} INFO - Processing /home/airflow/.local/lib/python3.12/site-packages/airflow/example_dags/example_branch_python_dop_operator_3.py took 0.033 seconds
[2026-05-16T14:15:05.936+0000] {processor.py:161} INFO - Started process (PID=24976) to work on /home/airflow/.local/lib/python3.12/site-packages/airflow/example_dags/example_branch_python_dop_operator_3.py
[2026-05-16T14:15:05.936+0000] {processor.py:830} INFO - Processing file /home/airflow/.local/lib/python3.12/site-packages/airflow/example_dags/example_branch_python_dop_operator_3.py for tasks to queue
[2026-05-16T14:15:05.937+0000] {logging_mixin.py:188} INFO - [2026-05-16T14:15:05.936+0000] {dagbag.py:545} INFO - Filling up the DagBag from /home/airflow/.local/lib/python3.12/site-packages/airflow/example_dags/example_branch_python_dop_operator_3.py
[2026-05-16T14:15:05.939+0000] {processor.py:840} INFO - DAG(s) 'example_branch_dop_operator_v3' retrieved from /home/airflow/.local/lib/python3.12/site-packages/airflow/example_dags/example_branch_python_dop_operator_3.py
[2026-05-16T14:15:05.946+0000] {logging_mixin.py:188} INFO - [2026-05-16T14:15:05.946+0000] {dag.py:3089} INFO - Sync 1 DAGs
[2026-05-16T14:15:05.953+0000] {logging_mixin.py:188} INFO - [2026-05-16T14:15:05.953+0000] {dag.py:3947} INFO - Setting next_dagrun for example_branch_dop_operator_v3 to 2026-05-16 14:14:00+00:00, run_after=2026-05-16 14:15:00+00:00
[2026-05-16T14:15:05.957+0000] {processor.py:183} INFO - Processing /home/airflow/.local/lib/python3.12/site-packages/airflow/example_dags/example_branch_python_dop_operator_3.py took 0.023 seconds
[2026-05-16T14:15:36.958+0000] {processor.py:161} INFO - Started process (PID=25038) to work on /home/airflow/.local/lib/python3.12/site-packages/airflow/example_dags/example_branch_python_dop_operator_3.py
[2026-05-16T14:15:36.958+0000] {processor.py:830} INFO - Processing file /home/airflow/.local/lib/python3.12/site-packages/airflow/example_dags/example_branch_python_dop_operator_3.py for tasks to queue
[2026-05-16T14:15:36.958+0000] {logging_mixin.py:188} INFO - [2026-05-16T14:15:36.958+0000] {dagbag.py:545} INFO - Filling up the DagBag from /home/airflow/.local/lib/python3.12/site-packages/airflow/example_dags/example_branch_python_dop_operator_3.py
[2026-05-16T14:15:36.962+0000] {processor.py:840} INFO - DAG(s) 'example_branch_dop_operator_v3' retrieved from /home/airflow/.local/lib/python3.12/site-packages/airflow/example_dags/example_branch_python_dop_operator_3.py
[2026-05-16T14:15:36.970+0000] {logging_mixin.py:188} INFO - [2026-05-16T14:15:36.970+0000] {dag.py:3089} INFO - Sync 1 DAGs
[2026-05-16T14:15:36.978+0000] {logging_mixin.py:188} INFO - [2026-05-16T14:15:36.978+0000] {dag.py:3947} INFO - Setting next_dagrun for example_branch_dop_operator_v3 to 2026-05-16 14:14:00+00:00, run_after=2026-05-16 14:15:00+00:00
[2026-05-16T14:15:36.984+0000] {processor.py:183} INFO - Processing /home/airflow/.local/lib/python3.12/site-packages/airflow/example_dags/example_branch_python_dop_operator_3.py took 0.029 seconds
[2026-05-16T14:27:56.510+0000] {processor.py:161} INFO - Started process (PID=25094) to work on /home/airflow/.local/lib/python3.12/site-packages/airflow/example_dags/example_branch_python_dop_operator_3.py
[2026-05-16T14:27:56.510+0000] {processor.py:830} INFO - Processing file /home/airflow/.local/lib/python3.12/site-packages/airflow/example_dags/example_branch_python_dop_operator_3.py for tasks to queue
[2026-05-16T14:27:56.510+0000] {logging_mixin.py:188} INFO - [2026-05-16T14:27:56.510+0000] {dagbag.py:545} INFO - Filling up the DagBag from /home/airflow/.local/lib/python3.12/site-packages/airflow/example_dags/example_branch_python_dop_operator_3.py
[2026-05-16T14:27:56.514+0000] {processor.py:840} INFO - DAG(s) 'example_branch_dop_operator_v3' retrieved from /home/airflow/.local/lib/python3.12/site-packages/airflow/example_dags/example_branch_python_dop_operator_3.py
[2026-05-16T14:27:56.525+0000] {logging_mixin.py:188} INFO - [2026-05-16T14:27:56.525+0000] {dag.py:3089} INFO - Sync 1 DAGs
[2026-05-16T14:27:56.533+0000] {logging_mixin.py:188} INFO - [2026-05-16T14:27:56.533+0000] {dag.py:3947} INFO - Setting next_dagrun for example_branch_dop_operator_v3 to 2026-05-16 14:26:00+00:00, run_after=2026-05-16 14:27:00+00:00
[2026-05-16T14:27:56.538+0000] {processor.py:183} INFO - Processing /home/airflow/.local/lib/python3.12/site-packages/airflow/example_dags/example_branch_python_dop_operator_3.py took 0.031 seconds
[2026-05-16T14:28:26.859+0000] {processor.py:161} INFO - Started process (PID=25155) to work on /home/airflow/.local/lib/python3.12/site-packages/airflow/example_dags/example_branch_python_dop_operator_3.py
[2026-05-16T14:28:26.859+0000] {processor.py:830} INFO - Processing file /home/airflow/.local/lib/python3.12/site-packages/airflow/example_dags/example_branch_python_dop_operator_3.py for tasks to queue
[2026-05-16T14:28:26.860+0000] {logging_mixin.py:188} INFO - [2026-05-16T14:28:26.860+0000] {dagbag.py:545} INFO - Filling up the DagBag from /home/airflow/.local/lib/python3.12/site-packages/airflow/example_dags/example_branch_python_dop_operator_3.py
[2026-05-16T14:28:26.863+0000] {processor.py:840} INFO - DAG(s) 'example_branch_dop_operator_v3' retrieved from /home/airflow/.local/lib/python3.12/site-packages/airflow/example_dags/example_branch_python_dop_operator_3.py
[2026-05-16T14:28:26.871+0000] {logging_mixin.py:188} INFO - [2026-05-16T14:28:26.871+0000] {dag.py:3089} INFO - Sync 1 DAGs
[2026-05-16T14:28:26.953+0000] {logging_mixin.py:188} INFO - [2026-05-16T14:28:26.953+0000] {dag.py:3947} INFO - Setting next_dagrun for example_branch_dop_operator_v3 to 2026-05-16 14:27:00+00:00, run_after=2026-05-16 14:28:00+00:00
[2026-05-16T14:28:26.957+0000] {processor.py:183} INFO - Processing /home/airflow/.local/lib/python3.12/site-packages/airflow/example_dags/example_branch_python_dop_operator_3.py took 0.101 seconds
[2026-05-16T14:28:57.263+0000] {processor.py:161} INFO - Started process (PID=25217) to work on /home/airflow/.local/lib/python3.12/site-packages/airflow/example_dags/example_branch_python_dop_operator_3.py
[2026-05-16T14:28:57.263+0000] {processor.py:830} INFO - Processing file /home/airflow/.local/lib/python3.12/site-packages/airflow/example_dags/example_branch_python_dop_operator_3.py for tasks to queue
[2026-05-16T14:28:57.264+0000] {logging_mixin.py:188} INFO - [2026-05-16T14:28:57.263+0000] {dagbag.py:545} INFO - Filling up the DagBag from /home/airflow/.local/lib/python3.12/site-packages/airflow/example_dags/example_branch_python_dop_operator_3.py
[2026-05-16T14:28:57.267+0000] {processor.py:840} INFO - DAG(s) 'example_branch_dop_operator_v3' retrieved from /home/airflow/.local/lib/python3.12/site-packages/airflow/example_dags/example_branch_python_dop_operator_3.py
[2026-05-16T14:28:57.275+0000] {logging_mixin.py:188} INFO - [2026-05-16T14:28:57.275+0000] {dag.py:3089} INFO - Sync 1 DAGs
[2026-05-16T14:28:57.356+0000] {logging_mixin.py:188} INFO - [2026-05-16T14:28:57.356+0000] {dag.py:3947} INFO - Setting next_dagrun for example_branch_dop_operator_v3 to 2026-05-16 14:27:00+00:00, run_after=2026-05-16 14:28:00+00:00
[2026-05-16T14:28:57.360+0000] {processor.py:183} INFO - Processing /home/airflow/.local/lib/python3.12/site-packages/airflow/example_dags/example_branch_python_dop_operator_3.py took 0.100 seconds
[2026-05-16T14:29:27.722+0000] {processor.py:161} INFO - Started process (PID=25285) to work on /home/airflow/.local/lib/python3.12/site-packages/airflow/example_dags/example_branch_python_dop_operator_3.py
[2026-05-16T14:29:27.722+0000] {processor.py:830} INFO - Processing file /home/airflow/.local/lib/python3.12/site-packages/airflow/example_dags/example_branch_python_dop_operator_3.py for tasks to queue
[2026-05-16T14:29:27.722+0000] {logging_mixin.py:188} INFO - [2026-05-16T14:29:27.722+0000] {dagbag.py:545} INFO - Filling up the DagBag from /home/airflow/.local/lib/python3.12/site-packages/airflow/example_dags/example_branch_python_dop_operator_3.py
[2026-05-16T14:29:27.726+0000] {processor.py:840} INFO - DAG(s) 'example_branch_dop_operator_v3' retrieved from /home/airflow/.local/lib/python3.12/site-packages/airflow/example_dags/example_branch_python_dop_operator_3.py
[2026-05-16T14:29:27.737+0000] {logging_mixin.py:188} INFO - [2026-05-16T14:29:27.737+0000] {dag.py:3089} INFO - Sync 1 DAGs
[2026-05-16T14:29:27.824+0000] {logging_mixin.py:188} INFO - [2026-05-16T14:29:27.824+0000] {dag.py:3947} INFO - Setting next_dagrun for example_branch_dop_operator_v3 to 2026-05-16 14:28:00+00:00, run_after=2026-05-16 14:29:00+00:00
[2026-05-16T14:29:27.830+0000] {processor.py:183} INFO - Processing /home/airflow/.local/lib/python3.12/site-packages/airflow/example_dags/example_branch_python_dop_operator_3.py took 0.111 seconds
[2026-05-16T14:29:58.586+0000] {processor.py:161} INFO - Started process (PID=25346) to work on /home/airflow/.local/lib/python3.12/site-packages/airflow/example_dags/example_branch_python_dop_operator_3.py
[2026-05-16T14:29:58.586+0000] {processor.py:830} INFO - Processing file /home/airflow/.local/lib/python3.12/site-packages/airflow/example_dags/example_branch_python_dop_operator_3.py for tasks to queue
[2026-05-16T14:29:58.586+0000] {logging_mixin.py:188} INFO - [2026-05-16T14:29:58.586+0000] {dagbag.py:545} INFO - Filling up the DagBag from /home/airflow/.local/lib/python3.12/site-packages/airflow/example_dags/example_branch_python_dop_operator_3.py
[2026-05-16T14:29:58.592+0000] {processor.py:840} INFO - DAG(s) 'example_branch_dop_operator_v3' retrieved from /home/airflow/.local/lib/python3.12/site-packages/airflow/example_dags/example_branch_python_dop_operator_3.py
[2026-05-16T14:29:58.599+0000] {logging_mixin.py:188} INFO - [2026-05-16T14:29:58.599+0000] {dag.py:3089} INFO - Sync 1 DAGs
[2026-05-16T14:29:58.608+0000] {logging_mixin.py:188} INFO - [2026-05-16T14:29:58.608+0000] {dag.py:3947} INFO - Setting next_dagrun for example_branch_dop_operator_v3 to 2026-05-16 14:28:00+00:00, run_after=2026-05-16 14:29:00+00:00
[2026-05-16T14:29:58.613+0000] {processor.py:183} INFO - Processing /home/airflow/.local/lib/python3.12/site-packages/airflow/example_dags/example_branch_python_dop_operator_3.py took 0.030 seconds
[2026-05-16T14:30:29.065+0000] {processor.py:161} INFO - Started process (PID=25408) to work on /home/airflow/.local/lib/python3.12/site-packages/airflow/example_dags/example_branch_python_dop_operator_3.py
[2026-05-16T14:30:29.065+0000] {processor.py:830} INFO - Processing file /home/airflow/.local/lib/python3.12/site-packages/airflow/example_dags/example_branch_python_dop_operator_3.py for tasks to queue
[2026-05-16T14:30:29.066+0000] {logging_mixin.py:188} INFO - [2026-05-16T14:30:29.065+0000] {dagbag.py:545} INFO - Filling up the DagBag from /home/airflow/.local/lib/python3.12/site-packages/airflow/example_dags/example_branch_python_dop_operator_3.py
[2026-05-16T14:30:29.070+0000] {processor.py:840} INFO - DAG(s) 'example_branch_dop_operator_v3' retrieved from /home/airflow/.local/lib/python3.12/site-packages/airflow/example_dags/example_branch_python_dop_operator_3.py
[2026-05-16T14:30:29.079+0000] {logging_mixin.py:188} INFO - [2026-05-16T14:30:29.079+0000] {dag.py:3089} INFO - Sync 1 DAGs
[2026-05-16T14:30:29.087+0000] {logging_mixin.py:188} INFO - [2026-05-16T14:30:29.087+0000] {dag.py:3947} INFO - Setting next_dagrun for example_branch_dop_operator_v3 to 2026-05-16 14:29:00+00:00, run_after=2026-05-16 14:30:00+00:00
[2026-05-16T14:30:29.092+0000] {processor.py:183} INFO - Processing /home/airflow/.local/lib/python3.12/site-packages/airflow/example_dags/example_branch_python_dop_operator_3.py took 0.030 seconds
[2026-05-16T14:30:59.477+0000] {processor.py:161} INFO - Started process (PID=25470) to work on /home/airflow/.local/lib/python3.12/site-packages/airflow/example_dags/example_branch_python_dop_operator_3.py
[2026-05-16T14:30:59.477+0000] {processor.py:830} INFO - Processing file /home/airflow/.local/lib/python3.12/site-packages/airflow/example_dags/example_branch_python_dop_operator_3.py for tasks to queue
[2026-05-16T14:30:59.477+0000] {logging_mixin.py:188} INFO - [2026-05-16T14:30:59.477+0000] {dagbag.py:545} INFO - Filling up the DagBag from /home/airflow/.local/lib/python3.12/site-packages/airflow/example_dags/example_branch_python_dop_operator_3.py
[2026-05-16T14:30:59.481+0000] {processor.py:840} INFO - DAG(s) 'example_branch_dop_operator_v3' retrieved from /home/airflow/.local/lib/python3.12/site-packages/airflow/example_dags/example_branch_python_dop_operator_3.py
[2026-05-16T14:30:59.492+0000] {logging_mixin.py:188} INFO - [2026-05-16T14:30:59.492+0000] {dag.py:3089} INFO - Sync 1 DAGs
[2026-05-16T14:30:59.500+0000] {logging_mixin.py:188} INFO - [2026-05-16T14:30:59.500+0000] {dag.py:3947} INFO - Setting next_dagrun for example_branch_dop_operator_v3 to 2026-05-16 14:29:00+00:00, run_after=2026-05-16 14:30:00+00:00
[2026-05-16T14:30:59.504+0000] {processor.py:183} INFO - Processing /home/airflow/.local/lib/python3.12/site-packages/airflow/example_dags/example_branch_python_dop_operator_3.py took 0.030 seconds
[2026-05-16T14:31:29.979+0000] {processor.py:161} INFO - Started process (PID=25531) to work on /home/airflow/.local/lib/python3.12/site-packages/airflow/example_dags/example_branch_python_dop_operator_3.py
[2026-05-16T14:31:29.979+0000] {processor.py:830} INFO - Processing file /home/airflow/.local/lib/python3.12/site-packages/airflow/example_dags/example_branch_python_dop_operator_3.py for tasks to queue
[2026-05-16T14:31:29.979+0000] {logging_mixin.py:188} INFO - [2026-05-16T14:31:29.979+0000] {dagbag.py:545} INFO - Filling up the DagBag from /home/airflow/.local/lib/python3.12/site-packages/airflow/example_dags/example_branch_python_dop_operator_3.py
[2026-05-16T14:31:29.983+0000] {processor.py:840} INFO - DAG(s) 'example_branch_dop_operator_v3' retrieved from /home/airflow/.local/lib/python3.12/site-packages/airflow/example_dags/example_branch_python_dop_operator_3.py
[2026-05-16T14:31:29.989+0000] {logging_mixin.py:188} INFO - [2026-05-16T14:31:29.989+0000] {dag.py:3089} INFO - Sync 1 DAGs
[2026-05-16T14:31:29.997+0000] {logging_mixin.py:188} INFO - [2026-05-16T14:31:29.997+0000] {dag.py:3947} INFO - Setting next_dagrun for example_branch_dop_operator_v3 to 2026-05-16 14:30:00+00:00, run_after=2026-05-16 14:31:00+00:00
[2026-05-16T14:31:30.002+0000] {processor.py:183} INFO - Processing /home/airflow/.local/lib/python3.12/site-packages/airflow/example_dags/example_branch_python_dop_operator_3.py took 0.025 seconds
[2026-05-16T14:32:00.344+0000] {processor.py:161} INFO - Started process (PID=25593) to work on /home/airflow/.local/lib/python3.12/site-packages/airflow/example_dags/example_branch_python_dop_operator_3.py
[2026-05-16T14:32:00.344+0000] {processor.py:830} INFO - Processing file /home/airflow/.local/lib/python3.12/site-packages/airflow/example_dags/example_branch_python_dop_operator_3.py for tasks to queue
[2026-05-16T14:32:00.344+0000] {logging_mixin.py:188} INFO - [2026-05-16T14:32:00.344+0000] {dagbag.py:545} INFO - Filling up the DagBag from /home/airflow/.local/lib/python3.12/site-packages/airflow/example_dags/example_branch_python_dop_operator_3.py
[2026-05-16T14:32:00.347+0000] {processor.py:840} INFO - DAG(s) 'example_branch_dop_operator_v3' retrieved from /home/airflow/.local/lib/python3.12/site-packages/airflow/example_dags/example_branch_python_dop_operator_3.py
[2026-05-16T14:32:00.355+0000] {logging_mixin.py:188} INFO - [2026-05-16T14:32:00.355+0000] {dag.py:3089} INFO - Sync 1 DAGs
[2026-05-16T14:32:00.364+0000] {logging_mixin.py:188} INFO - [2026-05-16T14:32:00.364+0000] {dag.py:3947} INFO - Setting next_dagrun for example_branch_dop_operator_v3 to 2026-05-16 14:31:00+00:00, run_after=2026-05-16 14:32:00+00:00
[2026-05-16T14:32:00.369+0000] {processor.py:183} INFO - Processing /home/airflow/.local/lib/python3.12/site-packages/airflow/example_dags/example_branch_python_dop_operator_3.py took 0.027 seconds
[2026-05-16T14:32:30.773+0000] {processor.py:161} INFO - Started process (PID=25655) to work on /home/airflow/.local/lib/python3.12/site-packages/airflow/example_dags/example_branch_python_dop_operator_3.py
[2026-05-16T14:32:30.773+0000] {processor.py:830} INFO - Processing file /home/airflow/.local/lib/python3.12/site-packages/airflow/example_dags/example_branch_python_dop_operator_3.py for tasks to queue
[2026-05-16T14:32:30.773+0000] {logging_mixin.py:188} INFO - [2026-05-16T14:32:30.773+0000] {dagbag.py:545} INFO - Filling up the DagBag from /home/airflow/.local/lib/python3.12/site-packages/airflow/example_dags/example_branch_python_dop_operator_3.py
[2026-05-16T14:32:30.777+0000] {processor.py:840} INFO - DAG(s) 'example_branch_dop_operator_v3' retrieved from /home/airflow/.local/lib/python3.12/site-packages/airflow/example_dags/example_branch_python_dop_operator_3.py
[2026-05-16T14:32:30.787+0000] {logging_mixin.py:188} INFO - [2026-05-16T14:32:30.786+0000] {dag.py:3089} INFO - Sync 1 DAGs
[2026-05-16T14:32:30.795+0000] {logging_mixin.py:188} INFO - [2026-05-16T14:32:30.795+0000] {dag.py:3947} INFO - Setting next_dagrun for example_branch_dop_operator_v3 to 2026-05-16 14:31:00+00:00, run_after=2026-05-16 14:32:00+00:00
[2026-05-16T14:32:30.800+0000] {processor.py:183} INFO - Processing /home/airflow/.local/lib/python3.12/site-packages/airflow/example_dags/example_branch_python_dop_operator_3.py took 0.032 seconds
[2026-05-16T14:33:01.186+0000] {processor.py:161} INFO - Started process (PID=25717) to work on /home/airflow/.local/lib/python3.12/site-packages/airflow/example_dags/example_branch_python_dop_operator_3.py
[2026-05-16T14:33:01.187+0000] {processor.py:830} INFO - Processing file /home/airflow/.local/lib/python3.12/site-packages/airflow/example_dags/example_branch_python_dop_operator_3.py for tasks to queue
[2026-05-16T14:33:01.187+0000] {logging_mixin.py:188} INFO - [2026-05-16T14:33:01.187+0000] {dagbag.py:545} INFO - Filling up the DagBag from /home/airflow/.local/lib/python3.12/site-packages/airflow/example_dags/example_branch_python_dop_operator_3.py
[2026-05-16T14:33:01.190+0000] {processor.py:840} INFO - DAG(s) 'example_branch_dop_operator_v3' retrieved from /home/airflow/.local/lib/python3.12/site-packages/airflow/example_dags/example_branch_python_dop_operator_3.py
[2026-05-16T14:33:01.198+0000] {logging_mixin.py:188} INFO - [2026-05-16T14:33:01.197+0000] {dag.py:3089} INFO - Sync 1 DAGs
[2026-05-16T14:33:01.206+0000] {logging_mixin.py:188} INFO - [2026-05-16T14:33:01.206+0000] {dag.py:3947} INFO - Setting next_dagrun for example_branch_dop_operator_v3 to 2026-05-16 14:32:00+00:00, run_after=2026-05-16 14:33:00+00:00
[2026-05-16T14:33:01.210+0000] {processor.py:183} INFO - Processing /home/airflow/.local/lib/python3.12/site-packages/airflow/example_dags/example_branch_python_dop_operator_3.py took 0.026 seconds
[2026-05-16T14:33:31.636+0000] {processor.py:161} INFO - Started process (PID=25779) to work on /home/airflow/.local/lib/python3.12/site-packages/airflow/example_dags/example_branch_python_dop_operator_3.py
[2026-05-16T14:33:31.636+0000] {processor.py:830} INFO - Processing file /home/airflow/.local/lib/python3.12/site-packages/airflow/example_dags/example_branch_python_dop_operator_3.py for tasks to queue
[2026-05-16T14:33:31.637+0000] {logging_mixin.py:188} INFO - [2026-05-16T14:33:31.636+0000] {dagbag.py:545} INFO - Filling up the DagBag from /home/airflow/.local/lib/python3.12/site-packages/airflow/example_dags/example_branch_python_dop_operator_3.py
[2026-05-16T14:33:31.640+0000] {processor.py:840} INFO - DAG(s) 'example_branch_dop_operator_v3' retrieved from /home/airflow/.local/lib/python3.12/site-packages/airflow/example_dags/example_branch_python_dop_operator_3.py
[2026-05-16T14:33:31.650+0000] {logging_mixin.py:188} INFO - [2026-05-16T14:33:31.650+0000] {dag.py:3089} INFO - Sync 1 DAGs
[2026-05-16T14:33:31.659+0000] {logging_mixin.py:188} INFO - [2026-05-16T14:33:31.659+0000] {dag.py:3947} INFO - Setting next_dagrun for example_branch_dop_operator_v3 to 2026-05-16 14:32:00+00:00, run_after=2026-05-16 14:33:00+00:00
[2026-05-16T14:33:31.664+0000] {processor.py:183} INFO - Processing /home/airflow/.local/lib/python3.12/site-packages/airflow/example_dags/example_branch_python_dop_operator_3.py took 0.031 seconds
[2026-05-16T14:34:02.058+0000] {processor.py:161} INFO - Started process (PID=25841) to work on /home/airflow/.local/lib/python3.12/site-packages/airflow/example_dags/example_branch_python_dop_operator_3.py
[2026-05-16T14:34:02.058+0000] {processor.py:830} INFO - Processing file /home/airflow/.local/lib/python3.12/site-packages/airflow/example_dags/example_branch_python_dop_operator_3.py for tasks to queue
[2026-05-16T14:34:02.058+0000] {logging_mixin.py:188} INFO - [2026-05-16T14:34:02.058+0000] {dagbag.py:545} INFO - Filling up the DagBag from /home/airflow/.local/lib/python3.12/site-packages/airflow/example_dags/example_branch_python_dop_operator_3.py
[2026-05-16T14:34:02.062+0000] {processor.py:840} INFO - DAG(s) 'example_branch_dop_operator_v3' retrieved from /home/airflow/.local/lib/python3.12/site-packages/airflow/example_dags/example_branch_python_dop_operator_3.py
[2026-05-16T14:34:02.071+0000] {logging_mixin.py:188} INFO - [2026-05-16T14:34:02.071+0000] {dag.py:3089} INFO - Sync 1 DAGs
[2026-05-16T14:34:02.078+0000] {logging_mixin.py:188} INFO - [2026-05-16T14:34:02.078+0000] {dag.py:3947} INFO - Setting next_dagrun for example_branch_dop_operator_v3 to 2026-05-16 14:33:00+00:00, run_after=2026-05-16 14:34:00+00:00
[2026-05-16T14:34:02.083+0000] {processor.py:183} INFO - Processing /home/airflow/.local/lib/python3.12/site-packages/airflow/example_dags/example_branch_python_dop_operator_3.py took 0.028 seconds
[2026-05-16T14:34:32.656+0000] {processor.py:161} INFO - Started process (PID=25903) to work on /home/airflow/.local/lib/python3.12/site-packages/airflow/example_dags/example_branch_python_dop_operator_3.py
[2026-05-16T14:34:32.656+0000] {processor.py:830} INFO - Processing file /home/airflow/.local/lib/python3.12/site-packages/airflow/example_dags/example_branch_python_dop_operator_3.py for tasks to queue
[2026-05-16T14:34:32.656+0000] {logging_mixin.py:188} INFO - [2026-05-16T14:34:32.656+0000] {dagbag.py:545} INFO - Filling up the DagBag from /home/airflow/.local/lib/python3.12/site-packages/airflow/example_dags/example_branch_python_dop_operator_3.py
[2026-05-16T14:34:32.660+0000] {processor.py:840} INFO - DAG(s) 'example_branch_dop_operator_v3' retrieved from /home/airflow/.local/lib/python3.12/site-packages/airflow/example_dags/example_branch_python_dop_operator_3.py
[2026-05-16T14:34:32.668+0000] {logging_mixin.py:188} INFO - [2026-05-16T14:34:32.668+0000] {dag.py:3089} INFO - Sync 1 DAGs
[2026-05-16T14:34:32.677+0000] {logging_mixin.py:188} INFO - [2026-05-16T14:34:32.677+0000] {dag.py:3947} INFO - Setting next_dagrun for example_branch_dop_operator_v3 to 2026-05-16 14:33:00+00:00, run_after=2026-05-16 14:34:00+00:00
[2026-05-16T14:34:32.683+0000] {processor.py:183} INFO - Processing /home/airflow/.local/lib/python3.12/site-packages/airflow/example_dags/example_branch_python_dop_operator_3.py took 0.030 seconds
[2026-05-16T14:35:03.325+0000] {processor.py:161} INFO - Started process (PID=25964) to work on /home/airflow/.local/lib/python3.12/site-packages/airflow/example_dags/example_branch_python_dop_operator_3.py
[2026-05-16T14:35:03.326+0000] {processor.py:830} INFO - Processing file /home/airflow/.local/lib/python3.12/site-packages/airflow/example_dags/example_branch_python_dop_operator_3.py for tasks to queue
[2026-05-16T14:35:03.326+0000] {logging_mixin.py:188} INFO - [2026-05-16T14:35:03.326+0000] {dagbag.py:545} INFO - Filling up the DagBag from /home/airflow/.local/lib/python3.12/site-packages/airflow/example_dags/example_branch_python_dop_operator_3.py
[2026-05-16T14:35:03.329+0000] {processor.py:840} INFO - DAG(s) 'example_branch_dop_operator_v3' retrieved from /home/airflow/.local/lib/python3.12/site-packages/airflow/example_dags/example_branch_python_dop_operator_3.py
[2026-05-16T14:35:03.340+0000] {logging_mixin.py:188} INFO - [2026-05-16T14:35:03.340+0000] {dag.py:3089} INFO - Sync 1 DAGs
[2026-05-16T14:35:03.349+0000] {logging_mixin.py:188} INFO - [2026-05-16T14:35:03.349+0000] {dag.py:3947} INFO - Setting next_dagrun for example_branch_dop_operator_v3 to 2026-05-16 14:34:00+00:00, run_after=2026-05-16 14:35:00+00:00
[2026-05-16T14:35:03.356+0000] {processor.py:183} INFO - Processing /home/airflow/.local/lib/python3.12/site-packages/airflow/example_dags/example_branch_python_dop_operator_3.py took 0.034 seconds
[2026-05-16T14:35:33.789+0000] {processor.py:161} INFO - Started process (PID=26026) to work on /home/airflow/.local/lib/python3.12/site-packages/airflow/example_dags/example_branch_python_dop_operator_3.py
[2026-05-16T14:35:33.789+0000] {processor.py:830} INFO - Processing file /home/airflow/.local/lib/python3.12/site-packages/airflow/example_dags/example_branch_python_dop_operator_3.py for tasks to queue
[2026-05-16T14:35:33.789+0000] {logging_mixin.py:188} INFO - [2026-05-16T14:35:33.789+0000] {dagbag.py:545} INFO - Filling up the DagBag from /home/airflow/.local/lib/python3.12/site-packages/airflow/example_dags/example_branch_python_dop_operator_3.py
[2026-05-16T14:35:33.792+0000] {processor.py:840} INFO - DAG(s) 'example_branch_dop_operator_v3' retrieved from /home/airflow/.local/lib/python3.12/site-packages/airflow/example_dags/example_branch_python_dop_operator_3.py
[2026-05-16T14:35:33.800+0000] {logging_mixin.py:188} INFO - [2026-05-16T14:35:33.800+0000] {dag.py:3089} INFO - Sync 1 DAGs
[2026-05-16T14:35:33.808+0000] {logging_mixin.py:188} INFO - [2026-05-16T14:35:33.808+0000] {dag.py:3947} INFO - Setting next_dagrun for example_branch_dop_operator_v3 to 2026-05-16 14:34:00+00:00, run_after=2026-05-16 14:35:00+00:00
[2026-05-16T14:35:33.813+0000] {processor.py:183} INFO - Processing /home/airflow/.local/lib/python3.12/site-packages/airflow/example_dags/example_branch_python_dop_operator_3.py took 0.027 seconds
[2026-05-16T14:36:04.225+0000] {processor.py:161} INFO - Started process (PID=26088) to work on /home/airflow/.local/lib/python3.12/site-packages/airflow/example_dags/example_branch_python_dop_operator_3.py
[2026-05-16T14:36:04.225+0000] {processor.py:830} INFO - Processing file /home/airflow/.local/lib/python3.12/site-packages/airflow/example_dags/example_branch_python_dop_operator_3.py for tasks to queue
[2026-05-16T14:36:04.225+0000] {logging_mixin.py:188} INFO - [2026-05-16T14:36:04.225+0000] {dagbag.py:545} INFO - Filling up the DagBag from /home/airflow/.local/lib/python3.12/site-packages/airflow/example_dags/example_branch_python_dop_operator_3.py
[2026-05-16T14:36:04.228+0000] {processor.py:840} INFO - DAG(s) 'example_branch_dop_operator_v3' retrieved from /home/airflow/.local/lib/python3.12/site-packages/airflow/example_dags/example_branch_python_dop_operator_3.py
[2026-05-16T14:36:04.236+0000] {logging_mixin.py:188} INFO - [2026-05-16T14:36:04.236+0000] {dag.py:3089} INFO - Sync 1 DAGs
[2026-05-16T14:36:04.244+0000] {logging_mixin.py:188} INFO - [2026-05-16T14:36:04.244+0000] {dag.py:3947} INFO - Setting next_dagrun for example_branch_dop_operator_v3 to 2026-05-16 14:35:00+00:00, run_after=2026-05-16 14:36:00+00:00
[2026-05-16T14:36:04.249+0000] {processor.py:183} INFO - Processing /home/airflow/.local/lib/python3.12/site-packages/airflow/example_dags/example_branch_python_dop_operator_3.py took 0.027 seconds
[2026-05-16T14:36:34.674+0000] {processor.py:161} INFO - Started process (PID=26150) to work on /home/airflow/.local/lib/python3.12/site-packages/airflow/example_dags/example_branch_python_dop_operator_3.py
[2026-05-16T14:36:34.674+0000] {processor.py:830} INFO - Processing file /home/airflow/.local/lib/python3.12/site-packages/airflow/example_dags/example_branch_python_dop_operator_3.py for tasks to queue
[2026-05-16T14:36:34.675+0000] {logging_mixin.py:188} INFO - [2026-05-16T14:36:34.675+0000] {dagbag.py:545} INFO - Filling up the DagBag from /home/airflow/.local/lib/python3.12/site-packages/airflow/example_dags/example_branch_python_dop_operator_3.py
[2026-05-16T14:36:34.678+0000] {processor.py:840} INFO - DAG(s) 'example_branch_dop_operator_v3' retrieved from /home/airflow/.local/lib/python3.12/site-packages/airflow/example_dags/example_branch_python_dop_operator_3.py
[2026-05-16T14:36:34.685+0000] {logging_mixin.py:188} INFO - [2026-05-16T14:36:34.685+0000] {dag.py:3089} INFO - Sync 1 DAGs
[2026-05-16T14:36:34.693+0000] {logging_mixin.py:188} INFO - [2026-05-16T14:36:34.693+0000] {dag.py:3947} INFO - Setting next_dagrun for example_branch_dop_operator_v3 to 2026-05-16 14:35:00+00:00, run_after=2026-05-16 14:36:00+00:00
[2026-05-16T14:36:34.698+0000] {processor.py:183} INFO - Processing /home/airflow/.local/lib/python3.12/site-packages/airflow/example_dags/example_branch_python_dop_operator_3.py took 0.027 seconds
[2026-05-16T14:37:05.253+0000] {processor.py:161} INFO - Started process (PID=26212) to work on /home/airflow/.local/lib/python3.12/site-packages/airflow/example_dags/example_branch_python_dop_operator_3.py
[2026-05-16T14:37:05.253+0000] {processor.py:830} INFO - Processing file /home/airflow/.local/lib/python3.12/site-packages/airflow/example_dags/example_branch_python_dop_operator_3.py for tasks to queue
[2026-05-16T14:37:05.254+0000] {logging_mixin.py:188} INFO - [2026-05-16T14:37:05.254+0000] {dagbag.py:545} INFO - Filling up the DagBag from /home/airflow/.local/lib/python3.12/site-packages/airflow/example_dags/example_branch_python_dop_operator_3.py
[2026-05-16T14:37:05.258+0000] {processor.py:840} INFO - DAG(s) 'example_branch_dop_operator_v3' retrieved from /home/airflow/.local/lib/python3.12/site-packages/airflow/example_dags/example_branch_python_dop_operator_3.py
[2026-05-16T14:37:05.268+0000] {logging_mixin.py:188} INFO - [2026-05-16T14:37:05.268+0000] {dag.py:3089} INFO - Sync 1 DAGs
[2026-05-16T14:37:05.276+0000] {logging_mixin.py:188} INFO - [2026-05-16T14:37:05.276+0000] {dag.py:3947} INFO - Setting next_dagrun for example_branch_dop_operator_v3 to 2026-05-16 14:36:00+00:00, run_after=2026-05-16 14:37:00+00:00
[2026-05-16T14:37:05.282+0000] {processor.py:183} INFO - Processing /home/airflow/.local/lib/python3.12/site-packages/airflow/example_dags/example_branch_python_dop_operator_3.py took 0.033 seconds
[2026-05-16T14:37:35.659+0000] {processor.py:161} INFO - Started process (PID=26274) to work on /home/airflow/.local/lib/python3.12/site-packages/airflow/example_dags/example_branch_python_dop_operator_3.py
[2026-05-16T14:37:35.659+0000] {processor.py:830} INFO - Processing file /home/airflow/.local/lib/python3.12/site-packages/airflow/example_dags/example_branch_python_dop_operator_3.py for tasks to queue
[2026-05-16T14:37:35.659+0000] {logging_mixin.py:188} INFO - [2026-05-16T14:37:35.659+0000] {dagbag.py:545} INFO - Filling up the DagBag from /home/airflow/.local/lib/python3.12/site-packages/airflow/example_dags/example_branch_python_dop_operator_3.py
[2026-05-16T14:37:35.663+0000] {processor.py:840} INFO - DAG(s) 'example_branch_dop_operator_v3' retrieved from /home/airflow/.local/lib/python3.12/site-packages/airflow/example_dags/example_branch_python_dop_operator_3.py
[2026-05-16T14:37:35.671+0000] {logging_mixin.py:188} INFO - [2026-05-16T14:37:35.670+0000] {dag.py:3089} INFO - Sync 1 DAGs
[2026-05-16T14:37:35.678+0000] {logging_mixin.py:188} INFO - [2026-05-16T14:37:35.678+0000] {dag.py:3947} INFO - Setting next_dagrun for example_branch_dop_operator_v3 to 2026-05-16 14:36:00+00:00, run_after=2026-05-16 14:37:00+00:00
[2026-05-16T14:37:35.684+0000] {processor.py:183} INFO - Processing /home/airflow/.local/lib/python3.12/site-packages/airflow/example_dags/example_branch_python_dop_operator_3.py took 0.027 seconds
[2026-05-16T14:38:06.141+0000] {processor.py:161} INFO - Started process (PID=26336) to work on /home/airflow/.local/lib/python3.12/site-packages/airflow/example_dags/example_branch_python_dop_operator_3.py
[2026-05-16T14:38:06.141+0000] {processor.py:830} INFO - Processing file /home/airflow/.local/lib/python3.12/site-packages/airflow/example_dags/example_branch_python_dop_operator_3.py for tasks to queue
[2026-05-16T14:38:06.141+0000] {logging_mixin.py:188} INFO - [2026-05-16T14:38:06.141+0000] {dagbag.py:545} INFO - Filling up the DagBag from /home/airflow/.local/lib/python3.12/site-packages/airflow/example_dags/example_branch_python_dop_operator_3.py
[2026-05-16T14:38:06.144+0000] {processor.py:840} INFO - DAG(s) 'example_branch_dop_operator_v3' retrieved from /home/airflow/.local/lib/python3.12/site-packages/airflow/example_dags/example_branch_python_dop_operator_3.py
[2026-05-16T14:38:06.150+0000] {logging_mixin.py:188} INFO - [2026-05-16T14:38:06.150+0000] {dag.py:3089} INFO - Sync 1 DAGs
[2026-05-16T14:38:06.158+0000] {logging_mixin.py:188} INFO - [2026-05-16T14:38:06.158+0000] {dag.py:3947} INFO - Setting next_dagrun for example_branch_dop_operator_v3 to 2026-05-16 14:37:00+00:00, run_after=2026-05-16 14:38:00+00:00
[2026-05-16T14:38:06.163+0000] {processor.py:183} INFO - Processing /home/airflow/.local/lib/python3.12/site-packages/airflow/example_dags/example_branch_python_dop_operator_3.py took 0.024 seconds
[2026-05-16T14:38:36.532+0000] {processor.py:161} INFO - Started process (PID=26398) to work on /home/airflow/.local/lib/python3.12/site-packages/airflow/example_dags/example_branch_python_dop_operator_3.py
[2026-05-16T14:38:36.533+0000] {processor.py:830} INFO - Processing file /home/airflow/.local/lib/python3.12/site-packages/airflow/example_dags/example_branch_python_dop_operator_3.py for tasks to queue
[2026-05-16T14:38:36.533+0000] {logging_mixin.py:188} INFO - [2026-05-16T14:38:36.533+0000] {dagbag.py:545} INFO - Filling up the DagBag from /home/airflow/.local/lib/python3.12/site-packages/airflow/example_dags/example_branch_python_dop_operator_3.py
[2026-05-16T14:38:36.536+0000] {processor.py:840} INFO - DAG(s) 'example_branch_dop_operator_v3' retrieved from /home/airflow/.local/lib/python3.12/site-packages/airflow/example_dags/example_branch_python_dop_operator_3.py
[2026-05-16T14:38:36.544+0000] {logging_mixin.py:188} INFO - [2026-05-16T14:38:36.543+0000] {dag.py:3089} INFO - Sync 1 DAGs
[2026-05-16T14:38:36.551+0000] {logging_mixin.py:188} INFO - [2026-05-16T14:38:36.551+0000] {dag.py:3947} INFO - Setting next_dagrun for example_branch_dop_operator_v3 to 2026-05-16 14:37:00+00:00, run_after=2026-05-16 14:38:00+00:00
[2026-05-16T14:38:36.557+0000] {processor.py:183} INFO - Processing /home/airflow/.local/lib/python3.12/site-packages/airflow/example_dags/example_branch_python_dop_operator_3.py took 0.028 seconds
[2026-05-16T14:39:07.114+0000] {processor.py:161} INFO - Started process (PID=26460) to work on /home/airflow/.local/lib/python3.12/site-packages/airflow/example_dags/example_branch_python_dop_operator_3.py
[2026-05-16T14:39:07.114+0000] {processor.py:830} INFO - Processing file /home/airflow/.local/lib/python3.12/site-packages/airflow/example_dags/example_branch_python_dop_operator_3.py for tasks to queue
[2026-05-16T14:39:07.114+0000] {logging_mixin.py:188} INFO - [2026-05-16T14:39:07.114+0000] {dagbag.py:545} INFO - Filling up the DagBag from /home/airflow/.local/lib/python3.12/site-packages/airflow/example_dags/example_branch_python_dop_operator_3.py
[2026-05-16T14:39:07.118+0000] {processor.py:840} INFO - DAG(s) 'example_branch_dop_operator_v3' retrieved from /home/airflow/.local/lib/python3.12/site-packages/airflow/example_dags/example_branch_python_dop_operator_3.py
[2026-05-16T14:39:07.124+0000] {logging_mixin.py:188} INFO - [2026-05-16T14:39:07.124+0000] {dag.py:3089} INFO - Sync 1 DAGs
[2026-05-16T14:39:07.132+0000] {logging_mixin.py:188} INFO - [2026-05-16T14:39:07.132+0000] {dag.py:3947} INFO - Setting next_dagrun for example_branch_dop_operator_v3 to 2026-05-16 14:38:00+00:00, run_after=2026-05-16 14:39:00+00:00
[2026-05-16T14:39:07.136+0000] {processor.py:183} INFO - Processing /home/airflow/.local/lib/python3.12/site-packages/airflow/example_dags/example_branch_python_dop_operator_3.py took 0.025 seconds
[2026-05-16T14:39:37.742+0000] {processor.py:161} INFO - Started process (PID=26522) to work on /home/airflow/.local/lib/python3.12/site-packages/airflow/example_dags/example_branch_python_dop_operator_3.py
[2026-05-16T14:39:37.742+0000] {processor.py:830} INFO - Processing file /home/airflow/.local/lib/python3.12/site-packages/airflow/example_dags/example_branch_python_dop_operator_3.py for tasks to queue
[2026-05-16T14:39:37.742+0000] {logging_mixin.py:188} INFO - [2026-05-16T14:39:37.742+0000] {dagbag.py:545} INFO - Filling up the DagBag from /home/airflow/.local/lib/python3.12/site-packages/airflow/example_dags/example_branch_python_dop_operator_3.py
[2026-05-16T14:39:37.746+0000] {processor.py:840} INFO - DAG(s) 'example_branch_dop_operator_v3' retrieved from /home/airflow/.local/lib/python3.12/site-packages/airflow/example_dags/example_branch_python_dop_operator_3.py
[2026-05-16T14:39:37.753+0000] {logging_mixin.py:188} INFO - [2026-05-16T14:39:37.753+0000] {dag.py:3089} INFO - Sync 1 DAGs
[2026-05-16T14:39:37.761+0000] {logging_mixin.py:188} INFO - [2026-05-16T14:39:37.761+0000] {dag.py:3947} INFO - Setting next_dagrun for example_branch_dop_operator_v3 to 2026-05-16 14:38:00+00:00, run_after=2026-05-16 14:39:00+00:00
[2026-05-16T14:39:37.766+0000] {processor.py:183} INFO - Processing /home/airflow/.local/lib/python3.12/site-packages/airflow/example_dags/example_branch_python_dop_operator_3.py took 0.027 seconds
[2026-05-16T14:40:08.432+0000] {processor.py:161} INFO - Started process (PID=26584) to work on /home/airflow/.local/lib/python3.12/site-packages/airflow/example_dags/example_branch_python_dop_operator_3.py
[2026-05-16T14:40:08.434+0000] {processor.py:830} INFO - Processing file /home/airflow/.local/lib/python3.12/site-packages/airflow/example_dags/example_branch_python_dop_operator_3.py for tasks to queue
[2026-05-16T14:40:08.435+0000] {logging_mixin.py:188} INFO - [2026-05-16T14:40:08.434+0000] {dagbag.py:545} INFO - Filling up the DagBag from /home/airflow/.local/lib/python3.12/site-packages/airflow/example_dags/example_branch_python_dop_operator_3.py
[2026-05-16T14:40:08.441+0000] {processor.py:840} INFO - DAG(s) 'example_branch_dop_operator_v3' retrieved from /home/airflow/.local/lib/python3.12/site-packages/airflow/example_dags/example_branch_python_dop_operator_3.py
[2026-05-16T14:40:08.451+0000] {logging_mixin.py:188} INFO - [2026-05-16T14:40:08.451+0000] {dag.py:3089} INFO - Sync 1 DAGs
[2026-05-16T14:40:08.464+0000] {logging_mixin.py:188} INFO - [2026-05-16T14:40:08.464+0000] {dag.py:3947} INFO - Setting next_dagrun for example_branch_dop_operator_v3 to 2026-05-16 14:39:00+00:00, run_after=2026-05-16 14:40:00+00:00
[2026-05-16T14:40:08.471+0000] {processor.py:183} INFO - Processing /home/airflow/.local/lib/python3.12/site-packages/airflow/example_dags/example_branch_python_dop_operator_3.py took 0.042 seconds
[2026-05-16T14:40:39.031+0000] {processor.py:161} INFO - Started process (PID=26646) to work on /home/airflow/.local/lib/python3.12/site-packages/airflow/example_dags/example_branch_python_dop_operator_3.py
[2026-05-16T14:40:39.031+0000] {processor.py:830} INFO - Processing file /home/airflow/.local/lib/python3.12/site-packages/airflow/example_dags/example_branch_python_dop_operator_3.py for tasks to queue
[2026-05-16T14:40:39.032+0000] {logging_mixin.py:188} INFO - [2026-05-16T14:40:39.031+0000] {dagbag.py:545} INFO - Filling up the DagBag from /home/airflow/.local/lib/python3.12/site-packages/airflow/example_dags/example_branch_python_dop_operator_3.py
[2026-05-16T14:40:39.035+0000] {processor.py:840} INFO - DAG(s) 'example_branch_dop_operator_v3' retrieved from /home/airflow/.local/lib/python3.12/site-packages/airflow/example_dags/example_branch_python_dop_operator_3.py
[2026-05-16T14:40:39.043+0000] {logging_mixin.py:188} INFO - [2026-05-16T14:40:39.043+0000] {dag.py:3089} INFO - Sync 1 DAGs
[2026-05-16T14:40:39.050+0000] {logging_mixin.py:188} INFO - [2026-05-16T14:40:39.050+0000] {dag.py:3947} INFO - Setting next_dagrun for example_branch_dop_operator_v3 to 2026-05-16 14:39:00+00:00, run_after=2026-05-16 14:40:00+00:00
[2026-05-16T14:40:39.055+0000] {processor.py:183} INFO - Processing /home/airflow/.local/lib/python3.12/site-packages/airflow/example_dags/example_branch_python_dop_operator_3.py took 0.027 seconds
[2026-05-16T14:41:09.565+0000] {processor.py:161} INFO - Started process (PID=26708) to work on /home/airflow/.local/lib/python3.12/site-packages/airflow/example_dags/example_branch_python_dop_operator_3.py
[2026-05-16T14:41:09.566+0000] {processor.py:830} INFO - Processing file /home/airflow/.local/lib/python3.12/site-packages/airflow/example_dags/example_branch_python_dop_operator_3.py for tasks to queue
[2026-05-16T14:41:09.566+0000] {logging_mixin.py:188} INFO - [2026-05-16T14:41:09.566+0000] {dagbag.py:545} INFO - Filling up the DagBag from /home/airflow/.local/lib/python3.12/site-packages/airflow/example_dags/example_branch_python_dop_operator_3.py
[2026-05-16T14:41:09.569+0000] {processor.py:840} INFO - DAG(s) 'example_branch_dop_operator_v3' retrieved from /home/airflow/.local/lib/python3.12/site-packages/airflow/example_dags/example_branch_python_dop_operator_3.py
[2026-05-16T14:41:09.576+0000] {logging_mixin.py:188} INFO - [2026-05-16T14:41:09.576+0000] {dag.py:3089} INFO - Sync 1 DAGs
[2026-05-16T14:41:09.584+0000] {logging_mixin.py:188} INFO - [2026-05-16T14:41:09.584+0000] {dag.py:3947} INFO - Setting next_dagrun for example_branch_dop_operator_v3 to 2026-05-16 14:40:00+00:00, run_after=2026-05-16 14:41:00+00:00
[2026-05-16T14:41:09.589+0000] {processor.py:183} INFO - Processing /home/airflow/.local/lib/python3.12/site-packages/airflow/example_dags/example_branch_python_dop_operator_3.py took 0.027 seconds
[2026-05-16T14:41:40.041+0000] {processor.py:161} INFO - Started process (PID=26770) to work on /home/airflow/.local/lib/python3.12/site-packages/airflow/example_dags/example_branch_python_dop_operator_3.py
[2026-05-16T14:41:40.042+0000] {processor.py:830} INFO - Processing file /home/airflow/.local/lib/python3.12/site-packages/airflow/example_dags/example_branch_python_dop_operator_3.py for tasks to queue
[2026-05-16T14:41:40.042+0000] {logging_mixin.py:188} INFO - [2026-05-16T14:41:40.042+0000] {dagbag.py:545} INFO - Filling up the DagBag from /home/airflow/.local/lib/python3.12/site-packages/airflow/example_dags/example_branch_python_dop_operator_3.py
[2026-05-16T14:41:40.045+0000] {processor.py:840} INFO - DAG(s) 'example_branch_dop_operator_v3' retrieved from /home/airflow/.local/lib/python3.12/site-packages/airflow/example_dags/example_branch_python_dop_operator_3.py
[2026-05-16T14:41:40.054+0000] {logging_mixin.py:188} INFO - [2026-05-16T14:41:40.053+0000] {dag.py:3089} INFO - Sync 1 DAGs
[2026-05-16T14:41:40.061+0000] {logging_mixin.py:188} INFO - [2026-05-16T14:41:40.061+0000] {dag.py:3947} INFO - Setting next_dagrun for example_branch_dop_operator_v3 to 2026-05-16 14:40:00+00:00, run_after=2026-05-16 14:41:00+00:00
[2026-05-16T14:41:40.067+0000] {processor.py:183} INFO - Processing /home/airflow/.local/lib/python3.12/site-packages/airflow/example_dags/example_branch_python_dop_operator_3.py took 0.028 seconds
[2026-05-16T14:42:10.400+0000] {processor.py:161} INFO - Started process (PID=26832) to work on /home/airflow/.local/lib/python3.12/site-packages/airflow/example_dags/example_branch_python_dop_operator_3.py
[2026-05-16T14:42:10.400+0000] {processor.py:830} INFO - Processing file /home/airflow/.local/lib/python3.12/site-packages/airflow/example_dags/example_branch_python_dop_operator_3.py for tasks to queue
[2026-05-16T14:42:10.401+0000] {logging_mixin.py:188} INFO - [2026-05-16T14:42:10.400+0000] {dagbag.py:545} INFO - Filling up the DagBag from /home/airflow/.local/lib/python3.12/site-packages/airflow/example_dags/example_branch_python_dop_operator_3.py
[2026-05-16T14:42:10.404+0000] {processor.py:840} INFO - DAG(s) 'example_branch_dop_operator_v3' retrieved from /home/airflow/.local/lib/python3.12/site-packages/airflow/example_dags/example_branch_python_dop_operator_3.py
[2026-05-16T14:42:10.412+0000] {logging_mixin.py:188} INFO - [2026-05-16T14:42:10.412+0000] {dag.py:3089} INFO - Sync 1 DAGs
[2026-05-16T14:42:10.421+0000] {logging_mixin.py:188} INFO - [2026-05-16T14:42:10.421+0000] {dag.py:3947} INFO - Setting next_dagrun for example_branch_dop_operator_v3 to 2026-05-16 14:41:00+00:00, run_after=2026-05-16 14:42:00+00:00
[2026-05-16T14:42:10.426+0000] {processor.py:183} INFO - Processing /home/airflow/.local/lib/python3.12/site-packages/airflow/example_dags/example_branch_python_dop_operator_3.py took 0.030 seconds
[2026-05-16T14:42:40.843+0000] {processor.py:161} INFO - Started process (PID=26894) to work on /home/airflow/.local/lib/python3.12/site-packages/airflow/example_dags/example_branch_python_dop_operator_3.py
[2026-05-16T14:42:40.843+0000] {processor.py:830} INFO - Processing file /home/airflow/.local/lib/python3.12/site-packages/airflow/example_dags/example_branch_python_dop_operator_3.py for tasks to queue
[2026-05-16T14:42:40.843+0000] {logging_mixin.py:188} INFO - [2026-05-16T14:42:40.843+0000] {dagbag.py:545} INFO - Filling up the DagBag from /home/airflow/.local/lib/python3.12/site-packages/airflow/example_dags/example_branch_python_dop_operator_3.py
[2026-05-16T14:42:40.846+0000] {processor.py:840} INFO - DAG(s) 'example_branch_dop_operator_v3' retrieved from /home/airflow/.local/lib/python3.12/site-packages/airflow/example_dags/example_branch_python_dop_operator_3.py
[2026-05-16T14:42:40.853+0000] {logging_mixin.py:188} INFO - [2026-05-16T14:42:40.853+0000] {dag.py:3089} INFO - Sync 1 DAGs
[2026-05-16T14:42:40.861+0000] {logging_mixin.py:188} INFO - [2026-05-16T14:42:40.861+0000] {dag.py:3947} INFO - Setting next_dagrun for example_branch_dop_operator_v3 to 2026-05-16 14:41:00+00:00, run_after=2026-05-16 14:42:00+00:00
[2026-05-16T14:42:40.866+0000] {processor.py:183} INFO - Processing /home/airflow/.local/lib/python3.12/site-packages/airflow/example_dags/example_branch_python_dop_operator_3.py took 0.025 seconds
[2026-05-16T14:43:11.241+0000] {processor.py:161} INFO - Started process (PID=26956) to work on /home/airflow/.local/lib/python3.12/site-packages/airflow/example_dags/example_branch_python_dop_operator_3.py
[2026-05-16T14:43:11.241+0000] {processor.py:830} INFO - Processing file /home/airflow/.local/lib/python3.12/site-packages/airflow/example_dags/example_branch_python_dop_operator_3.py for tasks to queue
[2026-05-16T14:43:11.242+0000] {logging_mixin.py:188} INFO - [2026-05-16T14:43:11.242+0000] {dagbag.py:545} INFO - Filling up the DagBag from /home/airflow/.local/lib/python3.12/site-packages/airflow/example_dags/example_branch_python_dop_operator_3.py
[2026-05-16T14:43:11.245+0000] {processor.py:840} INFO - DAG(s) 'example_branch_dop_operator_v3' retrieved from /home/airflow/.local/lib/python3.12/site-packages/airflow/example_dags/example_branch_python_dop_operator_3.py
[2026-05-16T14:43:11.254+0000] {logging_mixin.py:188} INFO - [2026-05-16T14:43:11.254+0000] {dag.py:3089} INFO - Sync 1 DAGs
[2026-05-16T14:43:11.263+0000] {logging_mixin.py:188} INFO - [2026-05-16T14:43:11.263+0000] {dag.py:3947} INFO - Setting next_dagrun for example_branch_dop_operator_v3 to 2026-05-16 14:42:00+00:00, run_after=2026-05-16 14:43:00+00:00
[2026-05-16T14:43:11.268+0000] {processor.py:183} INFO - Processing /home/airflow/.local/lib/python3.12/site-packages/airflow/example_dags/example_branch_python_dop_operator_3.py took 0.031 seconds
[2026-05-16T14:43:41.721+0000] {processor.py:161} INFO - Started process (PID=27018) to work on /home/airflow/.local/lib/python3.12/site-packages/airflow/example_dags/example_branch_python_dop_operator_3.py
[2026-05-16T14:43:41.722+0000] {processor.py:830} INFO - Processing file /home/airflow/.local/lib/python3.12/site-packages/airflow/example_dags/example_branch_python_dop_operator_3.py for tasks to queue
[2026-05-16T14:43:41.722+0000] {logging_mixin.py:188} INFO - [2026-05-16T14:43:41.722+0000] {dagbag.py:545} INFO - Filling up the DagBag from /home/airflow/.local/lib/python3.12/site-packages/airflow/example_dags/example_branch_python_dop_operator_3.py
[2026-05-16T14:43:41.725+0000] {processor.py:840} INFO - DAG(s) 'example_branch_dop_operator_v3' retrieved from /home/airflow/.local/lib/python3.12/site-packages/airflow/example_dags/example_branch_python_dop_operator_3.py
[2026-05-16T14:43:41.733+0000] {logging_mixin.py:188} INFO - [2026-05-16T14:43:41.733+0000] {dag.py:3089} INFO - Sync 1 DAGs
[2026-05-16T14:43:41.740+0000] {logging_mixin.py:188} INFO - [2026-05-16T14:43:41.740+0000] {dag.py:3947} INFO - Setting next_dagrun for example_branch_dop_operator_v3 to 2026-05-16 14:42:00+00:00, run_after=2026-05-16 14:43:00+00:00
[2026-05-16T14:43:41.745+0000] {processor.py:183} INFO - Processing /home/airflow/.local/lib/python3.12/site-packages/airflow/example_dags/example_branch_python_dop_operator_3.py took 0.026 seconds
[2026-05-16T14:44:12.117+0000] {processor.py:161} INFO - Started process (PID=27080) to work on /home/airflow/.local/lib/python3.12/site-packages/airflow/example_dags/example_branch_python_dop_operator_3.py
[2026-05-16T14:44:12.118+0000] {processor.py:830} INFO - Processing file /home/airflow/.local/lib/python3.12/site-packages/airflow/example_dags/example_branch_python_dop_operator_3.py for tasks to queue
[2026-05-16T14:44:12.118+0000] {logging_mixin.py:188} INFO - [2026-05-16T14:44:12.118+0000] {dagbag.py:545} INFO - Filling up the DagBag from /home/airflow/.local/lib/python3.12/site-packages/airflow/example_dags/example_branch_python_dop_operator_3.py
[2026-05-16T14:44:12.122+0000] {processor.py:840} INFO - DAG(s) 'example_branch_dop_operator_v3' retrieved from /home/airflow/.local/lib/python3.12/site-packages/airflow/example_dags/example_branch_python_dop_operator_3.py
[2026-05-16T14:44:12.129+0000] {logging_mixin.py:188} INFO - [2026-05-16T14:44:12.129+0000] {dag.py:3089} INFO - Sync 1 DAGs
[2026-05-16T14:44:12.137+0000] {logging_mixin.py:188} INFO - [2026-05-16T14:44:12.137+0000] {dag.py:3947} INFO - Setting next_dagrun for example_branch_dop_operator_v3 to 2026-05-16 14:43:00+00:00, run_after=2026-05-16 14:44:00+00:00
[2026-05-16T14:44:12.142+0000] {processor.py:183} INFO - Processing /home/airflow/.local/lib/python3.12/site-packages/airflow/example_dags/example_branch_python_dop_operator_3.py took 0.027 seconds
[2026-05-16T14:44:42.609+0000] {processor.py:161} INFO - Started process (PID=27142) to work on /home/airflow/.local/lib/python3.12/site-packages/airflow/example_dags/example_branch_python_dop_operator_3.py
[2026-05-16T14:44:42.609+0000] {processor.py:830} INFO - Processing file /home/airflow/.local/lib/python3.12/site-packages/airflow/example_dags/example_branch_python_dop_operator_3.py for tasks to queue
[2026-05-16T14:44:42.609+0000] {logging_mixin.py:188} INFO - [2026-05-16T14:44:42.609+0000] {dagbag.py:545} INFO - Filling up the DagBag from /home/airflow/.local/lib/python3.12/site-packages/airflow/example_dags/example_branch_python_dop_operator_3.py
[2026-05-16T14:44:42.613+0000] {processor.py:840} INFO - DAG(s) 'example_branch_dop_operator_v3' retrieved from /home/airflow/.local/lib/python3.12/site-packages/airflow/example_dags/example_branch_python_dop_operator_3.py
[2026-05-16T14:44:42.621+0000] {logging_mixin.py:188} INFO - [2026-05-16T14:44:42.621+0000] {dag.py:3089} INFO - Sync 1 DAGs
[2026-05-16T14:44:42.629+0000] {logging_mixin.py:188} INFO - [2026-05-16T14:44:42.629+0000] {dag.py:3947} INFO - Setting next_dagrun for example_branch_dop_operator_v3 to 2026-05-16 14:43:00+00:00, run_after=2026-05-16 14:44:00+00:00
[2026-05-16T14:44:42.634+0000] {processor.py:183} INFO - Processing /home/airflow/.local/lib/python3.12/site-packages/airflow/example_dags/example_branch_python_dop_operator_3.py took 0.030 seconds
[2026-05-16T14:45:12.981+0000] {processor.py:161} INFO - Started process (PID=27204) to work on /home/airflow/.local/lib/python3.12/site-packages/airflow/example_dags/example_branch_python_dop_operator_3.py
[2026-05-16T14:45:12.981+0000] {processor.py:830} INFO - Processing file /home/airflow/.local/lib/python3.12/site-packages/airflow/example_dags/example_branch_python_dop_operator_3.py for tasks to queue
[2026-05-16T14:45:12.981+0000] {logging_mixin.py:188} INFO - [2026-05-16T14:45:12.981+0000] {dagbag.py:545} INFO - Filling up the DagBag from /home/airflow/.local/lib/python3.12/site-packages/airflow/example_dags/example_branch_python_dop_operator_3.py
[2026-05-16T14:45:12.984+0000] {processor.py:840} INFO - DAG(s) 'example_branch_dop_operator_v3' retrieved from /home/airflow/.local/lib/python3.12/site-packages/airflow/example_dags/example_branch_python_dop_operator_3.py
[2026-05-16T14:45:12.992+0000] {logging_mixin.py:188} INFO - [2026-05-16T14:45:12.992+0000] {dag.py:3089} INFO - Sync 1 DAGs
[2026-05-16T14:45:12.999+0000] {logging_mixin.py:188} INFO - [2026-05-16T14:45:12.999+0000] {dag.py:3947} INFO - Setting next_dagrun for example_branch_dop_operator_v3 to 2026-05-16 14:44:00+00:00, run_after=2026-05-16 14:45:00+00:00
[2026-05-16T14:45:13.005+0000] {processor.py:183} INFO - Processing /home/airflow/.local/lib/python3.12/site-packages/airflow/example_dags/example_branch_python_dop_operator_3.py took 0.027 seconds
[2026-05-16T14:45:43.446+0000] {processor.py:161} INFO - Started process (PID=27266) to work on /home/airflow/.local/lib/python3.12/site-packages/airflow/example_dags/example_branch_python_dop_operator_3.py
[2026-05-16T14:45:43.446+0000] {processor.py:830} INFO - Processing file /home/airflow/.local/lib/python3.12/site-packages/airflow/example_dags/example_branch_python_dop_operator_3.py for tasks to queue
[2026-05-16T14:45:43.446+0000] {logging_mixin.py:188} INFO - [2026-05-16T14:45:43.446+0000] {dagbag.py:545} INFO - Filling up the DagBag from /home/airflow/.local/lib/python3.12/site-packages/airflow/example_dags/example_branch_python_dop_operator_3.py
[2026-05-16T14:45:43.450+0000] {processor.py:840} INFO - DAG(s) 'example_branch_dop_operator_v3' retrieved from /home/airflow/.local/lib/python3.12/site-packages/airflow/example_dags/example_branch_python_dop_operator_3.py
[2026-05-16T14:45:43.457+0000] {logging_mixin.py:188} INFO - [2026-05-16T14:45:43.457+0000] {dag.py:3089} INFO - Sync 1 DAGs
[2026-05-16T14:45:43.464+0000] {logging_mixin.py:188} INFO - [2026-05-16T14:45:43.464+0000] {dag.py:3947} INFO - Setting next_dagrun for example_branch_dop_operator_v3 to 2026-05-16 14:44:00+00:00, run_after=2026-05-16 14:45:00+00:00
[2026-05-16T14:45:43.469+0000] {processor.py:183} INFO - Processing /home/airflow/.local/lib/python3.12/site-packages/airflow/example_dags/example_branch_python_dop_operator_3.py took 0.025 seconds
[2026-05-16T14:46:13.939+0000] {processor.py:161} INFO - Started process (PID=27328) to work on /home/airflow/.local/lib/python3.12/site-packages/airflow/example_dags/example_branch_python_dop_operator_3.py
[2026-05-16T14:46:13.940+0000] {processor.py:830} INFO - Processing file /home/airflow/.local/lib/python3.12/site-packages/airflow/example_dags/example_branch_python_dop_operator_3.py for tasks to queue
[2026-05-16T14:46:13.940+0000] {logging_mixin.py:188} INFO - [2026-05-16T14:46:13.940+0000] {dagbag.py:545} INFO - Filling up the DagBag from /home/airflow/.local/lib/python3.12/site-packages/airflow/example_dags/example_branch_python_dop_operator_3.py
[2026-05-16T14:46:13.944+0000] {processor.py:840} INFO - DAG(s) 'example_branch_dop_operator_v3' retrieved from /home/airflow/.local/lib/python3.12/site-packages/airflow/example_dags/example_branch_python_dop_operator_3.py
[2026-05-16T14:46:13.956+0000] {logging_mixin.py:188} INFO - [2026-05-16T14:46:13.956+0000] {dag.py:3089} INFO - Sync 1 DAGs
[2026-05-16T14:46:13.966+0000] {logging_mixin.py:188} INFO - [2026-05-16T14:46:13.966+0000] {dag.py:3947} INFO - Setting next_dagrun for example_branch_dop_operator_v3 to 2026-05-16 14:45:00+00:00, run_after=2026-05-16 14:46:00+00:00
[2026-05-16T14:46:13.971+0000] {processor.py:183} INFO - Processing /home/airflow/.local/lib/python3.12/site-packages/airflow/example_dags/example_branch_python_dop_operator_3.py took 0.034 seconds
[2026-05-16T14:46:44.407+0000] {processor.py:161} INFO - Started process (PID=27389) to work on /home/airflow/.local/lib/python3.12/site-packages/airflow/example_dags/example_branch_python_dop_operator_3.py
[2026-05-16T14:46:44.407+0000] {processor.py:830} INFO - Processing file /home/airflow/.local/lib/python3.12/site-packages/airflow/example_dags/example_branch_python_dop_operator_3.py for tasks to queue
[2026-05-16T14:46:44.408+0000] {logging_mixin.py:188} INFO - [2026-05-16T14:46:44.407+0000] {dagbag.py:545} INFO - Filling up the DagBag from /home/airflow/.local/lib/python3.12/site-packages/airflow/example_dags/example_branch_python_dop_operator_3.py
[2026-05-16T14:46:44.411+0000] {processor.py:840} INFO - DAG(s) 'example_branch_dop_operator_v3' retrieved from /home/airflow/.local/lib/python3.12/site-packages/airflow/example_dags/example_branch_python_dop_operator_3.py
[2026-05-16T14:46:44.419+0000] {logging_mixin.py:188} INFO - [2026-05-16T14:46:44.419+0000] {dag.py:3089} INFO - Sync 1 DAGs
[2026-05-16T14:46:44.427+0000] {logging_mixin.py:188} INFO - [2026-05-16T14:46:44.427+0000] {dag.py:3947} INFO - Setting next_dagrun for example_branch_dop_operator_v3 to 2026-05-16 14:45:00+00:00, run_after=2026-05-16 14:46:00+00:00
[2026-05-16T14:46:44.432+0000] {processor.py:183} INFO - Processing /home/airflow/.local/lib/python3.12/site-packages/airflow/example_dags/example_branch_python_dop_operator_3.py took 0.027 seconds
[2026-05-16T14:47:14.959+0000] {processor.py:161} INFO - Started process (PID=27450) to work on /home/airflow/.local/lib/python3.12/site-packages/airflow/example_dags/example_branch_python_dop_operator_3.py
[2026-05-16T14:47:14.960+0000] {processor.py:830} INFO - Processing file /home/airflow/.local/lib/python3.12/site-packages/airflow/example_dags/example_branch_python_dop_operator_3.py for tasks to queue
[2026-05-16T14:47:14.960+0000] {logging_mixin.py:188} INFO - [2026-05-16T14:47:14.960+0000] {dagbag.py:545} INFO - Filling up the DagBag from /home/airflow/.local/lib/python3.12/site-packages/airflow/example_dags/example_branch_python_dop_operator_3.py
[2026-05-16T14:47:14.964+0000] {processor.py:840} INFO - DAG(s) 'example_branch_dop_operator_v3' retrieved from /home/airflow/.local/lib/python3.12/site-packages/airflow/example_dags/example_branch_python_dop_operator_3.py
[2026-05-16T14:47:14.974+0000] {logging_mixin.py:188} INFO - [2026-05-16T14:47:14.974+0000] {dag.py:3089} INFO - Sync 1 DAGs
[2026-05-16T14:47:14.983+0000] {logging_mixin.py:188} INFO - [2026-05-16T14:47:14.983+0000] {dag.py:3947} INFO - Setting next_dagrun for example_branch_dop_operator_v3 to 2026-05-16 14:46:00+00:00, run_after=2026-05-16 14:47:00+00:00
[2026-05-16T14:47:14.989+0000] {processor.py:183} INFO - Processing /home/airflow/.local/lib/python3.12/site-packages/airflow/example_dags/example_branch_python_dop_operator_3.py took 0.032 seconds
[2026-05-16T14:47:45.368+0000] {processor.py:161} INFO - Started process (PID=27513) to work on /home/airflow/.local/lib/python3.12/site-packages/airflow/example_dags/example_branch_python_dop_operator_3.py
[2026-05-16T14:47:45.369+0000] {processor.py:830} INFO - Processing file /home/airflow/.local/lib/python3.12/site-packages/airflow/example_dags/example_branch_python_dop_operator_3.py for tasks to queue
[2026-05-16T14:47:45.369+0000] {logging_mixin.py:188} INFO - [2026-05-16T14:47:45.369+0000] {dagbag.py:545} INFO - Filling up the DagBag from /home/airflow/.local/lib/python3.12/site-packages/airflow/example_dags/example_branch_python_dop_operator_3.py
[2026-05-16T14:47:45.372+0000] {processor.py:840} INFO - DAG(s) 'example_branch_dop_operator_v3' retrieved from /home/airflow/.local/lib/python3.12/site-packages/airflow/example_dags/example_branch_python_dop_operator_3.py
[2026-05-16T14:47:45.380+0000] {logging_mixin.py:188} INFO - [2026-05-16T14:47:45.380+0000] {dag.py:3089} INFO - Sync 1 DAGs
[2026-05-16T14:47:45.388+0000] {logging_mixin.py:188} INFO - [2026-05-16T14:47:45.388+0000] {dag.py:3947} INFO - Setting next_dagrun for example_branch_dop_operator_v3 to 2026-05-16 14:46:00+00:00, run_after=2026-05-16 14:47:00+00:00
[2026-05-16T14:47:45.393+0000] {processor.py:183} INFO - Processing /home/airflow/.local/lib/python3.12/site-packages/airflow/example_dags/example_branch_python_dop_operator_3.py took 0.028 seconds
[2026-05-16T14:48:15.875+0000] {processor.py:161} INFO - Started process (PID=27575) to work on /home/airflow/.local/lib/python3.12/site-packages/airflow/example_dags/example_branch_python_dop_operator_3.py
[2026-05-16T14:48:15.875+0000] {processor.py:830} INFO - Processing file /home/airflow/.local/lib/python3.12/site-packages/airflow/example_dags/example_branch_python_dop_operator_3.py for tasks to queue
[2026-05-16T14:48:15.876+0000] {logging_mixin.py:188} INFO - [2026-05-16T14:48:15.876+0000] {dagbag.py:545} INFO - Filling up the DagBag from /home/airflow/.local/lib/python3.12/site-packages/airflow/example_dags/example_branch_python_dop_operator_3.py
[2026-05-16T14:48:15.881+0000] {processor.py:840} INFO - DAG(s) 'example_branch_dop_operator_v3' retrieved from /home/airflow/.local/lib/python3.12/site-packages/airflow/example_dags/example_branch_python_dop_operator_3.py
[2026-05-16T14:48:15.888+0000] {logging_mixin.py:188} INFO - [2026-05-16T14:48:15.888+0000] {dag.py:3089} INFO - Sync 1 DAGs
[2026-05-16T14:48:15.896+0000] {logging_mixin.py:188} INFO - [2026-05-16T14:48:15.896+0000] {dag.py:3947} INFO - Setting next_dagrun for example_branch_dop_operator_v3 to 2026-05-16 14:47:00+00:00, run_after=2026-05-16 14:48:00+00:00
[2026-05-16T14:48:15.901+0000] {processor.py:183} INFO - Processing /home/airflow/.local/lib/python3.12/site-packages/airflow/example_dags/example_branch_python_dop_operator_3.py took 0.029 seconds
[2026-05-16T14:48:46.293+0000] {processor.py:161} INFO - Started process (PID=27637) to work on /home/airflow/.local/lib/python3.12/site-packages/airflow/example_dags/example_branch_python_dop_operator_3.py
[2026-05-16T14:48:46.294+0000] {processor.py:830} INFO - Processing file /home/airflow/.local/lib/python3.12/site-packages/airflow/example_dags/example_branch_python_dop_operator_3.py for tasks to queue
[2026-05-16T14:48:46.294+0000] {logging_mixin.py:188} INFO - [2026-05-16T14:48:46.294+0000] {dagbag.py:545} INFO - Filling up the DagBag from /home/airflow/.local/lib/python3.12/site-packages/airflow/example_dags/example_branch_python_dop_operator_3.py
[2026-05-16T14:48:46.297+0000] {processor.py:840} INFO - DAG(s) 'example_branch_dop_operator_v3' retrieved from /home/airflow/.local/lib/python3.12/site-packages/airflow/example_dags/example_branch_python_dop_operator_3.py
[2026-05-16T14:48:46.306+0000] {logging_mixin.py:188} INFO - [2026-05-16T14:48:46.306+0000] {dag.py:3089} INFO - Sync 1 DAGs
[2026-05-16T14:48:46.314+0000] {logging_mixin.py:188} INFO - [2026-05-16T14:48:46.314+0000] {dag.py:3947} INFO - Setting next_dagrun for example_branch_dop_operator_v3 to 2026-05-16 14:47:00+00:00, run_after=2026-05-16 14:48:00+00:00
[2026-05-16T14:48:46.319+0000] {processor.py:183} INFO - Processing /home/airflow/.local/lib/python3.12/site-packages/airflow/example_dags/example_branch_python_dop_operator_3.py took 0.028 seconds
[2026-05-16T14:49:16.745+0000] {processor.py:161} INFO - Started process (PID=27699) to work on /home/airflow/.local/lib/python3.12/site-packages/airflow/example_dags/example_branch_python_dop_operator_3.py
[2026-05-16T14:49:16.746+0000] {processor.py:830} INFO - Processing file /home/airflow/.local/lib/python3.12/site-packages/airflow/example_dags/example_branch_python_dop_operator_3.py for tasks to queue
[2026-05-16T14:49:16.746+0000] {logging_mixin.py:188} INFO - [2026-05-16T14:49:16.746+0000] {dagbag.py:545} INFO - Filling up the DagBag from /home/airflow/.local/lib/python3.12/site-packages/airflow/example_dags/example_branch_python_dop_operator_3.py
[2026-05-16T14:49:16.749+0000] {processor.py:840} INFO - DAG(s) 'example_branch_dop_operator_v3' retrieved from /home/airflow/.local/lib/python3.12/site-packages/airflow/example_dags/example_branch_python_dop_operator_3.py
[2026-05-16T14:49:16.759+0000] {logging_mixin.py:188} INFO - [2026-05-16T14:49:16.759+0000] {dag.py:3089} INFO - Sync 1 DAGs
[2026-05-16T14:49:16.768+0000] {logging_mixin.py:188} INFO - [2026-05-16T14:49:16.768+0000] {dag.py:3947} INFO - Setting next_dagrun for example_branch_dop_operator_v3 to 2026-05-16 14:48:00+00:00, run_after=2026-05-16 14:49:00+00:00
[2026-05-16T14:49:16.773+0000] {processor.py:183} INFO - Processing /home/airflow/.local/lib/python3.12/site-packages/airflow/example_dags/example_branch_python_dop_operator_3.py took 0.033 seconds
[2026-05-16T14:49:47.089+0000] {processor.py:161} INFO - Started process (PID=27761) to work on /home/airflow/.local/lib/python3.12/site-packages/airflow/example_dags/example_branch_python_dop_operator_3.py
[2026-05-16T14:49:47.090+0000] {processor.py:830} INFO - Processing file /home/airflow/.local/lib/python3.12/site-packages/airflow/example_dags/example_branch_python_dop_operator_3.py for tasks to queue
[2026-05-16T14:49:47.090+0000] {logging_mixin.py:188} INFO - [2026-05-16T14:49:47.090+0000] {dagbag.py:545} INFO - Filling up the DagBag from /home/airflow/.local/lib/python3.12/site-packages/airflow/example_dags/example_branch_python_dop_operator_3.py
[2026-05-16T14:49:47.094+0000] {processor.py:840} INFO - DAG(s) 'example_branch_dop_operator_v3' retrieved from /home/airflow/.local/lib/python3.12/site-packages/airflow/example_dags/example_branch_python_dop_operator_3.py
[2026-05-16T14:49:47.104+0000] {logging_mixin.py:188} INFO - [2026-05-16T14:49:47.103+0000] {dag.py:3089} INFO - Sync 1 DAGs
[2026-05-16T14:49:47.114+0000] {logging_mixin.py:188} INFO - [2026-05-16T14:49:47.114+0000] {dag.py:3947} INFO - Setting next_dagrun for example_branch_dop_operator_v3 to 2026-05-16 14:48:00+00:00, run_after=2026-05-16 14:49:00+00:00
[2026-05-16T14:49:47.121+0000] {processor.py:183} INFO - Processing /home/airflow/.local/lib/python3.12/site-packages/airflow/example_dags/example_branch_python_dop_operator_3.py took 0.034 seconds
[2026-05-16T14:50:17.503+0000] {processor.py:161} INFO - Started process (PID=27823) to work on /home/airflow/.local/lib/python3.12/site-packages/airflow/example_dags/example_branch_python_dop_operator_3.py
[2026-05-16T14:50:17.503+0000] {processor.py:830} INFO - Processing file /home/airflow/.local/lib/python3.12/site-packages/airflow/example_dags/example_branch_python_dop_operator_3.py for tasks to queue
[2026-05-16T14:50:17.503+0000] {logging_mixin.py:188} INFO - [2026-05-16T14:50:17.503+0000] {dagbag.py:545} INFO - Filling up the DagBag from /home/airflow/.local/lib/python3.12/site-packages/airflow/example_dags/example_branch_python_dop_operator_3.py
[2026-05-16T14:50:17.506+0000] {processor.py:840} INFO - DAG(s) 'example_branch_dop_operator_v3' retrieved from /home/airflow/.local/lib/python3.12/site-packages/airflow/example_dags/example_branch_python_dop_operator_3.py
[2026-05-16T14:50:17.514+0000] {logging_mixin.py:188} INFO - [2026-05-16T14:50:17.514+0000] {dag.py:3089} INFO - Sync 1 DAGs
[2026-05-16T14:50:17.521+0000] {logging_mixin.py:188} INFO - [2026-05-16T14:50:17.521+0000] {dag.py:3947} INFO - Setting next_dagrun for example_branch_dop_operator_v3 to 2026-05-16 14:49:00+00:00, run_after=2026-05-16 14:50:00+00:00
[2026-05-16T14:50:17.526+0000] {processor.py:183} INFO - Processing /home/airflow/.local/lib/python3.12/site-packages/airflow/example_dags/example_branch_python_dop_operator_3.py took 0.026 seconds
[2026-05-16T14:50:47.814+0000] {processor.py:161} INFO - Started process (PID=27885) to work on /home/airflow/.local/lib/python3.12/site-packages/airflow/example_dags/example_branch_python_dop_operator_3.py
[2026-05-16T14:50:47.814+0000] {processor.py:830} INFO - Processing file /home/airflow/.local/lib/python3.12/site-packages/airflow/example_dags/example_branch_python_dop_operator_3.py for tasks to queue
[2026-05-16T14:50:47.814+0000] {logging_mixin.py:188} INFO - [2026-05-16T14:50:47.814+0000] {dagbag.py:545} INFO - Filling up the DagBag from /home/airflow/.local/lib/python3.12/site-packages/airflow/example_dags/example_branch_python_dop_operator_3.py
[2026-05-16T14:50:47.817+0000] {processor.py:840} INFO - DAG(s) 'example_branch_dop_operator_v3' retrieved from /home/airflow/.local/lib/python3.12/site-packages/airflow/example_dags/example_branch_python_dop_operator_3.py
[2026-05-16T14:50:47.825+0000] {logging_mixin.py:188} INFO - [2026-05-16T14:50:47.825+0000] {dag.py:3089} INFO - Sync 1 DAGs
[2026-05-16T14:50:47.832+0000] {logging_mixin.py:188} INFO - [2026-05-16T14:50:47.832+0000] {dag.py:3947} INFO - Setting next_dagrun for example_branch_dop_operator_v3 to 2026-05-16 14:49:00+00:00, run_after=2026-05-16 14:50:00+00:00
[2026-05-16T14:50:47.838+0000] {processor.py:183} INFO - Processing /home/airflow/.local/lib/python3.12/site-packages/airflow/example_dags/example_branch_python_dop_operator_3.py took 0.026 seconds
[2026-05-16T14:51:18.193+0000] {processor.py:161} INFO - Started process (PID=27947) to work on /home/airflow/.local/lib/python3.12/site-packages/airflow/example_dags/example_branch_python_dop_operator_3.py
[2026-05-16T14:51:18.194+0000] {processor.py:830} INFO - Processing file /home/airflow/.local/lib/python3.12/site-packages/airflow/example_dags/example_branch_python_dop_operator_3.py for tasks to queue
[2026-05-16T14:51:18.194+0000] {logging_mixin.py:188} INFO - [2026-05-16T14:51:18.194+0000] {dagbag.py:545} INFO - Filling up the DagBag from /home/airflow/.local/lib/python3.12/site-packages/airflow/example_dags/example_branch_python_dop_operator_3.py
[2026-05-16T14:51:18.198+0000] {processor.py:840} INFO - DAG(s) 'example_branch_dop_operator_v3' retrieved from /home/airflow/.local/lib/python3.12/site-packages/airflow/example_dags/example_branch_python_dop_operator_3.py
[2026-05-16T14:51:18.206+0000] {logging_mixin.py:188} INFO - [2026-05-16T14:51:18.206+0000] {dag.py:3089} INFO - Sync 1 DAGs
[2026-05-16T14:51:18.214+0000] {logging_mixin.py:188} INFO - [2026-05-16T14:51:18.214+0000] {dag.py:3947} INFO - Setting next_dagrun for example_branch_dop_operator_v3 to 2026-05-16 14:50:00+00:00, run_after=2026-05-16 14:51:00+00:00
[2026-05-16T14:51:18.219+0000] {processor.py:183} INFO - Processing /home/airflow/.local/lib/python3.12/site-packages/airflow/example_dags/example_branch_python_dop_operator_3.py took 0.028 seconds
[2026-05-16T14:51:48.506+0000] {processor.py:161} INFO - Started process (PID=28009) to work on /home/airflow/.local/lib/python3.12/site-packages/airflow/example_dags/example_branch_python_dop_operator_3.py
[2026-05-16T14:51:48.507+0000] {processor.py:830} INFO - Processing file /home/airflow/.local/lib/python3.12/site-packages/airflow/example_dags/example_branch_python_dop_operator_3.py for tasks to queue
[2026-05-16T14:51:48.507+0000] {logging_mixin.py:188} INFO - [2026-05-16T14:51:48.507+0000] {dagbag.py:545} INFO - Filling up the DagBag from /home/airflow/.local/lib/python3.12/site-packages/airflow/example_dags/example_branch_python_dop_operator_3.py
[2026-05-16T14:51:48.510+0000] {processor.py:840} INFO - DAG(s) 'example_branch_dop_operator_v3' retrieved from /home/airflow/.local/lib/python3.12/site-packages/airflow/example_dags/example_branch_python_dop_operator_3.py
[2026-05-16T14:51:48.517+0000] {logging_mixin.py:188} INFO - [2026-05-16T14:51:48.517+0000] {dag.py:3089} INFO - Sync 1 DAGs
[2026-05-16T14:51:48.525+0000] {logging_mixin.py:188} INFO - [2026-05-16T14:51:48.525+0000] {dag.py:3947} INFO - Setting next_dagrun for example_branch_dop_operator_v3 to 2026-05-16 14:50:00+00:00, run_after=2026-05-16 14:51:00+00:00
[2026-05-16T14:51:48.530+0000] {processor.py:183} INFO - Processing /home/airflow/.local/lib/python3.12/site-packages/airflow/example_dags/example_branch_python_dop_operator_3.py took 0.025 seconds
[2026-05-16T14:52:18.833+0000] {processor.py:161} INFO - Started process (PID=28071) to work on /home/airflow/.local/lib/python3.12/site-packages/airflow/example_dags/example_branch_python_dop_operator_3.py
[2026-05-16T14:52:18.833+0000] {processor.py:830} INFO - Processing file /home/airflow/.local/lib/python3.12/site-packages/airflow/example_dags/example_branch_python_dop_operator_3.py for tasks to queue
[2026-05-16T14:52:18.833+0000] {logging_mixin.py:188} INFO - [2026-05-16T14:52:18.833+0000] {dagbag.py:545} INFO - Filling up the DagBag from /home/airflow/.local/lib/python3.12/site-packages/airflow/example_dags/example_branch_python_dop_operator_3.py
[2026-05-16T14:52:18.836+0000] {processor.py:840} INFO - DAG(s) 'example_branch_dop_operator_v3' retrieved from /home/airflow/.local/lib/python3.12/site-packages/airflow/example_dags/example_branch_python_dop_operator_3.py
[2026-05-16T14:52:18.845+0000] {logging_mixin.py:188} INFO - [2026-05-16T14:52:18.845+0000] {dag.py:3089} INFO - Sync 1 DAGs
[2026-05-16T14:52:18.853+0000] {logging_mixin.py:188} INFO - [2026-05-16T14:52:18.853+0000] {dag.py:3947} INFO - Setting next_dagrun for example_branch_dop_operator_v3 to 2026-05-16 14:51:00+00:00, run_after=2026-05-16 14:52:00+00:00
[2026-05-16T14:52:18.859+0000] {processor.py:183} INFO - Processing /home/airflow/.local/lib/python3.12/site-packages/airflow/example_dags/example_branch_python_dop_operator_3.py took 0.028 seconds
[2026-05-16T14:52:49.113+0000] {processor.py:161} INFO - Started process (PID=28133) to work on /home/airflow/.local/lib/python3.12/site-packages/airflow/example_dags/example_branch_python_dop_operator_3.py
[2026-05-16T14:52:49.113+0000] {processor.py:830} INFO - Processing file /home/airflow/.local/lib/python3.12/site-packages/airflow/example_dags/example_branch_python_dop_operator_3.py for tasks to queue
[2026-05-16T14:52:49.113+0000] {logging_mixin.py:188} INFO - [2026-05-16T14:52:49.113+0000] {dagbag.py:545} INFO - Filling up the DagBag from /home/airflow/.local/lib/python3.12/site-packages/airflow/example_dags/example_branch_python_dop_operator_3.py
[2026-05-16T14:52:49.116+0000] {processor.py:840} INFO - DAG(s) 'example_branch_dop_operator_v3' retrieved from /home/airflow/.local/lib/python3.12/site-packages/airflow/example_dags/example_branch_python_dop_operator_3.py
[2026-05-16T14:52:49.123+0000] {logging_mixin.py:188} INFO - [2026-05-16T14:52:49.123+0000] {dag.py:3089} INFO - Sync 1 DAGs
[2026-05-16T14:52:49.130+0000] {logging_mixin.py:188} INFO - [2026-05-16T14:52:49.130+0000] {dag.py:3947} INFO - Setting next_dagrun for example_branch_dop_operator_v3 to 2026-05-16 14:51:00+00:00, run_after=2026-05-16 14:52:00+00:00
[2026-05-16T14:52:49.135+0000] {processor.py:183} INFO - Processing /home/airflow/.local/lib/python3.12/site-packages/airflow/example_dags/example_branch_python_dop_operator_3.py took 0.025 seconds
[2026-05-16T14:53:19.445+0000] {processor.py:161} INFO - Started process (PID=28195) to work on /home/airflow/.local/lib/python3.12/site-packages/airflow/example_dags/example_branch_python_dop_operator_3.py
[2026-05-16T14:53:19.445+0000] {processor.py:830} INFO - Processing file /home/airflow/.local/lib/python3.12/site-packages/airflow/example_dags/example_branch_python_dop_operator_3.py for tasks to queue
[2026-05-16T14:53:19.445+0000] {logging_mixin.py:188} INFO - [2026-05-16T14:53:19.445+0000] {dagbag.py:545} INFO - Filling up the DagBag from /home/airflow/.local/lib/python3.12/site-packages/airflow/example_dags/example_branch_python_dop_operator_3.py
[2026-05-16T14:53:19.449+0000] {processor.py:840} INFO - DAG(s) 'example_branch_dop_operator_v3' retrieved from /home/airflow/.local/lib/python3.12/site-packages/airflow/example_dags/example_branch_python_dop_operator_3.py
[2026-05-16T14:53:19.458+0000] {logging_mixin.py:188} INFO - [2026-05-16T14:53:19.458+0000] {dag.py:3089} INFO - Sync 1 DAGs
[2026-05-16T14:53:19.467+0000] {logging_mixin.py:188} INFO - [2026-05-16T14:53:19.467+0000] {dag.py:3947} INFO - Setting next_dagrun for example_branch_dop_operator_v3 to 2026-05-16 14:52:00+00:00, run_after=2026-05-16 14:53:00+00:00
[2026-05-16T14:53:19.473+0000] {processor.py:183} INFO - Processing /home/airflow/.local/lib/python3.12/site-packages/airflow/example_dags/example_branch_python_dop_operator_3.py took 0.031 seconds
[2026-05-16T14:53:49.856+0000] {processor.py:161} INFO - Started process (PID=28257) to work on /home/airflow/.local/lib/python3.12/site-packages/airflow/example_dags/example_branch_python_dop_operator_3.py
[2026-05-16T14:53:49.856+0000] {processor.py:830} INFO - Processing file /home/airflow/.local/lib/python3.12/site-packages/airflow/example_dags/example_branch_python_dop_operator_3.py for tasks to queue
[2026-05-16T14:53:49.856+0000] {logging_mixin.py:188} INFO - [2026-05-16T14:53:49.856+0000] {dagbag.py:545} INFO - Filling up the DagBag from /home/airflow/.local/lib/python3.12/site-packages/airflow/example_dags/example_branch_python_dop_operator_3.py
[2026-05-16T14:53:49.859+0000] {processor.py:840} INFO - DAG(s) 'example_branch_dop_operator_v3' retrieved from /home/airflow/.local/lib/python3.12/site-packages/airflow/example_dags/example_branch_python_dop_operator_3.py
[2026-05-16T14:53:49.865+0000] {logging_mixin.py:188} INFO - [2026-05-16T14:53:49.865+0000] {dag.py:3089} INFO - Sync 1 DAGs
[2026-05-16T14:53:49.872+0000] {logging_mixin.py:188} INFO - [2026-05-16T14:53:49.872+0000] {dag.py:3947} INFO - Setting next_dagrun for example_branch_dop_operator_v3 to 2026-05-16 14:52:00+00:00, run_after=2026-05-16 14:53:00+00:00
[2026-05-16T14:53:49.877+0000] {processor.py:183} INFO - Processing /home/airflow/.local/lib/python3.12/site-packages/airflow/example_dags/example_branch_python_dop_operator_3.py took 0.023 seconds
[2026-05-16T14:54:20.496+0000] {processor.py:161} INFO - Started process (PID=28318) to work on /home/airflow/.local/lib/python3.12/site-packages/airflow/example_dags/example_branch_python_dop_operator_3.py
[2026-05-16T14:54:20.496+0000] {processor.py:830} INFO - Processing file /home/airflow/.local/lib/python3.12/site-packages/airflow/example_dags/example_branch_python_dop_operator_3.py for tasks to queue
[2026-05-16T14:54:20.497+0000] {logging_mixin.py:188} INFO - [2026-05-16T14:54:20.497+0000] {dagbag.py:545} INFO - Filling up the DagBag from /home/airflow/.local/lib/python3.12/site-packages/airflow/example_dags/example_branch_python_dop_operator_3.py
[2026-05-16T14:54:20.502+0000] {processor.py:840} INFO - DAG(s) 'example_branch_dop_operator_v3' retrieved from /home/airflow/.local/lib/python3.12/site-packages/airflow/example_dags/example_branch_python_dop_operator_3.py
[2026-05-16T14:54:20.522+0000] {logging_mixin.py:188} INFO - [2026-05-16T14:54:20.522+0000] {dag.py:3089} INFO - Sync 1 DAGs
[2026-05-16T14:54:20.536+0000] {logging_mixin.py:188} INFO - [2026-05-16T14:54:20.536+0000] {dag.py:3947} INFO - Setting next_dagrun for example_branch_dop_operator_v3 to 2026-05-16 14:53:00+00:00, run_after=2026-05-16 14:54:00+00:00
[2026-05-16T14:54:20.541+0000] {processor.py:183} INFO - Processing /home/airflow/.local/lib/python3.12/site-packages/airflow/example_dags/example_branch_python_dop_operator_3.py took 0.052 seconds
[2026-05-16T14:54:51.117+0000] {processor.py:161} INFO - Started process (PID=28380) to work on /home/airflow/.local/lib/python3.12/site-packages/airflow/example_dags/example_branch_python_dop_operator_3.py
[2026-05-16T14:54:51.117+0000] {processor.py:830} INFO - Processing file /home/airflow/.local/lib/python3.12/site-packages/airflow/example_dags/example_branch_python_dop_operator_3.py for tasks to queue
[2026-05-16T14:54:51.118+0000] {logging_mixin.py:188} INFO - [2026-05-16T14:54:51.118+0000] {dagbag.py:545} INFO - Filling up the DagBag from /home/airflow/.local/lib/python3.12/site-packages/airflow/example_dags/example_branch_python_dop_operator_3.py
[2026-05-16T14:54:51.121+0000] {processor.py:840} INFO - DAG(s) 'example_branch_dop_operator_v3' retrieved from /home/airflow/.local/lib/python3.12/site-packages/airflow/example_dags/example_branch_python_dop_operator_3.py
[2026-05-16T14:54:51.128+0000] {logging_mixin.py:188} INFO - [2026-05-16T14:54:51.128+0000] {dag.py:3089} INFO - Sync 1 DAGs
[2026-05-16T14:54:51.136+0000] {logging_mixin.py:188} INFO - [2026-05-16T14:54:51.136+0000] {dag.py:3947} INFO - Setting next_dagrun for example_branch_dop_operator_v3 to 2026-05-16 14:53:00+00:00, run_after=2026-05-16 14:54:00+00:00
[2026-05-16T14:54:51.140+0000] {processor.py:183} INFO - Processing /home/airflow/.local/lib/python3.12/site-packages/airflow/example_dags/example_branch_python_dop_operator_3.py took 0.025 seconds
[2026-05-16T14:55:21.672+0000] {processor.py:161} INFO - Started process (PID=28442) to work on /home/airflow/.local/lib/python3.12/site-packages/airflow/example_dags/example_branch_python_dop_operator_3.py
[2026-05-16T14:55:21.672+0000] {processor.py:830} INFO - Processing file /home/airflow/.local/lib/python3.12/site-packages/airflow/example_dags/example_branch_python_dop_operator_3.py for tasks to queue
[2026-05-16T14:55:21.673+0000] {logging_mixin.py:188} INFO - [2026-05-16T14:55:21.673+0000] {dagbag.py:545} INFO - Filling up the DagBag from /home/airflow/.local/lib/python3.12/site-packages/airflow/example_dags/example_branch_python_dop_operator_3.py
[2026-05-16T14:55:21.676+0000] {processor.py:840} INFO - DAG(s) 'example_branch_dop_operator_v3' retrieved from /home/airflow/.local/lib/python3.12/site-packages/airflow/example_dags/example_branch_python_dop_operator_3.py
[2026-05-16T14:55:21.688+0000] {logging_mixin.py:188} INFO - [2026-05-16T14:55:21.688+0000] {dag.py:3089} INFO - Sync 1 DAGs
[2026-05-16T14:55:21.697+0000] {logging_mixin.py:188} INFO - [2026-05-16T14:55:21.697+0000] {dag.py:3947} INFO - Setting next_dagrun for example_branch_dop_operator_v3 to 2026-05-16 14:54:00+00:00, run_after=2026-05-16 14:55:00+00:00
[2026-05-16T14:55:21.703+0000] {processor.py:183} INFO - Processing /home/airflow/.local/lib/python3.12/site-packages/airflow/example_dags/example_branch_python_dop_operator_3.py took 0.033 seconds
[2026-05-16T14:55:52.205+0000] {processor.py:161} INFO - Started process (PID=28504) to work on /home/airflow/.local/lib/python3.12/site-packages/airflow/example_dags/example_branch_python_dop_operator_3.py
[2026-05-16T14:55:52.205+0000] {processor.py:830} INFO - Processing file /home/airflow/.local/lib/python3.12/site-packages/airflow/example_dags/example_branch_python_dop_operator_3.py for tasks to queue
[2026-05-16T14:55:52.205+0000] {logging_mixin.py:188} INFO - [2026-05-16T14:55:52.205+0000] {dagbag.py:545} INFO - Filling up the DagBag from /home/airflow/.local/lib/python3.12/site-packages/airflow/example_dags/example_branch_python_dop_operator_3.py
[2026-05-16T14:55:52.208+0000] {processor.py:840} INFO - DAG(s) 'example_branch_dop_operator_v3' retrieved from /home/airflow/.local/lib/python3.12/site-packages/airflow/example_dags/example_branch_python_dop_operator_3.py
[2026-05-16T14:55:52.216+0000] {logging_mixin.py:188} INFO - [2026-05-16T14:55:52.216+0000] {dag.py:3089} INFO - Sync 1 DAGs
[2026-05-16T14:55:52.223+0000] {logging_mixin.py:188} INFO - [2026-05-16T14:55:52.223+0000] {dag.py:3947} INFO - Setting next_dagrun for example_branch_dop_operator_v3 to 2026-05-16 14:54:00+00:00, run_after=2026-05-16 14:55:00+00:00
[2026-05-16T14:55:52.229+0000] {processor.py:183} INFO - Processing /home/airflow/.local/lib/python3.12/site-packages/airflow/example_dags/example_branch_python_dop_operator_3.py took 0.026 seconds
[2026-05-16T14:56:22.495+0000] {processor.py:161} INFO - Started process (PID=28567) to work on /home/airflow/.local/lib/python3.12/site-packages/airflow/example_dags/example_branch_python_dop_operator_3.py
[2026-05-16T14:56:22.495+0000] {processor.py:830} INFO - Processing file /home/airflow/.local/lib/python3.12/site-packages/airflow/example_dags/example_branch_python_dop_operator_3.py for tasks to queue
[2026-05-16T14:56:22.495+0000] {logging_mixin.py:188} INFO - [2026-05-16T14:56:22.495+0000] {dagbag.py:545} INFO - Filling up the DagBag from /home/airflow/.local/lib/python3.12/site-packages/airflow/example_dags/example_branch_python_dop_operator_3.py
[2026-05-16T14:56:22.498+0000] {processor.py:840} INFO - DAG(s) 'example_branch_dop_operator_v3' retrieved from /home/airflow/.local/lib/python3.12/site-packages/airflow/example_dags/example_branch_python_dop_operator_3.py
[2026-05-16T14:56:22.504+0000] {logging_mixin.py:188} INFO - [2026-05-16T14:56:22.504+0000] {dag.py:3089} INFO - Sync 1 DAGs
[2026-05-16T14:56:22.511+0000] {logging_mixin.py:188} INFO - [2026-05-16T14:56:22.511+0000] {dag.py:3947} INFO - Setting next_dagrun for example_branch_dop_operator_v3 to 2026-05-16 14:55:00+00:00, run_after=2026-05-16 14:56:00+00:00
[2026-05-16T14:56:22.516+0000] {processor.py:183} INFO - Processing /home/airflow/.local/lib/python3.12/site-packages/airflow/example_dags/example_branch_python_dop_operator_3.py took 0.023 seconds
[2026-05-16T14:56:52.810+0000] {processor.py:161} INFO - Started process (PID=28629) to work on /home/airflow/.local/lib/python3.12/site-packages/airflow/example_dags/example_branch_python_dop_operator_3.py
[2026-05-16T14:56:52.811+0000] {processor.py:830} INFO - Processing file /home/airflow/.local/lib/python3.12/site-packages/airflow/example_dags/example_branch_python_dop_operator_3.py for tasks to queue
[2026-05-16T14:56:52.811+0000] {logging_mixin.py:188} INFO - [2026-05-16T14:56:52.811+0000] {dagbag.py:545} INFO - Filling up the DagBag from /home/airflow/.local/lib/python3.12/site-packages/airflow/example_dags/example_branch_python_dop_operator_3.py
[2026-05-16T14:56:52.814+0000] {processor.py:840} INFO - DAG(s) 'example_branch_dop_operator_v3' retrieved from /home/airflow/.local/lib/python3.12/site-packages/airflow/example_dags/example_branch_python_dop_operator_3.py
[2026-05-16T14:56:52.820+0000] {logging_mixin.py:188} INFO - [2026-05-16T14:56:52.820+0000] {dag.py:3089} INFO - Sync 1 DAGs
[2026-05-16T14:56:52.827+0000] {logging_mixin.py:188} INFO - [2026-05-16T14:56:52.827+0000] {dag.py:3947} INFO - Setting next_dagrun for example_branch_dop_operator_v3 to 2026-05-16 14:55:00+00:00, run_after=2026-05-16 14:56:00+00:00
[2026-05-16T14:56:52.831+0000] {processor.py:183} INFO - Processing /home/airflow/.local/lib/python3.12/site-packages/airflow/example_dags/example_branch_python_dop_operator_3.py took 0.023 seconds
[2026-05-16T14:57:23.517+0000] {processor.py:161} INFO - Started process (PID=28691) to work on /home/airflow/.local/lib/python3.12/site-packages/airflow/example_dags/example_branch_python_dop_operator_3.py
[2026-05-16T14:57:23.517+0000] {processor.py:830} INFO - Processing file /home/airflow/.local/lib/python3.12/site-packages/airflow/example_dags/example_branch_python_dop_operator_3.py for tasks to queue
[2026-05-16T14:57:23.517+0000] {logging_mixin.py:188} INFO - [2026-05-16T14:57:23.517+0000] {dagbag.py:545} INFO - Filling up the DagBag from /home/airflow/.local/lib/python3.12/site-packages/airflow/example_dags/example_branch_python_dop_operator_3.py
[2026-05-16T14:57:23.520+0000] {processor.py:840} INFO - DAG(s) 'example_branch_dop_operator_v3' retrieved from /home/airflow/.local/lib/python3.12/site-packages/airflow/example_dags/example_branch_python_dop_operator_3.py
[2026-05-16T14:57:23.526+0000] {logging_mixin.py:188} INFO - [2026-05-16T14:57:23.526+0000] {dag.py:3089} INFO - Sync 1 DAGs
[2026-05-16T14:57:23.534+0000] {logging_mixin.py:188} INFO - [2026-05-16T14:57:23.534+0000] {dag.py:3947} INFO - Setting next_dagrun for example_branch_dop_operator_v3 to 2026-05-16 14:56:00+00:00, run_after=2026-05-16 14:57:00+00:00
[2026-05-16T14:57:23.538+0000] {processor.py:183} INFO - Processing /home/airflow/.local/lib/python3.12/site-packages/airflow/example_dags/example_branch_python_dop_operator_3.py took 0.024 seconds
[2026-05-16T14:57:55.245+0000] {processor.py:161} INFO - Started process (PID=28753) to work on /home/airflow/.local/lib/python3.12/site-packages/airflow/example_dags/example_branch_python_dop_operator_3.py
[2026-05-16T14:57:55.246+0000] {processor.py:830} INFO - Processing file /home/airflow/.local/lib/python3.12/site-packages/airflow/example_dags/example_branch_python_dop_operator_3.py for tasks to queue
[2026-05-16T14:57:55.246+0000] {logging_mixin.py:188} INFO - [2026-05-16T14:57:55.246+0000] {dagbag.py:545} INFO - Filling up the DagBag from /home/airflow/.local/lib/python3.12/site-packages/airflow/example_dags/example_branch_python_dop_operator_3.py
[2026-05-16T14:57:55.250+0000] {processor.py:840} INFO - DAG(s) 'example_branch_dop_operator_v3' retrieved from /home/airflow/.local/lib/python3.12/site-packages/airflow/example_dags/example_branch_python_dop_operator_3.py
[2026-05-16T14:57:55.257+0000] {logging_mixin.py:188} INFO - [2026-05-16T14:57:55.257+0000] {dag.py:3089} INFO - Sync 1 DAGs
[2026-05-16T14:57:55.265+0000] {logging_mixin.py:188} INFO - [2026-05-16T14:57:55.265+0000] {dag.py:3947} INFO - Setting next_dagrun for example_branch_dop_operator_v3 to 2026-05-16 14:56:00+00:00, run_after=2026-05-16 14:57:00+00:00
[2026-05-16T14:57:55.270+0000] {processor.py:183} INFO - Processing /home/airflow/.local/lib/python3.12/site-packages/airflow/example_dags/example_branch_python_dop_operator_3.py took 0.027 seconds
[2026-05-16T14:58:26.092+0000] {processor.py:161} INFO - Started process (PID=28815) to work on /home/airflow/.local/lib/python3.12/site-packages/airflow/example_dags/example_branch_python_dop_operator_3.py
[2026-05-16T14:58:26.092+0000] {processor.py:830} INFO - Processing file /home/airflow/.local/lib/python3.12/site-packages/airflow/example_dags/example_branch_python_dop_operator_3.py for tasks to queue
[2026-05-16T14:58:26.093+0000] {logging_mixin.py:188} INFO - [2026-05-16T14:58:26.092+0000] {dagbag.py:545} INFO - Filling up the DagBag from /home/airflow/.local/lib/python3.12/site-packages/airflow/example_dags/example_branch_python_dop_operator_3.py
[2026-05-16T14:58:26.096+0000] {processor.py:840} INFO - DAG(s) 'example_branch_dop_operator_v3' retrieved from /home/airflow/.local/lib/python3.12/site-packages/airflow/example_dags/example_branch_python_dop_operator_3.py
[2026-05-16T14:58:26.108+0000] {logging_mixin.py:188} INFO - [2026-05-16T14:58:26.108+0000] {dag.py:3089} INFO - Sync 1 DAGs
[2026-05-16T14:58:26.124+0000] {logging_mixin.py:188} INFO - [2026-05-16T14:58:26.124+0000] {dag.py:3947} INFO - Setting next_dagrun for example_branch_dop_operator_v3 to 2026-05-16 14:57:00+00:00, run_after=2026-05-16 14:58:00+00:00
[2026-05-16T14:58:26.133+0000] {processor.py:183} INFO - Processing /home/airflow/.local/lib/python3.12/site-packages/airflow/example_dags/example_branch_python_dop_operator_3.py took 0.044 seconds
[2026-05-16T14:58:56.527+0000] {processor.py:161} INFO - Started process (PID=28877) to work on /home/airflow/.local/lib/python3.12/site-packages/airflow/example_dags/example_branch_python_dop_operator_3.py
[2026-05-16T14:58:56.527+0000] {processor.py:830} INFO - Processing file /home/airflow/.local/lib/python3.12/site-packages/airflow/example_dags/example_branch_python_dop_operator_3.py for tasks to queue
[2026-05-16T14:58:56.528+0000] {logging_mixin.py:188} INFO - [2026-05-16T14:58:56.528+0000] {dagbag.py:545} INFO - Filling up the DagBag from /home/airflow/.local/lib/python3.12/site-packages/airflow/example_dags/example_branch_python_dop_operator_3.py
[2026-05-16T14:58:56.532+0000] {processor.py:840} INFO - DAG(s) 'example_branch_dop_operator_v3' retrieved from /home/airflow/.local/lib/python3.12/site-packages/airflow/example_dags/example_branch_python_dop_operator_3.py
[2026-05-16T14:58:56.541+0000] {logging_mixin.py:188} INFO - [2026-05-16T14:58:56.540+0000] {dag.py:3089} INFO - Sync 1 DAGs
[2026-05-16T14:58:56.548+0000] {logging_mixin.py:188} INFO - [2026-05-16T14:58:56.548+0000] {dag.py:3947} INFO - Setting next_dagrun for example_branch_dop_operator_v3 to 2026-05-16 14:57:00+00:00, run_after=2026-05-16 14:58:00+00:00
[2026-05-16T14:58:56.554+0000] {processor.py:183} INFO - Processing /home/airflow/.local/lib/python3.12/site-packages/airflow/example_dags/example_branch_python_dop_operator_3.py took 0.029 seconds
[2026-05-16T14:59:26.941+0000] {processor.py:161} INFO - Started process (PID=28939) to work on /home/airflow/.local/lib/python3.12/site-packages/airflow/example_dags/example_branch_python_dop_operator_3.py
[2026-05-16T14:59:26.942+0000] {processor.py:830} INFO - Processing file /home/airflow/.local/lib/python3.12/site-packages/airflow/example_dags/example_branch_python_dop_operator_3.py for tasks to queue
[2026-05-16T14:59:26.942+0000] {logging_mixin.py:188} INFO - [2026-05-16T14:59:26.942+0000] {dagbag.py:545} INFO - Filling up the DagBag from /home/airflow/.local/lib/python3.12/site-packages/airflow/example_dags/example_branch_python_dop_operator_3.py
[2026-05-16T14:59:26.945+0000] {processor.py:840} INFO - DAG(s) 'example_branch_dop_operator_v3' retrieved from /home/airflow/.local/lib/python3.12/site-packages/airflow/example_dags/example_branch_python_dop_operator_3.py
[2026-05-16T14:59:26.953+0000] {logging_mixin.py:188} INFO - [2026-05-16T14:59:26.953+0000] {dag.py:3089} INFO - Sync 1 DAGs
[2026-05-16T14:59:26.962+0000] {logging_mixin.py:188} INFO - [2026-05-16T14:59:26.962+0000] {dag.py:3947} INFO - Setting next_dagrun for example_branch_dop_operator_v3 to 2026-05-16 14:58:00+00:00, run_after=2026-05-16 14:59:00+00:00
[2026-05-16T14:59:26.968+0000] {processor.py:183} INFO - Processing /home/airflow/.local/lib/python3.12/site-packages/airflow/example_dags/example_branch_python_dop_operator_3.py took 0.029 seconds
[2026-05-16T14:59:57.327+0000] {processor.py:161} INFO - Started process (PID=29001) to work on /home/airflow/.local/lib/python3.12/site-packages/airflow/example_dags/example_branch_python_dop_operator_3.py
[2026-05-16T14:59:57.327+0000] {processor.py:830} INFO - Processing file /home/airflow/.local/lib/python3.12/site-packages/airflow/example_dags/example_branch_python_dop_operator_3.py for tasks to queue
[2026-05-16T14:59:57.327+0000] {logging_mixin.py:188} INFO - [2026-05-16T14:59:57.327+0000] {dagbag.py:545} INFO - Filling up the DagBag from /home/airflow/.local/lib/python3.12/site-packages/airflow/example_dags/example_branch_python_dop_operator_3.py
[2026-05-16T14:59:57.330+0000] {processor.py:840} INFO - DAG(s) 'example_branch_dop_operator_v3' retrieved from /home/airflow/.local/lib/python3.12/site-packages/airflow/example_dags/example_branch_python_dop_operator_3.py
[2026-05-16T14:59:57.338+0000] {logging_mixin.py:188} INFO - [2026-05-16T14:59:57.338+0000] {dag.py:3089} INFO - Sync 1 DAGs
[2026-05-16T14:59:57.345+0000] {logging_mixin.py:188} INFO - [2026-05-16T14:59:57.345+0000] {dag.py:3947} INFO - Setting next_dagrun for example_branch_dop_operator_v3 to 2026-05-16 14:58:00+00:00, run_after=2026-05-16 14:59:00+00:00
[2026-05-16T14:59:57.350+0000] {processor.py:183} INFO - Processing /home/airflow/.local/lib/python3.12/site-packages/airflow/example_dags/example_branch_python_dop_operator_3.py took 0.025 seconds
[2026-05-16T15:00:27.740+0000] {processor.py:161} INFO - Started process (PID=29063) to work on /home/airflow/.local/lib/python3.12/site-packages/airflow/example_dags/example_branch_python_dop_operator_3.py
[2026-05-16T15:00:27.741+0000] {processor.py:830} INFO - Processing file /home/airflow/.local/lib/python3.12/site-packages/airflow/example_dags/example_branch_python_dop_operator_3.py for tasks to queue
[2026-05-16T15:00:27.741+0000] {logging_mixin.py:188} INFO - [2026-05-16T15:00:27.741+0000] {dagbag.py:545} INFO - Filling up the DagBag from /home/airflow/.local/lib/python3.12/site-packages/airflow/example_dags/example_branch_python_dop_operator_3.py
[2026-05-16T15:00:27.744+0000] {processor.py:840} INFO - DAG(s) 'example_branch_dop_operator_v3' retrieved from /home/airflow/.local/lib/python3.12/site-packages/airflow/example_dags/example_branch_python_dop_operator_3.py
[2026-05-16T15:00:27.753+0000] {logging_mixin.py:188} INFO - [2026-05-16T15:00:27.753+0000] {dag.py:3089} INFO - Sync 1 DAGs
[2026-05-16T15:00:27.761+0000] {logging_mixin.py:188} INFO - [2026-05-16T15:00:27.761+0000] {dag.py:3947} INFO - Setting next_dagrun for example_branch_dop_operator_v3 to 2026-05-16 14:59:00+00:00, run_after=2026-05-16 15:00:00+00:00
[2026-05-16T15:00:27.766+0000] {processor.py:183} INFO - Processing /home/airflow/.local/lib/python3.12/site-packages/airflow/example_dags/example_branch_python_dop_operator_3.py took 0.029 seconds
[2026-05-16T15:00:58.241+0000] {processor.py:161} INFO - Started process (PID=29125) to work on /home/airflow/.local/lib/python3.12/site-packages/airflow/example_dags/example_branch_python_dop_operator_3.py
[2026-05-16T15:00:58.241+0000] {processor.py:830} INFO - Processing file /home/airflow/.local/lib/python3.12/site-packages/airflow/example_dags/example_branch_python_dop_operator_3.py for tasks to queue
[2026-05-16T15:00:58.241+0000] {logging_mixin.py:188} INFO - [2026-05-16T15:00:58.241+0000] {dagbag.py:545} INFO - Filling up the DagBag from /home/airflow/.local/lib/python3.12/site-packages/airflow/example_dags/example_branch_python_dop_operator_3.py
[2026-05-16T15:00:58.244+0000] {processor.py:840} INFO - DAG(s) 'example_branch_dop_operator_v3' retrieved from /home/airflow/.local/lib/python3.12/site-packages/airflow/example_dags/example_branch_python_dop_operator_3.py
[2026-05-16T15:00:58.251+0000] {logging_mixin.py:188} INFO - [2026-05-16T15:00:58.251+0000] {dag.py:3089} INFO - Sync 1 DAGs
[2026-05-16T15:00:58.259+0000] {logging_mixin.py:188} INFO - [2026-05-16T15:00:58.259+0000] {dag.py:3947} INFO - Setting next_dagrun for example_branch_dop_operator_v3 to 2026-05-16 14:59:00+00:00, run_after=2026-05-16 15:00:00+00:00
[2026-05-16T15:00:58.263+0000] {processor.py:183} INFO - Processing /home/airflow/.local/lib/python3.12/site-packages/airflow/example_dags/example_branch_python_dop_operator_3.py took 0.025 seconds
[2026-05-16T15:01:28.636+0000] {processor.py:161} INFO - Started process (PID=29187) to work on /home/airflow/.local/lib/python3.12/site-packages/airflow/example_dags/example_branch_python_dop_operator_3.py
[2026-05-16T15:01:28.636+0000] {processor.py:830} INFO - Processing file /home/airflow/.local/lib/python3.12/site-packages/airflow/example_dags/example_branch_python_dop_operator_3.py for tasks to queue
[2026-05-16T15:01:28.637+0000] {logging_mixin.py:188} INFO - [2026-05-16T15:01:28.636+0000] {dagbag.py:545} INFO - Filling up the DagBag from /home/airflow/.local/lib/python3.12/site-packages/airflow/example_dags/example_branch_python_dop_operator_3.py
[2026-05-16T15:01:28.640+0000] {processor.py:840} INFO - DAG(s) 'example_branch_dop_operator_v3' retrieved from /home/airflow/.local/lib/python3.12/site-packages/airflow/example_dags/example_branch_python_dop_operator_3.py
[2026-05-16T15:01:28.651+0000] {logging_mixin.py:188} INFO - [2026-05-16T15:01:28.651+0000] {dag.py:3089} INFO - Sync 1 DAGs
[2026-05-16T15:01:28.660+0000] {logging_mixin.py:188} INFO - [2026-05-16T15:01:28.660+0000] {dag.py:3947} INFO - Setting next_dagrun for example_branch_dop_operator_v3 to 2026-05-16 15:00:00+00:00, run_after=2026-05-16 15:01:00+00:00
[2026-05-16T15:01:28.667+0000] {processor.py:183} INFO - Processing /home/airflow/.local/lib/python3.12/site-packages/airflow/example_dags/example_branch_python_dop_operator_3.py took 0.034 seconds
[2026-05-16T15:01:59.100+0000] {processor.py:161} INFO - Started process (PID=29249) to work on /home/airflow/.local/lib/python3.12/site-packages/airflow/example_dags/example_branch_python_dop_operator_3.py
[2026-05-16T15:01:59.100+0000] {processor.py:830} INFO - Processing file /home/airflow/.local/lib/python3.12/site-packages/airflow/example_dags/example_branch_python_dop_operator_3.py for tasks to queue
[2026-05-16T15:01:59.101+0000] {logging_mixin.py:188} INFO - [2026-05-16T15:01:59.100+0000] {dagbag.py:545} INFO - Filling up the DagBag from /home/airflow/.local/lib/python3.12/site-packages/airflow/example_dags/example_branch_python_dop_operator_3.py
[2026-05-16T15:01:59.104+0000] {processor.py:840} INFO - DAG(s) 'example_branch_dop_operator_v3' retrieved from /home/airflow/.local/lib/python3.12/site-packages/airflow/example_dags/example_branch_python_dop_operator_3.py
[2026-05-16T15:01:59.112+0000] {logging_mixin.py:188} INFO - [2026-05-16T15:01:59.112+0000] {dag.py:3089} INFO - Sync 1 DAGs
[2026-05-16T15:01:59.121+0000] {logging_mixin.py:188} INFO - [2026-05-16T15:01:59.121+0000] {dag.py:3947} INFO - Setting next_dagrun for example_branch_dop_operator_v3 to 2026-05-16 15:00:00+00:00, run_after=2026-05-16 15:01:00+00:00
[2026-05-16T15:01:59.125+0000] {processor.py:183} INFO - Processing /home/airflow/.local/lib/python3.12/site-packages/airflow/example_dags/example_branch_python_dop_operator_3.py took 0.028 seconds
[2026-05-16T15:02:29.524+0000] {processor.py:161} INFO - Started process (PID=29311) to work on /home/airflow/.local/lib/python3.12/site-packages/airflow/example_dags/example_branch_python_dop_operator_3.py
[2026-05-16T15:02:29.524+0000] {processor.py:830} INFO - Processing file /home/airflow/.local/lib/python3.12/site-packages/airflow/example_dags/example_branch_python_dop_operator_3.py for tasks to queue
[2026-05-16T15:02:29.525+0000] {logging_mixin.py:188} INFO - [2026-05-16T15:02:29.525+0000] {dagbag.py:545} INFO - Filling up the DagBag from /home/airflow/.local/lib/python3.12/site-packages/airflow/example_dags/example_branch_python_dop_operator_3.py
[2026-05-16T15:02:29.528+0000] {processor.py:840} INFO - DAG(s) 'example_branch_dop_operator_v3' retrieved from /home/airflow/.local/lib/python3.12/site-packages/airflow/example_dags/example_branch_python_dop_operator_3.py
[2026-05-16T15:02:29.535+0000] {logging_mixin.py:188} INFO - [2026-05-16T15:02:29.535+0000] {dag.py:3089} INFO - Sync 1 DAGs
[2026-05-16T15:02:29.542+0000] {logging_mixin.py:188} INFO - [2026-05-16T15:02:29.542+0000] {dag.py:3947} INFO - Setting next_dagrun for example_branch_dop_operator_v3 to 2026-05-16 15:01:00+00:00, run_after=2026-05-16 15:02:00+00:00
[2026-05-16T15:02:29.547+0000] {processor.py:183} INFO - Processing /home/airflow/.local/lib/python3.12/site-packages/airflow/example_dags/example_branch_python_dop_operator_3.py took 0.025 seconds
[2026-05-16T15:02:59.950+0000] {processor.py:161} INFO - Started process (PID=29373) to work on /home/airflow/.local/lib/python3.12/site-packages/airflow/example_dags/example_branch_python_dop_operator_3.py
[2026-05-16T15:02:59.951+0000] {processor.py:830} INFO - Processing file /home/airflow/.local/lib/python3.12/site-packages/airflow/example_dags/example_branch_python_dop_operator_3.py for tasks to queue
[2026-05-16T15:02:59.951+0000] {logging_mixin.py:188} INFO - [2026-05-16T15:02:59.951+0000] {dagbag.py:545} INFO - Filling up the DagBag from /home/airflow/.local/lib/python3.12/site-packages/airflow/example_dags/example_branch_python_dop_operator_3.py
[2026-05-16T15:02:59.954+0000] {processor.py:840} INFO - DAG(s) 'example_branch_dop_operator_v3' retrieved from /home/airflow/.local/lib/python3.12/site-packages/airflow/example_dags/example_branch_python_dop_operator_3.py
[2026-05-16T15:02:59.962+0000] {logging_mixin.py:188} INFO - [2026-05-16T15:02:59.962+0000] {dag.py:3089} INFO - Sync 1 DAGs
[2026-05-16T15:02:59.970+0000] {logging_mixin.py:188} INFO - [2026-05-16T15:02:59.970+0000] {dag.py:3947} INFO - Setting next_dagrun for example_branch_dop_operator_v3 to 2026-05-16 15:01:00+00:00, run_after=2026-05-16 15:02:00+00:00
[2026-05-16T15:02:59.974+0000] {processor.py:183} INFO - Processing /home/airflow/.local/lib/python3.12/site-packages/airflow/example_dags/example_branch_python_dop_operator_3.py took 0.027 seconds
[2026-05-16T15:03:30.622+0000] {processor.py:161} INFO - Started process (PID=29435) to work on /home/airflow/.local/lib/python3.12/site-packages/airflow/example_dags/example_branch_python_dop_operator_3.py
[2026-05-16T15:03:30.623+0000] {processor.py:830} INFO - Processing file /home/airflow/.local/lib/python3.12/site-packages/airflow/example_dags/example_branch_python_dop_operator_3.py for tasks to queue
[2026-05-16T15:03:30.623+0000] {logging_mixin.py:188} INFO - [2026-05-16T15:03:30.623+0000] {dagbag.py:545} INFO - Filling up the DagBag from /home/airflow/.local/lib/python3.12/site-packages/airflow/example_dags/example_branch_python_dop_operator_3.py
[2026-05-16T15:03:30.626+0000] {processor.py:840} INFO - DAG(s) 'example_branch_dop_operator_v3' retrieved from /home/airflow/.local/lib/python3.12/site-packages/airflow/example_dags/example_branch_python_dop_operator_3.py
[2026-05-16T15:03:30.633+0000] {logging_mixin.py:188} INFO - [2026-05-16T15:03:30.633+0000] {dag.py:3089} INFO - Sync 1 DAGs
[2026-05-16T15:03:30.641+0000] {logging_mixin.py:188} INFO - [2026-05-16T15:03:30.641+0000] {dag.py:3947} INFO - Setting next_dagrun for example_branch_dop_operator_v3 to 2026-05-16 15:02:00+00:00, run_after=2026-05-16 15:03:00+00:00
[2026-05-16T15:03:30.647+0000] {processor.py:183} INFO - Processing /home/airflow/.local/lib/python3.12/site-packages/airflow/example_dags/example_branch_python_dop_operator_3.py took 0.027 seconds
[2026-05-16T16:25:54.830+0000] {processor.py:161} INFO - Started process (PID=82) to work on /home/airflow/.local/lib/python3.12/site-packages/airflow/example_dags/example_branch_python_dop_operator_3.py
[2026-05-16T16:25:54.832+0000] {processor.py:830} INFO - Processing file /home/airflow/.local/lib/python3.12/site-packages/airflow/example_dags/example_branch_python_dop_operator_3.py for tasks to queue
[2026-05-16T16:25:54.836+0000] {logging_mixin.py:188} INFO - [2026-05-16T16:25:54.835+0000] {dagbag.py:545} INFO - Filling up the DagBag from /home/airflow/.local/lib/python3.12/site-packages/airflow/example_dags/example_branch_python_dop_operator_3.py
[2026-05-16T16:25:54.843+0000] {processor.py:840} INFO - DAG(s) 'example_branch_dop_operator_v3' retrieved from /home/airflow/.local/lib/python3.12/site-packages/airflow/example_dags/example_branch_python_dop_operator_3.py
[2026-05-16T16:25:54.865+0000] {logging_mixin.py:188} INFO - [2026-05-16T16:25:54.865+0000] {dag.py:3089} INFO - Sync 1 DAGs
[2026-05-16T16:25:54.890+0000] {logging_mixin.py:188} INFO - [2026-05-16T16:25:54.890+0000] {dag.py:3947} INFO - Setting next_dagrun for example_branch_dop_operator_v3 to 2026-05-16 16:24:00+00:00, run_after=2026-05-16 16:25:00+00:00
[2026-05-16T16:25:54.906+0000] {processor.py:183} INFO - Processing /home/airflow/.local/lib/python3.12/site-packages/airflow/example_dags/example_branch_python_dop_operator_3.py took 0.083 seconds
[2026-05-16T16:26:25.127+0000] {processor.py:161} INFO - Started process (PID=150) to work on /home/airflow/.local/lib/python3.12/site-packages/airflow/example_dags/example_branch_python_dop_operator_3.py
[2026-05-16T16:26:25.128+0000] {processor.py:830} INFO - Processing file /home/airflow/.local/lib/python3.12/site-packages/airflow/example_dags/example_branch_python_dop_operator_3.py for tasks to queue
[2026-05-16T16:26:25.129+0000] {logging_mixin.py:188} INFO - [2026-05-16T16:26:25.129+0000] {dagbag.py:545} INFO - Filling up the DagBag from /home/airflow/.local/lib/python3.12/site-packages/airflow/example_dags/example_branch_python_dop_operator_3.py
[2026-05-16T16:26:25.133+0000] {processor.py:840} INFO - DAG(s) 'example_branch_dop_operator_v3' retrieved from /home/airflow/.local/lib/python3.12/site-packages/airflow/example_dags/example_branch_python_dop_operator_3.py
[2026-05-16T16:26:25.175+0000] {logging_mixin.py:188} INFO - [2026-05-16T16:26:25.174+0000] {dag.py:3089} INFO - Sync 1 DAGs
[2026-05-16T16:26:25.183+0000] {logging_mixin.py:188} INFO - [2026-05-16T16:26:25.183+0000] {dag.py:3947} INFO - Setting next_dagrun for example_branch_dop_operator_v3 to 2026-05-16 16:25:00+00:00, run_after=2026-05-16 16:26:00+00:00
[2026-05-16T16:26:25.191+0000] {processor.py:183} INFO - Processing /home/airflow/.local/lib/python3.12/site-packages/airflow/example_dags/example_branch_python_dop_operator_3.py took 0.066 seconds
[2026-05-16T16:26:55.315+0000] {processor.py:161} INFO - Started process (PID=212) to work on /home/airflow/.local/lib/python3.12/site-packages/airflow/example_dags/example_branch_python_dop_operator_3.py
[2026-05-16T16:26:55.316+0000] {processor.py:830} INFO - Processing file /home/airflow/.local/lib/python3.12/site-packages/airflow/example_dags/example_branch_python_dop_operator_3.py for tasks to queue
[2026-05-16T16:26:55.317+0000] {logging_mixin.py:188} INFO - [2026-05-16T16:26:55.316+0000] {dagbag.py:545} INFO - Filling up the DagBag from /home/airflow/.local/lib/python3.12/site-packages/airflow/example_dags/example_branch_python_dop_operator_3.py
[2026-05-16T16:26:55.321+0000] {processor.py:840} INFO - DAG(s) 'example_branch_dop_operator_v3' retrieved from /home/airflow/.local/lib/python3.12/site-packages/airflow/example_dags/example_branch_python_dop_operator_3.py
[2026-05-16T16:26:55.329+0000] {logging_mixin.py:188} INFO - [2026-05-16T16:26:55.329+0000] {dag.py:3089} INFO - Sync 1 DAGs
[2026-05-16T16:26:55.338+0000] {logging_mixin.py:188} INFO - [2026-05-16T16:26:55.338+0000] {dag.py:3947} INFO - Setting next_dagrun for example_branch_dop_operator_v3 to 2026-05-16 16:25:00+00:00, run_after=2026-05-16 16:26:00+00:00
[2026-05-16T16:26:55.344+0000] {processor.py:183} INFO - Processing /home/airflow/.local/lib/python3.12/site-packages/airflow/example_dags/example_branch_python_dop_operator_3.py took 0.031 seconds
[2026-05-16T16:27:25.378+0000] {processor.py:161} INFO - Started process (PID=273) to work on /home/airflow/.local/lib/python3.12/site-packages/airflow/example_dags/example_branch_python_dop_operator_3.py
[2026-05-16T16:27:25.379+0000] {processor.py:830} INFO - Processing file /home/airflow/.local/lib/python3.12/site-packages/airflow/example_dags/example_branch_python_dop_operator_3.py for tasks to queue
[2026-05-16T16:27:25.379+0000] {logging_mixin.py:188} INFO - [2026-05-16T16:27:25.379+0000] {dagbag.py:545} INFO - Filling up the DagBag from /home/airflow/.local/lib/python3.12/site-packages/airflow/example_dags/example_branch_python_dop_operator_3.py
[2026-05-16T16:27:25.383+0000] {processor.py:840} INFO - DAG(s) 'example_branch_dop_operator_v3' retrieved from /home/airflow/.local/lib/python3.12/site-packages/airflow/example_dags/example_branch_python_dop_operator_3.py
[2026-05-16T16:27:25.392+0000] {logging_mixin.py:188} INFO - [2026-05-16T16:27:25.392+0000] {dag.py:3089} INFO - Sync 1 DAGs
[2026-05-16T16:27:25.401+0000] {logging_mixin.py:188} INFO - [2026-05-16T16:27:25.401+0000] {dag.py:3947} INFO - Setting next_dagrun for example_branch_dop_operator_v3 to 2026-05-16 16:26:00+00:00, run_after=2026-05-16 16:27:00+00:00
[2026-05-16T16:27:25.409+0000] {processor.py:183} INFO - Processing /home/airflow/.local/lib/python3.12/site-packages/airflow/example_dags/example_branch_python_dop_operator_3.py took 0.033 seconds
[2026-05-16T16:27:55.966+0000] {processor.py:161} INFO - Started process (PID=334) to work on /home/airflow/.local/lib/python3.12/site-packages/airflow/example_dags/example_branch_python_dop_operator_3.py
[2026-05-16T16:27:55.966+0000] {processor.py:830} INFO - Processing file /home/airflow/.local/lib/python3.12/site-packages/airflow/example_dags/example_branch_python_dop_operator_3.py for tasks to queue
[2026-05-16T16:27:55.967+0000] {logging_mixin.py:188} INFO - [2026-05-16T16:27:55.967+0000] {dagbag.py:545} INFO - Filling up the DagBag from /home/airflow/.local/lib/python3.12/site-packages/airflow/example_dags/example_branch_python_dop_operator_3.py
[2026-05-16T16:27:55.971+0000] {processor.py:840} INFO - DAG(s) 'example_branch_dop_operator_v3' retrieved from /home/airflow/.local/lib/python3.12/site-packages/airflow/example_dags/example_branch_python_dop_operator_3.py
[2026-05-16T16:27:55.979+0000] {logging_mixin.py:188} INFO - [2026-05-16T16:27:55.979+0000] {dag.py:3089} INFO - Sync 1 DAGs
[2026-05-16T16:27:55.988+0000] {logging_mixin.py:188} INFO - [2026-05-16T16:27:55.988+0000] {dag.py:3947} INFO - Setting next_dagrun for example_branch_dop_operator_v3 to 2026-05-16 16:26:00+00:00, run_after=2026-05-16 16:27:00+00:00
[2026-05-16T16:27:55.996+0000] {processor.py:183} INFO - Processing /home/airflow/.local/lib/python3.12/site-packages/airflow/example_dags/example_branch_python_dop_operator_3.py took 0.033 seconds
[2026-05-16T16:28:26.524+0000] {processor.py:161} INFO - Started process (PID=396) to work on /home/airflow/.local/lib/python3.12/site-packages/airflow/example_dags/example_branch_python_dop_operator_3.py
[2026-05-16T16:28:26.525+0000] {processor.py:830} INFO - Processing file /home/airflow/.local/lib/python3.12/site-packages/airflow/example_dags/example_branch_python_dop_operator_3.py for tasks to queue
[2026-05-16T16:28:26.525+0000] {logging_mixin.py:188} INFO - [2026-05-16T16:28:26.525+0000] {dagbag.py:545} INFO - Filling up the DagBag from /home/airflow/.local/lib/python3.12/site-packages/airflow/example_dags/example_branch_python_dop_operator_3.py
[2026-05-16T16:28:26.529+0000] {processor.py:840} INFO - DAG(s) 'example_branch_dop_operator_v3' retrieved from /home/airflow/.local/lib/python3.12/site-packages/airflow/example_dags/example_branch_python_dop_operator_3.py
[2026-05-16T16:28:26.537+0000] {logging_mixin.py:188} INFO - [2026-05-16T16:28:26.537+0000] {dag.py:3089} INFO - Sync 1 DAGs
[2026-05-16T16:28:26.546+0000] {logging_mixin.py:188} INFO - [2026-05-16T16:28:26.546+0000] {dag.py:3947} INFO - Setting next_dagrun for example_branch_dop_operator_v3 to 2026-05-16 16:27:00+00:00, run_after=2026-05-16 16:28:00+00:00
[2026-05-16T16:28:26.551+0000] {processor.py:183} INFO - Processing /home/airflow/.local/lib/python3.12/site-packages/airflow/example_dags/example_branch_python_dop_operator_3.py took 0.030 seconds
[2026-05-16T16:28:57.291+0000] {processor.py:161} INFO - Started process (PID=458) to work on /home/airflow/.local/lib/python3.12/site-packages/airflow/example_dags/example_branch_python_dop_operator_3.py
[2026-05-16T16:28:57.292+0000] {processor.py:830} INFO - Processing file /home/airflow/.local/lib/python3.12/site-packages/airflow/example_dags/example_branch_python_dop_operator_3.py for tasks to queue
[2026-05-16T16:28:57.292+0000] {logging_mixin.py:188} INFO - [2026-05-16T16:28:57.292+0000] {dagbag.py:545} INFO - Filling up the DagBag from /home/airflow/.local/lib/python3.12/site-packages/airflow/example_dags/example_branch_python_dop_operator_3.py
[2026-05-16T16:28:57.296+0000] {processor.py:840} INFO - DAG(s) 'example_branch_dop_operator_v3' retrieved from /home/airflow/.local/lib/python3.12/site-packages/airflow/example_dags/example_branch_python_dop_operator_3.py
[2026-05-16T16:28:57.304+0000] {logging_mixin.py:188} INFO - [2026-05-16T16:28:57.304+0000] {dag.py:3089} INFO - Sync 1 DAGs
[2026-05-16T16:28:57.315+0000] {logging_mixin.py:188} INFO - [2026-05-16T16:28:57.315+0000] {dag.py:3947} INFO - Setting next_dagrun for example_branch_dop_operator_v3 to 2026-05-16 16:27:00+00:00, run_after=2026-05-16 16:28:00+00:00
[2026-05-16T16:28:57.321+0000] {processor.py:183} INFO - Processing /home/airflow/.local/lib/python3.12/site-packages/airflow/example_dags/example_branch_python_dop_operator_3.py took 0.032 seconds
[2026-05-16T16:29:27.962+0000] {processor.py:161} INFO - Started process (PID=520) to work on /home/airflow/.local/lib/python3.12/site-packages/airflow/example_dags/example_branch_python_dop_operator_3.py
[2026-05-16T16:29:27.963+0000] {processor.py:830} INFO - Processing file /home/airflow/.local/lib/python3.12/site-packages/airflow/example_dags/example_branch_python_dop_operator_3.py for tasks to queue
[2026-05-16T16:29:27.964+0000] {logging_mixin.py:188} INFO - [2026-05-16T16:29:27.963+0000] {dagbag.py:545} INFO - Filling up the DagBag from /home/airflow/.local/lib/python3.12/site-packages/airflow/example_dags/example_branch_python_dop_operator_3.py
[2026-05-16T16:29:27.967+0000] {processor.py:840} INFO - DAG(s) 'example_branch_dop_operator_v3' retrieved from /home/airflow/.local/lib/python3.12/site-packages/airflow/example_dags/example_branch_python_dop_operator_3.py
[2026-05-16T16:29:27.977+0000] {logging_mixin.py:188} INFO - [2026-05-16T16:29:27.977+0000] {dag.py:3089} INFO - Sync 1 DAGs
[2026-05-16T16:29:27.986+0000] {logging_mixin.py:188} INFO - [2026-05-16T16:29:27.986+0000] {dag.py:3947} INFO - Setting next_dagrun for example_branch_dop_operator_v3 to 2026-05-16 16:28:00+00:00, run_after=2026-05-16 16:29:00+00:00
[2026-05-16T16:29:27.995+0000] {processor.py:183} INFO - Processing /home/airflow/.local/lib/python3.12/site-packages/airflow/example_dags/example_branch_python_dop_operator_3.py took 0.036 seconds
[2026-05-16T16:29:58.586+0000] {processor.py:161} INFO - Started process (PID=580) to work on /home/airflow/.local/lib/python3.12/site-packages/airflow/example_dags/example_branch_python_dop_operator_3.py
[2026-05-16T16:29:58.586+0000] {processor.py:830} INFO - Processing file /home/airflow/.local/lib/python3.12/site-packages/airflow/example_dags/example_branch_python_dop_operator_3.py for tasks to queue
[2026-05-16T16:29:58.587+0000] {logging_mixin.py:188} INFO - [2026-05-16T16:29:58.587+0000] {dagbag.py:545} INFO - Filling up the DagBag from /home/airflow/.local/lib/python3.12/site-packages/airflow/example_dags/example_branch_python_dop_operator_3.py
[2026-05-16T16:29:58.592+0000] {processor.py:840} INFO - DAG(s) 'example_branch_dop_operator_v3' retrieved from /home/airflow/.local/lib/python3.12/site-packages/airflow/example_dags/example_branch_python_dop_operator_3.py
[2026-05-16T16:29:58.600+0000] {logging_mixin.py:188} INFO - [2026-05-16T16:29:58.600+0000] {dag.py:3089} INFO - Sync 1 DAGs
[2026-05-16T16:29:58.610+0000] {logging_mixin.py:188} INFO - [2026-05-16T16:29:58.610+0000] {dag.py:3947} INFO - Setting next_dagrun for example_branch_dop_operator_v3 to 2026-05-16 16:28:00+00:00, run_after=2026-05-16 16:29:00+00:00
[2026-05-16T16:29:58.616+0000] {processor.py:183} INFO - Processing /home/airflow/.local/lib/python3.12/site-packages/airflow/example_dags/example_branch_python_dop_operator_3.py took 0.033 seconds
[2026-05-16T16:30:29.216+0000] {processor.py:161} INFO - Started process (PID=642) to work on /home/airflow/.local/lib/python3.12/site-packages/airflow/example_dags/example_branch_python_dop_operator_3.py
[2026-05-16T16:30:29.216+0000] {processor.py:830} INFO - Processing file /home/airflow/.local/lib/python3.12/site-packages/airflow/example_dags/example_branch_python_dop_operator_3.py for tasks to queue
[2026-05-16T16:30:29.217+0000] {logging_mixin.py:188} INFO - [2026-05-16T16:30:29.217+0000] {dagbag.py:545} INFO - Filling up the DagBag from /home/airflow/.local/lib/python3.12/site-packages/airflow/example_dags/example_branch_python_dop_operator_3.py
[2026-05-16T16:30:29.221+0000] {processor.py:840} INFO - DAG(s) 'example_branch_dop_operator_v3' retrieved from /home/airflow/.local/lib/python3.12/site-packages/airflow/example_dags/example_branch_python_dop_operator_3.py
[2026-05-16T16:30:29.231+0000] {logging_mixin.py:188} INFO - [2026-05-16T16:30:29.231+0000] {dag.py:3089} INFO - Sync 1 DAGs
[2026-05-16T16:30:29.240+0000] {logging_mixin.py:188} INFO - [2026-05-16T16:30:29.240+0000] {dag.py:3947} INFO - Setting next_dagrun for example_branch_dop_operator_v3 to 2026-05-16 16:29:00+00:00, run_after=2026-05-16 16:30:00+00:00
[2026-05-16T16:30:29.246+0000] {processor.py:183} INFO - Processing /home/airflow/.local/lib/python3.12/site-packages/airflow/example_dags/example_branch_python_dop_operator_3.py took 0.033 seconds
[2026-05-16T16:30:59.994+0000] {processor.py:161} INFO - Started process (PID=704) to work on /home/airflow/.local/lib/python3.12/site-packages/airflow/example_dags/example_branch_python_dop_operator_3.py
[2026-05-16T16:30:59.994+0000] {processor.py:830} INFO - Processing file /home/airflow/.local/lib/python3.12/site-packages/airflow/example_dags/example_branch_python_dop_operator_3.py for tasks to queue
[2026-05-16T16:30:59.995+0000] {logging_mixin.py:188} INFO - [2026-05-16T16:30:59.995+0000] {dagbag.py:545} INFO - Filling up the DagBag from /home/airflow/.local/lib/python3.12/site-packages/airflow/example_dags/example_branch_python_dop_operator_3.py
[2026-05-16T16:30:59.998+0000] {processor.py:840} INFO - DAG(s) 'example_branch_dop_operator_v3' retrieved from /home/airflow/.local/lib/python3.12/site-packages/airflow/example_dags/example_branch_python_dop_operator_3.py
[2026-05-16T16:31:00.005+0000] {logging_mixin.py:188} INFO - [2026-05-16T16:31:00.005+0000] {dag.py:3089} INFO - Sync 1 DAGs
[2026-05-16T16:31:00.015+0000] {logging_mixin.py:188} INFO - [2026-05-16T16:31:00.015+0000] {dag.py:3947} INFO - Setting next_dagrun for example_branch_dop_operator_v3 to 2026-05-16 16:30:00+00:00, run_after=2026-05-16 16:31:00+00:00
[2026-05-16T16:31:00.020+0000] {processor.py:183} INFO - Processing /home/airflow/.local/lib/python3.12/site-packages/airflow/example_dags/example_branch_python_dop_operator_3.py took 0.029 seconds
[2026-05-16T16:31:30.071+0000] {processor.py:161} INFO - Started process (PID=766) to work on /home/airflow/.local/lib/python3.12/site-packages/airflow/example_dags/example_branch_python_dop_operator_3.py
[2026-05-16T16:31:30.072+0000] {processor.py:830} INFO - Processing file /home/airflow/.local/lib/python3.12/site-packages/airflow/example_dags/example_branch_python_dop_operator_3.py for tasks to queue
[2026-05-16T16:31:30.073+0000] {logging_mixin.py:188} INFO - [2026-05-16T16:31:30.073+0000] {dagbag.py:545} INFO - Filling up the DagBag from /home/airflow/.local/lib/python3.12/site-packages/airflow/example_dags/example_branch_python_dop_operator_3.py
[2026-05-16T16:31:30.077+0000] {processor.py:840} INFO - DAG(s) 'example_branch_dop_operator_v3' retrieved from /home/airflow/.local/lib/python3.12/site-packages/airflow/example_dags/example_branch_python_dop_operator_3.py
[2026-05-16T16:31:30.089+0000] {logging_mixin.py:188} INFO - [2026-05-16T16:31:30.089+0000] {dag.py:3089} INFO - Sync 1 DAGs
[2026-05-16T16:31:30.101+0000] {logging_mixin.py:188} INFO - [2026-05-16T16:31:30.101+0000] {dag.py:3947} INFO - Setting next_dagrun for example_branch_dop_operator_v3 to 2026-05-16 16:30:00+00:00, run_after=2026-05-16 16:31:00+00:00
[2026-05-16T16:31:30.107+0000] {processor.py:183} INFO - Processing /home/airflow/.local/lib/python3.12/site-packages/airflow/example_dags/example_branch_python_dop_operator_3.py took 0.038 seconds
[2026-05-16T16:32:00.373+0000] {processor.py:161} INFO - Started process (PID=827) to work on /home/airflow/.local/lib/python3.12/site-packages/airflow/example_dags/example_branch_python_dop_operator_3.py
[2026-05-16T16:32:00.373+0000] {processor.py:830} INFO - Processing file /home/airflow/.local/lib/python3.12/site-packages/airflow/example_dags/example_branch_python_dop_operator_3.py for tasks to queue
[2026-05-16T16:32:00.374+0000] {logging_mixin.py:188} INFO - [2026-05-16T16:32:00.373+0000] {dagbag.py:545} INFO - Filling up the DagBag from /home/airflow/.local/lib/python3.12/site-packages/airflow/example_dags/example_branch_python_dop_operator_3.py
[2026-05-16T16:32:00.378+0000] {processor.py:840} INFO - DAG(s) 'example_branch_dop_operator_v3' retrieved from /home/airflow/.local/lib/python3.12/site-packages/airflow/example_dags/example_branch_python_dop_operator_3.py
[2026-05-16T16:32:00.388+0000] {logging_mixin.py:188} INFO - [2026-05-16T16:32:00.388+0000] {dag.py:3089} INFO - Sync 1 DAGs
[2026-05-16T16:32:00.398+0000] {logging_mixin.py:188} INFO - [2026-05-16T16:32:00.398+0000] {dag.py:3947} INFO - Setting next_dagrun for example_branch_dop_operator_v3 to 2026-05-16 16:31:00+00:00, run_after=2026-05-16 16:32:00+00:00
[2026-05-16T16:32:00.494+0000] {processor.py:183} INFO - Processing /home/airflow/.local/lib/python3.12/site-packages/airflow/example_dags/example_branch_python_dop_operator_3.py took 0.123 seconds
[2026-05-16T16:32:30.701+0000] {processor.py:161} INFO - Started process (PID=889) to work on /home/airflow/.local/lib/python3.12/site-packages/airflow/example_dags/example_branch_python_dop_operator_3.py
[2026-05-16T16:32:30.703+0000] {processor.py:830} INFO - Processing file /home/airflow/.local/lib/python3.12/site-packages/airflow/example_dags/example_branch_python_dop_operator_3.py for tasks to queue
[2026-05-16T16:32:30.703+0000] {logging_mixin.py:188} INFO - [2026-05-16T16:32:30.703+0000] {dagbag.py:545} INFO - Filling up the DagBag from /home/airflow/.local/lib/python3.12/site-packages/airflow/example_dags/example_branch_python_dop_operator_3.py
[2026-05-16T16:32:30.707+0000] {processor.py:840} INFO - DAG(s) 'example_branch_dop_operator_v3' retrieved from /home/airflow/.local/lib/python3.12/site-packages/airflow/example_dags/example_branch_python_dop_operator_3.py
[2026-05-16T16:32:30.718+0000] {logging_mixin.py:188} INFO - [2026-05-16T16:32:30.718+0000] {dag.py:3089} INFO - Sync 1 DAGs
[2026-05-16T16:32:30.727+0000] {logging_mixin.py:188} INFO - [2026-05-16T16:32:30.727+0000] {dag.py:3947} INFO - Setting next_dagrun for example_branch_dop_operator_v3 to 2026-05-16 16:31:00+00:00, run_after=2026-05-16 16:32:00+00:00
[2026-05-16T16:32:30.821+0000] {processor.py:183} INFO - Processing /home/airflow/.local/lib/python3.12/site-packages/airflow/example_dags/example_branch_python_dop_operator_3.py took 0.122 seconds
[2026-05-16T16:33:02.020+0000] {processor.py:161} INFO - Started process (PID=951) to work on /home/airflow/.local/lib/python3.12/site-packages/airflow/example_dags/example_branch_python_dop_operator_3.py
[2026-05-16T16:33:02.021+0000] {processor.py:830} INFO - Processing file /home/airflow/.local/lib/python3.12/site-packages/airflow/example_dags/example_branch_python_dop_operator_3.py for tasks to queue
[2026-05-16T16:33:02.021+0000] {logging_mixin.py:188} INFO - [2026-05-16T16:33:02.021+0000] {dagbag.py:545} INFO - Filling up the DagBag from /home/airflow/.local/lib/python3.12/site-packages/airflow/example_dags/example_branch_python_dop_operator_3.py
[2026-05-16T16:33:02.024+0000] {processor.py:840} INFO - DAG(s) 'example_branch_dop_operator_v3' retrieved from /home/airflow/.local/lib/python3.12/site-packages/airflow/example_dags/example_branch_python_dop_operator_3.py
[2026-05-16T16:33:02.031+0000] {logging_mixin.py:188} INFO - [2026-05-16T16:33:02.031+0000] {dag.py:3089} INFO - Sync 1 DAGs
[2026-05-16T16:33:02.118+0000] {logging_mixin.py:188} INFO - [2026-05-16T16:33:02.118+0000] {dag.py:3947} INFO - Setting next_dagrun for example_branch_dop_operator_v3 to 2026-05-16 16:32:00+00:00, run_after=2026-05-16 16:33:00+00:00
[2026-05-16T16:33:02.123+0000] {processor.py:183} INFO - Processing /home/airflow/.local/lib/python3.12/site-packages/airflow/example_dags/example_branch_python_dop_operator_3.py took 0.105 seconds
[2026-05-16T16:33:32.891+0000] {processor.py:161} INFO - Started process (PID=1013) to work on /home/airflow/.local/lib/python3.12/site-packages/airflow/example_dags/example_branch_python_dop_operator_3.py
[2026-05-16T16:33:32.892+0000] {processor.py:830} INFO - Processing file /home/airflow/.local/lib/python3.12/site-packages/airflow/example_dags/example_branch_python_dop_operator_3.py for tasks to queue
[2026-05-16T16:33:32.892+0000] {logging_mixin.py:188} INFO - [2026-05-16T16:33:32.892+0000] {dagbag.py:545} INFO - Filling up the DagBag from /home/airflow/.local/lib/python3.12/site-packages/airflow/example_dags/example_branch_python_dop_operator_3.py
[2026-05-16T16:33:32.896+0000] {processor.py:840} INFO - DAG(s) 'example_branch_dop_operator_v3' retrieved from /home/airflow/.local/lib/python3.12/site-packages/airflow/example_dags/example_branch_python_dop_operator_3.py
[2026-05-16T16:33:32.904+0000] {logging_mixin.py:188} INFO - [2026-05-16T16:33:32.904+0000] {dag.py:3089} INFO - Sync 1 DAGs
[2026-05-16T16:33:32.991+0000] {logging_mixin.py:188} INFO - [2026-05-16T16:33:32.991+0000] {dag.py:3947} INFO - Setting next_dagrun for example_branch_dop_operator_v3 to 2026-05-16 16:32:00+00:00, run_after=2026-05-16 16:33:00+00:00
[2026-05-16T16:33:32.997+0000] {processor.py:183} INFO - Processing /home/airflow/.local/lib/python3.12/site-packages/airflow/example_dags/example_branch_python_dop_operator_3.py took 0.108 seconds
[2026-05-16T16:34:03.335+0000] {processor.py:161} INFO - Started process (PID=1076) to work on /home/airflow/.local/lib/python3.12/site-packages/airflow/example_dags/example_branch_python_dop_operator_3.py
[2026-05-16T16:34:03.336+0000] {processor.py:830} INFO - Processing file /home/airflow/.local/lib/python3.12/site-packages/airflow/example_dags/example_branch_python_dop_operator_3.py for tasks to queue
[2026-05-16T16:34:03.337+0000] {logging_mixin.py:188} INFO - [2026-05-16T16:34:03.336+0000] {dagbag.py:545} INFO - Filling up the DagBag from /home/airflow/.local/lib/python3.12/site-packages/airflow/example_dags/example_branch_python_dop_operator_3.py
[2026-05-16T16:34:03.340+0000] {processor.py:840} INFO - DAG(s) 'example_branch_dop_operator_v3' retrieved from /home/airflow/.local/lib/python3.12/site-packages/airflow/example_dags/example_branch_python_dop_operator_3.py
[2026-05-16T16:34:03.349+0000] {logging_mixin.py:188} INFO - [2026-05-16T16:34:03.349+0000] {dag.py:3089} INFO - Sync 1 DAGs
[2026-05-16T16:34:03.444+0000] {logging_mixin.py:188} INFO - [2026-05-16T16:34:03.444+0000] {dag.py:3947} INFO - Setting next_dagrun for example_branch_dop_operator_v3 to 2026-05-16 16:33:00+00:00, run_after=2026-05-16 16:34:00+00:00
[2026-05-16T16:34:03.449+0000] {processor.py:183} INFO - Processing /home/airflow/.local/lib/python3.12/site-packages/airflow/example_dags/example_branch_python_dop_operator_3.py took 0.117 seconds
[2026-05-16T16:34:34.327+0000] {processor.py:161} INFO - Started process (PID=1137) to work on /home/airflow/.local/lib/python3.12/site-packages/airflow/example_dags/example_branch_python_dop_operator_3.py
[2026-05-16T16:34:34.327+0000] {processor.py:830} INFO - Processing file /home/airflow/.local/lib/python3.12/site-packages/airflow/example_dags/example_branch_python_dop_operator_3.py for tasks to queue
[2026-05-16T16:34:34.328+0000] {logging_mixin.py:188} INFO - [2026-05-16T16:34:34.328+0000] {dagbag.py:545} INFO - Filling up the DagBag from /home/airflow/.local/lib/python3.12/site-packages/airflow/example_dags/example_branch_python_dop_operator_3.py
[2026-05-16T16:34:34.334+0000] {processor.py:840} INFO - DAG(s) 'example_branch_dop_operator_v3' retrieved from /home/airflow/.local/lib/python3.12/site-packages/airflow/example_dags/example_branch_python_dop_operator_3.py
[2026-05-16T16:34:34.343+0000] {logging_mixin.py:188} INFO - [2026-05-16T16:34:34.343+0000] {dag.py:3089} INFO - Sync 1 DAGs
[2026-05-16T16:34:34.352+0000] {logging_mixin.py:188} INFO - [2026-05-16T16:34:34.352+0000] {dag.py:3947} INFO - Setting next_dagrun for example_branch_dop_operator_v3 to 2026-05-16 16:33:00+00:00, run_after=2026-05-16 16:34:00+00:00
[2026-05-16T16:34:34.358+0000] {processor.py:183} INFO - Processing /home/airflow/.local/lib/python3.12/site-packages/airflow/example_dags/example_branch_python_dop_operator_3.py took 0.034 seconds
[2026-05-16T16:35:04.995+0000] {processor.py:161} INFO - Started process (PID=1199) to work on /home/airflow/.local/lib/python3.12/site-packages/airflow/example_dags/example_branch_python_dop_operator_3.py
[2026-05-16T16:35:04.996+0000] {processor.py:830} INFO - Processing file /home/airflow/.local/lib/python3.12/site-packages/airflow/example_dags/example_branch_python_dop_operator_3.py for tasks to queue
[2026-05-16T16:35:04.996+0000] {logging_mixin.py:188} INFO - [2026-05-16T16:35:04.996+0000] {dagbag.py:545} INFO - Filling up the DagBag from /home/airflow/.local/lib/python3.12/site-packages/airflow/example_dags/example_branch_python_dop_operator_3.py
[2026-05-16T16:35:05.000+0000] {processor.py:840} INFO - DAG(s) 'example_branch_dop_operator_v3' retrieved from /home/airflow/.local/lib/python3.12/site-packages/airflow/example_dags/example_branch_python_dop_operator_3.py
[2026-05-16T16:35:05.009+0000] {logging_mixin.py:188} INFO - [2026-05-16T16:35:05.009+0000] {dag.py:3089} INFO - Sync 1 DAGs
[2026-05-16T16:35:05.018+0000] {logging_mixin.py:188} INFO - [2026-05-16T16:35:05.018+0000] {dag.py:3947} INFO - Setting next_dagrun for example_branch_dop_operator_v3 to 2026-05-16 16:34:00+00:00, run_after=2026-05-16 16:35:00+00:00
[2026-05-16T16:35:05.030+0000] {processor.py:183} INFO - Processing /home/airflow/.local/lib/python3.12/site-packages/airflow/example_dags/example_branch_python_dop_operator_3.py took 0.037 seconds
[2026-05-16T16:35:35.670+0000] {processor.py:161} INFO - Started process (PID=1261) to work on /home/airflow/.local/lib/python3.12/site-packages/airflow/example_dags/example_branch_python_dop_operator_3.py
[2026-05-16T16:35:35.670+0000] {processor.py:830} INFO - Processing file /home/airflow/.local/lib/python3.12/site-packages/airflow/example_dags/example_branch_python_dop_operator_3.py for tasks to queue
[2026-05-16T16:35:35.671+0000] {logging_mixin.py:188} INFO - [2026-05-16T16:35:35.671+0000] {dagbag.py:545} INFO - Filling up the DagBag from /home/airflow/.local/lib/python3.12/site-packages/airflow/example_dags/example_branch_python_dop_operator_3.py
[2026-05-16T16:35:35.675+0000] {processor.py:840} INFO - DAG(s) 'example_branch_dop_operator_v3' retrieved from /home/airflow/.local/lib/python3.12/site-packages/airflow/example_dags/example_branch_python_dop_operator_3.py
[2026-05-16T16:35:35.684+0000] {logging_mixin.py:188} INFO - [2026-05-16T16:35:35.684+0000] {dag.py:3089} INFO - Sync 1 DAGs
[2026-05-16T16:35:35.694+0000] {logging_mixin.py:188} INFO - [2026-05-16T16:35:35.694+0000] {dag.py:3947} INFO - Setting next_dagrun for example_branch_dop_operator_v3 to 2026-05-16 16:34:00+00:00, run_after=2026-05-16 16:35:00+00:00
[2026-05-16T16:35:35.701+0000] {processor.py:183} INFO - Processing /home/airflow/.local/lib/python3.12/site-packages/airflow/example_dags/example_branch_python_dop_operator_3.py took 0.035 seconds
[2026-05-16T16:36:06.315+0000] {processor.py:161} INFO - Started process (PID=1323) to work on /home/airflow/.local/lib/python3.12/site-packages/airflow/example_dags/example_branch_python_dop_operator_3.py
[2026-05-16T16:36:06.315+0000] {processor.py:830} INFO - Processing file /home/airflow/.local/lib/python3.12/site-packages/airflow/example_dags/example_branch_python_dop_operator_3.py for tasks to queue
[2026-05-16T16:36:06.316+0000] {logging_mixin.py:188} INFO - [2026-05-16T16:36:06.316+0000] {dagbag.py:545} INFO - Filling up the DagBag from /home/airflow/.local/lib/python3.12/site-packages/airflow/example_dags/example_branch_python_dop_operator_3.py
[2026-05-16T16:36:06.320+0000] {processor.py:840} INFO - DAG(s) 'example_branch_dop_operator_v3' retrieved from /home/airflow/.local/lib/python3.12/site-packages/airflow/example_dags/example_branch_python_dop_operator_3.py
[2026-05-16T16:36:06.329+0000] {logging_mixin.py:188} INFO - [2026-05-16T16:36:06.329+0000] {dag.py:3089} INFO - Sync 1 DAGs
[2026-05-16T16:36:06.339+0000] {logging_mixin.py:188} INFO - [2026-05-16T16:36:06.338+0000] {dag.py:3947} INFO - Setting next_dagrun for example_branch_dop_operator_v3 to 2026-05-16 16:35:00+00:00, run_after=2026-05-16 16:36:00+00:00
[2026-05-16T16:36:06.344+0000] {processor.py:183} INFO - Processing /home/airflow/.local/lib/python3.12/site-packages/airflow/example_dags/example_branch_python_dop_operator_3.py took 0.033 seconds
[2026-05-16T16:36:36.963+0000] {processor.py:161} INFO - Started process (PID=1385) to work on /home/airflow/.local/lib/python3.12/site-packages/airflow/example_dags/example_branch_python_dop_operator_3.py
[2026-05-16T16:36:36.964+0000] {processor.py:830} INFO - Processing file /home/airflow/.local/lib/python3.12/site-packages/airflow/example_dags/example_branch_python_dop_operator_3.py for tasks to queue
[2026-05-16T16:36:36.965+0000] {logging_mixin.py:188} INFO - [2026-05-16T16:36:36.965+0000] {dagbag.py:545} INFO - Filling up the DagBag from /home/airflow/.local/lib/python3.12/site-packages/airflow/example_dags/example_branch_python_dop_operator_3.py
[2026-05-16T16:36:36.969+0000] {processor.py:840} INFO - DAG(s) 'example_branch_dop_operator_v3' retrieved from /home/airflow/.local/lib/python3.12/site-packages/airflow/example_dags/example_branch_python_dop_operator_3.py
[2026-05-16T16:36:36.978+0000] {logging_mixin.py:188} INFO - [2026-05-16T16:36:36.978+0000] {dag.py:3089} INFO - Sync 1 DAGs
[2026-05-16T16:36:36.986+0000] {logging_mixin.py:188} INFO - [2026-05-16T16:36:36.986+0000] {dag.py:3947} INFO - Setting next_dagrun for example_branch_dop_operator_v3 to 2026-05-16 16:35:00+00:00, run_after=2026-05-16 16:36:00+00:00
[2026-05-16T16:36:36.993+0000] {processor.py:183} INFO - Processing /home/airflow/.local/lib/python3.12/site-packages/airflow/example_dags/example_branch_python_dop_operator_3.py took 0.032 seconds
[2026-05-16T16:37:07.590+0000] {processor.py:161} INFO - Started process (PID=1447) to work on /home/airflow/.local/lib/python3.12/site-packages/airflow/example_dags/example_branch_python_dop_operator_3.py
[2026-05-16T16:37:07.590+0000] {processor.py:830} INFO - Processing file /home/airflow/.local/lib/python3.12/site-packages/airflow/example_dags/example_branch_python_dop_operator_3.py for tasks to queue
[2026-05-16T16:37:07.591+0000] {logging_mixin.py:188} INFO - [2026-05-16T16:37:07.591+0000] {dagbag.py:545} INFO - Filling up the DagBag from /home/airflow/.local/lib/python3.12/site-packages/airflow/example_dags/example_branch_python_dop_operator_3.py
[2026-05-16T16:37:07.597+0000] {processor.py:840} INFO - DAG(s) 'example_branch_dop_operator_v3' retrieved from /home/airflow/.local/lib/python3.12/site-packages/airflow/example_dags/example_branch_python_dop_operator_3.py
[2026-05-16T16:37:07.612+0000] {logging_mixin.py:188} INFO - [2026-05-16T16:37:07.612+0000] {dag.py:3089} INFO - Sync 1 DAGs
[2026-05-16T16:37:07.621+0000] {logging_mixin.py:188} INFO - [2026-05-16T16:37:07.621+0000] {dag.py:3947} INFO - Setting next_dagrun for example_branch_dop_operator_v3 to 2026-05-16 16:36:00+00:00, run_after=2026-05-16 16:37:00+00:00
[2026-05-16T16:37:07.627+0000] {processor.py:183} INFO - Processing /home/airflow/.local/lib/python3.12/site-packages/airflow/example_dags/example_branch_python_dop_operator_3.py took 0.041 seconds
[2026-05-16T16:37:38.263+0000] {processor.py:161} INFO - Started process (PID=1508) to work on /home/airflow/.local/lib/python3.12/site-packages/airflow/example_dags/example_branch_python_dop_operator_3.py
[2026-05-16T16:37:38.263+0000] {processor.py:830} INFO - Processing file /home/airflow/.local/lib/python3.12/site-packages/airflow/example_dags/example_branch_python_dop_operator_3.py for tasks to queue
[2026-05-16T16:37:38.264+0000] {logging_mixin.py:188} INFO - [2026-05-16T16:37:38.264+0000] {dagbag.py:545} INFO - Filling up the DagBag from /home/airflow/.local/lib/python3.12/site-packages/airflow/example_dags/example_branch_python_dop_operator_3.py
[2026-05-16T16:37:38.268+0000] {processor.py:840} INFO - DAG(s) 'example_branch_dop_operator_v3' retrieved from /home/airflow/.local/lib/python3.12/site-packages/airflow/example_dags/example_branch_python_dop_operator_3.py
[2026-05-16T16:37:38.278+0000] {logging_mixin.py:188} INFO - [2026-05-16T16:37:38.277+0000] {dag.py:3089} INFO - Sync 1 DAGs
[2026-05-16T16:37:38.287+0000] {logging_mixin.py:188} INFO - [2026-05-16T16:37:38.286+0000] {dag.py:3947} INFO - Setting next_dagrun for example_branch_dop_operator_v3 to 2026-05-16 16:36:00+00:00, run_after=2026-05-16 16:37:00+00:00
[2026-05-16T16:37:38.293+0000] {processor.py:183} INFO - Processing /home/airflow/.local/lib/python3.12/site-packages/airflow/example_dags/example_branch_python_dop_operator_3.py took 0.033 seconds
[2026-05-16T16:38:08.806+0000] {processor.py:161} INFO - Started process (PID=1570) to work on /home/airflow/.local/lib/python3.12/site-packages/airflow/example_dags/example_branch_python_dop_operator_3.py
[2026-05-16T16:38:08.807+0000] {processor.py:830} INFO - Processing file /home/airflow/.local/lib/python3.12/site-packages/airflow/example_dags/example_branch_python_dop_operator_3.py for tasks to queue
[2026-05-16T16:38:08.809+0000] {logging_mixin.py:188} INFO - [2026-05-16T16:38:08.808+0000] {dagbag.py:545} INFO - Filling up the DagBag from /home/airflow/.local/lib/python3.12/site-packages/airflow/example_dags/example_branch_python_dop_operator_3.py
[2026-05-16T16:38:08.814+0000] {processor.py:840} INFO - DAG(s) 'example_branch_dop_operator_v3' retrieved from /home/airflow/.local/lib/python3.12/site-packages/airflow/example_dags/example_branch_python_dop_operator_3.py
[2026-05-16T16:38:08.823+0000] {logging_mixin.py:188} INFO - [2026-05-16T16:38:08.823+0000] {dag.py:3089} INFO - Sync 1 DAGs
[2026-05-16T16:38:08.833+0000] {logging_mixin.py:188} INFO - [2026-05-16T16:38:08.833+0000] {dag.py:3947} INFO - Setting next_dagrun for example_branch_dop_operator_v3 to 2026-05-16 16:37:00+00:00, run_after=2026-05-16 16:38:00+00:00
[2026-05-16T16:38:08.839+0000] {processor.py:183} INFO - Processing /home/airflow/.local/lib/python3.12/site-packages/airflow/example_dags/example_branch_python_dop_operator_3.py took 0.037 seconds
[2026-05-16T16:38:39.412+0000] {processor.py:161} INFO - Started process (PID=1632) to work on /home/airflow/.local/lib/python3.12/site-packages/airflow/example_dags/example_branch_python_dop_operator_3.py
[2026-05-16T16:38:39.413+0000] {processor.py:830} INFO - Processing file /home/airflow/.local/lib/python3.12/site-packages/airflow/example_dags/example_branch_python_dop_operator_3.py for tasks to queue
[2026-05-16T16:38:39.414+0000] {logging_mixin.py:188} INFO - [2026-05-16T16:38:39.414+0000] {dagbag.py:545} INFO - Filling up the DagBag from /home/airflow/.local/lib/python3.12/site-packages/airflow/example_dags/example_branch_python_dop_operator_3.py
[2026-05-16T16:38:39.417+0000] {processor.py:840} INFO - DAG(s) 'example_branch_dop_operator_v3' retrieved from /home/airflow/.local/lib/python3.12/site-packages/airflow/example_dags/example_branch_python_dop_operator_3.py
[2026-05-16T16:38:39.425+0000] {logging_mixin.py:188} INFO - [2026-05-16T16:38:39.424+0000] {dag.py:3089} INFO - Sync 1 DAGs
[2026-05-16T16:38:39.434+0000] {logging_mixin.py:188} INFO - [2026-05-16T16:38:39.434+0000] {dag.py:3947} INFO - Setting next_dagrun for example_branch_dop_operator_v3 to 2026-05-16 16:37:00+00:00, run_after=2026-05-16 16:38:00+00:00
[2026-05-16T16:38:39.440+0000] {processor.py:183} INFO - Processing /home/airflow/.local/lib/python3.12/site-packages/airflow/example_dags/example_branch_python_dop_operator_3.py took 0.032 seconds
[2026-05-16T16:39:09.993+0000] {processor.py:161} INFO - Started process (PID=1694) to work on /home/airflow/.local/lib/python3.12/site-packages/airflow/example_dags/example_branch_python_dop_operator_3.py
[2026-05-16T16:39:09.995+0000] {processor.py:830} INFO - Processing file /home/airflow/.local/lib/python3.12/site-packages/airflow/example_dags/example_branch_python_dop_operator_3.py for tasks to queue
[2026-05-16T16:39:09.996+0000] {logging_mixin.py:188} INFO - [2026-05-16T16:39:09.996+0000] {dagbag.py:545} INFO - Filling up the DagBag from /home/airflow/.local/lib/python3.12/site-packages/airflow/example_dags/example_branch_python_dop_operator_3.py
[2026-05-16T16:39:10.001+0000] {processor.py:840} INFO - DAG(s) 'example_branch_dop_operator_v3' retrieved from /home/airflow/.local/lib/python3.12/site-packages/airflow/example_dags/example_branch_python_dop_operator_3.py
[2026-05-16T16:39:10.011+0000] {logging_mixin.py:188} INFO - [2026-05-16T16:39:10.010+0000] {dag.py:3089} INFO - Sync 1 DAGs
[2026-05-16T16:39:10.021+0000] {logging_mixin.py:188} INFO - [2026-05-16T16:39:10.021+0000] {dag.py:3947} INFO - Setting next_dagrun for example_branch_dop_operator_v3 to 2026-05-16 16:38:00+00:00, run_after=2026-05-16 16:39:00+00:00
[2026-05-16T16:39:10.027+0000] {processor.py:183} INFO - Processing /home/airflow/.local/lib/python3.12/site-packages/airflow/example_dags/example_branch_python_dop_operator_3.py took 0.041 seconds
[2026-05-16T16:39:40.590+0000] {processor.py:161} INFO - Started process (PID=1756) to work on /home/airflow/.local/lib/python3.12/site-packages/airflow/example_dags/example_branch_python_dop_operator_3.py
[2026-05-16T16:39:40.591+0000] {processor.py:830} INFO - Processing file /home/airflow/.local/lib/python3.12/site-packages/airflow/example_dags/example_branch_python_dop_operator_3.py for tasks to queue
[2026-05-16T16:39:40.592+0000] {logging_mixin.py:188} INFO - [2026-05-16T16:39:40.592+0000] {dagbag.py:545} INFO - Filling up the DagBag from /home/airflow/.local/lib/python3.12/site-packages/airflow/example_dags/example_branch_python_dop_operator_3.py
[2026-05-16T16:39:40.598+0000] {processor.py:840} INFO - DAG(s) 'example_branch_dop_operator_v3' retrieved from /home/airflow/.local/lib/python3.12/site-packages/airflow/example_dags/example_branch_python_dop_operator_3.py
[2026-05-16T16:39:40.606+0000] {logging_mixin.py:188} INFO - [2026-05-16T16:39:40.606+0000] {dag.py:3089} INFO - Sync 1 DAGs
[2026-05-16T16:39:40.615+0000] {logging_mixin.py:188} INFO - [2026-05-16T16:39:40.615+0000] {dag.py:3947} INFO - Setting next_dagrun for example_branch_dop_operator_v3 to 2026-05-16 16:38:00+00:00, run_after=2026-05-16 16:39:00+00:00
[2026-05-16T16:39:40.620+0000] {processor.py:183} INFO - Processing /home/airflow/.local/lib/python3.12/site-packages/airflow/example_dags/example_branch_python_dop_operator_3.py took 0.033 seconds
[2026-05-16T16:40:11.374+0000] {processor.py:161} INFO - Started process (PID=1818) to work on /home/airflow/.local/lib/python3.12/site-packages/airflow/example_dags/example_branch_python_dop_operator_3.py
[2026-05-16T16:40:11.375+0000] {processor.py:830} INFO - Processing file /home/airflow/.local/lib/python3.12/site-packages/airflow/example_dags/example_branch_python_dop_operator_3.py for tasks to queue
[2026-05-16T16:40:11.376+0000] {logging_mixin.py:188} INFO - [2026-05-16T16:40:11.376+0000] {dagbag.py:545} INFO - Filling up the DagBag from /home/airflow/.local/lib/python3.12/site-packages/airflow/example_dags/example_branch_python_dop_operator_3.py
[2026-05-16T16:40:11.383+0000] {processor.py:840} INFO - DAG(s) 'example_branch_dop_operator_v3' retrieved from /home/airflow/.local/lib/python3.12/site-packages/airflow/example_dags/example_branch_python_dop_operator_3.py
[2026-05-16T16:40:11.393+0000] {logging_mixin.py:188} INFO - [2026-05-16T16:40:11.393+0000] {dag.py:3089} INFO - Sync 1 DAGs
[2026-05-16T16:40:11.405+0000] {logging_mixin.py:188} INFO - [2026-05-16T16:40:11.405+0000] {dag.py:3947} INFO - Setting next_dagrun for example_branch_dop_operator_v3 to 2026-05-16 16:39:00+00:00, run_after=2026-05-16 16:40:00+00:00
[2026-05-16T16:40:11.411+0000] {processor.py:183} INFO - Processing /home/airflow/.local/lib/python3.12/site-packages/airflow/example_dags/example_branch_python_dop_operator_3.py took 0.040 seconds
[2026-05-16T16:40:42.054+0000] {processor.py:161} INFO - Started process (PID=1880) to work on /home/airflow/.local/lib/python3.12/site-packages/airflow/example_dags/example_branch_python_dop_operator_3.py
[2026-05-16T16:40:42.055+0000] {processor.py:830} INFO - Processing file /home/airflow/.local/lib/python3.12/site-packages/airflow/example_dags/example_branch_python_dop_operator_3.py for tasks to queue
[2026-05-16T16:40:42.056+0000] {logging_mixin.py:188} INFO - [2026-05-16T16:40:42.056+0000] {dagbag.py:545} INFO - Filling up the DagBag from /home/airflow/.local/lib/python3.12/site-packages/airflow/example_dags/example_branch_python_dop_operator_3.py
[2026-05-16T16:40:42.059+0000] {processor.py:840} INFO - DAG(s) 'example_branch_dop_operator_v3' retrieved from /home/airflow/.local/lib/python3.12/site-packages/airflow/example_dags/example_branch_python_dop_operator_3.py
[2026-05-16T16:40:42.068+0000] {logging_mixin.py:188} INFO - [2026-05-16T16:40:42.067+0000] {dag.py:3089} INFO - Sync 1 DAGs
[2026-05-16T16:40:42.077+0000] {logging_mixin.py:188} INFO - [2026-05-16T16:40:42.077+0000] {dag.py:3947} INFO - Setting next_dagrun for example_branch_dop_operator_v3 to 2026-05-16 16:39:00+00:00, run_after=2026-05-16 16:40:00+00:00
[2026-05-16T16:40:42.083+0000] {processor.py:183} INFO - Processing /home/airflow/.local/lib/python3.12/site-packages/airflow/example_dags/example_branch_python_dop_operator_3.py took 0.032 seconds
[2026-05-16T16:41:12.723+0000] {processor.py:161} INFO - Started process (PID=1941) to work on /home/airflow/.local/lib/python3.12/site-packages/airflow/example_dags/example_branch_python_dop_operator_3.py
[2026-05-16T16:41:12.724+0000] {processor.py:830} INFO - Processing file /home/airflow/.local/lib/python3.12/site-packages/airflow/example_dags/example_branch_python_dop_operator_3.py for tasks to queue
[2026-05-16T16:41:12.725+0000] {logging_mixin.py:188} INFO - [2026-05-16T16:41:12.724+0000] {dagbag.py:545} INFO - Filling up the DagBag from /home/airflow/.local/lib/python3.12/site-packages/airflow/example_dags/example_branch_python_dop_operator_3.py
[2026-05-16T16:41:12.730+0000] {processor.py:840} INFO - DAG(s) 'example_branch_dop_operator_v3' retrieved from /home/airflow/.local/lib/python3.12/site-packages/airflow/example_dags/example_branch_python_dop_operator_3.py
[2026-05-16T16:41:12.738+0000] {logging_mixin.py:188} INFO - [2026-05-16T16:41:12.738+0000] {dag.py:3089} INFO - Sync 1 DAGs
[2026-05-16T16:41:12.747+0000] {logging_mixin.py:188} INFO - [2026-05-16T16:41:12.747+0000] {dag.py:3947} INFO - Setting next_dagrun for example_branch_dop_operator_v3 to 2026-05-16 16:40:00+00:00, run_after=2026-05-16 16:41:00+00:00
[2026-05-16T16:41:12.754+0000] {processor.py:183} INFO - Processing /home/airflow/.local/lib/python3.12/site-packages/airflow/example_dags/example_branch_python_dop_operator_3.py took 0.034 seconds
[2026-05-16T16:41:43.356+0000] {processor.py:161} INFO - Started process (PID=2002) to work on /home/airflow/.local/lib/python3.12/site-packages/airflow/example_dags/example_branch_python_dop_operator_3.py
[2026-05-16T16:41:43.357+0000] {processor.py:830} INFO - Processing file /home/airflow/.local/lib/python3.12/site-packages/airflow/example_dags/example_branch_python_dop_operator_3.py for tasks to queue
[2026-05-16T16:41:43.358+0000] {logging_mixin.py:188} INFO - [2026-05-16T16:41:43.358+0000] {dagbag.py:545} INFO - Filling up the DagBag from /home/airflow/.local/lib/python3.12/site-packages/airflow/example_dags/example_branch_python_dop_operator_3.py
[2026-05-16T16:41:43.362+0000] {processor.py:840} INFO - DAG(s) 'example_branch_dop_operator_v3' retrieved from /home/airflow/.local/lib/python3.12/site-packages/airflow/example_dags/example_branch_python_dop_operator_3.py
[2026-05-16T16:41:43.369+0000] {logging_mixin.py:188} INFO - [2026-05-16T16:41:43.369+0000] {dag.py:3089} INFO - Sync 1 DAGs
[2026-05-16T16:41:43.378+0000] {logging_mixin.py:188} INFO - [2026-05-16T16:41:43.378+0000] {dag.py:3947} INFO - Setting next_dagrun for example_branch_dop_operator_v3 to 2026-05-16 16:40:00+00:00, run_after=2026-05-16 16:41:00+00:00
[2026-05-16T16:41:43.385+0000] {processor.py:183} INFO - Processing /home/airflow/.local/lib/python3.12/site-packages/airflow/example_dags/example_branch_python_dop_operator_3.py took 0.031 seconds
[2026-05-16T16:42:14.007+0000] {processor.py:161} INFO - Started process (PID=2064) to work on /home/airflow/.local/lib/python3.12/site-packages/airflow/example_dags/example_branch_python_dop_operator_3.py
[2026-05-16T16:42:14.007+0000] {processor.py:830} INFO - Processing file /home/airflow/.local/lib/python3.12/site-packages/airflow/example_dags/example_branch_python_dop_operator_3.py for tasks to queue
[2026-05-16T16:42:14.008+0000] {logging_mixin.py:188} INFO - [2026-05-16T16:42:14.008+0000] {dagbag.py:545} INFO - Filling up the DagBag from /home/airflow/.local/lib/python3.12/site-packages/airflow/example_dags/example_branch_python_dop_operator_3.py
[2026-05-16T16:42:14.012+0000] {processor.py:840} INFO - DAG(s) 'example_branch_dop_operator_v3' retrieved from /home/airflow/.local/lib/python3.12/site-packages/airflow/example_dags/example_branch_python_dop_operator_3.py
[2026-05-16T16:42:14.022+0000] {logging_mixin.py:188} INFO - [2026-05-16T16:42:14.022+0000] {dag.py:3089} INFO - Sync 1 DAGs
[2026-05-16T16:42:14.031+0000] {logging_mixin.py:188} INFO - [2026-05-16T16:42:14.031+0000] {dag.py:3947} INFO - Setting next_dagrun for example_branch_dop_operator_v3 to 2026-05-16 16:41:00+00:00, run_after=2026-05-16 16:42:00+00:00
[2026-05-16T16:42:14.037+0000] {processor.py:183} INFO - Processing /home/airflow/.local/lib/python3.12/site-packages/airflow/example_dags/example_branch_python_dop_operator_3.py took 0.034 seconds
[2026-05-16T16:42:44.548+0000] {processor.py:161} INFO - Started process (PID=2126) to work on /home/airflow/.local/lib/python3.12/site-packages/airflow/example_dags/example_branch_python_dop_operator_3.py
[2026-05-16T16:42:44.549+0000] {processor.py:830} INFO - Processing file /home/airflow/.local/lib/python3.12/site-packages/airflow/example_dags/example_branch_python_dop_operator_3.py for tasks to queue
[2026-05-16T16:42:44.550+0000] {logging_mixin.py:188} INFO - [2026-05-16T16:42:44.550+0000] {dagbag.py:545} INFO - Filling up the DagBag from /home/airflow/.local/lib/python3.12/site-packages/airflow/example_dags/example_branch_python_dop_operator_3.py
[2026-05-16T16:42:44.555+0000] {processor.py:840} INFO - DAG(s) 'example_branch_dop_operator_v3' retrieved from /home/airflow/.local/lib/python3.12/site-packages/airflow/example_dags/example_branch_python_dop_operator_3.py
[2026-05-16T16:42:44.563+0000] {logging_mixin.py:188} INFO - [2026-05-16T16:42:44.563+0000] {dag.py:3089} INFO - Sync 1 DAGs
[2026-05-16T16:42:44.572+0000] {logging_mixin.py:188} INFO - [2026-05-16T16:42:44.572+0000] {dag.py:3947} INFO - Setting next_dagrun for example_branch_dop_operator_v3 to 2026-05-16 16:41:00+00:00, run_after=2026-05-16 16:42:00+00:00
[2026-05-16T16:42:44.579+0000] {processor.py:183} INFO - Processing /home/airflow/.local/lib/python3.12/site-packages/airflow/example_dags/example_branch_python_dop_operator_3.py took 0.034 seconds
[2026-05-16T16:43:15.105+0000] {processor.py:161} INFO - Started process (PID=2187) to work on /home/airflow/.local/lib/python3.12/site-packages/airflow/example_dags/example_branch_python_dop_operator_3.py
[2026-05-16T16:43:15.105+0000] {processor.py:830} INFO - Processing file /home/airflow/.local/lib/python3.12/site-packages/airflow/example_dags/example_branch_python_dop_operator_3.py for tasks to queue
[2026-05-16T16:43:15.106+0000] {logging_mixin.py:188} INFO - [2026-05-16T16:43:15.106+0000] {dagbag.py:545} INFO - Filling up the DagBag from /home/airflow/.local/lib/python3.12/site-packages/airflow/example_dags/example_branch_python_dop_operator_3.py
[2026-05-16T16:43:15.110+0000] {processor.py:840} INFO - DAG(s) 'example_branch_dop_operator_v3' retrieved from /home/airflow/.local/lib/python3.12/site-packages/airflow/example_dags/example_branch_python_dop_operator_3.py
[2026-05-16T16:43:15.118+0000] {logging_mixin.py:188} INFO - [2026-05-16T16:43:15.118+0000] {dag.py:3089} INFO - Sync 1 DAGs
[2026-05-16T16:43:15.127+0000] {logging_mixin.py:188} INFO - [2026-05-16T16:43:15.127+0000] {dag.py:3947} INFO - Setting next_dagrun for example_branch_dop_operator_v3 to 2026-05-16 16:42:00+00:00, run_after=2026-05-16 16:43:00+00:00
[2026-05-16T16:43:15.133+0000] {processor.py:183} INFO - Processing /home/airflow/.local/lib/python3.12/site-packages/airflow/example_dags/example_branch_python_dop_operator_3.py took 0.032 seconds
[2026-05-16T16:43:45.659+0000] {processor.py:161} INFO - Started process (PID=2249) to work on /home/airflow/.local/lib/python3.12/site-packages/airflow/example_dags/example_branch_python_dop_operator_3.py
[2026-05-16T16:43:45.659+0000] {processor.py:830} INFO - Processing file /home/airflow/.local/lib/python3.12/site-packages/airflow/example_dags/example_branch_python_dop_operator_3.py for tasks to queue
[2026-05-16T16:43:45.660+0000] {logging_mixin.py:188} INFO - [2026-05-16T16:43:45.660+0000] {dagbag.py:545} INFO - Filling up the DagBag from /home/airflow/.local/lib/python3.12/site-packages/airflow/example_dags/example_branch_python_dop_operator_3.py
[2026-05-16T16:43:45.664+0000] {processor.py:840} INFO - DAG(s) 'example_branch_dop_operator_v3' retrieved from /home/airflow/.local/lib/python3.12/site-packages/airflow/example_dags/example_branch_python_dop_operator_3.py
[2026-05-16T16:43:45.674+0000] {logging_mixin.py:188} INFO - [2026-05-16T16:43:45.673+0000] {dag.py:3089} INFO - Sync 1 DAGs
[2026-05-16T16:43:45.689+0000] {logging_mixin.py:188} INFO - [2026-05-16T16:43:45.689+0000] {dag.py:3947} INFO - Setting next_dagrun for example_branch_dop_operator_v3 to 2026-05-16 16:42:00+00:00, run_after=2026-05-16 16:43:00+00:00
[2026-05-16T16:43:45.696+0000] {processor.py:183} INFO - Processing /home/airflow/.local/lib/python3.12/site-packages/airflow/example_dags/example_branch_python_dop_operator_3.py took 0.040 seconds
[2026-05-16T16:44:16.280+0000] {processor.py:161} INFO - Started process (PID=2311) to work on /home/airflow/.local/lib/python3.12/site-packages/airflow/example_dags/example_branch_python_dop_operator_3.py
[2026-05-16T16:44:16.280+0000] {processor.py:830} INFO - Processing file /home/airflow/.local/lib/python3.12/site-packages/airflow/example_dags/example_branch_python_dop_operator_3.py for tasks to queue
[2026-05-16T16:44:16.281+0000] {logging_mixin.py:188} INFO - [2026-05-16T16:44:16.281+0000] {dagbag.py:545} INFO - Filling up the DagBag from /home/airflow/.local/lib/python3.12/site-packages/airflow/example_dags/example_branch_python_dop_operator_3.py
[2026-05-16T16:44:16.285+0000] {processor.py:840} INFO - DAG(s) 'example_branch_dop_operator_v3' retrieved from /home/airflow/.local/lib/python3.12/site-packages/airflow/example_dags/example_branch_python_dop_operator_3.py
[2026-05-16T16:44:16.295+0000] {logging_mixin.py:188} INFO - [2026-05-16T16:44:16.295+0000] {dag.py:3089} INFO - Sync 1 DAGs
[2026-05-16T16:44:16.305+0000] {logging_mixin.py:188} INFO - [2026-05-16T16:44:16.305+0000] {dag.py:3947} INFO - Setting next_dagrun for example_branch_dop_operator_v3 to 2026-05-16 16:43:00+00:00, run_after=2026-05-16 16:44:00+00:00
[2026-05-16T16:44:16.311+0000] {processor.py:183} INFO - Processing /home/airflow/.local/lib/python3.12/site-packages/airflow/example_dags/example_branch_python_dop_operator_3.py took 0.034 seconds
[2026-05-16T16:44:46.902+0000] {processor.py:161} INFO - Started process (PID=2373) to work on /home/airflow/.local/lib/python3.12/site-packages/airflow/example_dags/example_branch_python_dop_operator_3.py
[2026-05-16T16:44:46.903+0000] {processor.py:830} INFO - Processing file /home/airflow/.local/lib/python3.12/site-packages/airflow/example_dags/example_branch_python_dop_operator_3.py for tasks to queue
[2026-05-16T16:44:46.904+0000] {logging_mixin.py:188} INFO - [2026-05-16T16:44:46.904+0000] {dagbag.py:545} INFO - Filling up the DagBag from /home/airflow/.local/lib/python3.12/site-packages/airflow/example_dags/example_branch_python_dop_operator_3.py
[2026-05-16T16:44:46.908+0000] {processor.py:840} INFO - DAG(s) 'example_branch_dop_operator_v3' retrieved from /home/airflow/.local/lib/python3.12/site-packages/airflow/example_dags/example_branch_python_dop_operator_3.py
[2026-05-16T16:44:46.916+0000] {logging_mixin.py:188} INFO - [2026-05-16T16:44:46.916+0000] {dag.py:3089} INFO - Sync 1 DAGs
[2026-05-16T16:44:46.925+0000] {logging_mixin.py:188} INFO - [2026-05-16T16:44:46.925+0000] {dag.py:3947} INFO - Setting next_dagrun for example_branch_dop_operator_v3 to 2026-05-16 16:43:00+00:00, run_after=2026-05-16 16:44:00+00:00
[2026-05-16T16:44:46.931+0000] {processor.py:183} INFO - Processing /home/airflow/.local/lib/python3.12/site-packages/airflow/example_dags/example_branch_python_dop_operator_3.py took 0.031 seconds
[2026-05-16T16:45:17.464+0000] {processor.py:161} INFO - Started process (PID=2435) to work on /home/airflow/.local/lib/python3.12/site-packages/airflow/example_dags/example_branch_python_dop_operator_3.py
[2026-05-16T16:45:17.465+0000] {processor.py:830} INFO - Processing file /home/airflow/.local/lib/python3.12/site-packages/airflow/example_dags/example_branch_python_dop_operator_3.py for tasks to queue
[2026-05-16T16:45:17.466+0000] {logging_mixin.py:188} INFO - [2026-05-16T16:45:17.466+0000] {dagbag.py:545} INFO - Filling up the DagBag from /home/airflow/.local/lib/python3.12/site-packages/airflow/example_dags/example_branch_python_dop_operator_3.py
[2026-05-16T16:45:17.470+0000] {processor.py:840} INFO - DAG(s) 'example_branch_dop_operator_v3' retrieved from /home/airflow/.local/lib/python3.12/site-packages/airflow/example_dags/example_branch_python_dop_operator_3.py
[2026-05-16T16:45:17.479+0000] {logging_mixin.py:188} INFO - [2026-05-16T16:45:17.479+0000] {dag.py:3089} INFO - Sync 1 DAGs
[2026-05-16T16:45:17.488+0000] {logging_mixin.py:188} INFO - [2026-05-16T16:45:17.488+0000] {dag.py:3947} INFO - Setting next_dagrun for example_branch_dop_operator_v3 to 2026-05-16 16:44:00+00:00, run_after=2026-05-16 16:45:00+00:00
[2026-05-16T16:45:17.495+0000] {processor.py:183} INFO - Processing /home/airflow/.local/lib/python3.12/site-packages/airflow/example_dags/example_branch_python_dop_operator_3.py took 0.033 seconds
[2026-05-16T16:45:48.155+0000] {processor.py:161} INFO - Started process (PID=2497) to work on /home/airflow/.local/lib/python3.12/site-packages/airflow/example_dags/example_branch_python_dop_operator_3.py
[2026-05-16T16:45:48.156+0000] {processor.py:830} INFO - Processing file /home/airflow/.local/lib/python3.12/site-packages/airflow/example_dags/example_branch_python_dop_operator_3.py for tasks to queue
[2026-05-16T16:45:48.157+0000] {logging_mixin.py:188} INFO - [2026-05-16T16:45:48.157+0000] {dagbag.py:545} INFO - Filling up the DagBag from /home/airflow/.local/lib/python3.12/site-packages/airflow/example_dags/example_branch_python_dop_operator_3.py
[2026-05-16T16:45:48.162+0000] {processor.py:840} INFO - DAG(s) 'example_branch_dop_operator_v3' retrieved from /home/airflow/.local/lib/python3.12/site-packages/airflow/example_dags/example_branch_python_dop_operator_3.py
[2026-05-16T16:45:48.170+0000] {logging_mixin.py:188} INFO - [2026-05-16T16:45:48.170+0000] {dag.py:3089} INFO - Sync 1 DAGs
[2026-05-16T16:45:48.182+0000] {logging_mixin.py:188} INFO - [2026-05-16T16:45:48.181+0000] {dag.py:3947} INFO - Setting next_dagrun for example_branch_dop_operator_v3 to 2026-05-16 16:44:00+00:00, run_after=2026-05-16 16:45:00+00:00
[2026-05-16T16:45:48.188+0000] {processor.py:183} INFO - Processing /home/airflow/.local/lib/python3.12/site-packages/airflow/example_dags/example_branch_python_dop_operator_3.py took 0.036 seconds
[2026-05-16T16:46:18.954+0000] {processor.py:161} INFO - Started process (PID=2559) to work on /home/airflow/.local/lib/python3.12/site-packages/airflow/example_dags/example_branch_python_dop_operator_3.py
[2026-05-16T16:46:18.955+0000] {processor.py:830} INFO - Processing file /home/airflow/.local/lib/python3.12/site-packages/airflow/example_dags/example_branch_python_dop_operator_3.py for tasks to queue
[2026-05-16T16:46:18.956+0000] {logging_mixin.py:188} INFO - [2026-05-16T16:46:18.955+0000] {dagbag.py:545} INFO - Filling up the DagBag from /home/airflow/.local/lib/python3.12/site-packages/airflow/example_dags/example_branch_python_dop_operator_3.py
[2026-05-16T16:46:18.961+0000] {processor.py:840} INFO - DAG(s) 'example_branch_dop_operator_v3' retrieved from /home/airflow/.local/lib/python3.12/site-packages/airflow/example_dags/example_branch_python_dop_operator_3.py
[2026-05-16T16:46:18.969+0000] {logging_mixin.py:188} INFO - [2026-05-16T16:46:18.969+0000] {dag.py:3089} INFO - Sync 1 DAGs
[2026-05-16T16:46:18.978+0000] {logging_mixin.py:188} INFO - [2026-05-16T16:46:18.978+0000] {dag.py:3947} INFO - Setting next_dagrun for example_branch_dop_operator_v3 to 2026-05-16 16:45:00+00:00, run_after=2026-05-16 16:46:00+00:00
[2026-05-16T16:46:18.984+0000] {processor.py:183} INFO - Processing /home/airflow/.local/lib/python3.12/site-packages/airflow/example_dags/example_branch_python_dop_operator_3.py took 0.032 seconds
[2026-05-16T16:46:49.494+0000] {processor.py:161} INFO - Started process (PID=2621) to work on /home/airflow/.local/lib/python3.12/site-packages/airflow/example_dags/example_branch_python_dop_operator_3.py
[2026-05-16T16:46:49.494+0000] {processor.py:830} INFO - Processing file /home/airflow/.local/lib/python3.12/site-packages/airflow/example_dags/example_branch_python_dop_operator_3.py for tasks to queue
[2026-05-16T16:46:49.495+0000] {logging_mixin.py:188} INFO - [2026-05-16T16:46:49.495+0000] {dagbag.py:545} INFO - Filling up the DagBag from /home/airflow/.local/lib/python3.12/site-packages/airflow/example_dags/example_branch_python_dop_operator_3.py
[2026-05-16T16:46:49.499+0000] {processor.py:840} INFO - DAG(s) 'example_branch_dop_operator_v3' retrieved from /home/airflow/.local/lib/python3.12/site-packages/airflow/example_dags/example_branch_python_dop_operator_3.py
[2026-05-16T16:46:49.506+0000] {logging_mixin.py:188} INFO - [2026-05-16T16:46:49.506+0000] {dag.py:3089} INFO - Sync 1 DAGs
[2026-05-16T16:46:49.515+0000] {logging_mixin.py:188} INFO - [2026-05-16T16:46:49.515+0000] {dag.py:3947} INFO - Setting next_dagrun for example_branch_dop_operator_v3 to 2026-05-16 16:45:00+00:00, run_after=2026-05-16 16:46:00+00:00
[2026-05-16T16:46:49.521+0000] {processor.py:183} INFO - Processing /home/airflow/.local/lib/python3.12/site-packages/airflow/example_dags/example_branch_python_dop_operator_3.py took 0.030 seconds
[2026-05-16T16:47:20.104+0000] {processor.py:161} INFO - Started process (PID=2683) to work on /home/airflow/.local/lib/python3.12/site-packages/airflow/example_dags/example_branch_python_dop_operator_3.py
[2026-05-16T16:47:20.104+0000] {processor.py:830} INFO - Processing file /home/airflow/.local/lib/python3.12/site-packages/airflow/example_dags/example_branch_python_dop_operator_3.py for tasks to queue
[2026-05-16T16:47:20.105+0000] {logging_mixin.py:188} INFO - [2026-05-16T16:47:20.105+0000] {dagbag.py:545} INFO - Filling up the DagBag from /home/airflow/.local/lib/python3.12/site-packages/airflow/example_dags/example_branch_python_dop_operator_3.py
[2026-05-16T16:47:20.109+0000] {processor.py:840} INFO - DAG(s) 'example_branch_dop_operator_v3' retrieved from /home/airflow/.local/lib/python3.12/site-packages/airflow/example_dags/example_branch_python_dop_operator_3.py
[2026-05-16T16:47:20.116+0000] {logging_mixin.py:188} INFO - [2026-05-16T16:47:20.116+0000] {dag.py:3089} INFO - Sync 1 DAGs
[2026-05-16T16:47:20.125+0000] {logging_mixin.py:188} INFO - [2026-05-16T16:47:20.125+0000] {dag.py:3947} INFO - Setting next_dagrun for example_branch_dop_operator_v3 to 2026-05-16 16:46:00+00:00, run_after=2026-05-16 16:47:00+00:00
[2026-05-16T16:47:20.132+0000] {processor.py:183} INFO - Processing /home/airflow/.local/lib/python3.12/site-packages/airflow/example_dags/example_branch_python_dop_operator_3.py took 0.031 seconds
[2026-05-16T16:47:50.584+0000] {processor.py:161} INFO - Started process (PID=2745) to work on /home/airflow/.local/lib/python3.12/site-packages/airflow/example_dags/example_branch_python_dop_operator_3.py
[2026-05-16T16:47:50.585+0000] {processor.py:830} INFO - Processing file /home/airflow/.local/lib/python3.12/site-packages/airflow/example_dags/example_branch_python_dop_operator_3.py for tasks to queue
[2026-05-16T16:47:50.585+0000] {logging_mixin.py:188} INFO - [2026-05-16T16:47:50.585+0000] {dagbag.py:545} INFO - Filling up the DagBag from /home/airflow/.local/lib/python3.12/site-packages/airflow/example_dags/example_branch_python_dop_operator_3.py
[2026-05-16T16:47:50.589+0000] {processor.py:840} INFO - DAG(s) 'example_branch_dop_operator_v3' retrieved from /home/airflow/.local/lib/python3.12/site-packages/airflow/example_dags/example_branch_python_dop_operator_3.py
[2026-05-16T16:47:50.599+0000] {logging_mixin.py:188} INFO - [2026-05-16T16:47:50.598+0000] {dag.py:3089} INFO - Sync 1 DAGs
[2026-05-16T16:47:50.607+0000] {logging_mixin.py:188} INFO - [2026-05-16T16:47:50.607+0000] {dag.py:3947} INFO - Setting next_dagrun for example_branch_dop_operator_v3 to 2026-05-16 16:46:00+00:00, run_after=2026-05-16 16:47:00+00:00
[2026-05-16T16:47:50.613+0000] {processor.py:183} INFO - Processing /home/airflow/.local/lib/python3.12/site-packages/airflow/example_dags/example_branch_python_dop_operator_3.py took 0.031 seconds
[2026-05-16T16:48:21.141+0000] {processor.py:161} INFO - Started process (PID=2807) to work on /home/airflow/.local/lib/python3.12/site-packages/airflow/example_dags/example_branch_python_dop_operator_3.py
[2026-05-16T16:48:21.142+0000] {processor.py:830} INFO - Processing file /home/airflow/.local/lib/python3.12/site-packages/airflow/example_dags/example_branch_python_dop_operator_3.py for tasks to queue
[2026-05-16T16:48:21.143+0000] {logging_mixin.py:188} INFO - [2026-05-16T16:48:21.143+0000] {dagbag.py:545} INFO - Filling up the DagBag from /home/airflow/.local/lib/python3.12/site-packages/airflow/example_dags/example_branch_python_dop_operator_3.py
[2026-05-16T16:48:21.148+0000] {processor.py:840} INFO - DAG(s) 'example_branch_dop_operator_v3' retrieved from /home/airflow/.local/lib/python3.12/site-packages/airflow/example_dags/example_branch_python_dop_operator_3.py
[2026-05-16T16:48:21.157+0000] {logging_mixin.py:188} INFO - [2026-05-16T16:48:21.157+0000] {dag.py:3089} INFO - Sync 1 DAGs
[2026-05-16T16:48:21.165+0000] {logging_mixin.py:188} INFO - [2026-05-16T16:48:21.165+0000] {dag.py:3947} INFO - Setting next_dagrun for example_branch_dop_operator_v3 to 2026-05-16 16:47:00+00:00, run_after=2026-05-16 16:48:00+00:00
[2026-05-16T16:48:21.172+0000] {processor.py:183} INFO - Processing /home/airflow/.local/lib/python3.12/site-packages/airflow/example_dags/example_branch_python_dop_operator_3.py took 0.034 seconds
[2026-05-16T16:48:51.694+0000] {processor.py:161} INFO - Started process (PID=2869) to work on /home/airflow/.local/lib/python3.12/site-packages/airflow/example_dags/example_branch_python_dop_operator_3.py
[2026-05-16T16:48:51.694+0000] {processor.py:830} INFO - Processing file /home/airflow/.local/lib/python3.12/site-packages/airflow/example_dags/example_branch_python_dop_operator_3.py for tasks to queue
[2026-05-16T16:48:51.695+0000] {logging_mixin.py:188} INFO - [2026-05-16T16:48:51.695+0000] {dagbag.py:545} INFO - Filling up the DagBag from /home/airflow/.local/lib/python3.12/site-packages/airflow/example_dags/example_branch_python_dop_operator_3.py
[2026-05-16T16:48:51.701+0000] {processor.py:840} INFO - DAG(s) 'example_branch_dop_operator_v3' retrieved from /home/airflow/.local/lib/python3.12/site-packages/airflow/example_dags/example_branch_python_dop_operator_3.py
[2026-05-16T16:48:51.710+0000] {logging_mixin.py:188} INFO - [2026-05-16T16:48:51.710+0000] {dag.py:3089} INFO - Sync 1 DAGs
[2026-05-16T16:48:51.718+0000] {logging_mixin.py:188} INFO - [2026-05-16T16:48:51.718+0000] {dag.py:3947} INFO - Setting next_dagrun for example_branch_dop_operator_v3 to 2026-05-16 16:47:00+00:00, run_after=2026-05-16 16:48:00+00:00
[2026-05-16T16:48:51.724+0000] {processor.py:183} INFO - Processing /home/airflow/.local/lib/python3.12/site-packages/airflow/example_dags/example_branch_python_dop_operator_3.py took 0.033 seconds
[2026-05-16T16:49:22.613+0000] {processor.py:161} INFO - Started process (PID=2931) to work on /home/airflow/.local/lib/python3.12/site-packages/airflow/example_dags/example_branch_python_dop_operator_3.py
[2026-05-16T16:49:22.614+0000] {processor.py:830} INFO - Processing file /home/airflow/.local/lib/python3.12/site-packages/airflow/example_dags/example_branch_python_dop_operator_3.py for tasks to queue
[2026-05-16T16:49:22.616+0000] {logging_mixin.py:188} INFO - [2026-05-16T16:49:22.615+0000] {dagbag.py:545} INFO - Filling up the DagBag from /home/airflow/.local/lib/python3.12/site-packages/airflow/example_dags/example_branch_python_dop_operator_3.py
[2026-05-16T16:49:22.620+0000] {processor.py:840} INFO - DAG(s) 'example_branch_dop_operator_v3' retrieved from /home/airflow/.local/lib/python3.12/site-packages/airflow/example_dags/example_branch_python_dop_operator_3.py
[2026-05-16T16:49:22.641+0000] {logging_mixin.py:188} INFO - [2026-05-16T16:49:22.641+0000] {dag.py:3089} INFO - Sync 1 DAGs
[2026-05-16T16:49:22.651+0000] {logging_mixin.py:188} INFO - [2026-05-16T16:49:22.651+0000] {dag.py:3947} INFO - Setting next_dagrun for example_branch_dop_operator_v3 to 2026-05-16 16:48:00+00:00, run_after=2026-05-16 16:49:00+00:00
[2026-05-16T16:49:22.657+0000] {processor.py:183} INFO - Processing /home/airflow/.local/lib/python3.12/site-packages/airflow/example_dags/example_branch_python_dop_operator_3.py took 0.047 seconds
[2026-05-16T16:49:53.538+0000] {processor.py:161} INFO - Started process (PID=2993) to work on /home/airflow/.local/lib/python3.12/site-packages/airflow/example_dags/example_branch_python_dop_operator_3.py
[2026-05-16T16:49:53.538+0000] {processor.py:830} INFO - Processing file /home/airflow/.local/lib/python3.12/site-packages/airflow/example_dags/example_branch_python_dop_operator_3.py for tasks to queue
[2026-05-16T16:49:53.539+0000] {logging_mixin.py:188} INFO - [2026-05-16T16:49:53.539+0000] {dagbag.py:545} INFO - Filling up the DagBag from /home/airflow/.local/lib/python3.12/site-packages/airflow/example_dags/example_branch_python_dop_operator_3.py
[2026-05-16T16:49:53.543+0000] {processor.py:840} INFO - DAG(s) 'example_branch_dop_operator_v3' retrieved from /home/airflow/.local/lib/python3.12/site-packages/airflow/example_dags/example_branch_python_dop_operator_3.py
[2026-05-16T16:49:53.550+0000] {logging_mixin.py:188} INFO - [2026-05-16T16:49:53.550+0000] {dag.py:3089} INFO - Sync 1 DAGs
[2026-05-16T16:49:53.560+0000] {logging_mixin.py:188} INFO - [2026-05-16T16:49:53.560+0000] {dag.py:3947} INFO - Setting next_dagrun for example_branch_dop_operator_v3 to 2026-05-16 16:48:00+00:00, run_after=2026-05-16 16:49:00+00:00
[2026-05-16T16:49:53.566+0000] {processor.py:183} INFO - Processing /home/airflow/.local/lib/python3.12/site-packages/airflow/example_dags/example_branch_python_dop_operator_3.py took 0.030 seconds
[2026-05-16T16:50:23.578+0000] {processor.py:161} INFO - Started process (PID=3054) to work on /home/airflow/.local/lib/python3.12/site-packages/airflow/example_dags/example_branch_python_dop_operator_3.py
[2026-05-16T16:50:23.578+0000] {processor.py:830} INFO - Processing file /home/airflow/.local/lib/python3.12/site-packages/airflow/example_dags/example_branch_python_dop_operator_3.py for tasks to queue
[2026-05-16T16:50:23.579+0000] {logging_mixin.py:188} INFO - [2026-05-16T16:50:23.579+0000] {dagbag.py:545} INFO - Filling up the DagBag from /home/airflow/.local/lib/python3.12/site-packages/airflow/example_dags/example_branch_python_dop_operator_3.py
[2026-05-16T16:50:23.583+0000] {processor.py:840} INFO - DAG(s) 'example_branch_dop_operator_v3' retrieved from /home/airflow/.local/lib/python3.12/site-packages/airflow/example_dags/example_branch_python_dop_operator_3.py
[2026-05-16T16:50:23.590+0000] {logging_mixin.py:188} INFO - [2026-05-16T16:50:23.590+0000] {dag.py:3089} INFO - Sync 1 DAGs
[2026-05-16T16:50:23.599+0000] {logging_mixin.py:188} INFO - [2026-05-16T16:50:23.599+0000] {dag.py:3947} INFO - Setting next_dagrun for example_branch_dop_operator_v3 to 2026-05-16 16:49:00+00:00, run_after=2026-05-16 16:50:00+00:00
[2026-05-16T16:50:23.606+0000] {processor.py:183} INFO - Processing /home/airflow/.local/lib/python3.12/site-packages/airflow/example_dags/example_branch_python_dop_operator_3.py took 0.030 seconds
[2026-05-16T16:50:54.620+0000] {processor.py:161} INFO - Started process (PID=3116) to work on /home/airflow/.local/lib/python3.12/site-packages/airflow/example_dags/example_branch_python_dop_operator_3.py
[2026-05-16T16:50:54.620+0000] {processor.py:830} INFO - Processing file /home/airflow/.local/lib/python3.12/site-packages/airflow/example_dags/example_branch_python_dop_operator_3.py for tasks to queue
[2026-05-16T16:50:54.621+0000] {logging_mixin.py:188} INFO - [2026-05-16T16:50:54.621+0000] {dagbag.py:545} INFO - Filling up the DagBag from /home/airflow/.local/lib/python3.12/site-packages/airflow/example_dags/example_branch_python_dop_operator_3.py
[2026-05-16T16:50:54.625+0000] {processor.py:840} INFO - DAG(s) 'example_branch_dop_operator_v3' retrieved from /home/airflow/.local/lib/python3.12/site-packages/airflow/example_dags/example_branch_python_dop_operator_3.py
[2026-05-16T16:50:54.633+0000] {logging_mixin.py:188} INFO - [2026-05-16T16:50:54.633+0000] {dag.py:3089} INFO - Sync 1 DAGs
[2026-05-16T16:50:54.641+0000] {logging_mixin.py:188} INFO - [2026-05-16T16:50:54.641+0000] {dag.py:3947} INFO - Setting next_dagrun for example_branch_dop_operator_v3 to 2026-05-16 16:49:00+00:00, run_after=2026-05-16 16:50:00+00:00
[2026-05-16T16:50:54.646+0000] {processor.py:183} INFO - Processing /home/airflow/.local/lib/python3.12/site-packages/airflow/example_dags/example_branch_python_dop_operator_3.py took 0.029 seconds
[2026-05-16T16:51:25.368+0000] {processor.py:161} INFO - Started process (PID=3178) to work on /home/airflow/.local/lib/python3.12/site-packages/airflow/example_dags/example_branch_python_dop_operator_3.py
[2026-05-16T16:51:25.369+0000] {processor.py:830} INFO - Processing file /home/airflow/.local/lib/python3.12/site-packages/airflow/example_dags/example_branch_python_dop_operator_3.py for tasks to queue
[2026-05-16T16:51:25.370+0000] {logging_mixin.py:188} INFO - [2026-05-16T16:51:25.370+0000] {dagbag.py:545} INFO - Filling up the DagBag from /home/airflow/.local/lib/python3.12/site-packages/airflow/example_dags/example_branch_python_dop_operator_3.py
[2026-05-16T16:51:25.373+0000] {processor.py:840} INFO - DAG(s) 'example_branch_dop_operator_v3' retrieved from /home/airflow/.local/lib/python3.12/site-packages/airflow/example_dags/example_branch_python_dop_operator_3.py
[2026-05-16T16:51:25.385+0000] {logging_mixin.py:188} INFO - [2026-05-16T16:51:25.385+0000] {dag.py:3089} INFO - Sync 1 DAGs
[2026-05-16T16:51:25.396+0000] {logging_mixin.py:188} INFO - [2026-05-16T16:51:25.396+0000] {dag.py:3947} INFO - Setting next_dagrun for example_branch_dop_operator_v3 to 2026-05-16 16:50:00+00:00, run_after=2026-05-16 16:51:00+00:00
[2026-05-16T16:51:25.405+0000] {processor.py:183} INFO - Processing /home/airflow/.local/lib/python3.12/site-packages/airflow/example_dags/example_branch_python_dop_operator_3.py took 0.040 seconds
[2026-05-16T16:51:56.122+0000] {processor.py:161} INFO - Started process (PID=3240) to work on /home/airflow/.local/lib/python3.12/site-packages/airflow/example_dags/example_branch_python_dop_operator_3.py
[2026-05-16T16:51:56.122+0000] {processor.py:830} INFO - Processing file /home/airflow/.local/lib/python3.12/site-packages/airflow/example_dags/example_branch_python_dop_operator_3.py for tasks to queue
[2026-05-16T16:51:56.123+0000] {logging_mixin.py:188} INFO - [2026-05-16T16:51:56.123+0000] {dagbag.py:545} INFO - Filling up the DagBag from /home/airflow/.local/lib/python3.12/site-packages/airflow/example_dags/example_branch_python_dop_operator_3.py
[2026-05-16T16:51:56.127+0000] {processor.py:840} INFO - DAG(s) 'example_branch_dop_operator_v3' retrieved from /home/airflow/.local/lib/python3.12/site-packages/airflow/example_dags/example_branch_python_dop_operator_3.py
[2026-05-16T16:51:56.135+0000] {logging_mixin.py:188} INFO - [2026-05-16T16:51:56.135+0000] {dag.py:3089} INFO - Sync 1 DAGs
[2026-05-16T16:51:56.144+0000] {logging_mixin.py:188} INFO - [2026-05-16T16:51:56.144+0000] {dag.py:3947} INFO - Setting next_dagrun for example_branch_dop_operator_v3 to 2026-05-16 16:50:00+00:00, run_after=2026-05-16 16:51:00+00:00
[2026-05-16T16:51:56.149+0000] {processor.py:183} INFO - Processing /home/airflow/.local/lib/python3.12/site-packages/airflow/example_dags/example_branch_python_dop_operator_3.py took 0.030 seconds
[2026-05-16T16:52:26.976+0000] {processor.py:161} INFO - Started process (PID=3301) to work on /home/airflow/.local/lib/python3.12/site-packages/airflow/example_dags/example_branch_python_dop_operator_3.py
[2026-05-16T16:52:26.976+0000] {processor.py:830} INFO - Processing file /home/airflow/.local/lib/python3.12/site-packages/airflow/example_dags/example_branch_python_dop_operator_3.py for tasks to queue
[2026-05-16T16:52:26.977+0000] {logging_mixin.py:188} INFO - [2026-05-16T16:52:26.977+0000] {dagbag.py:545} INFO - Filling up the DagBag from /home/airflow/.local/lib/python3.12/site-packages/airflow/example_dags/example_branch_python_dop_operator_3.py
[2026-05-16T16:52:26.981+0000] {processor.py:840} INFO - DAG(s) 'example_branch_dop_operator_v3' retrieved from /home/airflow/.local/lib/python3.12/site-packages/airflow/example_dags/example_branch_python_dop_operator_3.py
[2026-05-16T16:52:26.991+0000] {logging_mixin.py:188} INFO - [2026-05-16T16:52:26.991+0000] {dag.py:3089} INFO - Sync 1 DAGs
[2026-05-16T16:52:27.000+0000] {logging_mixin.py:188} INFO - [2026-05-16T16:52:27.000+0000] {dag.py:3947} INFO - Setting next_dagrun for example_branch_dop_operator_v3 to 2026-05-16 16:51:00+00:00, run_after=2026-05-16 16:52:00+00:00
[2026-05-16T16:52:27.007+0000] {processor.py:183} INFO - Processing /home/airflow/.local/lib/python3.12/site-packages/airflow/example_dags/example_branch_python_dop_operator_3.py took 0.034 seconds
[2026-05-16T16:52:57.039+0000] {processor.py:161} INFO - Started process (PID=3363) to work on /home/airflow/.local/lib/python3.12/site-packages/airflow/example_dags/example_branch_python_dop_operator_3.py
[2026-05-16T16:52:57.040+0000] {processor.py:830} INFO - Processing file /home/airflow/.local/lib/python3.12/site-packages/airflow/example_dags/example_branch_python_dop_operator_3.py for tasks to queue
[2026-05-16T16:52:57.040+0000] {logging_mixin.py:188} INFO - [2026-05-16T16:52:57.040+0000] {dagbag.py:545} INFO - Filling up the DagBag from /home/airflow/.local/lib/python3.12/site-packages/airflow/example_dags/example_branch_python_dop_operator_3.py
[2026-05-16T16:52:57.044+0000] {processor.py:840} INFO - DAG(s) 'example_branch_dop_operator_v3' retrieved from /home/airflow/.local/lib/python3.12/site-packages/airflow/example_dags/example_branch_python_dop_operator_3.py
[2026-05-16T16:52:57.053+0000] {logging_mixin.py:188} INFO - [2026-05-16T16:52:57.052+0000] {dag.py:3089} INFO - Sync 1 DAGs
[2026-05-16T16:52:57.062+0000] {logging_mixin.py:188} INFO - [2026-05-16T16:52:57.062+0000] {dag.py:3947} INFO - Setting next_dagrun for example_branch_dop_operator_v3 to 2026-05-16 16:51:00+00:00, run_after=2026-05-16 16:52:00+00:00
[2026-05-16T16:52:57.068+0000] {processor.py:183} INFO - Processing /home/airflow/.local/lib/python3.12/site-packages/airflow/example_dags/example_branch_python_dop_operator_3.py took 0.032 seconds
[2026-05-16T16:53:28.031+0000] {processor.py:161} INFO - Started process (PID=3430) to work on /home/airflow/.local/lib/python3.12/site-packages/airflow/example_dags/example_branch_python_dop_operator_3.py
[2026-05-16T16:53:28.032+0000] {processor.py:830} INFO - Processing file /home/airflow/.local/lib/python3.12/site-packages/airflow/example_dags/example_branch_python_dop_operator_3.py for tasks to queue
[2026-05-16T16:53:28.033+0000] {logging_mixin.py:188} INFO - [2026-05-16T16:53:28.033+0000] {dagbag.py:545} INFO - Filling up the DagBag from /home/airflow/.local/lib/python3.12/site-packages/airflow/example_dags/example_branch_python_dop_operator_3.py
[2026-05-16T16:53:28.037+0000] {processor.py:840} INFO - DAG(s) 'example_branch_dop_operator_v3' retrieved from /home/airflow/.local/lib/python3.12/site-packages/airflow/example_dags/example_branch_python_dop_operator_3.py
[2026-05-16T16:53:28.045+0000] {logging_mixin.py:188} INFO - [2026-05-16T16:53:28.045+0000] {dag.py:3089} INFO - Sync 1 DAGs
[2026-05-16T16:53:28.054+0000] {logging_mixin.py:188} INFO - [2026-05-16T16:53:28.054+0000] {dag.py:3947} INFO - Setting next_dagrun for example_branch_dop_operator_v3 to 2026-05-16 16:52:00+00:00, run_after=2026-05-16 16:53:00+00:00
[2026-05-16T16:53:28.061+0000] {processor.py:183} INFO - Processing /home/airflow/.local/lib/python3.12/site-packages/airflow/example_dags/example_branch_python_dop_operator_3.py took 0.032 seconds
[2026-05-16T16:53:58.842+0000] {processor.py:161} INFO - Started process (PID=3492) to work on /home/airflow/.local/lib/python3.12/site-packages/airflow/example_dags/example_branch_python_dop_operator_3.py
[2026-05-16T16:53:58.842+0000] {processor.py:830} INFO - Processing file /home/airflow/.local/lib/python3.12/site-packages/airflow/example_dags/example_branch_python_dop_operator_3.py for tasks to queue
[2026-05-16T16:53:58.843+0000] {logging_mixin.py:188} INFO - [2026-05-16T16:53:58.843+0000] {dagbag.py:545} INFO - Filling up the DagBag from /home/airflow/.local/lib/python3.12/site-packages/airflow/example_dags/example_branch_python_dop_operator_3.py
[2026-05-16T16:53:58.847+0000] {processor.py:840} INFO - DAG(s) 'example_branch_dop_operator_v3' retrieved from /home/airflow/.local/lib/python3.12/site-packages/airflow/example_dags/example_branch_python_dop_operator_3.py
[2026-05-16T16:53:58.856+0000] {logging_mixin.py:188} INFO - [2026-05-16T16:53:58.856+0000] {dag.py:3089} INFO - Sync 1 DAGs
[2026-05-16T16:53:58.866+0000] {logging_mixin.py:188} INFO - [2026-05-16T16:53:58.866+0000] {dag.py:3947} INFO - Setting next_dagrun for example_branch_dop_operator_v3 to 2026-05-16 16:52:00+00:00, run_after=2026-05-16 16:53:00+00:00
[2026-05-16T16:53:58.876+0000] {processor.py:183} INFO - Processing /home/airflow/.local/lib/python3.12/site-packages/airflow/example_dags/example_branch_python_dop_operator_3.py took 0.036 seconds
[2026-05-16T16:54:29.547+0000] {processor.py:161} INFO - Started process (PID=3554) to work on /home/airflow/.local/lib/python3.12/site-packages/airflow/example_dags/example_branch_python_dop_operator_3.py
[2026-05-16T16:54:29.548+0000] {processor.py:830} INFO - Processing file /home/airflow/.local/lib/python3.12/site-packages/airflow/example_dags/example_branch_python_dop_operator_3.py for tasks to queue
[2026-05-16T16:54:29.549+0000] {logging_mixin.py:188} INFO - [2026-05-16T16:54:29.548+0000] {dagbag.py:545} INFO - Filling up the DagBag from /home/airflow/.local/lib/python3.12/site-packages/airflow/example_dags/example_branch_python_dop_operator_3.py
[2026-05-16T16:54:29.552+0000] {processor.py:840} INFO - DAG(s) 'example_branch_dop_operator_v3' retrieved from /home/airflow/.local/lib/python3.12/site-packages/airflow/example_dags/example_branch_python_dop_operator_3.py
[2026-05-16T16:54:29.561+0000] {logging_mixin.py:188} INFO - [2026-05-16T16:54:29.561+0000] {dag.py:3089} INFO - Sync 1 DAGs
[2026-05-16T16:54:29.571+0000] {logging_mixin.py:188} INFO - [2026-05-16T16:54:29.571+0000] {dag.py:3947} INFO - Setting next_dagrun for example_branch_dop_operator_v3 to 2026-05-16 16:53:00+00:00, run_after=2026-05-16 16:54:00+00:00
[2026-05-16T16:54:29.578+0000] {processor.py:183} INFO - Processing /home/airflow/.local/lib/python3.12/site-packages/airflow/example_dags/example_branch_python_dop_operator_3.py took 0.033 seconds
[2026-05-16T16:55:00.212+0000] {processor.py:161} INFO - Started process (PID=3616) to work on /home/airflow/.local/lib/python3.12/site-packages/airflow/example_dags/example_branch_python_dop_operator_3.py
[2026-05-16T16:55:00.212+0000] {processor.py:830} INFO - Processing file /home/airflow/.local/lib/python3.12/site-packages/airflow/example_dags/example_branch_python_dop_operator_3.py for tasks to queue
[2026-05-16T16:55:00.213+0000] {logging_mixin.py:188} INFO - [2026-05-16T16:55:00.213+0000] {dagbag.py:545} INFO - Filling up the DagBag from /home/airflow/.local/lib/python3.12/site-packages/airflow/example_dags/example_branch_python_dop_operator_3.py
[2026-05-16T16:55:00.219+0000] {processor.py:840} INFO - DAG(s) 'example_branch_dop_operator_v3' retrieved from /home/airflow/.local/lib/python3.12/site-packages/airflow/example_dags/example_branch_python_dop_operator_3.py
[2026-05-16T16:55:00.228+0000] {logging_mixin.py:188} INFO - [2026-05-16T16:55:00.228+0000] {dag.py:3089} INFO - Sync 1 DAGs
[2026-05-16T16:55:00.237+0000] {logging_mixin.py:188} INFO - [2026-05-16T16:55:00.237+0000] {dag.py:3947} INFO - Setting next_dagrun for example_branch_dop_operator_v3 to 2026-05-16 16:54:00+00:00, run_after=2026-05-16 16:55:00+00:00
[2026-05-16T16:55:00.242+0000] {processor.py:183} INFO - Processing /home/airflow/.local/lib/python3.12/site-packages/airflow/example_dags/example_branch_python_dop_operator_3.py took 0.033 seconds
[2026-05-16T16:55:30.924+0000] {processor.py:161} INFO - Started process (PID=3677) to work on /home/airflow/.local/lib/python3.12/site-packages/airflow/example_dags/example_branch_python_dop_operator_3.py
[2026-05-16T16:55:30.925+0000] {processor.py:830} INFO - Processing file /home/airflow/.local/lib/python3.12/site-packages/airflow/example_dags/example_branch_python_dop_operator_3.py for tasks to queue
[2026-05-16T16:55:30.926+0000] {logging_mixin.py:188} INFO - [2026-05-16T16:55:30.926+0000] {dagbag.py:545} INFO - Filling up the DagBag from /home/airflow/.local/lib/python3.12/site-packages/airflow/example_dags/example_branch_python_dop_operator_3.py
[2026-05-16T16:55:30.932+0000] {processor.py:840} INFO - DAG(s) 'example_branch_dop_operator_v3' retrieved from /home/airflow/.local/lib/python3.12/site-packages/airflow/example_dags/example_branch_python_dop_operator_3.py
[2026-05-16T16:55:30.941+0000] {logging_mixin.py:188} INFO - [2026-05-16T16:55:30.941+0000] {dag.py:3089} INFO - Sync 1 DAGs
[2026-05-16T16:55:30.952+0000] {logging_mixin.py:188} INFO - [2026-05-16T16:55:30.951+0000] {dag.py:3947} INFO - Setting next_dagrun for example_branch_dop_operator_v3 to 2026-05-16 16:54:00+00:00, run_after=2026-05-16 16:55:00+00:00
[2026-05-16T16:55:30.959+0000] {processor.py:183} INFO - Processing /home/airflow/.local/lib/python3.12/site-packages/airflow/example_dags/example_branch_python_dop_operator_3.py took 0.038 seconds
[2026-05-16T16:56:01.876+0000] {processor.py:161} INFO - Started process (PID=3738) to work on /home/airflow/.local/lib/python3.12/site-packages/airflow/example_dags/example_branch_python_dop_operator_3.py
[2026-05-16T16:56:01.878+0000] {processor.py:830} INFO - Processing file /home/airflow/.local/lib/python3.12/site-packages/airflow/example_dags/example_branch_python_dop_operator_3.py for tasks to queue
[2026-05-16T16:56:01.879+0000] {logging_mixin.py:188} INFO - [2026-05-16T16:56:01.879+0000] {dagbag.py:545} INFO - Filling up the DagBag from /home/airflow/.local/lib/python3.12/site-packages/airflow/example_dags/example_branch_python_dop_operator_3.py
[2026-05-16T16:56:01.892+0000] {processor.py:840} INFO - DAG(s) 'example_branch_dop_operator_v3' retrieved from /home/airflow/.local/lib/python3.12/site-packages/airflow/example_dags/example_branch_python_dop_operator_3.py
[2026-05-16T16:56:01.908+0000] {logging_mixin.py:188} INFO - [2026-05-16T16:56:01.908+0000] {dag.py:3089} INFO - Sync 1 DAGs
[2026-05-16T16:56:01.922+0000] {logging_mixin.py:188} INFO - [2026-05-16T16:56:01.922+0000] {dag.py:3947} INFO - Setting next_dagrun for example_branch_dop_operator_v3 to 2026-05-16 16:55:00+00:00, run_after=2026-05-16 16:56:00+00:00
[2026-05-16T16:56:01.929+0000] {processor.py:183} INFO - Processing /home/airflow/.local/lib/python3.12/site-packages/airflow/example_dags/example_branch_python_dop_operator_3.py took 0.057 seconds
[2026-05-16T16:56:32.831+0000] {processor.py:161} INFO - Started process (PID=3800) to work on /home/airflow/.local/lib/python3.12/site-packages/airflow/example_dags/example_branch_python_dop_operator_3.py
[2026-05-16T16:56:32.832+0000] {processor.py:830} INFO - Processing file /home/airflow/.local/lib/python3.12/site-packages/airflow/example_dags/example_branch_python_dop_operator_3.py for tasks to queue
[2026-05-16T16:56:32.833+0000] {logging_mixin.py:188} INFO - [2026-05-16T16:56:32.832+0000] {dagbag.py:545} INFO - Filling up the DagBag from /home/airflow/.local/lib/python3.12/site-packages/airflow/example_dags/example_branch_python_dop_operator_3.py
[2026-05-16T16:56:32.836+0000] {processor.py:840} INFO - DAG(s) 'example_branch_dop_operator_v3' retrieved from /home/airflow/.local/lib/python3.12/site-packages/airflow/example_dags/example_branch_python_dop_operator_3.py
[2026-05-16T16:56:32.846+0000] {logging_mixin.py:188} INFO - [2026-05-16T16:56:32.846+0000] {dag.py:3089} INFO - Sync 1 DAGs
[2026-05-16T16:56:32.854+0000] {logging_mixin.py:188} INFO - [2026-05-16T16:56:32.854+0000] {dag.py:3947} INFO - Setting next_dagrun for example_branch_dop_operator_v3 to 2026-05-16 16:55:00+00:00, run_after=2026-05-16 16:56:00+00:00
[2026-05-16T16:56:32.860+0000] {processor.py:183} INFO - Processing /home/airflow/.local/lib/python3.12/site-packages/airflow/example_dags/example_branch_python_dop_operator_3.py took 0.031 seconds
[2026-05-16T16:57:03.520+0000] {processor.py:161} INFO - Started process (PID=3862) to work on /home/airflow/.local/lib/python3.12/site-packages/airflow/example_dags/example_branch_python_dop_operator_3.py
[2026-05-16T16:57:03.520+0000] {processor.py:830} INFO - Processing file /home/airflow/.local/lib/python3.12/site-packages/airflow/example_dags/example_branch_python_dop_operator_3.py for tasks to queue
[2026-05-16T16:57:03.521+0000] {logging_mixin.py:188} INFO - [2026-05-16T16:57:03.521+0000] {dagbag.py:545} INFO - Filling up the DagBag from /home/airflow/.local/lib/python3.12/site-packages/airflow/example_dags/example_branch_python_dop_operator_3.py
[2026-05-16T16:57:03.524+0000] {processor.py:840} INFO - DAG(s) 'example_branch_dop_operator_v3' retrieved from /home/airflow/.local/lib/python3.12/site-packages/airflow/example_dags/example_branch_python_dop_operator_3.py
[2026-05-16T16:57:03.534+0000] {logging_mixin.py:188} INFO - [2026-05-16T16:57:03.533+0000] {dag.py:3089} INFO - Sync 1 DAGs
[2026-05-16T16:57:03.543+0000] {logging_mixin.py:188} INFO - [2026-05-16T16:57:03.543+0000] {dag.py:3947} INFO - Setting next_dagrun for example_branch_dop_operator_v3 to 2026-05-16 16:56:00+00:00, run_after=2026-05-16 16:57:00+00:00
[2026-05-16T16:57:03.550+0000] {processor.py:183} INFO - Processing /home/airflow/.local/lib/python3.12/site-packages/airflow/example_dags/example_branch_python_dop_operator_3.py took 0.033 seconds
[2026-05-16T16:57:33.592+0000] {processor.py:161} INFO - Started process (PID=3923) to work on /home/airflow/.local/lib/python3.12/site-packages/airflow/example_dags/example_branch_python_dop_operator_3.py
[2026-05-16T16:57:33.593+0000] {processor.py:830} INFO - Processing file /home/airflow/.local/lib/python3.12/site-packages/airflow/example_dags/example_branch_python_dop_operator_3.py for tasks to queue
[2026-05-16T16:57:33.595+0000] {logging_mixin.py:188} INFO - [2026-05-16T16:57:33.595+0000] {dagbag.py:545} INFO - Filling up the DagBag from /home/airflow/.local/lib/python3.12/site-packages/airflow/example_dags/example_branch_python_dop_operator_3.py
[2026-05-16T16:57:33.598+0000] {processor.py:840} INFO - DAG(s) 'example_branch_dop_operator_v3' retrieved from /home/airflow/.local/lib/python3.12/site-packages/airflow/example_dags/example_branch_python_dop_operator_3.py
[2026-05-16T16:57:33.608+0000] {logging_mixin.py:188} INFO - [2026-05-16T16:57:33.608+0000] {dag.py:3089} INFO - Sync 1 DAGs
[2026-05-16T16:57:33.618+0000] {logging_mixin.py:188} INFO - [2026-05-16T16:57:33.618+0000] {dag.py:3947} INFO - Setting next_dagrun for example_branch_dop_operator_v3 to 2026-05-16 16:56:00+00:00, run_after=2026-05-16 16:57:00+00:00
[2026-05-16T16:57:33.624+0000] {processor.py:183} INFO - Processing /home/airflow/.local/lib/python3.12/site-packages/airflow/example_dags/example_branch_python_dop_operator_3.py took 0.037 seconds
[2026-05-16T16:58:04.391+0000] {processor.py:161} INFO - Started process (PID=3985) to work on /home/airflow/.local/lib/python3.12/site-packages/airflow/example_dags/example_branch_python_dop_operator_3.py
[2026-05-16T16:58:04.392+0000] {processor.py:830} INFO - Processing file /home/airflow/.local/lib/python3.12/site-packages/airflow/example_dags/example_branch_python_dop_operator_3.py for tasks to queue
[2026-05-16T16:58:04.394+0000] {logging_mixin.py:188} INFO - [2026-05-16T16:58:04.394+0000] {dagbag.py:545} INFO - Filling up the DagBag from /home/airflow/.local/lib/python3.12/site-packages/airflow/example_dags/example_branch_python_dop_operator_3.py
[2026-05-16T16:58:04.398+0000] {processor.py:840} INFO - DAG(s) 'example_branch_dop_operator_v3' retrieved from /home/airflow/.local/lib/python3.12/site-packages/airflow/example_dags/example_branch_python_dop_operator_3.py
[2026-05-16T16:58:04.407+0000] {logging_mixin.py:188} INFO - [2026-05-16T16:58:04.406+0000] {dag.py:3089} INFO - Sync 1 DAGs
[2026-05-16T16:58:04.416+0000] {logging_mixin.py:188} INFO - [2026-05-16T16:58:04.415+0000] {dag.py:3947} INFO - Setting next_dagrun for example_branch_dop_operator_v3 to 2026-05-16 16:57:00+00:00, run_after=2026-05-16 16:58:00+00:00
[2026-05-16T16:58:04.421+0000] {processor.py:183} INFO - Processing /home/airflow/.local/lib/python3.12/site-packages/airflow/example_dags/example_branch_python_dop_operator_3.py took 0.033 seconds
[2026-05-16T16:58:35.184+0000] {processor.py:161} INFO - Started process (PID=4046) to work on /home/airflow/.local/lib/python3.12/site-packages/airflow/example_dags/example_branch_python_dop_operator_3.py
[2026-05-16T16:58:35.185+0000] {processor.py:830} INFO - Processing file /home/airflow/.local/lib/python3.12/site-packages/airflow/example_dags/example_branch_python_dop_operator_3.py for tasks to queue
[2026-05-16T16:58:35.186+0000] {logging_mixin.py:188} INFO - [2026-05-16T16:58:35.186+0000] {dagbag.py:545} INFO - Filling up the DagBag from /home/airflow/.local/lib/python3.12/site-packages/airflow/example_dags/example_branch_python_dop_operator_3.py
[2026-05-16T16:58:35.189+0000] {processor.py:840} INFO - DAG(s) 'example_branch_dop_operator_v3' retrieved from /home/airflow/.local/lib/python3.12/site-packages/airflow/example_dags/example_branch_python_dop_operator_3.py
[2026-05-16T16:58:35.198+0000] {logging_mixin.py:188} INFO - [2026-05-16T16:58:35.198+0000] {dag.py:3089} INFO - Sync 1 DAGs
[2026-05-16T16:58:35.207+0000] {logging_mixin.py:188} INFO - [2026-05-16T16:58:35.207+0000] {dag.py:3947} INFO - Setting next_dagrun for example_branch_dop_operator_v3 to 2026-05-16 16:57:00+00:00, run_after=2026-05-16 16:58:00+00:00
[2026-05-16T16:58:35.213+0000] {processor.py:183} INFO - Processing /home/airflow/.local/lib/python3.12/site-packages/airflow/example_dags/example_branch_python_dop_operator_3.py took 0.033 seconds
[2026-05-16T16:59:05.859+0000] {processor.py:161} INFO - Started process (PID=4108) to work on /home/airflow/.local/lib/python3.12/site-packages/airflow/example_dags/example_branch_python_dop_operator_3.py
[2026-05-16T16:59:05.860+0000] {processor.py:830} INFO - Processing file /home/airflow/.local/lib/python3.12/site-packages/airflow/example_dags/example_branch_python_dop_operator_3.py for tasks to queue
[2026-05-16T16:59:05.861+0000] {logging_mixin.py:188} INFO - [2026-05-16T16:59:05.860+0000] {dagbag.py:545} INFO - Filling up the DagBag from /home/airflow/.local/lib/python3.12/site-packages/airflow/example_dags/example_branch_python_dop_operator_3.py
[2026-05-16T16:59:05.865+0000] {processor.py:840} INFO - DAG(s) 'example_branch_dop_operator_v3' retrieved from /home/airflow/.local/lib/python3.12/site-packages/airflow/example_dags/example_branch_python_dop_operator_3.py
[2026-05-16T16:59:05.873+0000] {logging_mixin.py:188} INFO - [2026-05-16T16:59:05.873+0000] {dag.py:3089} INFO - Sync 1 DAGs
[2026-05-16T16:59:05.882+0000] {logging_mixin.py:188} INFO - [2026-05-16T16:59:05.882+0000] {dag.py:3947} INFO - Setting next_dagrun for example_branch_dop_operator_v3 to 2026-05-16 16:58:00+00:00, run_after=2026-05-16 16:59:00+00:00
[2026-05-16T16:59:05.887+0000] {processor.py:183} INFO - Processing /home/airflow/.local/lib/python3.12/site-packages/airflow/example_dags/example_branch_python_dop_operator_3.py took 0.031 seconds
[2026-05-16T16:59:36.642+0000] {processor.py:161} INFO - Started process (PID=4170) to work on /home/airflow/.local/lib/python3.12/site-packages/airflow/example_dags/example_branch_python_dop_operator_3.py
[2026-05-16T16:59:36.643+0000] {processor.py:830} INFO - Processing file /home/airflow/.local/lib/python3.12/site-packages/airflow/example_dags/example_branch_python_dop_operator_3.py for tasks to queue
[2026-05-16T16:59:36.644+0000] {logging_mixin.py:188} INFO - [2026-05-16T16:59:36.643+0000] {dagbag.py:545} INFO - Filling up the DagBag from /home/airflow/.local/lib/python3.12/site-packages/airflow/example_dags/example_branch_python_dop_operator_3.py
[2026-05-16T16:59:36.649+0000] {processor.py:840} INFO - DAG(s) 'example_branch_dop_operator_v3' retrieved from /home/airflow/.local/lib/python3.12/site-packages/airflow/example_dags/example_branch_python_dop_operator_3.py
[2026-05-16T16:59:36.658+0000] {logging_mixin.py:188} INFO - [2026-05-16T16:59:36.658+0000] {dag.py:3089} INFO - Sync 1 DAGs
[2026-05-16T16:59:36.667+0000] {logging_mixin.py:188} INFO - [2026-05-16T16:59:36.667+0000] {dag.py:3947} INFO - Setting next_dagrun for example_branch_dop_operator_v3 to 2026-05-16 16:58:00+00:00, run_after=2026-05-16 16:59:00+00:00
[2026-05-16T16:59:36.673+0000] {processor.py:183} INFO - Processing /home/airflow/.local/lib/python3.12/site-packages/airflow/example_dags/example_branch_python_dop_operator_3.py took 0.033 seconds
[2026-05-16T17:00:07.329+0000] {processor.py:161} INFO - Started process (PID=4232) to work on /home/airflow/.local/lib/python3.12/site-packages/airflow/example_dags/example_branch_python_dop_operator_3.py
[2026-05-16T17:00:07.329+0000] {processor.py:830} INFO - Processing file /home/airflow/.local/lib/python3.12/site-packages/airflow/example_dags/example_branch_python_dop_operator_3.py for tasks to queue
[2026-05-16T17:00:07.330+0000] {logging_mixin.py:188} INFO - [2026-05-16T17:00:07.330+0000] {dagbag.py:545} INFO - Filling up the DagBag from /home/airflow/.local/lib/python3.12/site-packages/airflow/example_dags/example_branch_python_dop_operator_3.py
[2026-05-16T17:00:07.334+0000] {processor.py:840} INFO - DAG(s) 'example_branch_dop_operator_v3' retrieved from /home/airflow/.local/lib/python3.12/site-packages/airflow/example_dags/example_branch_python_dop_operator_3.py
[2026-05-16T17:00:07.342+0000] {logging_mixin.py:188} INFO - [2026-05-16T17:00:07.342+0000] {dag.py:3089} INFO - Sync 1 DAGs
[2026-05-16T17:00:07.355+0000] {logging_mixin.py:188} INFO - [2026-05-16T17:00:07.355+0000] {dag.py:3947} INFO - Setting next_dagrun for example_branch_dop_operator_v3 to 2026-05-16 16:59:00+00:00, run_after=2026-05-16 17:00:00+00:00
[2026-05-16T17:00:07.364+0000] {processor.py:183} INFO - Processing /home/airflow/.local/lib/python3.12/site-packages/airflow/example_dags/example_branch_python_dop_operator_3.py took 0.039 seconds
[2026-05-16T17:00:38.106+0000] {processor.py:161} INFO - Started process (PID=4294) to work on /home/airflow/.local/lib/python3.12/site-packages/airflow/example_dags/example_branch_python_dop_operator_3.py
[2026-05-16T17:00:38.107+0000] {processor.py:830} INFO - Processing file /home/airflow/.local/lib/python3.12/site-packages/airflow/example_dags/example_branch_python_dop_operator_3.py for tasks to queue
[2026-05-16T17:00:38.107+0000] {logging_mixin.py:188} INFO - [2026-05-16T17:00:38.107+0000] {dagbag.py:545} INFO - Filling up the DagBag from /home/airflow/.local/lib/python3.12/site-packages/airflow/example_dags/example_branch_python_dop_operator_3.py
[2026-05-16T17:00:38.111+0000] {processor.py:840} INFO - DAG(s) 'example_branch_dop_operator_v3' retrieved from /home/airflow/.local/lib/python3.12/site-packages/airflow/example_dags/example_branch_python_dop_operator_3.py
[2026-05-16T17:00:38.121+0000] {logging_mixin.py:188} INFO - [2026-05-16T17:00:38.121+0000] {dag.py:3089} INFO - Sync 1 DAGs
[2026-05-16T17:00:38.130+0000] {logging_mixin.py:188} INFO - [2026-05-16T17:00:38.130+0000] {dag.py:3947} INFO - Setting next_dagrun for example_branch_dop_operator_v3 to 2026-05-16 16:59:00+00:00, run_after=2026-05-16 17:00:00+00:00
[2026-05-16T17:00:38.138+0000] {processor.py:183} INFO - Processing /home/airflow/.local/lib/python3.12/site-packages/airflow/example_dags/example_branch_python_dop_operator_3.py took 0.034 seconds
[2026-05-16T17:01:08.819+0000] {processor.py:161} INFO - Started process (PID=4356) to work on /home/airflow/.local/lib/python3.12/site-packages/airflow/example_dags/example_branch_python_dop_operator_3.py
[2026-05-16T17:01:08.820+0000] {processor.py:830} INFO - Processing file /home/airflow/.local/lib/python3.12/site-packages/airflow/example_dags/example_branch_python_dop_operator_3.py for tasks to queue
[2026-05-16T17:01:08.820+0000] {logging_mixin.py:188} INFO - [2026-05-16T17:01:08.820+0000] {dagbag.py:545} INFO - Filling up the DagBag from /home/airflow/.local/lib/python3.12/site-packages/airflow/example_dags/example_branch_python_dop_operator_3.py
[2026-05-16T17:01:08.824+0000] {processor.py:840} INFO - DAG(s) 'example_branch_dop_operator_v3' retrieved from /home/airflow/.local/lib/python3.12/site-packages/airflow/example_dags/example_branch_python_dop_operator_3.py
[2026-05-16T17:01:08.833+0000] {logging_mixin.py:188} INFO - [2026-05-16T17:01:08.833+0000] {dag.py:3089} INFO - Sync 1 DAGs
[2026-05-16T17:01:08.842+0000] {logging_mixin.py:188} INFO - [2026-05-16T17:01:08.842+0000] {dag.py:3947} INFO - Setting next_dagrun for example_branch_dop_operator_v3 to 2026-05-16 17:00:00+00:00, run_after=2026-05-16 17:01:00+00:00
[2026-05-16T17:01:08.848+0000] {processor.py:183} INFO - Processing /home/airflow/.local/lib/python3.12/site-packages/airflow/example_dags/example_branch_python_dop_operator_3.py took 0.032 seconds
[2026-05-16T17:01:39.539+0000] {processor.py:161} INFO - Started process (PID=4418) to work on /home/airflow/.local/lib/python3.12/site-packages/airflow/example_dags/example_branch_python_dop_operator_3.py
[2026-05-16T17:01:39.541+0000] {processor.py:830} INFO - Processing file /home/airflow/.local/lib/python3.12/site-packages/airflow/example_dags/example_branch_python_dop_operator_3.py for tasks to queue
[2026-05-16T17:01:39.541+0000] {logging_mixin.py:188} INFO - [2026-05-16T17:01:39.541+0000] {dagbag.py:545} INFO - Filling up the DagBag from /home/airflow/.local/lib/python3.12/site-packages/airflow/example_dags/example_branch_python_dop_operator_3.py
[2026-05-16T17:01:39.545+0000] {processor.py:840} INFO - DAG(s) 'example_branch_dop_operator_v3' retrieved from /home/airflow/.local/lib/python3.12/site-packages/airflow/example_dags/example_branch_python_dop_operator_3.py
[2026-05-16T17:01:39.553+0000] {logging_mixin.py:188} INFO - [2026-05-16T17:01:39.553+0000] {dag.py:3089} INFO - Sync 1 DAGs
[2026-05-16T17:01:39.561+0000] {logging_mixin.py:188} INFO - [2026-05-16T17:01:39.561+0000] {dag.py:3947} INFO - Setting next_dagrun for example_branch_dop_operator_v3 to 2026-05-16 17:00:00+00:00, run_after=2026-05-16 17:01:00+00:00
[2026-05-16T17:01:39.567+0000] {processor.py:183} INFO - Processing /home/airflow/.local/lib/python3.12/site-packages/airflow/example_dags/example_branch_python_dop_operator_3.py took 0.031 seconds
[2026-05-16T17:02:10.210+0000] {processor.py:161} INFO - Started process (PID=4480) to work on /home/airflow/.local/lib/python3.12/site-packages/airflow/example_dags/example_branch_python_dop_operator_3.py
[2026-05-16T17:02:10.211+0000] {processor.py:830} INFO - Processing file /home/airflow/.local/lib/python3.12/site-packages/airflow/example_dags/example_branch_python_dop_operator_3.py for tasks to queue
[2026-05-16T17:02:10.212+0000] {logging_mixin.py:188} INFO - [2026-05-16T17:02:10.212+0000] {dagbag.py:545} INFO - Filling up the DagBag from /home/airflow/.local/lib/python3.12/site-packages/airflow/example_dags/example_branch_python_dop_operator_3.py
[2026-05-16T17:02:10.215+0000] {processor.py:840} INFO - DAG(s) 'example_branch_dop_operator_v3' retrieved from /home/airflow/.local/lib/python3.12/site-packages/airflow/example_dags/example_branch_python_dop_operator_3.py
[2026-05-16T17:02:10.224+0000] {logging_mixin.py:188} INFO - [2026-05-16T17:02:10.224+0000] {dag.py:3089} INFO - Sync 1 DAGs
[2026-05-16T17:02:10.232+0000] {logging_mixin.py:188} INFO - [2026-05-16T17:02:10.232+0000] {dag.py:3947} INFO - Setting next_dagrun for example_branch_dop_operator_v3 to 2026-05-16 17:01:00+00:00, run_after=2026-05-16 17:02:00+00:00
[2026-05-16T17:02:10.238+0000] {processor.py:183} INFO - Processing /home/airflow/.local/lib/python3.12/site-packages/airflow/example_dags/example_branch_python_dop_operator_3.py took 0.030 seconds
[2026-05-16T17:02:40.808+0000] {processor.py:161} INFO - Started process (PID=4542) to work on /home/airflow/.local/lib/python3.12/site-packages/airflow/example_dags/example_branch_python_dop_operator_3.py
[2026-05-16T17:02:40.808+0000] {processor.py:830} INFO - Processing file /home/airflow/.local/lib/python3.12/site-packages/airflow/example_dags/example_branch_python_dop_operator_3.py for tasks to queue
[2026-05-16T17:02:40.809+0000] {logging_mixin.py:188} INFO - [2026-05-16T17:02:40.809+0000] {dagbag.py:545} INFO - Filling up the DagBag from /home/airflow/.local/lib/python3.12/site-packages/airflow/example_dags/example_branch_python_dop_operator_3.py
[2026-05-16T17:02:40.813+0000] {processor.py:840} INFO - DAG(s) 'example_branch_dop_operator_v3' retrieved from /home/airflow/.local/lib/python3.12/site-packages/airflow/example_dags/example_branch_python_dop_operator_3.py
[2026-05-16T17:02:40.821+0000] {logging_mixin.py:188} INFO - [2026-05-16T17:02:40.821+0000] {dag.py:3089} INFO - Sync 1 DAGs
[2026-05-16T17:02:40.829+0000] {logging_mixin.py:188} INFO - [2026-05-16T17:02:40.829+0000] {dag.py:3947} INFO - Setting next_dagrun for example_branch_dop_operator_v3 to 2026-05-16 17:01:00+00:00, run_after=2026-05-16 17:02:00+00:00
[2026-05-16T17:02:40.835+0000] {processor.py:183} INFO - Processing /home/airflow/.local/lib/python3.12/site-packages/airflow/example_dags/example_branch_python_dop_operator_3.py took 0.029 seconds
[2026-05-16T17:03:11.581+0000] {processor.py:161} INFO - Started process (PID=4604) to work on /home/airflow/.local/lib/python3.12/site-packages/airflow/example_dags/example_branch_python_dop_operator_3.py
[2026-05-16T17:03:11.582+0000] {processor.py:830} INFO - Processing file /home/airflow/.local/lib/python3.12/site-packages/airflow/example_dags/example_branch_python_dop_operator_3.py for tasks to queue
[2026-05-16T17:03:11.583+0000] {logging_mixin.py:188} INFO - [2026-05-16T17:03:11.582+0000] {dagbag.py:545} INFO - Filling up the DagBag from /home/airflow/.local/lib/python3.12/site-packages/airflow/example_dags/example_branch_python_dop_operator_3.py
[2026-05-16T17:03:11.586+0000] {processor.py:840} INFO - DAG(s) 'example_branch_dop_operator_v3' retrieved from /home/airflow/.local/lib/python3.12/site-packages/airflow/example_dags/example_branch_python_dop_operator_3.py
[2026-05-16T17:03:11.595+0000] {logging_mixin.py:188} INFO - [2026-05-16T17:03:11.594+0000] {dag.py:3089} INFO - Sync 1 DAGs
[2026-05-16T17:03:11.605+0000] {logging_mixin.py:188} INFO - [2026-05-16T17:03:11.604+0000] {dag.py:3947} INFO - Setting next_dagrun for example_branch_dop_operator_v3 to 2026-05-16 17:02:00+00:00, run_after=2026-05-16 17:03:00+00:00
[2026-05-16T17:03:11.611+0000] {processor.py:183} INFO - Processing /home/airflow/.local/lib/python3.12/site-packages/airflow/example_dags/example_branch_python_dop_operator_3.py took 0.032 seconds
[2026-05-16T17:03:42.183+0000] {processor.py:161} INFO - Started process (PID=4665) to work on /home/airflow/.local/lib/python3.12/site-packages/airflow/example_dags/example_branch_python_dop_operator_3.py
[2026-05-16T17:03:42.184+0000] {processor.py:830} INFO - Processing file /home/airflow/.local/lib/python3.12/site-packages/airflow/example_dags/example_branch_python_dop_operator_3.py for tasks to queue
[2026-05-16T17:03:42.185+0000] {logging_mixin.py:188} INFO - [2026-05-16T17:03:42.185+0000] {dagbag.py:545} INFO - Filling up the DagBag from /home/airflow/.local/lib/python3.12/site-packages/airflow/example_dags/example_branch_python_dop_operator_3.py
[2026-05-16T17:03:42.188+0000] {processor.py:840} INFO - DAG(s) 'example_branch_dop_operator_v3' retrieved from /home/airflow/.local/lib/python3.12/site-packages/airflow/example_dags/example_branch_python_dop_operator_3.py
[2026-05-16T17:03:42.197+0000] {logging_mixin.py:188} INFO - [2026-05-16T17:03:42.197+0000] {dag.py:3089} INFO - Sync 1 DAGs
[2026-05-16T17:03:42.283+0000] {logging_mixin.py:188} INFO - [2026-05-16T17:03:42.283+0000] {dag.py:3947} INFO - Setting next_dagrun for example_branch_dop_operator_v3 to 2026-05-16 17:02:00+00:00, run_after=2026-05-16 17:03:00+00:00
[2026-05-16T17:03:42.289+0000] {processor.py:183} INFO - Processing /home/airflow/.local/lib/python3.12/site-packages/airflow/example_dags/example_branch_python_dop_operator_3.py took 0.109 seconds
[2026-05-16T17:04:12.678+0000] {processor.py:161} INFO - Started process (PID=4727) to work on /home/airflow/.local/lib/python3.12/site-packages/airflow/example_dags/example_branch_python_dop_operator_3.py
[2026-05-16T17:04:12.678+0000] {processor.py:830} INFO - Processing file /home/airflow/.local/lib/python3.12/site-packages/airflow/example_dags/example_branch_python_dop_operator_3.py for tasks to queue
[2026-05-16T17:04:12.679+0000] {logging_mixin.py:188} INFO - [2026-05-16T17:04:12.679+0000] {dagbag.py:545} INFO - Filling up the DagBag from /home/airflow/.local/lib/python3.12/site-packages/airflow/example_dags/example_branch_python_dop_operator_3.py
[2026-05-16T17:04:12.683+0000] {processor.py:840} INFO - DAG(s) 'example_branch_dop_operator_v3' retrieved from /home/airflow/.local/lib/python3.12/site-packages/airflow/example_dags/example_branch_python_dop_operator_3.py
[2026-05-16T17:04:12.692+0000] {logging_mixin.py:188} INFO - [2026-05-16T17:04:12.692+0000] {dag.py:3089} INFO - Sync 1 DAGs
[2026-05-16T17:04:12.778+0000] {logging_mixin.py:188} INFO - [2026-05-16T17:04:12.778+0000] {dag.py:3947} INFO - Setting next_dagrun for example_branch_dop_operator_v3 to 2026-05-16 17:03:00+00:00, run_after=2026-05-16 17:04:00+00:00
[2026-05-16T17:04:12.784+0000] {processor.py:183} INFO - Processing /home/airflow/.local/lib/python3.12/site-packages/airflow/example_dags/example_branch_python_dop_operator_3.py took 0.109 seconds
[2026-05-16T17:04:42.910+0000] {processor.py:161} INFO - Started process (PID=4789) to work on /home/airflow/.local/lib/python3.12/site-packages/airflow/example_dags/example_branch_python_dop_operator_3.py
[2026-05-16T17:04:42.911+0000] {processor.py:830} INFO - Processing file /home/airflow/.local/lib/python3.12/site-packages/airflow/example_dags/example_branch_python_dop_operator_3.py for tasks to queue
[2026-05-16T17:04:42.912+0000] {logging_mixin.py:188} INFO - [2026-05-16T17:04:42.912+0000] {dagbag.py:545} INFO - Filling up the DagBag from /home/airflow/.local/lib/python3.12/site-packages/airflow/example_dags/example_branch_python_dop_operator_3.py
[2026-05-16T17:04:42.918+0000] {processor.py:840} INFO - DAG(s) 'example_branch_dop_operator_v3' retrieved from /home/airflow/.local/lib/python3.12/site-packages/airflow/example_dags/example_branch_python_dop_operator_3.py
[2026-05-16T17:04:42.928+0000] {logging_mixin.py:188} INFO - [2026-05-16T17:04:42.928+0000] {dag.py:3089} INFO - Sync 1 DAGs
[2026-05-16T17:04:42.938+0000] {logging_mixin.py:188} INFO - [2026-05-16T17:04:42.938+0000] {dag.py:3947} INFO - Setting next_dagrun for example_branch_dop_operator_v3 to 2026-05-16 17:03:00+00:00, run_after=2026-05-16 17:04:00+00:00
[2026-05-16T17:04:42.945+0000] {processor.py:183} INFO - Processing /home/airflow/.local/lib/python3.12/site-packages/airflow/example_dags/example_branch_python_dop_operator_3.py took 0.038 seconds
[2026-05-16T17:05:13.687+0000] {processor.py:161} INFO - Started process (PID=4850) to work on /home/airflow/.local/lib/python3.12/site-packages/airflow/example_dags/example_branch_python_dop_operator_3.py
[2026-05-16T17:05:13.688+0000] {processor.py:830} INFO - Processing file /home/airflow/.local/lib/python3.12/site-packages/airflow/example_dags/example_branch_python_dop_operator_3.py for tasks to queue
[2026-05-16T17:05:13.690+0000] {logging_mixin.py:188} INFO - [2026-05-16T17:05:13.690+0000] {dagbag.py:545} INFO - Filling up the DagBag from /home/airflow/.local/lib/python3.12/site-packages/airflow/example_dags/example_branch_python_dop_operator_3.py
[2026-05-16T17:05:13.695+0000] {processor.py:840} INFO - DAG(s) 'example_branch_dop_operator_v3' retrieved from /home/airflow/.local/lib/python3.12/site-packages/airflow/example_dags/example_branch_python_dop_operator_3.py
[2026-05-16T17:05:13.703+0000] {logging_mixin.py:188} INFO - [2026-05-16T17:05:13.703+0000] {dag.py:3089} INFO - Sync 1 DAGs
[2026-05-16T17:05:13.712+0000] {logging_mixin.py:188} INFO - [2026-05-16T17:05:13.711+0000] {dag.py:3947} INFO - Setting next_dagrun for example_branch_dop_operator_v3 to 2026-05-16 17:04:00+00:00, run_after=2026-05-16 17:05:00+00:00
[2026-05-16T17:05:13.718+0000] {processor.py:183} INFO - Processing /home/airflow/.local/lib/python3.12/site-packages/airflow/example_dags/example_branch_python_dop_operator_3.py took 0.036 seconds
[2026-05-16T17:05:44.376+0000] {processor.py:161} INFO - Started process (PID=4911) to work on /home/airflow/.local/lib/python3.12/site-packages/airflow/example_dags/example_branch_python_dop_operator_3.py
[2026-05-16T17:05:44.377+0000] {processor.py:830} INFO - Processing file /home/airflow/.local/lib/python3.12/site-packages/airflow/example_dags/example_branch_python_dop_operator_3.py for tasks to queue
[2026-05-16T17:05:44.378+0000] {logging_mixin.py:188} INFO - [2026-05-16T17:05:44.378+0000] {dagbag.py:545} INFO - Filling up the DagBag from /home/airflow/.local/lib/python3.12/site-packages/airflow/example_dags/example_branch_python_dop_operator_3.py
[2026-05-16T17:05:44.382+0000] {processor.py:840} INFO - DAG(s) 'example_branch_dop_operator_v3' retrieved from /home/airflow/.local/lib/python3.12/site-packages/airflow/example_dags/example_branch_python_dop_operator_3.py
[2026-05-16T17:05:44.392+0000] {logging_mixin.py:188} INFO - [2026-05-16T17:05:44.392+0000] {dag.py:3089} INFO - Sync 1 DAGs
[2026-05-16T17:05:44.401+0000] {logging_mixin.py:188} INFO - [2026-05-16T17:05:44.401+0000] {dag.py:3947} INFO - Setting next_dagrun for example_branch_dop_operator_v3 to 2026-05-16 17:04:00+00:00, run_after=2026-05-16 17:05:00+00:00
[2026-05-16T17:05:44.407+0000] {processor.py:183} INFO - Processing /home/airflow/.local/lib/python3.12/site-packages/airflow/example_dags/example_branch_python_dop_operator_3.py took 0.034 seconds
[2026-05-16T17:06:15.093+0000] {processor.py:161} INFO - Started process (PID=4973) to work on /home/airflow/.local/lib/python3.12/site-packages/airflow/example_dags/example_branch_python_dop_operator_3.py
[2026-05-16T17:06:15.093+0000] {processor.py:830} INFO - Processing file /home/airflow/.local/lib/python3.12/site-packages/airflow/example_dags/example_branch_python_dop_operator_3.py for tasks to queue
[2026-05-16T17:06:15.094+0000] {logging_mixin.py:188} INFO - [2026-05-16T17:06:15.094+0000] {dagbag.py:545} INFO - Filling up the DagBag from /home/airflow/.local/lib/python3.12/site-packages/airflow/example_dags/example_branch_python_dop_operator_3.py
[2026-05-16T17:06:15.098+0000] {processor.py:840} INFO - DAG(s) 'example_branch_dop_operator_v3' retrieved from /home/airflow/.local/lib/python3.12/site-packages/airflow/example_dags/example_branch_python_dop_operator_3.py
[2026-05-16T17:06:15.107+0000] {logging_mixin.py:188} INFO - [2026-05-16T17:06:15.107+0000] {dag.py:3089} INFO - Sync 1 DAGs
[2026-05-16T17:06:15.116+0000] {logging_mixin.py:188} INFO - [2026-05-16T17:06:15.116+0000] {dag.py:3947} INFO - Setting next_dagrun for example_branch_dop_operator_v3 to 2026-05-16 17:05:00+00:00, run_after=2026-05-16 17:06:00+00:00
[2026-05-16T17:06:15.122+0000] {processor.py:183} INFO - Processing /home/airflow/.local/lib/python3.12/site-packages/airflow/example_dags/example_branch_python_dop_operator_3.py took 0.032 seconds
[2026-05-16T17:06:45.864+0000] {processor.py:161} INFO - Started process (PID=5035) to work on /home/airflow/.local/lib/python3.12/site-packages/airflow/example_dags/example_branch_python_dop_operator_3.py
[2026-05-16T17:06:45.864+0000] {processor.py:830} INFO - Processing file /home/airflow/.local/lib/python3.12/site-packages/airflow/example_dags/example_branch_python_dop_operator_3.py for tasks to queue
[2026-05-16T17:06:45.866+0000] {logging_mixin.py:188} INFO - [2026-05-16T17:06:45.865+0000] {dagbag.py:545} INFO - Filling up the DagBag from /home/airflow/.local/lib/python3.12/site-packages/airflow/example_dags/example_branch_python_dop_operator_3.py
[2026-05-16T17:06:45.871+0000] {processor.py:840} INFO - DAG(s) 'example_branch_dop_operator_v3' retrieved from /home/airflow/.local/lib/python3.12/site-packages/airflow/example_dags/example_branch_python_dop_operator_3.py
[2026-05-16T17:06:45.881+0000] {logging_mixin.py:188} INFO - [2026-05-16T17:06:45.881+0000] {dag.py:3089} INFO - Sync 1 DAGs
[2026-05-16T17:06:45.892+0000] {logging_mixin.py:188} INFO - [2026-05-16T17:06:45.892+0000] {dag.py:3947} INFO - Setting next_dagrun for example_branch_dop_operator_v3 to 2026-05-16 17:05:00+00:00, run_after=2026-05-16 17:06:00+00:00
[2026-05-16T17:06:45.899+0000] {processor.py:183} INFO - Processing /home/airflow/.local/lib/python3.12/site-packages/airflow/example_dags/example_branch_python_dop_operator_3.py took 0.038 seconds
[2026-05-16T17:07:16.592+0000] {processor.py:161} INFO - Started process (PID=5096) to work on /home/airflow/.local/lib/python3.12/site-packages/airflow/example_dags/example_branch_python_dop_operator_3.py
[2026-05-16T17:07:16.593+0000] {processor.py:830} INFO - Processing file /home/airflow/.local/lib/python3.12/site-packages/airflow/example_dags/example_branch_python_dop_operator_3.py for tasks to queue
[2026-05-16T17:07:16.593+0000] {logging_mixin.py:188} INFO - [2026-05-16T17:07:16.593+0000] {dagbag.py:545} INFO - Filling up the DagBag from /home/airflow/.local/lib/python3.12/site-packages/airflow/example_dags/example_branch_python_dop_operator_3.py
[2026-05-16T17:07:16.597+0000] {processor.py:840} INFO - DAG(s) 'example_branch_dop_operator_v3' retrieved from /home/airflow/.local/lib/python3.12/site-packages/airflow/example_dags/example_branch_python_dop_operator_3.py
[2026-05-16T17:07:16.608+0000] {logging_mixin.py:188} INFO - [2026-05-16T17:07:16.607+0000] {dag.py:3089} INFO - Sync 1 DAGs
[2026-05-16T17:07:16.616+0000] {logging_mixin.py:188} INFO - [2026-05-16T17:07:16.616+0000] {dag.py:3947} INFO - Setting next_dagrun for example_branch_dop_operator_v3 to 2026-05-16 17:06:00+00:00, run_after=2026-05-16 17:07:00+00:00
[2026-05-16T17:07:16.625+0000] {processor.py:183} INFO - Processing /home/airflow/.local/lib/python3.12/site-packages/airflow/example_dags/example_branch_python_dop_operator_3.py took 0.035 seconds
[2026-05-16T17:07:47.339+0000] {processor.py:161} INFO - Started process (PID=5158) to work on /home/airflow/.local/lib/python3.12/site-packages/airflow/example_dags/example_branch_python_dop_operator_3.py
[2026-05-16T17:07:47.340+0000] {processor.py:830} INFO - Processing file /home/airflow/.local/lib/python3.12/site-packages/airflow/example_dags/example_branch_python_dop_operator_3.py for tasks to queue
[2026-05-16T17:07:47.341+0000] {logging_mixin.py:188} INFO - [2026-05-16T17:07:47.341+0000] {dagbag.py:545} INFO - Filling up the DagBag from /home/airflow/.local/lib/python3.12/site-packages/airflow/example_dags/example_branch_python_dop_operator_3.py
[2026-05-16T17:07:47.345+0000] {processor.py:840} INFO - DAG(s) 'example_branch_dop_operator_v3' retrieved from /home/airflow/.local/lib/python3.12/site-packages/airflow/example_dags/example_branch_python_dop_operator_3.py
[2026-05-16T17:07:47.356+0000] {logging_mixin.py:188} INFO - [2026-05-16T17:07:47.355+0000] {dag.py:3089} INFO - Sync 1 DAGs
[2026-05-16T17:07:47.365+0000] {logging_mixin.py:188} INFO - [2026-05-16T17:07:47.364+0000] {dag.py:3947} INFO - Setting next_dagrun for example_branch_dop_operator_v3 to 2026-05-16 17:06:00+00:00, run_after=2026-05-16 17:07:00+00:00
[2026-05-16T17:07:47.372+0000] {processor.py:183} INFO - Processing /home/airflow/.local/lib/python3.12/site-packages/airflow/example_dags/example_branch_python_dop_operator_3.py took 0.037 seconds
[2026-05-16T17:08:18.296+0000] {processor.py:161} INFO - Started process (PID=5220) to work on /home/airflow/.local/lib/python3.12/site-packages/airflow/example_dags/example_branch_python_dop_operator_3.py
[2026-05-16T17:08:18.296+0000] {processor.py:830} INFO - Processing file /home/airflow/.local/lib/python3.12/site-packages/airflow/example_dags/example_branch_python_dop_operator_3.py for tasks to queue
[2026-05-16T17:08:18.297+0000] {logging_mixin.py:188} INFO - [2026-05-16T17:08:18.297+0000] {dagbag.py:545} INFO - Filling up the DagBag from /home/airflow/.local/lib/python3.12/site-packages/airflow/example_dags/example_branch_python_dop_operator_3.py
[2026-05-16T17:08:18.301+0000] {processor.py:840} INFO - DAG(s) 'example_branch_dop_operator_v3' retrieved from /home/airflow/.local/lib/python3.12/site-packages/airflow/example_dags/example_branch_python_dop_operator_3.py
[2026-05-16T17:08:18.312+0000] {logging_mixin.py:188} INFO - [2026-05-16T17:08:18.312+0000] {dag.py:3089} INFO - Sync 1 DAGs
[2026-05-16T17:08:18.323+0000] {logging_mixin.py:188} INFO - [2026-05-16T17:08:18.323+0000] {dag.py:3947} INFO - Setting next_dagrun for example_branch_dop_operator_v3 to 2026-05-16 17:07:00+00:00, run_after=2026-05-16 17:08:00+00:00
[2026-05-16T17:08:18.330+0000] {processor.py:183} INFO - Processing /home/airflow/.local/lib/python3.12/site-packages/airflow/example_dags/example_branch_python_dop_operator_3.py took 0.038 seconds
[2026-05-16T17:08:48.375+0000] {processor.py:161} INFO - Started process (PID=5282) to work on /home/airflow/.local/lib/python3.12/site-packages/airflow/example_dags/example_branch_python_dop_operator_3.py
[2026-05-16T17:08:48.376+0000] {processor.py:830} INFO - Processing file /home/airflow/.local/lib/python3.12/site-packages/airflow/example_dags/example_branch_python_dop_operator_3.py for tasks to queue
[2026-05-16T17:08:48.377+0000] {logging_mixin.py:188} INFO - [2026-05-16T17:08:48.377+0000] {dagbag.py:545} INFO - Filling up the DagBag from /home/airflow/.local/lib/python3.12/site-packages/airflow/example_dags/example_branch_python_dop_operator_3.py
[2026-05-16T17:08:48.381+0000] {processor.py:840} INFO - DAG(s) 'example_branch_dop_operator_v3' retrieved from /home/airflow/.local/lib/python3.12/site-packages/airflow/example_dags/example_branch_python_dop_operator_3.py
[2026-05-16T17:08:48.391+0000] {logging_mixin.py:188} INFO - [2026-05-16T17:08:48.391+0000] {dag.py:3089} INFO - Sync 1 DAGs
[2026-05-16T17:08:48.403+0000] {logging_mixin.py:188} INFO - [2026-05-16T17:08:48.403+0000] {dag.py:3947} INFO - Setting next_dagrun for example_branch_dop_operator_v3 to 2026-05-16 17:07:00+00:00, run_after=2026-05-16 17:08:00+00:00
[2026-05-16T17:08:48.410+0000] {processor.py:183} INFO - Processing /home/airflow/.local/lib/python3.12/site-packages/airflow/example_dags/example_branch_python_dop_operator_3.py took 0.038 seconds
[2026-05-16T17:09:19.392+0000] {processor.py:161} INFO - Started process (PID=5344) to work on /home/airflow/.local/lib/python3.12/site-packages/airflow/example_dags/example_branch_python_dop_operator_3.py
[2026-05-16T17:09:19.393+0000] {processor.py:830} INFO - Processing file /home/airflow/.local/lib/python3.12/site-packages/airflow/example_dags/example_branch_python_dop_operator_3.py for tasks to queue
[2026-05-16T17:09:19.394+0000] {logging_mixin.py:188} INFO - [2026-05-16T17:09:19.394+0000] {dagbag.py:545} INFO - Filling up the DagBag from /home/airflow/.local/lib/python3.12/site-packages/airflow/example_dags/example_branch_python_dop_operator_3.py
[2026-05-16T17:09:19.397+0000] {processor.py:840} INFO - DAG(s) 'example_branch_dop_operator_v3' retrieved from /home/airflow/.local/lib/python3.12/site-packages/airflow/example_dags/example_branch_python_dop_operator_3.py
[2026-05-16T17:09:19.407+0000] {logging_mixin.py:188} INFO - [2026-05-16T17:09:19.407+0000] {dag.py:3089} INFO - Sync 1 DAGs
[2026-05-16T17:09:19.418+0000] {logging_mixin.py:188} INFO - [2026-05-16T17:09:19.418+0000] {dag.py:3947} INFO - Setting next_dagrun for example_branch_dop_operator_v3 to 2026-05-16 17:08:00+00:00, run_after=2026-05-16 17:09:00+00:00
[2026-05-16T17:09:19.430+0000] {processor.py:183} INFO - Processing /home/airflow/.local/lib/python3.12/site-packages/airflow/example_dags/example_branch_python_dop_operator_3.py took 0.041 seconds
[2026-05-16T17:09:50.255+0000] {processor.py:161} INFO - Started process (PID=5405) to work on /home/airflow/.local/lib/python3.12/site-packages/airflow/example_dags/example_branch_python_dop_operator_3.py
[2026-05-16T17:09:50.255+0000] {processor.py:830} INFO - Processing file /home/airflow/.local/lib/python3.12/site-packages/airflow/example_dags/example_branch_python_dop_operator_3.py for tasks to queue
[2026-05-16T17:09:50.256+0000] {logging_mixin.py:188} INFO - [2026-05-16T17:09:50.256+0000] {dagbag.py:545} INFO - Filling up the DagBag from /home/airflow/.local/lib/python3.12/site-packages/airflow/example_dags/example_branch_python_dop_operator_3.py
[2026-05-16T17:09:50.260+0000] {processor.py:840} INFO - DAG(s) 'example_branch_dop_operator_v3' retrieved from /home/airflow/.local/lib/python3.12/site-packages/airflow/example_dags/example_branch_python_dop_operator_3.py
[2026-05-16T17:09:50.268+0000] {logging_mixin.py:188} INFO - [2026-05-16T17:09:50.268+0000] {dag.py:3089} INFO - Sync 1 DAGs
[2026-05-16T17:09:50.277+0000] {logging_mixin.py:188} INFO - [2026-05-16T17:09:50.277+0000] {dag.py:3947} INFO - Setting next_dagrun for example_branch_dop_operator_v3 to 2026-05-16 17:08:00+00:00, run_after=2026-05-16 17:09:00+00:00
[2026-05-16T17:09:50.283+0000] {processor.py:183} INFO - Processing /home/airflow/.local/lib/python3.12/site-packages/airflow/example_dags/example_branch_python_dop_operator_3.py took 0.032 seconds
[2026-05-16T17:10:21.262+0000] {processor.py:161} INFO - Started process (PID=5466) to work on /home/airflow/.local/lib/python3.12/site-packages/airflow/example_dags/example_branch_python_dop_operator_3.py
[2026-05-16T17:10:21.266+0000] {processor.py:830} INFO - Processing file /home/airflow/.local/lib/python3.12/site-packages/airflow/example_dags/example_branch_python_dop_operator_3.py for tasks to queue
[2026-05-16T17:10:21.267+0000] {logging_mixin.py:188} INFO - [2026-05-16T17:10:21.267+0000] {dagbag.py:545} INFO - Filling up the DagBag from /home/airflow/.local/lib/python3.12/site-packages/airflow/example_dags/example_branch_python_dop_operator_3.py
[2026-05-16T17:10:21.280+0000] {processor.py:840} INFO - DAG(s) 'example_branch_dop_operator_v3' retrieved from /home/airflow/.local/lib/python3.12/site-packages/airflow/example_dags/example_branch_python_dop_operator_3.py
[2026-05-16T17:10:21.302+0000] {logging_mixin.py:188} INFO - [2026-05-16T17:10:21.302+0000] {dag.py:3089} INFO - Sync 1 DAGs
[2026-05-16T17:10:21.330+0000] {logging_mixin.py:188} INFO - [2026-05-16T17:10:21.330+0000] {dag.py:3947} INFO - Setting next_dagrun for example_branch_dop_operator_v3 to 2026-05-16 17:09:00+00:00, run_after=2026-05-16 17:10:00+00:00
[2026-05-16T17:10:21.353+0000] {processor.py:183} INFO - Processing /home/airflow/.local/lib/python3.12/site-packages/airflow/example_dags/example_branch_python_dop_operator_3.py took 0.098 seconds
[2026-05-16T17:10:52.193+0000] {processor.py:161} INFO - Started process (PID=5528) to work on /home/airflow/.local/lib/python3.12/site-packages/airflow/example_dags/example_branch_python_dop_operator_3.py
[2026-05-16T17:10:52.194+0000] {processor.py:830} INFO - Processing file /home/airflow/.local/lib/python3.12/site-packages/airflow/example_dags/example_branch_python_dop_operator_3.py for tasks to queue
[2026-05-16T17:10:52.194+0000] {logging_mixin.py:188} INFO - [2026-05-16T17:10:52.194+0000] {dagbag.py:545} INFO - Filling up the DagBag from /home/airflow/.local/lib/python3.12/site-packages/airflow/example_dags/example_branch_python_dop_operator_3.py
[2026-05-16T17:10:52.198+0000] {processor.py:840} INFO - DAG(s) 'example_branch_dop_operator_v3' retrieved from /home/airflow/.local/lib/python3.12/site-packages/airflow/example_dags/example_branch_python_dop_operator_3.py
[2026-05-16T17:10:52.210+0000] {logging_mixin.py:188} INFO - [2026-05-16T17:10:52.209+0000] {dag.py:3089} INFO - Sync 1 DAGs
[2026-05-16T17:10:52.220+0000] {logging_mixin.py:188} INFO - [2026-05-16T17:10:52.220+0000] {dag.py:3947} INFO - Setting next_dagrun for example_branch_dop_operator_v3 to 2026-05-16 17:09:00+00:00, run_after=2026-05-16 17:10:00+00:00
[2026-05-16T17:10:52.227+0000] {processor.py:183} INFO - Processing /home/airflow/.local/lib/python3.12/site-packages/airflow/example_dags/example_branch_python_dop_operator_3.py took 0.037 seconds
[2026-05-16T17:11:22.872+0000] {processor.py:161} INFO - Started process (PID=5590) to work on /home/airflow/.local/lib/python3.12/site-packages/airflow/example_dags/example_branch_python_dop_operator_3.py
[2026-05-16T17:11:22.872+0000] {processor.py:830} INFO - Processing file /home/airflow/.local/lib/python3.12/site-packages/airflow/example_dags/example_branch_python_dop_operator_3.py for tasks to queue
[2026-05-16T17:11:22.873+0000] {logging_mixin.py:188} INFO - [2026-05-16T17:11:22.873+0000] {dagbag.py:545} INFO - Filling up the DagBag from /home/airflow/.local/lib/python3.12/site-packages/airflow/example_dags/example_branch_python_dop_operator_3.py
[2026-05-16T17:11:22.876+0000] {processor.py:840} INFO - DAG(s) 'example_branch_dop_operator_v3' retrieved from /home/airflow/.local/lib/python3.12/site-packages/airflow/example_dags/example_branch_python_dop_operator_3.py
[2026-05-16T17:11:22.887+0000] {logging_mixin.py:188} INFO - [2026-05-16T17:11:22.887+0000] {dag.py:3089} INFO - Sync 1 DAGs
[2026-05-16T17:11:22.897+0000] {logging_mixin.py:188} INFO - [2026-05-16T17:11:22.897+0000] {dag.py:3947} INFO - Setting next_dagrun for example_branch_dop_operator_v3 to 2026-05-16 17:10:00+00:00, run_after=2026-05-16 17:11:00+00:00
[2026-05-16T17:11:22.903+0000] {processor.py:183} INFO - Processing /home/airflow/.local/lib/python3.12/site-packages/airflow/example_dags/example_branch_python_dop_operator_3.py took 0.034 seconds
[2026-05-16T17:11:53.677+0000] {processor.py:161} INFO - Started process (PID=5652) to work on /home/airflow/.local/lib/python3.12/site-packages/airflow/example_dags/example_branch_python_dop_operator_3.py
[2026-05-16T17:11:53.678+0000] {processor.py:830} INFO - Processing file /home/airflow/.local/lib/python3.12/site-packages/airflow/example_dags/example_branch_python_dop_operator_3.py for tasks to queue
[2026-05-16T17:11:53.679+0000] {logging_mixin.py:188} INFO - [2026-05-16T17:11:53.678+0000] {dagbag.py:545} INFO - Filling up the DagBag from /home/airflow/.local/lib/python3.12/site-packages/airflow/example_dags/example_branch_python_dop_operator_3.py
[2026-05-16T17:11:53.682+0000] {processor.py:840} INFO - DAG(s) 'example_branch_dop_operator_v3' retrieved from /home/airflow/.local/lib/python3.12/site-packages/airflow/example_dags/example_branch_python_dop_operator_3.py
[2026-05-16T17:11:53.693+0000] {logging_mixin.py:188} INFO - [2026-05-16T17:11:53.693+0000] {dag.py:3089} INFO - Sync 1 DAGs
[2026-05-16T17:11:53.703+0000] {logging_mixin.py:188} INFO - [2026-05-16T17:11:53.703+0000] {dag.py:3947} INFO - Setting next_dagrun for example_branch_dop_operator_v3 to 2026-05-16 17:10:00+00:00, run_after=2026-05-16 17:11:00+00:00
[2026-05-16T17:11:53.710+0000] {processor.py:183} INFO - Processing /home/airflow/.local/lib/python3.12/site-packages/airflow/example_dags/example_branch_python_dop_operator_3.py took 0.037 seconds
[2026-05-16T17:12:24.410+0000] {processor.py:161} INFO - Started process (PID=5713) to work on /home/airflow/.local/lib/python3.12/site-packages/airflow/example_dags/example_branch_python_dop_operator_3.py
[2026-05-16T17:12:24.411+0000] {processor.py:830} INFO - Processing file /home/airflow/.local/lib/python3.12/site-packages/airflow/example_dags/example_branch_python_dop_operator_3.py for tasks to queue
[2026-05-16T17:12:24.411+0000] {logging_mixin.py:188} INFO - [2026-05-16T17:12:24.411+0000] {dagbag.py:545} INFO - Filling up the DagBag from /home/airflow/.local/lib/python3.12/site-packages/airflow/example_dags/example_branch_python_dop_operator_3.py
[2026-05-16T17:12:24.415+0000] {processor.py:840} INFO - DAG(s) 'example_branch_dop_operator_v3' retrieved from /home/airflow/.local/lib/python3.12/site-packages/airflow/example_dags/example_branch_python_dop_operator_3.py
[2026-05-16T17:12:24.424+0000] {logging_mixin.py:188} INFO - [2026-05-16T17:12:24.424+0000] {dag.py:3089} INFO - Sync 1 DAGs
[2026-05-16T17:12:24.432+0000] {logging_mixin.py:188} INFO - [2026-05-16T17:12:24.432+0000] {dag.py:3947} INFO - Setting next_dagrun for example_branch_dop_operator_v3 to 2026-05-16 17:11:00+00:00, run_after=2026-05-16 17:12:00+00:00
[2026-05-16T17:12:24.439+0000] {processor.py:183} INFO - Processing /home/airflow/.local/lib/python3.12/site-packages/airflow/example_dags/example_branch_python_dop_operator_3.py took 0.032 seconds
[2026-05-16T17:12:55.142+0000] {processor.py:161} INFO - Started process (PID=5775) to work on /home/airflow/.local/lib/python3.12/site-packages/airflow/example_dags/example_branch_python_dop_operator_3.py
[2026-05-16T17:12:55.142+0000] {processor.py:830} INFO - Processing file /home/airflow/.local/lib/python3.12/site-packages/airflow/example_dags/example_branch_python_dop_operator_3.py for tasks to queue
[2026-05-16T17:12:55.143+0000] {logging_mixin.py:188} INFO - [2026-05-16T17:12:55.143+0000] {dagbag.py:545} INFO - Filling up the DagBag from /home/airflow/.local/lib/python3.12/site-packages/airflow/example_dags/example_branch_python_dop_operator_3.py
[2026-05-16T17:12:55.147+0000] {processor.py:840} INFO - DAG(s) 'example_branch_dop_operator_v3' retrieved from /home/airflow/.local/lib/python3.12/site-packages/airflow/example_dags/example_branch_python_dop_operator_3.py
[2026-05-16T17:12:55.157+0000] {logging_mixin.py:188} INFO - [2026-05-16T17:12:55.157+0000] {dag.py:3089} INFO - Sync 1 DAGs
[2026-05-16T17:12:55.167+0000] {logging_mixin.py:188} INFO - [2026-05-16T17:12:55.167+0000] {dag.py:3947} INFO - Setting next_dagrun for example_branch_dop_operator_v3 to 2026-05-16 17:11:00+00:00, run_after=2026-05-16 17:12:00+00:00
[2026-05-16T17:12:55.175+0000] {processor.py:183} INFO - Processing /home/airflow/.local/lib/python3.12/site-packages/airflow/example_dags/example_branch_python_dop_operator_3.py took 0.037 seconds
[2026-05-16T17:13:25.913+0000] {processor.py:161} INFO - Started process (PID=5837) to work on /home/airflow/.local/lib/python3.12/site-packages/airflow/example_dags/example_branch_python_dop_operator_3.py
[2026-05-16T17:13:25.914+0000] {processor.py:830} INFO - Processing file /home/airflow/.local/lib/python3.12/site-packages/airflow/example_dags/example_branch_python_dop_operator_3.py for tasks to queue
[2026-05-16T17:13:25.915+0000] {logging_mixin.py:188} INFO - [2026-05-16T17:13:25.914+0000] {dagbag.py:545} INFO - Filling up the DagBag from /home/airflow/.local/lib/python3.12/site-packages/airflow/example_dags/example_branch_python_dop_operator_3.py
[2026-05-16T17:13:25.918+0000] {processor.py:840} INFO - DAG(s) 'example_branch_dop_operator_v3' retrieved from /home/airflow/.local/lib/python3.12/site-packages/airflow/example_dags/example_branch_python_dop_operator_3.py
[2026-05-16T17:13:25.928+0000] {logging_mixin.py:188} INFO - [2026-05-16T17:13:25.928+0000] {dag.py:3089} INFO - Sync 1 DAGs
[2026-05-16T17:13:25.940+0000] {logging_mixin.py:188} INFO - [2026-05-16T17:13:25.940+0000] {dag.py:3947} INFO - Setting next_dagrun for example_branch_dop_operator_v3 to 2026-05-16 17:12:00+00:00, run_after=2026-05-16 17:13:00+00:00
[2026-05-16T17:13:25.948+0000] {processor.py:183} INFO - Processing /home/airflow/.local/lib/python3.12/site-packages/airflow/example_dags/example_branch_python_dop_operator_3.py took 0.037 seconds
[2026-05-16T17:13:56.717+0000] {processor.py:161} INFO - Started process (PID=5898) to work on /home/airflow/.local/lib/python3.12/site-packages/airflow/example_dags/example_branch_python_dop_operator_3.py
[2026-05-16T17:13:56.717+0000] {processor.py:830} INFO - Processing file /home/airflow/.local/lib/python3.12/site-packages/airflow/example_dags/example_branch_python_dop_operator_3.py for tasks to queue
[2026-05-16T17:13:56.718+0000] {logging_mixin.py:188} INFO - [2026-05-16T17:13:56.718+0000] {dagbag.py:545} INFO - Filling up the DagBag from /home/airflow/.local/lib/python3.12/site-packages/airflow/example_dags/example_branch_python_dop_operator_3.py
[2026-05-16T17:13:56.722+0000] {processor.py:840} INFO - DAG(s) 'example_branch_dop_operator_v3' retrieved from /home/airflow/.local/lib/python3.12/site-packages/airflow/example_dags/example_branch_python_dop_operator_3.py
[2026-05-16T17:13:56.731+0000] {logging_mixin.py:188} INFO - [2026-05-16T17:13:56.731+0000] {dag.py:3089} INFO - Sync 1 DAGs
[2026-05-16T17:13:56.742+0000] {logging_mixin.py:188} INFO - [2026-05-16T17:13:56.741+0000] {dag.py:3947} INFO - Setting next_dagrun for example_branch_dop_operator_v3 to 2026-05-16 17:12:00+00:00, run_after=2026-05-16 17:13:00+00:00
[2026-05-16T17:13:56.751+0000] {processor.py:183} INFO - Processing /home/airflow/.local/lib/python3.12/site-packages/airflow/example_dags/example_branch_python_dop_operator_3.py took 0.037 seconds
[2026-05-16T17:14:27.508+0000] {processor.py:161} INFO - Started process (PID=5960) to work on /home/airflow/.local/lib/python3.12/site-packages/airflow/example_dags/example_branch_python_dop_operator_3.py
[2026-05-16T17:14:27.509+0000] {processor.py:830} INFO - Processing file /home/airflow/.local/lib/python3.12/site-packages/airflow/example_dags/example_branch_python_dop_operator_3.py for tasks to queue
[2026-05-16T17:14:27.509+0000] {logging_mixin.py:188} INFO - [2026-05-16T17:14:27.509+0000] {dagbag.py:545} INFO - Filling up the DagBag from /home/airflow/.local/lib/python3.12/site-packages/airflow/example_dags/example_branch_python_dop_operator_3.py
[2026-05-16T17:14:27.513+0000] {processor.py:840} INFO - DAG(s) 'example_branch_dop_operator_v3' retrieved from /home/airflow/.local/lib/python3.12/site-packages/airflow/example_dags/example_branch_python_dop_operator_3.py
[2026-05-16T17:14:27.521+0000] {logging_mixin.py:188} INFO - [2026-05-16T17:14:27.520+0000] {dag.py:3089} INFO - Sync 1 DAGs
[2026-05-16T17:14:27.529+0000] {logging_mixin.py:188} INFO - [2026-05-16T17:14:27.528+0000] {dag.py:3947} INFO - Setting next_dagrun for example_branch_dop_operator_v3 to 2026-05-16 17:13:00+00:00, run_after=2026-05-16 17:14:00+00:00
[2026-05-16T17:14:27.534+0000] {processor.py:183} INFO - Processing /home/airflow/.local/lib/python3.12/site-packages/airflow/example_dags/example_branch_python_dop_operator_3.py took 0.029 seconds
[2026-05-16T17:14:58.256+0000] {processor.py:161} INFO - Started process (PID=6022) to work on /home/airflow/.local/lib/python3.12/site-packages/airflow/example_dags/example_branch_python_dop_operator_3.py
[2026-05-16T17:14:58.256+0000] {processor.py:830} INFO - Processing file /home/airflow/.local/lib/python3.12/site-packages/airflow/example_dags/example_branch_python_dop_operator_3.py for tasks to queue
[2026-05-16T17:14:58.257+0000] {logging_mixin.py:188} INFO - [2026-05-16T17:14:58.257+0000] {dagbag.py:545} INFO - Filling up the DagBag from /home/airflow/.local/lib/python3.12/site-packages/airflow/example_dags/example_branch_python_dop_operator_3.py
[2026-05-16T17:14:58.261+0000] {processor.py:840} INFO - DAG(s) 'example_branch_dop_operator_v3' retrieved from /home/airflow/.local/lib/python3.12/site-packages/airflow/example_dags/example_branch_python_dop_operator_3.py
[2026-05-16T17:14:58.270+0000] {logging_mixin.py:188} INFO - [2026-05-16T17:14:58.270+0000] {dag.py:3089} INFO - Sync 1 DAGs
[2026-05-16T17:14:58.279+0000] {logging_mixin.py:188} INFO - [2026-05-16T17:14:58.279+0000] {dag.py:3947} INFO - Setting next_dagrun for example_branch_dop_operator_v3 to 2026-05-16 17:13:00+00:00, run_after=2026-05-16 17:14:00+00:00
[2026-05-16T17:14:58.286+0000] {processor.py:183} INFO - Processing /home/airflow/.local/lib/python3.12/site-packages/airflow/example_dags/example_branch_python_dop_operator_3.py took 0.033 seconds
[2026-05-16T17:15:29.106+0000] {processor.py:161} INFO - Started process (PID=6084) to work on /home/airflow/.local/lib/python3.12/site-packages/airflow/example_dags/example_branch_python_dop_operator_3.py
[2026-05-16T17:15:29.106+0000] {processor.py:830} INFO - Processing file /home/airflow/.local/lib/python3.12/site-packages/airflow/example_dags/example_branch_python_dop_operator_3.py for tasks to queue
[2026-05-16T17:15:29.107+0000] {logging_mixin.py:188} INFO - [2026-05-16T17:15:29.107+0000] {dagbag.py:545} INFO - Filling up the DagBag from /home/airflow/.local/lib/python3.12/site-packages/airflow/example_dags/example_branch_python_dop_operator_3.py
[2026-05-16T17:15:29.111+0000] {processor.py:840} INFO - DAG(s) 'example_branch_dop_operator_v3' retrieved from /home/airflow/.local/lib/python3.12/site-packages/airflow/example_dags/example_branch_python_dop_operator_3.py
[2026-05-16T17:15:29.119+0000] {logging_mixin.py:188} INFO - [2026-05-16T17:15:29.119+0000] {dag.py:3089} INFO - Sync 1 DAGs
[2026-05-16T17:15:29.128+0000] {logging_mixin.py:188} INFO - [2026-05-16T17:15:29.127+0000] {dag.py:3947} INFO - Setting next_dagrun for example_branch_dop_operator_v3 to 2026-05-16 17:14:00+00:00, run_after=2026-05-16 17:15:00+00:00
[2026-05-16T17:15:29.134+0000] {processor.py:183} INFO - Processing /home/airflow/.local/lib/python3.12/site-packages/airflow/example_dags/example_branch_python_dop_operator_3.py took 0.033 seconds
[2026-05-16T17:15:59.903+0000] {processor.py:161} INFO - Started process (PID=6146) to work on /home/airflow/.local/lib/python3.12/site-packages/airflow/example_dags/example_branch_python_dop_operator_3.py
[2026-05-16T17:15:59.904+0000] {processor.py:830} INFO - Processing file /home/airflow/.local/lib/python3.12/site-packages/airflow/example_dags/example_branch_python_dop_operator_3.py for tasks to queue
[2026-05-16T17:15:59.906+0000] {logging_mixin.py:188} INFO - [2026-05-16T17:15:59.905+0000] {dagbag.py:545} INFO - Filling up the DagBag from /home/airflow/.local/lib/python3.12/site-packages/airflow/example_dags/example_branch_python_dop_operator_3.py
[2026-05-16T17:15:59.911+0000] {processor.py:840} INFO - DAG(s) 'example_branch_dop_operator_v3' retrieved from /home/airflow/.local/lib/python3.12/site-packages/airflow/example_dags/example_branch_python_dop_operator_3.py
[2026-05-16T17:15:59.921+0000] {logging_mixin.py:188} INFO - [2026-05-16T17:15:59.921+0000] {dag.py:3089} INFO - Sync 1 DAGs
[2026-05-16T17:15:59.934+0000] {logging_mixin.py:188} INFO - [2026-05-16T17:15:59.934+0000] {dag.py:3947} INFO - Setting next_dagrun for example_branch_dop_operator_v3 to 2026-05-16 17:14:00+00:00, run_after=2026-05-16 17:15:00+00:00
[2026-05-16T17:15:59.942+0000] {processor.py:183} INFO - Processing /home/airflow/.local/lib/python3.12/site-packages/airflow/example_dags/example_branch_python_dop_operator_3.py took 0.048 seconds
[2026-05-16T17:16:30.740+0000] {processor.py:161} INFO - Started process (PID=6214) to work on /home/airflow/.local/lib/python3.12/site-packages/airflow/example_dags/example_branch_python_dop_operator_3.py
[2026-05-16T17:16:30.740+0000] {processor.py:830} INFO - Processing file /home/airflow/.local/lib/python3.12/site-packages/airflow/example_dags/example_branch_python_dop_operator_3.py for tasks to queue
[2026-05-16T17:16:30.741+0000] {logging_mixin.py:188} INFO - [2026-05-16T17:16:30.741+0000] {dagbag.py:545} INFO - Filling up the DagBag from /home/airflow/.local/lib/python3.12/site-packages/airflow/example_dags/example_branch_python_dop_operator_3.py
[2026-05-16T17:16:30.745+0000] {processor.py:840} INFO - DAG(s) 'example_branch_dop_operator_v3' retrieved from /home/airflow/.local/lib/python3.12/site-packages/airflow/example_dags/example_branch_python_dop_operator_3.py
[2026-05-16T17:16:30.754+0000] {logging_mixin.py:188} INFO - [2026-05-16T17:16:30.754+0000] {dag.py:3089} INFO - Sync 1 DAGs
[2026-05-16T17:16:30.765+0000] {logging_mixin.py:188} INFO - [2026-05-16T17:16:30.765+0000] {dag.py:3947} INFO - Setting next_dagrun for example_branch_dop_operator_v3 to 2026-05-16 17:15:00+00:00, run_after=2026-05-16 17:16:00+00:00
[2026-05-16T17:16:30.771+0000] {processor.py:183} INFO - Processing /home/airflow/.local/lib/python3.12/site-packages/airflow/example_dags/example_branch_python_dop_operator_3.py took 0.034 seconds
[2026-05-16T17:17:01.607+0000] {processor.py:161} INFO - Started process (PID=6276) to work on /home/airflow/.local/lib/python3.12/site-packages/airflow/example_dags/example_branch_python_dop_operator_3.py
[2026-05-16T17:17:01.608+0000] {processor.py:830} INFO - Processing file /home/airflow/.local/lib/python3.12/site-packages/airflow/example_dags/example_branch_python_dop_operator_3.py for tasks to queue
[2026-05-16T17:17:01.610+0000] {logging_mixin.py:188} INFO - [2026-05-16T17:17:01.610+0000] {dagbag.py:545} INFO - Filling up the DagBag from /home/airflow/.local/lib/python3.12/site-packages/airflow/example_dags/example_branch_python_dop_operator_3.py
[2026-05-16T17:17:01.613+0000] {processor.py:840} INFO - DAG(s) 'example_branch_dop_operator_v3' retrieved from /home/airflow/.local/lib/python3.12/site-packages/airflow/example_dags/example_branch_python_dop_operator_3.py
[2026-05-16T17:17:01.626+0000] {logging_mixin.py:188} INFO - [2026-05-16T17:17:01.626+0000] {dag.py:3089} INFO - Sync 1 DAGs
[2026-05-16T17:17:01.636+0000] {logging_mixin.py:188} INFO - [2026-05-16T17:17:01.636+0000] {dag.py:3947} INFO - Setting next_dagrun for example_branch_dop_operator_v3 to 2026-05-16 17:16:00+00:00, run_after=2026-05-16 17:17:00+00:00
[2026-05-16T17:17:01.643+0000] {processor.py:183} INFO - Processing /home/airflow/.local/lib/python3.12/site-packages/airflow/example_dags/example_branch_python_dop_operator_3.py took 0.039 seconds
[2026-05-16T17:17:32.435+0000] {processor.py:161} INFO - Started process (PID=6338) to work on /home/airflow/.local/lib/python3.12/site-packages/airflow/example_dags/example_branch_python_dop_operator_3.py
[2026-05-16T17:17:32.436+0000] {processor.py:830} INFO - Processing file /home/airflow/.local/lib/python3.12/site-packages/airflow/example_dags/example_branch_python_dop_operator_3.py for tasks to queue
[2026-05-16T17:17:32.437+0000] {logging_mixin.py:188} INFO - [2026-05-16T17:17:32.437+0000] {dagbag.py:545} INFO - Filling up the DagBag from /home/airflow/.local/lib/python3.12/site-packages/airflow/example_dags/example_branch_python_dop_operator_3.py
[2026-05-16T17:17:32.441+0000] {processor.py:840} INFO - DAG(s) 'example_branch_dop_operator_v3' retrieved from /home/airflow/.local/lib/python3.12/site-packages/airflow/example_dags/example_branch_python_dop_operator_3.py
[2026-05-16T17:17:32.450+0000] {logging_mixin.py:188} INFO - [2026-05-16T17:17:32.450+0000] {dag.py:3089} INFO - Sync 1 DAGs
[2026-05-16T17:17:32.460+0000] {logging_mixin.py:188} INFO - [2026-05-16T17:17:32.460+0000] {dag.py:3947} INFO - Setting next_dagrun for example_branch_dop_operator_v3 to 2026-05-16 17:16:00+00:00, run_after=2026-05-16 17:17:00+00:00
[2026-05-16T17:17:32.466+0000] {processor.py:183} INFO - Processing /home/airflow/.local/lib/python3.12/site-packages/airflow/example_dags/example_branch_python_dop_operator_3.py took 0.034 seconds
[2026-05-16T17:18:03.224+0000] {processor.py:161} INFO - Started process (PID=6400) to work on /home/airflow/.local/lib/python3.12/site-packages/airflow/example_dags/example_branch_python_dop_operator_3.py
[2026-05-16T17:18:03.224+0000] {processor.py:830} INFO - Processing file /home/airflow/.local/lib/python3.12/site-packages/airflow/example_dags/example_branch_python_dop_operator_3.py for tasks to queue
[2026-05-16T17:18:03.225+0000] {logging_mixin.py:188} INFO - [2026-05-16T17:18:03.225+0000] {dagbag.py:545} INFO - Filling up the DagBag from /home/airflow/.local/lib/python3.12/site-packages/airflow/example_dags/example_branch_python_dop_operator_3.py
[2026-05-16T17:18:03.229+0000] {processor.py:840} INFO - DAG(s) 'example_branch_dop_operator_v3' retrieved from /home/airflow/.local/lib/python3.12/site-packages/airflow/example_dags/example_branch_python_dop_operator_3.py
[2026-05-16T17:18:03.238+0000] {logging_mixin.py:188} INFO - [2026-05-16T17:18:03.237+0000] {dag.py:3089} INFO - Sync 1 DAGs
[2026-05-16T17:18:03.247+0000] {logging_mixin.py:188} INFO - [2026-05-16T17:18:03.247+0000] {dag.py:3947} INFO - Setting next_dagrun for example_branch_dop_operator_v3 to 2026-05-16 17:17:00+00:00, run_after=2026-05-16 17:18:00+00:00
[2026-05-16T17:18:03.253+0000] {processor.py:183} INFO - Processing /home/airflow/.local/lib/python3.12/site-packages/airflow/example_dags/example_branch_python_dop_operator_3.py took 0.032 seconds
[2026-05-16T17:18:34.039+0000] {processor.py:161} INFO - Started process (PID=6462) to work on /home/airflow/.local/lib/python3.12/site-packages/airflow/example_dags/example_branch_python_dop_operator_3.py
[2026-05-16T17:18:34.040+0000] {processor.py:830} INFO - Processing file /home/airflow/.local/lib/python3.12/site-packages/airflow/example_dags/example_branch_python_dop_operator_3.py for tasks to queue
[2026-05-16T17:18:34.041+0000] {logging_mixin.py:188} INFO - [2026-05-16T17:18:34.041+0000] {dagbag.py:545} INFO - Filling up the DagBag from /home/airflow/.local/lib/python3.12/site-packages/airflow/example_dags/example_branch_python_dop_operator_3.py
[2026-05-16T17:18:34.045+0000] {processor.py:840} INFO - DAG(s) 'example_branch_dop_operator_v3' retrieved from /home/airflow/.local/lib/python3.12/site-packages/airflow/example_dags/example_branch_python_dop_operator_3.py
[2026-05-16T17:18:34.054+0000] {logging_mixin.py:188} INFO - [2026-05-16T17:18:34.054+0000] {dag.py:3089} INFO - Sync 1 DAGs
[2026-05-16T17:18:34.064+0000] {logging_mixin.py:188} INFO - [2026-05-16T17:18:34.064+0000] {dag.py:3947} INFO - Setting next_dagrun for example_branch_dop_operator_v3 to 2026-05-16 17:17:00+00:00, run_after=2026-05-16 17:18:00+00:00
[2026-05-16T17:18:34.070+0000] {processor.py:183} INFO - Processing /home/airflow/.local/lib/python3.12/site-packages/airflow/example_dags/example_branch_python_dop_operator_3.py took 0.034 seconds
[2026-05-16T17:19:04.851+0000] {processor.py:161} INFO - Started process (PID=6524) to work on /home/airflow/.local/lib/python3.12/site-packages/airflow/example_dags/example_branch_python_dop_operator_3.py
[2026-05-16T17:19:04.851+0000] {processor.py:830} INFO - Processing file /home/airflow/.local/lib/python3.12/site-packages/airflow/example_dags/example_branch_python_dop_operator_3.py for tasks to queue
[2026-05-16T17:19:04.852+0000] {logging_mixin.py:188} INFO - [2026-05-16T17:19:04.852+0000] {dagbag.py:545} INFO - Filling up the DagBag from /home/airflow/.local/lib/python3.12/site-packages/airflow/example_dags/example_branch_python_dop_operator_3.py
[2026-05-16T17:19:04.856+0000] {processor.py:840} INFO - DAG(s) 'example_branch_dop_operator_v3' retrieved from /home/airflow/.local/lib/python3.12/site-packages/airflow/example_dags/example_branch_python_dop_operator_3.py
[2026-05-16T17:19:04.868+0000] {logging_mixin.py:188} INFO - [2026-05-16T17:19:04.868+0000] {dag.py:3089} INFO - Sync 1 DAGs
[2026-05-16T17:19:04.878+0000] {logging_mixin.py:188} INFO - [2026-05-16T17:19:04.878+0000] {dag.py:3947} INFO - Setting next_dagrun for example_branch_dop_operator_v3 to 2026-05-16 17:18:00+00:00, run_after=2026-05-16 17:19:00+00:00
[2026-05-16T17:19:04.884+0000] {processor.py:183} INFO - Processing /home/airflow/.local/lib/python3.12/site-packages/airflow/example_dags/example_branch_python_dop_operator_3.py took 0.037 seconds
[2026-05-16T17:19:35.568+0000] {processor.py:161} INFO - Started process (PID=6586) to work on /home/airflow/.local/lib/python3.12/site-packages/airflow/example_dags/example_branch_python_dop_operator_3.py
[2026-05-16T17:19:35.568+0000] {processor.py:830} INFO - Processing file /home/airflow/.local/lib/python3.12/site-packages/airflow/example_dags/example_branch_python_dop_operator_3.py for tasks to queue
[2026-05-16T17:19:35.569+0000] {logging_mixin.py:188} INFO - [2026-05-16T17:19:35.569+0000] {dagbag.py:545} INFO - Filling up the DagBag from /home/airflow/.local/lib/python3.12/site-packages/airflow/example_dags/example_branch_python_dop_operator_3.py
[2026-05-16T17:19:35.573+0000] {processor.py:840} INFO - DAG(s) 'example_branch_dop_operator_v3' retrieved from /home/airflow/.local/lib/python3.12/site-packages/airflow/example_dags/example_branch_python_dop_operator_3.py
[2026-05-16T17:19:35.585+0000] {logging_mixin.py:188} INFO - [2026-05-16T17:19:35.585+0000] {dag.py:3089} INFO - Sync 1 DAGs
[2026-05-16T17:19:35.595+0000] {logging_mixin.py:188} INFO - [2026-05-16T17:19:35.595+0000] {dag.py:3947} INFO - Setting next_dagrun for example_branch_dop_operator_v3 to 2026-05-16 17:18:00+00:00, run_after=2026-05-16 17:19:00+00:00
[2026-05-16T17:19:35.601+0000] {processor.py:183} INFO - Processing /home/airflow/.local/lib/python3.12/site-packages/airflow/example_dags/example_branch_python_dop_operator_3.py took 0.037 seconds
[2026-05-16T17:20:06.210+0000] {processor.py:161} INFO - Started process (PID=6647) to work on /home/airflow/.local/lib/python3.12/site-packages/airflow/example_dags/example_branch_python_dop_operator_3.py
[2026-05-16T17:20:06.211+0000] {processor.py:830} INFO - Processing file /home/airflow/.local/lib/python3.12/site-packages/airflow/example_dags/example_branch_python_dop_operator_3.py for tasks to queue
[2026-05-16T17:20:06.211+0000] {logging_mixin.py:188} INFO - [2026-05-16T17:20:06.211+0000] {dagbag.py:545} INFO - Filling up the DagBag from /home/airflow/.local/lib/python3.12/site-packages/airflow/example_dags/example_branch_python_dop_operator_3.py
[2026-05-16T17:20:06.215+0000] {processor.py:840} INFO - DAG(s) 'example_branch_dop_operator_v3' retrieved from /home/airflow/.local/lib/python3.12/site-packages/airflow/example_dags/example_branch_python_dop_operator_3.py
[2026-05-16T17:20:06.224+0000] {logging_mixin.py:188} INFO - [2026-05-16T17:20:06.223+0000] {dag.py:3089} INFO - Sync 1 DAGs
[2026-05-16T17:20:06.233+0000] {logging_mixin.py:188} INFO - [2026-05-16T17:20:06.233+0000] {dag.py:3947} INFO - Setting next_dagrun for example_branch_dop_operator_v3 to 2026-05-16 17:19:00+00:00, run_after=2026-05-16 17:20:00+00:00
[2026-05-16T17:20:06.239+0000] {processor.py:183} INFO - Processing /home/airflow/.local/lib/python3.12/site-packages/airflow/example_dags/example_branch_python_dop_operator_3.py took 0.031 seconds
[2026-05-16T17:20:37.132+0000] {processor.py:161} INFO - Started process (PID=6709) to work on /home/airflow/.local/lib/python3.12/site-packages/airflow/example_dags/example_branch_python_dop_operator_3.py
[2026-05-16T17:20:37.133+0000] {processor.py:830} INFO - Processing file /home/airflow/.local/lib/python3.12/site-packages/airflow/example_dags/example_branch_python_dop_operator_3.py for tasks to queue
[2026-05-16T17:20:37.135+0000] {logging_mixin.py:188} INFO - [2026-05-16T17:20:37.135+0000] {dagbag.py:545} INFO - Filling up the DagBag from /home/airflow/.local/lib/python3.12/site-packages/airflow/example_dags/example_branch_python_dop_operator_3.py
[2026-05-16T17:20:37.139+0000] {processor.py:840} INFO - DAG(s) 'example_branch_dop_operator_v3' retrieved from /home/airflow/.local/lib/python3.12/site-packages/airflow/example_dags/example_branch_python_dop_operator_3.py
[2026-05-16T17:20:37.148+0000] {logging_mixin.py:188} INFO - [2026-05-16T17:20:37.147+0000] {dag.py:3089} INFO - Sync 1 DAGs
[2026-05-16T17:20:37.157+0000] {logging_mixin.py:188} INFO - [2026-05-16T17:20:37.157+0000] {dag.py:3947} INFO - Setting next_dagrun for example_branch_dop_operator_v3 to 2026-05-16 17:19:00+00:00, run_after=2026-05-16 17:20:00+00:00
[2026-05-16T17:20:37.164+0000] {processor.py:183} INFO - Processing /home/airflow/.local/lib/python3.12/site-packages/airflow/example_dags/example_branch_python_dop_operator_3.py took 0.034 seconds
[2026-05-16T17:21:07.316+0000] {processor.py:161} INFO - Started process (PID=6771) to work on /home/airflow/.local/lib/python3.12/site-packages/airflow/example_dags/example_branch_python_dop_operator_3.py
[2026-05-16T17:21:07.316+0000] {processor.py:830} INFO - Processing file /home/airflow/.local/lib/python3.12/site-packages/airflow/example_dags/example_branch_python_dop_operator_3.py for tasks to queue
[2026-05-16T17:21:07.317+0000] {logging_mixin.py:188} INFO - [2026-05-16T17:21:07.317+0000] {dagbag.py:545} INFO - Filling up the DagBag from /home/airflow/.local/lib/python3.12/site-packages/airflow/example_dags/example_branch_python_dop_operator_3.py
[2026-05-16T17:21:07.322+0000] {processor.py:840} INFO - DAG(s) 'example_branch_dop_operator_v3' retrieved from /home/airflow/.local/lib/python3.12/site-packages/airflow/example_dags/example_branch_python_dop_operator_3.py
[2026-05-16T17:21:07.331+0000] {logging_mixin.py:188} INFO - [2026-05-16T17:21:07.331+0000] {dag.py:3089} INFO - Sync 1 DAGs
[2026-05-16T17:21:07.341+0000] {logging_mixin.py:188} INFO - [2026-05-16T17:21:07.341+0000] {dag.py:3947} INFO - Setting next_dagrun for example_branch_dop_operator_v3 to 2026-05-16 17:20:00+00:00, run_after=2026-05-16 17:21:00+00:00
[2026-05-16T17:21:07.347+0000] {processor.py:183} INFO - Processing /home/airflow/.local/lib/python3.12/site-packages/airflow/example_dags/example_branch_python_dop_operator_3.py took 0.035 seconds
[2026-05-16T17:21:39.399+0000] {processor.py:161} INFO - Started process (PID=6833) to work on /home/airflow/.local/lib/python3.12/site-packages/airflow/example_dags/example_branch_python_dop_operator_3.py
[2026-05-16T17:21:39.400+0000] {processor.py:830} INFO - Processing file /home/airflow/.local/lib/python3.12/site-packages/airflow/example_dags/example_branch_python_dop_operator_3.py for tasks to queue
[2026-05-16T17:21:39.401+0000] {logging_mixin.py:188} INFO - [2026-05-16T17:21:39.401+0000] {dagbag.py:545} INFO - Filling up the DagBag from /home/airflow/.local/lib/python3.12/site-packages/airflow/example_dags/example_branch_python_dop_operator_3.py
[2026-05-16T17:21:39.406+0000] {processor.py:840} INFO - DAG(s) 'example_branch_dop_operator_v3' retrieved from /home/airflow/.local/lib/python3.12/site-packages/airflow/example_dags/example_branch_python_dop_operator_3.py
[2026-05-16T17:21:39.417+0000] {logging_mixin.py:188} INFO - [2026-05-16T17:21:39.416+0000] {dag.py:3089} INFO - Sync 1 DAGs
[2026-05-16T17:21:39.433+0000] {logging_mixin.py:188} INFO - [2026-05-16T17:21:39.432+0000] {dag.py:3947} INFO - Setting next_dagrun for example_branch_dop_operator_v3 to 2026-05-16 17:20:00+00:00, run_after=2026-05-16 17:21:00+00:00
[2026-05-16T17:21:39.441+0000] {processor.py:183} INFO - Processing /home/airflow/.local/lib/python3.12/site-packages/airflow/example_dags/example_branch_python_dop_operator_3.py took 0.045 seconds
[2026-05-16T17:22:10.078+0000] {processor.py:161} INFO - Started process (PID=6895) to work on /home/airflow/.local/lib/python3.12/site-packages/airflow/example_dags/example_branch_python_dop_operator_3.py
[2026-05-16T17:22:10.080+0000] {processor.py:830} INFO - Processing file /home/airflow/.local/lib/python3.12/site-packages/airflow/example_dags/example_branch_python_dop_operator_3.py for tasks to queue
[2026-05-16T17:22:10.084+0000] {logging_mixin.py:188} INFO - [2026-05-16T17:22:10.084+0000] {dagbag.py:545} INFO - Filling up the DagBag from /home/airflow/.local/lib/python3.12/site-packages/airflow/example_dags/example_branch_python_dop_operator_3.py
[2026-05-16T17:22:10.096+0000] {processor.py:840} INFO - DAG(s) 'example_branch_dop_operator_v3' retrieved from /home/airflow/.local/lib/python3.12/site-packages/airflow/example_dags/example_branch_python_dop_operator_3.py
[2026-05-16T17:22:10.136+0000] {logging_mixin.py:188} INFO - [2026-05-16T17:22:10.135+0000] {dag.py:3089} INFO - Sync 1 DAGs
[2026-05-16T17:22:10.171+0000] {logging_mixin.py:188} INFO - [2026-05-16T17:22:10.170+0000] {dag.py:3947} INFO - Setting next_dagrun for example_branch_dop_operator_v3 to 2026-05-16 17:21:00+00:00, run_after=2026-05-16 17:22:00+00:00
[2026-05-16T17:22:10.199+0000] {processor.py:183} INFO - Processing /home/airflow/.local/lib/python3.12/site-packages/airflow/example_dags/example_branch_python_dop_operator_3.py took 0.143 seconds
[2026-05-16T17:25:07.221+0000] {processor.py:161} INFO - Started process (PID=6949) to work on /home/airflow/.local/lib/python3.12/site-packages/airflow/example_dags/example_branch_python_dop_operator_3.py
[2026-05-16T17:25:07.222+0000] {processor.py:830} INFO - Processing file /home/airflow/.local/lib/python3.12/site-packages/airflow/example_dags/example_branch_python_dop_operator_3.py for tasks to queue
[2026-05-16T17:25:07.226+0000] {logging_mixin.py:188} INFO - [2026-05-16T17:25:07.226+0000] {dagbag.py:545} INFO - Filling up the DagBag from /home/airflow/.local/lib/python3.12/site-packages/airflow/example_dags/example_branch_python_dop_operator_3.py
[2026-05-16T17:25:07.237+0000] {processor.py:840} INFO - DAG(s) 'example_branch_dop_operator_v3' retrieved from /home/airflow/.local/lib/python3.12/site-packages/airflow/example_dags/example_branch_python_dop_operator_3.py
[2026-05-16T17:25:07.278+0000] {logging_mixin.py:188} INFO - [2026-05-16T17:25:07.277+0000] {dag.py:3089} INFO - Sync 1 DAGs
[2026-05-16T17:25:07.299+0000] {logging_mixin.py:188} INFO - [2026-05-16T17:25:07.298+0000] {dag.py:3947} INFO - Setting next_dagrun for example_branch_dop_operator_v3 to 2026-05-16 17:24:00+00:00, run_after=2026-05-16 17:25:00+00:00
[2026-05-16T17:25:07.327+0000] {processor.py:183} INFO - Processing /home/airflow/.local/lib/python3.12/site-packages/airflow/example_dags/example_branch_python_dop_operator_3.py took 0.119 seconds
[2026-05-16T17:25:39.444+0000] {processor.py:161} INFO - Started process (PID=7011) to work on /home/airflow/.local/lib/python3.12/site-packages/airflow/example_dags/example_branch_python_dop_operator_3.py
[2026-05-16T17:25:39.445+0000] {processor.py:830} INFO - Processing file /home/airflow/.local/lib/python3.12/site-packages/airflow/example_dags/example_branch_python_dop_operator_3.py for tasks to queue
[2026-05-16T17:25:39.447+0000] {logging_mixin.py:188} INFO - [2026-05-16T17:25:39.447+0000] {dagbag.py:545} INFO - Filling up the DagBag from /home/airflow/.local/lib/python3.12/site-packages/airflow/example_dags/example_branch_python_dop_operator_3.py
[2026-05-16T17:25:39.465+0000] {processor.py:840} INFO - DAG(s) 'example_branch_dop_operator_v3' retrieved from /home/airflow/.local/lib/python3.12/site-packages/airflow/example_dags/example_branch_python_dop_operator_3.py
[2026-05-16T17:25:39.504+0000] {logging_mixin.py:188} INFO - [2026-05-16T17:25:39.504+0000] {dag.py:3089} INFO - Sync 1 DAGs
[2026-05-16T17:25:39.553+0000] {logging_mixin.py:188} INFO - [2026-05-16T17:25:39.553+0000] {dag.py:3947} INFO - Setting next_dagrun for example_branch_dop_operator_v3 to 2026-05-16 17:24:00+00:00, run_after=2026-05-16 17:25:00+00:00
[2026-05-16T17:25:39.588+0000] {processor.py:183} INFO - Processing /home/airflow/.local/lib/python3.12/site-packages/airflow/example_dags/example_branch_python_dop_operator_3.py took 0.152 seconds
[2026-05-16T17:30:12.445+0000] {processor.py:161} INFO - Started process (PID=7073) to work on /home/airflow/.local/lib/python3.12/site-packages/airflow/example_dags/example_branch_python_dop_operator_3.py
[2026-05-16T17:30:12.447+0000] {processor.py:830} INFO - Processing file /home/airflow/.local/lib/python3.12/site-packages/airflow/example_dags/example_branch_python_dop_operator_3.py for tasks to queue
[2026-05-16T17:30:12.451+0000] {logging_mixin.py:188} INFO - [2026-05-16T17:30:12.450+0000] {dagbag.py:545} INFO - Filling up the DagBag from /home/airflow/.local/lib/python3.12/site-packages/airflow/example_dags/example_branch_python_dop_operator_3.py
[2026-05-16T17:30:12.470+0000] {processor.py:840} INFO - DAG(s) 'example_branch_dop_operator_v3' retrieved from /home/airflow/.local/lib/python3.12/site-packages/airflow/example_dags/example_branch_python_dop_operator_3.py
[2026-05-16T17:30:12.522+0000] {logging_mixin.py:188} INFO - [2026-05-16T17:30:12.521+0000] {dag.py:3089} INFO - Sync 1 DAGs
[2026-05-16T17:30:12.571+0000] {logging_mixin.py:188} INFO - [2026-05-16T17:30:12.570+0000] {dag.py:3947} INFO - Setting next_dagrun for example_branch_dop_operator_v3 to 2026-05-16 17:29:00+00:00, run_after=2026-05-16 17:30:00+00:00
[2026-05-16T17:30:12.616+0000] {processor.py:183} INFO - Processing /home/airflow/.local/lib/python3.12/site-packages/airflow/example_dags/example_branch_python_dop_operator_3.py took 0.182 seconds
[2026-05-16T17:30:45.453+0000] {processor.py:161} INFO - Started process (PID=7135) to work on /home/airflow/.local/lib/python3.12/site-packages/airflow/example_dags/example_branch_python_dop_operator_3.py
[2026-05-16T17:30:45.458+0000] {processor.py:830} INFO - Processing file /home/airflow/.local/lib/python3.12/site-packages/airflow/example_dags/example_branch_python_dop_operator_3.py for tasks to queue
[2026-05-16T17:30:45.465+0000] {logging_mixin.py:188} INFO - [2026-05-16T17:30:45.464+0000] {dagbag.py:545} INFO - Filling up the DagBag from /home/airflow/.local/lib/python3.12/site-packages/airflow/example_dags/example_branch_python_dop_operator_3.py
[2026-05-16T17:30:45.494+0000] {processor.py:840} INFO - DAG(s) 'example_branch_dop_operator_v3' retrieved from /home/airflow/.local/lib/python3.12/site-packages/airflow/example_dags/example_branch_python_dop_operator_3.py
[2026-05-16T17:30:45.569+0000] {logging_mixin.py:188} INFO - [2026-05-16T17:30:45.568+0000] {dag.py:3089} INFO - Sync 1 DAGs
[2026-05-16T17:30:45.631+0000] {logging_mixin.py:188} INFO - [2026-05-16T17:30:45.630+0000] {dag.py:3947} INFO - Setting next_dagrun for example_branch_dop_operator_v3 to 2026-05-16 17:29:00+00:00, run_after=2026-05-16 17:30:00+00:00
[2026-05-16T17:30:45.696+0000] {processor.py:183} INFO - Processing /home/airflow/.local/lib/python3.12/site-packages/airflow/example_dags/example_branch_python_dop_operator_3.py took 0.263 seconds
[2026-05-16T17:46:32.811+0000] {processor.py:161} INFO - Started process (PID=7197) to work on /home/airflow/.local/lib/python3.12/site-packages/airflow/example_dags/example_branch_python_dop_operator_3.py
[2026-05-16T17:46:32.812+0000] {processor.py:830} INFO - Processing file /home/airflow/.local/lib/python3.12/site-packages/airflow/example_dags/example_branch_python_dop_operator_3.py for tasks to queue
[2026-05-16T17:46:32.813+0000] {logging_mixin.py:188} INFO - [2026-05-16T17:46:32.813+0000] {dagbag.py:545} INFO - Filling up the DagBag from /home/airflow/.local/lib/python3.12/site-packages/airflow/example_dags/example_branch_python_dop_operator_3.py
[2026-05-16T17:46:32.820+0000] {processor.py:840} INFO - DAG(s) 'example_branch_dop_operator_v3' retrieved from /home/airflow/.local/lib/python3.12/site-packages/airflow/example_dags/example_branch_python_dop_operator_3.py
[2026-05-16T17:46:32.832+0000] {logging_mixin.py:188} INFO - [2026-05-16T17:46:32.832+0000] {dag.py:3089} INFO - Sync 1 DAGs
[2026-05-16T17:46:32.849+0000] {logging_mixin.py:188} INFO - [2026-05-16T17:46:32.849+0000] {dag.py:3947} INFO - Setting next_dagrun for example_branch_dop_operator_v3 to 2026-05-16 17:45:00+00:00, run_after=2026-05-16 17:46:00+00:00
[2026-05-16T17:46:32.860+0000] {processor.py:183} INFO - Processing /home/airflow/.local/lib/python3.12/site-packages/airflow/example_dags/example_branch_python_dop_operator_3.py took 0.054 seconds
[2026-05-16T17:47:06.585+0000] {processor.py:161} INFO - Started process (PID=7259) to work on /home/airflow/.local/lib/python3.12/site-packages/airflow/example_dags/example_branch_python_dop_operator_3.py
[2026-05-16T17:47:06.587+0000] {processor.py:830} INFO - Processing file /home/airflow/.local/lib/python3.12/site-packages/airflow/example_dags/example_branch_python_dop_operator_3.py for tasks to queue
[2026-05-16T17:47:06.591+0000] {logging_mixin.py:188} INFO - [2026-05-16T17:47:06.590+0000] {dagbag.py:545} INFO - Filling up the DagBag from /home/airflow/.local/lib/python3.12/site-packages/airflow/example_dags/example_branch_python_dop_operator_3.py
[2026-05-16T17:47:06.603+0000] {processor.py:840} INFO - DAG(s) 'example_branch_dop_operator_v3' retrieved from /home/airflow/.local/lib/python3.12/site-packages/airflow/example_dags/example_branch_python_dop_operator_3.py
[2026-05-16T17:47:06.642+0000] {logging_mixin.py:188} INFO - [2026-05-16T17:47:06.642+0000] {dag.py:3089} INFO - Sync 1 DAGs
[2026-05-16T17:47:06.684+0000] {logging_mixin.py:188} INFO - [2026-05-16T17:47:06.684+0000] {dag.py:3947} INFO - Setting next_dagrun for example_branch_dop_operator_v3 to 2026-05-16 17:46:00+00:00, run_after=2026-05-16 17:47:00+00:00
[2026-05-16T17:47:06.709+0000] {processor.py:183} INFO - Processing /home/airflow/.local/lib/python3.12/site-packages/airflow/example_dags/example_branch_python_dop_operator_3.py took 0.137 seconds
[2026-05-16T18:45:36.682+0000] {processor.py:161} INFO - Started process (PID=7320) to work on /home/airflow/.local/lib/python3.12/site-packages/airflow/example_dags/example_branch_python_dop_operator_3.py
[2026-05-16T18:45:36.682+0000] {processor.py:830} INFO - Processing file /home/airflow/.local/lib/python3.12/site-packages/airflow/example_dags/example_branch_python_dop_operator_3.py for tasks to queue
[2026-05-16T18:45:36.684+0000] {logging_mixin.py:188} INFO - [2026-05-16T18:45:36.684+0000] {dagbag.py:545} INFO - Filling up the DagBag from /home/airflow/.local/lib/python3.12/site-packages/airflow/example_dags/example_branch_python_dop_operator_3.py
[2026-05-16T18:45:36.691+0000] {processor.py:840} INFO - DAG(s) 'example_branch_dop_operator_v3' retrieved from /home/airflow/.local/lib/python3.12/site-packages/airflow/example_dags/example_branch_python_dop_operator_3.py
[2026-05-16T18:45:36.706+0000] {logging_mixin.py:188} INFO - [2026-05-16T18:45:36.706+0000] {dag.py:3089} INFO - Sync 1 DAGs
[2026-05-16T18:45:36.727+0000] {logging_mixin.py:188} INFO - [2026-05-16T18:45:36.727+0000] {dag.py:3947} INFO - Setting next_dagrun for example_branch_dop_operator_v3 to 2026-05-16 18:44:00+00:00, run_after=2026-05-16 18:45:00+00:00
[2026-05-16T18:45:36.740+0000] {processor.py:183} INFO - Processing /home/airflow/.local/lib/python3.12/site-packages/airflow/example_dags/example_branch_python_dop_operator_3.py took 0.063 seconds
[2026-05-16T18:46:07.616+0000] {processor.py:161} INFO - Started process (PID=7382) to work on /home/airflow/.local/lib/python3.12/site-packages/airflow/example_dags/example_branch_python_dop_operator_3.py
[2026-05-16T18:46:07.618+0000] {processor.py:830} INFO - Processing file /home/airflow/.local/lib/python3.12/site-packages/airflow/example_dags/example_branch_python_dop_operator_3.py for tasks to queue
[2026-05-16T18:46:07.622+0000] {logging_mixin.py:188} INFO - [2026-05-16T18:46:07.620+0000] {dagbag.py:545} INFO - Filling up the DagBag from /home/airflow/.local/lib/python3.12/site-packages/airflow/example_dags/example_branch_python_dop_operator_3.py
[2026-05-16T18:46:07.636+0000] {processor.py:840} INFO - DAG(s) 'example_branch_dop_operator_v3' retrieved from /home/airflow/.local/lib/python3.12/site-packages/airflow/example_dags/example_branch_python_dop_operator_3.py
[2026-05-16T18:46:07.672+0000] {logging_mixin.py:188} INFO - [2026-05-16T18:46:07.671+0000] {dag.py:3089} INFO - Sync 1 DAGs
[2026-05-16T18:46:07.707+0000] {logging_mixin.py:188} INFO - [2026-05-16T18:46:07.707+0000] {dag.py:3947} INFO - Setting next_dagrun for example_branch_dop_operator_v3 to 2026-05-16 18:45:00+00:00, run_after=2026-05-16 18:46:00+00:00
[2026-05-16T18:46:07.741+0000] {processor.py:183} INFO - Processing /home/airflow/.local/lib/python3.12/site-packages/airflow/example_dags/example_branch_python_dop_operator_3.py took 0.141 seconds
[2026-05-16T19:23:28.865+0000] {processor.py:161} INFO - Started process (PID=7443) to work on /home/airflow/.local/lib/python3.12/site-packages/airflow/example_dags/example_branch_python_dop_operator_3.py
[2026-05-16T19:23:28.865+0000] {processor.py:830} INFO - Processing file /home/airflow/.local/lib/python3.12/site-packages/airflow/example_dags/example_branch_python_dop_operator_3.py for tasks to queue
[2026-05-16T19:23:28.866+0000] {logging_mixin.py:188} INFO - [2026-05-16T19:23:28.866+0000] {dagbag.py:545} INFO - Filling up the DagBag from /home/airflow/.local/lib/python3.12/site-packages/airflow/example_dags/example_branch_python_dop_operator_3.py
[2026-05-16T19:23:28.871+0000] {processor.py:840} INFO - DAG(s) 'example_branch_dop_operator_v3' retrieved from /home/airflow/.local/lib/python3.12/site-packages/airflow/example_dags/example_branch_python_dop_operator_3.py
[2026-05-16T19:23:28.884+0000] {logging_mixin.py:188} INFO - [2026-05-16T19:23:28.884+0000] {dag.py:3089} INFO - Sync 1 DAGs
[2026-05-16T19:23:28.898+0000] {logging_mixin.py:188} INFO - [2026-05-16T19:23:28.898+0000] {dag.py:3947} INFO - Setting next_dagrun for example_branch_dop_operator_v3 to 2026-05-16 19:22:00+00:00, run_after=2026-05-16 19:23:00+00:00
[2026-05-16T19:23:28.909+0000] {processor.py:183} INFO - Processing /home/airflow/.local/lib/python3.12/site-packages/airflow/example_dags/example_branch_python_dop_operator_3.py took 0.049 seconds
[2026-05-16T19:23:59.653+0000] {processor.py:161} INFO - Started process (PID=7505) to work on /home/airflow/.local/lib/python3.12/site-packages/airflow/example_dags/example_branch_python_dop_operator_3.py
[2026-05-16T19:23:59.654+0000] {processor.py:830} INFO - Processing file /home/airflow/.local/lib/python3.12/site-packages/airflow/example_dags/example_branch_python_dop_operator_3.py for tasks to queue
[2026-05-16T19:23:59.655+0000] {logging_mixin.py:188} INFO - [2026-05-16T19:23:59.654+0000] {dagbag.py:545} INFO - Filling up the DagBag from /home/airflow/.local/lib/python3.12/site-packages/airflow/example_dags/example_branch_python_dop_operator_3.py
[2026-05-16T19:23:59.658+0000] {processor.py:840} INFO - DAG(s) 'example_branch_dop_operator_v3' retrieved from /home/airflow/.local/lib/python3.12/site-packages/airflow/example_dags/example_branch_python_dop_operator_3.py
[2026-05-16T19:23:59.665+0000] {logging_mixin.py:188} INFO - [2026-05-16T19:23:59.665+0000] {dag.py:3089} INFO - Sync 1 DAGs
[2026-05-16T19:23:59.674+0000] {logging_mixin.py:188} INFO - [2026-05-16T19:23:59.673+0000] {dag.py:3947} INFO - Setting next_dagrun for example_branch_dop_operator_v3 to 2026-05-16 19:22:00+00:00, run_after=2026-05-16 19:23:00+00:00
[2026-05-16T19:23:59.679+0000] {processor.py:183} INFO - Processing /home/airflow/.local/lib/python3.12/site-packages/airflow/example_dags/example_branch_python_dop_operator_3.py took 0.029 seconds
[2026-05-16T20:13:35.882+0000] {processor.py:161} INFO - Started process (PID=7561) to work on /home/airflow/.local/lib/python3.12/site-packages/airflow/example_dags/example_branch_python_dop_operator_3.py
[2026-05-16T20:13:35.882+0000] {processor.py:830} INFO - Processing file /home/airflow/.local/lib/python3.12/site-packages/airflow/example_dags/example_branch_python_dop_operator_3.py for tasks to queue
[2026-05-16T20:13:35.883+0000] {logging_mixin.py:188} INFO - [2026-05-16T20:13:35.883+0000] {dagbag.py:545} INFO - Filling up the DagBag from /home/airflow/.local/lib/python3.12/site-packages/airflow/example_dags/example_branch_python_dop_operator_3.py
[2026-05-16T20:13:35.887+0000] {processor.py:840} INFO - DAG(s) 'example_branch_dop_operator_v3' retrieved from /home/airflow/.local/lib/python3.12/site-packages/airflow/example_dags/example_branch_python_dop_operator_3.py
[2026-05-16T20:13:35.897+0000] {logging_mixin.py:188} INFO - [2026-05-16T20:13:35.897+0000] {dag.py:3089} INFO - Sync 1 DAGs
[2026-05-16T20:13:35.908+0000] {logging_mixin.py:188} INFO - [2026-05-16T20:13:35.908+0000] {dag.py:3947} INFO - Setting next_dagrun for example_branch_dop_operator_v3 to 2026-05-16 20:12:00+00:00, run_after=2026-05-16 20:13:00+00:00
[2026-05-16T20:13:35.914+0000] {processor.py:183} INFO - Processing /home/airflow/.local/lib/python3.12/site-packages/airflow/example_dags/example_branch_python_dop_operator_3.py took 0.037 seconds
[2026-05-16T20:14:06.417+0000] {processor.py:161} INFO - Started process (PID=7623) to work on /home/airflow/.local/lib/python3.12/site-packages/airflow/example_dags/example_branch_python_dop_operator_3.py
[2026-05-16T20:14:06.417+0000] {processor.py:830} INFO - Processing file /home/airflow/.local/lib/python3.12/site-packages/airflow/example_dags/example_branch_python_dop_operator_3.py for tasks to queue
[2026-05-16T20:14:06.418+0000] {logging_mixin.py:188} INFO - [2026-05-16T20:14:06.418+0000] {dagbag.py:545} INFO - Filling up the DagBag from /home/airflow/.local/lib/python3.12/site-packages/airflow/example_dags/example_branch_python_dop_operator_3.py
[2026-05-16T20:14:06.421+0000] {processor.py:840} INFO - DAG(s) 'example_branch_dop_operator_v3' retrieved from /home/airflow/.local/lib/python3.12/site-packages/airflow/example_dags/example_branch_python_dop_operator_3.py
[2026-05-16T20:14:06.428+0000] {logging_mixin.py:188} INFO - [2026-05-16T20:14:06.428+0000] {dag.py:3089} INFO - Sync 1 DAGs
[2026-05-16T20:14:06.435+0000] {logging_mixin.py:188} INFO - [2026-05-16T20:14:06.435+0000] {dag.py:3947} INFO - Setting next_dagrun for example_branch_dop_operator_v3 to 2026-05-16 20:13:00+00:00, run_after=2026-05-16 20:14:00+00:00
[2026-05-16T20:14:06.441+0000] {processor.py:183} INFO - Processing /home/airflow/.local/lib/python3.12/site-packages/airflow/example_dags/example_branch_python_dop_operator_3.py took 0.026 seconds
[2026-05-16T20:14:36.727+0000] {processor.py:161} INFO - Started process (PID=7685) to work on /home/airflow/.local/lib/python3.12/site-packages/airflow/example_dags/example_branch_python_dop_operator_3.py
[2026-05-16T20:14:36.728+0000] {processor.py:830} INFO - Processing file /home/airflow/.local/lib/python3.12/site-packages/airflow/example_dags/example_branch_python_dop_operator_3.py for tasks to queue
[2026-05-16T20:14:36.728+0000] {logging_mixin.py:188} INFO - [2026-05-16T20:14:36.728+0000] {dagbag.py:545} INFO - Filling up the DagBag from /home/airflow/.local/lib/python3.12/site-packages/airflow/example_dags/example_branch_python_dop_operator_3.py
[2026-05-16T20:14:36.731+0000] {processor.py:840} INFO - DAG(s) 'example_branch_dop_operator_v3' retrieved from /home/airflow/.local/lib/python3.12/site-packages/airflow/example_dags/example_branch_python_dop_operator_3.py
[2026-05-16T20:14:36.737+0000] {logging_mixin.py:188} INFO - [2026-05-16T20:14:36.737+0000] {dag.py:3089} INFO - Sync 1 DAGs
[2026-05-16T20:14:36.744+0000] {logging_mixin.py:188} INFO - [2026-05-16T20:14:36.744+0000] {dag.py:3947} INFO - Setting next_dagrun for example_branch_dop_operator_v3 to 2026-05-16 20:13:00+00:00, run_after=2026-05-16 20:14:00+00:00
[2026-05-16T20:14:36.750+0000] {processor.py:183} INFO - Processing /home/airflow/.local/lib/python3.12/site-packages/airflow/example_dags/example_branch_python_dop_operator_3.py took 0.025 seconds
[2026-05-16T20:15:07.086+0000] {processor.py:161} INFO - Started process (PID=7747) to work on /home/airflow/.local/lib/python3.12/site-packages/airflow/example_dags/example_branch_python_dop_operator_3.py
[2026-05-16T20:15:07.086+0000] {processor.py:830} INFO - Processing file /home/airflow/.local/lib/python3.12/site-packages/airflow/example_dags/example_branch_python_dop_operator_3.py for tasks to queue
[2026-05-16T20:15:07.087+0000] {logging_mixin.py:188} INFO - [2026-05-16T20:15:07.087+0000] {dagbag.py:545} INFO - Filling up the DagBag from /home/airflow/.local/lib/python3.12/site-packages/airflow/example_dags/example_branch_python_dop_operator_3.py
[2026-05-16T20:15:07.090+0000] {processor.py:840} INFO - DAG(s) 'example_branch_dop_operator_v3' retrieved from /home/airflow/.local/lib/python3.12/site-packages/airflow/example_dags/example_branch_python_dop_operator_3.py
[2026-05-16T20:15:07.097+0000] {logging_mixin.py:188} INFO - [2026-05-16T20:15:07.097+0000] {dag.py:3089} INFO - Sync 1 DAGs
[2026-05-16T20:15:07.104+0000] {logging_mixin.py:188} INFO - [2026-05-16T20:15:07.104+0000] {dag.py:3947} INFO - Setting next_dagrun for example_branch_dop_operator_v3 to 2026-05-16 20:14:00+00:00, run_after=2026-05-16 20:15:00+00:00
[2026-05-16T20:15:07.109+0000] {processor.py:183} INFO - Processing /home/airflow/.local/lib/python3.12/site-packages/airflow/example_dags/example_branch_python_dop_operator_3.py took 0.025 seconds
[2026-05-16T20:15:37.468+0000] {processor.py:161} INFO - Started process (PID=7809) to work on /home/airflow/.local/lib/python3.12/site-packages/airflow/example_dags/example_branch_python_dop_operator_3.py
[2026-05-16T20:15:37.469+0000] {processor.py:830} INFO - Processing file /home/airflow/.local/lib/python3.12/site-packages/airflow/example_dags/example_branch_python_dop_operator_3.py for tasks to queue
[2026-05-16T20:15:37.470+0000] {logging_mixin.py:188} INFO - [2026-05-16T20:15:37.470+0000] {dagbag.py:545} INFO - Filling up the DagBag from /home/airflow/.local/lib/python3.12/site-packages/airflow/example_dags/example_branch_python_dop_operator_3.py
[2026-05-16T20:15:37.474+0000] {processor.py:840} INFO - DAG(s) 'example_branch_dop_operator_v3' retrieved from /home/airflow/.local/lib/python3.12/site-packages/airflow/example_dags/example_branch_python_dop_operator_3.py
[2026-05-16T20:15:37.485+0000] {logging_mixin.py:188} INFO - [2026-05-16T20:15:37.485+0000] {dag.py:3089} INFO - Sync 1 DAGs
[2026-05-16T20:15:37.494+0000] {logging_mixin.py:188} INFO - [2026-05-16T20:15:37.494+0000] {dag.py:3947} INFO - Setting next_dagrun for example_branch_dop_operator_v3 to 2026-05-16 20:14:00+00:00, run_after=2026-05-16 20:15:00+00:00
[2026-05-16T20:15:37.499+0000] {processor.py:183} INFO - Processing /home/airflow/.local/lib/python3.12/site-packages/airflow/example_dags/example_branch_python_dop_operator_3.py took 0.033 seconds
[2026-05-16T20:16:07.982+0000] {processor.py:161} INFO - Started process (PID=7871) to work on /home/airflow/.local/lib/python3.12/site-packages/airflow/example_dags/example_branch_python_dop_operator_3.py
[2026-05-16T20:16:07.983+0000] {processor.py:830} INFO - Processing file /home/airflow/.local/lib/python3.12/site-packages/airflow/example_dags/example_branch_python_dop_operator_3.py for tasks to queue
[2026-05-16T20:16:07.984+0000] {logging_mixin.py:188} INFO - [2026-05-16T20:16:07.983+0000] {dagbag.py:545} INFO - Filling up the DagBag from /home/airflow/.local/lib/python3.12/site-packages/airflow/example_dags/example_branch_python_dop_operator_3.py
[2026-05-16T20:16:07.989+0000] {processor.py:840} INFO - DAG(s) 'example_branch_dop_operator_v3' retrieved from /home/airflow/.local/lib/python3.12/site-packages/airflow/example_dags/example_branch_python_dop_operator_3.py
[2026-05-16T20:16:07.998+0000] {logging_mixin.py:188} INFO - [2026-05-16T20:16:07.998+0000] {dag.py:3089} INFO - Sync 1 DAGs
[2026-05-16T20:16:08.006+0000] {logging_mixin.py:188} INFO - [2026-05-16T20:16:08.006+0000] {dag.py:3947} INFO - Setting next_dagrun for example_branch_dop_operator_v3 to 2026-05-16 20:15:00+00:00, run_after=2026-05-16 20:16:00+00:00
[2026-05-16T20:16:08.011+0000] {processor.py:183} INFO - Processing /home/airflow/.local/lib/python3.12/site-packages/airflow/example_dags/example_branch_python_dop_operator_3.py took 0.031 seconds
[2026-05-16T20:16:38.514+0000] {processor.py:161} INFO - Started process (PID=7933) to work on /home/airflow/.local/lib/python3.12/site-packages/airflow/example_dags/example_branch_python_dop_operator_3.py
[2026-05-16T20:16:38.514+0000] {processor.py:830} INFO - Processing file /home/airflow/.local/lib/python3.12/site-packages/airflow/example_dags/example_branch_python_dop_operator_3.py for tasks to queue
[2026-05-16T20:16:38.515+0000] {logging_mixin.py:188} INFO - [2026-05-16T20:16:38.515+0000] {dagbag.py:545} INFO - Filling up the DagBag from /home/airflow/.local/lib/python3.12/site-packages/airflow/example_dags/example_branch_python_dop_operator_3.py
[2026-05-16T20:16:38.518+0000] {processor.py:840} INFO - DAG(s) 'example_branch_dop_operator_v3' retrieved from /home/airflow/.local/lib/python3.12/site-packages/airflow/example_dags/example_branch_python_dop_operator_3.py
[2026-05-16T20:16:38.525+0000] {logging_mixin.py:188} INFO - [2026-05-16T20:16:38.525+0000] {dag.py:3089} INFO - Sync 1 DAGs
[2026-05-16T20:16:38.532+0000] {logging_mixin.py:188} INFO - [2026-05-16T20:16:38.532+0000] {dag.py:3947} INFO - Setting next_dagrun for example_branch_dop_operator_v3 to 2026-05-16 20:15:00+00:00, run_after=2026-05-16 20:16:00+00:00
[2026-05-16T20:16:38.538+0000] {processor.py:183} INFO - Processing /home/airflow/.local/lib/python3.12/site-packages/airflow/example_dags/example_branch_python_dop_operator_3.py took 0.026 seconds
[2026-05-16T20:17:09.390+0000] {processor.py:161} INFO - Started process (PID=7995) to work on /home/airflow/.local/lib/python3.12/site-packages/airflow/example_dags/example_branch_python_dop_operator_3.py
[2026-05-16T20:17:09.390+0000] {processor.py:830} INFO - Processing file /home/airflow/.local/lib/python3.12/site-packages/airflow/example_dags/example_branch_python_dop_operator_3.py for tasks to queue
[2026-05-16T20:17:09.391+0000] {logging_mixin.py:188} INFO - [2026-05-16T20:17:09.391+0000] {dagbag.py:545} INFO - Filling up the DagBag from /home/airflow/.local/lib/python3.12/site-packages/airflow/example_dags/example_branch_python_dop_operator_3.py
[2026-05-16T20:17:09.397+0000] {processor.py:840} INFO - DAG(s) 'example_branch_dop_operator_v3' retrieved from /home/airflow/.local/lib/python3.12/site-packages/airflow/example_dags/example_branch_python_dop_operator_3.py
[2026-05-16T20:17:09.403+0000] {logging_mixin.py:188} INFO - [2026-05-16T20:17:09.403+0000] {dag.py:3089} INFO - Sync 1 DAGs
[2026-05-16T20:17:09.411+0000] {logging_mixin.py:188} INFO - [2026-05-16T20:17:09.411+0000] {dag.py:3947} INFO - Setting next_dagrun for example_branch_dop_operator_v3 to 2026-05-16 20:16:00+00:00, run_after=2026-05-16 20:17:00+00:00
[2026-05-16T20:17:09.416+0000] {processor.py:183} INFO - Processing /home/airflow/.local/lib/python3.12/site-packages/airflow/example_dags/example_branch_python_dop_operator_3.py took 0.028 seconds
[2026-05-16T20:17:39.751+0000] {processor.py:161} INFO - Started process (PID=8057) to work on /home/airflow/.local/lib/python3.12/site-packages/airflow/example_dags/example_branch_python_dop_operator_3.py
[2026-05-16T20:17:39.751+0000] {processor.py:830} INFO - Processing file /home/airflow/.local/lib/python3.12/site-packages/airflow/example_dags/example_branch_python_dop_operator_3.py for tasks to queue
[2026-05-16T20:17:39.752+0000] {logging_mixin.py:188} INFO - [2026-05-16T20:17:39.751+0000] {dagbag.py:545} INFO - Filling up the DagBag from /home/airflow/.local/lib/python3.12/site-packages/airflow/example_dags/example_branch_python_dop_operator_3.py
[2026-05-16T20:17:39.754+0000] {processor.py:840} INFO - DAG(s) 'example_branch_dop_operator_v3' retrieved from /home/airflow/.local/lib/python3.12/site-packages/airflow/example_dags/example_branch_python_dop_operator_3.py
[2026-05-16T20:17:39.761+0000] {logging_mixin.py:188} INFO - [2026-05-16T20:17:39.761+0000] {dag.py:3089} INFO - Sync 1 DAGs
[2026-05-16T20:17:39.768+0000] {logging_mixin.py:188} INFO - [2026-05-16T20:17:39.768+0000] {dag.py:3947} INFO - Setting next_dagrun for example_branch_dop_operator_v3 to 2026-05-16 20:16:00+00:00, run_after=2026-05-16 20:17:00+00:00
[2026-05-16T20:17:39.774+0000] {processor.py:183} INFO - Processing /home/airflow/.local/lib/python3.12/site-packages/airflow/example_dags/example_branch_python_dop_operator_3.py took 0.026 seconds
[2026-05-16T20:18:10.099+0000] {processor.py:161} INFO - Started process (PID=8119) to work on /home/airflow/.local/lib/python3.12/site-packages/airflow/example_dags/example_branch_python_dop_operator_3.py
[2026-05-16T20:18:10.099+0000] {processor.py:830} INFO - Processing file /home/airflow/.local/lib/python3.12/site-packages/airflow/example_dags/example_branch_python_dop_operator_3.py for tasks to queue
[2026-05-16T20:18:10.099+0000] {logging_mixin.py:188} INFO - [2026-05-16T20:18:10.099+0000] {dagbag.py:545} INFO - Filling up the DagBag from /home/airflow/.local/lib/python3.12/site-packages/airflow/example_dags/example_branch_python_dop_operator_3.py
[2026-05-16T20:18:10.102+0000] {processor.py:840} INFO - DAG(s) 'example_branch_dop_operator_v3' retrieved from /home/airflow/.local/lib/python3.12/site-packages/airflow/example_dags/example_branch_python_dop_operator_3.py
[2026-05-16T20:18:10.109+0000] {logging_mixin.py:188} INFO - [2026-05-16T20:18:10.109+0000] {dag.py:3089} INFO - Sync 1 DAGs
[2026-05-16T20:18:10.116+0000] {logging_mixin.py:188} INFO - [2026-05-16T20:18:10.116+0000] {dag.py:3947} INFO - Setting next_dagrun for example_branch_dop_operator_v3 to 2026-05-16 20:17:00+00:00, run_after=2026-05-16 20:18:00+00:00
[2026-05-16T20:18:10.122+0000] {processor.py:183} INFO - Processing /home/airflow/.local/lib/python3.12/site-packages/airflow/example_dags/example_branch_python_dop_operator_3.py took 0.025 seconds
[2026-05-16T20:18:40.547+0000] {processor.py:161} INFO - Started process (PID=8181) to work on /home/airflow/.local/lib/python3.12/site-packages/airflow/example_dags/example_branch_python_dop_operator_3.py
[2026-05-16T20:18:40.548+0000] {processor.py:830} INFO - Processing file /home/airflow/.local/lib/python3.12/site-packages/airflow/example_dags/example_branch_python_dop_operator_3.py for tasks to queue
[2026-05-16T20:18:40.548+0000] {logging_mixin.py:188} INFO - [2026-05-16T20:18:40.548+0000] {dagbag.py:545} INFO - Filling up the DagBag from /home/airflow/.local/lib/python3.12/site-packages/airflow/example_dags/example_branch_python_dop_operator_3.py
[2026-05-16T20:18:40.551+0000] {processor.py:840} INFO - DAG(s) 'example_branch_dop_operator_v3' retrieved from /home/airflow/.local/lib/python3.12/site-packages/airflow/example_dags/example_branch_python_dop_operator_3.py
[2026-05-16T20:18:40.558+0000] {logging_mixin.py:188} INFO - [2026-05-16T20:18:40.558+0000] {dag.py:3089} INFO - Sync 1 DAGs
[2026-05-16T20:18:40.565+0000] {logging_mixin.py:188} INFO - [2026-05-16T20:18:40.565+0000] {dag.py:3947} INFO - Setting next_dagrun for example_branch_dop_operator_v3 to 2026-05-16 20:17:00+00:00, run_after=2026-05-16 20:18:00+00:00
[2026-05-16T20:18:40.570+0000] {processor.py:183} INFO - Processing /home/airflow/.local/lib/python3.12/site-packages/airflow/example_dags/example_branch_python_dop_operator_3.py took 0.026 seconds
[2026-05-16T20:19:10.992+0000] {processor.py:161} INFO - Started process (PID=8242) to work on /home/airflow/.local/lib/python3.12/site-packages/airflow/example_dags/example_branch_python_dop_operator_3.py
[2026-05-16T20:19:10.993+0000] {processor.py:830} INFO - Processing file /home/airflow/.local/lib/python3.12/site-packages/airflow/example_dags/example_branch_python_dop_operator_3.py for tasks to queue
[2026-05-16T20:19:10.993+0000] {logging_mixin.py:188} INFO - [2026-05-16T20:19:10.993+0000] {dagbag.py:545} INFO - Filling up the DagBag from /home/airflow/.local/lib/python3.12/site-packages/airflow/example_dags/example_branch_python_dop_operator_3.py
[2026-05-16T20:19:10.997+0000] {processor.py:840} INFO - DAG(s) 'example_branch_dop_operator_v3' retrieved from /home/airflow/.local/lib/python3.12/site-packages/airflow/example_dags/example_branch_python_dop_operator_3.py
[2026-05-16T20:19:11.006+0000] {logging_mixin.py:188} INFO - [2026-05-16T20:19:11.006+0000] {dag.py:3089} INFO - Sync 1 DAGs
[2026-05-16T20:19:11.014+0000] {logging_mixin.py:188} INFO - [2026-05-16T20:19:11.014+0000] {dag.py:3947} INFO - Setting next_dagrun for example_branch_dop_operator_v3 to 2026-05-16 20:18:00+00:00, run_after=2026-05-16 20:19:00+00:00
[2026-05-16T20:19:11.019+0000] {processor.py:183} INFO - Processing /home/airflow/.local/lib/python3.12/site-packages/airflow/example_dags/example_branch_python_dop_operator_3.py took 0.029 seconds
[2026-05-16T20:19:41.388+0000] {processor.py:161} INFO - Started process (PID=8304) to work on /home/airflow/.local/lib/python3.12/site-packages/airflow/example_dags/example_branch_python_dop_operator_3.py
[2026-05-16T20:19:41.388+0000] {processor.py:830} INFO - Processing file /home/airflow/.local/lib/python3.12/site-packages/airflow/example_dags/example_branch_python_dop_operator_3.py for tasks to queue
[2026-05-16T20:19:41.389+0000] {logging_mixin.py:188} INFO - [2026-05-16T20:19:41.389+0000] {dagbag.py:545} INFO - Filling up the DagBag from /home/airflow/.local/lib/python3.12/site-packages/airflow/example_dags/example_branch_python_dop_operator_3.py
[2026-05-16T20:19:41.392+0000] {processor.py:840} INFO - DAG(s) 'example_branch_dop_operator_v3' retrieved from /home/airflow/.local/lib/python3.12/site-packages/airflow/example_dags/example_branch_python_dop_operator_3.py
[2026-05-16T20:19:41.399+0000] {logging_mixin.py:188} INFO - [2026-05-16T20:19:41.399+0000] {dag.py:3089} INFO - Sync 1 DAGs
[2026-05-16T20:19:41.407+0000] {logging_mixin.py:188} INFO - [2026-05-16T20:19:41.407+0000] {dag.py:3947} INFO - Setting next_dagrun for example_branch_dop_operator_v3 to 2026-05-16 20:18:00+00:00, run_after=2026-05-16 20:19:00+00:00
[2026-05-16T20:19:41.412+0000] {processor.py:183} INFO - Processing /home/airflow/.local/lib/python3.12/site-packages/airflow/example_dags/example_branch_python_dop_operator_3.py took 0.027 seconds
