[2026-05-16T00:22:58.949+0000] {processor.py:161} INFO - Started process (PID=746) to work on /home/airflow/.local/lib/python3.12/site-packages/airflow/example_dags/tutorial_dag.py
[2026-05-16T00:22:58.950+0000] {processor.py:830} INFO - Processing file /home/airflow/.local/lib/python3.12/site-packages/airflow/example_dags/tutorial_dag.py for tasks to queue
[2026-05-16T00:22:58.951+0000] {logging_mixin.py:188} INFO - [2026-05-16T00:22:58.951+0000] {dagbag.py:545} INFO - Filling up the DagBag from /home/airflow/.local/lib/python3.12/site-packages/airflow/example_dags/tutorial_dag.py
[2026-05-16T00:22:58.954+0000] {processor.py:840} INFO - DAG(s) 'tutorial_dag' retrieved from /home/airflow/.local/lib/python3.12/site-packages/airflow/example_dags/tutorial_dag.py
[2026-05-16T00:22:58.968+0000] {logging_mixin.py:188} INFO - [2026-05-16T00:22:58.968+0000] {dag.py:3089} INFO - Sync 1 DAGs
[2026-05-16T00:22:58.975+0000] {logging_mixin.py:188} INFO - [2026-05-16T00:22:58.975+0000] {dag.py:3947} INFO - Setting next_dagrun for tutorial_dag to None, run_after=None
[2026-05-16T00:22:58.983+0000] {processor.py:183} INFO - Processing /home/airflow/.local/lib/python3.12/site-packages/airflow/example_dags/tutorial_dag.py took 0.036 seconds
[2026-05-16T01:00:08.325+0000] {processor.py:161} INFO - Started process (PID=820) to work on /home/airflow/.local/lib/python3.12/site-packages/airflow/example_dags/tutorial_dag.py
[2026-05-16T01:00:08.326+0000] {processor.py:830} INFO - Processing file /home/airflow/.local/lib/python3.12/site-packages/airflow/example_dags/tutorial_dag.py for tasks to queue
[2026-05-16T01:00:08.326+0000] {logging_mixin.py:188} INFO - [2026-05-16T01:00:08.326+0000] {dagbag.py:545} INFO - Filling up the DagBag from /home/airflow/.local/lib/python3.12/site-packages/airflow/example_dags/tutorial_dag.py
[2026-05-16T01:00:08.329+0000] {processor.py:840} INFO - DAG(s) 'tutorial_dag' retrieved from /home/airflow/.local/lib/python3.12/site-packages/airflow/example_dags/tutorial_dag.py
[2026-05-16T01:00:08.336+0000] {logging_mixin.py:188} INFO - [2026-05-16T01:00:08.336+0000] {dag.py:3089} INFO - Sync 1 DAGs
[2026-05-16T01:00:08.341+0000] {logging_mixin.py:188} INFO - [2026-05-16T01:00:08.341+0000] {dag.py:3947} INFO - Setting next_dagrun for tutorial_dag to None, run_after=None
[2026-05-16T01:00:08.347+0000] {processor.py:183} INFO - Processing /home/airflow/.local/lib/python3.12/site-packages/airflow/example_dags/tutorial_dag.py took 0.024 seconds
[2026-05-16T01:15:40.647+0000] {processor.py:161} INFO - Started process (PID=878) to work on /home/airflow/.local/lib/python3.12/site-packages/airflow/example_dags/tutorial_dag.py
[2026-05-16T01:15:40.648+0000] {processor.py:830} INFO - Processing file /home/airflow/.local/lib/python3.12/site-packages/airflow/example_dags/tutorial_dag.py for tasks to queue
[2026-05-16T01:15:40.648+0000] {logging_mixin.py:188} INFO - [2026-05-16T01:15:40.648+0000] {dagbag.py:545} INFO - Filling up the DagBag from /home/airflow/.local/lib/python3.12/site-packages/airflow/example_dags/tutorial_dag.py
[2026-05-16T01:15:40.650+0000] {processor.py:840} INFO - DAG(s) 'tutorial_dag' retrieved from /home/airflow/.local/lib/python3.12/site-packages/airflow/example_dags/tutorial_dag.py
[2026-05-16T01:15:40.659+0000] {logging_mixin.py:188} INFO - [2026-05-16T01:15:40.659+0000] {dag.py:3089} INFO - Sync 1 DAGs
[2026-05-16T01:15:40.663+0000] {logging_mixin.py:188} INFO - [2026-05-16T01:15:40.663+0000] {dag.py:3947} INFO - Setting next_dagrun for tutorial_dag to None, run_after=None
[2026-05-16T01:15:40.668+0000] {processor.py:183} INFO - Processing /home/airflow/.local/lib/python3.12/site-packages/airflow/example_dags/tutorial_dag.py took 0.023 seconds
[2026-05-16T01:23:56.488+0000] {processor.py:161} INFO - Started process (PID=930) to work on /home/airflow/.local/lib/python3.12/site-packages/airflow/example_dags/tutorial_dag.py
[2026-05-16T01:23:56.488+0000] {processor.py:830} INFO - Processing file /home/airflow/.local/lib/python3.12/site-packages/airflow/example_dags/tutorial_dag.py for tasks to queue
[2026-05-16T01:23:56.489+0000] {logging_mixin.py:188} INFO - [2026-05-16T01:23:56.489+0000] {dagbag.py:545} INFO - Filling up the DagBag from /home/airflow/.local/lib/python3.12/site-packages/airflow/example_dags/tutorial_dag.py
[2026-05-16T01:23:56.492+0000] {processor.py:840} INFO - DAG(s) 'tutorial_dag' retrieved from /home/airflow/.local/lib/python3.12/site-packages/airflow/example_dags/tutorial_dag.py
[2026-05-16T01:23:56.500+0000] {logging_mixin.py:188} INFO - [2026-05-16T01:23:56.500+0000] {dag.py:3089} INFO - Sync 1 DAGs
[2026-05-16T01:23:56.505+0000] {logging_mixin.py:188} INFO - [2026-05-16T01:23:56.505+0000] {dag.py:3947} INFO - Setting next_dagrun for tutorial_dag to None, run_after=None
[2026-05-16T01:23:56.511+0000] {processor.py:183} INFO - Processing /home/airflow/.local/lib/python3.12/site-packages/airflow/example_dags/tutorial_dag.py took 0.026 seconds
[2026-05-16T01:41:38.981+0000] {processor.py:161} INFO - Started process (PID=982) to work on /home/airflow/.local/lib/python3.12/site-packages/airflow/example_dags/tutorial_dag.py
[2026-05-16T01:41:38.981+0000] {processor.py:830} INFO - Processing file /home/airflow/.local/lib/python3.12/site-packages/airflow/example_dags/tutorial_dag.py for tasks to queue
[2026-05-16T01:41:38.982+0000] {logging_mixin.py:188} INFO - [2026-05-16T01:41:38.982+0000] {dagbag.py:545} INFO - Filling up the DagBag from /home/airflow/.local/lib/python3.12/site-packages/airflow/example_dags/tutorial_dag.py
[2026-05-16T01:41:38.984+0000] {processor.py:840} INFO - DAG(s) 'tutorial_dag' retrieved from /home/airflow/.local/lib/python3.12/site-packages/airflow/example_dags/tutorial_dag.py
[2026-05-16T01:41:38.990+0000] {logging_mixin.py:188} INFO - [2026-05-16T01:41:38.990+0000] {dag.py:3089} INFO - Sync 1 DAGs
[2026-05-16T01:41:38.994+0000] {logging_mixin.py:188} INFO - [2026-05-16T01:41:38.994+0000] {dag.py:3947} INFO - Setting next_dagrun for tutorial_dag to None, run_after=None
[2026-05-16T01:41:38.998+0000] {processor.py:183} INFO - Processing /home/airflow/.local/lib/python3.12/site-packages/airflow/example_dags/tutorial_dag.py took 0.019 seconds
[2026-05-16T01:42:09.216+0000] {processor.py:161} INFO - Started process (PID=1040) to work on /home/airflow/.local/lib/python3.12/site-packages/airflow/example_dags/tutorial_dag.py
[2026-05-16T01:42:09.217+0000] {processor.py:830} INFO - Processing file /home/airflow/.local/lib/python3.12/site-packages/airflow/example_dags/tutorial_dag.py for tasks to queue
[2026-05-16T01:42:09.218+0000] {logging_mixin.py:188} INFO - [2026-05-16T01:42:09.217+0000] {dagbag.py:545} INFO - Filling up the DagBag from /home/airflow/.local/lib/python3.12/site-packages/airflow/example_dags/tutorial_dag.py
[2026-05-16T01:42:09.219+0000] {processor.py:840} INFO - DAG(s) 'tutorial_dag' retrieved from /home/airflow/.local/lib/python3.12/site-packages/airflow/example_dags/tutorial_dag.py
[2026-05-16T01:42:09.227+0000] {logging_mixin.py:188} INFO - [2026-05-16T01:42:09.227+0000] {dag.py:3089} INFO - Sync 1 DAGs
[2026-05-16T01:42:09.230+0000] {logging_mixin.py:188} INFO - [2026-05-16T01:42:09.230+0000] {dag.py:3947} INFO - Setting next_dagrun for tutorial_dag to None, run_after=None
[2026-05-16T01:42:09.235+0000] {processor.py:183} INFO - Processing /home/airflow/.local/lib/python3.12/site-packages/airflow/example_dags/tutorial_dag.py took 0.021 seconds
[2026-05-16T02:58:06.395+0000] {processor.py:161} INFO - Started process (PID=1096) to work on /home/airflow/.local/lib/python3.12/site-packages/airflow/example_dags/tutorial_dag.py
[2026-05-16T02:58:06.395+0000] {processor.py:830} INFO - Processing file /home/airflow/.local/lib/python3.12/site-packages/airflow/example_dags/tutorial_dag.py for tasks to queue
[2026-05-16T02:58:06.396+0000] {logging_mixin.py:188} INFO - [2026-05-16T02:58:06.396+0000] {dagbag.py:545} INFO - Filling up the DagBag from /home/airflow/.local/lib/python3.12/site-packages/airflow/example_dags/tutorial_dag.py
[2026-05-16T02:58:06.398+0000] {processor.py:840} INFO - DAG(s) 'tutorial_dag' retrieved from /home/airflow/.local/lib/python3.12/site-packages/airflow/example_dags/tutorial_dag.py
[2026-05-16T02:58:06.405+0000] {logging_mixin.py:188} INFO - [2026-05-16T02:58:06.405+0000] {dag.py:3089} INFO - Sync 1 DAGs
[2026-05-16T02:58:06.409+0000] {logging_mixin.py:188} INFO - [2026-05-16T02:58:06.409+0000] {dag.py:3947} INFO - Setting next_dagrun for tutorial_dag to None, run_after=None
[2026-05-16T02:58:06.414+0000] {processor.py:183} INFO - Processing /home/airflow/.local/lib/python3.12/site-packages/airflow/example_dags/tutorial_dag.py took 0.021 seconds
[2026-05-16T03:24:45.817+0000] {processor.py:161} INFO - Started process (PID=1148) to work on /home/airflow/.local/lib/python3.12/site-packages/airflow/example_dags/tutorial_dag.py
[2026-05-16T03:24:45.817+0000] {processor.py:830} INFO - Processing file /home/airflow/.local/lib/python3.12/site-packages/airflow/example_dags/tutorial_dag.py for tasks to queue
[2026-05-16T03:24:45.818+0000] {logging_mixin.py:188} INFO - [2026-05-16T03:24:45.818+0000] {dagbag.py:545} INFO - Filling up the DagBag from /home/airflow/.local/lib/python3.12/site-packages/airflow/example_dags/tutorial_dag.py
[2026-05-16T03:24:45.820+0000] {processor.py:840} INFO - DAG(s) 'tutorial_dag' retrieved from /home/airflow/.local/lib/python3.12/site-packages/airflow/example_dags/tutorial_dag.py
[2026-05-16T03:24:45.827+0000] {logging_mixin.py:188} INFO - [2026-05-16T03:24:45.827+0000] {dag.py:3089} INFO - Sync 1 DAGs
[2026-05-16T03:24:45.831+0000] {logging_mixin.py:188} INFO - [2026-05-16T03:24:45.830+0000] {dag.py:3947} INFO - Setting next_dagrun for tutorial_dag to None, run_after=None
[2026-05-16T03:24:45.835+0000] {processor.py:183} INFO - Processing /home/airflow/.local/lib/python3.12/site-packages/airflow/example_dags/tutorial_dag.py took 0.020 seconds
[2026-05-16T03:25:16.277+0000] {processor.py:161} INFO - Started process (PID=1206) to work on /home/airflow/.local/lib/python3.12/site-packages/airflow/example_dags/tutorial_dag.py
[2026-05-16T03:25:16.278+0000] {processor.py:830} INFO - Processing file /home/airflow/.local/lib/python3.12/site-packages/airflow/example_dags/tutorial_dag.py for tasks to queue
[2026-05-16T03:25:16.278+0000] {logging_mixin.py:188} INFO - [2026-05-16T03:25:16.278+0000] {dagbag.py:545} INFO - Filling up the DagBag from /home/airflow/.local/lib/python3.12/site-packages/airflow/example_dags/tutorial_dag.py
[2026-05-16T03:25:16.280+0000] {processor.py:840} INFO - DAG(s) 'tutorial_dag' retrieved from /home/airflow/.local/lib/python3.12/site-packages/airflow/example_dags/tutorial_dag.py
[2026-05-16T03:25:16.290+0000] {logging_mixin.py:188} INFO - [2026-05-16T03:25:16.289+0000] {dag.py:3089} INFO - Sync 1 DAGs
[2026-05-16T03:25:16.293+0000] {logging_mixin.py:188} INFO - [2026-05-16T03:25:16.293+0000] {dag.py:3947} INFO - Setting next_dagrun for tutorial_dag to None, run_after=None
[2026-05-16T03:25:16.298+0000] {processor.py:183} INFO - Processing /home/airflow/.local/lib/python3.12/site-packages/airflow/example_dags/tutorial_dag.py took 0.023 seconds
[2026-05-16T03:36:43.651+0000] {processor.py:161} INFO - Started process (PID=1281) to work on /home/airflow/.local/lib/python3.12/site-packages/airflow/example_dags/tutorial_dag.py
[2026-05-16T03:36:43.652+0000] {processor.py:830} INFO - Processing file /home/airflow/.local/lib/python3.12/site-packages/airflow/example_dags/tutorial_dag.py for tasks to queue
[2026-05-16T03:36:43.652+0000] {logging_mixin.py:188} INFO - [2026-05-16T03:36:43.652+0000] {dagbag.py:545} INFO - Filling up the DagBag from /home/airflow/.local/lib/python3.12/site-packages/airflow/example_dags/tutorial_dag.py
[2026-05-16T03:36:43.655+0000] {processor.py:840} INFO - DAG(s) 'tutorial_dag' retrieved from /home/airflow/.local/lib/python3.12/site-packages/airflow/example_dags/tutorial_dag.py
[2026-05-16T03:36:43.663+0000] {logging_mixin.py:188} INFO - [2026-05-16T03:36:43.663+0000] {dag.py:3089} INFO - Sync 1 DAGs
[2026-05-16T03:36:43.668+0000] {logging_mixin.py:188} INFO - [2026-05-16T03:36:43.668+0000] {dag.py:3947} INFO - Setting next_dagrun for tutorial_dag to None, run_after=None
[2026-05-16T03:36:43.673+0000] {processor.py:183} INFO - Processing /home/airflow/.local/lib/python3.12/site-packages/airflow/example_dags/tutorial_dag.py took 0.024 seconds
[2026-05-16T03:41:24.268+0000] {processor.py:161} INFO - Started process (PID=1338) to work on /home/airflow/.local/lib/python3.12/site-packages/airflow/example_dags/tutorial_dag.py
[2026-05-16T03:41:24.268+0000] {processor.py:830} INFO - Processing file /home/airflow/.local/lib/python3.12/site-packages/airflow/example_dags/tutorial_dag.py for tasks to queue
[2026-05-16T03:41:24.269+0000] {logging_mixin.py:188} INFO - [2026-05-16T03:41:24.269+0000] {dagbag.py:545} INFO - Filling up the DagBag from /home/airflow/.local/lib/python3.12/site-packages/airflow/example_dags/tutorial_dag.py
[2026-05-16T03:41:24.271+0000] {processor.py:840} INFO - DAG(s) 'tutorial_dag' retrieved from /home/airflow/.local/lib/python3.12/site-packages/airflow/example_dags/tutorial_dag.py
[2026-05-16T03:41:24.278+0000] {logging_mixin.py:188} INFO - [2026-05-16T03:41:24.278+0000] {dag.py:3089} INFO - Sync 1 DAGs
[2026-05-16T03:41:24.282+0000] {logging_mixin.py:188} INFO - [2026-05-16T03:41:24.282+0000] {dag.py:3947} INFO - Setting next_dagrun for tutorial_dag to None, run_after=None
[2026-05-16T03:41:24.287+0000] {processor.py:183} INFO - Processing /home/airflow/.local/lib/python3.12/site-packages/airflow/example_dags/tutorial_dag.py took 0.021 seconds
[2026-05-16T03:41:54.789+0000] {processor.py:161} INFO - Started process (PID=1396) to work on /home/airflow/.local/lib/python3.12/site-packages/airflow/example_dags/tutorial_dag.py
[2026-05-16T03:41:54.790+0000] {processor.py:830} INFO - Processing file /home/airflow/.local/lib/python3.12/site-packages/airflow/example_dags/tutorial_dag.py for tasks to queue
[2026-05-16T03:41:54.790+0000] {logging_mixin.py:188} INFO - [2026-05-16T03:41:54.790+0000] {dagbag.py:545} INFO - Filling up the DagBag from /home/airflow/.local/lib/python3.12/site-packages/airflow/example_dags/tutorial_dag.py
[2026-05-16T03:41:54.792+0000] {processor.py:840} INFO - DAG(s) 'tutorial_dag' retrieved from /home/airflow/.local/lib/python3.12/site-packages/airflow/example_dags/tutorial_dag.py
[2026-05-16T03:41:54.800+0000] {logging_mixin.py:188} INFO - [2026-05-16T03:41:54.800+0000] {dag.py:3089} INFO - Sync 1 DAGs
[2026-05-16T03:41:54.804+0000] {logging_mixin.py:188} INFO - [2026-05-16T03:41:54.804+0000] {dag.py:3947} INFO - Setting next_dagrun for tutorial_dag to None, run_after=None
[2026-05-16T03:41:54.809+0000] {processor.py:183} INFO - Processing /home/airflow/.local/lib/python3.12/site-packages/airflow/example_dags/tutorial_dag.py took 0.023 seconds
[2026-05-16T05:07:43.835+0000] {processor.py:161} INFO - Started process (PID=1448) to work on /home/airflow/.local/lib/python3.12/site-packages/airflow/example_dags/tutorial_dag.py
[2026-05-16T05:07:43.836+0000] {processor.py:830} INFO - Processing file /home/airflow/.local/lib/python3.12/site-packages/airflow/example_dags/tutorial_dag.py for tasks to queue
[2026-05-16T05:07:43.836+0000] {logging_mixin.py:188} INFO - [2026-05-16T05:07:43.836+0000] {dagbag.py:545} INFO - Filling up the DagBag from /home/airflow/.local/lib/python3.12/site-packages/airflow/example_dags/tutorial_dag.py
[2026-05-16T05:07:43.838+0000] {processor.py:840} INFO - DAG(s) 'tutorial_dag' retrieved from /home/airflow/.local/lib/python3.12/site-packages/airflow/example_dags/tutorial_dag.py
[2026-05-16T05:07:43.844+0000] {logging_mixin.py:188} INFO - [2026-05-16T05:07:43.844+0000] {dag.py:3089} INFO - Sync 1 DAGs
[2026-05-16T05:07:43.848+0000] {logging_mixin.py:188} INFO - [2026-05-16T05:07:43.848+0000] {dag.py:3947} INFO - Setting next_dagrun for tutorial_dag to None, run_after=None
[2026-05-16T05:07:43.853+0000] {processor.py:183} INFO - Processing /home/airflow/.local/lib/python3.12/site-packages/airflow/example_dags/tutorial_dag.py took 0.020 seconds
[2026-05-16T05:40:48.098+0000] {processor.py:161} INFO - Started process (PID=1506) to work on /home/airflow/.local/lib/python3.12/site-packages/airflow/example_dags/tutorial_dag.py
[2026-05-16T05:40:48.099+0000] {processor.py:830} INFO - Processing file /home/airflow/.local/lib/python3.12/site-packages/airflow/example_dags/tutorial_dag.py for tasks to queue
[2026-05-16T05:40:48.099+0000] {logging_mixin.py:188} INFO - [2026-05-16T05:40:48.099+0000] {dagbag.py:545} INFO - Filling up the DagBag from /home/airflow/.local/lib/python3.12/site-packages/airflow/example_dags/tutorial_dag.py
[2026-05-16T05:40:48.102+0000] {processor.py:840} INFO - DAG(s) 'tutorial_dag' retrieved from /home/airflow/.local/lib/python3.12/site-packages/airflow/example_dags/tutorial_dag.py
[2026-05-16T05:40:48.110+0000] {logging_mixin.py:188} INFO - [2026-05-16T05:40:48.110+0000] {dag.py:3089} INFO - Sync 1 DAGs
[2026-05-16T05:40:48.115+0000] {logging_mixin.py:188} INFO - [2026-05-16T05:40:48.115+0000] {dag.py:3947} INFO - Setting next_dagrun for tutorial_dag to None, run_after=None
[2026-05-16T05:40:48.121+0000] {processor.py:183} INFO - Processing /home/airflow/.local/lib/python3.12/site-packages/airflow/example_dags/tutorial_dag.py took 0.025 seconds
[2026-05-16T05:58:43.440+0000] {processor.py:161} INFO - Started process (PID=1558) to work on /home/airflow/.local/lib/python3.12/site-packages/airflow/example_dags/tutorial_dag.py
[2026-05-16T05:58:43.440+0000] {processor.py:830} INFO - Processing file /home/airflow/.local/lib/python3.12/site-packages/airflow/example_dags/tutorial_dag.py for tasks to queue
[2026-05-16T05:58:43.441+0000] {logging_mixin.py:188} INFO - [2026-05-16T05:58:43.441+0000] {dagbag.py:545} INFO - Filling up the DagBag from /home/airflow/.local/lib/python3.12/site-packages/airflow/example_dags/tutorial_dag.py
[2026-05-16T05:58:43.443+0000] {processor.py:840} INFO - DAG(s) 'tutorial_dag' retrieved from /home/airflow/.local/lib/python3.12/site-packages/airflow/example_dags/tutorial_dag.py
[2026-05-16T05:58:43.451+0000] {logging_mixin.py:188} INFO - [2026-05-16T05:58:43.451+0000] {dag.py:3089} INFO - Sync 1 DAGs
[2026-05-16T05:58:43.455+0000] {logging_mixin.py:188} INFO - [2026-05-16T05:58:43.455+0000] {dag.py:3947} INFO - Setting next_dagrun for tutorial_dag to None, run_after=None
[2026-05-16T05:58:43.460+0000] {processor.py:183} INFO - Processing /home/airflow/.local/lib/python3.12/site-packages/airflow/example_dags/tutorial_dag.py took 0.022 seconds
[2026-05-16T06:22:17.209+0000] {processor.py:161} INFO - Started process (PID=1616) to work on /home/airflow/.local/lib/python3.12/site-packages/airflow/example_dags/tutorial_dag.py
[2026-05-16T06:22:17.209+0000] {processor.py:830} INFO - Processing file /home/airflow/.local/lib/python3.12/site-packages/airflow/example_dags/tutorial_dag.py for tasks to queue
[2026-05-16T06:22:17.210+0000] {logging_mixin.py:188} INFO - [2026-05-16T06:22:17.210+0000] {dagbag.py:545} INFO - Filling up the DagBag from /home/airflow/.local/lib/python3.12/site-packages/airflow/example_dags/tutorial_dag.py
[2026-05-16T06:22:17.212+0000] {processor.py:840} INFO - DAG(s) 'tutorial_dag' retrieved from /home/airflow/.local/lib/python3.12/site-packages/airflow/example_dags/tutorial_dag.py
[2026-05-16T06:22:17.222+0000] {logging_mixin.py:188} INFO - [2026-05-16T06:22:17.222+0000] {dag.py:3089} INFO - Sync 1 DAGs
[2026-05-16T06:22:17.226+0000] {logging_mixin.py:188} INFO - [2026-05-16T06:22:17.226+0000] {dag.py:3947} INFO - Setting next_dagrun for tutorial_dag to None, run_after=None
[2026-05-16T06:22:17.232+0000] {processor.py:183} INFO - Processing /home/airflow/.local/lib/python3.12/site-packages/airflow/example_dags/tutorial_dag.py took 0.026 seconds
[2026-05-16T06:23:11.882+0000] {processor.py:161} INFO - Started process (PID=1674) to work on /home/airflow/.local/lib/python3.12/site-packages/airflow/example_dags/tutorial_dag.py
[2026-05-16T06:23:11.882+0000] {processor.py:830} INFO - Processing file /home/airflow/.local/lib/python3.12/site-packages/airflow/example_dags/tutorial_dag.py for tasks to queue
[2026-05-16T06:23:11.883+0000] {logging_mixin.py:188} INFO - [2026-05-16T06:23:11.883+0000] {dagbag.py:545} INFO - Filling up the DagBag from /home/airflow/.local/lib/python3.12/site-packages/airflow/example_dags/tutorial_dag.py
[2026-05-16T06:23:11.885+0000] {processor.py:840} INFO - DAG(s) 'tutorial_dag' retrieved from /home/airflow/.local/lib/python3.12/site-packages/airflow/example_dags/tutorial_dag.py
[2026-05-16T06:23:11.892+0000] {logging_mixin.py:188} INFO - [2026-05-16T06:23:11.891+0000] {dag.py:3089} INFO - Sync 1 DAGs
[2026-05-16T06:23:11.895+0000] {logging_mixin.py:188} INFO - [2026-05-16T06:23:11.895+0000] {dag.py:3947} INFO - Setting next_dagrun for tutorial_dag to None, run_after=None
[2026-05-16T06:23:11.900+0000] {processor.py:183} INFO - Processing /home/airflow/.local/lib/python3.12/site-packages/airflow/example_dags/tutorial_dag.py took 0.020 seconds
[2026-05-16T06:23:42.128+0000] {processor.py:161} INFO - Started process (PID=1732) to work on /home/airflow/.local/lib/python3.12/site-packages/airflow/example_dags/tutorial_dag.py
[2026-05-16T06:23:42.128+0000] {processor.py:830} INFO - Processing file /home/airflow/.local/lib/python3.12/site-packages/airflow/example_dags/tutorial_dag.py for tasks to queue
[2026-05-16T06:23:42.129+0000] {logging_mixin.py:188} INFO - [2026-05-16T06:23:42.128+0000] {dagbag.py:545} INFO - Filling up the DagBag from /home/airflow/.local/lib/python3.12/site-packages/airflow/example_dags/tutorial_dag.py
[2026-05-16T06:23:42.130+0000] {processor.py:840} INFO - DAG(s) 'tutorial_dag' retrieved from /home/airflow/.local/lib/python3.12/site-packages/airflow/example_dags/tutorial_dag.py
[2026-05-16T06:23:42.138+0000] {logging_mixin.py:188} INFO - [2026-05-16T06:23:42.138+0000] {dag.py:3089} INFO - Sync 1 DAGs
[2026-05-16T06:23:42.142+0000] {logging_mixin.py:188} INFO - [2026-05-16T06:23:42.141+0000] {dag.py:3947} INFO - Setting next_dagrun for tutorial_dag to None, run_after=None
[2026-05-16T06:23:42.147+0000] {processor.py:183} INFO - Processing /home/airflow/.local/lib/python3.12/site-packages/airflow/example_dags/tutorial_dag.py took 0.021 seconds
[2026-05-16T06:27:08.834+0000] {processor.py:161} INFO - Started process (PID=1784) to work on /home/airflow/.local/lib/python3.12/site-packages/airflow/example_dags/tutorial_dag.py
[2026-05-16T06:27:08.835+0000] {processor.py:830} INFO - Processing file /home/airflow/.local/lib/python3.12/site-packages/airflow/example_dags/tutorial_dag.py for tasks to queue
[2026-05-16T06:27:08.835+0000] {logging_mixin.py:188} INFO - [2026-05-16T06:27:08.835+0000] {dagbag.py:545} INFO - Filling up the DagBag from /home/airflow/.local/lib/python3.12/site-packages/airflow/example_dags/tutorial_dag.py
[2026-05-16T06:27:08.837+0000] {processor.py:840} INFO - DAG(s) 'tutorial_dag' retrieved from /home/airflow/.local/lib/python3.12/site-packages/airflow/example_dags/tutorial_dag.py
[2026-05-16T06:27:08.843+0000] {logging_mixin.py:188} INFO - [2026-05-16T06:27:08.843+0000] {dag.py:3089} INFO - Sync 1 DAGs
[2026-05-16T06:27:08.847+0000] {logging_mixin.py:188} INFO - [2026-05-16T06:27:08.847+0000] {dag.py:3947} INFO - Setting next_dagrun for tutorial_dag to None, run_after=None
[2026-05-16T06:27:08.852+0000] {processor.py:183} INFO - Processing /home/airflow/.local/lib/python3.12/site-packages/airflow/example_dags/tutorial_dag.py took 0.019 seconds
[2026-05-16T06:46:31.611+0000] {processor.py:161} INFO - Started process (PID=1836) to work on /home/airflow/.local/lib/python3.12/site-packages/airflow/example_dags/tutorial_dag.py
[2026-05-16T06:46:31.612+0000] {processor.py:830} INFO - Processing file /home/airflow/.local/lib/python3.12/site-packages/airflow/example_dags/tutorial_dag.py for tasks to queue
[2026-05-16T06:46:31.612+0000] {logging_mixin.py:188} INFO - [2026-05-16T06:46:31.612+0000] {dagbag.py:545} INFO - Filling up the DagBag from /home/airflow/.local/lib/python3.12/site-packages/airflow/example_dags/tutorial_dag.py
[2026-05-16T06:46:31.615+0000] {processor.py:840} INFO - DAG(s) 'tutorial_dag' retrieved from /home/airflow/.local/lib/python3.12/site-packages/airflow/example_dags/tutorial_dag.py
[2026-05-16T06:46:31.621+0000] {logging_mixin.py:188} INFO - [2026-05-16T06:46:31.621+0000] {dag.py:3089} INFO - Sync 1 DAGs
[2026-05-16T06:46:31.625+0000] {logging_mixin.py:188} INFO - [2026-05-16T06:46:31.625+0000] {dag.py:3947} INFO - Setting next_dagrun for tutorial_dag to None, run_after=None
[2026-05-16T06:46:31.630+0000] {processor.py:183} INFO - Processing /home/airflow/.local/lib/python3.12/site-packages/airflow/example_dags/tutorial_dag.py took 0.021 seconds
[2026-05-16T06:54:14.442+0000] {processor.py:161} INFO - Started process (PID=1893) to work on /home/airflow/.local/lib/python3.12/site-packages/airflow/example_dags/tutorial_dag.py
[2026-05-16T06:54:14.442+0000] {processor.py:830} INFO - Processing file /home/airflow/.local/lib/python3.12/site-packages/airflow/example_dags/tutorial_dag.py for tasks to queue
[2026-05-16T06:54:14.443+0000] {logging_mixin.py:188} INFO - [2026-05-16T06:54:14.443+0000] {dagbag.py:545} INFO - Filling up the DagBag from /home/airflow/.local/lib/python3.12/site-packages/airflow/example_dags/tutorial_dag.py
[2026-05-16T06:54:14.444+0000] {processor.py:840} INFO - DAG(s) 'tutorial_dag' retrieved from /home/airflow/.local/lib/python3.12/site-packages/airflow/example_dags/tutorial_dag.py
[2026-05-16T06:54:14.454+0000] {logging_mixin.py:188} INFO - [2026-05-16T06:54:14.454+0000] {dag.py:3089} INFO - Sync 1 DAGs
[2026-05-16T06:54:14.458+0000] {logging_mixin.py:188} INFO - [2026-05-16T06:54:14.458+0000] {dag.py:3947} INFO - Setting next_dagrun for tutorial_dag to None, run_after=None
[2026-05-16T06:54:14.467+0000] {processor.py:183} INFO - Processing /home/airflow/.local/lib/python3.12/site-packages/airflow/example_dags/tutorial_dag.py took 0.026 seconds
[2026-05-16T07:10:31.270+0000] {processor.py:161} INFO - Started process (PID=1951) to work on /home/airflow/.local/lib/python3.12/site-packages/airflow/example_dags/tutorial_dag.py
[2026-05-16T07:10:31.270+0000] {processor.py:830} INFO - Processing file /home/airflow/.local/lib/python3.12/site-packages/airflow/example_dags/tutorial_dag.py for tasks to queue
[2026-05-16T07:10:31.271+0000] {logging_mixin.py:188} INFO - [2026-05-16T07:10:31.271+0000] {dagbag.py:545} INFO - Filling up the DagBag from /home/airflow/.local/lib/python3.12/site-packages/airflow/example_dags/tutorial_dag.py
[2026-05-16T07:10:31.273+0000] {processor.py:840} INFO - DAG(s) 'tutorial_dag' retrieved from /home/airflow/.local/lib/python3.12/site-packages/airflow/example_dags/tutorial_dag.py
[2026-05-16T07:10:31.280+0000] {logging_mixin.py:188} INFO - [2026-05-16T07:10:31.280+0000] {dag.py:3089} INFO - Sync 1 DAGs
[2026-05-16T07:10:31.284+0000] {logging_mixin.py:188} INFO - [2026-05-16T07:10:31.284+0000] {dag.py:3947} INFO - Setting next_dagrun for tutorial_dag to None, run_after=None
[2026-05-16T07:10:31.289+0000] {processor.py:183} INFO - Processing /home/airflow/.local/lib/python3.12/site-packages/airflow/example_dags/tutorial_dag.py took 0.022 seconds
[2026-05-16T07:11:02.280+0000] {processor.py:161} INFO - Started process (PID=2009) to work on /home/airflow/.local/lib/python3.12/site-packages/airflow/example_dags/tutorial_dag.py
[2026-05-16T07:11:02.281+0000] {processor.py:830} INFO - Processing file /home/airflow/.local/lib/python3.12/site-packages/airflow/example_dags/tutorial_dag.py for tasks to queue
[2026-05-16T07:11:02.282+0000] {logging_mixin.py:188} INFO - [2026-05-16T07:11:02.281+0000] {dagbag.py:545} INFO - Filling up the DagBag from /home/airflow/.local/lib/python3.12/site-packages/airflow/example_dags/tutorial_dag.py
[2026-05-16T07:11:02.284+0000] {processor.py:840} INFO - DAG(s) 'tutorial_dag' retrieved from /home/airflow/.local/lib/python3.12/site-packages/airflow/example_dags/tutorial_dag.py
[2026-05-16T07:11:02.291+0000] {logging_mixin.py:188} INFO - [2026-05-16T07:11:02.291+0000] {dag.py:3089} INFO - Sync 1 DAGs
[2026-05-16T07:11:02.296+0000] {logging_mixin.py:188} INFO - [2026-05-16T07:11:02.296+0000] {dag.py:3947} INFO - Setting next_dagrun for tutorial_dag to None, run_after=None
[2026-05-16T07:11:02.303+0000] {processor.py:183} INFO - Processing /home/airflow/.local/lib/python3.12/site-packages/airflow/example_dags/tutorial_dag.py took 0.025 seconds
[2026-05-16T07:48:08.006+0000] {processor.py:161} INFO - Started process (PID=2058) to work on /home/airflow/.local/lib/python3.12/site-packages/airflow/example_dags/tutorial_dag.py
[2026-05-16T07:48:08.006+0000] {processor.py:830} INFO - Processing file /home/airflow/.local/lib/python3.12/site-packages/airflow/example_dags/tutorial_dag.py for tasks to queue
[2026-05-16T07:48:08.007+0000] {logging_mixin.py:188} INFO - [2026-05-16T07:48:08.007+0000] {dagbag.py:545} INFO - Filling up the DagBag from /home/airflow/.local/lib/python3.12/site-packages/airflow/example_dags/tutorial_dag.py
[2026-05-16T07:48:08.009+0000] {processor.py:840} INFO - DAG(s) 'tutorial_dag' retrieved from /home/airflow/.local/lib/python3.12/site-packages/airflow/example_dags/tutorial_dag.py
[2026-05-16T07:48:08.090+0000] {logging_mixin.py:188} INFO - [2026-05-16T07:48:08.090+0000] {dag.py:3089} INFO - Sync 1 DAGs
[2026-05-16T07:48:08.093+0000] {logging_mixin.py:188} INFO - [2026-05-16T07:48:08.093+0000] {dag.py:3947} INFO - Setting next_dagrun for tutorial_dag to None, run_after=None
[2026-05-16T07:48:08.098+0000] {processor.py:183} INFO - Processing /home/airflow/.local/lib/python3.12/site-packages/airflow/example_dags/tutorial_dag.py took 0.094 seconds
[2026-05-16T07:48:38.846+0000] {processor.py:161} INFO - Started process (PID=2116) to work on /home/airflow/.local/lib/python3.12/site-packages/airflow/example_dags/tutorial_dag.py
[2026-05-16T07:48:38.847+0000] {processor.py:830} INFO - Processing file /home/airflow/.local/lib/python3.12/site-packages/airflow/example_dags/tutorial_dag.py for tasks to queue
[2026-05-16T07:48:38.847+0000] {logging_mixin.py:188} INFO - [2026-05-16T07:48:38.847+0000] {dagbag.py:545} INFO - Filling up the DagBag from /home/airflow/.local/lib/python3.12/site-packages/airflow/example_dags/tutorial_dag.py
[2026-05-16T07:48:38.850+0000] {processor.py:840} INFO - DAG(s) 'tutorial_dag' retrieved from /home/airflow/.local/lib/python3.12/site-packages/airflow/example_dags/tutorial_dag.py
[2026-05-16T07:48:38.859+0000] {logging_mixin.py:188} INFO - [2026-05-16T07:48:38.859+0000] {dag.py:3089} INFO - Sync 1 DAGs
[2026-05-16T07:48:38.864+0000] {logging_mixin.py:188} INFO - [2026-05-16T07:48:38.864+0000] {dag.py:3947} INFO - Setting next_dagrun for tutorial_dag to None, run_after=None
[2026-05-16T07:48:38.944+0000] {processor.py:183} INFO - Processing /home/airflow/.local/lib/python3.12/site-packages/airflow/example_dags/tutorial_dag.py took 0.101 seconds
[2026-05-16T10:32:08.672+0000] {processor.py:161} INFO - Started process (PID=2162) to work on /home/airflow/.local/lib/python3.12/site-packages/airflow/example_dags/tutorial_dag.py
[2026-05-16T10:32:08.673+0000] {processor.py:830} INFO - Processing file /home/airflow/.local/lib/python3.12/site-packages/airflow/example_dags/tutorial_dag.py for tasks to queue
[2026-05-16T10:32:08.674+0000] {logging_mixin.py:188} INFO - [2026-05-16T10:32:08.673+0000] {dagbag.py:545} INFO - Filling up the DagBag from /home/airflow/.local/lib/python3.12/site-packages/airflow/example_dags/tutorial_dag.py
[2026-05-16T10:32:08.678+0000] {processor.py:840} INFO - DAG(s) 'tutorial_dag' retrieved from /home/airflow/.local/lib/python3.12/site-packages/airflow/example_dags/tutorial_dag.py
[2026-05-16T10:32:08.701+0000] {logging_mixin.py:188} INFO - [2026-05-16T10:32:08.701+0000] {dag.py:3089} INFO - Sync 1 DAGs
[2026-05-16T10:32:08.711+0000] {logging_mixin.py:188} INFO - [2026-05-16T10:32:08.710+0000] {dag.py:3947} INFO - Setting next_dagrun for tutorial_dag to None, run_after=None
[2026-05-16T10:32:08.724+0000] {processor.py:183} INFO - Processing /home/airflow/.local/lib/python3.12/site-packages/airflow/example_dags/tutorial_dag.py took 0.056 seconds
[2026-05-16T10:32:39.025+0000] {processor.py:161} INFO - Started process (PID=2219) to work on /home/airflow/.local/lib/python3.12/site-packages/airflow/example_dags/tutorial_dag.py
[2026-05-16T10:32:39.026+0000] {processor.py:830} INFO - Processing file /home/airflow/.local/lib/python3.12/site-packages/airflow/example_dags/tutorial_dag.py for tasks to queue
[2026-05-16T10:32:39.026+0000] {logging_mixin.py:188} INFO - [2026-05-16T10:32:39.026+0000] {dagbag.py:545} INFO - Filling up the DagBag from /home/airflow/.local/lib/python3.12/site-packages/airflow/example_dags/tutorial_dag.py
[2026-05-16T10:32:39.028+0000] {processor.py:840} INFO - DAG(s) 'tutorial_dag' retrieved from /home/airflow/.local/lib/python3.12/site-packages/airflow/example_dags/tutorial_dag.py
[2026-05-16T10:32:39.037+0000] {logging_mixin.py:188} INFO - [2026-05-16T10:32:39.037+0000] {dag.py:3089} INFO - Sync 1 DAGs
[2026-05-16T10:32:39.042+0000] {logging_mixin.py:188} INFO - [2026-05-16T10:32:39.042+0000] {dag.py:3947} INFO - Setting next_dagrun for tutorial_dag to None, run_after=None
[2026-05-16T10:32:39.046+0000] {processor.py:183} INFO - Processing /home/airflow/.local/lib/python3.12/site-packages/airflow/example_dags/tutorial_dag.py took 0.024 seconds
[2026-05-16T10:33:09.453+0000] {processor.py:161} INFO - Started process (PID=2277) to work on /home/airflow/.local/lib/python3.12/site-packages/airflow/example_dags/tutorial_dag.py
[2026-05-16T10:33:09.453+0000] {processor.py:830} INFO - Processing file /home/airflow/.local/lib/python3.12/site-packages/airflow/example_dags/tutorial_dag.py for tasks to queue
[2026-05-16T10:33:09.453+0000] {logging_mixin.py:188} INFO - [2026-05-16T10:33:09.453+0000] {dagbag.py:545} INFO - Filling up the DagBag from /home/airflow/.local/lib/python3.12/site-packages/airflow/example_dags/tutorial_dag.py
[2026-05-16T10:33:09.457+0000] {processor.py:840} INFO - DAG(s) 'tutorial_dag' retrieved from /home/airflow/.local/lib/python3.12/site-packages/airflow/example_dags/tutorial_dag.py
[2026-05-16T10:33:09.471+0000] {logging_mixin.py:188} INFO - [2026-05-16T10:33:09.471+0000] {dag.py:3089} INFO - Sync 1 DAGs
[2026-05-16T10:33:09.476+0000] {logging_mixin.py:188} INFO - [2026-05-16T10:33:09.476+0000] {dag.py:3947} INFO - Setting next_dagrun for tutorial_dag to None, run_after=None
[2026-05-16T10:33:09.482+0000] {processor.py:183} INFO - Processing /home/airflow/.local/lib/python3.12/site-packages/airflow/example_dags/tutorial_dag.py took 0.032 seconds
[2026-05-16T10:33:39.945+0000] {processor.py:161} INFO - Started process (PID=2335) to work on /home/airflow/.local/lib/python3.12/site-packages/airflow/example_dags/tutorial_dag.py
[2026-05-16T10:33:39.947+0000] {processor.py:830} INFO - Processing file /home/airflow/.local/lib/python3.12/site-packages/airflow/example_dags/tutorial_dag.py for tasks to queue
[2026-05-16T10:33:39.947+0000] {logging_mixin.py:188} INFO - [2026-05-16T10:33:39.947+0000] {dagbag.py:545} INFO - Filling up the DagBag from /home/airflow/.local/lib/python3.12/site-packages/airflow/example_dags/tutorial_dag.py
[2026-05-16T10:33:39.949+0000] {processor.py:840} INFO - DAG(s) 'tutorial_dag' retrieved from /home/airflow/.local/lib/python3.12/site-packages/airflow/example_dags/tutorial_dag.py
[2026-05-16T10:33:39.957+0000] {logging_mixin.py:188} INFO - [2026-05-16T10:33:39.957+0000] {dag.py:3089} INFO - Sync 1 DAGs
[2026-05-16T10:33:39.961+0000] {logging_mixin.py:188} INFO - [2026-05-16T10:33:39.961+0000] {dag.py:3947} INFO - Setting next_dagrun for tutorial_dag to None, run_after=None
[2026-05-16T10:33:39.966+0000] {processor.py:183} INFO - Processing /home/airflow/.local/lib/python3.12/site-packages/airflow/example_dags/tutorial_dag.py took 0.023 seconds
[2026-05-16T10:34:10.382+0000] {processor.py:161} INFO - Started process (PID=2393) to work on /home/airflow/.local/lib/python3.12/site-packages/airflow/example_dags/tutorial_dag.py
[2026-05-16T10:34:10.382+0000] {processor.py:830} INFO - Processing file /home/airflow/.local/lib/python3.12/site-packages/airflow/example_dags/tutorial_dag.py for tasks to queue
[2026-05-16T10:34:10.382+0000] {logging_mixin.py:188} INFO - [2026-05-16T10:34:10.382+0000] {dagbag.py:545} INFO - Filling up the DagBag from /home/airflow/.local/lib/python3.12/site-packages/airflow/example_dags/tutorial_dag.py
[2026-05-16T10:34:10.385+0000] {processor.py:840} INFO - DAG(s) 'tutorial_dag' retrieved from /home/airflow/.local/lib/python3.12/site-packages/airflow/example_dags/tutorial_dag.py
[2026-05-16T10:34:10.393+0000] {logging_mixin.py:188} INFO - [2026-05-16T10:34:10.393+0000] {dag.py:3089} INFO - Sync 1 DAGs
[2026-05-16T10:34:10.397+0000] {logging_mixin.py:188} INFO - [2026-05-16T10:34:10.397+0000] {dag.py:3947} INFO - Setting next_dagrun for tutorial_dag to None, run_after=None
[2026-05-16T10:34:10.402+0000] {processor.py:183} INFO - Processing /home/airflow/.local/lib/python3.12/site-packages/airflow/example_dags/tutorial_dag.py took 0.023 seconds
[2026-05-16T10:34:40.619+0000] {processor.py:161} INFO - Started process (PID=2451) to work on /home/airflow/.local/lib/python3.12/site-packages/airflow/example_dags/tutorial_dag.py
[2026-05-16T10:34:40.619+0000] {processor.py:830} INFO - Processing file /home/airflow/.local/lib/python3.12/site-packages/airflow/example_dags/tutorial_dag.py for tasks to queue
[2026-05-16T10:34:40.620+0000] {logging_mixin.py:188} INFO - [2026-05-16T10:34:40.620+0000] {dagbag.py:545} INFO - Filling up the DagBag from /home/airflow/.local/lib/python3.12/site-packages/airflow/example_dags/tutorial_dag.py
[2026-05-16T10:34:40.622+0000] {processor.py:840} INFO - DAG(s) 'tutorial_dag' retrieved from /home/airflow/.local/lib/python3.12/site-packages/airflow/example_dags/tutorial_dag.py
[2026-05-16T10:34:40.629+0000] {logging_mixin.py:188} INFO - [2026-05-16T10:34:40.629+0000] {dag.py:3089} INFO - Sync 1 DAGs
[2026-05-16T10:34:40.632+0000] {logging_mixin.py:188} INFO - [2026-05-16T10:34:40.632+0000] {dag.py:3947} INFO - Setting next_dagrun for tutorial_dag to None, run_after=None
[2026-05-16T10:34:40.637+0000] {processor.py:183} INFO - Processing /home/airflow/.local/lib/python3.12/site-packages/airflow/example_dags/tutorial_dag.py took 0.020 seconds
[2026-05-16T10:35:10.907+0000] {processor.py:161} INFO - Started process (PID=2509) to work on /home/airflow/.local/lib/python3.12/site-packages/airflow/example_dags/tutorial_dag.py
[2026-05-16T10:35:10.907+0000] {processor.py:830} INFO - Processing file /home/airflow/.local/lib/python3.12/site-packages/airflow/example_dags/tutorial_dag.py for tasks to queue
[2026-05-16T10:35:10.907+0000] {logging_mixin.py:188} INFO - [2026-05-16T10:35:10.907+0000] {dagbag.py:545} INFO - Filling up the DagBag from /home/airflow/.local/lib/python3.12/site-packages/airflow/example_dags/tutorial_dag.py
[2026-05-16T10:35:10.909+0000] {processor.py:840} INFO - DAG(s) 'tutorial_dag' retrieved from /home/airflow/.local/lib/python3.12/site-packages/airflow/example_dags/tutorial_dag.py
[2026-05-16T10:35:10.917+0000] {logging_mixin.py:188} INFO - [2026-05-16T10:35:10.917+0000] {dag.py:3089} INFO - Sync 1 DAGs
[2026-05-16T10:35:10.922+0000] {logging_mixin.py:188} INFO - [2026-05-16T10:35:10.922+0000] {dag.py:3947} INFO - Setting next_dagrun for tutorial_dag to None, run_after=None
[2026-05-16T10:35:10.928+0000] {processor.py:183} INFO - Processing /home/airflow/.local/lib/python3.12/site-packages/airflow/example_dags/tutorial_dag.py took 0.024 seconds
[2026-05-16T10:35:41.240+0000] {processor.py:161} INFO - Started process (PID=2568) to work on /home/airflow/.local/lib/python3.12/site-packages/airflow/example_dags/tutorial_dag.py
[2026-05-16T10:35:41.241+0000] {processor.py:830} INFO - Processing file /home/airflow/.local/lib/python3.12/site-packages/airflow/example_dags/tutorial_dag.py for tasks to queue
[2026-05-16T10:35:41.241+0000] {logging_mixin.py:188} INFO - [2026-05-16T10:35:41.241+0000] {dagbag.py:545} INFO - Filling up the DagBag from /home/airflow/.local/lib/python3.12/site-packages/airflow/example_dags/tutorial_dag.py
[2026-05-16T10:35:41.244+0000] {processor.py:840} INFO - DAG(s) 'tutorial_dag' retrieved from /home/airflow/.local/lib/python3.12/site-packages/airflow/example_dags/tutorial_dag.py
[2026-05-16T10:35:41.252+0000] {logging_mixin.py:188} INFO - [2026-05-16T10:35:41.252+0000] {dag.py:3089} INFO - Sync 1 DAGs
[2026-05-16T10:35:41.256+0000] {logging_mixin.py:188} INFO - [2026-05-16T10:35:41.256+0000] {dag.py:3947} INFO - Setting next_dagrun for tutorial_dag to None, run_after=None
[2026-05-16T10:35:41.262+0000] {processor.py:183} INFO - Processing /home/airflow/.local/lib/python3.12/site-packages/airflow/example_dags/tutorial_dag.py took 0.024 seconds
[2026-05-16T10:36:11.573+0000] {processor.py:161} INFO - Started process (PID=2626) to work on /home/airflow/.local/lib/python3.12/site-packages/airflow/example_dags/tutorial_dag.py
[2026-05-16T10:36:11.573+0000] {processor.py:830} INFO - Processing file /home/airflow/.local/lib/python3.12/site-packages/airflow/example_dags/tutorial_dag.py for tasks to queue
[2026-05-16T10:36:11.574+0000] {logging_mixin.py:188} INFO - [2026-05-16T10:36:11.573+0000] {dagbag.py:545} INFO - Filling up the DagBag from /home/airflow/.local/lib/python3.12/site-packages/airflow/example_dags/tutorial_dag.py
[2026-05-16T10:36:11.576+0000] {processor.py:840} INFO - DAG(s) 'tutorial_dag' retrieved from /home/airflow/.local/lib/python3.12/site-packages/airflow/example_dags/tutorial_dag.py
[2026-05-16T10:36:11.584+0000] {logging_mixin.py:188} INFO - [2026-05-16T10:36:11.584+0000] {dag.py:3089} INFO - Sync 1 DAGs
[2026-05-16T10:36:11.588+0000] {logging_mixin.py:188} INFO - [2026-05-16T10:36:11.588+0000] {dag.py:3947} INFO - Setting next_dagrun for tutorial_dag to None, run_after=None
[2026-05-16T10:36:11.593+0000] {processor.py:183} INFO - Processing /home/airflow/.local/lib/python3.12/site-packages/airflow/example_dags/tutorial_dag.py took 0.022 seconds
[2026-05-16T10:36:41.776+0000] {processor.py:161} INFO - Started process (PID=2684) to work on /home/airflow/.local/lib/python3.12/site-packages/airflow/example_dags/tutorial_dag.py
[2026-05-16T10:36:41.777+0000] {processor.py:830} INFO - Processing file /home/airflow/.local/lib/python3.12/site-packages/airflow/example_dags/tutorial_dag.py for tasks to queue
[2026-05-16T10:36:41.777+0000] {logging_mixin.py:188} INFO - [2026-05-16T10:36:41.777+0000] {dagbag.py:545} INFO - Filling up the DagBag from /home/airflow/.local/lib/python3.12/site-packages/airflow/example_dags/tutorial_dag.py
[2026-05-16T10:36:41.779+0000] {processor.py:840} INFO - DAG(s) 'tutorial_dag' retrieved from /home/airflow/.local/lib/python3.12/site-packages/airflow/example_dags/tutorial_dag.py
[2026-05-16T10:36:41.786+0000] {logging_mixin.py:188} INFO - [2026-05-16T10:36:41.786+0000] {dag.py:3089} INFO - Sync 1 DAGs
[2026-05-16T10:36:41.790+0000] {logging_mixin.py:188} INFO - [2026-05-16T10:36:41.790+0000] {dag.py:3947} INFO - Setting next_dagrun for tutorial_dag to None, run_after=None
[2026-05-16T10:36:41.794+0000] {processor.py:183} INFO - Processing /home/airflow/.local/lib/python3.12/site-packages/airflow/example_dags/tutorial_dag.py took 0.020 seconds
[2026-05-16T10:37:12.034+0000] {processor.py:161} INFO - Started process (PID=2742) to work on /home/airflow/.local/lib/python3.12/site-packages/airflow/example_dags/tutorial_dag.py
[2026-05-16T10:37:12.034+0000] {processor.py:830} INFO - Processing file /home/airflow/.local/lib/python3.12/site-packages/airflow/example_dags/tutorial_dag.py for tasks to queue
[2026-05-16T10:37:12.034+0000] {logging_mixin.py:188} INFO - [2026-05-16T10:37:12.034+0000] {dagbag.py:545} INFO - Filling up the DagBag from /home/airflow/.local/lib/python3.12/site-packages/airflow/example_dags/tutorial_dag.py
[2026-05-16T10:37:12.036+0000] {processor.py:840} INFO - DAG(s) 'tutorial_dag' retrieved from /home/airflow/.local/lib/python3.12/site-packages/airflow/example_dags/tutorial_dag.py
[2026-05-16T10:37:12.043+0000] {logging_mixin.py:188} INFO - [2026-05-16T10:37:12.043+0000] {dag.py:3089} INFO - Sync 1 DAGs
[2026-05-16T10:37:12.047+0000] {logging_mixin.py:188} INFO - [2026-05-16T10:37:12.047+0000] {dag.py:3947} INFO - Setting next_dagrun for tutorial_dag to None, run_after=None
[2026-05-16T10:37:12.053+0000] {processor.py:183} INFO - Processing /home/airflow/.local/lib/python3.12/site-packages/airflow/example_dags/tutorial_dag.py took 0.021 seconds
[2026-05-16T10:37:42.424+0000] {processor.py:161} INFO - Started process (PID=2800) to work on /home/airflow/.local/lib/python3.12/site-packages/airflow/example_dags/tutorial_dag.py
[2026-05-16T10:37:42.425+0000] {processor.py:830} INFO - Processing file /home/airflow/.local/lib/python3.12/site-packages/airflow/example_dags/tutorial_dag.py for tasks to queue
[2026-05-16T10:37:42.425+0000] {logging_mixin.py:188} INFO - [2026-05-16T10:37:42.425+0000] {dagbag.py:545} INFO - Filling up the DagBag from /home/airflow/.local/lib/python3.12/site-packages/airflow/example_dags/tutorial_dag.py
[2026-05-16T10:37:42.427+0000] {processor.py:840} INFO - DAG(s) 'tutorial_dag' retrieved from /home/airflow/.local/lib/python3.12/site-packages/airflow/example_dags/tutorial_dag.py
[2026-05-16T10:37:42.438+0000] {logging_mixin.py:188} INFO - [2026-05-16T10:37:42.438+0000] {dag.py:3089} INFO - Sync 1 DAGs
[2026-05-16T10:37:42.444+0000] {logging_mixin.py:188} INFO - [2026-05-16T10:37:42.443+0000] {dag.py:3947} INFO - Setting next_dagrun for tutorial_dag to None, run_after=None
[2026-05-16T10:37:42.448+0000] {processor.py:183} INFO - Processing /home/airflow/.local/lib/python3.12/site-packages/airflow/example_dags/tutorial_dag.py took 0.026 seconds
[2026-05-16T10:38:12.937+0000] {processor.py:161} INFO - Started process (PID=2859) to work on /home/airflow/.local/lib/python3.12/site-packages/airflow/example_dags/tutorial_dag.py
[2026-05-16T10:38:12.937+0000] {processor.py:830} INFO - Processing file /home/airflow/.local/lib/python3.12/site-packages/airflow/example_dags/tutorial_dag.py for tasks to queue
[2026-05-16T10:38:12.937+0000] {logging_mixin.py:188} INFO - [2026-05-16T10:38:12.937+0000] {dagbag.py:545} INFO - Filling up the DagBag from /home/airflow/.local/lib/python3.12/site-packages/airflow/example_dags/tutorial_dag.py
[2026-05-16T10:38:12.939+0000] {processor.py:840} INFO - DAG(s) 'tutorial_dag' retrieved from /home/airflow/.local/lib/python3.12/site-packages/airflow/example_dags/tutorial_dag.py
[2026-05-16T10:38:12.947+0000] {logging_mixin.py:188} INFO - [2026-05-16T10:38:12.947+0000] {dag.py:3089} INFO - Sync 1 DAGs
[2026-05-16T10:38:12.952+0000] {logging_mixin.py:188} INFO - [2026-05-16T10:38:12.952+0000] {dag.py:3947} INFO - Setting next_dagrun for tutorial_dag to None, run_after=None
[2026-05-16T10:38:12.956+0000] {processor.py:183} INFO - Processing /home/airflow/.local/lib/python3.12/site-packages/airflow/example_dags/tutorial_dag.py took 0.022 seconds
[2026-05-16T10:38:43.408+0000] {processor.py:161} INFO - Started process (PID=2917) to work on /home/airflow/.local/lib/python3.12/site-packages/airflow/example_dags/tutorial_dag.py
[2026-05-16T10:38:43.409+0000] {processor.py:830} INFO - Processing file /home/airflow/.local/lib/python3.12/site-packages/airflow/example_dags/tutorial_dag.py for tasks to queue
[2026-05-16T10:38:43.409+0000] {logging_mixin.py:188} INFO - [2026-05-16T10:38:43.409+0000] {dagbag.py:545} INFO - Filling up the DagBag from /home/airflow/.local/lib/python3.12/site-packages/airflow/example_dags/tutorial_dag.py
[2026-05-16T10:38:43.411+0000] {processor.py:840} INFO - DAG(s) 'tutorial_dag' retrieved from /home/airflow/.local/lib/python3.12/site-packages/airflow/example_dags/tutorial_dag.py
[2026-05-16T10:38:43.420+0000] {logging_mixin.py:188} INFO - [2026-05-16T10:38:43.420+0000] {dag.py:3089} INFO - Sync 1 DAGs
[2026-05-16T10:38:43.426+0000] {logging_mixin.py:188} INFO - [2026-05-16T10:38:43.426+0000] {dag.py:3947} INFO - Setting next_dagrun for tutorial_dag to None, run_after=None
[2026-05-16T10:38:43.434+0000] {processor.py:183} INFO - Processing /home/airflow/.local/lib/python3.12/site-packages/airflow/example_dags/tutorial_dag.py took 0.028 seconds
[2026-05-16T10:39:13.856+0000] {processor.py:161} INFO - Started process (PID=2975) to work on /home/airflow/.local/lib/python3.12/site-packages/airflow/example_dags/tutorial_dag.py
[2026-05-16T10:39:13.856+0000] {processor.py:830} INFO - Processing file /home/airflow/.local/lib/python3.12/site-packages/airflow/example_dags/tutorial_dag.py for tasks to queue
[2026-05-16T10:39:13.856+0000] {logging_mixin.py:188} INFO - [2026-05-16T10:39:13.856+0000] {dagbag.py:545} INFO - Filling up the DagBag from /home/airflow/.local/lib/python3.12/site-packages/airflow/example_dags/tutorial_dag.py
[2026-05-16T10:39:13.858+0000] {processor.py:840} INFO - DAG(s) 'tutorial_dag' retrieved from /home/airflow/.local/lib/python3.12/site-packages/airflow/example_dags/tutorial_dag.py
[2026-05-16T10:39:13.867+0000] {logging_mixin.py:188} INFO - [2026-05-16T10:39:13.867+0000] {dag.py:3089} INFO - Sync 1 DAGs
[2026-05-16T10:39:13.872+0000] {logging_mixin.py:188} INFO - [2026-05-16T10:39:13.872+0000] {dag.py:3947} INFO - Setting next_dagrun for tutorial_dag to None, run_after=None
[2026-05-16T10:39:13.878+0000] {processor.py:183} INFO - Processing /home/airflow/.local/lib/python3.12/site-packages/airflow/example_dags/tutorial_dag.py took 0.024 seconds
[2026-05-16T10:39:44.499+0000] {processor.py:161} INFO - Started process (PID=3033) to work on /home/airflow/.local/lib/python3.12/site-packages/airflow/example_dags/tutorial_dag.py
[2026-05-16T10:39:44.499+0000] {processor.py:830} INFO - Processing file /home/airflow/.local/lib/python3.12/site-packages/airflow/example_dags/tutorial_dag.py for tasks to queue
[2026-05-16T10:39:44.499+0000] {logging_mixin.py:188} INFO - [2026-05-16T10:39:44.499+0000] {dagbag.py:545} INFO - Filling up the DagBag from /home/airflow/.local/lib/python3.12/site-packages/airflow/example_dags/tutorial_dag.py
[2026-05-16T10:39:44.502+0000] {processor.py:840} INFO - DAG(s) 'tutorial_dag' retrieved from /home/airflow/.local/lib/python3.12/site-packages/airflow/example_dags/tutorial_dag.py
[2026-05-16T10:39:44.511+0000] {logging_mixin.py:188} INFO - [2026-05-16T10:39:44.511+0000] {dag.py:3089} INFO - Sync 1 DAGs
[2026-05-16T10:39:44.518+0000] {logging_mixin.py:188} INFO - [2026-05-16T10:39:44.518+0000] {dag.py:3947} INFO - Setting next_dagrun for tutorial_dag to None, run_after=None
[2026-05-16T10:39:44.523+0000] {processor.py:183} INFO - Processing /home/airflow/.local/lib/python3.12/site-packages/airflow/example_dags/tutorial_dag.py took 0.027 seconds
[2026-05-16T10:40:15.094+0000] {processor.py:161} INFO - Started process (PID=3090) to work on /home/airflow/.local/lib/python3.12/site-packages/airflow/example_dags/tutorial_dag.py
[2026-05-16T10:40:15.094+0000] {processor.py:830} INFO - Processing file /home/airflow/.local/lib/python3.12/site-packages/airflow/example_dags/tutorial_dag.py for tasks to queue
[2026-05-16T10:40:15.094+0000] {logging_mixin.py:188} INFO - [2026-05-16T10:40:15.094+0000] {dagbag.py:545} INFO - Filling up the DagBag from /home/airflow/.local/lib/python3.12/site-packages/airflow/example_dags/tutorial_dag.py
[2026-05-16T10:40:15.097+0000] {processor.py:840} INFO - DAG(s) 'tutorial_dag' retrieved from /home/airflow/.local/lib/python3.12/site-packages/airflow/example_dags/tutorial_dag.py
[2026-05-16T10:40:15.105+0000] {logging_mixin.py:188} INFO - [2026-05-16T10:40:15.105+0000] {dag.py:3089} INFO - Sync 1 DAGs
[2026-05-16T10:40:15.110+0000] {logging_mixin.py:188} INFO - [2026-05-16T10:40:15.110+0000] {dag.py:3947} INFO - Setting next_dagrun for tutorial_dag to None, run_after=None
[2026-05-16T10:40:15.115+0000] {processor.py:183} INFO - Processing /home/airflow/.local/lib/python3.12/site-packages/airflow/example_dags/tutorial_dag.py took 0.023 seconds
[2026-05-16T10:40:45.563+0000] {processor.py:161} INFO - Started process (PID=3148) to work on /home/airflow/.local/lib/python3.12/site-packages/airflow/example_dags/tutorial_dag.py
[2026-05-16T10:40:45.564+0000] {processor.py:830} INFO - Processing file /home/airflow/.local/lib/python3.12/site-packages/airflow/example_dags/tutorial_dag.py for tasks to queue
[2026-05-16T10:40:45.564+0000] {logging_mixin.py:188} INFO - [2026-05-16T10:40:45.564+0000] {dagbag.py:545} INFO - Filling up the DagBag from /home/airflow/.local/lib/python3.12/site-packages/airflow/example_dags/tutorial_dag.py
[2026-05-16T10:40:45.566+0000] {processor.py:840} INFO - DAG(s) 'tutorial_dag' retrieved from /home/airflow/.local/lib/python3.12/site-packages/airflow/example_dags/tutorial_dag.py
[2026-05-16T10:40:45.575+0000] {logging_mixin.py:188} INFO - [2026-05-16T10:40:45.575+0000] {dag.py:3089} INFO - Sync 1 DAGs
[2026-05-16T10:40:45.579+0000] {logging_mixin.py:188} INFO - [2026-05-16T10:40:45.579+0000] {dag.py:3947} INFO - Setting next_dagrun for tutorial_dag to None, run_after=None
[2026-05-16T10:40:45.583+0000] {processor.py:183} INFO - Processing /home/airflow/.local/lib/python3.12/site-packages/airflow/example_dags/tutorial_dag.py took 0.022 seconds
[2026-05-16T10:41:16.015+0000] {processor.py:161} INFO - Started process (PID=3206) to work on /home/airflow/.local/lib/python3.12/site-packages/airflow/example_dags/tutorial_dag.py
[2026-05-16T10:41:16.015+0000] {processor.py:830} INFO - Processing file /home/airflow/.local/lib/python3.12/site-packages/airflow/example_dags/tutorial_dag.py for tasks to queue
[2026-05-16T10:41:16.016+0000] {logging_mixin.py:188} INFO - [2026-05-16T10:41:16.016+0000] {dagbag.py:545} INFO - Filling up the DagBag from /home/airflow/.local/lib/python3.12/site-packages/airflow/example_dags/tutorial_dag.py
[2026-05-16T10:41:16.020+0000] {processor.py:840} INFO - DAG(s) 'tutorial_dag' retrieved from /home/airflow/.local/lib/python3.12/site-packages/airflow/example_dags/tutorial_dag.py
[2026-05-16T10:41:16.028+0000] {logging_mixin.py:188} INFO - [2026-05-16T10:41:16.027+0000] {dag.py:3089} INFO - Sync 1 DAGs
[2026-05-16T10:41:16.032+0000] {logging_mixin.py:188} INFO - [2026-05-16T10:41:16.032+0000] {dag.py:3947} INFO - Setting next_dagrun for tutorial_dag to None, run_after=None
[2026-05-16T10:41:16.036+0000] {processor.py:183} INFO - Processing /home/airflow/.local/lib/python3.12/site-packages/airflow/example_dags/tutorial_dag.py took 0.024 seconds
[2026-05-16T10:41:46.302+0000] {processor.py:161} INFO - Started process (PID=3264) to work on /home/airflow/.local/lib/python3.12/site-packages/airflow/example_dags/tutorial_dag.py
[2026-05-16T10:41:46.303+0000] {processor.py:830} INFO - Processing file /home/airflow/.local/lib/python3.12/site-packages/airflow/example_dags/tutorial_dag.py for tasks to queue
[2026-05-16T10:41:46.303+0000] {logging_mixin.py:188} INFO - [2026-05-16T10:41:46.303+0000] {dagbag.py:545} INFO - Filling up the DagBag from /home/airflow/.local/lib/python3.12/site-packages/airflow/example_dags/tutorial_dag.py
[2026-05-16T10:41:46.305+0000] {processor.py:840} INFO - DAG(s) 'tutorial_dag' retrieved from /home/airflow/.local/lib/python3.12/site-packages/airflow/example_dags/tutorial_dag.py
[2026-05-16T10:41:46.314+0000] {logging_mixin.py:188} INFO - [2026-05-16T10:41:46.314+0000] {dag.py:3089} INFO - Sync 1 DAGs
[2026-05-16T10:41:46.319+0000] {logging_mixin.py:188} INFO - [2026-05-16T10:41:46.318+0000] {dag.py:3947} INFO - Setting next_dagrun for tutorial_dag to None, run_after=None
[2026-05-16T10:41:46.324+0000] {processor.py:183} INFO - Processing /home/airflow/.local/lib/python3.12/site-packages/airflow/example_dags/tutorial_dag.py took 0.024 seconds
[2026-05-16T10:42:16.765+0000] {processor.py:161} INFO - Started process (PID=3322) to work on /home/airflow/.local/lib/python3.12/site-packages/airflow/example_dags/tutorial_dag.py
[2026-05-16T10:42:16.766+0000] {processor.py:830} INFO - Processing file /home/airflow/.local/lib/python3.12/site-packages/airflow/example_dags/tutorial_dag.py for tasks to queue
[2026-05-16T10:42:16.766+0000] {logging_mixin.py:188} INFO - [2026-05-16T10:42:16.766+0000] {dagbag.py:545} INFO - Filling up the DagBag from /home/airflow/.local/lib/python3.12/site-packages/airflow/example_dags/tutorial_dag.py
[2026-05-16T10:42:16.769+0000] {processor.py:840} INFO - DAG(s) 'tutorial_dag' retrieved from /home/airflow/.local/lib/python3.12/site-packages/airflow/example_dags/tutorial_dag.py
[2026-05-16T10:42:16.778+0000] {logging_mixin.py:188} INFO - [2026-05-16T10:42:16.778+0000] {dag.py:3089} INFO - Sync 1 DAGs
[2026-05-16T10:42:16.784+0000] {logging_mixin.py:188} INFO - [2026-05-16T10:42:16.784+0000] {dag.py:3947} INFO - Setting next_dagrun for tutorial_dag to None, run_after=None
[2026-05-16T10:42:16.790+0000] {processor.py:183} INFO - Processing /home/airflow/.local/lib/python3.12/site-packages/airflow/example_dags/tutorial_dag.py took 0.027 seconds
[2026-05-16T10:42:47.182+0000] {processor.py:161} INFO - Started process (PID=3380) to work on /home/airflow/.local/lib/python3.12/site-packages/airflow/example_dags/tutorial_dag.py
[2026-05-16T10:42:47.182+0000] {processor.py:830} INFO - Processing file /home/airflow/.local/lib/python3.12/site-packages/airflow/example_dags/tutorial_dag.py for tasks to queue
[2026-05-16T10:42:47.182+0000] {logging_mixin.py:188} INFO - [2026-05-16T10:42:47.182+0000] {dagbag.py:545} INFO - Filling up the DagBag from /home/airflow/.local/lib/python3.12/site-packages/airflow/example_dags/tutorial_dag.py
[2026-05-16T10:42:47.185+0000] {processor.py:840} INFO - DAG(s) 'tutorial_dag' retrieved from /home/airflow/.local/lib/python3.12/site-packages/airflow/example_dags/tutorial_dag.py
[2026-05-16T10:42:47.193+0000] {logging_mixin.py:188} INFO - [2026-05-16T10:42:47.193+0000] {dag.py:3089} INFO - Sync 1 DAGs
[2026-05-16T10:42:47.197+0000] {logging_mixin.py:188} INFO - [2026-05-16T10:42:47.197+0000] {dag.py:3947} INFO - Setting next_dagrun for tutorial_dag to None, run_after=None
[2026-05-16T10:42:47.202+0000] {processor.py:183} INFO - Processing /home/airflow/.local/lib/python3.12/site-packages/airflow/example_dags/tutorial_dag.py took 0.023 seconds
[2026-05-16T10:43:17.552+0000] {processor.py:161} INFO - Started process (PID=3438) to work on /home/airflow/.local/lib/python3.12/site-packages/airflow/example_dags/tutorial_dag.py
[2026-05-16T10:43:17.552+0000] {processor.py:830} INFO - Processing file /home/airflow/.local/lib/python3.12/site-packages/airflow/example_dags/tutorial_dag.py for tasks to queue
[2026-05-16T10:43:17.553+0000] {logging_mixin.py:188} INFO - [2026-05-16T10:43:17.553+0000] {dagbag.py:545} INFO - Filling up the DagBag from /home/airflow/.local/lib/python3.12/site-packages/airflow/example_dags/tutorial_dag.py
[2026-05-16T10:43:17.555+0000] {processor.py:840} INFO - DAG(s) 'tutorial_dag' retrieved from /home/airflow/.local/lib/python3.12/site-packages/airflow/example_dags/tutorial_dag.py
[2026-05-16T10:43:17.564+0000] {logging_mixin.py:188} INFO - [2026-05-16T10:43:17.563+0000] {dag.py:3089} INFO - Sync 1 DAGs
[2026-05-16T10:43:17.570+0000] {logging_mixin.py:188} INFO - [2026-05-16T10:43:17.569+0000] {dag.py:3947} INFO - Setting next_dagrun for tutorial_dag to None, run_after=None
[2026-05-16T10:43:17.575+0000] {processor.py:183} INFO - Processing /home/airflow/.local/lib/python3.12/site-packages/airflow/example_dags/tutorial_dag.py took 0.026 seconds
[2026-05-16T10:43:47.925+0000] {processor.py:161} INFO - Started process (PID=3496) to work on /home/airflow/.local/lib/python3.12/site-packages/airflow/example_dags/tutorial_dag.py
[2026-05-16T10:43:47.925+0000] {processor.py:830} INFO - Processing file /home/airflow/.local/lib/python3.12/site-packages/airflow/example_dags/tutorial_dag.py for tasks to queue
[2026-05-16T10:43:47.925+0000] {logging_mixin.py:188} INFO - [2026-05-16T10:43:47.925+0000] {dagbag.py:545} INFO - Filling up the DagBag from /home/airflow/.local/lib/python3.12/site-packages/airflow/example_dags/tutorial_dag.py
[2026-05-16T10:43:47.928+0000] {processor.py:840} INFO - DAG(s) 'tutorial_dag' retrieved from /home/airflow/.local/lib/python3.12/site-packages/airflow/example_dags/tutorial_dag.py
[2026-05-16T10:43:47.939+0000] {logging_mixin.py:188} INFO - [2026-05-16T10:43:47.939+0000] {dag.py:3089} INFO - Sync 1 DAGs
[2026-05-16T10:43:47.944+0000] {logging_mixin.py:188} INFO - [2026-05-16T10:43:47.944+0000] {dag.py:3947} INFO - Setting next_dagrun for tutorial_dag to None, run_after=None
[2026-05-16T10:43:47.949+0000] {processor.py:183} INFO - Processing /home/airflow/.local/lib/python3.12/site-packages/airflow/example_dags/tutorial_dag.py took 0.026 seconds
[2026-05-16T10:44:18.292+0000] {processor.py:161} INFO - Started process (PID=3554) to work on /home/airflow/.local/lib/python3.12/site-packages/airflow/example_dags/tutorial_dag.py
[2026-05-16T10:44:18.292+0000] {processor.py:830} INFO - Processing file /home/airflow/.local/lib/python3.12/site-packages/airflow/example_dags/tutorial_dag.py for tasks to queue
[2026-05-16T10:44:18.292+0000] {logging_mixin.py:188} INFO - [2026-05-16T10:44:18.292+0000] {dagbag.py:545} INFO - Filling up the DagBag from /home/airflow/.local/lib/python3.12/site-packages/airflow/example_dags/tutorial_dag.py
[2026-05-16T10:44:18.296+0000] {processor.py:840} INFO - DAG(s) 'tutorial_dag' retrieved from /home/airflow/.local/lib/python3.12/site-packages/airflow/example_dags/tutorial_dag.py
[2026-05-16T10:44:18.305+0000] {logging_mixin.py:188} INFO - [2026-05-16T10:44:18.305+0000] {dag.py:3089} INFO - Sync 1 DAGs
[2026-05-16T10:44:18.310+0000] {logging_mixin.py:188} INFO - [2026-05-16T10:44:18.310+0000] {dag.py:3947} INFO - Setting next_dagrun for tutorial_dag to None, run_after=None
[2026-05-16T10:44:18.315+0000] {processor.py:183} INFO - Processing /home/airflow/.local/lib/python3.12/site-packages/airflow/example_dags/tutorial_dag.py took 0.027 seconds
[2026-05-16T10:44:48.650+0000] {processor.py:161} INFO - Started process (PID=3612) to work on /home/airflow/.local/lib/python3.12/site-packages/airflow/example_dags/tutorial_dag.py
[2026-05-16T10:44:48.650+0000] {processor.py:830} INFO - Processing file /home/airflow/.local/lib/python3.12/site-packages/airflow/example_dags/tutorial_dag.py for tasks to queue
[2026-05-16T10:44:48.650+0000] {logging_mixin.py:188} INFO - [2026-05-16T10:44:48.650+0000] {dagbag.py:545} INFO - Filling up the DagBag from /home/airflow/.local/lib/python3.12/site-packages/airflow/example_dags/tutorial_dag.py
[2026-05-16T10:44:48.652+0000] {processor.py:840} INFO - DAG(s) 'tutorial_dag' retrieved from /home/airflow/.local/lib/python3.12/site-packages/airflow/example_dags/tutorial_dag.py
[2026-05-16T10:44:48.661+0000] {logging_mixin.py:188} INFO - [2026-05-16T10:44:48.661+0000] {dag.py:3089} INFO - Sync 1 DAGs
[2026-05-16T10:44:48.665+0000] {logging_mixin.py:188} INFO - [2026-05-16T10:44:48.665+0000] {dag.py:3947} INFO - Setting next_dagrun for tutorial_dag to None, run_after=None
[2026-05-16T10:44:48.671+0000] {processor.py:183} INFO - Processing /home/airflow/.local/lib/python3.12/site-packages/airflow/example_dags/tutorial_dag.py took 0.026 seconds
[2026-05-16T10:45:19.067+0000] {processor.py:161} INFO - Started process (PID=3670) to work on /home/airflow/.local/lib/python3.12/site-packages/airflow/example_dags/tutorial_dag.py
[2026-05-16T10:45:19.068+0000] {processor.py:830} INFO - Processing file /home/airflow/.local/lib/python3.12/site-packages/airflow/example_dags/tutorial_dag.py for tasks to queue
[2026-05-16T10:45:19.068+0000] {logging_mixin.py:188} INFO - [2026-05-16T10:45:19.068+0000] {dagbag.py:545} INFO - Filling up the DagBag from /home/airflow/.local/lib/python3.12/site-packages/airflow/example_dags/tutorial_dag.py
[2026-05-16T10:45:19.070+0000] {processor.py:840} INFO - DAG(s) 'tutorial_dag' retrieved from /home/airflow/.local/lib/python3.12/site-packages/airflow/example_dags/tutorial_dag.py
[2026-05-16T10:45:19.079+0000] {logging_mixin.py:188} INFO - [2026-05-16T10:45:19.079+0000] {dag.py:3089} INFO - Sync 1 DAGs
[2026-05-16T10:45:19.083+0000] {logging_mixin.py:188} INFO - [2026-05-16T10:45:19.083+0000] {dag.py:3947} INFO - Setting next_dagrun for tutorial_dag to None, run_after=None
[2026-05-16T10:45:19.088+0000] {processor.py:183} INFO - Processing /home/airflow/.local/lib/python3.12/site-packages/airflow/example_dags/tutorial_dag.py took 0.023 seconds
[2026-05-16T10:45:49.417+0000] {processor.py:161} INFO - Started process (PID=3728) to work on /home/airflow/.local/lib/python3.12/site-packages/airflow/example_dags/tutorial_dag.py
[2026-05-16T10:45:49.418+0000] {processor.py:830} INFO - Processing file /home/airflow/.local/lib/python3.12/site-packages/airflow/example_dags/tutorial_dag.py for tasks to queue
[2026-05-16T10:45:49.418+0000] {logging_mixin.py:188} INFO - [2026-05-16T10:45:49.418+0000] {dagbag.py:545} INFO - Filling up the DagBag from /home/airflow/.local/lib/python3.12/site-packages/airflow/example_dags/tutorial_dag.py
[2026-05-16T10:45:49.420+0000] {processor.py:840} INFO - DAG(s) 'tutorial_dag' retrieved from /home/airflow/.local/lib/python3.12/site-packages/airflow/example_dags/tutorial_dag.py
[2026-05-16T10:45:49.427+0000] {logging_mixin.py:188} INFO - [2026-05-16T10:45:49.427+0000] {dag.py:3089} INFO - Sync 1 DAGs
[2026-05-16T10:45:49.431+0000] {logging_mixin.py:188} INFO - [2026-05-16T10:45:49.431+0000] {dag.py:3947} INFO - Setting next_dagrun for tutorial_dag to None, run_after=None
[2026-05-16T10:45:49.436+0000] {processor.py:183} INFO - Processing /home/airflow/.local/lib/python3.12/site-packages/airflow/example_dags/tutorial_dag.py took 0.021 seconds
[2026-05-16T10:46:19.769+0000] {processor.py:161} INFO - Started process (PID=3786) to work on /home/airflow/.local/lib/python3.12/site-packages/airflow/example_dags/tutorial_dag.py
[2026-05-16T10:46:19.770+0000] {processor.py:830} INFO - Processing file /home/airflow/.local/lib/python3.12/site-packages/airflow/example_dags/tutorial_dag.py for tasks to queue
[2026-05-16T10:46:19.770+0000] {logging_mixin.py:188} INFO - [2026-05-16T10:46:19.770+0000] {dagbag.py:545} INFO - Filling up the DagBag from /home/airflow/.local/lib/python3.12/site-packages/airflow/example_dags/tutorial_dag.py
[2026-05-16T10:46:19.772+0000] {processor.py:840} INFO - DAG(s) 'tutorial_dag' retrieved from /home/airflow/.local/lib/python3.12/site-packages/airflow/example_dags/tutorial_dag.py
[2026-05-16T10:46:19.783+0000] {logging_mixin.py:188} INFO - [2026-05-16T10:46:19.783+0000] {dag.py:3089} INFO - Sync 1 DAGs
[2026-05-16T10:46:19.788+0000] {logging_mixin.py:188} INFO - [2026-05-16T10:46:19.787+0000] {dag.py:3947} INFO - Setting next_dagrun for tutorial_dag to None, run_after=None
[2026-05-16T10:46:19.794+0000] {processor.py:183} INFO - Processing /home/airflow/.local/lib/python3.12/site-packages/airflow/example_dags/tutorial_dag.py took 0.028 seconds
[2026-05-16T10:46:49.990+0000] {processor.py:161} INFO - Started process (PID=3844) to work on /home/airflow/.local/lib/python3.12/site-packages/airflow/example_dags/tutorial_dag.py
[2026-05-16T10:46:49.991+0000] {processor.py:830} INFO - Processing file /home/airflow/.local/lib/python3.12/site-packages/airflow/example_dags/tutorial_dag.py for tasks to queue
[2026-05-16T10:46:49.991+0000] {logging_mixin.py:188} INFO - [2026-05-16T10:46:49.991+0000] {dagbag.py:545} INFO - Filling up the DagBag from /home/airflow/.local/lib/python3.12/site-packages/airflow/example_dags/tutorial_dag.py
[2026-05-16T10:46:49.993+0000] {processor.py:840} INFO - DAG(s) 'tutorial_dag' retrieved from /home/airflow/.local/lib/python3.12/site-packages/airflow/example_dags/tutorial_dag.py
[2026-05-16T10:46:50.001+0000] {logging_mixin.py:188} INFO - [2026-05-16T10:46:50.000+0000] {dag.py:3089} INFO - Sync 1 DAGs
[2026-05-16T10:46:50.005+0000] {logging_mixin.py:188} INFO - [2026-05-16T10:46:50.005+0000] {dag.py:3947} INFO - Setting next_dagrun for tutorial_dag to None, run_after=None
[2026-05-16T10:46:50.011+0000] {processor.py:183} INFO - Processing /home/airflow/.local/lib/python3.12/site-packages/airflow/example_dags/tutorial_dag.py took 0.023 seconds
[2026-05-16T10:47:20.790+0000] {processor.py:161} INFO - Started process (PID=3902) to work on /home/airflow/.local/lib/python3.12/site-packages/airflow/example_dags/tutorial_dag.py
[2026-05-16T10:47:20.792+0000] {processor.py:830} INFO - Processing file /home/airflow/.local/lib/python3.12/site-packages/airflow/example_dags/tutorial_dag.py for tasks to queue
[2026-05-16T10:47:20.792+0000] {logging_mixin.py:188} INFO - [2026-05-16T10:47:20.792+0000] {dagbag.py:545} INFO - Filling up the DagBag from /home/airflow/.local/lib/python3.12/site-packages/airflow/example_dags/tutorial_dag.py
[2026-05-16T10:47:20.796+0000] {processor.py:840} INFO - DAG(s) 'tutorial_dag' retrieved from /home/airflow/.local/lib/python3.12/site-packages/airflow/example_dags/tutorial_dag.py
[2026-05-16T10:47:20.815+0000] {logging_mixin.py:188} INFO - [2026-05-16T10:47:20.815+0000] {dag.py:3089} INFO - Sync 1 DAGs
[2026-05-16T10:47:20.824+0000] {logging_mixin.py:188} INFO - [2026-05-16T10:47:20.823+0000] {dag.py:3947} INFO - Setting next_dagrun for tutorial_dag to None, run_after=None
[2026-05-16T10:47:20.834+0000] {processor.py:183} INFO - Processing /home/airflow/.local/lib/python3.12/site-packages/airflow/example_dags/tutorial_dag.py took 0.049 seconds
[2026-05-16T10:47:51.135+0000] {processor.py:161} INFO - Started process (PID=3961) to work on /home/airflow/.local/lib/python3.12/site-packages/airflow/example_dags/tutorial_dag.py
[2026-05-16T10:47:51.135+0000] {processor.py:830} INFO - Processing file /home/airflow/.local/lib/python3.12/site-packages/airflow/example_dags/tutorial_dag.py for tasks to queue
[2026-05-16T10:47:51.135+0000] {logging_mixin.py:188} INFO - [2026-05-16T10:47:51.135+0000] {dagbag.py:545} INFO - Filling up the DagBag from /home/airflow/.local/lib/python3.12/site-packages/airflow/example_dags/tutorial_dag.py
[2026-05-16T10:47:51.138+0000] {processor.py:840} INFO - DAG(s) 'tutorial_dag' retrieved from /home/airflow/.local/lib/python3.12/site-packages/airflow/example_dags/tutorial_dag.py
[2026-05-16T10:47:51.146+0000] {logging_mixin.py:188} INFO - [2026-05-16T10:47:51.146+0000] {dag.py:3089} INFO - Sync 1 DAGs
[2026-05-16T10:47:51.150+0000] {logging_mixin.py:188} INFO - [2026-05-16T10:47:51.150+0000] {dag.py:3947} INFO - Setting next_dagrun for tutorial_dag to None, run_after=None
[2026-05-16T10:47:51.155+0000] {processor.py:183} INFO - Processing /home/airflow/.local/lib/python3.12/site-packages/airflow/example_dags/tutorial_dag.py took 0.023 seconds
[2026-05-16T10:48:21.482+0000] {processor.py:161} INFO - Started process (PID=4020) to work on /home/airflow/.local/lib/python3.12/site-packages/airflow/example_dags/tutorial_dag.py
[2026-05-16T10:48:21.482+0000] {processor.py:830} INFO - Processing file /home/airflow/.local/lib/python3.12/site-packages/airflow/example_dags/tutorial_dag.py for tasks to queue
[2026-05-16T10:48:21.482+0000] {logging_mixin.py:188} INFO - [2026-05-16T10:48:21.482+0000] {dagbag.py:545} INFO - Filling up the DagBag from /home/airflow/.local/lib/python3.12/site-packages/airflow/example_dags/tutorial_dag.py
[2026-05-16T10:48:21.485+0000] {processor.py:840} INFO - DAG(s) 'tutorial_dag' retrieved from /home/airflow/.local/lib/python3.12/site-packages/airflow/example_dags/tutorial_dag.py
[2026-05-16T10:48:21.493+0000] {logging_mixin.py:188} INFO - [2026-05-16T10:48:21.493+0000] {dag.py:3089} INFO - Sync 1 DAGs
[2026-05-16T10:48:21.498+0000] {logging_mixin.py:188} INFO - [2026-05-16T10:48:21.498+0000] {dag.py:3947} INFO - Setting next_dagrun for tutorial_dag to None, run_after=None
[2026-05-16T10:48:21.503+0000] {processor.py:183} INFO - Processing /home/airflow/.local/lib/python3.12/site-packages/airflow/example_dags/tutorial_dag.py took 0.024 seconds
[2026-05-16T10:48:51.838+0000] {processor.py:161} INFO - Started process (PID=4079) to work on /home/airflow/.local/lib/python3.12/site-packages/airflow/example_dags/tutorial_dag.py
[2026-05-16T10:48:51.839+0000] {processor.py:830} INFO - Processing file /home/airflow/.local/lib/python3.12/site-packages/airflow/example_dags/tutorial_dag.py for tasks to queue
[2026-05-16T10:48:51.839+0000] {logging_mixin.py:188} INFO - [2026-05-16T10:48:51.839+0000] {dagbag.py:545} INFO - Filling up the DagBag from /home/airflow/.local/lib/python3.12/site-packages/airflow/example_dags/tutorial_dag.py
[2026-05-16T10:48:51.841+0000] {processor.py:840} INFO - DAG(s) 'tutorial_dag' retrieved from /home/airflow/.local/lib/python3.12/site-packages/airflow/example_dags/tutorial_dag.py
[2026-05-16T10:48:51.849+0000] {logging_mixin.py:188} INFO - [2026-05-16T10:48:51.848+0000] {dag.py:3089} INFO - Sync 1 DAGs
[2026-05-16T10:48:51.853+0000] {logging_mixin.py:188} INFO - [2026-05-16T10:48:51.853+0000] {dag.py:3947} INFO - Setting next_dagrun for tutorial_dag to None, run_after=None
[2026-05-16T10:48:51.859+0000] {processor.py:183} INFO - Processing /home/airflow/.local/lib/python3.12/site-packages/airflow/example_dags/tutorial_dag.py took 0.023 seconds
[2026-05-16T10:49:22.132+0000] {processor.py:161} INFO - Started process (PID=4138) to work on /home/airflow/.local/lib/python3.12/site-packages/airflow/example_dags/tutorial_dag.py
[2026-05-16T10:49:22.132+0000] {processor.py:830} INFO - Processing file /home/airflow/.local/lib/python3.12/site-packages/airflow/example_dags/tutorial_dag.py for tasks to queue
[2026-05-16T10:49:22.133+0000] {logging_mixin.py:188} INFO - [2026-05-16T10:49:22.133+0000] {dagbag.py:545} INFO - Filling up the DagBag from /home/airflow/.local/lib/python3.12/site-packages/airflow/example_dags/tutorial_dag.py
[2026-05-16T10:49:22.136+0000] {processor.py:840} INFO - DAG(s) 'tutorial_dag' retrieved from /home/airflow/.local/lib/python3.12/site-packages/airflow/example_dags/tutorial_dag.py
[2026-05-16T10:49:22.146+0000] {logging_mixin.py:188} INFO - [2026-05-16T10:49:22.146+0000] {dag.py:3089} INFO - Sync 1 DAGs
[2026-05-16T10:49:22.152+0000] {logging_mixin.py:188} INFO - [2026-05-16T10:49:22.152+0000] {dag.py:3947} INFO - Setting next_dagrun for tutorial_dag to None, run_after=None
[2026-05-16T10:49:22.157+0000] {processor.py:183} INFO - Processing /home/airflow/.local/lib/python3.12/site-packages/airflow/example_dags/tutorial_dag.py took 0.029 seconds
[2026-05-16T10:49:52.666+0000] {processor.py:161} INFO - Started process (PID=4197) to work on /home/airflow/.local/lib/python3.12/site-packages/airflow/example_dags/tutorial_dag.py
[2026-05-16T10:49:52.667+0000] {processor.py:830} INFO - Processing file /home/airflow/.local/lib/python3.12/site-packages/airflow/example_dags/tutorial_dag.py for tasks to queue
[2026-05-16T10:49:52.667+0000] {logging_mixin.py:188} INFO - [2026-05-16T10:49:52.667+0000] {dagbag.py:545} INFO - Filling up the DagBag from /home/airflow/.local/lib/python3.12/site-packages/airflow/example_dags/tutorial_dag.py
[2026-05-16T10:49:52.671+0000] {processor.py:840} INFO - DAG(s) 'tutorial_dag' retrieved from /home/airflow/.local/lib/python3.12/site-packages/airflow/example_dags/tutorial_dag.py
[2026-05-16T10:49:52.680+0000] {logging_mixin.py:188} INFO - [2026-05-16T10:49:52.680+0000] {dag.py:3089} INFO - Sync 1 DAGs
[2026-05-16T10:49:52.685+0000] {logging_mixin.py:188} INFO - [2026-05-16T10:49:52.685+0000] {dag.py:3947} INFO - Setting next_dagrun for tutorial_dag to None, run_after=None
[2026-05-16T10:49:52.692+0000] {processor.py:183} INFO - Processing /home/airflow/.local/lib/python3.12/site-packages/airflow/example_dags/tutorial_dag.py took 0.028 seconds
[2026-05-16T10:50:23.236+0000] {processor.py:161} INFO - Started process (PID=4256) to work on /home/airflow/.local/lib/python3.12/site-packages/airflow/example_dags/tutorial_dag.py
[2026-05-16T10:50:23.236+0000] {processor.py:830} INFO - Processing file /home/airflow/.local/lib/python3.12/site-packages/airflow/example_dags/tutorial_dag.py for tasks to queue
[2026-05-16T10:50:23.237+0000] {logging_mixin.py:188} INFO - [2026-05-16T10:50:23.237+0000] {dagbag.py:545} INFO - Filling up the DagBag from /home/airflow/.local/lib/python3.12/site-packages/airflow/example_dags/tutorial_dag.py
[2026-05-16T10:50:23.241+0000] {processor.py:840} INFO - DAG(s) 'tutorial_dag' retrieved from /home/airflow/.local/lib/python3.12/site-packages/airflow/example_dags/tutorial_dag.py
[2026-05-16T10:50:23.258+0000] {logging_mixin.py:188} INFO - [2026-05-16T10:50:23.258+0000] {dag.py:3089} INFO - Sync 1 DAGs
[2026-05-16T10:50:23.264+0000] {logging_mixin.py:188} INFO - [2026-05-16T10:50:23.264+0000] {dag.py:3947} INFO - Setting next_dagrun for tutorial_dag to None, run_after=None
[2026-05-16T10:50:23.277+0000] {processor.py:183} INFO - Processing /home/airflow/.local/lib/python3.12/site-packages/airflow/example_dags/tutorial_dag.py took 0.046 seconds
[2026-05-16T10:50:53.840+0000] {processor.py:161} INFO - Started process (PID=4315) to work on /home/airflow/.local/lib/python3.12/site-packages/airflow/example_dags/tutorial_dag.py
[2026-05-16T10:50:53.840+0000] {processor.py:830} INFO - Processing file /home/airflow/.local/lib/python3.12/site-packages/airflow/example_dags/tutorial_dag.py for tasks to queue
[2026-05-16T10:50:53.840+0000] {logging_mixin.py:188} INFO - [2026-05-16T10:50:53.840+0000] {dagbag.py:545} INFO - Filling up the DagBag from /home/airflow/.local/lib/python3.12/site-packages/airflow/example_dags/tutorial_dag.py
[2026-05-16T10:50:53.843+0000] {processor.py:840} INFO - DAG(s) 'tutorial_dag' retrieved from /home/airflow/.local/lib/python3.12/site-packages/airflow/example_dags/tutorial_dag.py
[2026-05-16T10:50:53.850+0000] {logging_mixin.py:188} INFO - [2026-05-16T10:50:53.850+0000] {dag.py:3089} INFO - Sync 1 DAGs
[2026-05-16T10:50:53.854+0000] {logging_mixin.py:188} INFO - [2026-05-16T10:50:53.854+0000] {dag.py:3947} INFO - Setting next_dagrun for tutorial_dag to None, run_after=None
[2026-05-16T10:50:53.863+0000] {processor.py:183} INFO - Processing /home/airflow/.local/lib/python3.12/site-packages/airflow/example_dags/tutorial_dag.py took 0.025 seconds
[2026-05-16T10:51:24.179+0000] {processor.py:161} INFO - Started process (PID=4374) to work on /home/airflow/.local/lib/python3.12/site-packages/airflow/example_dags/tutorial_dag.py
[2026-05-16T10:51:24.179+0000] {processor.py:830} INFO - Processing file /home/airflow/.local/lib/python3.12/site-packages/airflow/example_dags/tutorial_dag.py for tasks to queue
[2026-05-16T10:51:24.179+0000] {logging_mixin.py:188} INFO - [2026-05-16T10:51:24.179+0000] {dagbag.py:545} INFO - Filling up the DagBag from /home/airflow/.local/lib/python3.12/site-packages/airflow/example_dags/tutorial_dag.py
[2026-05-16T10:51:24.182+0000] {processor.py:840} INFO - DAG(s) 'tutorial_dag' retrieved from /home/airflow/.local/lib/python3.12/site-packages/airflow/example_dags/tutorial_dag.py
[2026-05-16T10:51:24.194+0000] {logging_mixin.py:188} INFO - [2026-05-16T10:51:24.194+0000] {dag.py:3089} INFO - Sync 1 DAGs
[2026-05-16T10:51:24.198+0000] {logging_mixin.py:188} INFO - [2026-05-16T10:51:24.198+0000] {dag.py:3947} INFO - Setting next_dagrun for tutorial_dag to None, run_after=None
[2026-05-16T10:51:24.203+0000] {processor.py:183} INFO - Processing /home/airflow/.local/lib/python3.12/site-packages/airflow/example_dags/tutorial_dag.py took 0.026 seconds
[2026-05-16T10:51:54.495+0000] {processor.py:161} INFO - Started process (PID=4433) to work on /home/airflow/.local/lib/python3.12/site-packages/airflow/example_dags/tutorial_dag.py
[2026-05-16T10:51:54.495+0000] {processor.py:830} INFO - Processing file /home/airflow/.local/lib/python3.12/site-packages/airflow/example_dags/tutorial_dag.py for tasks to queue
[2026-05-16T10:51:54.495+0000] {logging_mixin.py:188} INFO - [2026-05-16T10:51:54.495+0000] {dagbag.py:545} INFO - Filling up the DagBag from /home/airflow/.local/lib/python3.12/site-packages/airflow/example_dags/tutorial_dag.py
[2026-05-16T10:51:54.498+0000] {processor.py:840} INFO - DAG(s) 'tutorial_dag' retrieved from /home/airflow/.local/lib/python3.12/site-packages/airflow/example_dags/tutorial_dag.py
[2026-05-16T10:51:54.506+0000] {logging_mixin.py:188} INFO - [2026-05-16T10:51:54.506+0000] {dag.py:3089} INFO - Sync 1 DAGs
[2026-05-16T10:51:54.510+0000] {logging_mixin.py:188} INFO - [2026-05-16T10:51:54.510+0000] {dag.py:3947} INFO - Setting next_dagrun for tutorial_dag to None, run_after=None
[2026-05-16T10:51:54.515+0000] {processor.py:183} INFO - Processing /home/airflow/.local/lib/python3.12/site-packages/airflow/example_dags/tutorial_dag.py took 0.023 seconds
[2026-05-16T10:52:24.944+0000] {processor.py:161} INFO - Started process (PID=4492) to work on /home/airflow/.local/lib/python3.12/site-packages/airflow/example_dags/tutorial_dag.py
[2026-05-16T10:52:24.944+0000] {processor.py:830} INFO - Processing file /home/airflow/.local/lib/python3.12/site-packages/airflow/example_dags/tutorial_dag.py for tasks to queue
[2026-05-16T10:52:24.945+0000] {logging_mixin.py:188} INFO - [2026-05-16T10:52:24.944+0000] {dagbag.py:545} INFO - Filling up the DagBag from /home/airflow/.local/lib/python3.12/site-packages/airflow/example_dags/tutorial_dag.py
[2026-05-16T10:52:24.947+0000] {processor.py:840} INFO - DAG(s) 'tutorial_dag' retrieved from /home/airflow/.local/lib/python3.12/site-packages/airflow/example_dags/tutorial_dag.py
[2026-05-16T10:52:24.955+0000] {logging_mixin.py:188} INFO - [2026-05-16T10:52:24.955+0000] {dag.py:3089} INFO - Sync 1 DAGs
[2026-05-16T10:52:24.960+0000] {logging_mixin.py:188} INFO - [2026-05-16T10:52:24.960+0000] {dag.py:3947} INFO - Setting next_dagrun for tutorial_dag to None, run_after=None
[2026-05-16T10:52:24.965+0000] {processor.py:183} INFO - Processing /home/airflow/.local/lib/python3.12/site-packages/airflow/example_dags/tutorial_dag.py took 0.024 seconds
[2026-05-16T10:52:55.377+0000] {processor.py:161} INFO - Started process (PID=4551) to work on /home/airflow/.local/lib/python3.12/site-packages/airflow/example_dags/tutorial_dag.py
[2026-05-16T10:52:55.378+0000] {processor.py:830} INFO - Processing file /home/airflow/.local/lib/python3.12/site-packages/airflow/example_dags/tutorial_dag.py for tasks to queue
[2026-05-16T10:52:55.378+0000] {logging_mixin.py:188} INFO - [2026-05-16T10:52:55.378+0000] {dagbag.py:545} INFO - Filling up the DagBag from /home/airflow/.local/lib/python3.12/site-packages/airflow/example_dags/tutorial_dag.py
[2026-05-16T10:52:55.381+0000] {processor.py:840} INFO - DAG(s) 'tutorial_dag' retrieved from /home/airflow/.local/lib/python3.12/site-packages/airflow/example_dags/tutorial_dag.py
[2026-05-16T10:52:55.390+0000] {logging_mixin.py:188} INFO - [2026-05-16T10:52:55.390+0000] {dag.py:3089} INFO - Sync 1 DAGs
[2026-05-16T10:52:55.394+0000] {logging_mixin.py:188} INFO - [2026-05-16T10:52:55.394+0000] {dag.py:3947} INFO - Setting next_dagrun for tutorial_dag to None, run_after=None
[2026-05-16T10:52:55.399+0000] {processor.py:183} INFO - Processing /home/airflow/.local/lib/python3.12/site-packages/airflow/example_dags/tutorial_dag.py took 0.024 seconds
[2026-05-16T10:53:25.821+0000] {processor.py:161} INFO - Started process (PID=4609) to work on /home/airflow/.local/lib/python3.12/site-packages/airflow/example_dags/tutorial_dag.py
[2026-05-16T10:53:25.821+0000] {processor.py:830} INFO - Processing file /home/airflow/.local/lib/python3.12/site-packages/airflow/example_dags/tutorial_dag.py for tasks to queue
[2026-05-16T10:53:25.822+0000] {logging_mixin.py:188} INFO - [2026-05-16T10:53:25.822+0000] {dagbag.py:545} INFO - Filling up the DagBag from /home/airflow/.local/lib/python3.12/site-packages/airflow/example_dags/tutorial_dag.py
[2026-05-16T10:53:25.824+0000] {processor.py:840} INFO - DAG(s) 'tutorial_dag' retrieved from /home/airflow/.local/lib/python3.12/site-packages/airflow/example_dags/tutorial_dag.py
[2026-05-16T10:53:25.833+0000] {logging_mixin.py:188} INFO - [2026-05-16T10:53:25.833+0000] {dag.py:3089} INFO - Sync 1 DAGs
[2026-05-16T10:53:25.838+0000] {logging_mixin.py:188} INFO - [2026-05-16T10:53:25.838+0000] {dag.py:3947} INFO - Setting next_dagrun for tutorial_dag to None, run_after=None
[2026-05-16T10:53:25.845+0000] {processor.py:183} INFO - Processing /home/airflow/.local/lib/python3.12/site-packages/airflow/example_dags/tutorial_dag.py took 0.026 seconds
[2026-05-16T10:53:56.183+0000] {processor.py:161} INFO - Started process (PID=4668) to work on /home/airflow/.local/lib/python3.12/site-packages/airflow/example_dags/tutorial_dag.py
[2026-05-16T10:53:56.183+0000] {processor.py:830} INFO - Processing file /home/airflow/.local/lib/python3.12/site-packages/airflow/example_dags/tutorial_dag.py for tasks to queue
[2026-05-16T10:53:56.184+0000] {logging_mixin.py:188} INFO - [2026-05-16T10:53:56.184+0000] {dagbag.py:545} INFO - Filling up the DagBag from /home/airflow/.local/lib/python3.12/site-packages/airflow/example_dags/tutorial_dag.py
[2026-05-16T10:53:56.186+0000] {processor.py:840} INFO - DAG(s) 'tutorial_dag' retrieved from /home/airflow/.local/lib/python3.12/site-packages/airflow/example_dags/tutorial_dag.py
[2026-05-16T10:53:56.195+0000] {logging_mixin.py:188} INFO - [2026-05-16T10:53:56.195+0000] {dag.py:3089} INFO - Sync 1 DAGs
[2026-05-16T10:53:56.199+0000] {logging_mixin.py:188} INFO - [2026-05-16T10:53:56.199+0000] {dag.py:3947} INFO - Setting next_dagrun for tutorial_dag to None, run_after=None
[2026-05-16T10:53:56.205+0000] {processor.py:183} INFO - Processing /home/airflow/.local/lib/python3.12/site-packages/airflow/example_dags/tutorial_dag.py took 0.024 seconds
[2026-05-16T10:54:26.552+0000] {processor.py:161} INFO - Started process (PID=4726) to work on /home/airflow/.local/lib/python3.12/site-packages/airflow/example_dags/tutorial_dag.py
[2026-05-16T10:54:26.552+0000] {processor.py:830} INFO - Processing file /home/airflow/.local/lib/python3.12/site-packages/airflow/example_dags/tutorial_dag.py for tasks to queue
[2026-05-16T10:54:26.552+0000] {logging_mixin.py:188} INFO - [2026-05-16T10:54:26.552+0000] {dagbag.py:545} INFO - Filling up the DagBag from /home/airflow/.local/lib/python3.12/site-packages/airflow/example_dags/tutorial_dag.py
[2026-05-16T10:54:26.555+0000] {processor.py:840} INFO - DAG(s) 'tutorial_dag' retrieved from /home/airflow/.local/lib/python3.12/site-packages/airflow/example_dags/tutorial_dag.py
[2026-05-16T10:54:26.562+0000] {logging_mixin.py:188} INFO - [2026-05-16T10:54:26.562+0000] {dag.py:3089} INFO - Sync 1 DAGs
[2026-05-16T10:54:26.566+0000] {logging_mixin.py:188} INFO - [2026-05-16T10:54:26.565+0000] {dag.py:3947} INFO - Setting next_dagrun for tutorial_dag to None, run_after=None
[2026-05-16T10:54:26.570+0000] {processor.py:183} INFO - Processing /home/airflow/.local/lib/python3.12/site-packages/airflow/example_dags/tutorial_dag.py took 0.020 seconds
[2026-05-16T10:54:56.949+0000] {processor.py:161} INFO - Started process (PID=4786) to work on /home/airflow/.local/lib/python3.12/site-packages/airflow/example_dags/tutorial_dag.py
[2026-05-16T10:54:56.949+0000] {processor.py:830} INFO - Processing file /home/airflow/.local/lib/python3.12/site-packages/airflow/example_dags/tutorial_dag.py for tasks to queue
[2026-05-16T10:54:56.950+0000] {logging_mixin.py:188} INFO - [2026-05-16T10:54:56.949+0000] {dagbag.py:545} INFO - Filling up the DagBag from /home/airflow/.local/lib/python3.12/site-packages/airflow/example_dags/tutorial_dag.py
[2026-05-16T10:54:56.952+0000] {processor.py:840} INFO - DAG(s) 'tutorial_dag' retrieved from /home/airflow/.local/lib/python3.12/site-packages/airflow/example_dags/tutorial_dag.py
[2026-05-16T10:54:56.959+0000] {logging_mixin.py:188} INFO - [2026-05-16T10:54:56.959+0000] {dag.py:3089} INFO - Sync 1 DAGs
[2026-05-16T10:54:56.964+0000] {logging_mixin.py:188} INFO - [2026-05-16T10:54:56.964+0000] {dag.py:3947} INFO - Setting next_dagrun for tutorial_dag to None, run_after=None
[2026-05-16T10:54:56.969+0000] {processor.py:183} INFO - Processing /home/airflow/.local/lib/python3.12/site-packages/airflow/example_dags/tutorial_dag.py took 0.023 seconds
[2026-05-16T10:55:27.252+0000] {processor.py:161} INFO - Started process (PID=4845) to work on /home/airflow/.local/lib/python3.12/site-packages/airflow/example_dags/tutorial_dag.py
[2026-05-16T10:55:27.253+0000] {processor.py:830} INFO - Processing file /home/airflow/.local/lib/python3.12/site-packages/airflow/example_dags/tutorial_dag.py for tasks to queue
[2026-05-16T10:55:27.253+0000] {logging_mixin.py:188} INFO - [2026-05-16T10:55:27.253+0000] {dagbag.py:545} INFO - Filling up the DagBag from /home/airflow/.local/lib/python3.12/site-packages/airflow/example_dags/tutorial_dag.py
[2026-05-16T10:55:27.255+0000] {processor.py:840} INFO - DAG(s) 'tutorial_dag' retrieved from /home/airflow/.local/lib/python3.12/site-packages/airflow/example_dags/tutorial_dag.py
[2026-05-16T10:55:27.262+0000] {logging_mixin.py:188} INFO - [2026-05-16T10:55:27.262+0000] {dag.py:3089} INFO - Sync 1 DAGs
[2026-05-16T10:55:27.266+0000] {logging_mixin.py:188} INFO - [2026-05-16T10:55:27.266+0000] {dag.py:3947} INFO - Setting next_dagrun for tutorial_dag to None, run_after=None
[2026-05-16T10:55:27.271+0000] {processor.py:183} INFO - Processing /home/airflow/.local/lib/python3.12/site-packages/airflow/example_dags/tutorial_dag.py took 0.021 seconds
[2026-05-16T10:55:57.647+0000] {processor.py:161} INFO - Started process (PID=4905) to work on /home/airflow/.local/lib/python3.12/site-packages/airflow/example_dags/tutorial_dag.py
[2026-05-16T10:55:57.647+0000] {processor.py:830} INFO - Processing file /home/airflow/.local/lib/python3.12/site-packages/airflow/example_dags/tutorial_dag.py for tasks to queue
[2026-05-16T10:55:57.647+0000] {logging_mixin.py:188} INFO - [2026-05-16T10:55:57.647+0000] {dagbag.py:545} INFO - Filling up the DagBag from /home/airflow/.local/lib/python3.12/site-packages/airflow/example_dags/tutorial_dag.py
[2026-05-16T10:55:57.649+0000] {processor.py:840} INFO - DAG(s) 'tutorial_dag' retrieved from /home/airflow/.local/lib/python3.12/site-packages/airflow/example_dags/tutorial_dag.py
[2026-05-16T10:55:57.656+0000] {logging_mixin.py:188} INFO - [2026-05-16T10:55:57.656+0000] {dag.py:3089} INFO - Sync 1 DAGs
[2026-05-16T10:55:57.660+0000] {logging_mixin.py:188} INFO - [2026-05-16T10:55:57.660+0000] {dag.py:3947} INFO - Setting next_dagrun for tutorial_dag to None, run_after=None
[2026-05-16T10:55:57.665+0000] {processor.py:183} INFO - Processing /home/airflow/.local/lib/python3.12/site-packages/airflow/example_dags/tutorial_dag.py took 0.020 seconds
[2026-05-16T10:56:28.032+0000] {processor.py:161} INFO - Started process (PID=4964) to work on /home/airflow/.local/lib/python3.12/site-packages/airflow/example_dags/tutorial_dag.py
[2026-05-16T10:56:28.032+0000] {processor.py:830} INFO - Processing file /home/airflow/.local/lib/python3.12/site-packages/airflow/example_dags/tutorial_dag.py for tasks to queue
[2026-05-16T10:56:28.033+0000] {logging_mixin.py:188} INFO - [2026-05-16T10:56:28.033+0000] {dagbag.py:545} INFO - Filling up the DagBag from /home/airflow/.local/lib/python3.12/site-packages/airflow/example_dags/tutorial_dag.py
[2026-05-16T10:56:28.035+0000] {processor.py:840} INFO - DAG(s) 'tutorial_dag' retrieved from /home/airflow/.local/lib/python3.12/site-packages/airflow/example_dags/tutorial_dag.py
[2026-05-16T10:56:28.043+0000] {logging_mixin.py:188} INFO - [2026-05-16T10:56:28.043+0000] {dag.py:3089} INFO - Sync 1 DAGs
[2026-05-16T10:56:28.047+0000] {logging_mixin.py:188} INFO - [2026-05-16T10:56:28.047+0000] {dag.py:3947} INFO - Setting next_dagrun for tutorial_dag to None, run_after=None
[2026-05-16T10:56:28.052+0000] {processor.py:183} INFO - Processing /home/airflow/.local/lib/python3.12/site-packages/airflow/example_dags/tutorial_dag.py took 0.023 seconds
[2026-05-16T10:56:58.507+0000] {processor.py:161} INFO - Started process (PID=5023) to work on /home/airflow/.local/lib/python3.12/site-packages/airflow/example_dags/tutorial_dag.py
[2026-05-16T10:56:58.508+0000] {processor.py:830} INFO - Processing file /home/airflow/.local/lib/python3.12/site-packages/airflow/example_dags/tutorial_dag.py for tasks to queue
[2026-05-16T10:56:58.508+0000] {logging_mixin.py:188} INFO - [2026-05-16T10:56:58.508+0000] {dagbag.py:545} INFO - Filling up the DagBag from /home/airflow/.local/lib/python3.12/site-packages/airflow/example_dags/tutorial_dag.py
[2026-05-16T10:56:58.511+0000] {processor.py:840} INFO - DAG(s) 'tutorial_dag' retrieved from /home/airflow/.local/lib/python3.12/site-packages/airflow/example_dags/tutorial_dag.py
[2026-05-16T10:56:58.518+0000] {logging_mixin.py:188} INFO - [2026-05-16T10:56:58.518+0000] {dag.py:3089} INFO - Sync 1 DAGs
[2026-05-16T10:56:58.522+0000] {logging_mixin.py:188} INFO - [2026-05-16T10:56:58.522+0000] {dag.py:3947} INFO - Setting next_dagrun for tutorial_dag to None, run_after=None
[2026-05-16T10:56:58.527+0000] {processor.py:183} INFO - Processing /home/airflow/.local/lib/python3.12/site-packages/airflow/example_dags/tutorial_dag.py took 0.022 seconds
[2026-05-16T10:57:28.779+0000] {processor.py:161} INFO - Started process (PID=5082) to work on /home/airflow/.local/lib/python3.12/site-packages/airflow/example_dags/tutorial_dag.py
[2026-05-16T10:57:28.779+0000] {processor.py:830} INFO - Processing file /home/airflow/.local/lib/python3.12/site-packages/airflow/example_dags/tutorial_dag.py for tasks to queue
[2026-05-16T10:57:28.779+0000] {logging_mixin.py:188} INFO - [2026-05-16T10:57:28.779+0000] {dagbag.py:545} INFO - Filling up the DagBag from /home/airflow/.local/lib/python3.12/site-packages/airflow/example_dags/tutorial_dag.py
[2026-05-16T10:57:28.781+0000] {processor.py:840} INFO - DAG(s) 'tutorial_dag' retrieved from /home/airflow/.local/lib/python3.12/site-packages/airflow/example_dags/tutorial_dag.py
[2026-05-16T10:57:28.788+0000] {logging_mixin.py:188} INFO - [2026-05-16T10:57:28.788+0000] {dag.py:3089} INFO - Sync 1 DAGs
[2026-05-16T10:57:28.792+0000] {logging_mixin.py:188} INFO - [2026-05-16T10:57:28.792+0000] {dag.py:3947} INFO - Setting next_dagrun for tutorial_dag to None, run_after=None
[2026-05-16T10:57:28.797+0000] {processor.py:183} INFO - Processing /home/airflow/.local/lib/python3.12/site-packages/airflow/example_dags/tutorial_dag.py took 0.020 seconds
[2026-05-16T10:57:59.145+0000] {processor.py:161} INFO - Started process (PID=5141) to work on /home/airflow/.local/lib/python3.12/site-packages/airflow/example_dags/tutorial_dag.py
[2026-05-16T10:57:59.146+0000] {processor.py:830} INFO - Processing file /home/airflow/.local/lib/python3.12/site-packages/airflow/example_dags/tutorial_dag.py for tasks to queue
[2026-05-16T10:57:59.146+0000] {logging_mixin.py:188} INFO - [2026-05-16T10:57:59.146+0000] {dagbag.py:545} INFO - Filling up the DagBag from /home/airflow/.local/lib/python3.12/site-packages/airflow/example_dags/tutorial_dag.py
[2026-05-16T10:57:59.148+0000] {processor.py:840} INFO - DAG(s) 'tutorial_dag' retrieved from /home/airflow/.local/lib/python3.12/site-packages/airflow/example_dags/tutorial_dag.py
[2026-05-16T10:57:59.157+0000] {logging_mixin.py:188} INFO - [2026-05-16T10:57:59.157+0000] {dag.py:3089} INFO - Sync 1 DAGs
[2026-05-16T10:57:59.162+0000] {logging_mixin.py:188} INFO - [2026-05-16T10:57:59.162+0000] {dag.py:3947} INFO - Setting next_dagrun for tutorial_dag to None, run_after=None
[2026-05-16T10:57:59.167+0000] {processor.py:183} INFO - Processing /home/airflow/.local/lib/python3.12/site-packages/airflow/example_dags/tutorial_dag.py took 0.024 seconds
[2026-05-16T10:58:29.411+0000] {processor.py:161} INFO - Started process (PID=5200) to work on /home/airflow/.local/lib/python3.12/site-packages/airflow/example_dags/tutorial_dag.py
[2026-05-16T10:58:29.411+0000] {processor.py:830} INFO - Processing file /home/airflow/.local/lib/python3.12/site-packages/airflow/example_dags/tutorial_dag.py for tasks to queue
[2026-05-16T10:58:29.412+0000] {logging_mixin.py:188} INFO - [2026-05-16T10:58:29.411+0000] {dagbag.py:545} INFO - Filling up the DagBag from /home/airflow/.local/lib/python3.12/site-packages/airflow/example_dags/tutorial_dag.py
[2026-05-16T10:58:29.414+0000] {processor.py:840} INFO - DAG(s) 'tutorial_dag' retrieved from /home/airflow/.local/lib/python3.12/site-packages/airflow/example_dags/tutorial_dag.py
[2026-05-16T10:58:29.421+0000] {logging_mixin.py:188} INFO - [2026-05-16T10:58:29.421+0000] {dag.py:3089} INFO - Sync 1 DAGs
[2026-05-16T10:58:29.425+0000] {logging_mixin.py:188} INFO - [2026-05-16T10:58:29.425+0000] {dag.py:3947} INFO - Setting next_dagrun for tutorial_dag to None, run_after=None
[2026-05-16T10:58:29.429+0000] {processor.py:183} INFO - Processing /home/airflow/.local/lib/python3.12/site-packages/airflow/example_dags/tutorial_dag.py took 0.021 seconds
[2026-05-16T10:58:59.878+0000] {processor.py:161} INFO - Started process (PID=5259) to work on /home/airflow/.local/lib/python3.12/site-packages/airflow/example_dags/tutorial_dag.py
[2026-05-16T10:58:59.878+0000] {processor.py:830} INFO - Processing file /home/airflow/.local/lib/python3.12/site-packages/airflow/example_dags/tutorial_dag.py for tasks to queue
[2026-05-16T10:58:59.878+0000] {logging_mixin.py:188} INFO - [2026-05-16T10:58:59.878+0000] {dagbag.py:545} INFO - Filling up the DagBag from /home/airflow/.local/lib/python3.12/site-packages/airflow/example_dags/tutorial_dag.py
[2026-05-16T10:58:59.881+0000] {processor.py:840} INFO - DAG(s) 'tutorial_dag' retrieved from /home/airflow/.local/lib/python3.12/site-packages/airflow/example_dags/tutorial_dag.py
[2026-05-16T10:58:59.891+0000] {logging_mixin.py:188} INFO - [2026-05-16T10:58:59.891+0000] {dag.py:3089} INFO - Sync 1 DAGs
[2026-05-16T10:58:59.896+0000] {logging_mixin.py:188} INFO - [2026-05-16T10:58:59.896+0000] {dag.py:3947} INFO - Setting next_dagrun for tutorial_dag to None, run_after=None
[2026-05-16T10:58:59.905+0000] {processor.py:183} INFO - Processing /home/airflow/.local/lib/python3.12/site-packages/airflow/example_dags/tutorial_dag.py took 0.030 seconds
[2026-05-16T10:59:30.359+0000] {processor.py:161} INFO - Started process (PID=5318) to work on /home/airflow/.local/lib/python3.12/site-packages/airflow/example_dags/tutorial_dag.py
[2026-05-16T10:59:30.360+0000] {processor.py:830} INFO - Processing file /home/airflow/.local/lib/python3.12/site-packages/airflow/example_dags/tutorial_dag.py for tasks to queue
[2026-05-16T10:59:30.361+0000] {logging_mixin.py:188} INFO - [2026-05-16T10:59:30.361+0000] {dagbag.py:545} INFO - Filling up the DagBag from /home/airflow/.local/lib/python3.12/site-packages/airflow/example_dags/tutorial_dag.py
[2026-05-16T10:59:30.363+0000] {processor.py:840} INFO - DAG(s) 'tutorial_dag' retrieved from /home/airflow/.local/lib/python3.12/site-packages/airflow/example_dags/tutorial_dag.py
[2026-05-16T10:59:30.373+0000] {logging_mixin.py:188} INFO - [2026-05-16T10:59:30.373+0000] {dag.py:3089} INFO - Sync 1 DAGs
[2026-05-16T10:59:30.377+0000] {logging_mixin.py:188} INFO - [2026-05-16T10:59:30.377+0000] {dag.py:3947} INFO - Setting next_dagrun for tutorial_dag to None, run_after=None
[2026-05-16T10:59:30.385+0000] {processor.py:183} INFO - Processing /home/airflow/.local/lib/python3.12/site-packages/airflow/example_dags/tutorial_dag.py took 0.028 seconds
[2026-05-16T11:00:00.596+0000] {processor.py:161} INFO - Started process (PID=5377) to work on /home/airflow/.local/lib/python3.12/site-packages/airflow/example_dags/tutorial_dag.py
[2026-05-16T11:00:00.597+0000] {processor.py:830} INFO - Processing file /home/airflow/.local/lib/python3.12/site-packages/airflow/example_dags/tutorial_dag.py for tasks to queue
[2026-05-16T11:00:00.597+0000] {logging_mixin.py:188} INFO - [2026-05-16T11:00:00.597+0000] {dagbag.py:545} INFO - Filling up the DagBag from /home/airflow/.local/lib/python3.12/site-packages/airflow/example_dags/tutorial_dag.py
[2026-05-16T11:00:00.600+0000] {processor.py:840} INFO - DAG(s) 'tutorial_dag' retrieved from /home/airflow/.local/lib/python3.12/site-packages/airflow/example_dags/tutorial_dag.py
[2026-05-16T11:00:00.608+0000] {logging_mixin.py:188} INFO - [2026-05-16T11:00:00.608+0000] {dag.py:3089} INFO - Sync 1 DAGs
[2026-05-16T11:00:00.613+0000] {logging_mixin.py:188} INFO - [2026-05-16T11:00:00.613+0000] {dag.py:3947} INFO - Setting next_dagrun for tutorial_dag to None, run_after=None
[2026-05-16T11:00:00.619+0000] {processor.py:183} INFO - Processing /home/airflow/.local/lib/python3.12/site-packages/airflow/example_dags/tutorial_dag.py took 0.025 seconds
[2026-05-16T11:00:30.884+0000] {processor.py:161} INFO - Started process (PID=5436) to work on /home/airflow/.local/lib/python3.12/site-packages/airflow/example_dags/tutorial_dag.py
[2026-05-16T11:00:30.885+0000] {processor.py:830} INFO - Processing file /home/airflow/.local/lib/python3.12/site-packages/airflow/example_dags/tutorial_dag.py for tasks to queue
[2026-05-16T11:00:30.885+0000] {logging_mixin.py:188} INFO - [2026-05-16T11:00:30.885+0000] {dagbag.py:545} INFO - Filling up the DagBag from /home/airflow/.local/lib/python3.12/site-packages/airflow/example_dags/tutorial_dag.py
[2026-05-16T11:00:30.887+0000] {processor.py:840} INFO - DAG(s) 'tutorial_dag' retrieved from /home/airflow/.local/lib/python3.12/site-packages/airflow/example_dags/tutorial_dag.py
[2026-05-16T11:00:30.891+0000] {logging_mixin.py:188} INFO - [2026-05-16T11:00:30.891+0000] {dag.py:3089} INFO - Sync 1 DAGs
[2026-05-16T11:00:30.896+0000] {logging_mixin.py:188} INFO - [2026-05-16T11:00:30.896+0000] {dag.py:3947} INFO - Setting next_dagrun for tutorial_dag to None, run_after=None
[2026-05-16T11:00:30.901+0000] {processor.py:183} INFO - Processing /home/airflow/.local/lib/python3.12/site-packages/airflow/example_dags/tutorial_dag.py took 0.019 seconds
[2026-05-16T11:01:01.554+0000] {processor.py:161} INFO - Started process (PID=5495) to work on /home/airflow/.local/lib/python3.12/site-packages/airflow/example_dags/tutorial_dag.py
[2026-05-16T11:01:01.555+0000] {processor.py:830} INFO - Processing file /home/airflow/.local/lib/python3.12/site-packages/airflow/example_dags/tutorial_dag.py for tasks to queue
[2026-05-16T11:01:01.555+0000] {logging_mixin.py:188} INFO - [2026-05-16T11:01:01.555+0000] {dagbag.py:545} INFO - Filling up the DagBag from /home/airflow/.local/lib/python3.12/site-packages/airflow/example_dags/tutorial_dag.py
[2026-05-16T11:01:01.558+0000] {processor.py:840} INFO - DAG(s) 'tutorial_dag' retrieved from /home/airflow/.local/lib/python3.12/site-packages/airflow/example_dags/tutorial_dag.py
[2026-05-16T11:01:01.598+0000] {logging_mixin.py:188} INFO - [2026-05-16T11:01:01.598+0000] {dag.py:3089} INFO - Sync 1 DAGs
[2026-05-16T11:01:01.602+0000] {logging_mixin.py:188} INFO - [2026-05-16T11:01:01.601+0000] {dag.py:3947} INFO - Setting next_dagrun for tutorial_dag to None, run_after=None
[2026-05-16T11:01:01.607+0000] {processor.py:183} INFO - Processing /home/airflow/.local/lib/python3.12/site-packages/airflow/example_dags/tutorial_dag.py took 0.055 seconds
[2026-05-16T11:01:32.334+0000] {processor.py:161} INFO - Started process (PID=5554) to work on /home/airflow/.local/lib/python3.12/site-packages/airflow/example_dags/tutorial_dag.py
[2026-05-16T11:01:32.334+0000] {processor.py:830} INFO - Processing file /home/airflow/.local/lib/python3.12/site-packages/airflow/example_dags/tutorial_dag.py for tasks to queue
[2026-05-16T11:01:32.334+0000] {logging_mixin.py:188} INFO - [2026-05-16T11:01:32.334+0000] {dagbag.py:545} INFO - Filling up the DagBag from /home/airflow/.local/lib/python3.12/site-packages/airflow/example_dags/tutorial_dag.py
[2026-05-16T11:01:32.336+0000] {processor.py:840} INFO - DAG(s) 'tutorial_dag' retrieved from /home/airflow/.local/lib/python3.12/site-packages/airflow/example_dags/tutorial_dag.py
[2026-05-16T11:01:32.345+0000] {logging_mixin.py:188} INFO - [2026-05-16T11:01:32.345+0000] {dag.py:3089} INFO - Sync 1 DAGs
[2026-05-16T11:01:32.349+0000] {logging_mixin.py:188} INFO - [2026-05-16T11:01:32.349+0000] {dag.py:3947} INFO - Setting next_dagrun for tutorial_dag to None, run_after=None
[2026-05-16T11:01:32.354+0000] {processor.py:183} INFO - Processing /home/airflow/.local/lib/python3.12/site-packages/airflow/example_dags/tutorial_dag.py took 0.023 seconds
[2026-05-16T11:02:02.763+0000] {processor.py:161} INFO - Started process (PID=5613) to work on /home/airflow/.local/lib/python3.12/site-packages/airflow/example_dags/tutorial_dag.py
[2026-05-16T11:02:02.764+0000] {processor.py:830} INFO - Processing file /home/airflow/.local/lib/python3.12/site-packages/airflow/example_dags/tutorial_dag.py for tasks to queue
[2026-05-16T11:02:02.764+0000] {logging_mixin.py:188} INFO - [2026-05-16T11:02:02.764+0000] {dagbag.py:545} INFO - Filling up the DagBag from /home/airflow/.local/lib/python3.12/site-packages/airflow/example_dags/tutorial_dag.py
[2026-05-16T11:02:02.767+0000] {processor.py:840} INFO - DAG(s) 'tutorial_dag' retrieved from /home/airflow/.local/lib/python3.12/site-packages/airflow/example_dags/tutorial_dag.py
[2026-05-16T11:02:02.774+0000] {logging_mixin.py:188} INFO - [2026-05-16T11:02:02.774+0000] {dag.py:3089} INFO - Sync 1 DAGs
[2026-05-16T11:02:02.778+0000] {logging_mixin.py:188} INFO - [2026-05-16T11:02:02.778+0000] {dag.py:3947} INFO - Setting next_dagrun for tutorial_dag to None, run_after=None
[2026-05-16T11:02:02.783+0000] {processor.py:183} INFO - Processing /home/airflow/.local/lib/python3.12/site-packages/airflow/example_dags/tutorial_dag.py took 0.022 seconds
[2026-05-16T11:02:33.259+0000] {processor.py:161} INFO - Started process (PID=5673) to work on /home/airflow/.local/lib/python3.12/site-packages/airflow/example_dags/tutorial_dag.py
[2026-05-16T11:02:33.259+0000] {processor.py:830} INFO - Processing file /home/airflow/.local/lib/python3.12/site-packages/airflow/example_dags/tutorial_dag.py for tasks to queue
[2026-05-16T11:02:33.259+0000] {logging_mixin.py:188} INFO - [2026-05-16T11:02:33.259+0000] {dagbag.py:545} INFO - Filling up the DagBag from /home/airflow/.local/lib/python3.12/site-packages/airflow/example_dags/tutorial_dag.py
[2026-05-16T11:02:33.262+0000] {processor.py:840} INFO - DAG(s) 'tutorial_dag' retrieved from /home/airflow/.local/lib/python3.12/site-packages/airflow/example_dags/tutorial_dag.py
[2026-05-16T11:02:33.270+0000] {logging_mixin.py:188} INFO - [2026-05-16T11:02:33.270+0000] {dag.py:3089} INFO - Sync 1 DAGs
[2026-05-16T11:02:33.274+0000] {logging_mixin.py:188} INFO - [2026-05-16T11:02:33.274+0000] {dag.py:3947} INFO - Setting next_dagrun for tutorial_dag to None, run_after=None
[2026-05-16T11:02:33.278+0000] {processor.py:183} INFO - Processing /home/airflow/.local/lib/python3.12/site-packages/airflow/example_dags/tutorial_dag.py took 0.022 seconds
[2026-05-16T11:03:03.930+0000] {processor.py:161} INFO - Started process (PID=5734) to work on /home/airflow/.local/lib/python3.12/site-packages/airflow/example_dags/tutorial_dag.py
[2026-05-16T11:03:03.931+0000] {processor.py:830} INFO - Processing file /home/airflow/.local/lib/python3.12/site-packages/airflow/example_dags/tutorial_dag.py for tasks to queue
[2026-05-16T11:03:03.931+0000] {logging_mixin.py:188} INFO - [2026-05-16T11:03:03.931+0000] {dagbag.py:545} INFO - Filling up the DagBag from /home/airflow/.local/lib/python3.12/site-packages/airflow/example_dags/tutorial_dag.py
[2026-05-16T11:03:03.933+0000] {processor.py:840} INFO - DAG(s) 'tutorial_dag' retrieved from /home/airflow/.local/lib/python3.12/site-packages/airflow/example_dags/tutorial_dag.py
[2026-05-16T11:03:03.940+0000] {logging_mixin.py:188} INFO - [2026-05-16T11:03:03.940+0000] {dag.py:3089} INFO - Sync 1 DAGs
[2026-05-16T11:03:03.945+0000] {logging_mixin.py:188} INFO - [2026-05-16T11:03:03.944+0000] {dag.py:3947} INFO - Setting next_dagrun for tutorial_dag to None, run_after=None
[2026-05-16T11:03:03.949+0000] {processor.py:183} INFO - Processing /home/airflow/.local/lib/python3.12/site-packages/airflow/example_dags/tutorial_dag.py took 0.021 seconds
[2026-05-16T11:03:34.898+0000] {processor.py:161} INFO - Started process (PID=5794) to work on /home/airflow/.local/lib/python3.12/site-packages/airflow/example_dags/tutorial_dag.py
[2026-05-16T11:03:34.899+0000] {processor.py:830} INFO - Processing file /home/airflow/.local/lib/python3.12/site-packages/airflow/example_dags/tutorial_dag.py for tasks to queue
[2026-05-16T11:03:34.899+0000] {logging_mixin.py:188} INFO - [2026-05-16T11:03:34.899+0000] {dagbag.py:545} INFO - Filling up the DagBag from /home/airflow/.local/lib/python3.12/site-packages/airflow/example_dags/tutorial_dag.py
[2026-05-16T11:03:34.901+0000] {processor.py:840} INFO - DAG(s) 'tutorial_dag' retrieved from /home/airflow/.local/lib/python3.12/site-packages/airflow/example_dags/tutorial_dag.py
[2026-05-16T11:03:34.935+0000] {logging_mixin.py:188} INFO - [2026-05-16T11:03:34.935+0000] {dag.py:3089} INFO - Sync 1 DAGs
[2026-05-16T11:03:34.938+0000] {logging_mixin.py:188} INFO - [2026-05-16T11:03:34.938+0000] {dag.py:3947} INFO - Setting next_dagrun for tutorial_dag to None, run_after=None
[2026-05-16T11:03:34.943+0000] {processor.py:183} INFO - Processing /home/airflow/.local/lib/python3.12/site-packages/airflow/example_dags/tutorial_dag.py took 0.047 seconds
[2026-05-16T11:04:05.734+0000] {processor.py:161} INFO - Started process (PID=5860) to work on /home/airflow/.local/lib/python3.12/site-packages/airflow/example_dags/tutorial_dag.py
[2026-05-16T11:04:05.735+0000] {processor.py:830} INFO - Processing file /home/airflow/.local/lib/python3.12/site-packages/airflow/example_dags/tutorial_dag.py for tasks to queue
[2026-05-16T11:04:05.735+0000] {logging_mixin.py:188} INFO - [2026-05-16T11:04:05.735+0000] {dagbag.py:545} INFO - Filling up the DagBag from /home/airflow/.local/lib/python3.12/site-packages/airflow/example_dags/tutorial_dag.py
[2026-05-16T11:04:05.737+0000] {processor.py:840} INFO - DAG(s) 'tutorial_dag' retrieved from /home/airflow/.local/lib/python3.12/site-packages/airflow/example_dags/tutorial_dag.py
[2026-05-16T11:04:05.750+0000] {logging_mixin.py:188} INFO - [2026-05-16T11:04:05.750+0000] {dag.py:3089} INFO - Sync 1 DAGs
[2026-05-16T11:04:05.754+0000] {logging_mixin.py:188} INFO - [2026-05-16T11:04:05.754+0000] {dag.py:3947} INFO - Setting next_dagrun for tutorial_dag to None, run_after=None
[2026-05-16T11:04:05.759+0000] {processor.py:183} INFO - Processing /home/airflow/.local/lib/python3.12/site-packages/airflow/example_dags/tutorial_dag.py took 0.027 seconds
[2026-05-16T11:04:36.477+0000] {processor.py:161} INFO - Started process (PID=5920) to work on /home/airflow/.local/lib/python3.12/site-packages/airflow/example_dags/tutorial_dag.py
[2026-05-16T11:04:36.478+0000] {processor.py:830} INFO - Processing file /home/airflow/.local/lib/python3.12/site-packages/airflow/example_dags/tutorial_dag.py for tasks to queue
[2026-05-16T11:04:36.478+0000] {logging_mixin.py:188} INFO - [2026-05-16T11:04:36.478+0000] {dagbag.py:545} INFO - Filling up the DagBag from /home/airflow/.local/lib/python3.12/site-packages/airflow/example_dags/tutorial_dag.py
[2026-05-16T11:04:36.480+0000] {processor.py:840} INFO - DAG(s) 'tutorial_dag' retrieved from /home/airflow/.local/lib/python3.12/site-packages/airflow/example_dags/tutorial_dag.py
[2026-05-16T11:04:36.488+0000] {logging_mixin.py:188} INFO - [2026-05-16T11:04:36.488+0000] {dag.py:3089} INFO - Sync 1 DAGs
[2026-05-16T11:04:36.492+0000] {logging_mixin.py:188} INFO - [2026-05-16T11:04:36.492+0000] {dag.py:3947} INFO - Setting next_dagrun for tutorial_dag to None, run_after=None
[2026-05-16T11:04:36.497+0000] {processor.py:183} INFO - Processing /home/airflow/.local/lib/python3.12/site-packages/airflow/example_dags/tutorial_dag.py took 0.022 seconds
[2026-05-16T11:05:07.456+0000] {processor.py:161} INFO - Started process (PID=5980) to work on /home/airflow/.local/lib/python3.12/site-packages/airflow/example_dags/tutorial_dag.py
[2026-05-16T11:05:07.460+0000] {processor.py:830} INFO - Processing file /home/airflow/.local/lib/python3.12/site-packages/airflow/example_dags/tutorial_dag.py for tasks to queue
[2026-05-16T11:05:07.462+0000] {logging_mixin.py:188} INFO - [2026-05-16T11:05:07.462+0000] {dagbag.py:545} INFO - Filling up the DagBag from /home/airflow/.local/lib/python3.12/site-packages/airflow/example_dags/tutorial_dag.py
[2026-05-16T11:05:07.466+0000] {processor.py:840} INFO - DAG(s) 'tutorial_dag' retrieved from /home/airflow/.local/lib/python3.12/site-packages/airflow/example_dags/tutorial_dag.py
[2026-05-16T11:05:07.489+0000] {logging_mixin.py:188} INFO - [2026-05-16T11:05:07.489+0000] {dag.py:3089} INFO - Sync 1 DAGs
[2026-05-16T11:05:07.501+0000] {logging_mixin.py:188} INFO - [2026-05-16T11:05:07.501+0000] {dag.py:3947} INFO - Setting next_dagrun for tutorial_dag to None, run_after=None
[2026-05-16T11:05:07.516+0000] {processor.py:183} INFO - Processing /home/airflow/.local/lib/python3.12/site-packages/airflow/example_dags/tutorial_dag.py took 0.068 seconds
[2026-05-16T11:05:38.160+0000] {processor.py:161} INFO - Started process (PID=6040) to work on /home/airflow/.local/lib/python3.12/site-packages/airflow/example_dags/tutorial_dag.py
[2026-05-16T11:05:38.162+0000] {processor.py:830} INFO - Processing file /home/airflow/.local/lib/python3.12/site-packages/airflow/example_dags/tutorial_dag.py for tasks to queue
[2026-05-16T11:05:38.162+0000] {logging_mixin.py:188} INFO - [2026-05-16T11:05:38.162+0000] {dagbag.py:545} INFO - Filling up the DagBag from /home/airflow/.local/lib/python3.12/site-packages/airflow/example_dags/tutorial_dag.py
[2026-05-16T11:05:38.167+0000] {processor.py:840} INFO - DAG(s) 'tutorial_dag' retrieved from /home/airflow/.local/lib/python3.12/site-packages/airflow/example_dags/tutorial_dag.py
[2026-05-16T11:05:38.186+0000] {logging_mixin.py:188} INFO - [2026-05-16T11:05:38.186+0000] {dag.py:3089} INFO - Sync 1 DAGs
[2026-05-16T11:05:38.193+0000] {logging_mixin.py:188} INFO - [2026-05-16T11:05:38.193+0000] {dag.py:3947} INFO - Setting next_dagrun for tutorial_dag to None, run_after=None
[2026-05-16T11:05:38.207+0000] {processor.py:183} INFO - Processing /home/airflow/.local/lib/python3.12/site-packages/airflow/example_dags/tutorial_dag.py took 0.053 seconds
[2026-05-16T11:06:08.954+0000] {processor.py:161} INFO - Started process (PID=6100) to work on /home/airflow/.local/lib/python3.12/site-packages/airflow/example_dags/tutorial_dag.py
[2026-05-16T11:06:08.954+0000] {processor.py:830} INFO - Processing file /home/airflow/.local/lib/python3.12/site-packages/airflow/example_dags/tutorial_dag.py for tasks to queue
[2026-05-16T11:06:08.955+0000] {logging_mixin.py:188} INFO - [2026-05-16T11:06:08.955+0000] {dagbag.py:545} INFO - Filling up the DagBag from /home/airflow/.local/lib/python3.12/site-packages/airflow/example_dags/tutorial_dag.py
[2026-05-16T11:06:08.957+0000] {processor.py:840} INFO - DAG(s) 'tutorial_dag' retrieved from /home/airflow/.local/lib/python3.12/site-packages/airflow/example_dags/tutorial_dag.py
[2026-05-16T11:06:08.964+0000] {logging_mixin.py:188} INFO - [2026-05-16T11:06:08.963+0000] {dag.py:3089} INFO - Sync 1 DAGs
[2026-05-16T11:06:08.967+0000] {logging_mixin.py:188} INFO - [2026-05-16T11:06:08.967+0000] {dag.py:3947} INFO - Setting next_dagrun for tutorial_dag to None, run_after=None
[2026-05-16T11:06:08.975+0000] {processor.py:183} INFO - Processing /home/airflow/.local/lib/python3.12/site-packages/airflow/example_dags/tutorial_dag.py took 0.023 seconds
[2026-05-16T11:06:39.818+0000] {processor.py:161} INFO - Started process (PID=6160) to work on /home/airflow/.local/lib/python3.12/site-packages/airflow/example_dags/tutorial_dag.py
[2026-05-16T11:06:39.820+0000] {processor.py:830} INFO - Processing file /home/airflow/.local/lib/python3.12/site-packages/airflow/example_dags/tutorial_dag.py for tasks to queue
[2026-05-16T11:06:39.821+0000] {logging_mixin.py:188} INFO - [2026-05-16T11:06:39.820+0000] {dagbag.py:545} INFO - Filling up the DagBag from /home/airflow/.local/lib/python3.12/site-packages/airflow/example_dags/tutorial_dag.py
[2026-05-16T11:06:39.827+0000] {processor.py:840} INFO - DAG(s) 'tutorial_dag' retrieved from /home/airflow/.local/lib/python3.12/site-packages/airflow/example_dags/tutorial_dag.py
[2026-05-16T11:06:39.844+0000] {logging_mixin.py:188} INFO - [2026-05-16T11:06:39.844+0000] {dag.py:3089} INFO - Sync 1 DAGs
[2026-05-16T11:06:39.850+0000] {logging_mixin.py:188} INFO - [2026-05-16T11:06:39.850+0000] {dag.py:3947} INFO - Setting next_dagrun for tutorial_dag to None, run_after=None
[2026-05-16T11:06:39.863+0000] {processor.py:183} INFO - Processing /home/airflow/.local/lib/python3.12/site-packages/airflow/example_dags/tutorial_dag.py took 0.049 seconds
[2026-05-16T11:07:10.524+0000] {processor.py:161} INFO - Started process (PID=6220) to work on /home/airflow/.local/lib/python3.12/site-packages/airflow/example_dags/tutorial_dag.py
[2026-05-16T11:07:10.524+0000] {processor.py:830} INFO - Processing file /home/airflow/.local/lib/python3.12/site-packages/airflow/example_dags/tutorial_dag.py for tasks to queue
[2026-05-16T11:07:10.525+0000] {logging_mixin.py:188} INFO - [2026-05-16T11:07:10.524+0000] {dagbag.py:545} INFO - Filling up the DagBag from /home/airflow/.local/lib/python3.12/site-packages/airflow/example_dags/tutorial_dag.py
[2026-05-16T11:07:10.526+0000] {processor.py:840} INFO - DAG(s) 'tutorial_dag' retrieved from /home/airflow/.local/lib/python3.12/site-packages/airflow/example_dags/tutorial_dag.py
[2026-05-16T11:07:10.534+0000] {logging_mixin.py:188} INFO - [2026-05-16T11:07:10.534+0000] {dag.py:3089} INFO - Sync 1 DAGs
[2026-05-16T11:07:10.538+0000] {logging_mixin.py:188} INFO - [2026-05-16T11:07:10.538+0000] {dag.py:3947} INFO - Setting next_dagrun for tutorial_dag to None, run_after=None
[2026-05-16T11:07:10.543+0000] {processor.py:183} INFO - Processing /home/airflow/.local/lib/python3.12/site-packages/airflow/example_dags/tutorial_dag.py took 0.021 seconds
[2026-05-16T11:07:41.090+0000] {processor.py:161} INFO - Started process (PID=6279) to work on /home/airflow/.local/lib/python3.12/site-packages/airflow/example_dags/tutorial_dag.py
[2026-05-16T11:07:41.090+0000] {processor.py:830} INFO - Processing file /home/airflow/.local/lib/python3.12/site-packages/airflow/example_dags/tutorial_dag.py for tasks to queue
[2026-05-16T11:07:41.090+0000] {logging_mixin.py:188} INFO - [2026-05-16T11:07:41.090+0000] {dagbag.py:545} INFO - Filling up the DagBag from /home/airflow/.local/lib/python3.12/site-packages/airflow/example_dags/tutorial_dag.py
[2026-05-16T11:07:41.096+0000] {processor.py:840} INFO - DAG(s) 'tutorial_dag' retrieved from /home/airflow/.local/lib/python3.12/site-packages/airflow/example_dags/tutorial_dag.py
[2026-05-16T11:07:41.111+0000] {logging_mixin.py:188} INFO - [2026-05-16T11:07:41.111+0000] {dag.py:3089} INFO - Sync 1 DAGs
[2026-05-16T11:07:41.118+0000] {logging_mixin.py:188} INFO - [2026-05-16T11:07:41.118+0000] {dag.py:3947} INFO - Setting next_dagrun for tutorial_dag to None, run_after=None
[2026-05-16T11:07:41.132+0000] {processor.py:183} INFO - Processing /home/airflow/.local/lib/python3.12/site-packages/airflow/example_dags/tutorial_dag.py took 0.045 seconds
[2026-05-16T11:08:11.724+0000] {processor.py:161} INFO - Started process (PID=6340) to work on /home/airflow/.local/lib/python3.12/site-packages/airflow/example_dags/tutorial_dag.py
[2026-05-16T11:08:11.725+0000] {processor.py:830} INFO - Processing file /home/airflow/.local/lib/python3.12/site-packages/airflow/example_dags/tutorial_dag.py for tasks to queue
[2026-05-16T11:08:11.725+0000] {logging_mixin.py:188} INFO - [2026-05-16T11:08:11.725+0000] {dagbag.py:545} INFO - Filling up the DagBag from /home/airflow/.local/lib/python3.12/site-packages/airflow/example_dags/tutorial_dag.py
[2026-05-16T11:08:11.727+0000] {processor.py:840} INFO - DAG(s) 'tutorial_dag' retrieved from /home/airflow/.local/lib/python3.12/site-packages/airflow/example_dags/tutorial_dag.py
[2026-05-16T11:08:11.734+0000] {logging_mixin.py:188} INFO - [2026-05-16T11:08:11.734+0000] {dag.py:3089} INFO - Sync 1 DAGs
[2026-05-16T11:08:11.738+0000] {logging_mixin.py:188} INFO - [2026-05-16T11:08:11.738+0000] {dag.py:3947} INFO - Setting next_dagrun for tutorial_dag to None, run_after=None
[2026-05-16T11:08:11.743+0000] {processor.py:183} INFO - Processing /home/airflow/.local/lib/python3.12/site-packages/airflow/example_dags/tutorial_dag.py took 0.022 seconds
[2026-05-16T11:08:42.251+0000] {processor.py:161} INFO - Started process (PID=6400) to work on /home/airflow/.local/lib/python3.12/site-packages/airflow/example_dags/tutorial_dag.py
[2026-05-16T11:08:42.251+0000] {processor.py:830} INFO - Processing file /home/airflow/.local/lib/python3.12/site-packages/airflow/example_dags/tutorial_dag.py for tasks to queue
[2026-05-16T11:08:42.251+0000] {logging_mixin.py:188} INFO - [2026-05-16T11:08:42.251+0000] {dagbag.py:545} INFO - Filling up the DagBag from /home/airflow/.local/lib/python3.12/site-packages/airflow/example_dags/tutorial_dag.py
[2026-05-16T11:08:42.253+0000] {processor.py:840} INFO - DAG(s) 'tutorial_dag' retrieved from /home/airflow/.local/lib/python3.12/site-packages/airflow/example_dags/tutorial_dag.py
[2026-05-16T11:08:42.263+0000] {logging_mixin.py:188} INFO - [2026-05-16T11:08:42.263+0000] {dag.py:3089} INFO - Sync 1 DAGs
[2026-05-16T11:08:42.267+0000] {logging_mixin.py:188} INFO - [2026-05-16T11:08:42.267+0000] {dag.py:3947} INFO - Setting next_dagrun for tutorial_dag to None, run_after=None
[2026-05-16T11:08:42.271+0000] {processor.py:183} INFO - Processing /home/airflow/.local/lib/python3.12/site-packages/airflow/example_dags/tutorial_dag.py took 0.023 seconds
[2026-05-16T11:09:12.790+0000] {processor.py:161} INFO - Started process (PID=6460) to work on /home/airflow/.local/lib/python3.12/site-packages/airflow/example_dags/tutorial_dag.py
[2026-05-16T11:09:12.791+0000] {processor.py:830} INFO - Processing file /home/airflow/.local/lib/python3.12/site-packages/airflow/example_dags/tutorial_dag.py for tasks to queue
[2026-05-16T11:09:12.791+0000] {logging_mixin.py:188} INFO - [2026-05-16T11:09:12.791+0000] {dagbag.py:545} INFO - Filling up the DagBag from /home/airflow/.local/lib/python3.12/site-packages/airflow/example_dags/tutorial_dag.py
[2026-05-16T11:09:12.793+0000] {processor.py:840} INFO - DAG(s) 'tutorial_dag' retrieved from /home/airflow/.local/lib/python3.12/site-packages/airflow/example_dags/tutorial_dag.py
[2026-05-16T11:09:12.801+0000] {logging_mixin.py:188} INFO - [2026-05-16T11:09:12.801+0000] {dag.py:3089} INFO - Sync 1 DAGs
[2026-05-16T11:09:12.805+0000] {logging_mixin.py:188} INFO - [2026-05-16T11:09:12.805+0000] {dag.py:3947} INFO - Setting next_dagrun for tutorial_dag to None, run_after=None
[2026-05-16T11:09:12.810+0000] {processor.py:183} INFO - Processing /home/airflow/.local/lib/python3.12/site-packages/airflow/example_dags/tutorial_dag.py took 0.023 seconds
[2026-05-16T11:09:43.219+0000] {processor.py:161} INFO - Started process (PID=6520) to work on /home/airflow/.local/lib/python3.12/site-packages/airflow/example_dags/tutorial_dag.py
[2026-05-16T11:09:43.219+0000] {processor.py:830} INFO - Processing file /home/airflow/.local/lib/python3.12/site-packages/airflow/example_dags/tutorial_dag.py for tasks to queue
[2026-05-16T11:09:43.220+0000] {logging_mixin.py:188} INFO - [2026-05-16T11:09:43.219+0000] {dagbag.py:545} INFO - Filling up the DagBag from /home/airflow/.local/lib/python3.12/site-packages/airflow/example_dags/tutorial_dag.py
[2026-05-16T11:09:43.222+0000] {processor.py:840} INFO - DAG(s) 'tutorial_dag' retrieved from /home/airflow/.local/lib/python3.12/site-packages/airflow/example_dags/tutorial_dag.py
[2026-05-16T11:09:43.230+0000] {logging_mixin.py:188} INFO - [2026-05-16T11:09:43.230+0000] {dag.py:3089} INFO - Sync 1 DAGs
[2026-05-16T11:09:43.234+0000] {logging_mixin.py:188} INFO - [2026-05-16T11:09:43.234+0000] {dag.py:3947} INFO - Setting next_dagrun for tutorial_dag to None, run_after=None
[2026-05-16T11:09:43.239+0000] {processor.py:183} INFO - Processing /home/airflow/.local/lib/python3.12/site-packages/airflow/example_dags/tutorial_dag.py took 0.023 seconds
[2026-05-16T11:10:13.631+0000] {processor.py:161} INFO - Started process (PID=6580) to work on /home/airflow/.local/lib/python3.12/site-packages/airflow/example_dags/tutorial_dag.py
[2026-05-16T11:10:13.632+0000] {processor.py:830} INFO - Processing file /home/airflow/.local/lib/python3.12/site-packages/airflow/example_dags/tutorial_dag.py for tasks to queue
[2026-05-16T11:10:13.632+0000] {logging_mixin.py:188} INFO - [2026-05-16T11:10:13.632+0000] {dagbag.py:545} INFO - Filling up the DagBag from /home/airflow/.local/lib/python3.12/site-packages/airflow/example_dags/tutorial_dag.py
[2026-05-16T11:10:13.634+0000] {processor.py:840} INFO - DAG(s) 'tutorial_dag' retrieved from /home/airflow/.local/lib/python3.12/site-packages/airflow/example_dags/tutorial_dag.py
[2026-05-16T11:10:13.642+0000] {logging_mixin.py:188} INFO - [2026-05-16T11:10:13.642+0000] {dag.py:3089} INFO - Sync 1 DAGs
[2026-05-16T11:10:13.647+0000] {logging_mixin.py:188} INFO - [2026-05-16T11:10:13.646+0000] {dag.py:3947} INFO - Setting next_dagrun for tutorial_dag to None, run_after=None
[2026-05-16T11:10:13.652+0000] {processor.py:183} INFO - Processing /home/airflow/.local/lib/python3.12/site-packages/airflow/example_dags/tutorial_dag.py took 0.022 seconds
[2026-05-16T11:10:44.086+0000] {processor.py:161} INFO - Started process (PID=6640) to work on /home/airflow/.local/lib/python3.12/site-packages/airflow/example_dags/tutorial_dag.py
[2026-05-16T11:10:44.087+0000] {processor.py:830} INFO - Processing file /home/airflow/.local/lib/python3.12/site-packages/airflow/example_dags/tutorial_dag.py for tasks to queue
[2026-05-16T11:10:44.087+0000] {logging_mixin.py:188} INFO - [2026-05-16T11:10:44.087+0000] {dagbag.py:545} INFO - Filling up the DagBag from /home/airflow/.local/lib/python3.12/site-packages/airflow/example_dags/tutorial_dag.py
[2026-05-16T11:10:44.090+0000] {processor.py:840} INFO - DAG(s) 'tutorial_dag' retrieved from /home/airflow/.local/lib/python3.12/site-packages/airflow/example_dags/tutorial_dag.py
[2026-05-16T11:10:44.101+0000] {logging_mixin.py:188} INFO - [2026-05-16T11:10:44.101+0000] {dag.py:3089} INFO - Sync 1 DAGs
[2026-05-16T11:10:44.106+0000] {logging_mixin.py:188} INFO - [2026-05-16T11:10:44.105+0000] {dag.py:3947} INFO - Setting next_dagrun for tutorial_dag to None, run_after=None
[2026-05-16T11:10:44.111+0000] {processor.py:183} INFO - Processing /home/airflow/.local/lib/python3.12/site-packages/airflow/example_dags/tutorial_dag.py took 0.028 seconds
[2026-05-16T11:11:14.866+0000] {processor.py:161} INFO - Started process (PID=6700) to work on /home/airflow/.local/lib/python3.12/site-packages/airflow/example_dags/tutorial_dag.py
[2026-05-16T11:11:14.867+0000] {processor.py:830} INFO - Processing file /home/airflow/.local/lib/python3.12/site-packages/airflow/example_dags/tutorial_dag.py for tasks to queue
[2026-05-16T11:11:14.868+0000] {logging_mixin.py:188} INFO - [2026-05-16T11:11:14.868+0000] {dagbag.py:545} INFO - Filling up the DagBag from /home/airflow/.local/lib/python3.12/site-packages/airflow/example_dags/tutorial_dag.py
[2026-05-16T11:11:14.870+0000] {processor.py:840} INFO - DAG(s) 'tutorial_dag' retrieved from /home/airflow/.local/lib/python3.12/site-packages/airflow/example_dags/tutorial_dag.py
[2026-05-16T11:11:14.879+0000] {logging_mixin.py:188} INFO - [2026-05-16T11:11:14.879+0000] {dag.py:3089} INFO - Sync 1 DAGs
[2026-05-16T11:11:14.883+0000] {logging_mixin.py:188} INFO - [2026-05-16T11:11:14.883+0000] {dag.py:3947} INFO - Setting next_dagrun for tutorial_dag to None, run_after=None
[2026-05-16T11:11:14.888+0000] {processor.py:183} INFO - Processing /home/airflow/.local/lib/python3.12/site-packages/airflow/example_dags/tutorial_dag.py took 0.024 seconds
[2026-05-16T11:11:45.386+0000] {processor.py:161} INFO - Started process (PID=6760) to work on /home/airflow/.local/lib/python3.12/site-packages/airflow/example_dags/tutorial_dag.py
[2026-05-16T11:11:45.386+0000] {processor.py:830} INFO - Processing file /home/airflow/.local/lib/python3.12/site-packages/airflow/example_dags/tutorial_dag.py for tasks to queue
[2026-05-16T11:11:45.387+0000] {logging_mixin.py:188} INFO - [2026-05-16T11:11:45.386+0000] {dagbag.py:545} INFO - Filling up the DagBag from /home/airflow/.local/lib/python3.12/site-packages/airflow/example_dags/tutorial_dag.py
[2026-05-16T11:11:45.389+0000] {processor.py:840} INFO - DAG(s) 'tutorial_dag' retrieved from /home/airflow/.local/lib/python3.12/site-packages/airflow/example_dags/tutorial_dag.py
[2026-05-16T11:11:45.396+0000] {logging_mixin.py:188} INFO - [2026-05-16T11:11:45.396+0000] {dag.py:3089} INFO - Sync 1 DAGs
[2026-05-16T11:11:45.401+0000] {logging_mixin.py:188} INFO - [2026-05-16T11:11:45.401+0000] {dag.py:3947} INFO - Setting next_dagrun for tutorial_dag to None, run_after=None
[2026-05-16T11:11:45.406+0000] {processor.py:183} INFO - Processing /home/airflow/.local/lib/python3.12/site-packages/airflow/example_dags/tutorial_dag.py took 0.022 seconds
[2026-05-16T11:12:16.668+0000] {processor.py:161} INFO - Started process (PID=6820) to work on /home/airflow/.local/lib/python3.12/site-packages/airflow/example_dags/tutorial_dag.py
[2026-05-16T11:12:16.668+0000] {processor.py:830} INFO - Processing file /home/airflow/.local/lib/python3.12/site-packages/airflow/example_dags/tutorial_dag.py for tasks to queue
[2026-05-16T11:12:16.668+0000] {logging_mixin.py:188} INFO - [2026-05-16T11:12:16.668+0000] {dagbag.py:545} INFO - Filling up the DagBag from /home/airflow/.local/lib/python3.12/site-packages/airflow/example_dags/tutorial_dag.py
[2026-05-16T11:12:16.670+0000] {processor.py:840} INFO - DAG(s) 'tutorial_dag' retrieved from /home/airflow/.local/lib/python3.12/site-packages/airflow/example_dags/tutorial_dag.py
[2026-05-16T11:12:16.678+0000] {logging_mixin.py:188} INFO - [2026-05-16T11:12:16.678+0000] {dag.py:3089} INFO - Sync 1 DAGs
[2026-05-16T11:12:16.683+0000] {logging_mixin.py:188} INFO - [2026-05-16T11:12:16.682+0000] {dag.py:3947} INFO - Setting next_dagrun for tutorial_dag to None, run_after=None
[2026-05-16T11:12:16.688+0000] {processor.py:183} INFO - Processing /home/airflow/.local/lib/python3.12/site-packages/airflow/example_dags/tutorial_dag.py took 0.023 seconds
[2026-05-16T11:12:47.249+0000] {processor.py:161} INFO - Started process (PID=6880) to work on /home/airflow/.local/lib/python3.12/site-packages/airflow/example_dags/tutorial_dag.py
[2026-05-16T11:12:47.249+0000] {processor.py:830} INFO - Processing file /home/airflow/.local/lib/python3.12/site-packages/airflow/example_dags/tutorial_dag.py for tasks to queue
[2026-05-16T11:12:47.249+0000] {logging_mixin.py:188} INFO - [2026-05-16T11:12:47.249+0000] {dagbag.py:545} INFO - Filling up the DagBag from /home/airflow/.local/lib/python3.12/site-packages/airflow/example_dags/tutorial_dag.py
[2026-05-16T11:12:47.251+0000] {processor.py:840} INFO - DAG(s) 'tutorial_dag' retrieved from /home/airflow/.local/lib/python3.12/site-packages/airflow/example_dags/tutorial_dag.py
[2026-05-16T11:12:47.260+0000] {logging_mixin.py:188} INFO - [2026-05-16T11:12:47.260+0000] {dag.py:3089} INFO - Sync 1 DAGs
[2026-05-16T11:12:47.264+0000] {logging_mixin.py:188} INFO - [2026-05-16T11:12:47.264+0000] {dag.py:3947} INFO - Setting next_dagrun for tutorial_dag to None, run_after=None
[2026-05-16T11:12:47.269+0000] {processor.py:183} INFO - Processing /home/airflow/.local/lib/python3.12/site-packages/airflow/example_dags/tutorial_dag.py took 0.023 seconds
[2026-05-16T11:13:18.254+0000] {processor.py:161} INFO - Started process (PID=6940) to work on /home/airflow/.local/lib/python3.12/site-packages/airflow/example_dags/tutorial_dag.py
[2026-05-16T11:13:18.255+0000] {processor.py:830} INFO - Processing file /home/airflow/.local/lib/python3.12/site-packages/airflow/example_dags/tutorial_dag.py for tasks to queue
[2026-05-16T11:13:18.256+0000] {logging_mixin.py:188} INFO - [2026-05-16T11:13:18.255+0000] {dagbag.py:545} INFO - Filling up the DagBag from /home/airflow/.local/lib/python3.12/site-packages/airflow/example_dags/tutorial_dag.py
[2026-05-16T11:13:18.258+0000] {processor.py:840} INFO - DAG(s) 'tutorial_dag' retrieved from /home/airflow/.local/lib/python3.12/site-packages/airflow/example_dags/tutorial_dag.py
[2026-05-16T11:13:18.267+0000] {logging_mixin.py:188} INFO - [2026-05-16T11:13:18.267+0000] {dag.py:3089} INFO - Sync 1 DAGs
[2026-05-16T11:13:18.272+0000] {logging_mixin.py:188} INFO - [2026-05-16T11:13:18.272+0000] {dag.py:3947} INFO - Setting next_dagrun for tutorial_dag to None, run_after=None
[2026-05-16T11:13:18.277+0000] {processor.py:183} INFO - Processing /home/airflow/.local/lib/python3.12/site-packages/airflow/example_dags/tutorial_dag.py took 0.025 seconds
[2026-05-16T11:13:49.023+0000] {processor.py:161} INFO - Started process (PID=7000) to work on /home/airflow/.local/lib/python3.12/site-packages/airflow/example_dags/tutorial_dag.py
[2026-05-16T11:13:49.024+0000] {processor.py:830} INFO - Processing file /home/airflow/.local/lib/python3.12/site-packages/airflow/example_dags/tutorial_dag.py for tasks to queue
[2026-05-16T11:13:49.024+0000] {logging_mixin.py:188} INFO - [2026-05-16T11:13:49.024+0000] {dagbag.py:545} INFO - Filling up the DagBag from /home/airflow/.local/lib/python3.12/site-packages/airflow/example_dags/tutorial_dag.py
[2026-05-16T11:13:49.026+0000] {processor.py:840} INFO - DAG(s) 'tutorial_dag' retrieved from /home/airflow/.local/lib/python3.12/site-packages/airflow/example_dags/tutorial_dag.py
[2026-05-16T11:13:49.033+0000] {logging_mixin.py:188} INFO - [2026-05-16T11:13:49.033+0000] {dag.py:3089} INFO - Sync 1 DAGs
[2026-05-16T11:13:49.037+0000] {logging_mixin.py:188} INFO - [2026-05-16T11:13:49.037+0000] {dag.py:3947} INFO - Setting next_dagrun for tutorial_dag to None, run_after=None
[2026-05-16T11:13:49.041+0000] {processor.py:183} INFO - Processing /home/airflow/.local/lib/python3.12/site-packages/airflow/example_dags/tutorial_dag.py took 0.021 seconds
[2026-05-16T11:14:19.578+0000] {processor.py:161} INFO - Started process (PID=7060) to work on /home/airflow/.local/lib/python3.12/site-packages/airflow/example_dags/tutorial_dag.py
[2026-05-16T11:14:19.578+0000] {processor.py:830} INFO - Processing file /home/airflow/.local/lib/python3.12/site-packages/airflow/example_dags/tutorial_dag.py for tasks to queue
[2026-05-16T11:14:19.579+0000] {logging_mixin.py:188} INFO - [2026-05-16T11:14:19.579+0000] {dagbag.py:545} INFO - Filling up the DagBag from /home/airflow/.local/lib/python3.12/site-packages/airflow/example_dags/tutorial_dag.py
[2026-05-16T11:14:19.582+0000] {processor.py:840} INFO - DAG(s) 'tutorial_dag' retrieved from /home/airflow/.local/lib/python3.12/site-packages/airflow/example_dags/tutorial_dag.py
[2026-05-16T11:14:19.591+0000] {logging_mixin.py:188} INFO - [2026-05-16T11:14:19.591+0000] {dag.py:3089} INFO - Sync 1 DAGs
[2026-05-16T11:14:19.596+0000] {logging_mixin.py:188} INFO - [2026-05-16T11:14:19.596+0000] {dag.py:3947} INFO - Setting next_dagrun for tutorial_dag to None, run_after=None
[2026-05-16T11:14:19.602+0000] {processor.py:183} INFO - Processing /home/airflow/.local/lib/python3.12/site-packages/airflow/example_dags/tutorial_dag.py took 0.027 seconds
[2026-05-16T11:14:49.967+0000] {processor.py:161} INFO - Started process (PID=7120) to work on /home/airflow/.local/lib/python3.12/site-packages/airflow/example_dags/tutorial_dag.py
[2026-05-16T11:14:49.967+0000] {processor.py:830} INFO - Processing file /home/airflow/.local/lib/python3.12/site-packages/airflow/example_dags/tutorial_dag.py for tasks to queue
[2026-05-16T11:14:49.968+0000] {logging_mixin.py:188} INFO - [2026-05-16T11:14:49.967+0000] {dagbag.py:545} INFO - Filling up the DagBag from /home/airflow/.local/lib/python3.12/site-packages/airflow/example_dags/tutorial_dag.py
[2026-05-16T11:14:49.971+0000] {processor.py:840} INFO - DAG(s) 'tutorial_dag' retrieved from /home/airflow/.local/lib/python3.12/site-packages/airflow/example_dags/tutorial_dag.py
[2026-05-16T11:14:49.978+0000] {logging_mixin.py:188} INFO - [2026-05-16T11:14:49.978+0000] {dag.py:3089} INFO - Sync 1 DAGs
[2026-05-16T11:14:49.982+0000] {logging_mixin.py:188} INFO - [2026-05-16T11:14:49.982+0000] {dag.py:3947} INFO - Setting next_dagrun for tutorial_dag to None, run_after=None
[2026-05-16T11:14:49.987+0000] {processor.py:183} INFO - Processing /home/airflow/.local/lib/python3.12/site-packages/airflow/example_dags/tutorial_dag.py took 0.023 seconds
[2026-05-16T11:15:20.501+0000] {processor.py:161} INFO - Started process (PID=7179) to work on /home/airflow/.local/lib/python3.12/site-packages/airflow/example_dags/tutorial_dag.py
[2026-05-16T11:15:20.502+0000] {processor.py:830} INFO - Processing file /home/airflow/.local/lib/python3.12/site-packages/airflow/example_dags/tutorial_dag.py for tasks to queue
[2026-05-16T11:15:20.502+0000] {logging_mixin.py:188} INFO - [2026-05-16T11:15:20.502+0000] {dagbag.py:545} INFO - Filling up the DagBag from /home/airflow/.local/lib/python3.12/site-packages/airflow/example_dags/tutorial_dag.py
[2026-05-16T11:15:20.504+0000] {processor.py:840} INFO - DAG(s) 'tutorial_dag' retrieved from /home/airflow/.local/lib/python3.12/site-packages/airflow/example_dags/tutorial_dag.py
[2026-05-16T11:15:20.515+0000] {logging_mixin.py:188} INFO - [2026-05-16T11:15:20.515+0000] {dag.py:3089} INFO - Sync 1 DAGs
[2026-05-16T11:15:20.521+0000] {logging_mixin.py:188} INFO - [2026-05-16T11:15:20.521+0000] {dag.py:3947} INFO - Setting next_dagrun for tutorial_dag to None, run_after=None
[2026-05-16T11:15:20.529+0000] {processor.py:183} INFO - Processing /home/airflow/.local/lib/python3.12/site-packages/airflow/example_dags/tutorial_dag.py took 0.030 seconds
[2026-05-16T11:15:50.998+0000] {processor.py:161} INFO - Started process (PID=7239) to work on /home/airflow/.local/lib/python3.12/site-packages/airflow/example_dags/tutorial_dag.py
[2026-05-16T11:15:50.999+0000] {processor.py:830} INFO - Processing file /home/airflow/.local/lib/python3.12/site-packages/airflow/example_dags/tutorial_dag.py for tasks to queue
[2026-05-16T11:15:50.999+0000] {logging_mixin.py:188} INFO - [2026-05-16T11:15:50.999+0000] {dagbag.py:545} INFO - Filling up the DagBag from /home/airflow/.local/lib/python3.12/site-packages/airflow/example_dags/tutorial_dag.py
[2026-05-16T11:15:51.001+0000] {processor.py:840} INFO - DAG(s) 'tutorial_dag' retrieved from /home/airflow/.local/lib/python3.12/site-packages/airflow/example_dags/tutorial_dag.py
[2026-05-16T11:15:51.010+0000] {logging_mixin.py:188} INFO - [2026-05-16T11:15:51.010+0000] {dag.py:3089} INFO - Sync 1 DAGs
[2026-05-16T11:15:51.014+0000] {logging_mixin.py:188} INFO - [2026-05-16T11:15:51.014+0000] {dag.py:3947} INFO - Setting next_dagrun for tutorial_dag to None, run_after=None
[2026-05-16T11:15:51.019+0000] {processor.py:183} INFO - Processing /home/airflow/.local/lib/python3.12/site-packages/airflow/example_dags/tutorial_dag.py took 0.023 seconds
[2026-05-16T11:16:21.417+0000] {processor.py:161} INFO - Started process (PID=7299) to work on /home/airflow/.local/lib/python3.12/site-packages/airflow/example_dags/tutorial_dag.py
[2026-05-16T11:16:21.419+0000] {processor.py:830} INFO - Processing file /home/airflow/.local/lib/python3.12/site-packages/airflow/example_dags/tutorial_dag.py for tasks to queue
[2026-05-16T11:16:21.419+0000] {logging_mixin.py:188} INFO - [2026-05-16T11:16:21.419+0000] {dagbag.py:545} INFO - Filling up the DagBag from /home/airflow/.local/lib/python3.12/site-packages/airflow/example_dags/tutorial_dag.py
[2026-05-16T11:16:21.421+0000] {processor.py:840} INFO - DAG(s) 'tutorial_dag' retrieved from /home/airflow/.local/lib/python3.12/site-packages/airflow/example_dags/tutorial_dag.py
[2026-05-16T11:16:21.430+0000] {logging_mixin.py:188} INFO - [2026-05-16T11:16:21.429+0000] {dag.py:3089} INFO - Sync 1 DAGs
[2026-05-16T11:16:21.435+0000] {logging_mixin.py:188} INFO - [2026-05-16T11:16:21.434+0000] {dag.py:3947} INFO - Setting next_dagrun for tutorial_dag to None, run_after=None
[2026-05-16T11:16:21.440+0000] {processor.py:183} INFO - Processing /home/airflow/.local/lib/python3.12/site-packages/airflow/example_dags/tutorial_dag.py took 0.025 seconds
[2026-05-16T11:16:51.927+0000] {processor.py:161} INFO - Started process (PID=7359) to work on /home/airflow/.local/lib/python3.12/site-packages/airflow/example_dags/tutorial_dag.py
[2026-05-16T11:16:51.928+0000] {processor.py:830} INFO - Processing file /home/airflow/.local/lib/python3.12/site-packages/airflow/example_dags/tutorial_dag.py for tasks to queue
[2026-05-16T11:16:51.928+0000] {logging_mixin.py:188} INFO - [2026-05-16T11:16:51.928+0000] {dagbag.py:545} INFO - Filling up the DagBag from /home/airflow/.local/lib/python3.12/site-packages/airflow/example_dags/tutorial_dag.py
[2026-05-16T11:16:51.930+0000] {processor.py:840} INFO - DAG(s) 'tutorial_dag' retrieved from /home/airflow/.local/lib/python3.12/site-packages/airflow/example_dags/tutorial_dag.py
[2026-05-16T11:16:51.944+0000] {logging_mixin.py:188} INFO - [2026-05-16T11:16:51.944+0000] {dag.py:3089} INFO - Sync 1 DAGs
[2026-05-16T11:16:51.950+0000] {logging_mixin.py:188} INFO - [2026-05-16T11:16:51.950+0000] {dag.py:3947} INFO - Setting next_dagrun for tutorial_dag to None, run_after=None
[2026-05-16T11:16:51.956+0000] {processor.py:183} INFO - Processing /home/airflow/.local/lib/python3.12/site-packages/airflow/example_dags/tutorial_dag.py took 0.032 seconds
[2026-05-16T11:17:22.519+0000] {processor.py:161} INFO - Started process (PID=7419) to work on /home/airflow/.local/lib/python3.12/site-packages/airflow/example_dags/tutorial_dag.py
[2026-05-16T11:17:22.520+0000] {processor.py:830} INFO - Processing file /home/airflow/.local/lib/python3.12/site-packages/airflow/example_dags/tutorial_dag.py for tasks to queue
[2026-05-16T11:17:22.520+0000] {logging_mixin.py:188} INFO - [2026-05-16T11:17:22.520+0000] {dagbag.py:545} INFO - Filling up the DagBag from /home/airflow/.local/lib/python3.12/site-packages/airflow/example_dags/tutorial_dag.py
[2026-05-16T11:17:22.522+0000] {processor.py:840} INFO - DAG(s) 'tutorial_dag' retrieved from /home/airflow/.local/lib/python3.12/site-packages/airflow/example_dags/tutorial_dag.py
[2026-05-16T11:17:22.530+0000] {logging_mixin.py:188} INFO - [2026-05-16T11:17:22.530+0000] {dag.py:3089} INFO - Sync 1 DAGs
[2026-05-16T11:17:22.534+0000] {logging_mixin.py:188} INFO - [2026-05-16T11:17:22.534+0000] {dag.py:3947} INFO - Setting next_dagrun for tutorial_dag to None, run_after=None
[2026-05-16T11:17:22.543+0000] {processor.py:183} INFO - Processing /home/airflow/.local/lib/python3.12/site-packages/airflow/example_dags/tutorial_dag.py took 0.026 seconds
[2026-05-16T11:17:53.105+0000] {processor.py:161} INFO - Started process (PID=7479) to work on /home/airflow/.local/lib/python3.12/site-packages/airflow/example_dags/tutorial_dag.py
[2026-05-16T11:17:53.105+0000] {processor.py:830} INFO - Processing file /home/airflow/.local/lib/python3.12/site-packages/airflow/example_dags/tutorial_dag.py for tasks to queue
[2026-05-16T11:17:53.106+0000] {logging_mixin.py:188} INFO - [2026-05-16T11:17:53.105+0000] {dagbag.py:545} INFO - Filling up the DagBag from /home/airflow/.local/lib/python3.12/site-packages/airflow/example_dags/tutorial_dag.py
[2026-05-16T11:17:53.108+0000] {processor.py:840} INFO - DAG(s) 'tutorial_dag' retrieved from /home/airflow/.local/lib/python3.12/site-packages/airflow/example_dags/tutorial_dag.py
[2026-05-16T11:17:53.118+0000] {logging_mixin.py:188} INFO - [2026-05-16T11:17:53.117+0000] {dag.py:3089} INFO - Sync 1 DAGs
[2026-05-16T11:17:53.122+0000] {logging_mixin.py:188} INFO - [2026-05-16T11:17:53.122+0000] {dag.py:3947} INFO - Setting next_dagrun for tutorial_dag to None, run_after=None
[2026-05-16T11:17:53.128+0000] {processor.py:183} INFO - Processing /home/airflow/.local/lib/python3.12/site-packages/airflow/example_dags/tutorial_dag.py took 0.026 seconds
[2026-05-16T11:18:23.665+0000] {processor.py:161} INFO - Started process (PID=7539) to work on /home/airflow/.local/lib/python3.12/site-packages/airflow/example_dags/tutorial_dag.py
[2026-05-16T11:18:23.665+0000] {processor.py:830} INFO - Processing file /home/airflow/.local/lib/python3.12/site-packages/airflow/example_dags/tutorial_dag.py for tasks to queue
[2026-05-16T11:18:23.666+0000] {logging_mixin.py:188} INFO - [2026-05-16T11:18:23.666+0000] {dagbag.py:545} INFO - Filling up the DagBag from /home/airflow/.local/lib/python3.12/site-packages/airflow/example_dags/tutorial_dag.py
[2026-05-16T11:18:23.668+0000] {processor.py:840} INFO - DAG(s) 'tutorial_dag' retrieved from /home/airflow/.local/lib/python3.12/site-packages/airflow/example_dags/tutorial_dag.py
[2026-05-16T11:18:23.678+0000] {logging_mixin.py:188} INFO - [2026-05-16T11:18:23.678+0000] {dag.py:3089} INFO - Sync 1 DAGs
[2026-05-16T11:18:23.683+0000] {logging_mixin.py:188} INFO - [2026-05-16T11:18:23.683+0000] {dag.py:3947} INFO - Setting next_dagrun for tutorial_dag to None, run_after=None
[2026-05-16T11:18:23.690+0000] {processor.py:183} INFO - Processing /home/airflow/.local/lib/python3.12/site-packages/airflow/example_dags/tutorial_dag.py took 0.028 seconds
[2026-05-16T11:18:54.157+0000] {processor.py:161} INFO - Started process (PID=7599) to work on /home/airflow/.local/lib/python3.12/site-packages/airflow/example_dags/tutorial_dag.py
[2026-05-16T11:18:54.157+0000] {processor.py:830} INFO - Processing file /home/airflow/.local/lib/python3.12/site-packages/airflow/example_dags/tutorial_dag.py for tasks to queue
[2026-05-16T11:18:54.158+0000] {logging_mixin.py:188} INFO - [2026-05-16T11:18:54.158+0000] {dagbag.py:545} INFO - Filling up the DagBag from /home/airflow/.local/lib/python3.12/site-packages/airflow/example_dags/tutorial_dag.py
[2026-05-16T11:18:54.160+0000] {processor.py:840} INFO - DAG(s) 'tutorial_dag' retrieved from /home/airflow/.local/lib/python3.12/site-packages/airflow/example_dags/tutorial_dag.py
[2026-05-16T11:18:54.167+0000] {logging_mixin.py:188} INFO - [2026-05-16T11:18:54.167+0000] {dag.py:3089} INFO - Sync 1 DAGs
[2026-05-16T11:18:54.171+0000] {logging_mixin.py:188} INFO - [2026-05-16T11:18:54.171+0000] {dag.py:3947} INFO - Setting next_dagrun for tutorial_dag to None, run_after=None
[2026-05-16T11:18:54.176+0000] {processor.py:183} INFO - Processing /home/airflow/.local/lib/python3.12/site-packages/airflow/example_dags/tutorial_dag.py took 0.021 seconds
[2026-05-16T11:19:24.574+0000] {processor.py:161} INFO - Started process (PID=7659) to work on /home/airflow/.local/lib/python3.12/site-packages/airflow/example_dags/tutorial_dag.py
[2026-05-16T11:19:24.574+0000] {processor.py:830} INFO - Processing file /home/airflow/.local/lib/python3.12/site-packages/airflow/example_dags/tutorial_dag.py for tasks to queue
[2026-05-16T11:19:24.574+0000] {logging_mixin.py:188} INFO - [2026-05-16T11:19:24.574+0000] {dagbag.py:545} INFO - Filling up the DagBag from /home/airflow/.local/lib/python3.12/site-packages/airflow/example_dags/tutorial_dag.py
[2026-05-16T11:19:24.577+0000] {processor.py:840} INFO - DAG(s) 'tutorial_dag' retrieved from /home/airflow/.local/lib/python3.12/site-packages/airflow/example_dags/tutorial_dag.py
[2026-05-16T11:19:24.586+0000] {logging_mixin.py:188} INFO - [2026-05-16T11:19:24.586+0000] {dag.py:3089} INFO - Sync 1 DAGs
[2026-05-16T11:19:24.590+0000] {logging_mixin.py:188} INFO - [2026-05-16T11:19:24.590+0000] {dag.py:3947} INFO - Setting next_dagrun for tutorial_dag to None, run_after=None
[2026-05-16T11:19:24.597+0000] {processor.py:183} INFO - Processing /home/airflow/.local/lib/python3.12/site-packages/airflow/example_dags/tutorial_dag.py took 0.026 seconds
[2026-05-16T11:19:54.914+0000] {processor.py:161} INFO - Started process (PID=7719) to work on /home/airflow/.local/lib/python3.12/site-packages/airflow/example_dags/tutorial_dag.py
[2026-05-16T11:19:54.914+0000] {processor.py:830} INFO - Processing file /home/airflow/.local/lib/python3.12/site-packages/airflow/example_dags/tutorial_dag.py for tasks to queue
[2026-05-16T11:19:54.914+0000] {logging_mixin.py:188} INFO - [2026-05-16T11:19:54.914+0000] {dagbag.py:545} INFO - Filling up the DagBag from /home/airflow/.local/lib/python3.12/site-packages/airflow/example_dags/tutorial_dag.py
[2026-05-16T11:19:54.917+0000] {processor.py:840} INFO - DAG(s) 'tutorial_dag' retrieved from /home/airflow/.local/lib/python3.12/site-packages/airflow/example_dags/tutorial_dag.py
[2026-05-16T11:19:54.924+0000] {logging_mixin.py:188} INFO - [2026-05-16T11:19:54.924+0000] {dag.py:3089} INFO - Sync 1 DAGs
[2026-05-16T11:19:54.929+0000] {logging_mixin.py:188} INFO - [2026-05-16T11:19:54.929+0000] {dag.py:3947} INFO - Setting next_dagrun for tutorial_dag to None, run_after=None
[2026-05-16T11:19:54.934+0000] {processor.py:183} INFO - Processing /home/airflow/.local/lib/python3.12/site-packages/airflow/example_dags/tutorial_dag.py took 0.023 seconds
[2026-05-16T11:20:25.330+0000] {processor.py:161} INFO - Started process (PID=7779) to work on /home/airflow/.local/lib/python3.12/site-packages/airflow/example_dags/tutorial_dag.py
[2026-05-16T11:20:25.330+0000] {processor.py:830} INFO - Processing file /home/airflow/.local/lib/python3.12/site-packages/airflow/example_dags/tutorial_dag.py for tasks to queue
[2026-05-16T11:20:25.331+0000] {logging_mixin.py:188} INFO - [2026-05-16T11:20:25.330+0000] {dagbag.py:545} INFO - Filling up the DagBag from /home/airflow/.local/lib/python3.12/site-packages/airflow/example_dags/tutorial_dag.py
[2026-05-16T11:20:25.333+0000] {processor.py:840} INFO - DAG(s) 'tutorial_dag' retrieved from /home/airflow/.local/lib/python3.12/site-packages/airflow/example_dags/tutorial_dag.py
[2026-05-16T11:20:25.340+0000] {logging_mixin.py:188} INFO - [2026-05-16T11:20:25.340+0000] {dag.py:3089} INFO - Sync 1 DAGs
[2026-05-16T11:20:25.344+0000] {logging_mixin.py:188} INFO - [2026-05-16T11:20:25.344+0000] {dag.py:3947} INFO - Setting next_dagrun for tutorial_dag to None, run_after=None
[2026-05-16T11:20:25.349+0000] {processor.py:183} INFO - Processing /home/airflow/.local/lib/python3.12/site-packages/airflow/example_dags/tutorial_dag.py took 0.022 seconds
[2026-05-16T11:20:55.679+0000] {processor.py:161} INFO - Started process (PID=7839) to work on /home/airflow/.local/lib/python3.12/site-packages/airflow/example_dags/tutorial_dag.py
[2026-05-16T11:20:55.679+0000] {processor.py:830} INFO - Processing file /home/airflow/.local/lib/python3.12/site-packages/airflow/example_dags/tutorial_dag.py for tasks to queue
[2026-05-16T11:20:55.679+0000] {logging_mixin.py:188} INFO - [2026-05-16T11:20:55.679+0000] {dagbag.py:545} INFO - Filling up the DagBag from /home/airflow/.local/lib/python3.12/site-packages/airflow/example_dags/tutorial_dag.py
[2026-05-16T11:20:55.682+0000] {processor.py:840} INFO - DAG(s) 'tutorial_dag' retrieved from /home/airflow/.local/lib/python3.12/site-packages/airflow/example_dags/tutorial_dag.py
[2026-05-16T11:20:55.689+0000] {logging_mixin.py:188} INFO - [2026-05-16T11:20:55.689+0000] {dag.py:3089} INFO - Sync 1 DAGs
[2026-05-16T11:20:55.693+0000] {logging_mixin.py:188} INFO - [2026-05-16T11:20:55.693+0000] {dag.py:3947} INFO - Setting next_dagrun for tutorial_dag to None, run_after=None
[2026-05-16T11:20:55.699+0000] {processor.py:183} INFO - Processing /home/airflow/.local/lib/python3.12/site-packages/airflow/example_dags/tutorial_dag.py took 0.023 seconds
[2026-05-16T11:21:26.118+0000] {processor.py:161} INFO - Started process (PID=7899) to work on /home/airflow/.local/lib/python3.12/site-packages/airflow/example_dags/tutorial_dag.py
[2026-05-16T11:21:26.118+0000] {processor.py:830} INFO - Processing file /home/airflow/.local/lib/python3.12/site-packages/airflow/example_dags/tutorial_dag.py for tasks to queue
[2026-05-16T11:21:26.119+0000] {logging_mixin.py:188} INFO - [2026-05-16T11:21:26.118+0000] {dagbag.py:545} INFO - Filling up the DagBag from /home/airflow/.local/lib/python3.12/site-packages/airflow/example_dags/tutorial_dag.py
[2026-05-16T11:21:26.121+0000] {processor.py:840} INFO - DAG(s) 'tutorial_dag' retrieved from /home/airflow/.local/lib/python3.12/site-packages/airflow/example_dags/tutorial_dag.py
[2026-05-16T11:21:26.129+0000] {logging_mixin.py:188} INFO - [2026-05-16T11:21:26.129+0000] {dag.py:3089} INFO - Sync 1 DAGs
[2026-05-16T11:21:26.133+0000] {logging_mixin.py:188} INFO - [2026-05-16T11:21:26.133+0000] {dag.py:3947} INFO - Setting next_dagrun for tutorial_dag to None, run_after=None
[2026-05-16T11:21:26.138+0000] {processor.py:183} INFO - Processing /home/airflow/.local/lib/python3.12/site-packages/airflow/example_dags/tutorial_dag.py took 0.022 seconds
[2026-05-16T11:21:56.521+0000] {processor.py:161} INFO - Started process (PID=7960) to work on /home/airflow/.local/lib/python3.12/site-packages/airflow/example_dags/tutorial_dag.py
[2026-05-16T11:21:56.521+0000] {processor.py:830} INFO - Processing file /home/airflow/.local/lib/python3.12/site-packages/airflow/example_dags/tutorial_dag.py for tasks to queue
[2026-05-16T11:21:56.522+0000] {logging_mixin.py:188} INFO - [2026-05-16T11:21:56.522+0000] {dagbag.py:545} INFO - Filling up the DagBag from /home/airflow/.local/lib/python3.12/site-packages/airflow/example_dags/tutorial_dag.py
[2026-05-16T11:21:56.524+0000] {processor.py:840} INFO - DAG(s) 'tutorial_dag' retrieved from /home/airflow/.local/lib/python3.12/site-packages/airflow/example_dags/tutorial_dag.py
[2026-05-16T11:21:56.533+0000] {logging_mixin.py:188} INFO - [2026-05-16T11:21:56.533+0000] {dag.py:3089} INFO - Sync 1 DAGs
[2026-05-16T11:21:56.537+0000] {logging_mixin.py:188} INFO - [2026-05-16T11:21:56.537+0000] {dag.py:3947} INFO - Setting next_dagrun for tutorial_dag to None, run_after=None
[2026-05-16T11:21:56.542+0000] {processor.py:183} INFO - Processing /home/airflow/.local/lib/python3.12/site-packages/airflow/example_dags/tutorial_dag.py took 0.024 seconds
[2026-05-16T11:22:26.863+0000] {processor.py:161} INFO - Started process (PID=8020) to work on /home/airflow/.local/lib/python3.12/site-packages/airflow/example_dags/tutorial_dag.py
[2026-05-16T11:22:26.864+0000] {processor.py:830} INFO - Processing file /home/airflow/.local/lib/python3.12/site-packages/airflow/example_dags/tutorial_dag.py for tasks to queue
[2026-05-16T11:22:26.864+0000] {logging_mixin.py:188} INFO - [2026-05-16T11:22:26.864+0000] {dagbag.py:545} INFO - Filling up the DagBag from /home/airflow/.local/lib/python3.12/site-packages/airflow/example_dags/tutorial_dag.py
[2026-05-16T11:22:26.867+0000] {processor.py:840} INFO - DAG(s) 'tutorial_dag' retrieved from /home/airflow/.local/lib/python3.12/site-packages/airflow/example_dags/tutorial_dag.py
[2026-05-16T11:22:26.875+0000] {logging_mixin.py:188} INFO - [2026-05-16T11:22:26.875+0000] {dag.py:3089} INFO - Sync 1 DAGs
[2026-05-16T11:22:26.880+0000] {logging_mixin.py:188} INFO - [2026-05-16T11:22:26.880+0000] {dag.py:3947} INFO - Setting next_dagrun for tutorial_dag to None, run_after=None
[2026-05-16T11:22:26.885+0000] {processor.py:183} INFO - Processing /home/airflow/.local/lib/python3.12/site-packages/airflow/example_dags/tutorial_dag.py took 0.025 seconds
[2026-05-16T11:22:57.256+0000] {processor.py:161} INFO - Started process (PID=8080) to work on /home/airflow/.local/lib/python3.12/site-packages/airflow/example_dags/tutorial_dag.py
[2026-05-16T11:22:57.256+0000] {processor.py:830} INFO - Processing file /home/airflow/.local/lib/python3.12/site-packages/airflow/example_dags/tutorial_dag.py for tasks to queue
[2026-05-16T11:22:57.256+0000] {logging_mixin.py:188} INFO - [2026-05-16T11:22:57.256+0000] {dagbag.py:545} INFO - Filling up the DagBag from /home/airflow/.local/lib/python3.12/site-packages/airflow/example_dags/tutorial_dag.py
[2026-05-16T11:22:57.258+0000] {processor.py:840} INFO - DAG(s) 'tutorial_dag' retrieved from /home/airflow/.local/lib/python3.12/site-packages/airflow/example_dags/tutorial_dag.py
[2026-05-16T11:22:57.267+0000] {logging_mixin.py:188} INFO - [2026-05-16T11:22:57.267+0000] {dag.py:3089} INFO - Sync 1 DAGs
[2026-05-16T11:22:57.271+0000] {logging_mixin.py:188} INFO - [2026-05-16T11:22:57.271+0000] {dag.py:3947} INFO - Setting next_dagrun for tutorial_dag to None, run_after=None
[2026-05-16T11:22:57.276+0000] {processor.py:183} INFO - Processing /home/airflow/.local/lib/python3.12/site-packages/airflow/example_dags/tutorial_dag.py took 0.023 seconds
[2026-05-16T11:23:27.668+0000] {processor.py:161} INFO - Started process (PID=8140) to work on /home/airflow/.local/lib/python3.12/site-packages/airflow/example_dags/tutorial_dag.py
[2026-05-16T11:23:27.668+0000] {processor.py:830} INFO - Processing file /home/airflow/.local/lib/python3.12/site-packages/airflow/example_dags/tutorial_dag.py for tasks to queue
[2026-05-16T11:23:27.669+0000] {logging_mixin.py:188} INFO - [2026-05-16T11:23:27.668+0000] {dagbag.py:545} INFO - Filling up the DagBag from /home/airflow/.local/lib/python3.12/site-packages/airflow/example_dags/tutorial_dag.py
[2026-05-16T11:23:27.671+0000] {processor.py:840} INFO - DAG(s) 'tutorial_dag' retrieved from /home/airflow/.local/lib/python3.12/site-packages/airflow/example_dags/tutorial_dag.py
[2026-05-16T11:23:27.677+0000] {logging_mixin.py:188} INFO - [2026-05-16T11:23:27.677+0000] {dag.py:3089} INFO - Sync 1 DAGs
[2026-05-16T11:23:27.681+0000] {logging_mixin.py:188} INFO - [2026-05-16T11:23:27.681+0000] {dag.py:3947} INFO - Setting next_dagrun for tutorial_dag to None, run_after=None
[2026-05-16T11:23:27.686+0000] {processor.py:183} INFO - Processing /home/airflow/.local/lib/python3.12/site-packages/airflow/example_dags/tutorial_dag.py took 0.020 seconds
[2026-05-16T11:23:58.102+0000] {processor.py:161} INFO - Started process (PID=8200) to work on /home/airflow/.local/lib/python3.12/site-packages/airflow/example_dags/tutorial_dag.py
[2026-05-16T11:23:58.102+0000] {processor.py:830} INFO - Processing file /home/airflow/.local/lib/python3.12/site-packages/airflow/example_dags/tutorial_dag.py for tasks to queue
[2026-05-16T11:23:58.102+0000] {logging_mixin.py:188} INFO - [2026-05-16T11:23:58.102+0000] {dagbag.py:545} INFO - Filling up the DagBag from /home/airflow/.local/lib/python3.12/site-packages/airflow/example_dags/tutorial_dag.py
[2026-05-16T11:23:58.105+0000] {processor.py:840} INFO - DAG(s) 'tutorial_dag' retrieved from /home/airflow/.local/lib/python3.12/site-packages/airflow/example_dags/tutorial_dag.py
[2026-05-16T11:23:58.114+0000] {logging_mixin.py:188} INFO - [2026-05-16T11:23:58.114+0000] {dag.py:3089} INFO - Sync 1 DAGs
[2026-05-16T11:23:58.119+0000] {logging_mixin.py:188} INFO - [2026-05-16T11:23:58.119+0000] {dag.py:3947} INFO - Setting next_dagrun for tutorial_dag to None, run_after=None
[2026-05-16T11:23:58.125+0000] {processor.py:183} INFO - Processing /home/airflow/.local/lib/python3.12/site-packages/airflow/example_dags/tutorial_dag.py took 0.025 seconds
[2026-05-16T11:24:28.591+0000] {processor.py:161} INFO - Started process (PID=8260) to work on /home/airflow/.local/lib/python3.12/site-packages/airflow/example_dags/tutorial_dag.py
[2026-05-16T11:24:28.592+0000] {processor.py:830} INFO - Processing file /home/airflow/.local/lib/python3.12/site-packages/airflow/example_dags/tutorial_dag.py for tasks to queue
[2026-05-16T11:24:28.592+0000] {logging_mixin.py:188} INFO - [2026-05-16T11:24:28.592+0000] {dagbag.py:545} INFO - Filling up the DagBag from /home/airflow/.local/lib/python3.12/site-packages/airflow/example_dags/tutorial_dag.py
[2026-05-16T11:24:28.594+0000] {processor.py:840} INFO - DAG(s) 'tutorial_dag' retrieved from /home/airflow/.local/lib/python3.12/site-packages/airflow/example_dags/tutorial_dag.py
[2026-05-16T11:24:28.604+0000] {logging_mixin.py:188} INFO - [2026-05-16T11:24:28.604+0000] {dag.py:3089} INFO - Sync 1 DAGs
[2026-05-16T11:24:28.609+0000] {logging_mixin.py:188} INFO - [2026-05-16T11:24:28.609+0000] {dag.py:3947} INFO - Setting next_dagrun for tutorial_dag to None, run_after=None
[2026-05-16T11:24:28.615+0000] {processor.py:183} INFO - Processing /home/airflow/.local/lib/python3.12/site-packages/airflow/example_dags/tutorial_dag.py took 0.027 seconds
[2026-05-16T11:24:59.115+0000] {processor.py:161} INFO - Started process (PID=8320) to work on /home/airflow/.local/lib/python3.12/site-packages/airflow/example_dags/tutorial_dag.py
[2026-05-16T11:24:59.116+0000] {processor.py:830} INFO - Processing file /home/airflow/.local/lib/python3.12/site-packages/airflow/example_dags/tutorial_dag.py for tasks to queue
[2026-05-16T11:24:59.116+0000] {logging_mixin.py:188} INFO - [2026-05-16T11:24:59.116+0000] {dagbag.py:545} INFO - Filling up the DagBag from /home/airflow/.local/lib/python3.12/site-packages/airflow/example_dags/tutorial_dag.py
[2026-05-16T11:24:59.118+0000] {processor.py:840} INFO - DAG(s) 'tutorial_dag' retrieved from /home/airflow/.local/lib/python3.12/site-packages/airflow/example_dags/tutorial_dag.py
[2026-05-16T11:24:59.125+0000] {logging_mixin.py:188} INFO - [2026-05-16T11:24:59.125+0000] {dag.py:3089} INFO - Sync 1 DAGs
[2026-05-16T11:24:59.129+0000] {logging_mixin.py:188} INFO - [2026-05-16T11:24:59.129+0000] {dag.py:3947} INFO - Setting next_dagrun for tutorial_dag to None, run_after=None
[2026-05-16T11:24:59.134+0000] {processor.py:183} INFO - Processing /home/airflow/.local/lib/python3.12/site-packages/airflow/example_dags/tutorial_dag.py took 0.021 seconds
[2026-05-16T11:25:29.685+0000] {processor.py:161} INFO - Started process (PID=8380) to work on /home/airflow/.local/lib/python3.12/site-packages/airflow/example_dags/tutorial_dag.py
[2026-05-16T11:25:29.686+0000] {processor.py:830} INFO - Processing file /home/airflow/.local/lib/python3.12/site-packages/airflow/example_dags/tutorial_dag.py for tasks to queue
[2026-05-16T11:25:29.686+0000] {logging_mixin.py:188} INFO - [2026-05-16T11:25:29.686+0000] {dagbag.py:545} INFO - Filling up the DagBag from /home/airflow/.local/lib/python3.12/site-packages/airflow/example_dags/tutorial_dag.py
[2026-05-16T11:25:29.688+0000] {processor.py:840} INFO - DAG(s) 'tutorial_dag' retrieved from /home/airflow/.local/lib/python3.12/site-packages/airflow/example_dags/tutorial_dag.py
[2026-05-16T11:25:29.695+0000] {logging_mixin.py:188} INFO - [2026-05-16T11:25:29.695+0000] {dag.py:3089} INFO - Sync 1 DAGs
[2026-05-16T11:25:29.699+0000] {logging_mixin.py:188} INFO - [2026-05-16T11:25:29.699+0000] {dag.py:3947} INFO - Setting next_dagrun for tutorial_dag to None, run_after=None
[2026-05-16T11:25:29.704+0000] {processor.py:183} INFO - Processing /home/airflow/.local/lib/python3.12/site-packages/airflow/example_dags/tutorial_dag.py took 0.021 seconds
[2026-05-16T11:26:00.302+0000] {processor.py:161} INFO - Started process (PID=8440) to work on /home/airflow/.local/lib/python3.12/site-packages/airflow/example_dags/tutorial_dag.py
[2026-05-16T11:26:00.302+0000] {processor.py:830} INFO - Processing file /home/airflow/.local/lib/python3.12/site-packages/airflow/example_dags/tutorial_dag.py for tasks to queue
[2026-05-16T11:26:00.303+0000] {logging_mixin.py:188} INFO - [2026-05-16T11:26:00.303+0000] {dagbag.py:545} INFO - Filling up the DagBag from /home/airflow/.local/lib/python3.12/site-packages/airflow/example_dags/tutorial_dag.py
[2026-05-16T11:26:00.305+0000] {processor.py:840} INFO - DAG(s) 'tutorial_dag' retrieved from /home/airflow/.local/lib/python3.12/site-packages/airflow/example_dags/tutorial_dag.py
[2026-05-16T11:26:00.314+0000] {logging_mixin.py:188} INFO - [2026-05-16T11:26:00.314+0000] {dag.py:3089} INFO - Sync 1 DAGs
[2026-05-16T11:26:00.319+0000] {logging_mixin.py:188} INFO - [2026-05-16T11:26:00.319+0000] {dag.py:3947} INFO - Setting next_dagrun for tutorial_dag to None, run_after=None
[2026-05-16T11:26:00.327+0000] {processor.py:183} INFO - Processing /home/airflow/.local/lib/python3.12/site-packages/airflow/example_dags/tutorial_dag.py took 0.027 seconds
[2026-05-16T11:26:30.914+0000] {processor.py:161} INFO - Started process (PID=8500) to work on /home/airflow/.local/lib/python3.12/site-packages/airflow/example_dags/tutorial_dag.py
[2026-05-16T11:26:30.915+0000] {processor.py:830} INFO - Processing file /home/airflow/.local/lib/python3.12/site-packages/airflow/example_dags/tutorial_dag.py for tasks to queue
[2026-05-16T11:26:30.915+0000] {logging_mixin.py:188} INFO - [2026-05-16T11:26:30.915+0000] {dagbag.py:545} INFO - Filling up the DagBag from /home/airflow/.local/lib/python3.12/site-packages/airflow/example_dags/tutorial_dag.py
[2026-05-16T11:26:30.917+0000] {processor.py:840} INFO - DAG(s) 'tutorial_dag' retrieved from /home/airflow/.local/lib/python3.12/site-packages/airflow/example_dags/tutorial_dag.py
[2026-05-16T11:26:30.926+0000] {logging_mixin.py:188} INFO - [2026-05-16T11:26:30.926+0000] {dag.py:3089} INFO - Sync 1 DAGs
[2026-05-16T11:26:30.930+0000] {logging_mixin.py:188} INFO - [2026-05-16T11:26:30.930+0000] {dag.py:3947} INFO - Setting next_dagrun for tutorial_dag to None, run_after=None
[2026-05-16T11:26:30.936+0000] {processor.py:183} INFO - Processing /home/airflow/.local/lib/python3.12/site-packages/airflow/example_dags/tutorial_dag.py took 0.024 seconds
[2026-05-16T11:27:01.477+0000] {processor.py:161} INFO - Started process (PID=8560) to work on /home/airflow/.local/lib/python3.12/site-packages/airflow/example_dags/tutorial_dag.py
[2026-05-16T11:27:01.478+0000] {processor.py:830} INFO - Processing file /home/airflow/.local/lib/python3.12/site-packages/airflow/example_dags/tutorial_dag.py for tasks to queue
[2026-05-16T11:27:01.478+0000] {logging_mixin.py:188} INFO - [2026-05-16T11:27:01.478+0000] {dagbag.py:545} INFO - Filling up the DagBag from /home/airflow/.local/lib/python3.12/site-packages/airflow/example_dags/tutorial_dag.py
[2026-05-16T11:27:01.480+0000] {processor.py:840} INFO - DAG(s) 'tutorial_dag' retrieved from /home/airflow/.local/lib/python3.12/site-packages/airflow/example_dags/tutorial_dag.py
[2026-05-16T11:27:01.487+0000] {logging_mixin.py:188} INFO - [2026-05-16T11:27:01.487+0000] {dag.py:3089} INFO - Sync 1 DAGs
[2026-05-16T11:27:01.491+0000] {logging_mixin.py:188} INFO - [2026-05-16T11:27:01.491+0000] {dag.py:3947} INFO - Setting next_dagrun for tutorial_dag to None, run_after=None
[2026-05-16T11:27:01.495+0000] {processor.py:183} INFO - Processing /home/airflow/.local/lib/python3.12/site-packages/airflow/example_dags/tutorial_dag.py took 0.020 seconds
[2026-05-16T11:27:32.070+0000] {processor.py:161} INFO - Started process (PID=8621) to work on /home/airflow/.local/lib/python3.12/site-packages/airflow/example_dags/tutorial_dag.py
[2026-05-16T11:27:32.071+0000] {processor.py:830} INFO - Processing file /home/airflow/.local/lib/python3.12/site-packages/airflow/example_dags/tutorial_dag.py for tasks to queue
[2026-05-16T11:27:32.071+0000] {logging_mixin.py:188} INFO - [2026-05-16T11:27:32.071+0000] {dagbag.py:545} INFO - Filling up the DagBag from /home/airflow/.local/lib/python3.12/site-packages/airflow/example_dags/tutorial_dag.py
[2026-05-16T11:27:32.073+0000] {processor.py:840} INFO - DAG(s) 'tutorial_dag' retrieved from /home/airflow/.local/lib/python3.12/site-packages/airflow/example_dags/tutorial_dag.py
[2026-05-16T11:27:32.078+0000] {logging_mixin.py:188} INFO - [2026-05-16T11:27:32.077+0000] {dag.py:3089} INFO - Sync 1 DAGs
[2026-05-16T11:27:32.082+0000] {logging_mixin.py:188} INFO - [2026-05-16T11:27:32.082+0000] {dag.py:3947} INFO - Setting next_dagrun for tutorial_dag to None, run_after=None
[2026-05-16T11:27:32.088+0000] {processor.py:183} INFO - Processing /home/airflow/.local/lib/python3.12/site-packages/airflow/example_dags/tutorial_dag.py took 0.020 seconds
[2026-05-16T11:28:02.932+0000] {processor.py:161} INFO - Started process (PID=8682) to work on /home/airflow/.local/lib/python3.12/site-packages/airflow/example_dags/tutorial_dag.py
[2026-05-16T11:28:02.932+0000] {processor.py:830} INFO - Processing file /home/airflow/.local/lib/python3.12/site-packages/airflow/example_dags/tutorial_dag.py for tasks to queue
[2026-05-16T11:28:02.933+0000] {logging_mixin.py:188} INFO - [2026-05-16T11:28:02.932+0000] {dagbag.py:545} INFO - Filling up the DagBag from /home/airflow/.local/lib/python3.12/site-packages/airflow/example_dags/tutorial_dag.py
[2026-05-16T11:28:02.935+0000] {processor.py:840} INFO - DAG(s) 'tutorial_dag' retrieved from /home/airflow/.local/lib/python3.12/site-packages/airflow/example_dags/tutorial_dag.py
[2026-05-16T11:28:02.972+0000] {logging_mixin.py:188} INFO - [2026-05-16T11:28:02.972+0000] {dag.py:3089} INFO - Sync 1 DAGs
[2026-05-16T11:28:02.976+0000] {logging_mixin.py:188} INFO - [2026-05-16T11:28:02.976+0000] {dag.py:3947} INFO - Setting next_dagrun for tutorial_dag to None, run_after=None
[2026-05-16T11:28:02.984+0000] {processor.py:183} INFO - Processing /home/airflow/.local/lib/python3.12/site-packages/airflow/example_dags/tutorial_dag.py took 0.055 seconds
[2026-05-16T11:28:33.716+0000] {processor.py:161} INFO - Started process (PID=8743) to work on /home/airflow/.local/lib/python3.12/site-packages/airflow/example_dags/tutorial_dag.py
[2026-05-16T11:28:33.717+0000] {processor.py:830} INFO - Processing file /home/airflow/.local/lib/python3.12/site-packages/airflow/example_dags/tutorial_dag.py for tasks to queue
[2026-05-16T11:28:33.717+0000] {logging_mixin.py:188} INFO - [2026-05-16T11:28:33.717+0000] {dagbag.py:545} INFO - Filling up the DagBag from /home/airflow/.local/lib/python3.12/site-packages/airflow/example_dags/tutorial_dag.py
[2026-05-16T11:28:33.719+0000] {processor.py:840} INFO - DAG(s) 'tutorial_dag' retrieved from /home/airflow/.local/lib/python3.12/site-packages/airflow/example_dags/tutorial_dag.py
[2026-05-16T11:28:33.726+0000] {logging_mixin.py:188} INFO - [2026-05-16T11:28:33.725+0000] {dag.py:3089} INFO - Sync 1 DAGs
[2026-05-16T11:28:33.730+0000] {logging_mixin.py:188} INFO - [2026-05-16T11:28:33.729+0000] {dag.py:3947} INFO - Setting next_dagrun for tutorial_dag to None, run_after=None
[2026-05-16T11:28:33.734+0000] {processor.py:183} INFO - Processing /home/airflow/.local/lib/python3.12/site-packages/airflow/example_dags/tutorial_dag.py took 0.020 seconds
[2026-05-16T11:29:04.157+0000] {processor.py:161} INFO - Started process (PID=8804) to work on /home/airflow/.local/lib/python3.12/site-packages/airflow/example_dags/tutorial_dag.py
[2026-05-16T11:29:04.158+0000] {processor.py:830} INFO - Processing file /home/airflow/.local/lib/python3.12/site-packages/airflow/example_dags/tutorial_dag.py for tasks to queue
[2026-05-16T11:29:04.158+0000] {logging_mixin.py:188} INFO - [2026-05-16T11:29:04.158+0000] {dagbag.py:545} INFO - Filling up the DagBag from /home/airflow/.local/lib/python3.12/site-packages/airflow/example_dags/tutorial_dag.py
[2026-05-16T11:29:04.160+0000] {processor.py:840} INFO - DAG(s) 'tutorial_dag' retrieved from /home/airflow/.local/lib/python3.12/site-packages/airflow/example_dags/tutorial_dag.py
[2026-05-16T11:29:04.167+0000] {logging_mixin.py:188} INFO - [2026-05-16T11:29:04.167+0000] {dag.py:3089} INFO - Sync 1 DAGs
[2026-05-16T11:29:04.171+0000] {logging_mixin.py:188} INFO - [2026-05-16T11:29:04.171+0000] {dag.py:3947} INFO - Setting next_dagrun for tutorial_dag to None, run_after=None
[2026-05-16T11:29:04.176+0000] {processor.py:183} INFO - Processing /home/airflow/.local/lib/python3.12/site-packages/airflow/example_dags/tutorial_dag.py took 0.020 seconds
[2026-05-16T11:29:34.772+0000] {processor.py:161} INFO - Started process (PID=8866) to work on /home/airflow/.local/lib/python3.12/site-packages/airflow/example_dags/tutorial_dag.py
[2026-05-16T11:29:34.773+0000] {processor.py:830} INFO - Processing file /home/airflow/.local/lib/python3.12/site-packages/airflow/example_dags/tutorial_dag.py for tasks to queue
[2026-05-16T11:29:34.773+0000] {logging_mixin.py:188} INFO - [2026-05-16T11:29:34.773+0000] {dagbag.py:545} INFO - Filling up the DagBag from /home/airflow/.local/lib/python3.12/site-packages/airflow/example_dags/tutorial_dag.py
[2026-05-16T11:29:34.775+0000] {processor.py:840} INFO - DAG(s) 'tutorial_dag' retrieved from /home/airflow/.local/lib/python3.12/site-packages/airflow/example_dags/tutorial_dag.py
[2026-05-16T11:29:34.783+0000] {logging_mixin.py:188} INFO - [2026-05-16T11:29:34.783+0000] {dag.py:3089} INFO - Sync 1 DAGs
[2026-05-16T11:29:34.787+0000] {logging_mixin.py:188} INFO - [2026-05-16T11:29:34.787+0000] {dag.py:3947} INFO - Setting next_dagrun for tutorial_dag to None, run_after=None
[2026-05-16T11:29:34.792+0000] {processor.py:183} INFO - Processing /home/airflow/.local/lib/python3.12/site-packages/airflow/example_dags/tutorial_dag.py took 0.022 seconds
[2026-05-16T11:30:05.425+0000] {processor.py:161} INFO - Started process (PID=8927) to work on /home/airflow/.local/lib/python3.12/site-packages/airflow/example_dags/tutorial_dag.py
[2026-05-16T11:30:05.425+0000] {processor.py:830} INFO - Processing file /home/airflow/.local/lib/python3.12/site-packages/airflow/example_dags/tutorial_dag.py for tasks to queue
[2026-05-16T11:30:05.426+0000] {logging_mixin.py:188} INFO - [2026-05-16T11:30:05.426+0000] {dagbag.py:545} INFO - Filling up the DagBag from /home/airflow/.local/lib/python3.12/site-packages/airflow/example_dags/tutorial_dag.py
[2026-05-16T11:30:05.428+0000] {processor.py:840} INFO - DAG(s) 'tutorial_dag' retrieved from /home/airflow/.local/lib/python3.12/site-packages/airflow/example_dags/tutorial_dag.py
[2026-05-16T11:30:05.445+0000] {logging_mixin.py:188} INFO - [2026-05-16T11:30:05.445+0000] {dag.py:3089} INFO - Sync 1 DAGs
[2026-05-16T11:30:05.459+0000] {logging_mixin.py:188} INFO - [2026-05-16T11:30:05.459+0000] {dag.py:3947} INFO - Setting next_dagrun for tutorial_dag to None, run_after=None
[2026-05-16T11:30:05.468+0000] {processor.py:183} INFO - Processing /home/airflow/.local/lib/python3.12/site-packages/airflow/example_dags/tutorial_dag.py took 0.047 seconds
[2026-05-16T11:30:36.087+0000] {processor.py:161} INFO - Started process (PID=8988) to work on /home/airflow/.local/lib/python3.12/site-packages/airflow/example_dags/tutorial_dag.py
[2026-05-16T11:30:36.087+0000] {processor.py:830} INFO - Processing file /home/airflow/.local/lib/python3.12/site-packages/airflow/example_dags/tutorial_dag.py for tasks to queue
[2026-05-16T11:30:36.088+0000] {logging_mixin.py:188} INFO - [2026-05-16T11:30:36.088+0000] {dagbag.py:545} INFO - Filling up the DagBag from /home/airflow/.local/lib/python3.12/site-packages/airflow/example_dags/tutorial_dag.py
[2026-05-16T11:30:36.090+0000] {processor.py:840} INFO - DAG(s) 'tutorial_dag' retrieved from /home/airflow/.local/lib/python3.12/site-packages/airflow/example_dags/tutorial_dag.py
[2026-05-16T11:30:36.105+0000] {logging_mixin.py:188} INFO - [2026-05-16T11:30:36.105+0000] {dag.py:3089} INFO - Sync 1 DAGs
[2026-05-16T11:30:36.117+0000] {logging_mixin.py:188} INFO - [2026-05-16T11:30:36.117+0000] {dag.py:3947} INFO - Setting next_dagrun for tutorial_dag to None, run_after=None
[2026-05-16T11:30:36.123+0000] {processor.py:183} INFO - Processing /home/airflow/.local/lib/python3.12/site-packages/airflow/example_dags/tutorial_dag.py took 0.039 seconds
[2026-05-16T11:31:06.730+0000] {processor.py:161} INFO - Started process (PID=9049) to work on /home/airflow/.local/lib/python3.12/site-packages/airflow/example_dags/tutorial_dag.py
[2026-05-16T11:31:06.730+0000] {processor.py:830} INFO - Processing file /home/airflow/.local/lib/python3.12/site-packages/airflow/example_dags/tutorial_dag.py for tasks to queue
[2026-05-16T11:31:06.731+0000] {logging_mixin.py:188} INFO - [2026-05-16T11:31:06.731+0000] {dagbag.py:545} INFO - Filling up the DagBag from /home/airflow/.local/lib/python3.12/site-packages/airflow/example_dags/tutorial_dag.py
[2026-05-16T11:31:06.733+0000] {processor.py:840} INFO - DAG(s) 'tutorial_dag' retrieved from /home/airflow/.local/lib/python3.12/site-packages/airflow/example_dags/tutorial_dag.py
[2026-05-16T11:31:06.740+0000] {logging_mixin.py:188} INFO - [2026-05-16T11:31:06.740+0000] {dag.py:3089} INFO - Sync 1 DAGs
[2026-05-16T11:31:06.744+0000] {logging_mixin.py:188} INFO - [2026-05-16T11:31:06.744+0000] {dag.py:3947} INFO - Setting next_dagrun for tutorial_dag to None, run_after=None
[2026-05-16T11:31:06.749+0000] {processor.py:183} INFO - Processing /home/airflow/.local/lib/python3.12/site-packages/airflow/example_dags/tutorial_dag.py took 0.021 seconds
[2026-05-16T11:31:37.220+0000] {processor.py:161} INFO - Started process (PID=9110) to work on /home/airflow/.local/lib/python3.12/site-packages/airflow/example_dags/tutorial_dag.py
[2026-05-16T11:31:37.221+0000] {processor.py:830} INFO - Processing file /home/airflow/.local/lib/python3.12/site-packages/airflow/example_dags/tutorial_dag.py for tasks to queue
[2026-05-16T11:31:37.221+0000] {logging_mixin.py:188} INFO - [2026-05-16T11:31:37.221+0000] {dagbag.py:545} INFO - Filling up the DagBag from /home/airflow/.local/lib/python3.12/site-packages/airflow/example_dags/tutorial_dag.py
[2026-05-16T11:31:37.223+0000] {processor.py:840} INFO - DAG(s) 'tutorial_dag' retrieved from /home/airflow/.local/lib/python3.12/site-packages/airflow/example_dags/tutorial_dag.py
[2026-05-16T11:31:37.234+0000] {logging_mixin.py:188} INFO - [2026-05-16T11:31:37.234+0000] {dag.py:3089} INFO - Sync 1 DAGs
[2026-05-16T11:31:37.238+0000] {logging_mixin.py:188} INFO - [2026-05-16T11:31:37.238+0000] {dag.py:3947} INFO - Setting next_dagrun for tutorial_dag to None, run_after=None
[2026-05-16T11:31:37.245+0000] {processor.py:183} INFO - Processing /home/airflow/.local/lib/python3.12/site-packages/airflow/example_dags/tutorial_dag.py took 0.027 seconds
[2026-05-16T11:32:07.687+0000] {processor.py:161} INFO - Started process (PID=9171) to work on /home/airflow/.local/lib/python3.12/site-packages/airflow/example_dags/tutorial_dag.py
[2026-05-16T11:32:07.687+0000] {processor.py:830} INFO - Processing file /home/airflow/.local/lib/python3.12/site-packages/airflow/example_dags/tutorial_dag.py for tasks to queue
[2026-05-16T11:32:07.688+0000] {logging_mixin.py:188} INFO - [2026-05-16T11:32:07.688+0000] {dagbag.py:545} INFO - Filling up the DagBag from /home/airflow/.local/lib/python3.12/site-packages/airflow/example_dags/tutorial_dag.py
[2026-05-16T11:32:07.690+0000] {processor.py:840} INFO - DAG(s) 'tutorial_dag' retrieved from /home/airflow/.local/lib/python3.12/site-packages/airflow/example_dags/tutorial_dag.py
[2026-05-16T11:32:07.697+0000] {logging_mixin.py:188} INFO - [2026-05-16T11:32:07.697+0000] {dag.py:3089} INFO - Sync 1 DAGs
[2026-05-16T11:32:07.701+0000] {logging_mixin.py:188} INFO - [2026-05-16T11:32:07.701+0000] {dag.py:3947} INFO - Setting next_dagrun for tutorial_dag to None, run_after=None
[2026-05-16T11:32:07.706+0000] {processor.py:183} INFO - Processing /home/airflow/.local/lib/python3.12/site-packages/airflow/example_dags/tutorial_dag.py took 0.022 seconds
[2026-05-16T11:32:38.162+0000] {processor.py:161} INFO - Started process (PID=9233) to work on /home/airflow/.local/lib/python3.12/site-packages/airflow/example_dags/tutorial_dag.py
[2026-05-16T11:32:38.163+0000] {processor.py:830} INFO - Processing file /home/airflow/.local/lib/python3.12/site-packages/airflow/example_dags/tutorial_dag.py for tasks to queue
[2026-05-16T11:32:38.163+0000] {logging_mixin.py:188} INFO - [2026-05-16T11:32:38.163+0000] {dagbag.py:545} INFO - Filling up the DagBag from /home/airflow/.local/lib/python3.12/site-packages/airflow/example_dags/tutorial_dag.py
[2026-05-16T11:32:38.166+0000] {processor.py:840} INFO - DAG(s) 'tutorial_dag' retrieved from /home/airflow/.local/lib/python3.12/site-packages/airflow/example_dags/tutorial_dag.py
[2026-05-16T11:32:38.173+0000] {logging_mixin.py:188} INFO - [2026-05-16T11:32:38.173+0000] {dag.py:3089} INFO - Sync 1 DAGs
[2026-05-16T11:32:38.177+0000] {logging_mixin.py:188} INFO - [2026-05-16T11:32:38.177+0000] {dag.py:3947} INFO - Setting next_dagrun for tutorial_dag to None, run_after=None
[2026-05-16T11:32:38.183+0000] {processor.py:183} INFO - Processing /home/airflow/.local/lib/python3.12/site-packages/airflow/example_dags/tutorial_dag.py took 0.023 seconds
[2026-05-16T11:33:08.921+0000] {processor.py:161} INFO - Started process (PID=9301) to work on /home/airflow/.local/lib/python3.12/site-packages/airflow/example_dags/tutorial_dag.py
[2026-05-16T11:33:08.921+0000] {processor.py:830} INFO - Processing file /home/airflow/.local/lib/python3.12/site-packages/airflow/example_dags/tutorial_dag.py for tasks to queue
[2026-05-16T11:33:08.921+0000] {logging_mixin.py:188} INFO - [2026-05-16T11:33:08.921+0000] {dagbag.py:545} INFO - Filling up the DagBag from /home/airflow/.local/lib/python3.12/site-packages/airflow/example_dags/tutorial_dag.py
[2026-05-16T11:33:08.924+0000] {processor.py:840} INFO - DAG(s) 'tutorial_dag' retrieved from /home/airflow/.local/lib/python3.12/site-packages/airflow/example_dags/tutorial_dag.py
[2026-05-16T11:33:08.933+0000] {logging_mixin.py:188} INFO - [2026-05-16T11:33:08.933+0000] {dag.py:3089} INFO - Sync 1 DAGs
[2026-05-16T11:33:08.937+0000] {logging_mixin.py:188} INFO - [2026-05-16T11:33:08.937+0000] {dag.py:3947} INFO - Setting next_dagrun for tutorial_dag to None, run_after=None
[2026-05-16T11:33:08.943+0000] {processor.py:183} INFO - Processing /home/airflow/.local/lib/python3.12/site-packages/airflow/example_dags/tutorial_dag.py took 0.025 seconds
[2026-05-16T11:33:39.437+0000] {processor.py:161} INFO - Started process (PID=9363) to work on /home/airflow/.local/lib/python3.12/site-packages/airflow/example_dags/tutorial_dag.py
[2026-05-16T11:33:39.437+0000] {processor.py:830} INFO - Processing file /home/airflow/.local/lib/python3.12/site-packages/airflow/example_dags/tutorial_dag.py for tasks to queue
[2026-05-16T11:33:39.437+0000] {logging_mixin.py:188} INFO - [2026-05-16T11:33:39.437+0000] {dagbag.py:545} INFO - Filling up the DagBag from /home/airflow/.local/lib/python3.12/site-packages/airflow/example_dags/tutorial_dag.py
[2026-05-16T11:33:39.440+0000] {processor.py:840} INFO - DAG(s) 'tutorial_dag' retrieved from /home/airflow/.local/lib/python3.12/site-packages/airflow/example_dags/tutorial_dag.py
[2026-05-16T11:33:39.447+0000] {logging_mixin.py:188} INFO - [2026-05-16T11:33:39.447+0000] {dag.py:3089} INFO - Sync 1 DAGs
[2026-05-16T11:33:39.451+0000] {logging_mixin.py:188} INFO - [2026-05-16T11:33:39.451+0000] {dag.py:3947} INFO - Setting next_dagrun for tutorial_dag to None, run_after=None
[2026-05-16T11:33:39.456+0000] {processor.py:183} INFO - Processing /home/airflow/.local/lib/python3.12/site-packages/airflow/example_dags/tutorial_dag.py took 0.022 seconds
[2026-05-16T11:34:09.919+0000] {processor.py:161} INFO - Started process (PID=9425) to work on /home/airflow/.local/lib/python3.12/site-packages/airflow/example_dags/tutorial_dag.py
[2026-05-16T11:34:09.920+0000] {processor.py:830} INFO - Processing file /home/airflow/.local/lib/python3.12/site-packages/airflow/example_dags/tutorial_dag.py for tasks to queue
[2026-05-16T11:34:09.920+0000] {logging_mixin.py:188} INFO - [2026-05-16T11:34:09.920+0000] {dagbag.py:545} INFO - Filling up the DagBag from /home/airflow/.local/lib/python3.12/site-packages/airflow/example_dags/tutorial_dag.py
[2026-05-16T11:34:09.923+0000] {processor.py:840} INFO - DAG(s) 'tutorial_dag' retrieved from /home/airflow/.local/lib/python3.12/site-packages/airflow/example_dags/tutorial_dag.py
[2026-05-16T11:34:09.932+0000] {logging_mixin.py:188} INFO - [2026-05-16T11:34:09.932+0000] {dag.py:3089} INFO - Sync 1 DAGs
[2026-05-16T11:34:09.937+0000] {logging_mixin.py:188} INFO - [2026-05-16T11:34:09.937+0000] {dag.py:3947} INFO - Setting next_dagrun for tutorial_dag to None, run_after=None
[2026-05-16T11:34:09.942+0000] {processor.py:183} INFO - Processing /home/airflow/.local/lib/python3.12/site-packages/airflow/example_dags/tutorial_dag.py took 0.025 seconds
[2026-05-16T11:34:40.426+0000] {processor.py:161} INFO - Started process (PID=9488) to work on /home/airflow/.local/lib/python3.12/site-packages/airflow/example_dags/tutorial_dag.py
[2026-05-16T11:34:40.427+0000] {processor.py:830} INFO - Processing file /home/airflow/.local/lib/python3.12/site-packages/airflow/example_dags/tutorial_dag.py for tasks to queue
[2026-05-16T11:34:40.427+0000] {logging_mixin.py:188} INFO - [2026-05-16T11:34:40.427+0000] {dagbag.py:545} INFO - Filling up the DagBag from /home/airflow/.local/lib/python3.12/site-packages/airflow/example_dags/tutorial_dag.py
[2026-05-16T11:34:40.430+0000] {processor.py:840} INFO - DAG(s) 'tutorial_dag' retrieved from /home/airflow/.local/lib/python3.12/site-packages/airflow/example_dags/tutorial_dag.py
[2026-05-16T11:34:40.438+0000] {logging_mixin.py:188} INFO - [2026-05-16T11:34:40.438+0000] {dag.py:3089} INFO - Sync 1 DAGs
[2026-05-16T11:34:40.442+0000] {logging_mixin.py:188} INFO - [2026-05-16T11:34:40.442+0000] {dag.py:3947} INFO - Setting next_dagrun for tutorial_dag to None, run_after=None
[2026-05-16T11:34:40.447+0000] {processor.py:183} INFO - Processing /home/airflow/.local/lib/python3.12/site-packages/airflow/example_dags/tutorial_dag.py took 0.023 seconds
[2026-05-16T11:35:10.971+0000] {processor.py:161} INFO - Started process (PID=9550) to work on /home/airflow/.local/lib/python3.12/site-packages/airflow/example_dags/tutorial_dag.py
[2026-05-16T11:35:10.971+0000] {processor.py:830} INFO - Processing file /home/airflow/.local/lib/python3.12/site-packages/airflow/example_dags/tutorial_dag.py for tasks to queue
[2026-05-16T11:35:10.971+0000] {logging_mixin.py:188} INFO - [2026-05-16T11:35:10.971+0000] {dagbag.py:545} INFO - Filling up the DagBag from /home/airflow/.local/lib/python3.12/site-packages/airflow/example_dags/tutorial_dag.py
[2026-05-16T11:35:10.974+0000] {processor.py:840} INFO - DAG(s) 'tutorial_dag' retrieved from /home/airflow/.local/lib/python3.12/site-packages/airflow/example_dags/tutorial_dag.py
[2026-05-16T11:35:10.982+0000] {logging_mixin.py:188} INFO - [2026-05-16T11:35:10.982+0000] {dag.py:3089} INFO - Sync 1 DAGs
[2026-05-16T11:35:10.986+0000] {logging_mixin.py:188} INFO - [2026-05-16T11:35:10.986+0000] {dag.py:3947} INFO - Setting next_dagrun for tutorial_dag to None, run_after=None
[2026-05-16T11:35:10.991+0000] {processor.py:183} INFO - Processing /home/airflow/.local/lib/python3.12/site-packages/airflow/example_dags/tutorial_dag.py took 0.023 seconds
[2026-05-16T11:35:41.519+0000] {processor.py:161} INFO - Started process (PID=9612) to work on /home/airflow/.local/lib/python3.12/site-packages/airflow/example_dags/tutorial_dag.py
[2026-05-16T11:35:41.519+0000] {processor.py:830} INFO - Processing file /home/airflow/.local/lib/python3.12/site-packages/airflow/example_dags/tutorial_dag.py for tasks to queue
[2026-05-16T11:35:41.520+0000] {logging_mixin.py:188} INFO - [2026-05-16T11:35:41.519+0000] {dagbag.py:545} INFO - Filling up the DagBag from /home/airflow/.local/lib/python3.12/site-packages/airflow/example_dags/tutorial_dag.py
[2026-05-16T11:35:41.522+0000] {processor.py:840} INFO - DAG(s) 'tutorial_dag' retrieved from /home/airflow/.local/lib/python3.12/site-packages/airflow/example_dags/tutorial_dag.py
[2026-05-16T11:35:41.529+0000] {logging_mixin.py:188} INFO - [2026-05-16T11:35:41.529+0000] {dag.py:3089} INFO - Sync 1 DAGs
[2026-05-16T11:35:41.533+0000] {logging_mixin.py:188} INFO - [2026-05-16T11:35:41.533+0000] {dag.py:3947} INFO - Setting next_dagrun for tutorial_dag to None, run_after=None
[2026-05-16T11:35:41.537+0000] {processor.py:183} INFO - Processing /home/airflow/.local/lib/python3.12/site-packages/airflow/example_dags/tutorial_dag.py took 0.021 seconds
[2026-05-16T11:36:12.018+0000] {processor.py:161} INFO - Started process (PID=9674) to work on /home/airflow/.local/lib/python3.12/site-packages/airflow/example_dags/tutorial_dag.py
[2026-05-16T11:36:12.018+0000] {processor.py:830} INFO - Processing file /home/airflow/.local/lib/python3.12/site-packages/airflow/example_dags/tutorial_dag.py for tasks to queue
[2026-05-16T11:36:12.019+0000] {logging_mixin.py:188} INFO - [2026-05-16T11:36:12.018+0000] {dagbag.py:545} INFO - Filling up the DagBag from /home/airflow/.local/lib/python3.12/site-packages/airflow/example_dags/tutorial_dag.py
[2026-05-16T11:36:12.021+0000] {processor.py:840} INFO - DAG(s) 'tutorial_dag' retrieved from /home/airflow/.local/lib/python3.12/site-packages/airflow/example_dags/tutorial_dag.py
[2026-05-16T11:36:12.029+0000] {logging_mixin.py:188} INFO - [2026-05-16T11:36:12.029+0000] {dag.py:3089} INFO - Sync 1 DAGs
[2026-05-16T11:36:12.033+0000] {logging_mixin.py:188} INFO - [2026-05-16T11:36:12.033+0000] {dag.py:3947} INFO - Setting next_dagrun for tutorial_dag to None, run_after=None
[2026-05-16T11:36:12.039+0000] {processor.py:183} INFO - Processing /home/airflow/.local/lib/python3.12/site-packages/airflow/example_dags/tutorial_dag.py took 0.024 seconds
[2026-05-16T11:36:42.660+0000] {processor.py:161} INFO - Started process (PID=9736) to work on /home/airflow/.local/lib/python3.12/site-packages/airflow/example_dags/tutorial_dag.py
[2026-05-16T11:36:42.660+0000] {processor.py:830} INFO - Processing file /home/airflow/.local/lib/python3.12/site-packages/airflow/example_dags/tutorial_dag.py for tasks to queue
[2026-05-16T11:36:42.660+0000] {logging_mixin.py:188} INFO - [2026-05-16T11:36:42.660+0000] {dagbag.py:545} INFO - Filling up the DagBag from /home/airflow/.local/lib/python3.12/site-packages/airflow/example_dags/tutorial_dag.py
[2026-05-16T11:36:42.662+0000] {processor.py:840} INFO - DAG(s) 'tutorial_dag' retrieved from /home/airflow/.local/lib/python3.12/site-packages/airflow/example_dags/tutorial_dag.py
[2026-05-16T11:36:42.670+0000] {logging_mixin.py:188} INFO - [2026-05-16T11:36:42.670+0000] {dag.py:3089} INFO - Sync 1 DAGs
[2026-05-16T11:36:42.674+0000] {logging_mixin.py:188} INFO - [2026-05-16T11:36:42.674+0000] {dag.py:3947} INFO - Setting next_dagrun for tutorial_dag to None, run_after=None
[2026-05-16T11:36:42.679+0000] {processor.py:183} INFO - Processing /home/airflow/.local/lib/python3.12/site-packages/airflow/example_dags/tutorial_dag.py took 0.021 seconds
[2026-05-16T11:37:13.239+0000] {processor.py:161} INFO - Started process (PID=9798) to work on /home/airflow/.local/lib/python3.12/site-packages/airflow/example_dags/tutorial_dag.py
[2026-05-16T11:37:13.240+0000] {processor.py:830} INFO - Processing file /home/airflow/.local/lib/python3.12/site-packages/airflow/example_dags/tutorial_dag.py for tasks to queue
[2026-05-16T11:37:13.240+0000] {logging_mixin.py:188} INFO - [2026-05-16T11:37:13.240+0000] {dagbag.py:545} INFO - Filling up the DagBag from /home/airflow/.local/lib/python3.12/site-packages/airflow/example_dags/tutorial_dag.py
[2026-05-16T11:37:13.242+0000] {processor.py:840} INFO - DAG(s) 'tutorial_dag' retrieved from /home/airflow/.local/lib/python3.12/site-packages/airflow/example_dags/tutorial_dag.py
[2026-05-16T11:37:13.250+0000] {logging_mixin.py:188} INFO - [2026-05-16T11:37:13.250+0000] {dag.py:3089} INFO - Sync 1 DAGs
[2026-05-16T11:37:13.254+0000] {logging_mixin.py:188} INFO - [2026-05-16T11:37:13.254+0000] {dag.py:3947} INFO - Setting next_dagrun for tutorial_dag to None, run_after=None
[2026-05-16T11:37:13.259+0000] {processor.py:183} INFO - Processing /home/airflow/.local/lib/python3.12/site-packages/airflow/example_dags/tutorial_dag.py took 0.022 seconds
[2026-05-16T11:37:44.018+0000] {processor.py:161} INFO - Started process (PID=9860) to work on /home/airflow/.local/lib/python3.12/site-packages/airflow/example_dags/tutorial_dag.py
[2026-05-16T11:37:44.018+0000] {processor.py:830} INFO - Processing file /home/airflow/.local/lib/python3.12/site-packages/airflow/example_dags/tutorial_dag.py for tasks to queue
[2026-05-16T11:37:44.019+0000] {logging_mixin.py:188} INFO - [2026-05-16T11:37:44.018+0000] {dagbag.py:545} INFO - Filling up the DagBag from /home/airflow/.local/lib/python3.12/site-packages/airflow/example_dags/tutorial_dag.py
[2026-05-16T11:37:44.021+0000] {processor.py:840} INFO - DAG(s) 'tutorial_dag' retrieved from /home/airflow/.local/lib/python3.12/site-packages/airflow/example_dags/tutorial_dag.py
[2026-05-16T11:37:44.028+0000] {logging_mixin.py:188} INFO - [2026-05-16T11:37:44.028+0000] {dag.py:3089} INFO - Sync 1 DAGs
[2026-05-16T11:37:44.034+0000] {logging_mixin.py:188} INFO - [2026-05-16T11:37:44.034+0000] {dag.py:3947} INFO - Setting next_dagrun for tutorial_dag to None, run_after=None
[2026-05-16T11:37:44.040+0000] {processor.py:183} INFO - Processing /home/airflow/.local/lib/python3.12/site-packages/airflow/example_dags/tutorial_dag.py took 0.024 seconds
[2026-05-16T11:38:14.616+0000] {processor.py:161} INFO - Started process (PID=9922) to work on /home/airflow/.local/lib/python3.12/site-packages/airflow/example_dags/tutorial_dag.py
[2026-05-16T11:38:14.617+0000] {processor.py:830} INFO - Processing file /home/airflow/.local/lib/python3.12/site-packages/airflow/example_dags/tutorial_dag.py for tasks to queue
[2026-05-16T11:38:14.617+0000] {logging_mixin.py:188} INFO - [2026-05-16T11:38:14.617+0000] {dagbag.py:545} INFO - Filling up the DagBag from /home/airflow/.local/lib/python3.12/site-packages/airflow/example_dags/tutorial_dag.py
[2026-05-16T11:38:14.619+0000] {processor.py:840} INFO - DAG(s) 'tutorial_dag' retrieved from /home/airflow/.local/lib/python3.12/site-packages/airflow/example_dags/tutorial_dag.py
[2026-05-16T11:38:14.629+0000] {logging_mixin.py:188} INFO - [2026-05-16T11:38:14.629+0000] {dag.py:3089} INFO - Sync 1 DAGs
[2026-05-16T11:38:14.633+0000] {logging_mixin.py:188} INFO - [2026-05-16T11:38:14.633+0000] {dag.py:3947} INFO - Setting next_dagrun for tutorial_dag to None, run_after=None
[2026-05-16T11:38:14.641+0000] {processor.py:183} INFO - Processing /home/airflow/.local/lib/python3.12/site-packages/airflow/example_dags/tutorial_dag.py took 0.028 seconds
[2026-05-16T11:38:45.466+0000] {processor.py:161} INFO - Started process (PID=9984) to work on /home/airflow/.local/lib/python3.12/site-packages/airflow/example_dags/tutorial_dag.py
[2026-05-16T11:38:45.466+0000] {processor.py:830} INFO - Processing file /home/airflow/.local/lib/python3.12/site-packages/airflow/example_dags/tutorial_dag.py for tasks to queue
[2026-05-16T11:38:45.467+0000] {logging_mixin.py:188} INFO - [2026-05-16T11:38:45.467+0000] {dagbag.py:545} INFO - Filling up the DagBag from /home/airflow/.local/lib/python3.12/site-packages/airflow/example_dags/tutorial_dag.py
[2026-05-16T11:38:45.470+0000] {processor.py:840} INFO - DAG(s) 'tutorial_dag' retrieved from /home/airflow/.local/lib/python3.12/site-packages/airflow/example_dags/tutorial_dag.py
[2026-05-16T11:38:45.484+0000] {logging_mixin.py:188} INFO - [2026-05-16T11:38:45.484+0000] {dag.py:3089} INFO - Sync 1 DAGs
[2026-05-16T11:38:45.491+0000] {logging_mixin.py:188} INFO - [2026-05-16T11:38:45.490+0000] {dag.py:3947} INFO - Setting next_dagrun for tutorial_dag to None, run_after=None
[2026-05-16T11:38:45.498+0000] {processor.py:183} INFO - Processing /home/airflow/.local/lib/python3.12/site-packages/airflow/example_dags/tutorial_dag.py took 0.035 seconds
[2026-05-16T11:39:16.399+0000] {processor.py:161} INFO - Started process (PID=10046) to work on /home/airflow/.local/lib/python3.12/site-packages/airflow/example_dags/tutorial_dag.py
[2026-05-16T11:39:16.400+0000] {processor.py:830} INFO - Processing file /home/airflow/.local/lib/python3.12/site-packages/airflow/example_dags/tutorial_dag.py for tasks to queue
[2026-05-16T11:39:16.400+0000] {logging_mixin.py:188} INFO - [2026-05-16T11:39:16.400+0000] {dagbag.py:545} INFO - Filling up the DagBag from /home/airflow/.local/lib/python3.12/site-packages/airflow/example_dags/tutorial_dag.py
[2026-05-16T11:39:16.403+0000] {processor.py:840} INFO - DAG(s) 'tutorial_dag' retrieved from /home/airflow/.local/lib/python3.12/site-packages/airflow/example_dags/tutorial_dag.py
[2026-05-16T11:39:16.417+0000] {logging_mixin.py:188} INFO - [2026-05-16T11:39:16.417+0000] {dag.py:3089} INFO - Sync 1 DAGs
[2026-05-16T11:39:16.424+0000] {logging_mixin.py:188} INFO - [2026-05-16T11:39:16.424+0000] {dag.py:3947} INFO - Setting next_dagrun for tutorial_dag to None, run_after=None
[2026-05-16T11:39:16.438+0000] {processor.py:183} INFO - Processing /home/airflow/.local/lib/python3.12/site-packages/airflow/example_dags/tutorial_dag.py took 0.041 seconds
[2026-05-16T11:39:47.115+0000] {processor.py:161} INFO - Started process (PID=10108) to work on /home/airflow/.local/lib/python3.12/site-packages/airflow/example_dags/tutorial_dag.py
[2026-05-16T11:39:47.115+0000] {processor.py:830} INFO - Processing file /home/airflow/.local/lib/python3.12/site-packages/airflow/example_dags/tutorial_dag.py for tasks to queue
[2026-05-16T11:39:47.116+0000] {logging_mixin.py:188} INFO - [2026-05-16T11:39:47.116+0000] {dagbag.py:545} INFO - Filling up the DagBag from /home/airflow/.local/lib/python3.12/site-packages/airflow/example_dags/tutorial_dag.py
[2026-05-16T11:39:47.118+0000] {processor.py:840} INFO - DAG(s) 'tutorial_dag' retrieved from /home/airflow/.local/lib/python3.12/site-packages/airflow/example_dags/tutorial_dag.py
[2026-05-16T11:39:47.128+0000] {logging_mixin.py:188} INFO - [2026-05-16T11:39:47.128+0000] {dag.py:3089} INFO - Sync 1 DAGs
[2026-05-16T11:39:47.134+0000] {logging_mixin.py:188} INFO - [2026-05-16T11:39:47.134+0000] {dag.py:3947} INFO - Setting next_dagrun for tutorial_dag to None, run_after=None
[2026-05-16T11:39:47.143+0000] {processor.py:183} INFO - Processing /home/airflow/.local/lib/python3.12/site-packages/airflow/example_dags/tutorial_dag.py took 0.031 seconds
[2026-05-16T11:40:17.872+0000] {processor.py:161} INFO - Started process (PID=10170) to work on /home/airflow/.local/lib/python3.12/site-packages/airflow/example_dags/tutorial_dag.py
[2026-05-16T11:40:17.873+0000] {processor.py:830} INFO - Processing file /home/airflow/.local/lib/python3.12/site-packages/airflow/example_dags/tutorial_dag.py for tasks to queue
[2026-05-16T11:40:17.873+0000] {logging_mixin.py:188} INFO - [2026-05-16T11:40:17.873+0000] {dagbag.py:545} INFO - Filling up the DagBag from /home/airflow/.local/lib/python3.12/site-packages/airflow/example_dags/tutorial_dag.py
[2026-05-16T11:40:17.877+0000] {processor.py:840} INFO - DAG(s) 'tutorial_dag' retrieved from /home/airflow/.local/lib/python3.12/site-packages/airflow/example_dags/tutorial_dag.py
[2026-05-16T11:40:17.890+0000] {logging_mixin.py:188} INFO - [2026-05-16T11:40:17.890+0000] {dag.py:3089} INFO - Sync 1 DAGs
[2026-05-16T11:40:17.898+0000] {logging_mixin.py:188} INFO - [2026-05-16T11:40:17.898+0000] {dag.py:3947} INFO - Setting next_dagrun for tutorial_dag to None, run_after=None
[2026-05-16T11:40:17.906+0000] {processor.py:183} INFO - Processing /home/airflow/.local/lib/python3.12/site-packages/airflow/example_dags/tutorial_dag.py took 0.039 seconds
[2026-05-16T11:40:48.590+0000] {processor.py:161} INFO - Started process (PID=10232) to work on /home/airflow/.local/lib/python3.12/site-packages/airflow/example_dags/tutorial_dag.py
[2026-05-16T11:40:48.590+0000] {processor.py:830} INFO - Processing file /home/airflow/.local/lib/python3.12/site-packages/airflow/example_dags/tutorial_dag.py for tasks to queue
[2026-05-16T11:40:48.590+0000] {logging_mixin.py:188} INFO - [2026-05-16T11:40:48.590+0000] {dagbag.py:545} INFO - Filling up the DagBag from /home/airflow/.local/lib/python3.12/site-packages/airflow/example_dags/tutorial_dag.py
[2026-05-16T11:40:48.592+0000] {processor.py:840} INFO - DAG(s) 'tutorial_dag' retrieved from /home/airflow/.local/lib/python3.12/site-packages/airflow/example_dags/tutorial_dag.py
[2026-05-16T11:40:48.602+0000] {logging_mixin.py:188} INFO - [2026-05-16T11:40:48.602+0000] {dag.py:3089} INFO - Sync 1 DAGs
[2026-05-16T11:40:48.607+0000] {logging_mixin.py:188} INFO - [2026-05-16T11:40:48.607+0000] {dag.py:3947} INFO - Setting next_dagrun for tutorial_dag to None, run_after=None
[2026-05-16T11:40:48.612+0000] {processor.py:183} INFO - Processing /home/airflow/.local/lib/python3.12/site-packages/airflow/example_dags/tutorial_dag.py took 0.024 seconds
[2026-05-16T11:41:19.320+0000] {processor.py:161} INFO - Started process (PID=10294) to work on /home/airflow/.local/lib/python3.12/site-packages/airflow/example_dags/tutorial_dag.py
[2026-05-16T11:41:19.321+0000] {processor.py:830} INFO - Processing file /home/airflow/.local/lib/python3.12/site-packages/airflow/example_dags/tutorial_dag.py for tasks to queue
[2026-05-16T11:41:19.321+0000] {logging_mixin.py:188} INFO - [2026-05-16T11:41:19.321+0000] {dagbag.py:545} INFO - Filling up the DagBag from /home/airflow/.local/lib/python3.12/site-packages/airflow/example_dags/tutorial_dag.py
[2026-05-16T11:41:19.323+0000] {processor.py:840} INFO - DAG(s) 'tutorial_dag' retrieved from /home/airflow/.local/lib/python3.12/site-packages/airflow/example_dags/tutorial_dag.py
[2026-05-16T11:41:19.331+0000] {logging_mixin.py:188} INFO - [2026-05-16T11:41:19.331+0000] {dag.py:3089} INFO - Sync 1 DAGs
[2026-05-16T11:41:19.336+0000] {logging_mixin.py:188} INFO - [2026-05-16T11:41:19.335+0000] {dag.py:3947} INFO - Setting next_dagrun for tutorial_dag to None, run_after=None
[2026-05-16T11:41:19.341+0000] {processor.py:183} INFO - Processing /home/airflow/.local/lib/python3.12/site-packages/airflow/example_dags/tutorial_dag.py took 0.023 seconds
[2026-05-16T11:41:49.998+0000] {processor.py:161} INFO - Started process (PID=10355) to work on /home/airflow/.local/lib/python3.12/site-packages/airflow/example_dags/tutorial_dag.py
[2026-05-16T11:41:49.999+0000] {processor.py:830} INFO - Processing file /home/airflow/.local/lib/python3.12/site-packages/airflow/example_dags/tutorial_dag.py for tasks to queue
[2026-05-16T11:41:49.999+0000] {logging_mixin.py:188} INFO - [2026-05-16T11:41:49.999+0000] {dagbag.py:545} INFO - Filling up the DagBag from /home/airflow/.local/lib/python3.12/site-packages/airflow/example_dags/tutorial_dag.py
[2026-05-16T11:41:50.001+0000] {processor.py:840} INFO - DAG(s) 'tutorial_dag' retrieved from /home/airflow/.local/lib/python3.12/site-packages/airflow/example_dags/tutorial_dag.py
[2026-05-16T11:41:50.008+0000] {logging_mixin.py:188} INFO - [2026-05-16T11:41:50.008+0000] {dag.py:3089} INFO - Sync 1 DAGs
[2026-05-16T11:41:50.012+0000] {logging_mixin.py:188} INFO - [2026-05-16T11:41:50.012+0000] {dag.py:3947} INFO - Setting next_dagrun for tutorial_dag to None, run_after=None
[2026-05-16T11:41:50.017+0000] {processor.py:183} INFO - Processing /home/airflow/.local/lib/python3.12/site-packages/airflow/example_dags/tutorial_dag.py took 0.021 seconds
[2026-05-16T11:42:20.585+0000] {processor.py:161} INFO - Started process (PID=10417) to work on /home/airflow/.local/lib/python3.12/site-packages/airflow/example_dags/tutorial_dag.py
[2026-05-16T11:42:20.585+0000] {processor.py:830} INFO - Processing file /home/airflow/.local/lib/python3.12/site-packages/airflow/example_dags/tutorial_dag.py for tasks to queue
[2026-05-16T11:42:20.585+0000] {logging_mixin.py:188} INFO - [2026-05-16T11:42:20.585+0000] {dagbag.py:545} INFO - Filling up the DagBag from /home/airflow/.local/lib/python3.12/site-packages/airflow/example_dags/tutorial_dag.py
[2026-05-16T11:42:20.587+0000] {processor.py:840} INFO - DAG(s) 'tutorial_dag' retrieved from /home/airflow/.local/lib/python3.12/site-packages/airflow/example_dags/tutorial_dag.py
[2026-05-16T11:42:20.595+0000] {logging_mixin.py:188} INFO - [2026-05-16T11:42:20.595+0000] {dag.py:3089} INFO - Sync 1 DAGs
[2026-05-16T11:42:20.599+0000] {logging_mixin.py:188} INFO - [2026-05-16T11:42:20.599+0000] {dag.py:3947} INFO - Setting next_dagrun for tutorial_dag to None, run_after=None
[2026-05-16T11:42:20.605+0000] {processor.py:183} INFO - Processing /home/airflow/.local/lib/python3.12/site-packages/airflow/example_dags/tutorial_dag.py took 0.023 seconds
[2026-05-16T11:42:51.142+0000] {processor.py:161} INFO - Started process (PID=10479) to work on /home/airflow/.local/lib/python3.12/site-packages/airflow/example_dags/tutorial_dag.py
[2026-05-16T11:42:51.142+0000] {processor.py:830} INFO - Processing file /home/airflow/.local/lib/python3.12/site-packages/airflow/example_dags/tutorial_dag.py for tasks to queue
[2026-05-16T11:42:51.142+0000] {logging_mixin.py:188} INFO - [2026-05-16T11:42:51.142+0000] {dagbag.py:545} INFO - Filling up the DagBag from /home/airflow/.local/lib/python3.12/site-packages/airflow/example_dags/tutorial_dag.py
[2026-05-16T11:42:51.144+0000] {processor.py:840} INFO - DAG(s) 'tutorial_dag' retrieved from /home/airflow/.local/lib/python3.12/site-packages/airflow/example_dags/tutorial_dag.py
[2026-05-16T11:42:51.153+0000] {logging_mixin.py:188} INFO - [2026-05-16T11:42:51.152+0000] {dag.py:3089} INFO - Sync 1 DAGs
[2026-05-16T11:42:51.158+0000] {logging_mixin.py:188} INFO - [2026-05-16T11:42:51.158+0000] {dag.py:3947} INFO - Setting next_dagrun for tutorial_dag to None, run_after=None
[2026-05-16T11:42:51.164+0000] {processor.py:183} INFO - Processing /home/airflow/.local/lib/python3.12/site-packages/airflow/example_dags/tutorial_dag.py took 0.025 seconds
[2026-05-16T11:43:21.902+0000] {processor.py:161} INFO - Started process (PID=10541) to work on /home/airflow/.local/lib/python3.12/site-packages/airflow/example_dags/tutorial_dag.py
[2026-05-16T11:43:21.902+0000] {processor.py:830} INFO - Processing file /home/airflow/.local/lib/python3.12/site-packages/airflow/example_dags/tutorial_dag.py for tasks to queue
[2026-05-16T11:43:21.903+0000] {logging_mixin.py:188} INFO - [2026-05-16T11:43:21.903+0000] {dagbag.py:545} INFO - Filling up the DagBag from /home/airflow/.local/lib/python3.12/site-packages/airflow/example_dags/tutorial_dag.py
[2026-05-16T11:43:21.905+0000] {processor.py:840} INFO - DAG(s) 'tutorial_dag' retrieved from /home/airflow/.local/lib/python3.12/site-packages/airflow/example_dags/tutorial_dag.py
[2026-05-16T11:43:21.913+0000] {logging_mixin.py:188} INFO - [2026-05-16T11:43:21.912+0000] {dag.py:3089} INFO - Sync 1 DAGs
[2026-05-16T11:43:21.917+0000] {logging_mixin.py:188} INFO - [2026-05-16T11:43:21.917+0000] {dag.py:3947} INFO - Setting next_dagrun for tutorial_dag to None, run_after=None
[2026-05-16T11:43:21.922+0000] {processor.py:183} INFO - Processing /home/airflow/.local/lib/python3.12/site-packages/airflow/example_dags/tutorial_dag.py took 0.022 seconds
[2026-05-16T11:43:52.650+0000] {processor.py:161} INFO - Started process (PID=10603) to work on /home/airflow/.local/lib/python3.12/site-packages/airflow/example_dags/tutorial_dag.py
[2026-05-16T11:43:52.650+0000] {processor.py:830} INFO - Processing file /home/airflow/.local/lib/python3.12/site-packages/airflow/example_dags/tutorial_dag.py for tasks to queue
[2026-05-16T11:43:52.650+0000] {logging_mixin.py:188} INFO - [2026-05-16T11:43:52.650+0000] {dagbag.py:545} INFO - Filling up the DagBag from /home/airflow/.local/lib/python3.12/site-packages/airflow/example_dags/tutorial_dag.py
[2026-05-16T11:43:52.653+0000] {processor.py:840} INFO - DAG(s) 'tutorial_dag' retrieved from /home/airflow/.local/lib/python3.12/site-packages/airflow/example_dags/tutorial_dag.py
[2026-05-16T11:43:52.662+0000] {logging_mixin.py:188} INFO - [2026-05-16T11:43:52.662+0000] {dag.py:3089} INFO - Sync 1 DAGs
[2026-05-16T11:43:52.666+0000] {logging_mixin.py:188} INFO - [2026-05-16T11:43:52.666+0000] {dag.py:3947} INFO - Setting next_dagrun for tutorial_dag to None, run_after=None
[2026-05-16T11:43:52.671+0000] {processor.py:183} INFO - Processing /home/airflow/.local/lib/python3.12/site-packages/airflow/example_dags/tutorial_dag.py took 0.024 seconds
[2026-05-16T11:44:23.427+0000] {processor.py:161} INFO - Started process (PID=10665) to work on /home/airflow/.local/lib/python3.12/site-packages/airflow/example_dags/tutorial_dag.py
[2026-05-16T11:44:23.427+0000] {processor.py:830} INFO - Processing file /home/airflow/.local/lib/python3.12/site-packages/airflow/example_dags/tutorial_dag.py for tasks to queue
[2026-05-16T11:44:23.427+0000] {logging_mixin.py:188} INFO - [2026-05-16T11:44:23.427+0000] {dagbag.py:545} INFO - Filling up the DagBag from /home/airflow/.local/lib/python3.12/site-packages/airflow/example_dags/tutorial_dag.py
[2026-05-16T11:44:23.430+0000] {processor.py:840} INFO - DAG(s) 'tutorial_dag' retrieved from /home/airflow/.local/lib/python3.12/site-packages/airflow/example_dags/tutorial_dag.py
[2026-05-16T11:44:23.440+0000] {logging_mixin.py:188} INFO - [2026-05-16T11:44:23.440+0000] {dag.py:3089} INFO - Sync 1 DAGs
[2026-05-16T11:44:23.445+0000] {logging_mixin.py:188} INFO - [2026-05-16T11:44:23.445+0000] {dag.py:3947} INFO - Setting next_dagrun for tutorial_dag to None, run_after=None
[2026-05-16T11:44:23.450+0000] {processor.py:183} INFO - Processing /home/airflow/.local/lib/python3.12/site-packages/airflow/example_dags/tutorial_dag.py took 0.025 seconds
[2026-05-16T11:44:54.173+0000] {processor.py:161} INFO - Started process (PID=10727) to work on /home/airflow/.local/lib/python3.12/site-packages/airflow/example_dags/tutorial_dag.py
[2026-05-16T11:44:54.174+0000] {processor.py:830} INFO - Processing file /home/airflow/.local/lib/python3.12/site-packages/airflow/example_dags/tutorial_dag.py for tasks to queue
[2026-05-16T11:44:54.174+0000] {logging_mixin.py:188} INFO - [2026-05-16T11:44:54.174+0000] {dagbag.py:545} INFO - Filling up the DagBag from /home/airflow/.local/lib/python3.12/site-packages/airflow/example_dags/tutorial_dag.py
[2026-05-16T11:44:54.176+0000] {processor.py:840} INFO - DAG(s) 'tutorial_dag' retrieved from /home/airflow/.local/lib/python3.12/site-packages/airflow/example_dags/tutorial_dag.py
[2026-05-16T11:44:54.186+0000] {logging_mixin.py:188} INFO - [2026-05-16T11:44:54.186+0000] {dag.py:3089} INFO - Sync 1 DAGs
[2026-05-16T11:44:54.191+0000] {logging_mixin.py:188} INFO - [2026-05-16T11:44:54.191+0000] {dag.py:3947} INFO - Setting next_dagrun for tutorial_dag to None, run_after=None
[2026-05-16T11:44:54.197+0000] {processor.py:183} INFO - Processing /home/airflow/.local/lib/python3.12/site-packages/airflow/example_dags/tutorial_dag.py took 0.027 seconds
[2026-05-16T11:45:24.800+0000] {processor.py:161} INFO - Started process (PID=10789) to work on /home/airflow/.local/lib/python3.12/site-packages/airflow/example_dags/tutorial_dag.py
[2026-05-16T11:45:24.800+0000] {processor.py:830} INFO - Processing file /home/airflow/.local/lib/python3.12/site-packages/airflow/example_dags/tutorial_dag.py for tasks to queue
[2026-05-16T11:45:24.800+0000] {logging_mixin.py:188} INFO - [2026-05-16T11:45:24.800+0000] {dagbag.py:545} INFO - Filling up the DagBag from /home/airflow/.local/lib/python3.12/site-packages/airflow/example_dags/tutorial_dag.py
[2026-05-16T11:45:24.805+0000] {processor.py:840} INFO - DAG(s) 'tutorial_dag' retrieved from /home/airflow/.local/lib/python3.12/site-packages/airflow/example_dags/tutorial_dag.py
[2026-05-16T11:45:24.818+0000] {logging_mixin.py:188} INFO - [2026-05-16T11:45:24.818+0000] {dag.py:3089} INFO - Sync 1 DAGs
[2026-05-16T11:45:24.826+0000] {logging_mixin.py:188} INFO - [2026-05-16T11:45:24.826+0000] {dag.py:3947} INFO - Setting next_dagrun for tutorial_dag to None, run_after=None
[2026-05-16T11:45:24.838+0000] {processor.py:183} INFO - Processing /home/airflow/.local/lib/python3.12/site-packages/airflow/example_dags/tutorial_dag.py took 0.044 seconds
[2026-05-16T11:45:55.469+0000] {processor.py:161} INFO - Started process (PID=10851) to work on /home/airflow/.local/lib/python3.12/site-packages/airflow/example_dags/tutorial_dag.py
[2026-05-16T11:45:55.471+0000] {processor.py:830} INFO - Processing file /home/airflow/.local/lib/python3.12/site-packages/airflow/example_dags/tutorial_dag.py for tasks to queue
[2026-05-16T11:45:55.471+0000] {logging_mixin.py:188} INFO - [2026-05-16T11:45:55.471+0000] {dagbag.py:545} INFO - Filling up the DagBag from /home/airflow/.local/lib/python3.12/site-packages/airflow/example_dags/tutorial_dag.py
[2026-05-16T11:45:55.475+0000] {processor.py:840} INFO - DAG(s) 'tutorial_dag' retrieved from /home/airflow/.local/lib/python3.12/site-packages/airflow/example_dags/tutorial_dag.py
[2026-05-16T11:45:55.487+0000] {logging_mixin.py:188} INFO - [2026-05-16T11:45:55.487+0000] {dag.py:3089} INFO - Sync 1 DAGs
[2026-05-16T11:45:55.496+0000] {logging_mixin.py:188} INFO - [2026-05-16T11:45:55.496+0000] {dag.py:3947} INFO - Setting next_dagrun for tutorial_dag to None, run_after=None
[2026-05-16T11:45:55.507+0000] {processor.py:183} INFO - Processing /home/airflow/.local/lib/python3.12/site-packages/airflow/example_dags/tutorial_dag.py took 0.043 seconds
[2026-05-16T11:46:26.433+0000] {processor.py:161} INFO - Started process (PID=10913) to work on /home/airflow/.local/lib/python3.12/site-packages/airflow/example_dags/tutorial_dag.py
[2026-05-16T11:46:26.433+0000] {processor.py:830} INFO - Processing file /home/airflow/.local/lib/python3.12/site-packages/airflow/example_dags/tutorial_dag.py for tasks to queue
[2026-05-16T11:46:26.434+0000] {logging_mixin.py:188} INFO - [2026-05-16T11:46:26.433+0000] {dagbag.py:545} INFO - Filling up the DagBag from /home/airflow/.local/lib/python3.12/site-packages/airflow/example_dags/tutorial_dag.py
[2026-05-16T11:46:26.437+0000] {processor.py:840} INFO - DAG(s) 'tutorial_dag' retrieved from /home/airflow/.local/lib/python3.12/site-packages/airflow/example_dags/tutorial_dag.py
[2026-05-16T11:46:26.452+0000] {logging_mixin.py:188} INFO - [2026-05-16T11:46:26.452+0000] {dag.py:3089} INFO - Sync 1 DAGs
[2026-05-16T11:46:26.459+0000] {logging_mixin.py:188} INFO - [2026-05-16T11:46:26.459+0000] {dag.py:3947} INFO - Setting next_dagrun for tutorial_dag to None, run_after=None
[2026-05-16T11:46:26.471+0000] {processor.py:183} INFO - Processing /home/airflow/.local/lib/python3.12/site-packages/airflow/example_dags/tutorial_dag.py took 0.042 seconds
[2026-05-16T11:46:56.610+0000] {processor.py:161} INFO - Started process (PID=10975) to work on /home/airflow/.local/lib/python3.12/site-packages/airflow/example_dags/tutorial_dag.py
[2026-05-16T11:46:56.611+0000] {processor.py:830} INFO - Processing file /home/airflow/.local/lib/python3.12/site-packages/airflow/example_dags/tutorial_dag.py for tasks to queue
[2026-05-16T11:46:56.611+0000] {logging_mixin.py:188} INFO - [2026-05-16T11:46:56.611+0000] {dagbag.py:545} INFO - Filling up the DagBag from /home/airflow/.local/lib/python3.12/site-packages/airflow/example_dags/tutorial_dag.py
[2026-05-16T11:46:56.613+0000] {processor.py:840} INFO - DAG(s) 'tutorial_dag' retrieved from /home/airflow/.local/lib/python3.12/site-packages/airflow/example_dags/tutorial_dag.py
[2026-05-16T11:46:56.627+0000] {logging_mixin.py:188} INFO - [2026-05-16T11:46:56.626+0000] {dag.py:3089} INFO - Sync 1 DAGs
[2026-05-16T11:46:56.632+0000] {logging_mixin.py:188} INFO - [2026-05-16T11:46:56.632+0000] {dag.py:3947} INFO - Setting next_dagrun for tutorial_dag to None, run_after=None
[2026-05-16T11:46:56.639+0000] {processor.py:183} INFO - Processing /home/airflow/.local/lib/python3.12/site-packages/airflow/example_dags/tutorial_dag.py took 0.031 seconds
[2026-05-16T11:47:27.433+0000] {processor.py:161} INFO - Started process (PID=11037) to work on /home/airflow/.local/lib/python3.12/site-packages/airflow/example_dags/tutorial_dag.py
[2026-05-16T11:47:27.434+0000] {processor.py:830} INFO - Processing file /home/airflow/.local/lib/python3.12/site-packages/airflow/example_dags/tutorial_dag.py for tasks to queue
[2026-05-16T11:47:27.434+0000] {logging_mixin.py:188} INFO - [2026-05-16T11:47:27.434+0000] {dagbag.py:545} INFO - Filling up the DagBag from /home/airflow/.local/lib/python3.12/site-packages/airflow/example_dags/tutorial_dag.py
[2026-05-16T11:47:27.436+0000] {processor.py:840} INFO - DAG(s) 'tutorial_dag' retrieved from /home/airflow/.local/lib/python3.12/site-packages/airflow/example_dags/tutorial_dag.py
[2026-05-16T11:47:27.444+0000] {logging_mixin.py:188} INFO - [2026-05-16T11:47:27.444+0000] {dag.py:3089} INFO - Sync 1 DAGs
[2026-05-16T11:47:27.448+0000] {logging_mixin.py:188} INFO - [2026-05-16T11:47:27.448+0000] {dag.py:3947} INFO - Setting next_dagrun for tutorial_dag to None, run_after=None
[2026-05-16T11:47:27.452+0000] {processor.py:183} INFO - Processing /home/airflow/.local/lib/python3.12/site-packages/airflow/example_dags/tutorial_dag.py took 0.021 seconds
[2026-05-16T11:47:57.983+0000] {processor.py:161} INFO - Started process (PID=11099) to work on /home/airflow/.local/lib/python3.12/site-packages/airflow/example_dags/tutorial_dag.py
[2026-05-16T11:47:57.984+0000] {processor.py:830} INFO - Processing file /home/airflow/.local/lib/python3.12/site-packages/airflow/example_dags/tutorial_dag.py for tasks to queue
[2026-05-16T11:47:57.984+0000] {logging_mixin.py:188} INFO - [2026-05-16T11:47:57.984+0000] {dagbag.py:545} INFO - Filling up the DagBag from /home/airflow/.local/lib/python3.12/site-packages/airflow/example_dags/tutorial_dag.py
[2026-05-16T11:47:57.986+0000] {processor.py:840} INFO - DAG(s) 'tutorial_dag' retrieved from /home/airflow/.local/lib/python3.12/site-packages/airflow/example_dags/tutorial_dag.py
[2026-05-16T11:47:57.994+0000] {logging_mixin.py:188} INFO - [2026-05-16T11:47:57.994+0000] {dag.py:3089} INFO - Sync 1 DAGs
[2026-05-16T11:47:57.999+0000] {logging_mixin.py:188} INFO - [2026-05-16T11:47:57.998+0000] {dag.py:3947} INFO - Setting next_dagrun for tutorial_dag to None, run_after=None
[2026-05-16T11:47:58.004+0000] {processor.py:183} INFO - Processing /home/airflow/.local/lib/python3.12/site-packages/airflow/example_dags/tutorial_dag.py took 0.023 seconds
[2026-05-16T11:48:28.491+0000] {processor.py:161} INFO - Started process (PID=11161) to work on /home/airflow/.local/lib/python3.12/site-packages/airflow/example_dags/tutorial_dag.py
[2026-05-16T11:48:28.492+0000] {processor.py:830} INFO - Processing file /home/airflow/.local/lib/python3.12/site-packages/airflow/example_dags/tutorial_dag.py for tasks to queue
[2026-05-16T11:48:28.493+0000] {logging_mixin.py:188} INFO - [2026-05-16T11:48:28.492+0000] {dagbag.py:545} INFO - Filling up the DagBag from /home/airflow/.local/lib/python3.12/site-packages/airflow/example_dags/tutorial_dag.py
[2026-05-16T11:48:28.495+0000] {processor.py:840} INFO - DAG(s) 'tutorial_dag' retrieved from /home/airflow/.local/lib/python3.12/site-packages/airflow/example_dags/tutorial_dag.py
[2026-05-16T11:48:28.502+0000] {logging_mixin.py:188} INFO - [2026-05-16T11:48:28.502+0000] {dag.py:3089} INFO - Sync 1 DAGs
[2026-05-16T11:48:28.507+0000] {logging_mixin.py:188} INFO - [2026-05-16T11:48:28.507+0000] {dag.py:3947} INFO - Setting next_dagrun for tutorial_dag to None, run_after=None
[2026-05-16T11:48:28.512+0000] {processor.py:183} INFO - Processing /home/airflow/.local/lib/python3.12/site-packages/airflow/example_dags/tutorial_dag.py took 0.023 seconds
[2026-05-16T11:48:59.057+0000] {processor.py:161} INFO - Started process (PID=11223) to work on /home/airflow/.local/lib/python3.12/site-packages/airflow/example_dags/tutorial_dag.py
[2026-05-16T11:48:59.058+0000] {processor.py:830} INFO - Processing file /home/airflow/.local/lib/python3.12/site-packages/airflow/example_dags/tutorial_dag.py for tasks to queue
[2026-05-16T11:48:59.058+0000] {logging_mixin.py:188} INFO - [2026-05-16T11:48:59.058+0000] {dagbag.py:545} INFO - Filling up the DagBag from /home/airflow/.local/lib/python3.12/site-packages/airflow/example_dags/tutorial_dag.py
[2026-05-16T11:48:59.061+0000] {processor.py:840} INFO - DAG(s) 'tutorial_dag' retrieved from /home/airflow/.local/lib/python3.12/site-packages/airflow/example_dags/tutorial_dag.py
[2026-05-16T11:48:59.069+0000] {logging_mixin.py:188} INFO - [2026-05-16T11:48:59.069+0000] {dag.py:3089} INFO - Sync 1 DAGs
[2026-05-16T11:48:59.074+0000] {logging_mixin.py:188} INFO - [2026-05-16T11:48:59.074+0000] {dag.py:3947} INFO - Setting next_dagrun for tutorial_dag to None, run_after=None
[2026-05-16T11:48:59.085+0000] {processor.py:183} INFO - Processing /home/airflow/.local/lib/python3.12/site-packages/airflow/example_dags/tutorial_dag.py took 0.032 seconds
[2026-05-16T11:49:30.201+0000] {processor.py:161} INFO - Started process (PID=11285) to work on /home/airflow/.local/lib/python3.12/site-packages/airflow/example_dags/tutorial_dag.py
[2026-05-16T11:49:30.202+0000] {processor.py:830} INFO - Processing file /home/airflow/.local/lib/python3.12/site-packages/airflow/example_dags/tutorial_dag.py for tasks to queue
[2026-05-16T11:49:30.202+0000] {logging_mixin.py:188} INFO - [2026-05-16T11:49:30.202+0000] {dagbag.py:545} INFO - Filling up the DagBag from /home/airflow/.local/lib/python3.12/site-packages/airflow/example_dags/tutorial_dag.py
[2026-05-16T11:49:30.205+0000] {processor.py:840} INFO - DAG(s) 'tutorial_dag' retrieved from /home/airflow/.local/lib/python3.12/site-packages/airflow/example_dags/tutorial_dag.py
[2026-05-16T11:49:30.214+0000] {logging_mixin.py:188} INFO - [2026-05-16T11:49:30.214+0000] {dag.py:3089} INFO - Sync 1 DAGs
[2026-05-16T11:49:30.219+0000] {logging_mixin.py:188} INFO - [2026-05-16T11:49:30.219+0000] {dag.py:3947} INFO - Setting next_dagrun for tutorial_dag to None, run_after=None
[2026-05-16T11:49:30.225+0000] {processor.py:183} INFO - Processing /home/airflow/.local/lib/python3.12/site-packages/airflow/example_dags/tutorial_dag.py took 0.028 seconds
[2026-05-16T11:50:01.033+0000] {processor.py:161} INFO - Started process (PID=11347) to work on /home/airflow/.local/lib/python3.12/site-packages/airflow/example_dags/tutorial_dag.py
[2026-05-16T11:50:01.034+0000] {processor.py:830} INFO - Processing file /home/airflow/.local/lib/python3.12/site-packages/airflow/example_dags/tutorial_dag.py for tasks to queue
[2026-05-16T11:50:01.034+0000] {logging_mixin.py:188} INFO - [2026-05-16T11:50:01.034+0000] {dagbag.py:545} INFO - Filling up the DagBag from /home/airflow/.local/lib/python3.12/site-packages/airflow/example_dags/tutorial_dag.py
[2026-05-16T11:50:01.038+0000] {processor.py:840} INFO - DAG(s) 'tutorial_dag' retrieved from /home/airflow/.local/lib/python3.12/site-packages/airflow/example_dags/tutorial_dag.py
[2026-05-16T11:50:01.046+0000] {logging_mixin.py:188} INFO - [2026-05-16T11:50:01.046+0000] {dag.py:3089} INFO - Sync 1 DAGs
[2026-05-16T11:50:01.050+0000] {logging_mixin.py:188} INFO - [2026-05-16T11:50:01.050+0000] {dag.py:3947} INFO - Setting next_dagrun for tutorial_dag to None, run_after=None
[2026-05-16T11:50:01.055+0000] {processor.py:183} INFO - Processing /home/airflow/.local/lib/python3.12/site-packages/airflow/example_dags/tutorial_dag.py took 0.027 seconds
[2026-05-16T11:50:31.167+0000] {processor.py:161} INFO - Started process (PID=11409) to work on /home/airflow/.local/lib/python3.12/site-packages/airflow/example_dags/tutorial_dag.py
[2026-05-16T11:50:31.167+0000] {processor.py:830} INFO - Processing file /home/airflow/.local/lib/python3.12/site-packages/airflow/example_dags/tutorial_dag.py for tasks to queue
[2026-05-16T11:50:31.167+0000] {logging_mixin.py:188} INFO - [2026-05-16T11:50:31.167+0000] {dagbag.py:545} INFO - Filling up the DagBag from /home/airflow/.local/lib/python3.12/site-packages/airflow/example_dags/tutorial_dag.py
[2026-05-16T11:50:31.170+0000] {processor.py:840} INFO - DAG(s) 'tutorial_dag' retrieved from /home/airflow/.local/lib/python3.12/site-packages/airflow/example_dags/tutorial_dag.py
[2026-05-16T11:50:31.177+0000] {logging_mixin.py:188} INFO - [2026-05-16T11:50:31.177+0000] {dag.py:3089} INFO - Sync 1 DAGs
[2026-05-16T11:50:31.182+0000] {logging_mixin.py:188} INFO - [2026-05-16T11:50:31.182+0000] {dag.py:3947} INFO - Setting next_dagrun for tutorial_dag to None, run_after=None
[2026-05-16T11:50:31.190+0000] {processor.py:183} INFO - Processing /home/airflow/.local/lib/python3.12/site-packages/airflow/example_dags/tutorial_dag.py took 0.026 seconds
[2026-05-16T11:51:01.571+0000] {processor.py:161} INFO - Started process (PID=11471) to work on /home/airflow/.local/lib/python3.12/site-packages/airflow/example_dags/tutorial_dag.py
[2026-05-16T11:51:01.572+0000] {processor.py:830} INFO - Processing file /home/airflow/.local/lib/python3.12/site-packages/airflow/example_dags/tutorial_dag.py for tasks to queue
[2026-05-16T11:51:01.572+0000] {logging_mixin.py:188} INFO - [2026-05-16T11:51:01.572+0000] {dagbag.py:545} INFO - Filling up the DagBag from /home/airflow/.local/lib/python3.12/site-packages/airflow/example_dags/tutorial_dag.py
[2026-05-16T11:51:01.574+0000] {processor.py:840} INFO - DAG(s) 'tutorial_dag' retrieved from /home/airflow/.local/lib/python3.12/site-packages/airflow/example_dags/tutorial_dag.py
[2026-05-16T11:51:01.581+0000] {logging_mixin.py:188} INFO - [2026-05-16T11:51:01.581+0000] {dag.py:3089} INFO - Sync 1 DAGs
[2026-05-16T11:51:01.585+0000] {logging_mixin.py:188} INFO - [2026-05-16T11:51:01.585+0000] {dag.py:3947} INFO - Setting next_dagrun for tutorial_dag to None, run_after=None
[2026-05-16T11:51:01.592+0000] {processor.py:183} INFO - Processing /home/airflow/.local/lib/python3.12/site-packages/airflow/example_dags/tutorial_dag.py took 0.023 seconds
[2026-05-16T11:51:32.078+0000] {processor.py:161} INFO - Started process (PID=11533) to work on /home/airflow/.local/lib/python3.12/site-packages/airflow/example_dags/tutorial_dag.py
[2026-05-16T11:51:32.079+0000] {processor.py:830} INFO - Processing file /home/airflow/.local/lib/python3.12/site-packages/airflow/example_dags/tutorial_dag.py for tasks to queue
[2026-05-16T11:51:32.079+0000] {logging_mixin.py:188} INFO - [2026-05-16T11:51:32.079+0000] {dagbag.py:545} INFO - Filling up the DagBag from /home/airflow/.local/lib/python3.12/site-packages/airflow/example_dags/tutorial_dag.py
[2026-05-16T11:51:32.081+0000] {processor.py:840} INFO - DAG(s) 'tutorial_dag' retrieved from /home/airflow/.local/lib/python3.12/site-packages/airflow/example_dags/tutorial_dag.py
[2026-05-16T11:51:32.088+0000] {logging_mixin.py:188} INFO - [2026-05-16T11:51:32.088+0000] {dag.py:3089} INFO - Sync 1 DAGs
[2026-05-16T11:51:32.095+0000] {logging_mixin.py:188} INFO - [2026-05-16T11:51:32.095+0000] {dag.py:3947} INFO - Setting next_dagrun for tutorial_dag to None, run_after=None
[2026-05-16T11:51:32.102+0000] {processor.py:183} INFO - Processing /home/airflow/.local/lib/python3.12/site-packages/airflow/example_dags/tutorial_dag.py took 0.026 seconds
[2026-05-16T11:52:02.510+0000] {processor.py:161} INFO - Started process (PID=11595) to work on /home/airflow/.local/lib/python3.12/site-packages/airflow/example_dags/tutorial_dag.py
[2026-05-16T11:52:02.510+0000] {processor.py:830} INFO - Processing file /home/airflow/.local/lib/python3.12/site-packages/airflow/example_dags/tutorial_dag.py for tasks to queue
[2026-05-16T11:52:02.511+0000] {logging_mixin.py:188} INFO - [2026-05-16T11:52:02.511+0000] {dagbag.py:545} INFO - Filling up the DagBag from /home/airflow/.local/lib/python3.12/site-packages/airflow/example_dags/tutorial_dag.py
[2026-05-16T11:52:02.512+0000] {processor.py:840} INFO - DAG(s) 'tutorial_dag' retrieved from /home/airflow/.local/lib/python3.12/site-packages/airflow/example_dags/tutorial_dag.py
[2026-05-16T11:52:02.522+0000] {logging_mixin.py:188} INFO - [2026-05-16T11:52:02.522+0000] {dag.py:3089} INFO - Sync 1 DAGs
[2026-05-16T11:52:02.526+0000] {logging_mixin.py:188} INFO - [2026-05-16T11:52:02.526+0000] {dag.py:3947} INFO - Setting next_dagrun for tutorial_dag to None, run_after=None
[2026-05-16T11:52:02.532+0000] {processor.py:183} INFO - Processing /home/airflow/.local/lib/python3.12/site-packages/airflow/example_dags/tutorial_dag.py took 0.023 seconds
[2026-05-16T11:52:33.161+0000] {processor.py:161} INFO - Started process (PID=11657) to work on /home/airflow/.local/lib/python3.12/site-packages/airflow/example_dags/tutorial_dag.py
[2026-05-16T11:52:33.162+0000] {processor.py:830} INFO - Processing file /home/airflow/.local/lib/python3.12/site-packages/airflow/example_dags/tutorial_dag.py for tasks to queue
[2026-05-16T11:52:33.162+0000] {logging_mixin.py:188} INFO - [2026-05-16T11:52:33.162+0000] {dagbag.py:545} INFO - Filling up the DagBag from /home/airflow/.local/lib/python3.12/site-packages/airflow/example_dags/tutorial_dag.py
[2026-05-16T11:52:33.164+0000] {processor.py:840} INFO - DAG(s) 'tutorial_dag' retrieved from /home/airflow/.local/lib/python3.12/site-packages/airflow/example_dags/tutorial_dag.py
[2026-05-16T11:52:33.173+0000] {logging_mixin.py:188} INFO - [2026-05-16T11:52:33.173+0000] {dag.py:3089} INFO - Sync 1 DAGs
[2026-05-16T11:52:33.178+0000] {logging_mixin.py:188} INFO - [2026-05-16T11:52:33.178+0000] {dag.py:3947} INFO - Setting next_dagrun for tutorial_dag to None, run_after=None
[2026-05-16T11:52:33.184+0000] {processor.py:183} INFO - Processing /home/airflow/.local/lib/python3.12/site-packages/airflow/example_dags/tutorial_dag.py took 0.025 seconds
[2026-05-16T11:53:03.820+0000] {processor.py:161} INFO - Started process (PID=11719) to work on /home/airflow/.local/lib/python3.12/site-packages/airflow/example_dags/tutorial_dag.py
[2026-05-16T11:53:03.821+0000] {processor.py:830} INFO - Processing file /home/airflow/.local/lib/python3.12/site-packages/airflow/example_dags/tutorial_dag.py for tasks to queue
[2026-05-16T11:53:03.821+0000] {logging_mixin.py:188} INFO - [2026-05-16T11:53:03.821+0000] {dagbag.py:545} INFO - Filling up the DagBag from /home/airflow/.local/lib/python3.12/site-packages/airflow/example_dags/tutorial_dag.py
[2026-05-16T11:53:03.823+0000] {processor.py:840} INFO - DAG(s) 'tutorial_dag' retrieved from /home/airflow/.local/lib/python3.12/site-packages/airflow/example_dags/tutorial_dag.py
[2026-05-16T11:53:03.831+0000] {logging_mixin.py:188} INFO - [2026-05-16T11:53:03.831+0000] {dag.py:3089} INFO - Sync 1 DAGs
[2026-05-16T11:53:03.835+0000] {logging_mixin.py:188} INFO - [2026-05-16T11:53:03.835+0000] {dag.py:3947} INFO - Setting next_dagrun for tutorial_dag to None, run_after=None
[2026-05-16T11:53:03.840+0000] {processor.py:183} INFO - Processing /home/airflow/.local/lib/python3.12/site-packages/airflow/example_dags/tutorial_dag.py took 0.022 seconds
[2026-05-16T11:53:34.442+0000] {processor.py:161} INFO - Started process (PID=11781) to work on /home/airflow/.local/lib/python3.12/site-packages/airflow/example_dags/tutorial_dag.py
[2026-05-16T11:53:34.443+0000] {processor.py:830} INFO - Processing file /home/airflow/.local/lib/python3.12/site-packages/airflow/example_dags/tutorial_dag.py for tasks to queue
[2026-05-16T11:53:34.443+0000] {logging_mixin.py:188} INFO - [2026-05-16T11:53:34.443+0000] {dagbag.py:545} INFO - Filling up the DagBag from /home/airflow/.local/lib/python3.12/site-packages/airflow/example_dags/tutorial_dag.py
[2026-05-16T11:53:34.445+0000] {processor.py:840} INFO - DAG(s) 'tutorial_dag' retrieved from /home/airflow/.local/lib/python3.12/site-packages/airflow/example_dags/tutorial_dag.py
[2026-05-16T11:53:34.454+0000] {logging_mixin.py:188} INFO - [2026-05-16T11:53:34.454+0000] {dag.py:3089} INFO - Sync 1 DAGs
[2026-05-16T11:53:34.459+0000] {logging_mixin.py:188} INFO - [2026-05-16T11:53:34.458+0000] {dag.py:3947} INFO - Setting next_dagrun for tutorial_dag to None, run_after=None
[2026-05-16T11:53:34.464+0000] {processor.py:183} INFO - Processing /home/airflow/.local/lib/python3.12/site-packages/airflow/example_dags/tutorial_dag.py took 0.024 seconds
[2026-05-16T11:54:05.005+0000] {processor.py:161} INFO - Started process (PID=11843) to work on /home/airflow/.local/lib/python3.12/site-packages/airflow/example_dags/tutorial_dag.py
[2026-05-16T11:54:05.006+0000] {processor.py:830} INFO - Processing file /home/airflow/.local/lib/python3.12/site-packages/airflow/example_dags/tutorial_dag.py for tasks to queue
[2026-05-16T11:54:05.006+0000] {logging_mixin.py:188} INFO - [2026-05-16T11:54:05.006+0000] {dagbag.py:545} INFO - Filling up the DagBag from /home/airflow/.local/lib/python3.12/site-packages/airflow/example_dags/tutorial_dag.py
[2026-05-16T11:54:05.008+0000] {processor.py:840} INFO - DAG(s) 'tutorial_dag' retrieved from /home/airflow/.local/lib/python3.12/site-packages/airflow/example_dags/tutorial_dag.py
[2026-05-16T11:54:05.016+0000] {logging_mixin.py:188} INFO - [2026-05-16T11:54:05.016+0000] {dag.py:3089} INFO - Sync 1 DAGs
[2026-05-16T11:54:05.020+0000] {logging_mixin.py:188} INFO - [2026-05-16T11:54:05.020+0000] {dag.py:3947} INFO - Setting next_dagrun for tutorial_dag to None, run_after=None
[2026-05-16T11:54:05.025+0000] {processor.py:183} INFO - Processing /home/airflow/.local/lib/python3.12/site-packages/airflow/example_dags/tutorial_dag.py took 0.023 seconds
[2026-05-16T11:54:35.572+0000] {processor.py:161} INFO - Started process (PID=11905) to work on /home/airflow/.local/lib/python3.12/site-packages/airflow/example_dags/tutorial_dag.py
[2026-05-16T11:54:35.572+0000] {processor.py:830} INFO - Processing file /home/airflow/.local/lib/python3.12/site-packages/airflow/example_dags/tutorial_dag.py for tasks to queue
[2026-05-16T11:54:35.573+0000] {logging_mixin.py:188} INFO - [2026-05-16T11:54:35.572+0000] {dagbag.py:545} INFO - Filling up the DagBag from /home/airflow/.local/lib/python3.12/site-packages/airflow/example_dags/tutorial_dag.py
[2026-05-16T11:54:35.575+0000] {processor.py:840} INFO - DAG(s) 'tutorial_dag' retrieved from /home/airflow/.local/lib/python3.12/site-packages/airflow/example_dags/tutorial_dag.py
[2026-05-16T11:54:35.582+0000] {logging_mixin.py:188} INFO - [2026-05-16T11:54:35.582+0000] {dag.py:3089} INFO - Sync 1 DAGs
[2026-05-16T11:54:35.586+0000] {logging_mixin.py:188} INFO - [2026-05-16T11:54:35.586+0000] {dag.py:3947} INFO - Setting next_dagrun for tutorial_dag to None, run_after=None
[2026-05-16T11:54:35.590+0000] {processor.py:183} INFO - Processing /home/airflow/.local/lib/python3.12/site-packages/airflow/example_dags/tutorial_dag.py took 0.021 seconds
[2026-05-16T11:55:06.204+0000] {processor.py:161} INFO - Started process (PID=11967) to work on /home/airflow/.local/lib/python3.12/site-packages/airflow/example_dags/tutorial_dag.py
[2026-05-16T11:55:06.204+0000] {processor.py:830} INFO - Processing file /home/airflow/.local/lib/python3.12/site-packages/airflow/example_dags/tutorial_dag.py for tasks to queue
[2026-05-16T11:55:06.205+0000] {logging_mixin.py:188} INFO - [2026-05-16T11:55:06.205+0000] {dagbag.py:545} INFO - Filling up the DagBag from /home/airflow/.local/lib/python3.12/site-packages/airflow/example_dags/tutorial_dag.py
[2026-05-16T11:55:06.207+0000] {processor.py:840} INFO - DAG(s) 'tutorial_dag' retrieved from /home/airflow/.local/lib/python3.12/site-packages/airflow/example_dags/tutorial_dag.py
[2026-05-16T11:55:06.214+0000] {logging_mixin.py:188} INFO - [2026-05-16T11:55:06.214+0000] {dag.py:3089} INFO - Sync 1 DAGs
[2026-05-16T11:55:06.217+0000] {logging_mixin.py:188} INFO - [2026-05-16T11:55:06.217+0000] {dag.py:3947} INFO - Setting next_dagrun for tutorial_dag to None, run_after=None
[2026-05-16T11:55:06.222+0000] {processor.py:183} INFO - Processing /home/airflow/.local/lib/python3.12/site-packages/airflow/example_dags/tutorial_dag.py took 0.020 seconds
[2026-05-16T11:55:36.904+0000] {processor.py:161} INFO - Started process (PID=12029) to work on /home/airflow/.local/lib/python3.12/site-packages/airflow/example_dags/tutorial_dag.py
[2026-05-16T11:55:36.905+0000] {processor.py:830} INFO - Processing file /home/airflow/.local/lib/python3.12/site-packages/airflow/example_dags/tutorial_dag.py for tasks to queue
[2026-05-16T11:55:36.905+0000] {logging_mixin.py:188} INFO - [2026-05-16T11:55:36.905+0000] {dagbag.py:545} INFO - Filling up the DagBag from /home/airflow/.local/lib/python3.12/site-packages/airflow/example_dags/tutorial_dag.py
[2026-05-16T11:55:36.907+0000] {processor.py:840} INFO - DAG(s) 'tutorial_dag' retrieved from /home/airflow/.local/lib/python3.12/site-packages/airflow/example_dags/tutorial_dag.py
[2026-05-16T11:55:36.914+0000] {logging_mixin.py:188} INFO - [2026-05-16T11:55:36.914+0000] {dag.py:3089} INFO - Sync 1 DAGs
[2026-05-16T11:55:36.918+0000] {logging_mixin.py:188} INFO - [2026-05-16T11:55:36.918+0000] {dag.py:3947} INFO - Setting next_dagrun for tutorial_dag to None, run_after=None
[2026-05-16T11:55:36.923+0000] {processor.py:183} INFO - Processing /home/airflow/.local/lib/python3.12/site-packages/airflow/example_dags/tutorial_dag.py took 0.021 seconds
[2026-05-16T11:56:07.637+0000] {processor.py:161} INFO - Started process (PID=12090) to work on /home/airflow/.local/lib/python3.12/site-packages/airflow/example_dags/tutorial_dag.py
[2026-05-16T11:56:07.638+0000] {processor.py:830} INFO - Processing file /home/airflow/.local/lib/python3.12/site-packages/airflow/example_dags/tutorial_dag.py for tasks to queue
[2026-05-16T11:56:07.638+0000] {logging_mixin.py:188} INFO - [2026-05-16T11:56:07.638+0000] {dagbag.py:545} INFO - Filling up the DagBag from /home/airflow/.local/lib/python3.12/site-packages/airflow/example_dags/tutorial_dag.py
[2026-05-16T11:56:07.640+0000] {processor.py:840} INFO - DAG(s) 'tutorial_dag' retrieved from /home/airflow/.local/lib/python3.12/site-packages/airflow/example_dags/tutorial_dag.py
[2026-05-16T11:56:07.649+0000] {logging_mixin.py:188} INFO - [2026-05-16T11:56:07.649+0000] {dag.py:3089} INFO - Sync 1 DAGs
[2026-05-16T11:56:07.653+0000] {logging_mixin.py:188} INFO - [2026-05-16T11:56:07.653+0000] {dag.py:3947} INFO - Setting next_dagrun for tutorial_dag to None, run_after=None
[2026-05-16T11:56:07.659+0000] {processor.py:183} INFO - Processing /home/airflow/.local/lib/python3.12/site-packages/airflow/example_dags/tutorial_dag.py took 0.024 seconds
[2026-05-16T11:56:38.232+0000] {processor.py:161} INFO - Started process (PID=12152) to work on /home/airflow/.local/lib/python3.12/site-packages/airflow/example_dags/tutorial_dag.py
[2026-05-16T11:56:38.232+0000] {processor.py:830} INFO - Processing file /home/airflow/.local/lib/python3.12/site-packages/airflow/example_dags/tutorial_dag.py for tasks to queue
[2026-05-16T11:56:38.233+0000] {logging_mixin.py:188} INFO - [2026-05-16T11:56:38.232+0000] {dagbag.py:545} INFO - Filling up the DagBag from /home/airflow/.local/lib/python3.12/site-packages/airflow/example_dags/tutorial_dag.py
[2026-05-16T11:56:38.235+0000] {processor.py:840} INFO - DAG(s) 'tutorial_dag' retrieved from /home/airflow/.local/lib/python3.12/site-packages/airflow/example_dags/tutorial_dag.py
[2026-05-16T11:56:38.242+0000] {logging_mixin.py:188} INFO - [2026-05-16T11:56:38.242+0000] {dag.py:3089} INFO - Sync 1 DAGs
[2026-05-16T11:56:38.246+0000] {logging_mixin.py:188} INFO - [2026-05-16T11:56:38.246+0000] {dag.py:3947} INFO - Setting next_dagrun for tutorial_dag to None, run_after=None
[2026-05-16T11:56:38.250+0000] {processor.py:183} INFO - Processing /home/airflow/.local/lib/python3.12/site-packages/airflow/example_dags/tutorial_dag.py took 0.021 seconds
[2026-05-16T11:57:08.803+0000] {processor.py:161} INFO - Started process (PID=12214) to work on /home/airflow/.local/lib/python3.12/site-packages/airflow/example_dags/tutorial_dag.py
[2026-05-16T11:57:08.803+0000] {processor.py:830} INFO - Processing file /home/airflow/.local/lib/python3.12/site-packages/airflow/example_dags/tutorial_dag.py for tasks to queue
[2026-05-16T11:57:08.803+0000] {logging_mixin.py:188} INFO - [2026-05-16T11:57:08.803+0000] {dagbag.py:545} INFO - Filling up the DagBag from /home/airflow/.local/lib/python3.12/site-packages/airflow/example_dags/tutorial_dag.py
[2026-05-16T11:57:08.805+0000] {processor.py:840} INFO - DAG(s) 'tutorial_dag' retrieved from /home/airflow/.local/lib/python3.12/site-packages/airflow/example_dags/tutorial_dag.py
[2026-05-16T11:57:08.814+0000] {logging_mixin.py:188} INFO - [2026-05-16T11:57:08.814+0000] {dag.py:3089} INFO - Sync 1 DAGs
[2026-05-16T11:57:08.817+0000] {logging_mixin.py:188} INFO - [2026-05-16T11:57:08.817+0000] {dag.py:3947} INFO - Setting next_dagrun for tutorial_dag to None, run_after=None
[2026-05-16T11:57:08.822+0000] {processor.py:183} INFO - Processing /home/airflow/.local/lib/python3.12/site-packages/airflow/example_dags/tutorial_dag.py took 0.021 seconds
[2026-05-16T11:57:39.348+0000] {processor.py:161} INFO - Started process (PID=12277) to work on /home/airflow/.local/lib/python3.12/site-packages/airflow/example_dags/tutorial_dag.py
[2026-05-16T11:57:39.349+0000] {processor.py:830} INFO - Processing file /home/airflow/.local/lib/python3.12/site-packages/airflow/example_dags/tutorial_dag.py for tasks to queue
[2026-05-16T11:57:39.350+0000] {logging_mixin.py:188} INFO - [2026-05-16T11:57:39.349+0000] {dagbag.py:545} INFO - Filling up the DagBag from /home/airflow/.local/lib/python3.12/site-packages/airflow/example_dags/tutorial_dag.py
[2026-05-16T11:57:39.352+0000] {processor.py:840} INFO - DAG(s) 'tutorial_dag' retrieved from /home/airflow/.local/lib/python3.12/site-packages/airflow/example_dags/tutorial_dag.py
[2026-05-16T11:57:39.359+0000] {logging_mixin.py:188} INFO - [2026-05-16T11:57:39.359+0000] {dag.py:3089} INFO - Sync 1 DAGs
[2026-05-16T11:57:39.363+0000] {logging_mixin.py:188} INFO - [2026-05-16T11:57:39.363+0000] {dag.py:3947} INFO - Setting next_dagrun for tutorial_dag to None, run_after=None
[2026-05-16T11:57:39.369+0000] {processor.py:183} INFO - Processing /home/airflow/.local/lib/python3.12/site-packages/airflow/example_dags/tutorial_dag.py took 0.023 seconds
[2026-05-16T11:58:09.901+0000] {processor.py:161} INFO - Started process (PID=12339) to work on /home/airflow/.local/lib/python3.12/site-packages/airflow/example_dags/tutorial_dag.py
[2026-05-16T11:58:09.902+0000] {processor.py:830} INFO - Processing file /home/airflow/.local/lib/python3.12/site-packages/airflow/example_dags/tutorial_dag.py for tasks to queue
[2026-05-16T11:58:09.902+0000] {logging_mixin.py:188} INFO - [2026-05-16T11:58:09.902+0000] {dagbag.py:545} INFO - Filling up the DagBag from /home/airflow/.local/lib/python3.12/site-packages/airflow/example_dags/tutorial_dag.py
[2026-05-16T11:58:09.904+0000] {processor.py:840} INFO - DAG(s) 'tutorial_dag' retrieved from /home/airflow/.local/lib/python3.12/site-packages/airflow/example_dags/tutorial_dag.py
[2026-05-16T11:58:09.915+0000] {logging_mixin.py:188} INFO - [2026-05-16T11:58:09.915+0000] {dag.py:3089} INFO - Sync 1 DAGs
[2026-05-16T11:58:09.919+0000] {logging_mixin.py:188} INFO - [2026-05-16T11:58:09.919+0000] {dag.py:3947} INFO - Setting next_dagrun for tutorial_dag to None, run_after=None
[2026-05-16T11:58:09.928+0000] {processor.py:183} INFO - Processing /home/airflow/.local/lib/python3.12/site-packages/airflow/example_dags/tutorial_dag.py took 0.029 seconds
[2026-05-16T11:58:40.441+0000] {processor.py:161} INFO - Started process (PID=12401) to work on /home/airflow/.local/lib/python3.12/site-packages/airflow/example_dags/tutorial_dag.py
[2026-05-16T11:58:40.441+0000] {processor.py:830} INFO - Processing file /home/airflow/.local/lib/python3.12/site-packages/airflow/example_dags/tutorial_dag.py for tasks to queue
[2026-05-16T11:58:40.441+0000] {logging_mixin.py:188} INFO - [2026-05-16T11:58:40.441+0000] {dagbag.py:545} INFO - Filling up the DagBag from /home/airflow/.local/lib/python3.12/site-packages/airflow/example_dags/tutorial_dag.py
[2026-05-16T11:58:40.444+0000] {processor.py:840} INFO - DAG(s) 'tutorial_dag' retrieved from /home/airflow/.local/lib/python3.12/site-packages/airflow/example_dags/tutorial_dag.py
[2026-05-16T11:58:40.450+0000] {logging_mixin.py:188} INFO - [2026-05-16T11:58:40.450+0000] {dag.py:3089} INFO - Sync 1 DAGs
[2026-05-16T11:58:40.455+0000] {logging_mixin.py:188} INFO - [2026-05-16T11:58:40.455+0000] {dag.py:3947} INFO - Setting next_dagrun for tutorial_dag to None, run_after=None
[2026-05-16T11:58:40.459+0000] {processor.py:183} INFO - Processing /home/airflow/.local/lib/python3.12/site-packages/airflow/example_dags/tutorial_dag.py took 0.021 seconds
[2026-05-16T11:59:10.977+0000] {processor.py:161} INFO - Started process (PID=12469) to work on /home/airflow/.local/lib/python3.12/site-packages/airflow/example_dags/tutorial_dag.py
[2026-05-16T11:59:10.977+0000] {processor.py:830} INFO - Processing file /home/airflow/.local/lib/python3.12/site-packages/airflow/example_dags/tutorial_dag.py for tasks to queue
[2026-05-16T11:59:10.978+0000] {logging_mixin.py:188} INFO - [2026-05-16T11:59:10.977+0000] {dagbag.py:545} INFO - Filling up the DagBag from /home/airflow/.local/lib/python3.12/site-packages/airflow/example_dags/tutorial_dag.py
[2026-05-16T11:59:10.979+0000] {processor.py:840} INFO - DAG(s) 'tutorial_dag' retrieved from /home/airflow/.local/lib/python3.12/site-packages/airflow/example_dags/tutorial_dag.py
[2026-05-16T11:59:10.987+0000] {logging_mixin.py:188} INFO - [2026-05-16T11:59:10.987+0000] {dag.py:3089} INFO - Sync 1 DAGs
[2026-05-16T11:59:10.991+0000] {logging_mixin.py:188} INFO - [2026-05-16T11:59:10.991+0000] {dag.py:3947} INFO - Setting next_dagrun for tutorial_dag to None, run_after=None
[2026-05-16T11:59:10.996+0000] {processor.py:183} INFO - Processing /home/airflow/.local/lib/python3.12/site-packages/airflow/example_dags/tutorial_dag.py took 0.021 seconds
[2026-05-16T11:59:41.471+0000] {processor.py:161} INFO - Started process (PID=12531) to work on /home/airflow/.local/lib/python3.12/site-packages/airflow/example_dags/tutorial_dag.py
[2026-05-16T11:59:41.471+0000] {processor.py:830} INFO - Processing file /home/airflow/.local/lib/python3.12/site-packages/airflow/example_dags/tutorial_dag.py for tasks to queue
[2026-05-16T11:59:41.471+0000] {logging_mixin.py:188} INFO - [2026-05-16T11:59:41.471+0000] {dagbag.py:545} INFO - Filling up the DagBag from /home/airflow/.local/lib/python3.12/site-packages/airflow/example_dags/tutorial_dag.py
[2026-05-16T11:59:41.473+0000] {processor.py:840} INFO - DAG(s) 'tutorial_dag' retrieved from /home/airflow/.local/lib/python3.12/site-packages/airflow/example_dags/tutorial_dag.py
[2026-05-16T11:59:41.481+0000] {logging_mixin.py:188} INFO - [2026-05-16T11:59:41.481+0000] {dag.py:3089} INFO - Sync 1 DAGs
[2026-05-16T11:59:41.485+0000] {logging_mixin.py:188} INFO - [2026-05-16T11:59:41.485+0000] {dag.py:3947} INFO - Setting next_dagrun for tutorial_dag to None, run_after=None
[2026-05-16T11:59:41.490+0000] {processor.py:183} INFO - Processing /home/airflow/.local/lib/python3.12/site-packages/airflow/example_dags/tutorial_dag.py took 0.021 seconds
[2026-05-16T12:00:11.987+0000] {processor.py:161} INFO - Started process (PID=12593) to work on /home/airflow/.local/lib/python3.12/site-packages/airflow/example_dags/tutorial_dag.py
[2026-05-16T12:00:11.987+0000] {processor.py:830} INFO - Processing file /home/airflow/.local/lib/python3.12/site-packages/airflow/example_dags/tutorial_dag.py for tasks to queue
[2026-05-16T12:00:11.987+0000] {logging_mixin.py:188} INFO - [2026-05-16T12:00:11.987+0000] {dagbag.py:545} INFO - Filling up the DagBag from /home/airflow/.local/lib/python3.12/site-packages/airflow/example_dags/tutorial_dag.py
[2026-05-16T12:00:11.989+0000] {processor.py:840} INFO - DAG(s) 'tutorial_dag' retrieved from /home/airflow/.local/lib/python3.12/site-packages/airflow/example_dags/tutorial_dag.py
[2026-05-16T12:00:11.998+0000] {logging_mixin.py:188} INFO - [2026-05-16T12:00:11.998+0000] {dag.py:3089} INFO - Sync 1 DAGs
[2026-05-16T12:00:12.002+0000] {logging_mixin.py:188} INFO - [2026-05-16T12:00:12.002+0000] {dag.py:3947} INFO - Setting next_dagrun for tutorial_dag to None, run_after=None
[2026-05-16T12:00:12.008+0000] {processor.py:183} INFO - Processing /home/airflow/.local/lib/python3.12/site-packages/airflow/example_dags/tutorial_dag.py took 0.024 seconds
[2026-05-16T12:00:42.607+0000] {processor.py:161} INFO - Started process (PID=12656) to work on /home/airflow/.local/lib/python3.12/site-packages/airflow/example_dags/tutorial_dag.py
[2026-05-16T12:00:42.608+0000] {processor.py:830} INFO - Processing file /home/airflow/.local/lib/python3.12/site-packages/airflow/example_dags/tutorial_dag.py for tasks to queue
[2026-05-16T12:00:42.608+0000] {logging_mixin.py:188} INFO - [2026-05-16T12:00:42.608+0000] {dagbag.py:545} INFO - Filling up the DagBag from /home/airflow/.local/lib/python3.12/site-packages/airflow/example_dags/tutorial_dag.py
[2026-05-16T12:00:42.611+0000] {processor.py:840} INFO - DAG(s) 'tutorial_dag' retrieved from /home/airflow/.local/lib/python3.12/site-packages/airflow/example_dags/tutorial_dag.py
[2026-05-16T12:00:42.620+0000] {logging_mixin.py:188} INFO - [2026-05-16T12:00:42.620+0000] {dag.py:3089} INFO - Sync 1 DAGs
[2026-05-16T12:00:42.624+0000] {logging_mixin.py:188} INFO - [2026-05-16T12:00:42.624+0000] {dag.py:3947} INFO - Setting next_dagrun for tutorial_dag to None, run_after=None
[2026-05-16T12:00:42.631+0000] {processor.py:183} INFO - Processing /home/airflow/.local/lib/python3.12/site-packages/airflow/example_dags/tutorial_dag.py took 0.026 seconds
[2026-05-16T12:01:13.186+0000] {processor.py:161} INFO - Started process (PID=12718) to work on /home/airflow/.local/lib/python3.12/site-packages/airflow/example_dags/tutorial_dag.py
[2026-05-16T12:01:13.187+0000] {processor.py:830} INFO - Processing file /home/airflow/.local/lib/python3.12/site-packages/airflow/example_dags/tutorial_dag.py for tasks to queue
[2026-05-16T12:01:13.187+0000] {logging_mixin.py:188} INFO - [2026-05-16T12:01:13.187+0000] {dagbag.py:545} INFO - Filling up the DagBag from /home/airflow/.local/lib/python3.12/site-packages/airflow/example_dags/tutorial_dag.py
[2026-05-16T12:01:13.189+0000] {processor.py:840} INFO - DAG(s) 'tutorial_dag' retrieved from /home/airflow/.local/lib/python3.12/site-packages/airflow/example_dags/tutorial_dag.py
[2026-05-16T12:01:13.198+0000] {logging_mixin.py:188} INFO - [2026-05-16T12:01:13.198+0000] {dag.py:3089} INFO - Sync 1 DAGs
[2026-05-16T12:01:13.203+0000] {logging_mixin.py:188} INFO - [2026-05-16T12:01:13.203+0000] {dag.py:3947} INFO - Setting next_dagrun for tutorial_dag to None, run_after=None
[2026-05-16T12:01:13.209+0000] {processor.py:183} INFO - Processing /home/airflow/.local/lib/python3.12/site-packages/airflow/example_dags/tutorial_dag.py took 0.027 seconds
[2026-05-16T12:01:43.805+0000] {processor.py:161} INFO - Started process (PID=12781) to work on /home/airflow/.local/lib/python3.12/site-packages/airflow/example_dags/tutorial_dag.py
[2026-05-16T12:01:43.806+0000] {processor.py:830} INFO - Processing file /home/airflow/.local/lib/python3.12/site-packages/airflow/example_dags/tutorial_dag.py for tasks to queue
[2026-05-16T12:01:43.806+0000] {logging_mixin.py:188} INFO - [2026-05-16T12:01:43.806+0000] {dagbag.py:545} INFO - Filling up the DagBag from /home/airflow/.local/lib/python3.12/site-packages/airflow/example_dags/tutorial_dag.py
[2026-05-16T12:01:43.808+0000] {processor.py:840} INFO - DAG(s) 'tutorial_dag' retrieved from /home/airflow/.local/lib/python3.12/site-packages/airflow/example_dags/tutorial_dag.py
[2026-05-16T12:01:43.816+0000] {logging_mixin.py:188} INFO - [2026-05-16T12:01:43.815+0000] {dag.py:3089} INFO - Sync 1 DAGs
[2026-05-16T12:01:43.819+0000] {logging_mixin.py:188} INFO - [2026-05-16T12:01:43.819+0000] {dag.py:3947} INFO - Setting next_dagrun for tutorial_dag to None, run_after=None
[2026-05-16T12:01:43.824+0000] {processor.py:183} INFO - Processing /home/airflow/.local/lib/python3.12/site-packages/airflow/example_dags/tutorial_dag.py took 0.021 seconds
[2026-05-16T12:02:14.360+0000] {processor.py:161} INFO - Started process (PID=12843) to work on /home/airflow/.local/lib/python3.12/site-packages/airflow/example_dags/tutorial_dag.py
[2026-05-16T12:02:14.360+0000] {processor.py:830} INFO - Processing file /home/airflow/.local/lib/python3.12/site-packages/airflow/example_dags/tutorial_dag.py for tasks to queue
[2026-05-16T12:02:14.360+0000] {logging_mixin.py:188} INFO - [2026-05-16T12:02:14.360+0000] {dagbag.py:545} INFO - Filling up the DagBag from /home/airflow/.local/lib/python3.12/site-packages/airflow/example_dags/tutorial_dag.py
[2026-05-16T12:02:14.362+0000] {processor.py:840} INFO - DAG(s) 'tutorial_dag' retrieved from /home/airflow/.local/lib/python3.12/site-packages/airflow/example_dags/tutorial_dag.py
[2026-05-16T12:02:14.370+0000] {logging_mixin.py:188} INFO - [2026-05-16T12:02:14.370+0000] {dag.py:3089} INFO - Sync 1 DAGs
[2026-05-16T12:02:14.374+0000] {logging_mixin.py:188} INFO - [2026-05-16T12:02:14.374+0000] {dag.py:3947} INFO - Setting next_dagrun for tutorial_dag to None, run_after=None
[2026-05-16T12:02:14.379+0000] {processor.py:183} INFO - Processing /home/airflow/.local/lib/python3.12/site-packages/airflow/example_dags/tutorial_dag.py took 0.021 seconds
[2026-05-16T12:02:44.886+0000] {processor.py:161} INFO - Started process (PID=12906) to work on /home/airflow/.local/lib/python3.12/site-packages/airflow/example_dags/tutorial_dag.py
[2026-05-16T12:02:44.887+0000] {processor.py:830} INFO - Processing file /home/airflow/.local/lib/python3.12/site-packages/airflow/example_dags/tutorial_dag.py for tasks to queue
[2026-05-16T12:02:44.887+0000] {logging_mixin.py:188} INFO - [2026-05-16T12:02:44.887+0000] {dagbag.py:545} INFO - Filling up the DagBag from /home/airflow/.local/lib/python3.12/site-packages/airflow/example_dags/tutorial_dag.py
[2026-05-16T12:02:44.890+0000] {processor.py:840} INFO - DAG(s) 'tutorial_dag' retrieved from /home/airflow/.local/lib/python3.12/site-packages/airflow/example_dags/tutorial_dag.py
[2026-05-16T12:02:44.898+0000] {logging_mixin.py:188} INFO - [2026-05-16T12:02:44.898+0000] {dag.py:3089} INFO - Sync 1 DAGs
[2026-05-16T12:02:44.903+0000] {logging_mixin.py:188} INFO - [2026-05-16T12:02:44.903+0000] {dag.py:3947} INFO - Setting next_dagrun for tutorial_dag to None, run_after=None
[2026-05-16T12:02:44.912+0000] {processor.py:183} INFO - Processing /home/airflow/.local/lib/python3.12/site-packages/airflow/example_dags/tutorial_dag.py took 0.029 seconds
[2026-05-16T12:03:15.441+0000] {processor.py:161} INFO - Started process (PID=12968) to work on /home/airflow/.local/lib/python3.12/site-packages/airflow/example_dags/tutorial_dag.py
[2026-05-16T12:03:15.441+0000] {processor.py:830} INFO - Processing file /home/airflow/.local/lib/python3.12/site-packages/airflow/example_dags/tutorial_dag.py for tasks to queue
[2026-05-16T12:03:15.442+0000] {logging_mixin.py:188} INFO - [2026-05-16T12:03:15.442+0000] {dagbag.py:545} INFO - Filling up the DagBag from /home/airflow/.local/lib/python3.12/site-packages/airflow/example_dags/tutorial_dag.py
[2026-05-16T12:03:15.444+0000] {processor.py:840} INFO - DAG(s) 'tutorial_dag' retrieved from /home/airflow/.local/lib/python3.12/site-packages/airflow/example_dags/tutorial_dag.py
[2026-05-16T12:03:15.451+0000] {logging_mixin.py:188} INFO - [2026-05-16T12:03:15.451+0000] {dag.py:3089} INFO - Sync 1 DAGs
[2026-05-16T12:03:15.455+0000] {logging_mixin.py:188} INFO - [2026-05-16T12:03:15.455+0000] {dag.py:3947} INFO - Setting next_dagrun for tutorial_dag to None, run_after=None
[2026-05-16T12:03:15.461+0000] {processor.py:183} INFO - Processing /home/airflow/.local/lib/python3.12/site-packages/airflow/example_dags/tutorial_dag.py took 0.022 seconds
[2026-05-16T12:03:46.133+0000] {processor.py:161} INFO - Started process (PID=13030) to work on /home/airflow/.local/lib/python3.12/site-packages/airflow/example_dags/tutorial_dag.py
[2026-05-16T12:03:46.134+0000] {processor.py:830} INFO - Processing file /home/airflow/.local/lib/python3.12/site-packages/airflow/example_dags/tutorial_dag.py for tasks to queue
[2026-05-16T12:03:46.134+0000] {logging_mixin.py:188} INFO - [2026-05-16T12:03:46.134+0000] {dagbag.py:545} INFO - Filling up the DagBag from /home/airflow/.local/lib/python3.12/site-packages/airflow/example_dags/tutorial_dag.py
[2026-05-16T12:03:46.136+0000] {processor.py:840} INFO - DAG(s) 'tutorial_dag' retrieved from /home/airflow/.local/lib/python3.12/site-packages/airflow/example_dags/tutorial_dag.py
[2026-05-16T12:03:46.144+0000] {logging_mixin.py:188} INFO - [2026-05-16T12:03:46.144+0000] {dag.py:3089} INFO - Sync 1 DAGs
[2026-05-16T12:03:46.149+0000] {logging_mixin.py:188} INFO - [2026-05-16T12:03:46.149+0000] {dag.py:3947} INFO - Setting next_dagrun for tutorial_dag to None, run_after=None
[2026-05-16T12:03:46.154+0000] {processor.py:183} INFO - Processing /home/airflow/.local/lib/python3.12/site-packages/airflow/example_dags/tutorial_dag.py took 0.024 seconds
[2026-05-16T12:04:16.909+0000] {processor.py:161} INFO - Started process (PID=13092) to work on /home/airflow/.local/lib/python3.12/site-packages/airflow/example_dags/tutorial_dag.py
[2026-05-16T12:04:16.909+0000] {processor.py:830} INFO - Processing file /home/airflow/.local/lib/python3.12/site-packages/airflow/example_dags/tutorial_dag.py for tasks to queue
[2026-05-16T12:04:16.910+0000] {logging_mixin.py:188} INFO - [2026-05-16T12:04:16.910+0000] {dagbag.py:545} INFO - Filling up the DagBag from /home/airflow/.local/lib/python3.12/site-packages/airflow/example_dags/tutorial_dag.py
[2026-05-16T12:04:16.912+0000] {processor.py:840} INFO - DAG(s) 'tutorial_dag' retrieved from /home/airflow/.local/lib/python3.12/site-packages/airflow/example_dags/tutorial_dag.py
[2026-05-16T12:04:16.920+0000] {logging_mixin.py:188} INFO - [2026-05-16T12:04:16.920+0000] {dag.py:3089} INFO - Sync 1 DAGs
[2026-05-16T12:04:16.924+0000] {logging_mixin.py:188} INFO - [2026-05-16T12:04:16.924+0000] {dag.py:3947} INFO - Setting next_dagrun for tutorial_dag to None, run_after=None
[2026-05-16T12:04:16.929+0000] {processor.py:183} INFO - Processing /home/airflow/.local/lib/python3.12/site-packages/airflow/example_dags/tutorial_dag.py took 0.022 seconds
[2026-05-16T12:04:47.436+0000] {processor.py:161} INFO - Started process (PID=13154) to work on /home/airflow/.local/lib/python3.12/site-packages/airflow/example_dags/tutorial_dag.py
[2026-05-16T12:04:47.437+0000] {processor.py:830} INFO - Processing file /home/airflow/.local/lib/python3.12/site-packages/airflow/example_dags/tutorial_dag.py for tasks to queue
[2026-05-16T12:04:47.437+0000] {logging_mixin.py:188} INFO - [2026-05-16T12:04:47.437+0000] {dagbag.py:545} INFO - Filling up the DagBag from /home/airflow/.local/lib/python3.12/site-packages/airflow/example_dags/tutorial_dag.py
[2026-05-16T12:04:47.439+0000] {processor.py:840} INFO - DAG(s) 'tutorial_dag' retrieved from /home/airflow/.local/lib/python3.12/site-packages/airflow/example_dags/tutorial_dag.py
[2026-05-16T12:04:47.447+0000] {logging_mixin.py:188} INFO - [2026-05-16T12:04:47.447+0000] {dag.py:3089} INFO - Sync 1 DAGs
[2026-05-16T12:04:47.451+0000] {logging_mixin.py:188} INFO - [2026-05-16T12:04:47.451+0000] {dag.py:3947} INFO - Setting next_dagrun for tutorial_dag to None, run_after=None
[2026-05-16T12:04:47.456+0000] {processor.py:183} INFO - Processing /home/airflow/.local/lib/python3.12/site-packages/airflow/example_dags/tutorial_dag.py took 0.022 seconds
[2026-05-16T12:05:18.053+0000] {processor.py:161} INFO - Started process (PID=13216) to work on /home/airflow/.local/lib/python3.12/site-packages/airflow/example_dags/tutorial_dag.py
[2026-05-16T12:05:18.053+0000] {processor.py:830} INFO - Processing file /home/airflow/.local/lib/python3.12/site-packages/airflow/example_dags/tutorial_dag.py for tasks to queue
[2026-05-16T12:05:18.054+0000] {logging_mixin.py:188} INFO - [2026-05-16T12:05:18.054+0000] {dagbag.py:545} INFO - Filling up the DagBag from /home/airflow/.local/lib/python3.12/site-packages/airflow/example_dags/tutorial_dag.py
[2026-05-16T12:05:18.056+0000] {processor.py:840} INFO - DAG(s) 'tutorial_dag' retrieved from /home/airflow/.local/lib/python3.12/site-packages/airflow/example_dags/tutorial_dag.py
[2026-05-16T12:05:18.064+0000] {logging_mixin.py:188} INFO - [2026-05-16T12:05:18.064+0000] {dag.py:3089} INFO - Sync 1 DAGs
[2026-05-16T12:05:18.068+0000] {logging_mixin.py:188} INFO - [2026-05-16T12:05:18.068+0000] {dag.py:3947} INFO - Setting next_dagrun for tutorial_dag to None, run_after=None
[2026-05-16T12:05:18.074+0000] {processor.py:183} INFO - Processing /home/airflow/.local/lib/python3.12/site-packages/airflow/example_dags/tutorial_dag.py took 0.023 seconds
[2026-05-16T12:05:48.629+0000] {processor.py:161} INFO - Started process (PID=13279) to work on /home/airflow/.local/lib/python3.12/site-packages/airflow/example_dags/tutorial_dag.py
[2026-05-16T12:05:48.629+0000] {processor.py:830} INFO - Processing file /home/airflow/.local/lib/python3.12/site-packages/airflow/example_dags/tutorial_dag.py for tasks to queue
[2026-05-16T12:05:48.630+0000] {logging_mixin.py:188} INFO - [2026-05-16T12:05:48.629+0000] {dagbag.py:545} INFO - Filling up the DagBag from /home/airflow/.local/lib/python3.12/site-packages/airflow/example_dags/tutorial_dag.py
[2026-05-16T12:05:48.632+0000] {processor.py:840} INFO - DAG(s) 'tutorial_dag' retrieved from /home/airflow/.local/lib/python3.12/site-packages/airflow/example_dags/tutorial_dag.py
[2026-05-16T12:05:48.639+0000] {logging_mixin.py:188} INFO - [2026-05-16T12:05:48.639+0000] {dag.py:3089} INFO - Sync 1 DAGs
[2026-05-16T12:05:48.643+0000] {logging_mixin.py:188} INFO - [2026-05-16T12:05:48.643+0000] {dag.py:3947} INFO - Setting next_dagrun for tutorial_dag to None, run_after=None
[2026-05-16T12:05:48.649+0000] {processor.py:183} INFO - Processing /home/airflow/.local/lib/python3.12/site-packages/airflow/example_dags/tutorial_dag.py took 0.022 seconds
[2026-05-16T12:06:19.254+0000] {processor.py:161} INFO - Started process (PID=13341) to work on /home/airflow/.local/lib/python3.12/site-packages/airflow/example_dags/tutorial_dag.py
[2026-05-16T12:06:19.255+0000] {processor.py:830} INFO - Processing file /home/airflow/.local/lib/python3.12/site-packages/airflow/example_dags/tutorial_dag.py for tasks to queue
[2026-05-16T12:06:19.255+0000] {logging_mixin.py:188} INFO - [2026-05-16T12:06:19.255+0000] {dagbag.py:545} INFO - Filling up the DagBag from /home/airflow/.local/lib/python3.12/site-packages/airflow/example_dags/tutorial_dag.py
[2026-05-16T12:06:19.257+0000] {processor.py:840} INFO - DAG(s) 'tutorial_dag' retrieved from /home/airflow/.local/lib/python3.12/site-packages/airflow/example_dags/tutorial_dag.py
[2026-05-16T12:06:19.264+0000] {logging_mixin.py:188} INFO - [2026-05-16T12:06:19.264+0000] {dag.py:3089} INFO - Sync 1 DAGs
[2026-05-16T12:06:19.268+0000] {logging_mixin.py:188} INFO - [2026-05-16T12:06:19.268+0000] {dag.py:3947} INFO - Setting next_dagrun for tutorial_dag to None, run_after=None
[2026-05-16T12:06:19.273+0000] {processor.py:183} INFO - Processing /home/airflow/.local/lib/python3.12/site-packages/airflow/example_dags/tutorial_dag.py took 0.021 seconds
[2026-05-16T12:06:50.010+0000] {processor.py:161} INFO - Started process (PID=13403) to work on /home/airflow/.local/lib/python3.12/site-packages/airflow/example_dags/tutorial_dag.py
[2026-05-16T12:06:50.010+0000] {processor.py:830} INFO - Processing file /home/airflow/.local/lib/python3.12/site-packages/airflow/example_dags/tutorial_dag.py for tasks to queue
[2026-05-16T12:06:50.011+0000] {logging_mixin.py:188} INFO - [2026-05-16T12:06:50.010+0000] {dagbag.py:545} INFO - Filling up the DagBag from /home/airflow/.local/lib/python3.12/site-packages/airflow/example_dags/tutorial_dag.py
[2026-05-16T12:06:50.013+0000] {processor.py:840} INFO - DAG(s) 'tutorial_dag' retrieved from /home/airflow/.local/lib/python3.12/site-packages/airflow/example_dags/tutorial_dag.py
[2026-05-16T12:06:50.021+0000] {logging_mixin.py:188} INFO - [2026-05-16T12:06:50.021+0000] {dag.py:3089} INFO - Sync 1 DAGs
[2026-05-16T12:06:50.026+0000] {logging_mixin.py:188} INFO - [2026-05-16T12:06:50.026+0000] {dag.py:3947} INFO - Setting next_dagrun for tutorial_dag to None, run_after=None
[2026-05-16T12:06:50.035+0000] {processor.py:183} INFO - Processing /home/airflow/.local/lib/python3.12/site-packages/airflow/example_dags/tutorial_dag.py took 0.028 seconds
[2026-05-16T12:07:20.690+0000] {processor.py:161} INFO - Started process (PID=13465) to work on /home/airflow/.local/lib/python3.12/site-packages/airflow/example_dags/tutorial_dag.py
[2026-05-16T12:07:20.691+0000] {processor.py:830} INFO - Processing file /home/airflow/.local/lib/python3.12/site-packages/airflow/example_dags/tutorial_dag.py for tasks to queue
[2026-05-16T12:07:20.692+0000] {logging_mixin.py:188} INFO - [2026-05-16T12:07:20.691+0000] {dagbag.py:545} INFO - Filling up the DagBag from /home/airflow/.local/lib/python3.12/site-packages/airflow/example_dags/tutorial_dag.py
[2026-05-16T12:07:20.694+0000] {processor.py:840} INFO - DAG(s) 'tutorial_dag' retrieved from /home/airflow/.local/lib/python3.12/site-packages/airflow/example_dags/tutorial_dag.py
[2026-05-16T12:07:20.706+0000] {logging_mixin.py:188} INFO - [2026-05-16T12:07:20.706+0000] {dag.py:3089} INFO - Sync 1 DAGs
[2026-05-16T12:07:20.711+0000] {logging_mixin.py:188} INFO - [2026-05-16T12:07:20.711+0000] {dag.py:3947} INFO - Setting next_dagrun for tutorial_dag to None, run_after=None
[2026-05-16T12:07:20.721+0000] {processor.py:183} INFO - Processing /home/airflow/.local/lib/python3.12/site-packages/airflow/example_dags/tutorial_dag.py took 0.033 seconds
[2026-05-16T12:07:51.428+0000] {processor.py:161} INFO - Started process (PID=13527) to work on /home/airflow/.local/lib/python3.12/site-packages/airflow/example_dags/tutorial_dag.py
[2026-05-16T12:07:51.429+0000] {processor.py:830} INFO - Processing file /home/airflow/.local/lib/python3.12/site-packages/airflow/example_dags/tutorial_dag.py for tasks to queue
[2026-05-16T12:07:51.429+0000] {logging_mixin.py:188} INFO - [2026-05-16T12:07:51.429+0000] {dagbag.py:545} INFO - Filling up the DagBag from /home/airflow/.local/lib/python3.12/site-packages/airflow/example_dags/tutorial_dag.py
[2026-05-16T12:07:51.432+0000] {processor.py:840} INFO - DAG(s) 'tutorial_dag' retrieved from /home/airflow/.local/lib/python3.12/site-packages/airflow/example_dags/tutorial_dag.py
[2026-05-16T12:07:51.441+0000] {logging_mixin.py:188} INFO - [2026-05-16T12:07:51.441+0000] {dag.py:3089} INFO - Sync 1 DAGs
[2026-05-16T12:07:51.445+0000] {logging_mixin.py:188} INFO - [2026-05-16T12:07:51.445+0000] {dag.py:3947} INFO - Setting next_dagrun for tutorial_dag to None, run_after=None
[2026-05-16T12:07:51.456+0000] {processor.py:183} INFO - Processing /home/airflow/.local/lib/python3.12/site-packages/airflow/example_dags/tutorial_dag.py took 0.030 seconds
[2026-05-16T12:08:22.088+0000] {processor.py:161} INFO - Started process (PID=13589) to work on /home/airflow/.local/lib/python3.12/site-packages/airflow/example_dags/tutorial_dag.py
[2026-05-16T12:08:22.088+0000] {processor.py:830} INFO - Processing file /home/airflow/.local/lib/python3.12/site-packages/airflow/example_dags/tutorial_dag.py for tasks to queue
[2026-05-16T12:08:22.089+0000] {logging_mixin.py:188} INFO - [2026-05-16T12:08:22.089+0000] {dagbag.py:545} INFO - Filling up the DagBag from /home/airflow/.local/lib/python3.12/site-packages/airflow/example_dags/tutorial_dag.py
[2026-05-16T12:08:22.091+0000] {processor.py:840} INFO - DAG(s) 'tutorial_dag' retrieved from /home/airflow/.local/lib/python3.12/site-packages/airflow/example_dags/tutorial_dag.py
[2026-05-16T12:08:22.102+0000] {logging_mixin.py:188} INFO - [2026-05-16T12:08:22.102+0000] {dag.py:3089} INFO - Sync 1 DAGs
[2026-05-16T12:08:22.106+0000] {logging_mixin.py:188} INFO - [2026-05-16T12:08:22.106+0000] {dag.py:3947} INFO - Setting next_dagrun for tutorial_dag to None, run_after=None
[2026-05-16T12:08:22.115+0000] {processor.py:183} INFO - Processing /home/airflow/.local/lib/python3.12/site-packages/airflow/example_dags/tutorial_dag.py took 0.029 seconds
[2026-05-16T12:08:52.670+0000] {processor.py:161} INFO - Started process (PID=13652) to work on /home/airflow/.local/lib/python3.12/site-packages/airflow/example_dags/tutorial_dag.py
[2026-05-16T12:08:52.670+0000] {processor.py:830} INFO - Processing file /home/airflow/.local/lib/python3.12/site-packages/airflow/example_dags/tutorial_dag.py for tasks to queue
[2026-05-16T12:08:52.671+0000] {logging_mixin.py:188} INFO - [2026-05-16T12:08:52.670+0000] {dagbag.py:545} INFO - Filling up the DagBag from /home/airflow/.local/lib/python3.12/site-packages/airflow/example_dags/tutorial_dag.py
[2026-05-16T12:08:52.673+0000] {processor.py:840} INFO - DAG(s) 'tutorial_dag' retrieved from /home/airflow/.local/lib/python3.12/site-packages/airflow/example_dags/tutorial_dag.py
[2026-05-16T12:08:52.680+0000] {logging_mixin.py:188} INFO - [2026-05-16T12:08:52.680+0000] {dag.py:3089} INFO - Sync 1 DAGs
[2026-05-16T12:08:52.684+0000] {logging_mixin.py:188} INFO - [2026-05-16T12:08:52.684+0000] {dag.py:3947} INFO - Setting next_dagrun for tutorial_dag to None, run_after=None
[2026-05-16T12:08:52.690+0000] {processor.py:183} INFO - Processing /home/airflow/.local/lib/python3.12/site-packages/airflow/example_dags/tutorial_dag.py took 0.022 seconds
[2026-05-16T12:09:23.540+0000] {processor.py:161} INFO - Started process (PID=13714) to work on /home/airflow/.local/lib/python3.12/site-packages/airflow/example_dags/tutorial_dag.py
[2026-05-16T12:09:23.540+0000] {processor.py:830} INFO - Processing file /home/airflow/.local/lib/python3.12/site-packages/airflow/example_dags/tutorial_dag.py for tasks to queue
[2026-05-16T12:09:23.541+0000] {logging_mixin.py:188} INFO - [2026-05-16T12:09:23.540+0000] {dagbag.py:545} INFO - Filling up the DagBag from /home/airflow/.local/lib/python3.12/site-packages/airflow/example_dags/tutorial_dag.py
[2026-05-16T12:09:23.543+0000] {processor.py:840} INFO - DAG(s) 'tutorial_dag' retrieved from /home/airflow/.local/lib/python3.12/site-packages/airflow/example_dags/tutorial_dag.py
[2026-05-16T12:09:23.552+0000] {logging_mixin.py:188} INFO - [2026-05-16T12:09:23.552+0000] {dag.py:3089} INFO - Sync 1 DAGs
[2026-05-16T12:09:23.556+0000] {logging_mixin.py:188} INFO - [2026-05-16T12:09:23.556+0000] {dag.py:3947} INFO - Setting next_dagrun for tutorial_dag to None, run_after=None
[2026-05-16T12:09:23.562+0000] {processor.py:183} INFO - Processing /home/airflow/.local/lib/python3.12/site-packages/airflow/example_dags/tutorial_dag.py took 0.025 seconds
[2026-05-16T12:09:53.705+0000] {processor.py:161} INFO - Started process (PID=13776) to work on /home/airflow/.local/lib/python3.12/site-packages/airflow/example_dags/tutorial_dag.py
[2026-05-16T12:09:53.705+0000] {processor.py:830} INFO - Processing file /home/airflow/.local/lib/python3.12/site-packages/airflow/example_dags/tutorial_dag.py for tasks to queue
[2026-05-16T12:09:53.706+0000] {logging_mixin.py:188} INFO - [2026-05-16T12:09:53.706+0000] {dagbag.py:545} INFO - Filling up the DagBag from /home/airflow/.local/lib/python3.12/site-packages/airflow/example_dags/tutorial_dag.py
[2026-05-16T12:09:53.709+0000] {processor.py:840} INFO - DAG(s) 'tutorial_dag' retrieved from /home/airflow/.local/lib/python3.12/site-packages/airflow/example_dags/tutorial_dag.py
[2026-05-16T12:09:53.718+0000] {logging_mixin.py:188} INFO - [2026-05-16T12:09:53.718+0000] {dag.py:3089} INFO - Sync 1 DAGs
[2026-05-16T12:09:53.725+0000] {logging_mixin.py:188} INFO - [2026-05-16T12:09:53.725+0000] {dag.py:3947} INFO - Setting next_dagrun for tutorial_dag to None, run_after=None
[2026-05-16T12:09:53.734+0000] {processor.py:183} INFO - Processing /home/airflow/.local/lib/python3.12/site-packages/airflow/example_dags/tutorial_dag.py took 0.031 seconds
[2026-05-16T12:10:24.677+0000] {processor.py:161} INFO - Started process (PID=13838) to work on /home/airflow/.local/lib/python3.12/site-packages/airflow/example_dags/tutorial_dag.py
[2026-05-16T12:10:24.678+0000] {processor.py:830} INFO - Processing file /home/airflow/.local/lib/python3.12/site-packages/airflow/example_dags/tutorial_dag.py for tasks to queue
[2026-05-16T12:10:24.678+0000] {logging_mixin.py:188} INFO - [2026-05-16T12:10:24.678+0000] {dagbag.py:545} INFO - Filling up the DagBag from /home/airflow/.local/lib/python3.12/site-packages/airflow/example_dags/tutorial_dag.py
[2026-05-16T12:10:24.680+0000] {processor.py:840} INFO - DAG(s) 'tutorial_dag' retrieved from /home/airflow/.local/lib/python3.12/site-packages/airflow/example_dags/tutorial_dag.py
[2026-05-16T12:10:24.690+0000] {logging_mixin.py:188} INFO - [2026-05-16T12:10:24.689+0000] {dag.py:3089} INFO - Sync 1 DAGs
[2026-05-16T12:10:24.694+0000] {logging_mixin.py:188} INFO - [2026-05-16T12:10:24.694+0000] {dag.py:3947} INFO - Setting next_dagrun for tutorial_dag to None, run_after=None
[2026-05-16T12:10:24.699+0000] {processor.py:183} INFO - Processing /home/airflow/.local/lib/python3.12/site-packages/airflow/example_dags/tutorial_dag.py took 0.025 seconds
[2026-05-16T12:10:55.539+0000] {processor.py:161} INFO - Started process (PID=13900) to work on /home/airflow/.local/lib/python3.12/site-packages/airflow/example_dags/tutorial_dag.py
[2026-05-16T12:10:55.540+0000] {processor.py:830} INFO - Processing file /home/airflow/.local/lib/python3.12/site-packages/airflow/example_dags/tutorial_dag.py for tasks to queue
[2026-05-16T12:10:55.540+0000] {logging_mixin.py:188} INFO - [2026-05-16T12:10:55.540+0000] {dagbag.py:545} INFO - Filling up the DagBag from /home/airflow/.local/lib/python3.12/site-packages/airflow/example_dags/tutorial_dag.py
[2026-05-16T12:10:55.542+0000] {processor.py:840} INFO - DAG(s) 'tutorial_dag' retrieved from /home/airflow/.local/lib/python3.12/site-packages/airflow/example_dags/tutorial_dag.py
[2026-05-16T12:10:55.551+0000] {logging_mixin.py:188} INFO - [2026-05-16T12:10:55.551+0000] {dag.py:3089} INFO - Sync 1 DAGs
[2026-05-16T12:10:55.555+0000] {logging_mixin.py:188} INFO - [2026-05-16T12:10:55.555+0000] {dag.py:3947} INFO - Setting next_dagrun for tutorial_dag to None, run_after=None
[2026-05-16T12:10:55.560+0000] {processor.py:183} INFO - Processing /home/airflow/.local/lib/python3.12/site-packages/airflow/example_dags/tutorial_dag.py took 0.024 seconds
[2026-05-16T12:11:26.269+0000] {processor.py:161} INFO - Started process (PID=13962) to work on /home/airflow/.local/lib/python3.12/site-packages/airflow/example_dags/tutorial_dag.py
[2026-05-16T12:11:26.270+0000] {processor.py:830} INFO - Processing file /home/airflow/.local/lib/python3.12/site-packages/airflow/example_dags/tutorial_dag.py for tasks to queue
[2026-05-16T12:11:26.270+0000] {logging_mixin.py:188} INFO - [2026-05-16T12:11:26.270+0000] {dagbag.py:545} INFO - Filling up the DagBag from /home/airflow/.local/lib/python3.12/site-packages/airflow/example_dags/tutorial_dag.py
[2026-05-16T12:11:26.273+0000] {processor.py:840} INFO - DAG(s) 'tutorial_dag' retrieved from /home/airflow/.local/lib/python3.12/site-packages/airflow/example_dags/tutorial_dag.py
[2026-05-16T12:11:26.284+0000] {logging_mixin.py:188} INFO - [2026-05-16T12:11:26.284+0000] {dag.py:3089} INFO - Sync 1 DAGs
[2026-05-16T12:11:26.289+0000] {logging_mixin.py:188} INFO - [2026-05-16T12:11:26.288+0000] {dag.py:3947} INFO - Setting next_dagrun for tutorial_dag to None, run_after=None
[2026-05-16T12:11:26.295+0000] {processor.py:183} INFO - Processing /home/airflow/.local/lib/python3.12/site-packages/airflow/example_dags/tutorial_dag.py took 0.028 seconds
[2026-05-16T12:11:57.048+0000] {processor.py:161} INFO - Started process (PID=14023) to work on /home/airflow/.local/lib/python3.12/site-packages/airflow/example_dags/tutorial_dag.py
[2026-05-16T12:11:57.049+0000] {processor.py:830} INFO - Processing file /home/airflow/.local/lib/python3.12/site-packages/airflow/example_dags/tutorial_dag.py for tasks to queue
[2026-05-16T12:11:57.049+0000] {logging_mixin.py:188} INFO - [2026-05-16T12:11:57.049+0000] {dagbag.py:545} INFO - Filling up the DagBag from /home/airflow/.local/lib/python3.12/site-packages/airflow/example_dags/tutorial_dag.py
[2026-05-16T12:11:57.052+0000] {processor.py:840} INFO - DAG(s) 'tutorial_dag' retrieved from /home/airflow/.local/lib/python3.12/site-packages/airflow/example_dags/tutorial_dag.py
[2026-05-16T12:11:57.061+0000] {logging_mixin.py:188} INFO - [2026-05-16T12:11:57.061+0000] {dag.py:3089} INFO - Sync 1 DAGs
[2026-05-16T12:11:57.066+0000] {logging_mixin.py:188} INFO - [2026-05-16T12:11:57.065+0000] {dag.py:3947} INFO - Setting next_dagrun for tutorial_dag to None, run_after=None
[2026-05-16T12:11:57.071+0000] {processor.py:183} INFO - Processing /home/airflow/.local/lib/python3.12/site-packages/airflow/example_dags/tutorial_dag.py took 0.026 seconds
[2026-05-16T12:12:27.749+0000] {processor.py:161} INFO - Started process (PID=14085) to work on /home/airflow/.local/lib/python3.12/site-packages/airflow/example_dags/tutorial_dag.py
[2026-05-16T12:12:27.749+0000] {processor.py:830} INFO - Processing file /home/airflow/.local/lib/python3.12/site-packages/airflow/example_dags/tutorial_dag.py for tasks to queue
[2026-05-16T12:12:27.750+0000] {logging_mixin.py:188} INFO - [2026-05-16T12:12:27.750+0000] {dagbag.py:545} INFO - Filling up the DagBag from /home/airflow/.local/lib/python3.12/site-packages/airflow/example_dags/tutorial_dag.py
[2026-05-16T12:12:27.752+0000] {processor.py:840} INFO - DAG(s) 'tutorial_dag' retrieved from /home/airflow/.local/lib/python3.12/site-packages/airflow/example_dags/tutorial_dag.py
[2026-05-16T12:12:27.760+0000] {logging_mixin.py:188} INFO - [2026-05-16T12:12:27.760+0000] {dag.py:3089} INFO - Sync 1 DAGs
[2026-05-16T12:12:27.764+0000] {logging_mixin.py:188} INFO - [2026-05-16T12:12:27.764+0000] {dag.py:3947} INFO - Setting next_dagrun for tutorial_dag to None, run_after=None
[2026-05-16T12:12:27.769+0000] {processor.py:183} INFO - Processing /home/airflow/.local/lib/python3.12/site-packages/airflow/example_dags/tutorial_dag.py took 0.024 seconds
[2026-05-16T12:12:58.414+0000] {processor.py:161} INFO - Started process (PID=14146) to work on /home/airflow/.local/lib/python3.12/site-packages/airflow/example_dags/tutorial_dag.py
[2026-05-16T12:12:58.415+0000] {processor.py:830} INFO - Processing file /home/airflow/.local/lib/python3.12/site-packages/airflow/example_dags/tutorial_dag.py for tasks to queue
[2026-05-16T12:12:58.415+0000] {logging_mixin.py:188} INFO - [2026-05-16T12:12:58.415+0000] {dagbag.py:545} INFO - Filling up the DagBag from /home/airflow/.local/lib/python3.12/site-packages/airflow/example_dags/tutorial_dag.py
[2026-05-16T12:12:58.417+0000] {processor.py:840} INFO - DAG(s) 'tutorial_dag' retrieved from /home/airflow/.local/lib/python3.12/site-packages/airflow/example_dags/tutorial_dag.py
[2026-05-16T12:12:58.424+0000] {logging_mixin.py:188} INFO - [2026-05-16T12:12:58.424+0000] {dag.py:3089} INFO - Sync 1 DAGs
[2026-05-16T12:12:58.428+0000] {logging_mixin.py:188} INFO - [2026-05-16T12:12:58.428+0000] {dag.py:3947} INFO - Setting next_dagrun for tutorial_dag to None, run_after=None
[2026-05-16T12:12:58.433+0000] {processor.py:183} INFO - Processing /home/airflow/.local/lib/python3.12/site-packages/airflow/example_dags/tutorial_dag.py took 0.021 seconds
[2026-05-16T12:13:29.038+0000] {processor.py:161} INFO - Started process (PID=14208) to work on /home/airflow/.local/lib/python3.12/site-packages/airflow/example_dags/tutorial_dag.py
[2026-05-16T12:13:29.039+0000] {processor.py:830} INFO - Processing file /home/airflow/.local/lib/python3.12/site-packages/airflow/example_dags/tutorial_dag.py for tasks to queue
[2026-05-16T12:13:29.040+0000] {logging_mixin.py:188} INFO - [2026-05-16T12:13:29.040+0000] {dagbag.py:545} INFO - Filling up the DagBag from /home/airflow/.local/lib/python3.12/site-packages/airflow/example_dags/tutorial_dag.py
[2026-05-16T12:13:29.046+0000] {processor.py:840} INFO - DAG(s) 'tutorial_dag' retrieved from /home/airflow/.local/lib/python3.12/site-packages/airflow/example_dags/tutorial_dag.py
[2026-05-16T12:13:29.056+0000] {logging_mixin.py:188} INFO - [2026-05-16T12:13:29.056+0000] {dag.py:3089} INFO - Sync 1 DAGs
[2026-05-16T12:13:29.061+0000] {logging_mixin.py:188} INFO - [2026-05-16T12:13:29.061+0000] {dag.py:3947} INFO - Setting next_dagrun for tutorial_dag to None, run_after=None
[2026-05-16T12:13:29.068+0000] {processor.py:183} INFO - Processing /home/airflow/.local/lib/python3.12/site-packages/airflow/example_dags/tutorial_dag.py took 0.034 seconds
[2026-05-16T12:13:59.543+0000] {processor.py:161} INFO - Started process (PID=14270) to work on /home/airflow/.local/lib/python3.12/site-packages/airflow/example_dags/tutorial_dag.py
[2026-05-16T12:13:59.543+0000] {processor.py:830} INFO - Processing file /home/airflow/.local/lib/python3.12/site-packages/airflow/example_dags/tutorial_dag.py for tasks to queue
[2026-05-16T12:13:59.544+0000] {logging_mixin.py:188} INFO - [2026-05-16T12:13:59.544+0000] {dagbag.py:545} INFO - Filling up the DagBag from /home/airflow/.local/lib/python3.12/site-packages/airflow/example_dags/tutorial_dag.py
[2026-05-16T12:13:59.546+0000] {processor.py:840} INFO - DAG(s) 'tutorial_dag' retrieved from /home/airflow/.local/lib/python3.12/site-packages/airflow/example_dags/tutorial_dag.py
[2026-05-16T12:13:59.556+0000] {logging_mixin.py:188} INFO - [2026-05-16T12:13:59.556+0000] {dag.py:3089} INFO - Sync 1 DAGs
[2026-05-16T12:13:59.561+0000] {logging_mixin.py:188} INFO - [2026-05-16T12:13:59.561+0000] {dag.py:3947} INFO - Setting next_dagrun for tutorial_dag to None, run_after=None
[2026-05-16T12:13:59.566+0000] {processor.py:183} INFO - Processing /home/airflow/.local/lib/python3.12/site-packages/airflow/example_dags/tutorial_dag.py took 0.027 seconds
[2026-05-16T12:14:30.217+0000] {processor.py:161} INFO - Started process (PID=14332) to work on /home/airflow/.local/lib/python3.12/site-packages/airflow/example_dags/tutorial_dag.py
[2026-05-16T12:14:30.217+0000] {processor.py:830} INFO - Processing file /home/airflow/.local/lib/python3.12/site-packages/airflow/example_dags/tutorial_dag.py for tasks to queue
[2026-05-16T12:14:30.217+0000] {logging_mixin.py:188} INFO - [2026-05-16T12:14:30.217+0000] {dagbag.py:545} INFO - Filling up the DagBag from /home/airflow/.local/lib/python3.12/site-packages/airflow/example_dags/tutorial_dag.py
[2026-05-16T12:14:30.219+0000] {processor.py:840} INFO - DAG(s) 'tutorial_dag' retrieved from /home/airflow/.local/lib/python3.12/site-packages/airflow/example_dags/tutorial_dag.py
[2026-05-16T12:14:30.227+0000] {logging_mixin.py:188} INFO - [2026-05-16T12:14:30.227+0000] {dag.py:3089} INFO - Sync 1 DAGs
[2026-05-16T12:14:30.231+0000] {logging_mixin.py:188} INFO - [2026-05-16T12:14:30.231+0000] {dag.py:3947} INFO - Setting next_dagrun for tutorial_dag to None, run_after=None
[2026-05-16T12:14:30.236+0000] {processor.py:183} INFO - Processing /home/airflow/.local/lib/python3.12/site-packages/airflow/example_dags/tutorial_dag.py took 0.021 seconds
[2026-05-16T12:15:00.834+0000] {processor.py:161} INFO - Started process (PID=14394) to work on /home/airflow/.local/lib/python3.12/site-packages/airflow/example_dags/tutorial_dag.py
[2026-05-16T12:15:00.834+0000] {processor.py:830} INFO - Processing file /home/airflow/.local/lib/python3.12/site-packages/airflow/example_dags/tutorial_dag.py for tasks to queue
[2026-05-16T12:15:00.834+0000] {logging_mixin.py:188} INFO - [2026-05-16T12:15:00.834+0000] {dagbag.py:545} INFO - Filling up the DagBag from /home/airflow/.local/lib/python3.12/site-packages/airflow/example_dags/tutorial_dag.py
[2026-05-16T12:15:00.836+0000] {processor.py:840} INFO - DAG(s) 'tutorial_dag' retrieved from /home/airflow/.local/lib/python3.12/site-packages/airflow/example_dags/tutorial_dag.py
[2026-05-16T12:15:00.844+0000] {logging_mixin.py:188} INFO - [2026-05-16T12:15:00.844+0000] {dag.py:3089} INFO - Sync 1 DAGs
[2026-05-16T12:15:00.848+0000] {logging_mixin.py:188} INFO - [2026-05-16T12:15:00.848+0000] {dag.py:3947} INFO - Setting next_dagrun for tutorial_dag to None, run_after=None
[2026-05-16T12:15:00.852+0000] {processor.py:183} INFO - Processing /home/airflow/.local/lib/python3.12/site-packages/airflow/example_dags/tutorial_dag.py took 0.021 seconds
[2026-05-16T12:15:31.648+0000] {processor.py:161} INFO - Started process (PID=14455) to work on /home/airflow/.local/lib/python3.12/site-packages/airflow/example_dags/tutorial_dag.py
[2026-05-16T12:15:31.648+0000] {processor.py:830} INFO - Processing file /home/airflow/.local/lib/python3.12/site-packages/airflow/example_dags/tutorial_dag.py for tasks to queue
[2026-05-16T12:15:31.648+0000] {logging_mixin.py:188} INFO - [2026-05-16T12:15:31.648+0000] {dagbag.py:545} INFO - Filling up the DagBag from /home/airflow/.local/lib/python3.12/site-packages/airflow/example_dags/tutorial_dag.py
[2026-05-16T12:15:31.650+0000] {processor.py:840} INFO - DAG(s) 'tutorial_dag' retrieved from /home/airflow/.local/lib/python3.12/site-packages/airflow/example_dags/tutorial_dag.py
[2026-05-16T12:15:31.659+0000] {logging_mixin.py:188} INFO - [2026-05-16T12:15:31.659+0000] {dag.py:3089} INFO - Sync 1 DAGs
[2026-05-16T12:15:31.663+0000] {logging_mixin.py:188} INFO - [2026-05-16T12:15:31.663+0000] {dag.py:3947} INFO - Setting next_dagrun for tutorial_dag to None, run_after=None
[2026-05-16T12:15:31.668+0000] {processor.py:183} INFO - Processing /home/airflow/.local/lib/python3.12/site-packages/airflow/example_dags/tutorial_dag.py took 0.023 seconds
[2026-05-16T12:16:02.267+0000] {processor.py:161} INFO - Started process (PID=14517) to work on /home/airflow/.local/lib/python3.12/site-packages/airflow/example_dags/tutorial_dag.py
[2026-05-16T12:16:02.268+0000] {processor.py:830} INFO - Processing file /home/airflow/.local/lib/python3.12/site-packages/airflow/example_dags/tutorial_dag.py for tasks to queue
[2026-05-16T12:16:02.268+0000] {logging_mixin.py:188} INFO - [2026-05-16T12:16:02.268+0000] {dagbag.py:545} INFO - Filling up the DagBag from /home/airflow/.local/lib/python3.12/site-packages/airflow/example_dags/tutorial_dag.py
[2026-05-16T12:16:02.275+0000] {processor.py:840} INFO - DAG(s) 'tutorial_dag' retrieved from /home/airflow/.local/lib/python3.12/site-packages/airflow/example_dags/tutorial_dag.py
[2026-05-16T12:16:02.292+0000] {logging_mixin.py:188} INFO - [2026-05-16T12:16:02.292+0000] {dag.py:3089} INFO - Sync 1 DAGs
[2026-05-16T12:16:02.300+0000] {logging_mixin.py:188} INFO - [2026-05-16T12:16:02.300+0000] {dag.py:3947} INFO - Setting next_dagrun for tutorial_dag to None, run_after=None
[2026-05-16T12:16:02.420+0000] {processor.py:183} INFO - Processing /home/airflow/.local/lib/python3.12/site-packages/airflow/example_dags/tutorial_dag.py took 0.157 seconds
[2026-05-16T12:16:33.304+0000] {processor.py:161} INFO - Started process (PID=14578) to work on /home/airflow/.local/lib/python3.12/site-packages/airflow/example_dags/tutorial_dag.py
[2026-05-16T12:16:33.304+0000] {processor.py:830} INFO - Processing file /home/airflow/.local/lib/python3.12/site-packages/airflow/example_dags/tutorial_dag.py for tasks to queue
[2026-05-16T12:16:33.304+0000] {logging_mixin.py:188} INFO - [2026-05-16T12:16:33.304+0000] {dagbag.py:545} INFO - Filling up the DagBag from /home/airflow/.local/lib/python3.12/site-packages/airflow/example_dags/tutorial_dag.py
[2026-05-16T12:16:33.309+0000] {processor.py:840} INFO - DAG(s) 'tutorial_dag' retrieved from /home/airflow/.local/lib/python3.12/site-packages/airflow/example_dags/tutorial_dag.py
[2026-05-16T12:16:33.329+0000] {logging_mixin.py:188} INFO - [2026-05-16T12:16:33.329+0000] {dag.py:3089} INFO - Sync 1 DAGs
[2026-05-16T12:16:33.338+0000] {logging_mixin.py:188} INFO - [2026-05-16T12:16:33.337+0000] {dag.py:3947} INFO - Setting next_dagrun for tutorial_dag to None, run_after=None
[2026-05-16T12:16:33.353+0000] {processor.py:183} INFO - Processing /home/airflow/.local/lib/python3.12/site-packages/airflow/example_dags/tutorial_dag.py took 0.055 seconds
[2026-05-16T12:17:03.687+0000] {processor.py:161} INFO - Started process (PID=14639) to work on /home/airflow/.local/lib/python3.12/site-packages/airflow/example_dags/tutorial_dag.py
[2026-05-16T12:17:03.688+0000] {processor.py:830} INFO - Processing file /home/airflow/.local/lib/python3.12/site-packages/airflow/example_dags/tutorial_dag.py for tasks to queue
[2026-05-16T12:17:03.688+0000] {logging_mixin.py:188} INFO - [2026-05-16T12:17:03.688+0000] {dagbag.py:545} INFO - Filling up the DagBag from /home/airflow/.local/lib/python3.12/site-packages/airflow/example_dags/tutorial_dag.py
[2026-05-16T12:17:03.694+0000] {processor.py:840} INFO - DAG(s) 'tutorial_dag' retrieved from /home/airflow/.local/lib/python3.12/site-packages/airflow/example_dags/tutorial_dag.py
[2026-05-16T12:17:03.718+0000] {logging_mixin.py:188} INFO - [2026-05-16T12:17:03.718+0000] {dag.py:3089} INFO - Sync 1 DAGs
[2026-05-16T12:17:03.731+0000] {logging_mixin.py:188} INFO - [2026-05-16T12:17:03.731+0000] {dag.py:3947} INFO - Setting next_dagrun for tutorial_dag to None, run_after=None
[2026-05-16T12:17:03.754+0000] {processor.py:183} INFO - Processing /home/airflow/.local/lib/python3.12/site-packages/airflow/example_dags/tutorial_dag.py took 0.073 seconds
[2026-05-16T12:17:34.298+0000] {processor.py:161} INFO - Started process (PID=14701) to work on /home/airflow/.local/lib/python3.12/site-packages/airflow/example_dags/tutorial_dag.py
[2026-05-16T12:17:34.298+0000] {processor.py:830} INFO - Processing file /home/airflow/.local/lib/python3.12/site-packages/airflow/example_dags/tutorial_dag.py for tasks to queue
[2026-05-16T12:17:34.299+0000] {logging_mixin.py:188} INFO - [2026-05-16T12:17:34.298+0000] {dagbag.py:545} INFO - Filling up the DagBag from /home/airflow/.local/lib/python3.12/site-packages/airflow/example_dags/tutorial_dag.py
[2026-05-16T12:17:34.301+0000] {processor.py:840} INFO - DAG(s) 'tutorial_dag' retrieved from /home/airflow/.local/lib/python3.12/site-packages/airflow/example_dags/tutorial_dag.py
[2026-05-16T12:17:34.309+0000] {logging_mixin.py:188} INFO - [2026-05-16T12:17:34.309+0000] {dag.py:3089} INFO - Sync 1 DAGs
[2026-05-16T12:17:34.313+0000] {logging_mixin.py:188} INFO - [2026-05-16T12:17:34.313+0000] {dag.py:3947} INFO - Setting next_dagrun for tutorial_dag to None, run_after=None
[2026-05-16T12:17:34.318+0000] {processor.py:183} INFO - Processing /home/airflow/.local/lib/python3.12/site-packages/airflow/example_dags/tutorial_dag.py took 0.023 seconds
[2026-05-16T12:18:04.857+0000] {processor.py:161} INFO - Started process (PID=14763) to work on /home/airflow/.local/lib/python3.12/site-packages/airflow/example_dags/tutorial_dag.py
[2026-05-16T12:18:04.858+0000] {processor.py:830} INFO - Processing file /home/airflow/.local/lib/python3.12/site-packages/airflow/example_dags/tutorial_dag.py for tasks to queue
[2026-05-16T12:18:04.858+0000] {logging_mixin.py:188} INFO - [2026-05-16T12:18:04.858+0000] {dagbag.py:545} INFO - Filling up the DagBag from /home/airflow/.local/lib/python3.12/site-packages/airflow/example_dags/tutorial_dag.py
[2026-05-16T12:18:04.861+0000] {processor.py:840} INFO - DAG(s) 'tutorial_dag' retrieved from /home/airflow/.local/lib/python3.12/site-packages/airflow/example_dags/tutorial_dag.py
[2026-05-16T12:18:04.869+0000] {logging_mixin.py:188} INFO - [2026-05-16T12:18:04.869+0000] {dag.py:3089} INFO - Sync 1 DAGs
[2026-05-16T12:18:04.873+0000] {logging_mixin.py:188} INFO - [2026-05-16T12:18:04.873+0000] {dag.py:3947} INFO - Setting next_dagrun for tutorial_dag to None, run_after=None
[2026-05-16T12:18:04.878+0000] {processor.py:183} INFO - Processing /home/airflow/.local/lib/python3.12/site-packages/airflow/example_dags/tutorial_dag.py took 0.024 seconds
[2026-05-16T12:18:35.408+0000] {processor.py:161} INFO - Started process (PID=14825) to work on /home/airflow/.local/lib/python3.12/site-packages/airflow/example_dags/tutorial_dag.py
[2026-05-16T12:18:35.408+0000] {processor.py:830} INFO - Processing file /home/airflow/.local/lib/python3.12/site-packages/airflow/example_dags/tutorial_dag.py for tasks to queue
[2026-05-16T12:18:35.408+0000] {logging_mixin.py:188} INFO - [2026-05-16T12:18:35.408+0000] {dagbag.py:545} INFO - Filling up the DagBag from /home/airflow/.local/lib/python3.12/site-packages/airflow/example_dags/tutorial_dag.py
[2026-05-16T12:18:35.410+0000] {processor.py:840} INFO - DAG(s) 'tutorial_dag' retrieved from /home/airflow/.local/lib/python3.12/site-packages/airflow/example_dags/tutorial_dag.py
[2026-05-16T12:18:35.418+0000] {logging_mixin.py:188} INFO - [2026-05-16T12:18:35.418+0000] {dag.py:3089} INFO - Sync 1 DAGs
[2026-05-16T12:18:35.422+0000] {logging_mixin.py:188} INFO - [2026-05-16T12:18:35.422+0000] {dag.py:3947} INFO - Setting next_dagrun for tutorial_dag to None, run_after=None
[2026-05-16T12:18:35.427+0000] {processor.py:183} INFO - Processing /home/airflow/.local/lib/python3.12/site-packages/airflow/example_dags/tutorial_dag.py took 0.022 seconds
[2026-05-16T12:19:06.097+0000] {processor.py:161} INFO - Started process (PID=14887) to work on /home/airflow/.local/lib/python3.12/site-packages/airflow/example_dags/tutorial_dag.py
[2026-05-16T12:19:06.097+0000] {processor.py:830} INFO - Processing file /home/airflow/.local/lib/python3.12/site-packages/airflow/example_dags/tutorial_dag.py for tasks to queue
[2026-05-16T12:19:06.097+0000] {logging_mixin.py:188} INFO - [2026-05-16T12:19:06.097+0000] {dagbag.py:545} INFO - Filling up the DagBag from /home/airflow/.local/lib/python3.12/site-packages/airflow/example_dags/tutorial_dag.py
[2026-05-16T12:19:06.100+0000] {processor.py:840} INFO - DAG(s) 'tutorial_dag' retrieved from /home/airflow/.local/lib/python3.12/site-packages/airflow/example_dags/tutorial_dag.py
[2026-05-16T12:19:06.108+0000] {logging_mixin.py:188} INFO - [2026-05-16T12:19:06.108+0000] {dag.py:3089} INFO - Sync 1 DAGs
[2026-05-16T12:19:06.114+0000] {logging_mixin.py:188} INFO - [2026-05-16T12:19:06.113+0000] {dag.py:3947} INFO - Setting next_dagrun for tutorial_dag to None, run_after=None
[2026-05-16T12:19:06.121+0000] {processor.py:183} INFO - Processing /home/airflow/.local/lib/python3.12/site-packages/airflow/example_dags/tutorial_dag.py took 0.031 seconds
[2026-05-16T12:19:36.597+0000] {processor.py:161} INFO - Started process (PID=14949) to work on /home/airflow/.local/lib/python3.12/site-packages/airflow/example_dags/tutorial_dag.py
[2026-05-16T12:19:36.597+0000] {processor.py:830} INFO - Processing file /home/airflow/.local/lib/python3.12/site-packages/airflow/example_dags/tutorial_dag.py for tasks to queue
[2026-05-16T12:19:36.598+0000] {logging_mixin.py:188} INFO - [2026-05-16T12:19:36.598+0000] {dagbag.py:545} INFO - Filling up the DagBag from /home/airflow/.local/lib/python3.12/site-packages/airflow/example_dags/tutorial_dag.py
[2026-05-16T12:19:36.600+0000] {processor.py:840} INFO - DAG(s) 'tutorial_dag' retrieved from /home/airflow/.local/lib/python3.12/site-packages/airflow/example_dags/tutorial_dag.py
[2026-05-16T12:19:36.608+0000] {logging_mixin.py:188} INFO - [2026-05-16T12:19:36.608+0000] {dag.py:3089} INFO - Sync 1 DAGs
[2026-05-16T12:19:36.612+0000] {logging_mixin.py:188} INFO - [2026-05-16T12:19:36.612+0000] {dag.py:3947} INFO - Setting next_dagrun for tutorial_dag to None, run_after=None
[2026-05-16T12:19:36.617+0000] {processor.py:183} INFO - Processing /home/airflow/.local/lib/python3.12/site-packages/airflow/example_dags/tutorial_dag.py took 0.023 seconds
[2026-05-16T12:20:07.056+0000] {processor.py:161} INFO - Started process (PID=15011) to work on /home/airflow/.local/lib/python3.12/site-packages/airflow/example_dags/tutorial_dag.py
[2026-05-16T12:20:07.056+0000] {processor.py:830} INFO - Processing file /home/airflow/.local/lib/python3.12/site-packages/airflow/example_dags/tutorial_dag.py for tasks to queue
[2026-05-16T12:20:07.057+0000] {logging_mixin.py:188} INFO - [2026-05-16T12:20:07.057+0000] {dagbag.py:545} INFO - Filling up the DagBag from /home/airflow/.local/lib/python3.12/site-packages/airflow/example_dags/tutorial_dag.py
[2026-05-16T12:20:07.059+0000] {processor.py:840} INFO - DAG(s) 'tutorial_dag' retrieved from /home/airflow/.local/lib/python3.12/site-packages/airflow/example_dags/tutorial_dag.py
[2026-05-16T12:20:07.069+0000] {logging_mixin.py:188} INFO - [2026-05-16T12:20:07.069+0000] {dag.py:3089} INFO - Sync 1 DAGs
[2026-05-16T12:20:07.073+0000] {logging_mixin.py:188} INFO - [2026-05-16T12:20:07.073+0000] {dag.py:3947} INFO - Setting next_dagrun for tutorial_dag to None, run_after=None
[2026-05-16T12:20:07.082+0000] {processor.py:183} INFO - Processing /home/airflow/.local/lib/python3.12/site-packages/airflow/example_dags/tutorial_dag.py took 0.029 seconds
[2026-05-16T12:20:37.646+0000] {processor.py:161} INFO - Started process (PID=15073) to work on /home/airflow/.local/lib/python3.12/site-packages/airflow/example_dags/tutorial_dag.py
[2026-05-16T12:20:37.647+0000] {processor.py:830} INFO - Processing file /home/airflow/.local/lib/python3.12/site-packages/airflow/example_dags/tutorial_dag.py for tasks to queue
[2026-05-16T12:20:37.647+0000] {logging_mixin.py:188} INFO - [2026-05-16T12:20:37.647+0000] {dagbag.py:545} INFO - Filling up the DagBag from /home/airflow/.local/lib/python3.12/site-packages/airflow/example_dags/tutorial_dag.py
[2026-05-16T12:20:37.649+0000] {processor.py:840} INFO - DAG(s) 'tutorial_dag' retrieved from /home/airflow/.local/lib/python3.12/site-packages/airflow/example_dags/tutorial_dag.py
[2026-05-16T12:20:37.658+0000] {logging_mixin.py:188} INFO - [2026-05-16T12:20:37.658+0000] {dag.py:3089} INFO - Sync 1 DAGs
[2026-05-16T12:20:37.663+0000] {logging_mixin.py:188} INFO - [2026-05-16T12:20:37.663+0000] {dag.py:3947} INFO - Setting next_dagrun for tutorial_dag to None, run_after=None
[2026-05-16T12:20:37.668+0000] {processor.py:183} INFO - Processing /home/airflow/.local/lib/python3.12/site-packages/airflow/example_dags/tutorial_dag.py took 0.025 seconds
[2026-05-16T12:21:08.206+0000] {processor.py:161} INFO - Started process (PID=15135) to work on /home/airflow/.local/lib/python3.12/site-packages/airflow/example_dags/tutorial_dag.py
[2026-05-16T12:21:08.207+0000] {processor.py:830} INFO - Processing file /home/airflow/.local/lib/python3.12/site-packages/airflow/example_dags/tutorial_dag.py for tasks to queue
[2026-05-16T12:21:08.207+0000] {logging_mixin.py:188} INFO - [2026-05-16T12:21:08.207+0000] {dagbag.py:545} INFO - Filling up the DagBag from /home/airflow/.local/lib/python3.12/site-packages/airflow/example_dags/tutorial_dag.py
[2026-05-16T12:21:08.210+0000] {processor.py:840} INFO - DAG(s) 'tutorial_dag' retrieved from /home/airflow/.local/lib/python3.12/site-packages/airflow/example_dags/tutorial_dag.py
[2026-05-16T12:21:08.218+0000] {logging_mixin.py:188} INFO - [2026-05-16T12:21:08.218+0000] {dag.py:3089} INFO - Sync 1 DAGs
[2026-05-16T12:21:08.222+0000] {logging_mixin.py:188} INFO - [2026-05-16T12:21:08.222+0000] {dag.py:3947} INFO - Setting next_dagrun for tutorial_dag to None, run_after=None
[2026-05-16T12:21:08.227+0000] {processor.py:183} INFO - Processing /home/airflow/.local/lib/python3.12/site-packages/airflow/example_dags/tutorial_dag.py took 0.023 seconds
[2026-05-16T12:21:38.731+0000] {processor.py:161} INFO - Started process (PID=15197) to work on /home/airflow/.local/lib/python3.12/site-packages/airflow/example_dags/tutorial_dag.py
[2026-05-16T12:21:38.732+0000] {processor.py:830} INFO - Processing file /home/airflow/.local/lib/python3.12/site-packages/airflow/example_dags/tutorial_dag.py for tasks to queue
[2026-05-16T12:21:38.732+0000] {logging_mixin.py:188} INFO - [2026-05-16T12:21:38.732+0000] {dagbag.py:545} INFO - Filling up the DagBag from /home/airflow/.local/lib/python3.12/site-packages/airflow/example_dags/tutorial_dag.py
[2026-05-16T12:21:38.734+0000] {processor.py:840} INFO - DAG(s) 'tutorial_dag' retrieved from /home/airflow/.local/lib/python3.12/site-packages/airflow/example_dags/tutorial_dag.py
[2026-05-16T12:21:38.744+0000] {logging_mixin.py:188} INFO - [2026-05-16T12:21:38.743+0000] {dag.py:3089} INFO - Sync 1 DAGs
[2026-05-16T12:21:38.748+0000] {logging_mixin.py:188} INFO - [2026-05-16T12:21:38.748+0000] {dag.py:3947} INFO - Setting next_dagrun for tutorial_dag to None, run_after=None
[2026-05-16T12:21:38.753+0000] {processor.py:183} INFO - Processing /home/airflow/.local/lib/python3.12/site-packages/airflow/example_dags/tutorial_dag.py took 0.025 seconds
[2026-05-16T12:22:09.180+0000] {processor.py:161} INFO - Started process (PID=15259) to work on /home/airflow/.local/lib/python3.12/site-packages/airflow/example_dags/tutorial_dag.py
[2026-05-16T12:22:09.180+0000] {processor.py:830} INFO - Processing file /home/airflow/.local/lib/python3.12/site-packages/airflow/example_dags/tutorial_dag.py for tasks to queue
[2026-05-16T12:22:09.181+0000] {logging_mixin.py:188} INFO - [2026-05-16T12:22:09.181+0000] {dagbag.py:545} INFO - Filling up the DagBag from /home/airflow/.local/lib/python3.12/site-packages/airflow/example_dags/tutorial_dag.py
[2026-05-16T12:22:09.183+0000] {processor.py:840} INFO - DAG(s) 'tutorial_dag' retrieved from /home/airflow/.local/lib/python3.12/site-packages/airflow/example_dags/tutorial_dag.py
[2026-05-16T12:22:09.190+0000] {logging_mixin.py:188} INFO - [2026-05-16T12:22:09.190+0000] {dag.py:3089} INFO - Sync 1 DAGs
[2026-05-16T12:22:09.195+0000] {logging_mixin.py:188} INFO - [2026-05-16T12:22:09.195+0000] {dag.py:3947} INFO - Setting next_dagrun for tutorial_dag to None, run_after=None
[2026-05-16T12:22:09.200+0000] {processor.py:183} INFO - Processing /home/airflow/.local/lib/python3.12/site-packages/airflow/example_dags/tutorial_dag.py took 0.023 seconds
[2026-05-16T12:22:39.741+0000] {processor.py:161} INFO - Started process (PID=15321) to work on /home/airflow/.local/lib/python3.12/site-packages/airflow/example_dags/tutorial_dag.py
[2026-05-16T12:22:39.743+0000] {processor.py:830} INFO - Processing file /home/airflow/.local/lib/python3.12/site-packages/airflow/example_dags/tutorial_dag.py for tasks to queue
[2026-05-16T12:22:39.743+0000] {logging_mixin.py:188} INFO - [2026-05-16T12:22:39.743+0000] {dagbag.py:545} INFO - Filling up the DagBag from /home/airflow/.local/lib/python3.12/site-packages/airflow/example_dags/tutorial_dag.py
[2026-05-16T12:22:39.746+0000] {processor.py:840} INFO - DAG(s) 'tutorial_dag' retrieved from /home/airflow/.local/lib/python3.12/site-packages/airflow/example_dags/tutorial_dag.py
[2026-05-16T12:22:39.754+0000] {logging_mixin.py:188} INFO - [2026-05-16T12:22:39.754+0000] {dag.py:3089} INFO - Sync 1 DAGs
[2026-05-16T12:22:39.758+0000] {logging_mixin.py:188} INFO - [2026-05-16T12:22:39.758+0000] {dag.py:3947} INFO - Setting next_dagrun for tutorial_dag to None, run_after=None
[2026-05-16T12:22:39.763+0000] {processor.py:183} INFO - Processing /home/airflow/.local/lib/python3.12/site-packages/airflow/example_dags/tutorial_dag.py took 0.026 seconds
[2026-05-16T12:23:10.258+0000] {processor.py:161} INFO - Started process (PID=15383) to work on /home/airflow/.local/lib/python3.12/site-packages/airflow/example_dags/tutorial_dag.py
[2026-05-16T12:23:10.259+0000] {processor.py:830} INFO - Processing file /home/airflow/.local/lib/python3.12/site-packages/airflow/example_dags/tutorial_dag.py for tasks to queue
[2026-05-16T12:23:10.259+0000] {logging_mixin.py:188} INFO - [2026-05-16T12:23:10.259+0000] {dagbag.py:545} INFO - Filling up the DagBag from /home/airflow/.local/lib/python3.12/site-packages/airflow/example_dags/tutorial_dag.py
[2026-05-16T12:23:10.261+0000] {processor.py:840} INFO - DAG(s) 'tutorial_dag' retrieved from /home/airflow/.local/lib/python3.12/site-packages/airflow/example_dags/tutorial_dag.py
[2026-05-16T12:23:10.272+0000] {logging_mixin.py:188} INFO - [2026-05-16T12:23:10.272+0000] {dag.py:3089} INFO - Sync 1 DAGs
[2026-05-16T12:23:10.276+0000] {logging_mixin.py:188} INFO - [2026-05-16T12:23:10.276+0000] {dag.py:3947} INFO - Setting next_dagrun for tutorial_dag to None, run_after=None
[2026-05-16T12:23:10.283+0000] {processor.py:183} INFO - Processing /home/airflow/.local/lib/python3.12/site-packages/airflow/example_dags/tutorial_dag.py took 0.028 seconds
[2026-05-16T12:23:40.865+0000] {processor.py:161} INFO - Started process (PID=15445) to work on /home/airflow/.local/lib/python3.12/site-packages/airflow/example_dags/tutorial_dag.py
[2026-05-16T12:23:40.866+0000] {processor.py:830} INFO - Processing file /home/airflow/.local/lib/python3.12/site-packages/airflow/example_dags/tutorial_dag.py for tasks to queue
[2026-05-16T12:23:40.866+0000] {logging_mixin.py:188} INFO - [2026-05-16T12:23:40.866+0000] {dagbag.py:545} INFO - Filling up the DagBag from /home/airflow/.local/lib/python3.12/site-packages/airflow/example_dags/tutorial_dag.py
[2026-05-16T12:23:40.869+0000] {processor.py:840} INFO - DAG(s) 'tutorial_dag' retrieved from /home/airflow/.local/lib/python3.12/site-packages/airflow/example_dags/tutorial_dag.py
[2026-05-16T12:23:40.880+0000] {logging_mixin.py:188} INFO - [2026-05-16T12:23:40.880+0000] {dag.py:3089} INFO - Sync 1 DAGs
[2026-05-16T12:23:40.884+0000] {logging_mixin.py:188} INFO - [2026-05-16T12:23:40.884+0000] {dag.py:3947} INFO - Setting next_dagrun for tutorial_dag to None, run_after=None
[2026-05-16T12:23:40.892+0000] {processor.py:183} INFO - Processing /home/airflow/.local/lib/python3.12/site-packages/airflow/example_dags/tutorial_dag.py took 0.029 seconds
[2026-05-16T12:24:11.403+0000] {processor.py:161} INFO - Started process (PID=15507) to work on /home/airflow/.local/lib/python3.12/site-packages/airflow/example_dags/tutorial_dag.py
[2026-05-16T12:24:11.403+0000] {processor.py:830} INFO - Processing file /home/airflow/.local/lib/python3.12/site-packages/airflow/example_dags/tutorial_dag.py for tasks to queue
[2026-05-16T12:24:11.403+0000] {logging_mixin.py:188} INFO - [2026-05-16T12:24:11.403+0000] {dagbag.py:545} INFO - Filling up the DagBag from /home/airflow/.local/lib/python3.12/site-packages/airflow/example_dags/tutorial_dag.py
[2026-05-16T12:24:11.406+0000] {processor.py:840} INFO - DAG(s) 'tutorial_dag' retrieved from /home/airflow/.local/lib/python3.12/site-packages/airflow/example_dags/tutorial_dag.py
[2026-05-16T12:24:11.413+0000] {logging_mixin.py:188} INFO - [2026-05-16T12:24:11.413+0000] {dag.py:3089} INFO - Sync 1 DAGs
[2026-05-16T12:24:11.418+0000] {logging_mixin.py:188} INFO - [2026-05-16T12:24:11.418+0000] {dag.py:3947} INFO - Setting next_dagrun for tutorial_dag to None, run_after=None
[2026-05-16T12:24:11.423+0000] {processor.py:183} INFO - Processing /home/airflow/.local/lib/python3.12/site-packages/airflow/example_dags/tutorial_dag.py took 0.023 seconds
[2026-05-16T12:24:41.916+0000] {processor.py:161} INFO - Started process (PID=15569) to work on /home/airflow/.local/lib/python3.12/site-packages/airflow/example_dags/tutorial_dag.py
[2026-05-16T12:24:41.917+0000] {processor.py:830} INFO - Processing file /home/airflow/.local/lib/python3.12/site-packages/airflow/example_dags/tutorial_dag.py for tasks to queue
[2026-05-16T12:24:41.917+0000] {logging_mixin.py:188} INFO - [2026-05-16T12:24:41.917+0000] {dagbag.py:545} INFO - Filling up the DagBag from /home/airflow/.local/lib/python3.12/site-packages/airflow/example_dags/tutorial_dag.py
[2026-05-16T12:24:41.919+0000] {processor.py:840} INFO - DAG(s) 'tutorial_dag' retrieved from /home/airflow/.local/lib/python3.12/site-packages/airflow/example_dags/tutorial_dag.py
[2026-05-16T12:24:41.928+0000] {logging_mixin.py:188} INFO - [2026-05-16T12:24:41.928+0000] {dag.py:3089} INFO - Sync 1 DAGs
[2026-05-16T12:24:41.932+0000] {logging_mixin.py:188} INFO - [2026-05-16T12:24:41.932+0000] {dag.py:3947} INFO - Setting next_dagrun for tutorial_dag to None, run_after=None
[2026-05-16T12:24:41.937+0000] {processor.py:183} INFO - Processing /home/airflow/.local/lib/python3.12/site-packages/airflow/example_dags/tutorial_dag.py took 0.023 seconds
[2026-05-16T12:25:12.724+0000] {processor.py:161} INFO - Started process (PID=15631) to work on /home/airflow/.local/lib/python3.12/site-packages/airflow/example_dags/tutorial_dag.py
[2026-05-16T12:25:12.724+0000] {processor.py:830} INFO - Processing file /home/airflow/.local/lib/python3.12/site-packages/airflow/example_dags/tutorial_dag.py for tasks to queue
[2026-05-16T12:25:12.724+0000] {logging_mixin.py:188} INFO - [2026-05-16T12:25:12.724+0000] {dagbag.py:545} INFO - Filling up the DagBag from /home/airflow/.local/lib/python3.12/site-packages/airflow/example_dags/tutorial_dag.py
[2026-05-16T12:25:12.727+0000] {processor.py:840} INFO - DAG(s) 'tutorial_dag' retrieved from /home/airflow/.local/lib/python3.12/site-packages/airflow/example_dags/tutorial_dag.py
[2026-05-16T12:25:12.738+0000] {logging_mixin.py:188} INFO - [2026-05-16T12:25:12.738+0000] {dag.py:3089} INFO - Sync 1 DAGs
[2026-05-16T12:25:12.743+0000] {logging_mixin.py:188} INFO - [2026-05-16T12:25:12.743+0000] {dag.py:3947} INFO - Setting next_dagrun for tutorial_dag to None, run_after=None
[2026-05-16T12:25:12.751+0000] {processor.py:183} INFO - Processing /home/airflow/.local/lib/python3.12/site-packages/airflow/example_dags/tutorial_dag.py took 0.030 seconds
[2026-05-16T12:25:43.352+0000] {processor.py:161} INFO - Started process (PID=15693) to work on /home/airflow/.local/lib/python3.12/site-packages/airflow/example_dags/tutorial_dag.py
[2026-05-16T12:25:43.353+0000] {processor.py:830} INFO - Processing file /home/airflow/.local/lib/python3.12/site-packages/airflow/example_dags/tutorial_dag.py for tasks to queue
[2026-05-16T12:25:43.353+0000] {logging_mixin.py:188} INFO - [2026-05-16T12:25:43.353+0000] {dagbag.py:545} INFO - Filling up the DagBag from /home/airflow/.local/lib/python3.12/site-packages/airflow/example_dags/tutorial_dag.py
[2026-05-16T12:25:43.355+0000] {processor.py:840} INFO - DAG(s) 'tutorial_dag' retrieved from /home/airflow/.local/lib/python3.12/site-packages/airflow/example_dags/tutorial_dag.py
[2026-05-16T12:25:43.363+0000] {logging_mixin.py:188} INFO - [2026-05-16T12:25:43.363+0000] {dag.py:3089} INFO - Sync 1 DAGs
[2026-05-16T12:25:43.367+0000] {logging_mixin.py:188} INFO - [2026-05-16T12:25:43.367+0000] {dag.py:3947} INFO - Setting next_dagrun for tutorial_dag to None, run_after=None
[2026-05-16T12:25:43.372+0000] {processor.py:183} INFO - Processing /home/airflow/.local/lib/python3.12/site-packages/airflow/example_dags/tutorial_dag.py took 0.022 seconds
[2026-05-16T12:26:13.765+0000] {processor.py:161} INFO - Started process (PID=15761) to work on /home/airflow/.local/lib/python3.12/site-packages/airflow/example_dags/tutorial_dag.py
[2026-05-16T12:26:13.765+0000] {processor.py:830} INFO - Processing file /home/airflow/.local/lib/python3.12/site-packages/airflow/example_dags/tutorial_dag.py for tasks to queue
[2026-05-16T12:26:13.766+0000] {logging_mixin.py:188} INFO - [2026-05-16T12:26:13.765+0000] {dagbag.py:545} INFO - Filling up the DagBag from /home/airflow/.local/lib/python3.12/site-packages/airflow/example_dags/tutorial_dag.py
[2026-05-16T12:26:13.768+0000] {processor.py:840} INFO - DAG(s) 'tutorial_dag' retrieved from /home/airflow/.local/lib/python3.12/site-packages/airflow/example_dags/tutorial_dag.py
[2026-05-16T12:26:13.775+0000] {logging_mixin.py:188} INFO - [2026-05-16T12:26:13.775+0000] {dag.py:3089} INFO - Sync 1 DAGs
[2026-05-16T12:26:13.779+0000] {logging_mixin.py:188} INFO - [2026-05-16T12:26:13.779+0000] {dag.py:3947} INFO - Setting next_dagrun for tutorial_dag to None, run_after=None
[2026-05-16T12:26:13.784+0000] {processor.py:183} INFO - Processing /home/airflow/.local/lib/python3.12/site-packages/airflow/example_dags/tutorial_dag.py took 0.021 seconds
[2026-05-16T12:26:44.385+0000] {processor.py:161} INFO - Started process (PID=15824) to work on /home/airflow/.local/lib/python3.12/site-packages/airflow/example_dags/tutorial_dag.py
[2026-05-16T12:26:44.386+0000] {processor.py:830} INFO - Processing file /home/airflow/.local/lib/python3.12/site-packages/airflow/example_dags/tutorial_dag.py for tasks to queue
[2026-05-16T12:26:44.387+0000] {logging_mixin.py:188} INFO - [2026-05-16T12:26:44.386+0000] {dagbag.py:545} INFO - Filling up the DagBag from /home/airflow/.local/lib/python3.12/site-packages/airflow/example_dags/tutorial_dag.py
[2026-05-16T12:26:44.391+0000] {processor.py:840} INFO - DAG(s) 'tutorial_dag' retrieved from /home/airflow/.local/lib/python3.12/site-packages/airflow/example_dags/tutorial_dag.py
[2026-05-16T12:26:44.409+0000] {logging_mixin.py:188} INFO - [2026-05-16T12:26:44.409+0000] {dag.py:3089} INFO - Sync 1 DAGs
[2026-05-16T12:26:44.416+0000] {logging_mixin.py:188} INFO - [2026-05-16T12:26:44.416+0000] {dag.py:3947} INFO - Setting next_dagrun for tutorial_dag to None, run_after=None
[2026-05-16T12:26:44.433+0000] {processor.py:183} INFO - Processing /home/airflow/.local/lib/python3.12/site-packages/airflow/example_dags/tutorial_dag.py took 0.056 seconds
[2026-05-16T12:27:14.938+0000] {processor.py:161} INFO - Started process (PID=15886) to work on /home/airflow/.local/lib/python3.12/site-packages/airflow/example_dags/tutorial_dag.py
[2026-05-16T12:27:14.938+0000] {processor.py:830} INFO - Processing file /home/airflow/.local/lib/python3.12/site-packages/airflow/example_dags/tutorial_dag.py for tasks to queue
[2026-05-16T12:27:14.939+0000] {logging_mixin.py:188} INFO - [2026-05-16T12:27:14.938+0000] {dagbag.py:545} INFO - Filling up the DagBag from /home/airflow/.local/lib/python3.12/site-packages/airflow/example_dags/tutorial_dag.py
[2026-05-16T12:27:14.941+0000] {processor.py:840} INFO - DAG(s) 'tutorial_dag' retrieved from /home/airflow/.local/lib/python3.12/site-packages/airflow/example_dags/tutorial_dag.py
[2026-05-16T12:27:14.949+0000] {logging_mixin.py:188} INFO - [2026-05-16T12:27:14.949+0000] {dag.py:3089} INFO - Sync 1 DAGs
[2026-05-16T12:27:14.953+0000] {logging_mixin.py:188} INFO - [2026-05-16T12:27:14.953+0000] {dag.py:3947} INFO - Setting next_dagrun for tutorial_dag to None, run_after=None
[2026-05-16T12:27:14.958+0000] {processor.py:183} INFO - Processing /home/airflow/.local/lib/python3.12/site-packages/airflow/example_dags/tutorial_dag.py took 0.023 seconds
[2026-05-16T12:27:45.516+0000] {processor.py:161} INFO - Started process (PID=15948) to work on /home/airflow/.local/lib/python3.12/site-packages/airflow/example_dags/tutorial_dag.py
[2026-05-16T12:27:45.517+0000] {processor.py:830} INFO - Processing file /home/airflow/.local/lib/python3.12/site-packages/airflow/example_dags/tutorial_dag.py for tasks to queue
[2026-05-16T12:27:45.517+0000] {logging_mixin.py:188} INFO - [2026-05-16T12:27:45.517+0000] {dagbag.py:545} INFO - Filling up the DagBag from /home/airflow/.local/lib/python3.12/site-packages/airflow/example_dags/tutorial_dag.py
[2026-05-16T12:27:45.519+0000] {processor.py:840} INFO - DAG(s) 'tutorial_dag' retrieved from /home/airflow/.local/lib/python3.12/site-packages/airflow/example_dags/tutorial_dag.py
[2026-05-16T12:27:45.528+0000] {logging_mixin.py:188} INFO - [2026-05-16T12:27:45.528+0000] {dag.py:3089} INFO - Sync 1 DAGs
[2026-05-16T12:27:45.532+0000] {logging_mixin.py:188} INFO - [2026-05-16T12:27:45.532+0000] {dag.py:3947} INFO - Setting next_dagrun for tutorial_dag to None, run_after=None
[2026-05-16T12:27:45.537+0000] {processor.py:183} INFO - Processing /home/airflow/.local/lib/python3.12/site-packages/airflow/example_dags/tutorial_dag.py took 0.026 seconds
[2026-05-16T12:28:15.901+0000] {processor.py:161} INFO - Started process (PID=16010) to work on /home/airflow/.local/lib/python3.12/site-packages/airflow/example_dags/tutorial_dag.py
[2026-05-16T12:28:15.902+0000] {processor.py:830} INFO - Processing file /home/airflow/.local/lib/python3.12/site-packages/airflow/example_dags/tutorial_dag.py for tasks to queue
[2026-05-16T12:28:15.902+0000] {logging_mixin.py:188} INFO - [2026-05-16T12:28:15.902+0000] {dagbag.py:545} INFO - Filling up the DagBag from /home/airflow/.local/lib/python3.12/site-packages/airflow/example_dags/tutorial_dag.py
[2026-05-16T12:28:15.905+0000] {processor.py:840} INFO - DAG(s) 'tutorial_dag' retrieved from /home/airflow/.local/lib/python3.12/site-packages/airflow/example_dags/tutorial_dag.py
[2026-05-16T12:28:15.914+0000] {logging_mixin.py:188} INFO - [2026-05-16T12:28:15.914+0000] {dag.py:3089} INFO - Sync 1 DAGs
[2026-05-16T12:28:15.918+0000] {logging_mixin.py:188} INFO - [2026-05-16T12:28:15.918+0000] {dag.py:3947} INFO - Setting next_dagrun for tutorial_dag to None, run_after=None
[2026-05-16T12:28:15.923+0000] {processor.py:183} INFO - Processing /home/airflow/.local/lib/python3.12/site-packages/airflow/example_dags/tutorial_dag.py took 0.025 seconds
[2026-05-16T12:28:46.528+0000] {processor.py:161} INFO - Started process (PID=16072) to work on /home/airflow/.local/lib/python3.12/site-packages/airflow/example_dags/tutorial_dag.py
[2026-05-16T12:28:46.529+0000] {processor.py:830} INFO - Processing file /home/airflow/.local/lib/python3.12/site-packages/airflow/example_dags/tutorial_dag.py for tasks to queue
[2026-05-16T12:28:46.529+0000] {logging_mixin.py:188} INFO - [2026-05-16T12:28:46.529+0000] {dagbag.py:545} INFO - Filling up the DagBag from /home/airflow/.local/lib/python3.12/site-packages/airflow/example_dags/tutorial_dag.py
[2026-05-16T12:28:46.532+0000] {processor.py:840} INFO - DAG(s) 'tutorial_dag' retrieved from /home/airflow/.local/lib/python3.12/site-packages/airflow/example_dags/tutorial_dag.py
[2026-05-16T12:28:46.544+0000] {logging_mixin.py:188} INFO - [2026-05-16T12:28:46.544+0000] {dag.py:3089} INFO - Sync 1 DAGs
[2026-05-16T12:28:46.550+0000] {logging_mixin.py:188} INFO - [2026-05-16T12:28:46.550+0000] {dag.py:3947} INFO - Setting next_dagrun for tutorial_dag to None, run_after=None
[2026-05-16T12:28:46.555+0000] {processor.py:183} INFO - Processing /home/airflow/.local/lib/python3.12/site-packages/airflow/example_dags/tutorial_dag.py took 0.030 seconds
[2026-05-16T12:29:17.092+0000] {processor.py:161} INFO - Started process (PID=16134) to work on /home/airflow/.local/lib/python3.12/site-packages/airflow/example_dags/tutorial_dag.py
[2026-05-16T12:29:17.092+0000] {processor.py:830} INFO - Processing file /home/airflow/.local/lib/python3.12/site-packages/airflow/example_dags/tutorial_dag.py for tasks to queue
[2026-05-16T12:29:17.093+0000] {logging_mixin.py:188} INFO - [2026-05-16T12:29:17.092+0000] {dagbag.py:545} INFO - Filling up the DagBag from /home/airflow/.local/lib/python3.12/site-packages/airflow/example_dags/tutorial_dag.py
[2026-05-16T12:29:17.096+0000] {processor.py:840} INFO - DAG(s) 'tutorial_dag' retrieved from /home/airflow/.local/lib/python3.12/site-packages/airflow/example_dags/tutorial_dag.py
[2026-05-16T12:29:17.107+0000] {logging_mixin.py:188} INFO - [2026-05-16T12:29:17.107+0000] {dag.py:3089} INFO - Sync 1 DAGs
[2026-05-16T12:29:17.112+0000] {logging_mixin.py:188} INFO - [2026-05-16T12:29:17.112+0000] {dag.py:3947} INFO - Setting next_dagrun for tutorial_dag to None, run_after=None
[2026-05-16T12:29:17.122+0000] {processor.py:183} INFO - Processing /home/airflow/.local/lib/python3.12/site-packages/airflow/example_dags/tutorial_dag.py took 0.033 seconds
[2026-05-16T12:29:47.621+0000] {processor.py:161} INFO - Started process (PID=16196) to work on /home/airflow/.local/lib/python3.12/site-packages/airflow/example_dags/tutorial_dag.py
[2026-05-16T12:29:47.621+0000] {processor.py:830} INFO - Processing file /home/airflow/.local/lib/python3.12/site-packages/airflow/example_dags/tutorial_dag.py for tasks to queue
[2026-05-16T12:29:47.622+0000] {logging_mixin.py:188} INFO - [2026-05-16T12:29:47.621+0000] {dagbag.py:545} INFO - Filling up the DagBag from /home/airflow/.local/lib/python3.12/site-packages/airflow/example_dags/tutorial_dag.py
[2026-05-16T12:29:47.624+0000] {processor.py:840} INFO - DAG(s) 'tutorial_dag' retrieved from /home/airflow/.local/lib/python3.12/site-packages/airflow/example_dags/tutorial_dag.py
[2026-05-16T12:29:47.637+0000] {logging_mixin.py:188} INFO - [2026-05-16T12:29:47.637+0000] {dag.py:3089} INFO - Sync 1 DAGs
[2026-05-16T12:29:47.641+0000] {logging_mixin.py:188} INFO - [2026-05-16T12:29:47.641+0000] {dag.py:3947} INFO - Setting next_dagrun for tutorial_dag to None, run_after=None
[2026-05-16T12:29:47.648+0000] {processor.py:183} INFO - Processing /home/airflow/.local/lib/python3.12/site-packages/airflow/example_dags/tutorial_dag.py took 0.030 seconds
[2026-05-16T12:31:47.101+0000] {processor.py:161} INFO - Started process (PID=16259) to work on /home/airflow/.local/lib/python3.12/site-packages/airflow/example_dags/tutorial_dag.py
[2026-05-16T12:31:47.101+0000] {processor.py:830} INFO - Processing file /home/airflow/.local/lib/python3.12/site-packages/airflow/example_dags/tutorial_dag.py for tasks to queue
[2026-05-16T12:31:47.101+0000] {logging_mixin.py:188} INFO - [2026-05-16T12:31:47.101+0000] {dagbag.py:545} INFO - Filling up the DagBag from /home/airflow/.local/lib/python3.12/site-packages/airflow/example_dags/tutorial_dag.py
[2026-05-16T12:31:47.103+0000] {processor.py:840} INFO - DAG(s) 'tutorial_dag' retrieved from /home/airflow/.local/lib/python3.12/site-packages/airflow/example_dags/tutorial_dag.py
[2026-05-16T12:31:47.111+0000] {logging_mixin.py:188} INFO - [2026-05-16T12:31:47.111+0000] {dag.py:3089} INFO - Sync 1 DAGs
[2026-05-16T12:31:47.115+0000] {logging_mixin.py:188} INFO - [2026-05-16T12:31:47.115+0000] {dag.py:3947} INFO - Setting next_dagrun for tutorial_dag to None, run_after=None
[2026-05-16T12:31:47.120+0000] {processor.py:183} INFO - Processing /home/airflow/.local/lib/python3.12/site-packages/airflow/example_dags/tutorial_dag.py took 0.021 seconds
[2026-05-16T12:32:17.414+0000] {processor.py:161} INFO - Started process (PID=16321) to work on /home/airflow/.local/lib/python3.12/site-packages/airflow/example_dags/tutorial_dag.py
[2026-05-16T12:32:17.414+0000] {processor.py:830} INFO - Processing file /home/airflow/.local/lib/python3.12/site-packages/airflow/example_dags/tutorial_dag.py for tasks to queue
[2026-05-16T12:32:17.415+0000] {logging_mixin.py:188} INFO - [2026-05-16T12:32:17.415+0000] {dagbag.py:545} INFO - Filling up the DagBag from /home/airflow/.local/lib/python3.12/site-packages/airflow/example_dags/tutorial_dag.py
[2026-05-16T12:32:17.417+0000] {processor.py:840} INFO - DAG(s) 'tutorial_dag' retrieved from /home/airflow/.local/lib/python3.12/site-packages/airflow/example_dags/tutorial_dag.py
[2026-05-16T12:32:17.426+0000] {logging_mixin.py:188} INFO - [2026-05-16T12:32:17.426+0000] {dag.py:3089} INFO - Sync 1 DAGs
[2026-05-16T12:32:17.430+0000] {logging_mixin.py:188} INFO - [2026-05-16T12:32:17.430+0000] {dag.py:3947} INFO - Setting next_dagrun for tutorial_dag to None, run_after=None
[2026-05-16T12:32:17.436+0000] {processor.py:183} INFO - Processing /home/airflow/.local/lib/python3.12/site-packages/airflow/example_dags/tutorial_dag.py took 0.024 seconds
[2026-05-16T13:03:51.050+0000] {processor.py:161} INFO - Started process (PID=16383) to work on /home/airflow/.local/lib/python3.12/site-packages/airflow/example_dags/tutorial_dag.py
[2026-05-16T13:03:51.055+0000] {processor.py:830} INFO - Processing file /home/airflow/.local/lib/python3.12/site-packages/airflow/example_dags/tutorial_dag.py for tasks to queue
[2026-05-16T13:03:51.056+0000] {logging_mixin.py:188} INFO - [2026-05-16T13:03:51.056+0000] {dagbag.py:545} INFO - Filling up the DagBag from /home/airflow/.local/lib/python3.12/site-packages/airflow/example_dags/tutorial_dag.py
[2026-05-16T13:03:51.075+0000] {processor.py:840} INFO - DAG(s) 'tutorial_dag' retrieved from /home/airflow/.local/lib/python3.12/site-packages/airflow/example_dags/tutorial_dag.py
[2026-05-16T13:03:51.175+0000] {logging_mixin.py:188} INFO - [2026-05-16T13:03:51.171+0000] {dag.py:3089} INFO - Sync 1 DAGs
[2026-05-16T13:03:51.212+0000] {logging_mixin.py:188} INFO - [2026-05-16T13:03:51.212+0000] {dag.py:3947} INFO - Setting next_dagrun for tutorial_dag to None, run_after=None
[2026-05-16T13:03:51.280+0000] {processor.py:183} INFO - Processing /home/airflow/.local/lib/python3.12/site-packages/airflow/example_dags/tutorial_dag.py took 0.249 seconds
[2026-05-16T13:04:21.324+0000] {processor.py:161} INFO - Started process (PID=16445) to work on /home/airflow/.local/lib/python3.12/site-packages/airflow/example_dags/tutorial_dag.py
[2026-05-16T13:04:21.324+0000] {processor.py:830} INFO - Processing file /home/airflow/.local/lib/python3.12/site-packages/airflow/example_dags/tutorial_dag.py for tasks to queue
[2026-05-16T13:04:21.324+0000] {logging_mixin.py:188} INFO - [2026-05-16T13:04:21.324+0000] {dagbag.py:545} INFO - Filling up the DagBag from /home/airflow/.local/lib/python3.12/site-packages/airflow/example_dags/tutorial_dag.py
[2026-05-16T13:04:21.326+0000] {processor.py:840} INFO - DAG(s) 'tutorial_dag' retrieved from /home/airflow/.local/lib/python3.12/site-packages/airflow/example_dags/tutorial_dag.py
[2026-05-16T13:04:21.336+0000] {logging_mixin.py:188} INFO - [2026-05-16T13:04:21.336+0000] {dag.py:3089} INFO - Sync 1 DAGs
[2026-05-16T13:04:21.342+0000] {logging_mixin.py:188} INFO - [2026-05-16T13:04:21.342+0000] {dag.py:3947} INFO - Setting next_dagrun for tutorial_dag to None, run_after=None
[2026-05-16T13:04:21.347+0000] {processor.py:183} INFO - Processing /home/airflow/.local/lib/python3.12/site-packages/airflow/example_dags/tutorial_dag.py took 0.026 seconds
[2026-05-16T13:04:51.946+0000] {processor.py:161} INFO - Started process (PID=16507) to work on /home/airflow/.local/lib/python3.12/site-packages/airflow/example_dags/tutorial_dag.py
[2026-05-16T13:04:51.947+0000] {processor.py:830} INFO - Processing file /home/airflow/.local/lib/python3.12/site-packages/airflow/example_dags/tutorial_dag.py for tasks to queue
[2026-05-16T13:04:51.947+0000] {logging_mixin.py:188} INFO - [2026-05-16T13:04:51.947+0000] {dagbag.py:545} INFO - Filling up the DagBag from /home/airflow/.local/lib/python3.12/site-packages/airflow/example_dags/tutorial_dag.py
[2026-05-16T13:04:51.949+0000] {processor.py:840} INFO - DAG(s) 'tutorial_dag' retrieved from /home/airflow/.local/lib/python3.12/site-packages/airflow/example_dags/tutorial_dag.py
[2026-05-16T13:04:51.956+0000] {logging_mixin.py:188} INFO - [2026-05-16T13:04:51.956+0000] {dag.py:3089} INFO - Sync 1 DAGs
[2026-05-16T13:04:51.960+0000] {logging_mixin.py:188} INFO - [2026-05-16T13:04:51.960+0000] {dag.py:3947} INFO - Setting next_dagrun for tutorial_dag to None, run_after=None
[2026-05-16T13:04:51.965+0000] {processor.py:183} INFO - Processing /home/airflow/.local/lib/python3.12/site-packages/airflow/example_dags/tutorial_dag.py took 0.022 seconds
[2026-05-16T13:06:33.721+0000] {processor.py:161} INFO - Started process (PID=16600) to work on /home/airflow/.local/lib/python3.12/site-packages/airflow/example_dags/tutorial_dag.py
[2026-05-16T13:06:33.721+0000] {processor.py:830} INFO - Processing file /home/airflow/.local/lib/python3.12/site-packages/airflow/example_dags/tutorial_dag.py for tasks to queue
[2026-05-16T13:06:33.721+0000] {logging_mixin.py:188} INFO - [2026-05-16T13:06:33.721+0000] {dagbag.py:545} INFO - Filling up the DagBag from /home/airflow/.local/lib/python3.12/site-packages/airflow/example_dags/tutorial_dag.py
[2026-05-16T13:06:33.724+0000] {processor.py:840} INFO - DAG(s) 'tutorial_dag' retrieved from /home/airflow/.local/lib/python3.12/site-packages/airflow/example_dags/tutorial_dag.py
[2026-05-16T13:06:33.734+0000] {logging_mixin.py:188} INFO - [2026-05-16T13:06:33.734+0000] {dag.py:3089} INFO - Sync 1 DAGs
[2026-05-16T13:06:33.738+0000] {logging_mixin.py:188} INFO - [2026-05-16T13:06:33.738+0000] {dag.py:3947} INFO - Setting next_dagrun for tutorial_dag to None, run_after=None
[2026-05-16T13:06:33.745+0000] {processor.py:183} INFO - Processing /home/airflow/.local/lib/python3.12/site-packages/airflow/example_dags/tutorial_dag.py took 0.026 seconds
[2026-05-16T13:07:04.171+0000] {processor.py:161} INFO - Started process (PID=16662) to work on /home/airflow/.local/lib/python3.12/site-packages/airflow/example_dags/tutorial_dag.py
[2026-05-16T13:07:04.171+0000] {processor.py:830} INFO - Processing file /home/airflow/.local/lib/python3.12/site-packages/airflow/example_dags/tutorial_dag.py for tasks to queue
[2026-05-16T13:07:04.171+0000] {logging_mixin.py:188} INFO - [2026-05-16T13:07:04.171+0000] {dagbag.py:545} INFO - Filling up the DagBag from /home/airflow/.local/lib/python3.12/site-packages/airflow/example_dags/tutorial_dag.py
[2026-05-16T13:07:04.174+0000] {processor.py:840} INFO - DAG(s) 'tutorial_dag' retrieved from /home/airflow/.local/lib/python3.12/site-packages/airflow/example_dags/tutorial_dag.py
[2026-05-16T13:07:04.181+0000] {logging_mixin.py:188} INFO - [2026-05-16T13:07:04.181+0000] {dag.py:3089} INFO - Sync 1 DAGs
[2026-05-16T13:07:04.185+0000] {logging_mixin.py:188} INFO - [2026-05-16T13:07:04.185+0000] {dag.py:3947} INFO - Setting next_dagrun for tutorial_dag to None, run_after=None
[2026-05-16T13:07:04.190+0000] {processor.py:183} INFO - Processing /home/airflow/.local/lib/python3.12/site-packages/airflow/example_dags/tutorial_dag.py took 0.021 seconds
[2026-05-16T13:07:34.613+0000] {processor.py:161} INFO - Started process (PID=16724) to work on /home/airflow/.local/lib/python3.12/site-packages/airflow/example_dags/tutorial_dag.py
[2026-05-16T13:07:34.614+0000] {processor.py:830} INFO - Processing file /home/airflow/.local/lib/python3.12/site-packages/airflow/example_dags/tutorial_dag.py for tasks to queue
[2026-05-16T13:07:34.614+0000] {logging_mixin.py:188} INFO - [2026-05-16T13:07:34.614+0000] {dagbag.py:545} INFO - Filling up the DagBag from /home/airflow/.local/lib/python3.12/site-packages/airflow/example_dags/tutorial_dag.py
[2026-05-16T13:07:34.617+0000] {processor.py:840} INFO - DAG(s) 'tutorial_dag' retrieved from /home/airflow/.local/lib/python3.12/site-packages/airflow/example_dags/tutorial_dag.py
[2026-05-16T13:07:34.628+0000] {logging_mixin.py:188} INFO - [2026-05-16T13:07:34.627+0000] {dag.py:3089} INFO - Sync 1 DAGs
[2026-05-16T13:07:34.633+0000] {logging_mixin.py:188} INFO - [2026-05-16T13:07:34.633+0000] {dag.py:3947} INFO - Setting next_dagrun for tutorial_dag to None, run_after=None
[2026-05-16T13:07:34.642+0000] {processor.py:183} INFO - Processing /home/airflow/.local/lib/python3.12/site-packages/airflow/example_dags/tutorial_dag.py took 0.032 seconds
[2026-05-16T13:08:05.051+0000] {processor.py:161} INFO - Started process (PID=16786) to work on /home/airflow/.local/lib/python3.12/site-packages/airflow/example_dags/tutorial_dag.py
[2026-05-16T13:08:05.051+0000] {processor.py:830} INFO - Processing file /home/airflow/.local/lib/python3.12/site-packages/airflow/example_dags/tutorial_dag.py for tasks to queue
[2026-05-16T13:08:05.051+0000] {logging_mixin.py:188} INFO - [2026-05-16T13:08:05.051+0000] {dagbag.py:545} INFO - Filling up the DagBag from /home/airflow/.local/lib/python3.12/site-packages/airflow/example_dags/tutorial_dag.py
[2026-05-16T13:08:05.054+0000] {processor.py:840} INFO - DAG(s) 'tutorial_dag' retrieved from /home/airflow/.local/lib/python3.12/site-packages/airflow/example_dags/tutorial_dag.py
[2026-05-16T13:08:05.062+0000] {logging_mixin.py:188} INFO - [2026-05-16T13:08:05.062+0000] {dag.py:3089} INFO - Sync 1 DAGs
[2026-05-16T13:08:05.068+0000] {logging_mixin.py:188} INFO - [2026-05-16T13:08:05.068+0000] {dag.py:3947} INFO - Setting next_dagrun for tutorial_dag to None, run_after=None
[2026-05-16T13:08:05.073+0000] {processor.py:183} INFO - Processing /home/airflow/.local/lib/python3.12/site-packages/airflow/example_dags/tutorial_dag.py took 0.025 seconds
[2026-05-16T13:08:35.454+0000] {processor.py:161} INFO - Started process (PID=16848) to work on /home/airflow/.local/lib/python3.12/site-packages/airflow/example_dags/tutorial_dag.py
[2026-05-16T13:08:35.455+0000] {processor.py:830} INFO - Processing file /home/airflow/.local/lib/python3.12/site-packages/airflow/example_dags/tutorial_dag.py for tasks to queue
[2026-05-16T13:08:35.455+0000] {logging_mixin.py:188} INFO - [2026-05-16T13:08:35.455+0000] {dagbag.py:545} INFO - Filling up the DagBag from /home/airflow/.local/lib/python3.12/site-packages/airflow/example_dags/tutorial_dag.py
[2026-05-16T13:08:35.458+0000] {processor.py:840} INFO - DAG(s) 'tutorial_dag' retrieved from /home/airflow/.local/lib/python3.12/site-packages/airflow/example_dags/tutorial_dag.py
[2026-05-16T13:08:35.466+0000] {logging_mixin.py:188} INFO - [2026-05-16T13:08:35.466+0000] {dag.py:3089} INFO - Sync 1 DAGs
[2026-05-16T13:08:35.471+0000] {logging_mixin.py:188} INFO - [2026-05-16T13:08:35.471+0000] {dag.py:3947} INFO - Setting next_dagrun for tutorial_dag to None, run_after=None
[2026-05-16T13:08:35.479+0000] {processor.py:183} INFO - Processing /home/airflow/.local/lib/python3.12/site-packages/airflow/example_dags/tutorial_dag.py took 0.028 seconds
[2026-05-16T13:09:06.019+0000] {processor.py:161} INFO - Started process (PID=16910) to work on /home/airflow/.local/lib/python3.12/site-packages/airflow/example_dags/tutorial_dag.py
[2026-05-16T13:09:06.020+0000] {processor.py:830} INFO - Processing file /home/airflow/.local/lib/python3.12/site-packages/airflow/example_dags/tutorial_dag.py for tasks to queue
[2026-05-16T13:09:06.021+0000] {logging_mixin.py:188} INFO - [2026-05-16T13:09:06.021+0000] {dagbag.py:545} INFO - Filling up the DagBag from /home/airflow/.local/lib/python3.12/site-packages/airflow/example_dags/tutorial_dag.py
[2026-05-16T13:09:06.023+0000] {processor.py:840} INFO - DAG(s) 'tutorial_dag' retrieved from /home/airflow/.local/lib/python3.12/site-packages/airflow/example_dags/tutorial_dag.py
[2026-05-16T13:09:06.029+0000] {logging_mixin.py:188} INFO - [2026-05-16T13:09:06.029+0000] {dag.py:3089} INFO - Sync 1 DAGs
[2026-05-16T13:09:06.033+0000] {logging_mixin.py:188} INFO - [2026-05-16T13:09:06.033+0000] {dag.py:3947} INFO - Setting next_dagrun for tutorial_dag to None, run_after=None
[2026-05-16T13:09:06.040+0000] {processor.py:183} INFO - Processing /home/airflow/.local/lib/python3.12/site-packages/airflow/example_dags/tutorial_dag.py took 0.023 seconds
[2026-05-16T13:09:36.485+0000] {processor.py:161} INFO - Started process (PID=16972) to work on /home/airflow/.local/lib/python3.12/site-packages/airflow/example_dags/tutorial_dag.py
[2026-05-16T13:09:36.485+0000] {processor.py:830} INFO - Processing file /home/airflow/.local/lib/python3.12/site-packages/airflow/example_dags/tutorial_dag.py for tasks to queue
[2026-05-16T13:09:36.486+0000] {logging_mixin.py:188} INFO - [2026-05-16T13:09:36.485+0000] {dagbag.py:545} INFO - Filling up the DagBag from /home/airflow/.local/lib/python3.12/site-packages/airflow/example_dags/tutorial_dag.py
[2026-05-16T13:09:36.488+0000] {processor.py:840} INFO - DAG(s) 'tutorial_dag' retrieved from /home/airflow/.local/lib/python3.12/site-packages/airflow/example_dags/tutorial_dag.py
[2026-05-16T13:09:36.495+0000] {logging_mixin.py:188} INFO - [2026-05-16T13:09:36.495+0000] {dag.py:3089} INFO - Sync 1 DAGs
[2026-05-16T13:09:36.499+0000] {logging_mixin.py:188} INFO - [2026-05-16T13:09:36.499+0000] {dag.py:3947} INFO - Setting next_dagrun for tutorial_dag to None, run_after=None
[2026-05-16T13:09:36.504+0000] {processor.py:183} INFO - Processing /home/airflow/.local/lib/python3.12/site-packages/airflow/example_dags/tutorial_dag.py took 0.021 seconds
[2026-05-16T13:10:06.977+0000] {processor.py:161} INFO - Started process (PID=17034) to work on /home/airflow/.local/lib/python3.12/site-packages/airflow/example_dags/tutorial_dag.py
[2026-05-16T13:10:06.978+0000] {processor.py:830} INFO - Processing file /home/airflow/.local/lib/python3.12/site-packages/airflow/example_dags/tutorial_dag.py for tasks to queue
[2026-05-16T13:10:06.978+0000] {logging_mixin.py:188} INFO - [2026-05-16T13:10:06.978+0000] {dagbag.py:545} INFO - Filling up the DagBag from /home/airflow/.local/lib/python3.12/site-packages/airflow/example_dags/tutorial_dag.py
[2026-05-16T13:10:06.980+0000] {processor.py:840} INFO - DAG(s) 'tutorial_dag' retrieved from /home/airflow/.local/lib/python3.12/site-packages/airflow/example_dags/tutorial_dag.py
[2026-05-16T13:10:06.988+0000] {logging_mixin.py:188} INFO - [2026-05-16T13:10:06.988+0000] {dag.py:3089} INFO - Sync 1 DAGs
[2026-05-16T13:10:06.992+0000] {logging_mixin.py:188} INFO - [2026-05-16T13:10:06.992+0000] {dag.py:3947} INFO - Setting next_dagrun for tutorial_dag to None, run_after=None
[2026-05-16T13:10:06.996+0000] {processor.py:183} INFO - Processing /home/airflow/.local/lib/python3.12/site-packages/airflow/example_dags/tutorial_dag.py took 0.022 seconds
[2026-05-16T13:10:37.571+0000] {processor.py:161} INFO - Started process (PID=17096) to work on /home/airflow/.local/lib/python3.12/site-packages/airflow/example_dags/tutorial_dag.py
[2026-05-16T13:10:37.572+0000] {processor.py:830} INFO - Processing file /home/airflow/.local/lib/python3.12/site-packages/airflow/example_dags/tutorial_dag.py for tasks to queue
[2026-05-16T13:10:37.572+0000] {logging_mixin.py:188} INFO - [2026-05-16T13:10:37.572+0000] {dagbag.py:545} INFO - Filling up the DagBag from /home/airflow/.local/lib/python3.12/site-packages/airflow/example_dags/tutorial_dag.py
[2026-05-16T13:10:37.575+0000] {processor.py:840} INFO - DAG(s) 'tutorial_dag' retrieved from /home/airflow/.local/lib/python3.12/site-packages/airflow/example_dags/tutorial_dag.py
[2026-05-16T13:10:37.583+0000] {logging_mixin.py:188} INFO - [2026-05-16T13:10:37.583+0000] {dag.py:3089} INFO - Sync 1 DAGs
[2026-05-16T13:10:37.587+0000] {logging_mixin.py:188} INFO - [2026-05-16T13:10:37.587+0000] {dag.py:3947} INFO - Setting next_dagrun for tutorial_dag to None, run_after=None
[2026-05-16T13:10:37.593+0000] {processor.py:183} INFO - Processing /home/airflow/.local/lib/python3.12/site-packages/airflow/example_dags/tutorial_dag.py took 0.024 seconds
[2026-05-16T13:11:08.008+0000] {processor.py:161} INFO - Started process (PID=17159) to work on /home/airflow/.local/lib/python3.12/site-packages/airflow/example_dags/tutorial_dag.py
[2026-05-16T13:11:08.009+0000] {processor.py:830} INFO - Processing file /home/airflow/.local/lib/python3.12/site-packages/airflow/example_dags/tutorial_dag.py for tasks to queue
[2026-05-16T13:11:08.009+0000] {logging_mixin.py:188} INFO - [2026-05-16T13:11:08.009+0000] {dagbag.py:545} INFO - Filling up the DagBag from /home/airflow/.local/lib/python3.12/site-packages/airflow/example_dags/tutorial_dag.py
[2026-05-16T13:11:08.011+0000] {processor.py:840} INFO - DAG(s) 'tutorial_dag' retrieved from /home/airflow/.local/lib/python3.12/site-packages/airflow/example_dags/tutorial_dag.py
[2026-05-16T13:11:08.019+0000] {logging_mixin.py:188} INFO - [2026-05-16T13:11:08.019+0000] {dag.py:3089} INFO - Sync 1 DAGs
[2026-05-16T13:11:08.023+0000] {logging_mixin.py:188} INFO - [2026-05-16T13:11:08.023+0000] {dag.py:3947} INFO - Setting next_dagrun for tutorial_dag to None, run_after=None
[2026-05-16T13:11:08.028+0000] {processor.py:183} INFO - Processing /home/airflow/.local/lib/python3.12/site-packages/airflow/example_dags/tutorial_dag.py took 0.023 seconds
[2026-05-16T13:11:38.508+0000] {processor.py:161} INFO - Started process (PID=17221) to work on /home/airflow/.local/lib/python3.12/site-packages/airflow/example_dags/tutorial_dag.py
[2026-05-16T13:11:38.508+0000] {processor.py:830} INFO - Processing file /home/airflow/.local/lib/python3.12/site-packages/airflow/example_dags/tutorial_dag.py for tasks to queue
[2026-05-16T13:11:38.508+0000] {logging_mixin.py:188} INFO - [2026-05-16T13:11:38.508+0000] {dagbag.py:545} INFO - Filling up the DagBag from /home/airflow/.local/lib/python3.12/site-packages/airflow/example_dags/tutorial_dag.py
[2026-05-16T13:11:38.511+0000] {processor.py:840} INFO - DAG(s) 'tutorial_dag' retrieved from /home/airflow/.local/lib/python3.12/site-packages/airflow/example_dags/tutorial_dag.py
[2026-05-16T13:11:38.519+0000] {logging_mixin.py:188} INFO - [2026-05-16T13:11:38.519+0000] {dag.py:3089} INFO - Sync 1 DAGs
[2026-05-16T13:11:38.524+0000] {logging_mixin.py:188} INFO - [2026-05-16T13:11:38.524+0000] {dag.py:3947} INFO - Setting next_dagrun for tutorial_dag to None, run_after=None
[2026-05-16T13:11:38.528+0000] {processor.py:183} INFO - Processing /home/airflow/.local/lib/python3.12/site-packages/airflow/example_dags/tutorial_dag.py took 0.023 seconds
[2026-05-16T13:12:08.865+0000] {processor.py:161} INFO - Started process (PID=17283) to work on /home/airflow/.local/lib/python3.12/site-packages/airflow/example_dags/tutorial_dag.py
[2026-05-16T13:12:08.865+0000] {processor.py:830} INFO - Processing file /home/airflow/.local/lib/python3.12/site-packages/airflow/example_dags/tutorial_dag.py for tasks to queue
[2026-05-16T13:12:08.866+0000] {logging_mixin.py:188} INFO - [2026-05-16T13:12:08.865+0000] {dagbag.py:545} INFO - Filling up the DagBag from /home/airflow/.local/lib/python3.12/site-packages/airflow/example_dags/tutorial_dag.py
[2026-05-16T13:12:08.868+0000] {processor.py:840} INFO - DAG(s) 'tutorial_dag' retrieved from /home/airflow/.local/lib/python3.12/site-packages/airflow/example_dags/tutorial_dag.py
[2026-05-16T13:12:08.878+0000] {logging_mixin.py:188} INFO - [2026-05-16T13:12:08.877+0000] {dag.py:3089} INFO - Sync 1 DAGs
[2026-05-16T13:12:08.881+0000] {logging_mixin.py:188} INFO - [2026-05-16T13:12:08.881+0000] {dag.py:3947} INFO - Setting next_dagrun for tutorial_dag to None, run_after=None
[2026-05-16T13:12:08.886+0000] {processor.py:183} INFO - Processing /home/airflow/.local/lib/python3.12/site-packages/airflow/example_dags/tutorial_dag.py took 0.027 seconds
[2026-05-16T13:12:39.383+0000] {processor.py:161} INFO - Started process (PID=17345) to work on /home/airflow/.local/lib/python3.12/site-packages/airflow/example_dags/tutorial_dag.py
[2026-05-16T13:12:39.384+0000] {processor.py:830} INFO - Processing file /home/airflow/.local/lib/python3.12/site-packages/airflow/example_dags/tutorial_dag.py for tasks to queue
[2026-05-16T13:12:39.384+0000] {logging_mixin.py:188} INFO - [2026-05-16T13:12:39.384+0000] {dagbag.py:545} INFO - Filling up the DagBag from /home/airflow/.local/lib/python3.12/site-packages/airflow/example_dags/tutorial_dag.py
[2026-05-16T13:12:39.386+0000] {processor.py:840} INFO - DAG(s) 'tutorial_dag' retrieved from /home/airflow/.local/lib/python3.12/site-packages/airflow/example_dags/tutorial_dag.py
[2026-05-16T13:12:39.393+0000] {logging_mixin.py:188} INFO - [2026-05-16T13:12:39.393+0000] {dag.py:3089} INFO - Sync 1 DAGs
[2026-05-16T13:12:39.397+0000] {logging_mixin.py:188} INFO - [2026-05-16T13:12:39.397+0000] {dag.py:3947} INFO - Setting next_dagrun for tutorial_dag to None, run_after=None
[2026-05-16T13:12:39.402+0000] {processor.py:183} INFO - Processing /home/airflow/.local/lib/python3.12/site-packages/airflow/example_dags/tutorial_dag.py took 0.021 seconds
[2026-05-16T13:13:10.147+0000] {processor.py:161} INFO - Started process (PID=17407) to work on /home/airflow/.local/lib/python3.12/site-packages/airflow/example_dags/tutorial_dag.py
[2026-05-16T13:13:10.147+0000] {processor.py:830} INFO - Processing file /home/airflow/.local/lib/python3.12/site-packages/airflow/example_dags/tutorial_dag.py for tasks to queue
[2026-05-16T13:13:10.148+0000] {logging_mixin.py:188} INFO - [2026-05-16T13:13:10.148+0000] {dagbag.py:545} INFO - Filling up the DagBag from /home/airflow/.local/lib/python3.12/site-packages/airflow/example_dags/tutorial_dag.py
[2026-05-16T13:13:10.150+0000] {processor.py:840} INFO - DAG(s) 'tutorial_dag' retrieved from /home/airflow/.local/lib/python3.12/site-packages/airflow/example_dags/tutorial_dag.py
[2026-05-16T13:13:10.157+0000] {logging_mixin.py:188} INFO - [2026-05-16T13:13:10.157+0000] {dag.py:3089} INFO - Sync 1 DAGs
[2026-05-16T13:13:10.161+0000] {logging_mixin.py:188} INFO - [2026-05-16T13:13:10.161+0000] {dag.py:3947} INFO - Setting next_dagrun for tutorial_dag to None, run_after=None
[2026-05-16T13:13:10.167+0000] {processor.py:183} INFO - Processing /home/airflow/.local/lib/python3.12/site-packages/airflow/example_dags/tutorial_dag.py took 0.022 seconds
[2026-05-16T13:13:41.336+0000] {processor.py:161} INFO - Started process (PID=17469) to work on /home/airflow/.local/lib/python3.12/site-packages/airflow/example_dags/tutorial_dag.py
[2026-05-16T13:13:41.336+0000] {processor.py:830} INFO - Processing file /home/airflow/.local/lib/python3.12/site-packages/airflow/example_dags/tutorial_dag.py for tasks to queue
[2026-05-16T13:13:41.336+0000] {logging_mixin.py:188} INFO - [2026-05-16T13:13:41.336+0000] {dagbag.py:545} INFO - Filling up the DagBag from /home/airflow/.local/lib/python3.12/site-packages/airflow/example_dags/tutorial_dag.py
[2026-05-16T13:13:41.339+0000] {processor.py:840} INFO - DAG(s) 'tutorial_dag' retrieved from /home/airflow/.local/lib/python3.12/site-packages/airflow/example_dags/tutorial_dag.py
[2026-05-16T13:13:41.347+0000] {logging_mixin.py:188} INFO - [2026-05-16T13:13:41.347+0000] {dag.py:3089} INFO - Sync 1 DAGs
[2026-05-16T13:13:41.353+0000] {logging_mixin.py:188} INFO - [2026-05-16T13:13:41.353+0000] {dag.py:3947} INFO - Setting next_dagrun for tutorial_dag to None, run_after=None
[2026-05-16T13:13:41.359+0000] {processor.py:183} INFO - Processing /home/airflow/.local/lib/python3.12/site-packages/airflow/example_dags/tutorial_dag.py took 0.026 seconds
[2026-05-16T13:14:11.847+0000] {processor.py:161} INFO - Started process (PID=17531) to work on /home/airflow/.local/lib/python3.12/site-packages/airflow/example_dags/tutorial_dag.py
[2026-05-16T13:14:11.848+0000] {processor.py:830} INFO - Processing file /home/airflow/.local/lib/python3.12/site-packages/airflow/example_dags/tutorial_dag.py for tasks to queue
[2026-05-16T13:14:11.848+0000] {logging_mixin.py:188} INFO - [2026-05-16T13:14:11.848+0000] {dagbag.py:545} INFO - Filling up the DagBag from /home/airflow/.local/lib/python3.12/site-packages/airflow/example_dags/tutorial_dag.py
[2026-05-16T13:14:11.851+0000] {processor.py:840} INFO - DAG(s) 'tutorial_dag' retrieved from /home/airflow/.local/lib/python3.12/site-packages/airflow/example_dags/tutorial_dag.py
[2026-05-16T13:14:11.859+0000] {logging_mixin.py:188} INFO - [2026-05-16T13:14:11.859+0000] {dag.py:3089} INFO - Sync 1 DAGs
[2026-05-16T13:14:11.864+0000] {logging_mixin.py:188} INFO - [2026-05-16T13:14:11.864+0000] {dag.py:3947} INFO - Setting next_dagrun for tutorial_dag to None, run_after=None
[2026-05-16T13:14:11.870+0000] {processor.py:183} INFO - Processing /home/airflow/.local/lib/python3.12/site-packages/airflow/example_dags/tutorial_dag.py took 0.027 seconds
[2026-05-16T13:14:42.259+0000] {processor.py:161} INFO - Started process (PID=17593) to work on /home/airflow/.local/lib/python3.12/site-packages/airflow/example_dags/tutorial_dag.py
[2026-05-16T13:14:42.259+0000] {processor.py:830} INFO - Processing file /home/airflow/.local/lib/python3.12/site-packages/airflow/example_dags/tutorial_dag.py for tasks to queue
[2026-05-16T13:14:42.259+0000] {logging_mixin.py:188} INFO - [2026-05-16T13:14:42.259+0000] {dagbag.py:545} INFO - Filling up the DagBag from /home/airflow/.local/lib/python3.12/site-packages/airflow/example_dags/tutorial_dag.py
[2026-05-16T13:14:42.262+0000] {processor.py:840} INFO - DAG(s) 'tutorial_dag' retrieved from /home/airflow/.local/lib/python3.12/site-packages/airflow/example_dags/tutorial_dag.py
[2026-05-16T13:14:42.269+0000] {logging_mixin.py:188} INFO - [2026-05-16T13:14:42.269+0000] {dag.py:3089} INFO - Sync 1 DAGs
[2026-05-16T13:14:42.273+0000] {logging_mixin.py:188} INFO - [2026-05-16T13:14:42.273+0000] {dag.py:3947} INFO - Setting next_dagrun for tutorial_dag to None, run_after=None
[2026-05-16T13:14:42.280+0000] {processor.py:183} INFO - Processing /home/airflow/.local/lib/python3.12/site-packages/airflow/example_dags/tutorial_dag.py took 0.024 seconds
[2026-05-16T13:15:12.808+0000] {processor.py:161} INFO - Started process (PID=17655) to work on /home/airflow/.local/lib/python3.12/site-packages/airflow/example_dags/tutorial_dag.py
[2026-05-16T13:15:12.808+0000] {processor.py:830} INFO - Processing file /home/airflow/.local/lib/python3.12/site-packages/airflow/example_dags/tutorial_dag.py for tasks to queue
[2026-05-16T13:15:12.808+0000] {logging_mixin.py:188} INFO - [2026-05-16T13:15:12.808+0000] {dagbag.py:545} INFO - Filling up the DagBag from /home/airflow/.local/lib/python3.12/site-packages/airflow/example_dags/tutorial_dag.py
[2026-05-16T13:15:12.811+0000] {processor.py:840} INFO - DAG(s) 'tutorial_dag' retrieved from /home/airflow/.local/lib/python3.12/site-packages/airflow/example_dags/tutorial_dag.py
[2026-05-16T13:15:12.820+0000] {logging_mixin.py:188} INFO - [2026-05-16T13:15:12.820+0000] {dag.py:3089} INFO - Sync 1 DAGs
[2026-05-16T13:15:12.825+0000] {logging_mixin.py:188} INFO - [2026-05-16T13:15:12.825+0000] {dag.py:3947} INFO - Setting next_dagrun for tutorial_dag to None, run_after=None
[2026-05-16T13:15:12.830+0000] {processor.py:183} INFO - Processing /home/airflow/.local/lib/python3.12/site-packages/airflow/example_dags/tutorial_dag.py took 0.025 seconds
[2026-05-16T13:15:43.215+0000] {processor.py:161} INFO - Started process (PID=17717) to work on /home/airflow/.local/lib/python3.12/site-packages/airflow/example_dags/tutorial_dag.py
[2026-05-16T13:15:43.216+0000] {processor.py:830} INFO - Processing file /home/airflow/.local/lib/python3.12/site-packages/airflow/example_dags/tutorial_dag.py for tasks to queue
[2026-05-16T13:15:43.217+0000] {logging_mixin.py:188} INFO - [2026-05-16T13:15:43.217+0000] {dagbag.py:545} INFO - Filling up the DagBag from /home/airflow/.local/lib/python3.12/site-packages/airflow/example_dags/tutorial_dag.py
[2026-05-16T13:15:43.219+0000] {processor.py:840} INFO - DAG(s) 'tutorial_dag' retrieved from /home/airflow/.local/lib/python3.12/site-packages/airflow/example_dags/tutorial_dag.py
[2026-05-16T13:15:43.228+0000] {logging_mixin.py:188} INFO - [2026-05-16T13:15:43.228+0000] {dag.py:3089} INFO - Sync 1 DAGs
[2026-05-16T13:15:43.232+0000] {logging_mixin.py:188} INFO - [2026-05-16T13:15:43.232+0000] {dag.py:3947} INFO - Setting next_dagrun for tutorial_dag to None, run_after=None
[2026-05-16T13:15:43.237+0000] {processor.py:183} INFO - Processing /home/airflow/.local/lib/python3.12/site-packages/airflow/example_dags/tutorial_dag.py took 0.025 seconds
[2026-05-16T13:16:13.627+0000] {processor.py:161} INFO - Started process (PID=17779) to work on /home/airflow/.local/lib/python3.12/site-packages/airflow/example_dags/tutorial_dag.py
[2026-05-16T13:16:13.628+0000] {processor.py:830} INFO - Processing file /home/airflow/.local/lib/python3.12/site-packages/airflow/example_dags/tutorial_dag.py for tasks to queue
[2026-05-16T13:16:13.628+0000] {logging_mixin.py:188} INFO - [2026-05-16T13:16:13.628+0000] {dagbag.py:545} INFO - Filling up the DagBag from /home/airflow/.local/lib/python3.12/site-packages/airflow/example_dags/tutorial_dag.py
[2026-05-16T13:16:13.630+0000] {processor.py:840} INFO - DAG(s) 'tutorial_dag' retrieved from /home/airflow/.local/lib/python3.12/site-packages/airflow/example_dags/tutorial_dag.py
[2026-05-16T13:16:13.640+0000] {logging_mixin.py:188} INFO - [2026-05-16T13:16:13.640+0000] {dag.py:3089} INFO - Sync 1 DAGs
[2026-05-16T13:16:13.644+0000] {logging_mixin.py:188} INFO - [2026-05-16T13:16:13.644+0000] {dag.py:3947} INFO - Setting next_dagrun for tutorial_dag to None, run_after=None
[2026-05-16T13:16:13.651+0000] {processor.py:183} INFO - Processing /home/airflow/.local/lib/python3.12/site-packages/airflow/example_dags/tutorial_dag.py took 0.027 seconds
[2026-05-16T13:16:44.153+0000] {processor.py:161} INFO - Started process (PID=17841) to work on /home/airflow/.local/lib/python3.12/site-packages/airflow/example_dags/tutorial_dag.py
[2026-05-16T13:16:44.154+0000] {processor.py:830} INFO - Processing file /home/airflow/.local/lib/python3.12/site-packages/airflow/example_dags/tutorial_dag.py for tasks to queue
[2026-05-16T13:16:44.154+0000] {logging_mixin.py:188} INFO - [2026-05-16T13:16:44.154+0000] {dagbag.py:545} INFO - Filling up the DagBag from /home/airflow/.local/lib/python3.12/site-packages/airflow/example_dags/tutorial_dag.py
[2026-05-16T13:16:44.156+0000] {processor.py:840} INFO - DAG(s) 'tutorial_dag' retrieved from /home/airflow/.local/lib/python3.12/site-packages/airflow/example_dags/tutorial_dag.py
[2026-05-16T13:16:44.163+0000] {logging_mixin.py:188} INFO - [2026-05-16T13:16:44.163+0000] {dag.py:3089} INFO - Sync 1 DAGs
[2026-05-16T13:16:44.168+0000] {logging_mixin.py:188} INFO - [2026-05-16T13:16:44.168+0000] {dag.py:3947} INFO - Setting next_dagrun for tutorial_dag to None, run_after=None
[2026-05-16T13:16:44.173+0000] {processor.py:183} INFO - Processing /home/airflow/.local/lib/python3.12/site-packages/airflow/example_dags/tutorial_dag.py took 0.023 seconds
[2026-05-16T13:17:14.711+0000] {processor.py:161} INFO - Started process (PID=17903) to work on /home/airflow/.local/lib/python3.12/site-packages/airflow/example_dags/tutorial_dag.py
[2026-05-16T13:17:14.711+0000] {processor.py:830} INFO - Processing file /home/airflow/.local/lib/python3.12/site-packages/airflow/example_dags/tutorial_dag.py for tasks to queue
[2026-05-16T13:17:14.711+0000] {logging_mixin.py:188} INFO - [2026-05-16T13:17:14.711+0000] {dagbag.py:545} INFO - Filling up the DagBag from /home/airflow/.local/lib/python3.12/site-packages/airflow/example_dags/tutorial_dag.py
[2026-05-16T13:17:14.714+0000] {processor.py:840} INFO - DAG(s) 'tutorial_dag' retrieved from /home/airflow/.local/lib/python3.12/site-packages/airflow/example_dags/tutorial_dag.py
[2026-05-16T13:17:14.723+0000] {logging_mixin.py:188} INFO - [2026-05-16T13:17:14.723+0000] {dag.py:3089} INFO - Sync 1 DAGs
[2026-05-16T13:17:14.726+0000] {logging_mixin.py:188} INFO - [2026-05-16T13:17:14.726+0000] {dag.py:3947} INFO - Setting next_dagrun for tutorial_dag to None, run_after=None
[2026-05-16T13:17:14.731+0000] {processor.py:183} INFO - Processing /home/airflow/.local/lib/python3.12/site-packages/airflow/example_dags/tutorial_dag.py took 0.023 seconds
[2026-05-16T13:17:45.230+0000] {processor.py:161} INFO - Started process (PID=17965) to work on /home/airflow/.local/lib/python3.12/site-packages/airflow/example_dags/tutorial_dag.py
[2026-05-16T13:17:45.231+0000] {processor.py:830} INFO - Processing file /home/airflow/.local/lib/python3.12/site-packages/airflow/example_dags/tutorial_dag.py for tasks to queue
[2026-05-16T13:17:45.231+0000] {logging_mixin.py:188} INFO - [2026-05-16T13:17:45.231+0000] {dagbag.py:545} INFO - Filling up the DagBag from /home/airflow/.local/lib/python3.12/site-packages/airflow/example_dags/tutorial_dag.py
[2026-05-16T13:17:45.233+0000] {processor.py:840} INFO - DAG(s) 'tutorial_dag' retrieved from /home/airflow/.local/lib/python3.12/site-packages/airflow/example_dags/tutorial_dag.py
[2026-05-16T13:17:45.241+0000] {logging_mixin.py:188} INFO - [2026-05-16T13:17:45.241+0000] {dag.py:3089} INFO - Sync 1 DAGs
[2026-05-16T13:17:45.246+0000] {logging_mixin.py:188} INFO - [2026-05-16T13:17:45.245+0000] {dag.py:3947} INFO - Setting next_dagrun for tutorial_dag to None, run_after=None
[2026-05-16T13:17:45.251+0000] {processor.py:183} INFO - Processing /home/airflow/.local/lib/python3.12/site-packages/airflow/example_dags/tutorial_dag.py took 0.024 seconds
[2026-05-16T13:18:15.752+0000] {processor.py:161} INFO - Started process (PID=18026) to work on /home/airflow/.local/lib/python3.12/site-packages/airflow/example_dags/tutorial_dag.py
[2026-05-16T13:18:15.753+0000] {processor.py:830} INFO - Processing file /home/airflow/.local/lib/python3.12/site-packages/airflow/example_dags/tutorial_dag.py for tasks to queue
[2026-05-16T13:18:15.753+0000] {logging_mixin.py:188} INFO - [2026-05-16T13:18:15.753+0000] {dagbag.py:545} INFO - Filling up the DagBag from /home/airflow/.local/lib/python3.12/site-packages/airflow/example_dags/tutorial_dag.py
[2026-05-16T13:18:15.755+0000] {processor.py:840} INFO - DAG(s) 'tutorial_dag' retrieved from /home/airflow/.local/lib/python3.12/site-packages/airflow/example_dags/tutorial_dag.py
[2026-05-16T13:18:15.764+0000] {logging_mixin.py:188} INFO - [2026-05-16T13:18:15.764+0000] {dag.py:3089} INFO - Sync 1 DAGs
[2026-05-16T13:18:15.768+0000] {logging_mixin.py:188} INFO - [2026-05-16T13:18:15.768+0000] {dag.py:3947} INFO - Setting next_dagrun for tutorial_dag to None, run_after=None
[2026-05-16T13:18:15.773+0000] {processor.py:183} INFO - Processing /home/airflow/.local/lib/python3.12/site-packages/airflow/example_dags/tutorial_dag.py took 0.024 seconds
[2026-05-16T13:18:46.131+0000] {processor.py:161} INFO - Started process (PID=18088) to work on /home/airflow/.local/lib/python3.12/site-packages/airflow/example_dags/tutorial_dag.py
[2026-05-16T13:18:46.132+0000] {processor.py:830} INFO - Processing file /home/airflow/.local/lib/python3.12/site-packages/airflow/example_dags/tutorial_dag.py for tasks to queue
[2026-05-16T13:18:46.132+0000] {logging_mixin.py:188} INFO - [2026-05-16T13:18:46.132+0000] {dagbag.py:545} INFO - Filling up the DagBag from /home/airflow/.local/lib/python3.12/site-packages/airflow/example_dags/tutorial_dag.py
[2026-05-16T13:18:46.134+0000] {processor.py:840} INFO - DAG(s) 'tutorial_dag' retrieved from /home/airflow/.local/lib/python3.12/site-packages/airflow/example_dags/tutorial_dag.py
[2026-05-16T13:18:46.141+0000] {logging_mixin.py:188} INFO - [2026-05-16T13:18:46.141+0000] {dag.py:3089} INFO - Sync 1 DAGs
[2026-05-16T13:18:46.145+0000] {logging_mixin.py:188} INFO - [2026-05-16T13:18:46.145+0000] {dag.py:3947} INFO - Setting next_dagrun for tutorial_dag to None, run_after=None
[2026-05-16T13:18:46.150+0000] {processor.py:183} INFO - Processing /home/airflow/.local/lib/python3.12/site-packages/airflow/example_dags/tutorial_dag.py took 0.021 seconds
[2026-05-16T13:19:16.542+0000] {processor.py:161} INFO - Started process (PID=18150) to work on /home/airflow/.local/lib/python3.12/site-packages/airflow/example_dags/tutorial_dag.py
[2026-05-16T13:19:16.542+0000] {processor.py:830} INFO - Processing file /home/airflow/.local/lib/python3.12/site-packages/airflow/example_dags/tutorial_dag.py for tasks to queue
[2026-05-16T13:19:16.542+0000] {logging_mixin.py:188} INFO - [2026-05-16T13:19:16.542+0000] {dagbag.py:545} INFO - Filling up the DagBag from /home/airflow/.local/lib/python3.12/site-packages/airflow/example_dags/tutorial_dag.py
[2026-05-16T13:19:16.544+0000] {processor.py:840} INFO - DAG(s) 'tutorial_dag' retrieved from /home/airflow/.local/lib/python3.12/site-packages/airflow/example_dags/tutorial_dag.py
[2026-05-16T13:19:16.556+0000] {logging_mixin.py:188} INFO - [2026-05-16T13:19:16.556+0000] {dag.py:3089} INFO - Sync 1 DAGs
[2026-05-16T13:19:16.560+0000] {logging_mixin.py:188} INFO - [2026-05-16T13:19:16.560+0000] {dag.py:3947} INFO - Setting next_dagrun for tutorial_dag to None, run_after=None
[2026-05-16T13:19:16.567+0000] {processor.py:183} INFO - Processing /home/airflow/.local/lib/python3.12/site-packages/airflow/example_dags/tutorial_dag.py took 0.028 seconds
[2026-05-16T13:19:46.895+0000] {processor.py:161} INFO - Started process (PID=18212) to work on /home/airflow/.local/lib/python3.12/site-packages/airflow/example_dags/tutorial_dag.py
[2026-05-16T13:19:46.895+0000] {processor.py:830} INFO - Processing file /home/airflow/.local/lib/python3.12/site-packages/airflow/example_dags/tutorial_dag.py for tasks to queue
[2026-05-16T13:19:46.896+0000] {logging_mixin.py:188} INFO - [2026-05-16T13:19:46.896+0000] {dagbag.py:545} INFO - Filling up the DagBag from /home/airflow/.local/lib/python3.12/site-packages/airflow/example_dags/tutorial_dag.py
[2026-05-16T13:19:46.898+0000] {processor.py:840} INFO - DAG(s) 'tutorial_dag' retrieved from /home/airflow/.local/lib/python3.12/site-packages/airflow/example_dags/tutorial_dag.py
[2026-05-16T13:19:46.905+0000] {logging_mixin.py:188} INFO - [2026-05-16T13:19:46.905+0000] {dag.py:3089} INFO - Sync 1 DAGs
[2026-05-16T13:19:46.910+0000] {logging_mixin.py:188} INFO - [2026-05-16T13:19:46.910+0000] {dag.py:3947} INFO - Setting next_dagrun for tutorial_dag to None, run_after=None
[2026-05-16T13:19:46.915+0000] {processor.py:183} INFO - Processing /home/airflow/.local/lib/python3.12/site-packages/airflow/example_dags/tutorial_dag.py took 0.023 seconds
[2026-05-16T13:20:17.386+0000] {processor.py:161} INFO - Started process (PID=18274) to work on /home/airflow/.local/lib/python3.12/site-packages/airflow/example_dags/tutorial_dag.py
[2026-05-16T13:20:17.387+0000] {processor.py:830} INFO - Processing file /home/airflow/.local/lib/python3.12/site-packages/airflow/example_dags/tutorial_dag.py for tasks to queue
[2026-05-16T13:20:17.387+0000] {logging_mixin.py:188} INFO - [2026-05-16T13:20:17.387+0000] {dagbag.py:545} INFO - Filling up the DagBag from /home/airflow/.local/lib/python3.12/site-packages/airflow/example_dags/tutorial_dag.py
[2026-05-16T13:20:17.389+0000] {processor.py:840} INFO - DAG(s) 'tutorial_dag' retrieved from /home/airflow/.local/lib/python3.12/site-packages/airflow/example_dags/tutorial_dag.py
[2026-05-16T13:20:17.395+0000] {logging_mixin.py:188} INFO - [2026-05-16T13:20:17.395+0000] {dag.py:3089} INFO - Sync 1 DAGs
[2026-05-16T13:20:17.400+0000] {logging_mixin.py:188} INFO - [2026-05-16T13:20:17.400+0000] {dag.py:3947} INFO - Setting next_dagrun for tutorial_dag to None, run_after=None
[2026-05-16T13:20:17.404+0000] {processor.py:183} INFO - Processing /home/airflow/.local/lib/python3.12/site-packages/airflow/example_dags/tutorial_dag.py took 0.020 seconds
[2026-05-16T13:20:47.792+0000] {processor.py:161} INFO - Started process (PID=18336) to work on /home/airflow/.local/lib/python3.12/site-packages/airflow/example_dags/tutorial_dag.py
[2026-05-16T13:20:47.792+0000] {processor.py:830} INFO - Processing file /home/airflow/.local/lib/python3.12/site-packages/airflow/example_dags/tutorial_dag.py for tasks to queue
[2026-05-16T13:20:47.792+0000] {logging_mixin.py:188} INFO - [2026-05-16T13:20:47.792+0000] {dagbag.py:545} INFO - Filling up the DagBag from /home/airflow/.local/lib/python3.12/site-packages/airflow/example_dags/tutorial_dag.py
[2026-05-16T13:20:47.795+0000] {processor.py:840} INFO - DAG(s) 'tutorial_dag' retrieved from /home/airflow/.local/lib/python3.12/site-packages/airflow/example_dags/tutorial_dag.py
[2026-05-16T13:20:47.803+0000] {logging_mixin.py:188} INFO - [2026-05-16T13:20:47.803+0000] {dag.py:3089} INFO - Sync 1 DAGs
[2026-05-16T13:20:47.807+0000] {logging_mixin.py:188} INFO - [2026-05-16T13:20:47.807+0000] {dag.py:3947} INFO - Setting next_dagrun for tutorial_dag to None, run_after=None
[2026-05-16T13:20:47.813+0000] {processor.py:183} INFO - Processing /home/airflow/.local/lib/python3.12/site-packages/airflow/example_dags/tutorial_dag.py took 0.024 seconds
[2026-05-16T13:21:18.190+0000] {processor.py:161} INFO - Started process (PID=18398) to work on /home/airflow/.local/lib/python3.12/site-packages/airflow/example_dags/tutorial_dag.py
[2026-05-16T13:21:18.191+0000] {processor.py:830} INFO - Processing file /home/airflow/.local/lib/python3.12/site-packages/airflow/example_dags/tutorial_dag.py for tasks to queue
[2026-05-16T13:21:18.191+0000] {logging_mixin.py:188} INFO - [2026-05-16T13:21:18.191+0000] {dagbag.py:545} INFO - Filling up the DagBag from /home/airflow/.local/lib/python3.12/site-packages/airflow/example_dags/tutorial_dag.py
[2026-05-16T13:21:18.193+0000] {processor.py:840} INFO - DAG(s) 'tutorial_dag' retrieved from /home/airflow/.local/lib/python3.12/site-packages/airflow/example_dags/tutorial_dag.py
[2026-05-16T13:21:18.200+0000] {logging_mixin.py:188} INFO - [2026-05-16T13:21:18.200+0000] {dag.py:3089} INFO - Sync 1 DAGs
[2026-05-16T13:21:18.205+0000] {logging_mixin.py:188} INFO - [2026-05-16T13:21:18.205+0000] {dag.py:3947} INFO - Setting next_dagrun for tutorial_dag to None, run_after=None
[2026-05-16T13:21:18.213+0000] {processor.py:183} INFO - Processing /home/airflow/.local/lib/python3.12/site-packages/airflow/example_dags/tutorial_dag.py took 0.025 seconds
[2026-05-16T13:21:48.565+0000] {processor.py:161} INFO - Started process (PID=18461) to work on /home/airflow/.local/lib/python3.12/site-packages/airflow/example_dags/tutorial_dag.py
[2026-05-16T13:21:48.566+0000] {processor.py:830} INFO - Processing file /home/airflow/.local/lib/python3.12/site-packages/airflow/example_dags/tutorial_dag.py for tasks to queue
[2026-05-16T13:21:48.566+0000] {logging_mixin.py:188} INFO - [2026-05-16T13:21:48.566+0000] {dagbag.py:545} INFO - Filling up the DagBag from /home/airflow/.local/lib/python3.12/site-packages/airflow/example_dags/tutorial_dag.py
[2026-05-16T13:21:48.568+0000] {processor.py:840} INFO - DAG(s) 'tutorial_dag' retrieved from /home/airflow/.local/lib/python3.12/site-packages/airflow/example_dags/tutorial_dag.py
[2026-05-16T13:21:48.577+0000] {logging_mixin.py:188} INFO - [2026-05-16T13:21:48.577+0000] {dag.py:3089} INFO - Sync 1 DAGs
[2026-05-16T13:21:48.582+0000] {logging_mixin.py:188} INFO - [2026-05-16T13:21:48.582+0000] {dag.py:3947} INFO - Setting next_dagrun for tutorial_dag to None, run_after=None
[2026-05-16T13:21:48.587+0000] {processor.py:183} INFO - Processing /home/airflow/.local/lib/python3.12/site-packages/airflow/example_dags/tutorial_dag.py took 0.024 seconds
[2026-05-16T13:22:18.993+0000] {processor.py:161} INFO - Started process (PID=18522) to work on /home/airflow/.local/lib/python3.12/site-packages/airflow/example_dags/tutorial_dag.py
[2026-05-16T13:22:18.993+0000] {processor.py:830} INFO - Processing file /home/airflow/.local/lib/python3.12/site-packages/airflow/example_dags/tutorial_dag.py for tasks to queue
[2026-05-16T13:22:18.993+0000] {logging_mixin.py:188} INFO - [2026-05-16T13:22:18.993+0000] {dagbag.py:545} INFO - Filling up the DagBag from /home/airflow/.local/lib/python3.12/site-packages/airflow/example_dags/tutorial_dag.py
[2026-05-16T13:22:18.996+0000] {processor.py:840} INFO - DAG(s) 'tutorial_dag' retrieved from /home/airflow/.local/lib/python3.12/site-packages/airflow/example_dags/tutorial_dag.py
[2026-05-16T13:22:19.003+0000] {logging_mixin.py:188} INFO - [2026-05-16T13:22:19.003+0000] {dag.py:3089} INFO - Sync 1 DAGs
[2026-05-16T13:22:19.007+0000] {logging_mixin.py:188} INFO - [2026-05-16T13:22:19.007+0000] {dag.py:3947} INFO - Setting next_dagrun for tutorial_dag to None, run_after=None
[2026-05-16T13:22:19.013+0000] {processor.py:183} INFO - Processing /home/airflow/.local/lib/python3.12/site-packages/airflow/example_dags/tutorial_dag.py took 0.022 seconds
[2026-05-16T13:22:49.394+0000] {processor.py:161} INFO - Started process (PID=18584) to work on /home/airflow/.local/lib/python3.12/site-packages/airflow/example_dags/tutorial_dag.py
[2026-05-16T13:22:49.394+0000] {processor.py:830} INFO - Processing file /home/airflow/.local/lib/python3.12/site-packages/airflow/example_dags/tutorial_dag.py for tasks to queue
[2026-05-16T13:22:49.395+0000] {logging_mixin.py:188} INFO - [2026-05-16T13:22:49.394+0000] {dagbag.py:545} INFO - Filling up the DagBag from /home/airflow/.local/lib/python3.12/site-packages/airflow/example_dags/tutorial_dag.py
[2026-05-16T13:22:49.397+0000] {processor.py:840} INFO - DAG(s) 'tutorial_dag' retrieved from /home/airflow/.local/lib/python3.12/site-packages/airflow/example_dags/tutorial_dag.py
[2026-05-16T13:22:49.404+0000] {logging_mixin.py:188} INFO - [2026-05-16T13:22:49.404+0000] {dag.py:3089} INFO - Sync 1 DAGs
[2026-05-16T13:22:49.408+0000] {logging_mixin.py:188} INFO - [2026-05-16T13:22:49.408+0000] {dag.py:3947} INFO - Setting next_dagrun for tutorial_dag to None, run_after=None
[2026-05-16T13:22:49.416+0000] {processor.py:183} INFO - Processing /home/airflow/.local/lib/python3.12/site-packages/airflow/example_dags/tutorial_dag.py took 0.025 seconds
[2026-05-16T13:23:19.852+0000] {processor.py:161} INFO - Started process (PID=18645) to work on /home/airflow/.local/lib/python3.12/site-packages/airflow/example_dags/tutorial_dag.py
[2026-05-16T13:23:19.852+0000] {processor.py:830} INFO - Processing file /home/airflow/.local/lib/python3.12/site-packages/airflow/example_dags/tutorial_dag.py for tasks to queue
[2026-05-16T13:23:19.852+0000] {logging_mixin.py:188} INFO - [2026-05-16T13:23:19.852+0000] {dagbag.py:545} INFO - Filling up the DagBag from /home/airflow/.local/lib/python3.12/site-packages/airflow/example_dags/tutorial_dag.py
[2026-05-16T13:23:19.854+0000] {processor.py:840} INFO - DAG(s) 'tutorial_dag' retrieved from /home/airflow/.local/lib/python3.12/site-packages/airflow/example_dags/tutorial_dag.py
[2026-05-16T13:23:19.866+0000] {logging_mixin.py:188} INFO - [2026-05-16T13:23:19.866+0000] {dag.py:3089} INFO - Sync 1 DAGs
[2026-05-16T13:23:19.870+0000] {logging_mixin.py:188} INFO - [2026-05-16T13:23:19.870+0000] {dag.py:3947} INFO - Setting next_dagrun for tutorial_dag to None, run_after=None
[2026-05-16T13:23:19.875+0000] {processor.py:183} INFO - Processing /home/airflow/.local/lib/python3.12/site-packages/airflow/example_dags/tutorial_dag.py took 0.026 seconds
[2026-05-16T13:23:50.199+0000] {processor.py:161} INFO - Started process (PID=18707) to work on /home/airflow/.local/lib/python3.12/site-packages/airflow/example_dags/tutorial_dag.py
[2026-05-16T13:23:50.199+0000] {processor.py:830} INFO - Processing file /home/airflow/.local/lib/python3.12/site-packages/airflow/example_dags/tutorial_dag.py for tasks to queue
[2026-05-16T13:23:50.200+0000] {logging_mixin.py:188} INFO - [2026-05-16T13:23:50.200+0000] {dagbag.py:545} INFO - Filling up the DagBag from /home/airflow/.local/lib/python3.12/site-packages/airflow/example_dags/tutorial_dag.py
[2026-05-16T13:23:50.201+0000] {processor.py:840} INFO - DAG(s) 'tutorial_dag' retrieved from /home/airflow/.local/lib/python3.12/site-packages/airflow/example_dags/tutorial_dag.py
[2026-05-16T13:23:50.208+0000] {logging_mixin.py:188} INFO - [2026-05-16T13:23:50.208+0000] {dag.py:3089} INFO - Sync 1 DAGs
[2026-05-16T13:23:50.212+0000] {logging_mixin.py:188} INFO - [2026-05-16T13:23:50.212+0000] {dag.py:3947} INFO - Setting next_dagrun for tutorial_dag to None, run_after=None
[2026-05-16T13:23:50.217+0000] {processor.py:183} INFO - Processing /home/airflow/.local/lib/python3.12/site-packages/airflow/example_dags/tutorial_dag.py took 0.020 seconds
[2026-05-16T13:24:20.712+0000] {processor.py:161} INFO - Started process (PID=18769) to work on /home/airflow/.local/lib/python3.12/site-packages/airflow/example_dags/tutorial_dag.py
[2026-05-16T13:24:20.713+0000] {processor.py:830} INFO - Processing file /home/airflow/.local/lib/python3.12/site-packages/airflow/example_dags/tutorial_dag.py for tasks to queue
[2026-05-16T13:24:20.713+0000] {logging_mixin.py:188} INFO - [2026-05-16T13:24:20.713+0000] {dagbag.py:545} INFO - Filling up the DagBag from /home/airflow/.local/lib/python3.12/site-packages/airflow/example_dags/tutorial_dag.py
[2026-05-16T13:24:20.715+0000] {processor.py:840} INFO - DAG(s) 'tutorial_dag' retrieved from /home/airflow/.local/lib/python3.12/site-packages/airflow/example_dags/tutorial_dag.py
[2026-05-16T13:24:20.722+0000] {logging_mixin.py:188} INFO - [2026-05-16T13:24:20.721+0000] {dag.py:3089} INFO - Sync 1 DAGs
[2026-05-16T13:24:20.726+0000] {logging_mixin.py:188} INFO - [2026-05-16T13:24:20.726+0000] {dag.py:3947} INFO - Setting next_dagrun for tutorial_dag to None, run_after=None
[2026-05-16T13:24:20.730+0000] {processor.py:183} INFO - Processing /home/airflow/.local/lib/python3.12/site-packages/airflow/example_dags/tutorial_dag.py took 0.020 seconds
[2026-05-16T13:24:51.238+0000] {processor.py:161} INFO - Started process (PID=18831) to work on /home/airflow/.local/lib/python3.12/site-packages/airflow/example_dags/tutorial_dag.py
[2026-05-16T13:24:51.239+0000] {processor.py:830} INFO - Processing file /home/airflow/.local/lib/python3.12/site-packages/airflow/example_dags/tutorial_dag.py for tasks to queue
[2026-05-16T13:24:51.239+0000] {logging_mixin.py:188} INFO - [2026-05-16T13:24:51.239+0000] {dagbag.py:545} INFO - Filling up the DagBag from /home/airflow/.local/lib/python3.12/site-packages/airflow/example_dags/tutorial_dag.py
[2026-05-16T13:24:51.243+0000] {processor.py:840} INFO - DAG(s) 'tutorial_dag' retrieved from /home/airflow/.local/lib/python3.12/site-packages/airflow/example_dags/tutorial_dag.py
[2026-05-16T13:24:51.251+0000] {logging_mixin.py:188} INFO - [2026-05-16T13:24:51.251+0000] {dag.py:3089} INFO - Sync 1 DAGs
[2026-05-16T13:24:51.255+0000] {logging_mixin.py:188} INFO - [2026-05-16T13:24:51.255+0000] {dag.py:3947} INFO - Setting next_dagrun for tutorial_dag to None, run_after=None
[2026-05-16T13:24:51.260+0000] {processor.py:183} INFO - Processing /home/airflow/.local/lib/python3.12/site-packages/airflow/example_dags/tutorial_dag.py took 0.024 seconds
[2026-05-16T13:25:21.665+0000] {processor.py:161} INFO - Started process (PID=18893) to work on /home/airflow/.local/lib/python3.12/site-packages/airflow/example_dags/tutorial_dag.py
[2026-05-16T13:25:21.666+0000] {processor.py:830} INFO - Processing file /home/airflow/.local/lib/python3.12/site-packages/airflow/example_dags/tutorial_dag.py for tasks to queue
[2026-05-16T13:25:21.666+0000] {logging_mixin.py:188} INFO - [2026-05-16T13:25:21.666+0000] {dagbag.py:545} INFO - Filling up the DagBag from /home/airflow/.local/lib/python3.12/site-packages/airflow/example_dags/tutorial_dag.py
[2026-05-16T13:25:21.668+0000] {processor.py:840} INFO - DAG(s) 'tutorial_dag' retrieved from /home/airflow/.local/lib/python3.12/site-packages/airflow/example_dags/tutorial_dag.py
[2026-05-16T13:25:21.676+0000] {logging_mixin.py:188} INFO - [2026-05-16T13:25:21.676+0000] {dag.py:3089} INFO - Sync 1 DAGs
[2026-05-16T13:25:21.680+0000] {logging_mixin.py:188} INFO - [2026-05-16T13:25:21.680+0000] {dag.py:3947} INFO - Setting next_dagrun for tutorial_dag to None, run_after=None
[2026-05-16T13:25:21.685+0000] {processor.py:183} INFO - Processing /home/airflow/.local/lib/python3.12/site-packages/airflow/example_dags/tutorial_dag.py took 0.022 seconds
[2026-05-16T13:25:52.078+0000] {processor.py:161} INFO - Started process (PID=18955) to work on /home/airflow/.local/lib/python3.12/site-packages/airflow/example_dags/tutorial_dag.py
[2026-05-16T13:25:52.078+0000] {processor.py:830} INFO - Processing file /home/airflow/.local/lib/python3.12/site-packages/airflow/example_dags/tutorial_dag.py for tasks to queue
[2026-05-16T13:25:52.079+0000] {logging_mixin.py:188} INFO - [2026-05-16T13:25:52.079+0000] {dagbag.py:545} INFO - Filling up the DagBag from /home/airflow/.local/lib/python3.12/site-packages/airflow/example_dags/tutorial_dag.py
[2026-05-16T13:25:52.081+0000] {processor.py:840} INFO - DAG(s) 'tutorial_dag' retrieved from /home/airflow/.local/lib/python3.12/site-packages/airflow/example_dags/tutorial_dag.py
[2026-05-16T13:25:52.087+0000] {logging_mixin.py:188} INFO - [2026-05-16T13:25:52.087+0000] {dag.py:3089} INFO - Sync 1 DAGs
[2026-05-16T13:25:52.091+0000] {logging_mixin.py:188} INFO - [2026-05-16T13:25:52.091+0000] {dag.py:3947} INFO - Setting next_dagrun for tutorial_dag to None, run_after=None
[2026-05-16T13:25:52.096+0000] {processor.py:183} INFO - Processing /home/airflow/.local/lib/python3.12/site-packages/airflow/example_dags/tutorial_dag.py took 0.020 seconds
[2026-05-16T13:26:22.761+0000] {processor.py:161} INFO - Started process (PID=19017) to work on /home/airflow/.local/lib/python3.12/site-packages/airflow/example_dags/tutorial_dag.py
[2026-05-16T13:26:22.762+0000] {processor.py:830} INFO - Processing file /home/airflow/.local/lib/python3.12/site-packages/airflow/example_dags/tutorial_dag.py for tasks to queue
[2026-05-16T13:26:22.762+0000] {logging_mixin.py:188} INFO - [2026-05-16T13:26:22.762+0000] {dagbag.py:545} INFO - Filling up the DagBag from /home/airflow/.local/lib/python3.12/site-packages/airflow/example_dags/tutorial_dag.py
[2026-05-16T13:26:22.764+0000] {processor.py:840} INFO - DAG(s) 'tutorial_dag' retrieved from /home/airflow/.local/lib/python3.12/site-packages/airflow/example_dags/tutorial_dag.py
[2026-05-16T13:26:22.772+0000] {logging_mixin.py:188} INFO - [2026-05-16T13:26:22.772+0000] {dag.py:3089} INFO - Sync 1 DAGs
[2026-05-16T13:26:22.777+0000] {logging_mixin.py:188} INFO - [2026-05-16T13:26:22.777+0000] {dag.py:3947} INFO - Setting next_dagrun for tutorial_dag to None, run_after=None
[2026-05-16T13:26:22.784+0000] {processor.py:183} INFO - Processing /home/airflow/.local/lib/python3.12/site-packages/airflow/example_dags/tutorial_dag.py took 0.026 seconds
[2026-05-16T13:26:53.531+0000] {processor.py:161} INFO - Started process (PID=19079) to work on /home/airflow/.local/lib/python3.12/site-packages/airflow/example_dags/tutorial_dag.py
[2026-05-16T13:26:53.531+0000] {processor.py:830} INFO - Processing file /home/airflow/.local/lib/python3.12/site-packages/airflow/example_dags/tutorial_dag.py for tasks to queue
[2026-05-16T13:26:53.532+0000] {logging_mixin.py:188} INFO - [2026-05-16T13:26:53.531+0000] {dagbag.py:545} INFO - Filling up the DagBag from /home/airflow/.local/lib/python3.12/site-packages/airflow/example_dags/tutorial_dag.py
[2026-05-16T13:26:53.534+0000] {processor.py:840} INFO - DAG(s) 'tutorial_dag' retrieved from /home/airflow/.local/lib/python3.12/site-packages/airflow/example_dags/tutorial_dag.py
[2026-05-16T13:26:53.549+0000] {logging_mixin.py:188} INFO - [2026-05-16T13:26:53.549+0000] {dag.py:3089} INFO - Sync 1 DAGs
[2026-05-16T13:26:53.562+0000] {logging_mixin.py:188} INFO - [2026-05-16T13:26:53.562+0000] {dag.py:3947} INFO - Setting next_dagrun for tutorial_dag to None, run_after=None
[2026-05-16T13:26:53.575+0000] {processor.py:183} INFO - Processing /home/airflow/.local/lib/python3.12/site-packages/airflow/example_dags/tutorial_dag.py took 0.046 seconds
[2026-05-16T13:27:24.138+0000] {processor.py:161} INFO - Started process (PID=19141) to work on /home/airflow/.local/lib/python3.12/site-packages/airflow/example_dags/tutorial_dag.py
[2026-05-16T13:27:24.139+0000] {processor.py:830} INFO - Processing file /home/airflow/.local/lib/python3.12/site-packages/airflow/example_dags/tutorial_dag.py for tasks to queue
[2026-05-16T13:27:24.139+0000] {logging_mixin.py:188} INFO - [2026-05-16T13:27:24.139+0000] {dagbag.py:545} INFO - Filling up the DagBag from /home/airflow/.local/lib/python3.12/site-packages/airflow/example_dags/tutorial_dag.py
[2026-05-16T13:27:24.141+0000] {processor.py:840} INFO - DAG(s) 'tutorial_dag' retrieved from /home/airflow/.local/lib/python3.12/site-packages/airflow/example_dags/tutorial_dag.py
[2026-05-16T13:27:24.148+0000] {logging_mixin.py:188} INFO - [2026-05-16T13:27:24.148+0000] {dag.py:3089} INFO - Sync 1 DAGs
[2026-05-16T13:27:24.152+0000] {logging_mixin.py:188} INFO - [2026-05-16T13:27:24.152+0000] {dag.py:3947} INFO - Setting next_dagrun for tutorial_dag to None, run_after=None
[2026-05-16T13:27:24.157+0000] {processor.py:183} INFO - Processing /home/airflow/.local/lib/python3.12/site-packages/airflow/example_dags/tutorial_dag.py took 0.021 seconds
[2026-05-16T13:27:54.642+0000] {processor.py:161} INFO - Started process (PID=19210) to work on /home/airflow/.local/lib/python3.12/site-packages/airflow/example_dags/tutorial_dag.py
[2026-05-16T13:27:54.642+0000] {processor.py:830} INFO - Processing file /home/airflow/.local/lib/python3.12/site-packages/airflow/example_dags/tutorial_dag.py for tasks to queue
[2026-05-16T13:27:54.642+0000] {logging_mixin.py:188} INFO - [2026-05-16T13:27:54.642+0000] {dagbag.py:545} INFO - Filling up the DagBag from /home/airflow/.local/lib/python3.12/site-packages/airflow/example_dags/tutorial_dag.py
[2026-05-16T13:27:54.644+0000] {processor.py:840} INFO - DAG(s) 'tutorial_dag' retrieved from /home/airflow/.local/lib/python3.12/site-packages/airflow/example_dags/tutorial_dag.py
[2026-05-16T13:27:54.651+0000] {logging_mixin.py:188} INFO - [2026-05-16T13:27:54.651+0000] {dag.py:3089} INFO - Sync 1 DAGs
[2026-05-16T13:27:54.655+0000] {logging_mixin.py:188} INFO - [2026-05-16T13:27:54.655+0000] {dag.py:3947} INFO - Setting next_dagrun for tutorial_dag to None, run_after=None
[2026-05-16T13:27:54.660+0000] {processor.py:183} INFO - Processing /home/airflow/.local/lib/python3.12/site-packages/airflow/example_dags/tutorial_dag.py took 0.020 seconds
[2026-05-16T13:28:25.075+0000] {processor.py:161} INFO - Started process (PID=19271) to work on /home/airflow/.local/lib/python3.12/site-packages/airflow/example_dags/tutorial_dag.py
[2026-05-16T13:28:25.076+0000] {processor.py:830} INFO - Processing file /home/airflow/.local/lib/python3.12/site-packages/airflow/example_dags/tutorial_dag.py for tasks to queue
[2026-05-16T13:28:25.076+0000] {logging_mixin.py:188} INFO - [2026-05-16T13:28:25.076+0000] {dagbag.py:545} INFO - Filling up the DagBag from /home/airflow/.local/lib/python3.12/site-packages/airflow/example_dags/tutorial_dag.py
[2026-05-16T13:28:25.078+0000] {processor.py:840} INFO - DAG(s) 'tutorial_dag' retrieved from /home/airflow/.local/lib/python3.12/site-packages/airflow/example_dags/tutorial_dag.py
[2026-05-16T13:28:25.086+0000] {logging_mixin.py:188} INFO - [2026-05-16T13:28:25.086+0000] {dag.py:3089} INFO - Sync 1 DAGs
[2026-05-16T13:28:25.090+0000] {logging_mixin.py:188} INFO - [2026-05-16T13:28:25.090+0000] {dag.py:3947} INFO - Setting next_dagrun for tutorial_dag to None, run_after=None
[2026-05-16T13:28:25.094+0000] {processor.py:183} INFO - Processing /home/airflow/.local/lib/python3.12/site-packages/airflow/example_dags/tutorial_dag.py took 0.021 seconds
[2026-05-16T13:28:55.440+0000] {processor.py:161} INFO - Started process (PID=19333) to work on /home/airflow/.local/lib/python3.12/site-packages/airflow/example_dags/tutorial_dag.py
[2026-05-16T13:28:55.441+0000] {processor.py:830} INFO - Processing file /home/airflow/.local/lib/python3.12/site-packages/airflow/example_dags/tutorial_dag.py for tasks to queue
[2026-05-16T13:28:55.441+0000] {logging_mixin.py:188} INFO - [2026-05-16T13:28:55.441+0000] {dagbag.py:545} INFO - Filling up the DagBag from /home/airflow/.local/lib/python3.12/site-packages/airflow/example_dags/tutorial_dag.py
[2026-05-16T13:28:55.443+0000] {processor.py:840} INFO - DAG(s) 'tutorial_dag' retrieved from /home/airflow/.local/lib/python3.12/site-packages/airflow/example_dags/tutorial_dag.py
[2026-05-16T13:28:55.451+0000] {logging_mixin.py:188} INFO - [2026-05-16T13:28:55.451+0000] {dag.py:3089} INFO - Sync 1 DAGs
[2026-05-16T13:28:55.455+0000] {logging_mixin.py:188} INFO - [2026-05-16T13:28:55.455+0000] {dag.py:3947} INFO - Setting next_dagrun for tutorial_dag to None, run_after=None
[2026-05-16T13:28:55.459+0000] {processor.py:183} INFO - Processing /home/airflow/.local/lib/python3.12/site-packages/airflow/example_dags/tutorial_dag.py took 0.021 seconds
[2026-05-16T13:29:25.753+0000] {processor.py:161} INFO - Started process (PID=19395) to work on /home/airflow/.local/lib/python3.12/site-packages/airflow/example_dags/tutorial_dag.py
[2026-05-16T13:29:25.753+0000] {processor.py:830} INFO - Processing file /home/airflow/.local/lib/python3.12/site-packages/airflow/example_dags/tutorial_dag.py for tasks to queue
[2026-05-16T13:29:25.754+0000] {logging_mixin.py:188} INFO - [2026-05-16T13:29:25.754+0000] {dagbag.py:545} INFO - Filling up the DagBag from /home/airflow/.local/lib/python3.12/site-packages/airflow/example_dags/tutorial_dag.py
[2026-05-16T13:29:25.756+0000] {processor.py:840} INFO - DAG(s) 'tutorial_dag' retrieved from /home/airflow/.local/lib/python3.12/site-packages/airflow/example_dags/tutorial_dag.py
[2026-05-16T13:29:25.764+0000] {logging_mixin.py:188} INFO - [2026-05-16T13:29:25.764+0000] {dag.py:3089} INFO - Sync 1 DAGs
[2026-05-16T13:29:25.768+0000] {logging_mixin.py:188} INFO - [2026-05-16T13:29:25.768+0000] {dag.py:3947} INFO - Setting next_dagrun for tutorial_dag to None, run_after=None
[2026-05-16T13:29:25.773+0000] {processor.py:183} INFO - Processing /home/airflow/.local/lib/python3.12/site-packages/airflow/example_dags/tutorial_dag.py took 0.022 seconds
[2026-05-16T13:29:56.176+0000] {processor.py:161} INFO - Started process (PID=19457) to work on /home/airflow/.local/lib/python3.12/site-packages/airflow/example_dags/tutorial_dag.py
[2026-05-16T13:29:56.176+0000] {processor.py:830} INFO - Processing file /home/airflow/.local/lib/python3.12/site-packages/airflow/example_dags/tutorial_dag.py for tasks to queue
[2026-05-16T13:29:56.177+0000] {logging_mixin.py:188} INFO - [2026-05-16T13:29:56.177+0000] {dagbag.py:545} INFO - Filling up the DagBag from /home/airflow/.local/lib/python3.12/site-packages/airflow/example_dags/tutorial_dag.py
[2026-05-16T13:29:56.181+0000] {processor.py:840} INFO - DAG(s) 'tutorial_dag' retrieved from /home/airflow/.local/lib/python3.12/site-packages/airflow/example_dags/tutorial_dag.py
[2026-05-16T13:29:56.189+0000] {logging_mixin.py:188} INFO - [2026-05-16T13:29:56.189+0000] {dag.py:3089} INFO - Sync 1 DAGs
[2026-05-16T13:29:56.194+0000] {logging_mixin.py:188} INFO - [2026-05-16T13:29:56.194+0000] {dag.py:3947} INFO - Setting next_dagrun for tutorial_dag to None, run_after=None
[2026-05-16T13:29:56.200+0000] {processor.py:183} INFO - Processing /home/airflow/.local/lib/python3.12/site-packages/airflow/example_dags/tutorial_dag.py took 0.026 seconds
[2026-05-16T13:30:26.684+0000] {processor.py:161} INFO - Started process (PID=19519) to work on /home/airflow/.local/lib/python3.12/site-packages/airflow/example_dags/tutorial_dag.py
[2026-05-16T13:30:26.685+0000] {processor.py:830} INFO - Processing file /home/airflow/.local/lib/python3.12/site-packages/airflow/example_dags/tutorial_dag.py for tasks to queue
[2026-05-16T13:30:26.685+0000] {logging_mixin.py:188} INFO - [2026-05-16T13:30:26.685+0000] {dagbag.py:545} INFO - Filling up the DagBag from /home/airflow/.local/lib/python3.12/site-packages/airflow/example_dags/tutorial_dag.py
[2026-05-16T13:30:26.687+0000] {processor.py:840} INFO - DAG(s) 'tutorial_dag' retrieved from /home/airflow/.local/lib/python3.12/site-packages/airflow/example_dags/tutorial_dag.py
[2026-05-16T13:30:26.695+0000] {logging_mixin.py:188} INFO - [2026-05-16T13:30:26.695+0000] {dag.py:3089} INFO - Sync 1 DAGs
[2026-05-16T13:30:26.700+0000] {logging_mixin.py:188} INFO - [2026-05-16T13:30:26.700+0000] {dag.py:3947} INFO - Setting next_dagrun for tutorial_dag to None, run_after=None
[2026-05-16T13:30:26.706+0000] {processor.py:183} INFO - Processing /home/airflow/.local/lib/python3.12/site-packages/airflow/example_dags/tutorial_dag.py took 0.024 seconds
[2026-05-16T13:30:57.044+0000] {processor.py:161} INFO - Started process (PID=19581) to work on /home/airflow/.local/lib/python3.12/site-packages/airflow/example_dags/tutorial_dag.py
[2026-05-16T13:30:57.044+0000] {processor.py:830} INFO - Processing file /home/airflow/.local/lib/python3.12/site-packages/airflow/example_dags/tutorial_dag.py for tasks to queue
[2026-05-16T13:30:57.045+0000] {logging_mixin.py:188} INFO - [2026-05-16T13:30:57.045+0000] {dagbag.py:545} INFO - Filling up the DagBag from /home/airflow/.local/lib/python3.12/site-packages/airflow/example_dags/tutorial_dag.py
[2026-05-16T13:30:57.047+0000] {processor.py:840} INFO - DAG(s) 'tutorial_dag' retrieved from /home/airflow/.local/lib/python3.12/site-packages/airflow/example_dags/tutorial_dag.py
[2026-05-16T13:30:57.055+0000] {logging_mixin.py:188} INFO - [2026-05-16T13:30:57.055+0000] {dag.py:3089} INFO - Sync 1 DAGs
[2026-05-16T13:30:57.059+0000] {logging_mixin.py:188} INFO - [2026-05-16T13:30:57.059+0000] {dag.py:3947} INFO - Setting next_dagrun for tutorial_dag to None, run_after=None
[2026-05-16T13:30:57.065+0000] {processor.py:183} INFO - Processing /home/airflow/.local/lib/python3.12/site-packages/airflow/example_dags/tutorial_dag.py took 0.023 seconds
[2026-05-16T13:31:27.398+0000] {processor.py:161} INFO - Started process (PID=19643) to work on /home/airflow/.local/lib/python3.12/site-packages/airflow/example_dags/tutorial_dag.py
[2026-05-16T13:31:27.398+0000] {processor.py:830} INFO - Processing file /home/airflow/.local/lib/python3.12/site-packages/airflow/example_dags/tutorial_dag.py for tasks to queue
[2026-05-16T13:31:27.398+0000] {logging_mixin.py:188} INFO - [2026-05-16T13:31:27.398+0000] {dagbag.py:545} INFO - Filling up the DagBag from /home/airflow/.local/lib/python3.12/site-packages/airflow/example_dags/tutorial_dag.py
[2026-05-16T13:31:27.400+0000] {processor.py:840} INFO - DAG(s) 'tutorial_dag' retrieved from /home/airflow/.local/lib/python3.12/site-packages/airflow/example_dags/tutorial_dag.py
[2026-05-16T13:31:27.407+0000] {logging_mixin.py:188} INFO - [2026-05-16T13:31:27.407+0000] {dag.py:3089} INFO - Sync 1 DAGs
[2026-05-16T13:31:27.411+0000] {logging_mixin.py:188} INFO - [2026-05-16T13:31:27.411+0000] {dag.py:3947} INFO - Setting next_dagrun for tutorial_dag to None, run_after=None
[2026-05-16T13:31:27.416+0000] {processor.py:183} INFO - Processing /home/airflow/.local/lib/python3.12/site-packages/airflow/example_dags/tutorial_dag.py took 0.020 seconds
[2026-05-16T13:31:57.769+0000] {processor.py:161} INFO - Started process (PID=19705) to work on /home/airflow/.local/lib/python3.12/site-packages/airflow/example_dags/tutorial_dag.py
[2026-05-16T13:31:57.771+0000] {processor.py:830} INFO - Processing file /home/airflow/.local/lib/python3.12/site-packages/airflow/example_dags/tutorial_dag.py for tasks to queue
[2026-05-16T13:31:57.771+0000] {logging_mixin.py:188} INFO - [2026-05-16T13:31:57.771+0000] {dagbag.py:545} INFO - Filling up the DagBag from /home/airflow/.local/lib/python3.12/site-packages/airflow/example_dags/tutorial_dag.py
[2026-05-16T13:31:57.773+0000] {processor.py:840} INFO - DAG(s) 'tutorial_dag' retrieved from /home/airflow/.local/lib/python3.12/site-packages/airflow/example_dags/tutorial_dag.py
[2026-05-16T13:31:57.781+0000] {logging_mixin.py:188} INFO - [2026-05-16T13:31:57.781+0000] {dag.py:3089} INFO - Sync 1 DAGs
[2026-05-16T13:31:57.787+0000] {logging_mixin.py:188} INFO - [2026-05-16T13:31:57.787+0000] {dag.py:3947} INFO - Setting next_dagrun for tutorial_dag to None, run_after=None
[2026-05-16T13:31:57.792+0000] {processor.py:183} INFO - Processing /home/airflow/.local/lib/python3.12/site-packages/airflow/example_dags/tutorial_dag.py took 0.027 seconds
[2026-05-16T13:32:28.114+0000] {processor.py:161} INFO - Started process (PID=19767) to work on /home/airflow/.local/lib/python3.12/site-packages/airflow/example_dags/tutorial_dag.py
[2026-05-16T13:32:28.115+0000] {processor.py:830} INFO - Processing file /home/airflow/.local/lib/python3.12/site-packages/airflow/example_dags/tutorial_dag.py for tasks to queue
[2026-05-16T13:32:28.115+0000] {logging_mixin.py:188} INFO - [2026-05-16T13:32:28.115+0000] {dagbag.py:545} INFO - Filling up the DagBag from /home/airflow/.local/lib/python3.12/site-packages/airflow/example_dags/tutorial_dag.py
[2026-05-16T13:32:28.117+0000] {processor.py:840} INFO - DAG(s) 'tutorial_dag' retrieved from /home/airflow/.local/lib/python3.12/site-packages/airflow/example_dags/tutorial_dag.py
[2026-05-16T13:32:28.125+0000] {logging_mixin.py:188} INFO - [2026-05-16T13:32:28.125+0000] {dag.py:3089} INFO - Sync 1 DAGs
[2026-05-16T13:32:28.129+0000] {logging_mixin.py:188} INFO - [2026-05-16T13:32:28.129+0000] {dag.py:3947} INFO - Setting next_dagrun for tutorial_dag to None, run_after=None
[2026-05-16T13:32:28.139+0000] {processor.py:183} INFO - Processing /home/airflow/.local/lib/python3.12/site-packages/airflow/example_dags/tutorial_dag.py took 0.027 seconds
[2026-05-16T13:32:58.445+0000] {processor.py:161} INFO - Started process (PID=19829) to work on /home/airflow/.local/lib/python3.12/site-packages/airflow/example_dags/tutorial_dag.py
[2026-05-16T13:32:58.445+0000] {processor.py:830} INFO - Processing file /home/airflow/.local/lib/python3.12/site-packages/airflow/example_dags/tutorial_dag.py for tasks to queue
[2026-05-16T13:32:58.446+0000] {logging_mixin.py:188} INFO - [2026-05-16T13:32:58.445+0000] {dagbag.py:545} INFO - Filling up the DagBag from /home/airflow/.local/lib/python3.12/site-packages/airflow/example_dags/tutorial_dag.py
[2026-05-16T13:32:58.448+0000] {processor.py:840} INFO - DAG(s) 'tutorial_dag' retrieved from /home/airflow/.local/lib/python3.12/site-packages/airflow/example_dags/tutorial_dag.py
[2026-05-16T13:32:58.455+0000] {logging_mixin.py:188} INFO - [2026-05-16T13:32:58.455+0000] {dag.py:3089} INFO - Sync 1 DAGs
[2026-05-16T13:32:58.459+0000] {logging_mixin.py:188} INFO - [2026-05-16T13:32:58.459+0000] {dag.py:3947} INFO - Setting next_dagrun for tutorial_dag to None, run_after=None
[2026-05-16T13:32:58.464+0000] {processor.py:183} INFO - Processing /home/airflow/.local/lib/python3.12/site-packages/airflow/example_dags/tutorial_dag.py took 0.023 seconds
[2026-05-16T13:33:28.674+0000] {processor.py:161} INFO - Started process (PID=19891) to work on /home/airflow/.local/lib/python3.12/site-packages/airflow/example_dags/tutorial_dag.py
[2026-05-16T13:33:28.674+0000] {processor.py:830} INFO - Processing file /home/airflow/.local/lib/python3.12/site-packages/airflow/example_dags/tutorial_dag.py for tasks to queue
[2026-05-16T13:33:28.675+0000] {logging_mixin.py:188} INFO - [2026-05-16T13:33:28.675+0000] {dagbag.py:545} INFO - Filling up the DagBag from /home/airflow/.local/lib/python3.12/site-packages/airflow/example_dags/tutorial_dag.py
[2026-05-16T13:33:28.677+0000] {processor.py:840} INFO - DAG(s) 'tutorial_dag' retrieved from /home/airflow/.local/lib/python3.12/site-packages/airflow/example_dags/tutorial_dag.py
[2026-05-16T13:33:28.685+0000] {logging_mixin.py:188} INFO - [2026-05-16T13:33:28.685+0000] {dag.py:3089} INFO - Sync 1 DAGs
[2026-05-16T13:33:28.689+0000] {logging_mixin.py:188} INFO - [2026-05-16T13:33:28.689+0000] {dag.py:3947} INFO - Setting next_dagrun for tutorial_dag to None, run_after=None
[2026-05-16T13:33:28.693+0000] {processor.py:183} INFO - Processing /home/airflow/.local/lib/python3.12/site-packages/airflow/example_dags/tutorial_dag.py took 0.021 seconds
[2026-05-16T13:33:59.363+0000] {processor.py:161} INFO - Started process (PID=19953) to work on /home/airflow/.local/lib/python3.12/site-packages/airflow/example_dags/tutorial_dag.py
[2026-05-16T13:33:59.364+0000] {processor.py:830} INFO - Processing file /home/airflow/.local/lib/python3.12/site-packages/airflow/example_dags/tutorial_dag.py for tasks to queue
[2026-05-16T13:33:59.364+0000] {logging_mixin.py:188} INFO - [2026-05-16T13:33:59.364+0000] {dagbag.py:545} INFO - Filling up the DagBag from /home/airflow/.local/lib/python3.12/site-packages/airflow/example_dags/tutorial_dag.py
[2026-05-16T13:33:59.366+0000] {processor.py:840} INFO - DAG(s) 'tutorial_dag' retrieved from /home/airflow/.local/lib/python3.12/site-packages/airflow/example_dags/tutorial_dag.py
[2026-05-16T13:33:59.373+0000] {logging_mixin.py:188} INFO - [2026-05-16T13:33:59.373+0000] {dag.py:3089} INFO - Sync 1 DAGs
[2026-05-16T13:33:59.379+0000] {logging_mixin.py:188} INFO - [2026-05-16T13:33:59.379+0000] {dag.py:3947} INFO - Setting next_dagrun for tutorial_dag to None, run_after=None
[2026-05-16T13:33:59.387+0000] {processor.py:183} INFO - Processing /home/airflow/.local/lib/python3.12/site-packages/airflow/example_dags/tutorial_dag.py took 0.026 seconds
[2026-05-16T13:34:30.077+0000] {processor.py:161} INFO - Started process (PID=20015) to work on /home/airflow/.local/lib/python3.12/site-packages/airflow/example_dags/tutorial_dag.py
[2026-05-16T13:34:30.078+0000] {processor.py:830} INFO - Processing file /home/airflow/.local/lib/python3.12/site-packages/airflow/example_dags/tutorial_dag.py for tasks to queue
[2026-05-16T13:34:30.078+0000] {logging_mixin.py:188} INFO - [2026-05-16T13:34:30.078+0000] {dagbag.py:545} INFO - Filling up the DagBag from /home/airflow/.local/lib/python3.12/site-packages/airflow/example_dags/tutorial_dag.py
[2026-05-16T13:34:30.080+0000] {processor.py:840} INFO - DAG(s) 'tutorial_dag' retrieved from /home/airflow/.local/lib/python3.12/site-packages/airflow/example_dags/tutorial_dag.py
[2026-05-16T13:34:30.088+0000] {logging_mixin.py:188} INFO - [2026-05-16T13:34:30.088+0000] {dag.py:3089} INFO - Sync 1 DAGs
[2026-05-16T13:34:30.093+0000] {logging_mixin.py:188} INFO - [2026-05-16T13:34:30.092+0000] {dag.py:3947} INFO - Setting next_dagrun for tutorial_dag to None, run_after=None
[2026-05-16T13:34:30.098+0000] {processor.py:183} INFO - Processing /home/airflow/.local/lib/python3.12/site-packages/airflow/example_dags/tutorial_dag.py took 0.023 seconds
[2026-05-16T13:35:00.634+0000] {processor.py:161} INFO - Started process (PID=20077) to work on /home/airflow/.local/lib/python3.12/site-packages/airflow/example_dags/tutorial_dag.py
[2026-05-16T13:35:00.634+0000] {processor.py:830} INFO - Processing file /home/airflow/.local/lib/python3.12/site-packages/airflow/example_dags/tutorial_dag.py for tasks to queue
[2026-05-16T13:35:00.634+0000] {logging_mixin.py:188} INFO - [2026-05-16T13:35:00.634+0000] {dagbag.py:545} INFO - Filling up the DagBag from /home/airflow/.local/lib/python3.12/site-packages/airflow/example_dags/tutorial_dag.py
[2026-05-16T13:35:00.638+0000] {processor.py:840} INFO - DAG(s) 'tutorial_dag' retrieved from /home/airflow/.local/lib/python3.12/site-packages/airflow/example_dags/tutorial_dag.py
[2026-05-16T13:35:00.654+0000] {logging_mixin.py:188} INFO - [2026-05-16T13:35:00.654+0000] {dag.py:3089} INFO - Sync 1 DAGs
[2026-05-16T13:35:00.665+0000] {logging_mixin.py:188} INFO - [2026-05-16T13:35:00.665+0000] {dag.py:3947} INFO - Setting next_dagrun for tutorial_dag to None, run_after=None
[2026-05-16T13:35:00.676+0000] {processor.py:183} INFO - Processing /home/airflow/.local/lib/python3.12/site-packages/airflow/example_dags/tutorial_dag.py took 0.048 seconds
[2026-05-16T13:35:31.178+0000] {processor.py:161} INFO - Started process (PID=20139) to work on /home/airflow/.local/lib/python3.12/site-packages/airflow/example_dags/tutorial_dag.py
[2026-05-16T13:35:31.179+0000] {processor.py:830} INFO - Processing file /home/airflow/.local/lib/python3.12/site-packages/airflow/example_dags/tutorial_dag.py for tasks to queue
[2026-05-16T13:35:31.179+0000] {logging_mixin.py:188} INFO - [2026-05-16T13:35:31.179+0000] {dagbag.py:545} INFO - Filling up the DagBag from /home/airflow/.local/lib/python3.12/site-packages/airflow/example_dags/tutorial_dag.py
[2026-05-16T13:35:31.181+0000] {processor.py:840} INFO - DAG(s) 'tutorial_dag' retrieved from /home/airflow/.local/lib/python3.12/site-packages/airflow/example_dags/tutorial_dag.py
[2026-05-16T13:35:31.189+0000] {logging_mixin.py:188} INFO - [2026-05-16T13:35:31.189+0000] {dag.py:3089} INFO - Sync 1 DAGs
[2026-05-16T13:35:31.193+0000] {logging_mixin.py:188} INFO - [2026-05-16T13:35:31.193+0000] {dag.py:3947} INFO - Setting next_dagrun for tutorial_dag to None, run_after=None
[2026-05-16T13:35:31.199+0000] {processor.py:183} INFO - Processing /home/airflow/.local/lib/python3.12/site-packages/airflow/example_dags/tutorial_dag.py took 0.023 seconds
[2026-05-16T13:36:01.701+0000] {processor.py:161} INFO - Started process (PID=20201) to work on /home/airflow/.local/lib/python3.12/site-packages/airflow/example_dags/tutorial_dag.py
[2026-05-16T13:36:01.701+0000] {processor.py:830} INFO - Processing file /home/airflow/.local/lib/python3.12/site-packages/airflow/example_dags/tutorial_dag.py for tasks to queue
[2026-05-16T13:36:01.701+0000] {logging_mixin.py:188} INFO - [2026-05-16T13:36:01.701+0000] {dagbag.py:545} INFO - Filling up the DagBag from /home/airflow/.local/lib/python3.12/site-packages/airflow/example_dags/tutorial_dag.py
[2026-05-16T13:36:01.703+0000] {processor.py:840} INFO - DAG(s) 'tutorial_dag' retrieved from /home/airflow/.local/lib/python3.12/site-packages/airflow/example_dags/tutorial_dag.py
[2026-05-16T13:36:01.711+0000] {logging_mixin.py:188} INFO - [2026-05-16T13:36:01.710+0000] {dag.py:3089} INFO - Sync 1 DAGs
[2026-05-16T13:36:01.715+0000] {logging_mixin.py:188} INFO - [2026-05-16T13:36:01.715+0000] {dag.py:3947} INFO - Setting next_dagrun for tutorial_dag to None, run_after=None
[2026-05-16T13:36:01.720+0000] {processor.py:183} INFO - Processing /home/airflow/.local/lib/python3.12/site-packages/airflow/example_dags/tutorial_dag.py took 0.021 seconds
[2026-05-16T13:36:32.002+0000] {processor.py:161} INFO - Started process (PID=20263) to work on /home/airflow/.local/lib/python3.12/site-packages/airflow/example_dags/tutorial_dag.py
[2026-05-16T13:36:32.003+0000] {processor.py:830} INFO - Processing file /home/airflow/.local/lib/python3.12/site-packages/airflow/example_dags/tutorial_dag.py for tasks to queue
[2026-05-16T13:36:32.003+0000] {logging_mixin.py:188} INFO - [2026-05-16T13:36:32.003+0000] {dagbag.py:545} INFO - Filling up the DagBag from /home/airflow/.local/lib/python3.12/site-packages/airflow/example_dags/tutorial_dag.py
[2026-05-16T13:36:32.005+0000] {processor.py:840} INFO - DAG(s) 'tutorial_dag' retrieved from /home/airflow/.local/lib/python3.12/site-packages/airflow/example_dags/tutorial_dag.py
[2026-05-16T13:36:32.012+0000] {logging_mixin.py:188} INFO - [2026-05-16T13:36:32.012+0000] {dag.py:3089} INFO - Sync 1 DAGs
[2026-05-16T13:36:32.016+0000] {logging_mixin.py:188} INFO - [2026-05-16T13:36:32.016+0000] {dag.py:3947} INFO - Setting next_dagrun for tutorial_dag to None, run_after=None
[2026-05-16T13:36:32.021+0000] {processor.py:183} INFO - Processing /home/airflow/.local/lib/python3.12/site-packages/airflow/example_dags/tutorial_dag.py took 0.021 seconds
[2026-05-16T13:37:02.367+0000] {processor.py:161} INFO - Started process (PID=20325) to work on /home/airflow/.local/lib/python3.12/site-packages/airflow/example_dags/tutorial_dag.py
[2026-05-16T13:37:02.367+0000] {processor.py:830} INFO - Processing file /home/airflow/.local/lib/python3.12/site-packages/airflow/example_dags/tutorial_dag.py for tasks to queue
[2026-05-16T13:37:02.367+0000] {logging_mixin.py:188} INFO - [2026-05-16T13:37:02.367+0000] {dagbag.py:545} INFO - Filling up the DagBag from /home/airflow/.local/lib/python3.12/site-packages/airflow/example_dags/tutorial_dag.py
[2026-05-16T13:37:02.369+0000] {processor.py:840} INFO - DAG(s) 'tutorial_dag' retrieved from /home/airflow/.local/lib/python3.12/site-packages/airflow/example_dags/tutorial_dag.py
[2026-05-16T13:37:02.377+0000] {logging_mixin.py:188} INFO - [2026-05-16T13:37:02.377+0000] {dag.py:3089} INFO - Sync 1 DAGs
[2026-05-16T13:37:02.381+0000] {logging_mixin.py:188} INFO - [2026-05-16T13:37:02.381+0000] {dag.py:3947} INFO - Setting next_dagrun for tutorial_dag to None, run_after=None
[2026-05-16T13:37:02.386+0000] {processor.py:183} INFO - Processing /home/airflow/.local/lib/python3.12/site-packages/airflow/example_dags/tutorial_dag.py took 0.021 seconds
[2026-05-16T13:37:32.812+0000] {processor.py:161} INFO - Started process (PID=20387) to work on /home/airflow/.local/lib/python3.12/site-packages/airflow/example_dags/tutorial_dag.py
[2026-05-16T13:37:32.812+0000] {processor.py:830} INFO - Processing file /home/airflow/.local/lib/python3.12/site-packages/airflow/example_dags/tutorial_dag.py for tasks to queue
[2026-05-16T13:37:32.812+0000] {logging_mixin.py:188} INFO - [2026-05-16T13:37:32.812+0000] {dagbag.py:545} INFO - Filling up the DagBag from /home/airflow/.local/lib/python3.12/site-packages/airflow/example_dags/tutorial_dag.py
[2026-05-16T13:37:32.815+0000] {processor.py:840} INFO - DAG(s) 'tutorial_dag' retrieved from /home/airflow/.local/lib/python3.12/site-packages/airflow/example_dags/tutorial_dag.py
[2026-05-16T13:37:32.826+0000] {logging_mixin.py:188} INFO - [2026-05-16T13:37:32.825+0000] {dag.py:3089} INFO - Sync 1 DAGs
[2026-05-16T13:37:32.830+0000] {logging_mixin.py:188} INFO - [2026-05-16T13:37:32.830+0000] {dag.py:3947} INFO - Setting next_dagrun for tutorial_dag to None, run_after=None
[2026-05-16T13:37:32.836+0000] {processor.py:183} INFO - Processing /home/airflow/.local/lib/python3.12/site-packages/airflow/example_dags/tutorial_dag.py took 0.027 seconds
[2026-05-16T13:38:03.211+0000] {processor.py:161} INFO - Started process (PID=20449) to work on /home/airflow/.local/lib/python3.12/site-packages/airflow/example_dags/tutorial_dag.py
[2026-05-16T13:38:03.211+0000] {processor.py:830} INFO - Processing file /home/airflow/.local/lib/python3.12/site-packages/airflow/example_dags/tutorial_dag.py for tasks to queue
[2026-05-16T13:38:03.212+0000] {logging_mixin.py:188} INFO - [2026-05-16T13:38:03.212+0000] {dagbag.py:545} INFO - Filling up the DagBag from /home/airflow/.local/lib/python3.12/site-packages/airflow/example_dags/tutorial_dag.py
[2026-05-16T13:38:03.214+0000] {processor.py:840} INFO - DAG(s) 'tutorial_dag' retrieved from /home/airflow/.local/lib/python3.12/site-packages/airflow/example_dags/tutorial_dag.py
[2026-05-16T13:38:03.222+0000] {logging_mixin.py:188} INFO - [2026-05-16T13:38:03.222+0000] {dag.py:3089} INFO - Sync 1 DAGs
[2026-05-16T13:38:03.226+0000] {logging_mixin.py:188} INFO - [2026-05-16T13:38:03.226+0000] {dag.py:3947} INFO - Setting next_dagrun for tutorial_dag to None, run_after=None
[2026-05-16T13:38:03.233+0000] {processor.py:183} INFO - Processing /home/airflow/.local/lib/python3.12/site-packages/airflow/example_dags/tutorial_dag.py took 0.024 seconds
[2026-05-16T13:38:33.650+0000] {processor.py:161} INFO - Started process (PID=20511) to work on /home/airflow/.local/lib/python3.12/site-packages/airflow/example_dags/tutorial_dag.py
[2026-05-16T13:38:33.650+0000] {processor.py:830} INFO - Processing file /home/airflow/.local/lib/python3.12/site-packages/airflow/example_dags/tutorial_dag.py for tasks to queue
[2026-05-16T13:38:33.650+0000] {logging_mixin.py:188} INFO - [2026-05-16T13:38:33.650+0000] {dagbag.py:545} INFO - Filling up the DagBag from /home/airflow/.local/lib/python3.12/site-packages/airflow/example_dags/tutorial_dag.py
[2026-05-16T13:38:33.654+0000] {processor.py:840} INFO - DAG(s) 'tutorial_dag' retrieved from /home/airflow/.local/lib/python3.12/site-packages/airflow/example_dags/tutorial_dag.py
[2026-05-16T13:38:33.662+0000] {logging_mixin.py:188} INFO - [2026-05-16T13:38:33.662+0000] {dag.py:3089} INFO - Sync 1 DAGs
[2026-05-16T13:38:33.666+0000] {logging_mixin.py:188} INFO - [2026-05-16T13:38:33.666+0000] {dag.py:3947} INFO - Setting next_dagrun for tutorial_dag to None, run_after=None
[2026-05-16T13:38:33.672+0000] {processor.py:183} INFO - Processing /home/airflow/.local/lib/python3.12/site-packages/airflow/example_dags/tutorial_dag.py took 0.025 seconds
[2026-05-16T13:39:04.084+0000] {processor.py:161} INFO - Started process (PID=20573) to work on /home/airflow/.local/lib/python3.12/site-packages/airflow/example_dags/tutorial_dag.py
[2026-05-16T13:39:04.084+0000] {processor.py:830} INFO - Processing file /home/airflow/.local/lib/python3.12/site-packages/airflow/example_dags/tutorial_dag.py for tasks to queue
[2026-05-16T13:39:04.085+0000] {logging_mixin.py:188} INFO - [2026-05-16T13:39:04.084+0000] {dagbag.py:545} INFO - Filling up the DagBag from /home/airflow/.local/lib/python3.12/site-packages/airflow/example_dags/tutorial_dag.py
[2026-05-16T13:39:04.087+0000] {processor.py:840} INFO - DAG(s) 'tutorial_dag' retrieved from /home/airflow/.local/lib/python3.12/site-packages/airflow/example_dags/tutorial_dag.py
[2026-05-16T13:39:04.096+0000] {logging_mixin.py:188} INFO - [2026-05-16T13:39:04.096+0000] {dag.py:3089} INFO - Sync 1 DAGs
[2026-05-16T13:39:04.101+0000] {logging_mixin.py:188} INFO - [2026-05-16T13:39:04.100+0000] {dag.py:3947} INFO - Setting next_dagrun for tutorial_dag to None, run_after=None
[2026-05-16T13:39:04.105+0000] {processor.py:183} INFO - Processing /home/airflow/.local/lib/python3.12/site-packages/airflow/example_dags/tutorial_dag.py took 0.025 seconds
[2026-05-16T13:39:34.412+0000] {processor.py:161} INFO - Started process (PID=20636) to work on /home/airflow/.local/lib/python3.12/site-packages/airflow/example_dags/tutorial_dag.py
[2026-05-16T13:39:34.413+0000] {processor.py:830} INFO - Processing file /home/airflow/.local/lib/python3.12/site-packages/airflow/example_dags/tutorial_dag.py for tasks to queue
[2026-05-16T13:39:34.413+0000] {logging_mixin.py:188} INFO - [2026-05-16T13:39:34.413+0000] {dagbag.py:545} INFO - Filling up the DagBag from /home/airflow/.local/lib/python3.12/site-packages/airflow/example_dags/tutorial_dag.py
[2026-05-16T13:39:34.416+0000] {processor.py:840} INFO - DAG(s) 'tutorial_dag' retrieved from /home/airflow/.local/lib/python3.12/site-packages/airflow/example_dags/tutorial_dag.py
[2026-05-16T13:39:34.423+0000] {logging_mixin.py:188} INFO - [2026-05-16T13:39:34.423+0000] {dag.py:3089} INFO - Sync 1 DAGs
[2026-05-16T13:39:34.427+0000] {logging_mixin.py:188} INFO - [2026-05-16T13:39:34.427+0000] {dag.py:3947} INFO - Setting next_dagrun for tutorial_dag to None, run_after=None
[2026-05-16T13:39:34.433+0000] {processor.py:183} INFO - Processing /home/airflow/.local/lib/python3.12/site-packages/airflow/example_dags/tutorial_dag.py took 0.024 seconds
[2026-05-16T13:40:04.751+0000] {processor.py:161} INFO - Started process (PID=20698) to work on /home/airflow/.local/lib/python3.12/site-packages/airflow/example_dags/tutorial_dag.py
[2026-05-16T13:40:04.751+0000] {processor.py:830} INFO - Processing file /home/airflow/.local/lib/python3.12/site-packages/airflow/example_dags/tutorial_dag.py for tasks to queue
[2026-05-16T13:40:04.751+0000] {logging_mixin.py:188} INFO - [2026-05-16T13:40:04.751+0000] {dagbag.py:545} INFO - Filling up the DagBag from /home/airflow/.local/lib/python3.12/site-packages/airflow/example_dags/tutorial_dag.py
[2026-05-16T13:40:04.753+0000] {processor.py:840} INFO - DAG(s) 'tutorial_dag' retrieved from /home/airflow/.local/lib/python3.12/site-packages/airflow/example_dags/tutorial_dag.py
[2026-05-16T13:40:04.760+0000] {logging_mixin.py:188} INFO - [2026-05-16T13:40:04.760+0000] {dag.py:3089} INFO - Sync 1 DAGs
[2026-05-16T13:40:04.764+0000] {logging_mixin.py:188} INFO - [2026-05-16T13:40:04.764+0000] {dag.py:3947} INFO - Setting next_dagrun for tutorial_dag to None, run_after=None
[2026-05-16T13:40:04.769+0000] {processor.py:183} INFO - Processing /home/airflow/.local/lib/python3.12/site-packages/airflow/example_dags/tutorial_dag.py took 0.020 seconds
[2026-05-16T13:40:35.128+0000] {processor.py:161} INFO - Started process (PID=20760) to work on /home/airflow/.local/lib/python3.12/site-packages/airflow/example_dags/tutorial_dag.py
[2026-05-16T13:40:35.129+0000] {processor.py:830} INFO - Processing file /home/airflow/.local/lib/python3.12/site-packages/airflow/example_dags/tutorial_dag.py for tasks to queue
[2026-05-16T13:40:35.129+0000] {logging_mixin.py:188} INFO - [2026-05-16T13:40:35.129+0000] {dagbag.py:545} INFO - Filling up the DagBag from /home/airflow/.local/lib/python3.12/site-packages/airflow/example_dags/tutorial_dag.py
[2026-05-16T13:40:35.131+0000] {processor.py:840} INFO - DAG(s) 'tutorial_dag' retrieved from /home/airflow/.local/lib/python3.12/site-packages/airflow/example_dags/tutorial_dag.py
[2026-05-16T13:40:35.138+0000] {logging_mixin.py:188} INFO - [2026-05-16T13:40:35.138+0000] {dag.py:3089} INFO - Sync 1 DAGs
[2026-05-16T13:40:35.142+0000] {logging_mixin.py:188} INFO - [2026-05-16T13:40:35.142+0000] {dag.py:3947} INFO - Setting next_dagrun for tutorial_dag to None, run_after=None
[2026-05-16T13:40:35.148+0000] {processor.py:183} INFO - Processing /home/airflow/.local/lib/python3.12/site-packages/airflow/example_dags/tutorial_dag.py took 0.022 seconds
[2026-05-16T13:41:05.483+0000] {processor.py:161} INFO - Started process (PID=20821) to work on /home/airflow/.local/lib/python3.12/site-packages/airflow/example_dags/tutorial_dag.py
[2026-05-16T13:41:05.483+0000] {processor.py:830} INFO - Processing file /home/airflow/.local/lib/python3.12/site-packages/airflow/example_dags/tutorial_dag.py for tasks to queue
[2026-05-16T13:41:05.483+0000] {logging_mixin.py:188} INFO - [2026-05-16T13:41:05.483+0000] {dagbag.py:545} INFO - Filling up the DagBag from /home/airflow/.local/lib/python3.12/site-packages/airflow/example_dags/tutorial_dag.py
[2026-05-16T13:41:05.485+0000] {processor.py:840} INFO - DAG(s) 'tutorial_dag' retrieved from /home/airflow/.local/lib/python3.12/site-packages/airflow/example_dags/tutorial_dag.py
[2026-05-16T13:41:05.492+0000] {logging_mixin.py:188} INFO - [2026-05-16T13:41:05.492+0000] {dag.py:3089} INFO - Sync 1 DAGs
[2026-05-16T13:41:05.496+0000] {logging_mixin.py:188} INFO - [2026-05-16T13:41:05.496+0000] {dag.py:3947} INFO - Setting next_dagrun for tutorial_dag to None, run_after=None
[2026-05-16T13:41:05.501+0000] {processor.py:183} INFO - Processing /home/airflow/.local/lib/python3.12/site-packages/airflow/example_dags/tutorial_dag.py took 0.020 seconds
[2026-05-16T13:41:35.907+0000] {processor.py:161} INFO - Started process (PID=20883) to work on /home/airflow/.local/lib/python3.12/site-packages/airflow/example_dags/tutorial_dag.py
[2026-05-16T13:41:35.908+0000] {processor.py:830} INFO - Processing file /home/airflow/.local/lib/python3.12/site-packages/airflow/example_dags/tutorial_dag.py for tasks to queue
[2026-05-16T13:41:35.908+0000] {logging_mixin.py:188} INFO - [2026-05-16T13:41:35.908+0000] {dagbag.py:545} INFO - Filling up the DagBag from /home/airflow/.local/lib/python3.12/site-packages/airflow/example_dags/tutorial_dag.py
[2026-05-16T13:41:35.910+0000] {processor.py:840} INFO - DAG(s) 'tutorial_dag' retrieved from /home/airflow/.local/lib/python3.12/site-packages/airflow/example_dags/tutorial_dag.py
[2026-05-16T13:41:35.919+0000] {logging_mixin.py:188} INFO - [2026-05-16T13:41:35.919+0000] {dag.py:3089} INFO - Sync 1 DAGs
[2026-05-16T13:41:35.924+0000] {logging_mixin.py:188} INFO - [2026-05-16T13:41:35.923+0000] {dag.py:3947} INFO - Setting next_dagrun for tutorial_dag to None, run_after=None
[2026-05-16T13:41:35.929+0000] {processor.py:183} INFO - Processing /home/airflow/.local/lib/python3.12/site-packages/airflow/example_dags/tutorial_dag.py took 0.024 seconds
[2026-05-16T13:42:06.307+0000] {processor.py:161} INFO - Started process (PID=20944) to work on /home/airflow/.local/lib/python3.12/site-packages/airflow/example_dags/tutorial_dag.py
[2026-05-16T13:42:06.308+0000] {processor.py:830} INFO - Processing file /home/airflow/.local/lib/python3.12/site-packages/airflow/example_dags/tutorial_dag.py for tasks to queue
[2026-05-16T13:42:06.308+0000] {logging_mixin.py:188} INFO - [2026-05-16T13:42:06.308+0000] {dagbag.py:545} INFO - Filling up the DagBag from /home/airflow/.local/lib/python3.12/site-packages/airflow/example_dags/tutorial_dag.py
[2026-05-16T13:42:06.310+0000] {processor.py:840} INFO - DAG(s) 'tutorial_dag' retrieved from /home/airflow/.local/lib/python3.12/site-packages/airflow/example_dags/tutorial_dag.py
[2026-05-16T13:42:06.316+0000] {logging_mixin.py:188} INFO - [2026-05-16T13:42:06.316+0000] {dag.py:3089} INFO - Sync 1 DAGs
[2026-05-16T13:42:06.321+0000] {logging_mixin.py:188} INFO - [2026-05-16T13:42:06.321+0000] {dag.py:3947} INFO - Setting next_dagrun for tutorial_dag to None, run_after=None
[2026-05-16T13:42:06.325+0000] {processor.py:183} INFO - Processing /home/airflow/.local/lib/python3.12/site-packages/airflow/example_dags/tutorial_dag.py took 0.020 seconds
[2026-05-16T13:42:36.682+0000] {processor.py:161} INFO - Started process (PID=21006) to work on /home/airflow/.local/lib/python3.12/site-packages/airflow/example_dags/tutorial_dag.py
[2026-05-16T13:42:36.682+0000] {processor.py:830} INFO - Processing file /home/airflow/.local/lib/python3.12/site-packages/airflow/example_dags/tutorial_dag.py for tasks to queue
[2026-05-16T13:42:36.682+0000] {logging_mixin.py:188} INFO - [2026-05-16T13:42:36.682+0000] {dagbag.py:545} INFO - Filling up the DagBag from /home/airflow/.local/lib/python3.12/site-packages/airflow/example_dags/tutorial_dag.py
[2026-05-16T13:42:36.684+0000] {processor.py:840} INFO - DAG(s) 'tutorial_dag' retrieved from /home/airflow/.local/lib/python3.12/site-packages/airflow/example_dags/tutorial_dag.py
[2026-05-16T13:42:36.694+0000] {logging_mixin.py:188} INFO - [2026-05-16T13:42:36.694+0000] {dag.py:3089} INFO - Sync 1 DAGs
[2026-05-16T13:42:36.698+0000] {logging_mixin.py:188} INFO - [2026-05-16T13:42:36.698+0000] {dag.py:3947} INFO - Setting next_dagrun for tutorial_dag to None, run_after=None
[2026-05-16T13:42:36.705+0000] {processor.py:183} INFO - Processing /home/airflow/.local/lib/python3.12/site-packages/airflow/example_dags/tutorial_dag.py took 0.025 seconds
[2026-05-16T13:43:07.038+0000] {processor.py:161} INFO - Started process (PID=21068) to work on /home/airflow/.local/lib/python3.12/site-packages/airflow/example_dags/tutorial_dag.py
[2026-05-16T13:43:07.038+0000] {processor.py:830} INFO - Processing file /home/airflow/.local/lib/python3.12/site-packages/airflow/example_dags/tutorial_dag.py for tasks to queue
[2026-05-16T13:43:07.039+0000] {logging_mixin.py:188} INFO - [2026-05-16T13:43:07.039+0000] {dagbag.py:545} INFO - Filling up the DagBag from /home/airflow/.local/lib/python3.12/site-packages/airflow/example_dags/tutorial_dag.py
[2026-05-16T13:43:07.041+0000] {processor.py:840} INFO - DAG(s) 'tutorial_dag' retrieved from /home/airflow/.local/lib/python3.12/site-packages/airflow/example_dags/tutorial_dag.py
[2026-05-16T13:43:07.048+0000] {logging_mixin.py:188} INFO - [2026-05-16T13:43:07.048+0000] {dag.py:3089} INFO - Sync 1 DAGs
[2026-05-16T13:43:07.052+0000] {logging_mixin.py:188} INFO - [2026-05-16T13:43:07.052+0000] {dag.py:3947} INFO - Setting next_dagrun for tutorial_dag to None, run_after=None
[2026-05-16T13:43:07.056+0000] {processor.py:183} INFO - Processing /home/airflow/.local/lib/python3.12/site-packages/airflow/example_dags/tutorial_dag.py took 0.020 seconds
[2026-05-16T13:43:37.409+0000] {processor.py:161} INFO - Started process (PID=21130) to work on /home/airflow/.local/lib/python3.12/site-packages/airflow/example_dags/tutorial_dag.py
[2026-05-16T13:43:37.409+0000] {processor.py:830} INFO - Processing file /home/airflow/.local/lib/python3.12/site-packages/airflow/example_dags/tutorial_dag.py for tasks to queue
[2026-05-16T13:43:37.410+0000] {logging_mixin.py:188} INFO - [2026-05-16T13:43:37.409+0000] {dagbag.py:545} INFO - Filling up the DagBag from /home/airflow/.local/lib/python3.12/site-packages/airflow/example_dags/tutorial_dag.py
[2026-05-16T13:43:37.412+0000] {processor.py:840} INFO - DAG(s) 'tutorial_dag' retrieved from /home/airflow/.local/lib/python3.12/site-packages/airflow/example_dags/tutorial_dag.py
[2026-05-16T13:43:37.419+0000] {logging_mixin.py:188} INFO - [2026-05-16T13:43:37.419+0000] {dag.py:3089} INFO - Sync 1 DAGs
[2026-05-16T13:43:37.423+0000] {logging_mixin.py:188} INFO - [2026-05-16T13:43:37.423+0000] {dag.py:3947} INFO - Setting next_dagrun for tutorial_dag to None, run_after=None
[2026-05-16T13:43:37.429+0000] {processor.py:183} INFO - Processing /home/airflow/.local/lib/python3.12/site-packages/airflow/example_dags/tutorial_dag.py took 0.022 seconds
[2026-05-16T13:44:07.771+0000] {processor.py:161} INFO - Started process (PID=21192) to work on /home/airflow/.local/lib/python3.12/site-packages/airflow/example_dags/tutorial_dag.py
[2026-05-16T13:44:07.771+0000] {processor.py:830} INFO - Processing file /home/airflow/.local/lib/python3.12/site-packages/airflow/example_dags/tutorial_dag.py for tasks to queue
[2026-05-16T13:44:07.771+0000] {logging_mixin.py:188} INFO - [2026-05-16T13:44:07.771+0000] {dagbag.py:545} INFO - Filling up the DagBag from /home/airflow/.local/lib/python3.12/site-packages/airflow/example_dags/tutorial_dag.py
[2026-05-16T13:44:07.773+0000] {processor.py:840} INFO - DAG(s) 'tutorial_dag' retrieved from /home/airflow/.local/lib/python3.12/site-packages/airflow/example_dags/tutorial_dag.py
[2026-05-16T13:44:07.780+0000] {logging_mixin.py:188} INFO - [2026-05-16T13:44:07.780+0000] {dag.py:3089} INFO - Sync 1 DAGs
[2026-05-16T13:44:07.784+0000] {logging_mixin.py:188} INFO - [2026-05-16T13:44:07.784+0000] {dag.py:3947} INFO - Setting next_dagrun for tutorial_dag to None, run_after=None
[2026-05-16T13:44:07.789+0000] {processor.py:183} INFO - Processing /home/airflow/.local/lib/python3.12/site-packages/airflow/example_dags/tutorial_dag.py took 0.021 seconds
[2026-05-16T13:44:38.068+0000] {processor.py:161} INFO - Started process (PID=21254) to work on /home/airflow/.local/lib/python3.12/site-packages/airflow/example_dags/tutorial_dag.py
[2026-05-16T13:44:38.069+0000] {processor.py:830} INFO - Processing file /home/airflow/.local/lib/python3.12/site-packages/airflow/example_dags/tutorial_dag.py for tasks to queue
[2026-05-16T13:44:38.069+0000] {logging_mixin.py:188} INFO - [2026-05-16T13:44:38.069+0000] {dagbag.py:545} INFO - Filling up the DagBag from /home/airflow/.local/lib/python3.12/site-packages/airflow/example_dags/tutorial_dag.py
[2026-05-16T13:44:38.071+0000] {processor.py:840} INFO - DAG(s) 'tutorial_dag' retrieved from /home/airflow/.local/lib/python3.12/site-packages/airflow/example_dags/tutorial_dag.py
[2026-05-16T13:44:38.078+0000] {logging_mixin.py:188} INFO - [2026-05-16T13:44:38.078+0000] {dag.py:3089} INFO - Sync 1 DAGs
[2026-05-16T13:44:38.083+0000] {logging_mixin.py:188} INFO - [2026-05-16T13:44:38.082+0000] {dag.py:3947} INFO - Setting next_dagrun for tutorial_dag to None, run_after=None
[2026-05-16T13:44:38.087+0000] {processor.py:183} INFO - Processing /home/airflow/.local/lib/python3.12/site-packages/airflow/example_dags/tutorial_dag.py took 0.021 seconds
[2026-05-16T13:45:08.411+0000] {processor.py:161} INFO - Started process (PID=21316) to work on /home/airflow/.local/lib/python3.12/site-packages/airflow/example_dags/tutorial_dag.py
[2026-05-16T13:45:08.412+0000] {processor.py:830} INFO - Processing file /home/airflow/.local/lib/python3.12/site-packages/airflow/example_dags/tutorial_dag.py for tasks to queue
[2026-05-16T13:45:08.412+0000] {logging_mixin.py:188} INFO - [2026-05-16T13:45:08.412+0000] {dagbag.py:545} INFO - Filling up the DagBag from /home/airflow/.local/lib/python3.12/site-packages/airflow/example_dags/tutorial_dag.py
[2026-05-16T13:45:08.415+0000] {processor.py:840} INFO - DAG(s) 'tutorial_dag' retrieved from /home/airflow/.local/lib/python3.12/site-packages/airflow/example_dags/tutorial_dag.py
[2026-05-16T13:45:08.424+0000] {logging_mixin.py:188} INFO - [2026-05-16T13:45:08.424+0000] {dag.py:3089} INFO - Sync 1 DAGs
[2026-05-16T13:45:08.428+0000] {logging_mixin.py:188} INFO - [2026-05-16T13:45:08.428+0000] {dag.py:3947} INFO - Setting next_dagrun for tutorial_dag to None, run_after=None
[2026-05-16T13:45:08.433+0000] {processor.py:183} INFO - Processing /home/airflow/.local/lib/python3.12/site-packages/airflow/example_dags/tutorial_dag.py took 0.024 seconds
[2026-05-16T13:45:38.763+0000] {processor.py:161} INFO - Started process (PID=21377) to work on /home/airflow/.local/lib/python3.12/site-packages/airflow/example_dags/tutorial_dag.py
[2026-05-16T13:45:38.763+0000] {processor.py:830} INFO - Processing file /home/airflow/.local/lib/python3.12/site-packages/airflow/example_dags/tutorial_dag.py for tasks to queue
[2026-05-16T13:45:38.764+0000] {logging_mixin.py:188} INFO - [2026-05-16T13:45:38.764+0000] {dagbag.py:545} INFO - Filling up the DagBag from /home/airflow/.local/lib/python3.12/site-packages/airflow/example_dags/tutorial_dag.py
[2026-05-16T13:45:38.766+0000] {processor.py:840} INFO - DAG(s) 'tutorial_dag' retrieved from /home/airflow/.local/lib/python3.12/site-packages/airflow/example_dags/tutorial_dag.py
[2026-05-16T13:45:38.775+0000] {logging_mixin.py:188} INFO - [2026-05-16T13:45:38.774+0000] {dag.py:3089} INFO - Sync 1 DAGs
[2026-05-16T13:45:38.779+0000] {logging_mixin.py:188} INFO - [2026-05-16T13:45:38.779+0000] {dag.py:3947} INFO - Setting next_dagrun for tutorial_dag to None, run_after=None
[2026-05-16T13:45:38.784+0000] {processor.py:183} INFO - Processing /home/airflow/.local/lib/python3.12/site-packages/airflow/example_dags/tutorial_dag.py took 0.023 seconds
[2026-05-16T13:46:09.073+0000] {processor.py:161} INFO - Started process (PID=21439) to work on /home/airflow/.local/lib/python3.12/site-packages/airflow/example_dags/tutorial_dag.py
[2026-05-16T13:46:09.073+0000] {processor.py:830} INFO - Processing file /home/airflow/.local/lib/python3.12/site-packages/airflow/example_dags/tutorial_dag.py for tasks to queue
[2026-05-16T13:46:09.073+0000] {logging_mixin.py:188} INFO - [2026-05-16T13:46:09.073+0000] {dagbag.py:545} INFO - Filling up the DagBag from /home/airflow/.local/lib/python3.12/site-packages/airflow/example_dags/tutorial_dag.py
[2026-05-16T13:46:09.076+0000] {processor.py:840} INFO - DAG(s) 'tutorial_dag' retrieved from /home/airflow/.local/lib/python3.12/site-packages/airflow/example_dags/tutorial_dag.py
[2026-05-16T13:46:09.083+0000] {logging_mixin.py:188} INFO - [2026-05-16T13:46:09.083+0000] {dag.py:3089} INFO - Sync 1 DAGs
[2026-05-16T13:46:09.087+0000] {logging_mixin.py:188} INFO - [2026-05-16T13:46:09.087+0000] {dag.py:3947} INFO - Setting next_dagrun for tutorial_dag to None, run_after=None
[2026-05-16T13:46:09.092+0000] {processor.py:183} INFO - Processing /home/airflow/.local/lib/python3.12/site-packages/airflow/example_dags/tutorial_dag.py took 0.022 seconds
[2026-05-16T13:46:39.452+0000] {processor.py:161} INFO - Started process (PID=21500) to work on /home/airflow/.local/lib/python3.12/site-packages/airflow/example_dags/tutorial_dag.py
[2026-05-16T13:46:39.452+0000] {processor.py:830} INFO - Processing file /home/airflow/.local/lib/python3.12/site-packages/airflow/example_dags/tutorial_dag.py for tasks to queue
[2026-05-16T13:46:39.452+0000] {logging_mixin.py:188} INFO - [2026-05-16T13:46:39.452+0000] {dagbag.py:545} INFO - Filling up the DagBag from /home/airflow/.local/lib/python3.12/site-packages/airflow/example_dags/tutorial_dag.py
[2026-05-16T13:46:39.454+0000] {processor.py:840} INFO - DAG(s) 'tutorial_dag' retrieved from /home/airflow/.local/lib/python3.12/site-packages/airflow/example_dags/tutorial_dag.py
[2026-05-16T13:46:39.462+0000] {logging_mixin.py:188} INFO - [2026-05-16T13:46:39.461+0000] {dag.py:3089} INFO - Sync 1 DAGs
[2026-05-16T13:46:39.466+0000] {logging_mixin.py:188} INFO - [2026-05-16T13:46:39.466+0000] {dag.py:3947} INFO - Setting next_dagrun for tutorial_dag to None, run_after=None
[2026-05-16T13:46:39.471+0000] {processor.py:183} INFO - Processing /home/airflow/.local/lib/python3.12/site-packages/airflow/example_dags/tutorial_dag.py took 0.021 seconds
[2026-05-16T13:47:09.742+0000] {processor.py:161} INFO - Started process (PID=21562) to work on /home/airflow/.local/lib/python3.12/site-packages/airflow/example_dags/tutorial_dag.py
[2026-05-16T13:47:09.742+0000] {processor.py:830} INFO - Processing file /home/airflow/.local/lib/python3.12/site-packages/airflow/example_dags/tutorial_dag.py for tasks to queue
[2026-05-16T13:47:09.743+0000] {logging_mixin.py:188} INFO - [2026-05-16T13:47:09.743+0000] {dagbag.py:545} INFO - Filling up the DagBag from /home/airflow/.local/lib/python3.12/site-packages/airflow/example_dags/tutorial_dag.py
[2026-05-16T13:47:09.746+0000] {processor.py:840} INFO - DAG(s) 'tutorial_dag' retrieved from /home/airflow/.local/lib/python3.12/site-packages/airflow/example_dags/tutorial_dag.py
[2026-05-16T13:47:09.753+0000] {logging_mixin.py:188} INFO - [2026-05-16T13:47:09.753+0000] {dag.py:3089} INFO - Sync 1 DAGs
[2026-05-16T13:47:09.757+0000] {logging_mixin.py:188} INFO - [2026-05-16T13:47:09.757+0000] {dag.py:3947} INFO - Setting next_dagrun for tutorial_dag to None, run_after=None
[2026-05-16T13:47:09.762+0000] {processor.py:183} INFO - Processing /home/airflow/.local/lib/python3.12/site-packages/airflow/example_dags/tutorial_dag.py took 0.022 seconds
[2026-05-16T13:47:40.116+0000] {processor.py:161} INFO - Started process (PID=21624) to work on /home/airflow/.local/lib/python3.12/site-packages/airflow/example_dags/tutorial_dag.py
[2026-05-16T13:47:40.116+0000] {processor.py:830} INFO - Processing file /home/airflow/.local/lib/python3.12/site-packages/airflow/example_dags/tutorial_dag.py for tasks to queue
[2026-05-16T13:47:40.117+0000] {logging_mixin.py:188} INFO - [2026-05-16T13:47:40.117+0000] {dagbag.py:545} INFO - Filling up the DagBag from /home/airflow/.local/lib/python3.12/site-packages/airflow/example_dags/tutorial_dag.py
[2026-05-16T13:47:40.119+0000] {processor.py:840} INFO - DAG(s) 'tutorial_dag' retrieved from /home/airflow/.local/lib/python3.12/site-packages/airflow/example_dags/tutorial_dag.py
[2026-05-16T13:47:40.126+0000] {logging_mixin.py:188} INFO - [2026-05-16T13:47:40.126+0000] {dag.py:3089} INFO - Sync 1 DAGs
[2026-05-16T13:47:40.131+0000] {logging_mixin.py:188} INFO - [2026-05-16T13:47:40.131+0000] {dag.py:3947} INFO - Setting next_dagrun for tutorial_dag to None, run_after=None
[2026-05-16T13:47:40.136+0000] {processor.py:183} INFO - Processing /home/airflow/.local/lib/python3.12/site-packages/airflow/example_dags/tutorial_dag.py took 0.023 seconds
[2026-05-16T13:48:10.421+0000] {processor.py:161} INFO - Started process (PID=21686) to work on /home/airflow/.local/lib/python3.12/site-packages/airflow/example_dags/tutorial_dag.py
[2026-05-16T13:48:10.421+0000] {processor.py:830} INFO - Processing file /home/airflow/.local/lib/python3.12/site-packages/airflow/example_dags/tutorial_dag.py for tasks to queue
[2026-05-16T13:48:10.421+0000] {logging_mixin.py:188} INFO - [2026-05-16T13:48:10.421+0000] {dagbag.py:545} INFO - Filling up the DagBag from /home/airflow/.local/lib/python3.12/site-packages/airflow/example_dags/tutorial_dag.py
[2026-05-16T13:48:10.423+0000] {processor.py:840} INFO - DAG(s) 'tutorial_dag' retrieved from /home/airflow/.local/lib/python3.12/site-packages/airflow/example_dags/tutorial_dag.py
[2026-05-16T13:48:10.429+0000] {logging_mixin.py:188} INFO - [2026-05-16T13:48:10.429+0000] {dag.py:3089} INFO - Sync 1 DAGs
[2026-05-16T13:48:10.433+0000] {logging_mixin.py:188} INFO - [2026-05-16T13:48:10.433+0000] {dag.py:3947} INFO - Setting next_dagrun for tutorial_dag to None, run_after=None
[2026-05-16T13:48:10.438+0000] {processor.py:183} INFO - Processing /home/airflow/.local/lib/python3.12/site-packages/airflow/example_dags/tutorial_dag.py took 0.020 seconds
[2026-05-16T13:48:40.790+0000] {processor.py:161} INFO - Started process (PID=21748) to work on /home/airflow/.local/lib/python3.12/site-packages/airflow/example_dags/tutorial_dag.py
[2026-05-16T13:48:40.791+0000] {processor.py:830} INFO - Processing file /home/airflow/.local/lib/python3.12/site-packages/airflow/example_dags/tutorial_dag.py for tasks to queue
[2026-05-16T13:48:40.791+0000] {logging_mixin.py:188} INFO - [2026-05-16T13:48:40.791+0000] {dagbag.py:545} INFO - Filling up the DagBag from /home/airflow/.local/lib/python3.12/site-packages/airflow/example_dags/tutorial_dag.py
[2026-05-16T13:48:40.793+0000] {processor.py:840} INFO - DAG(s) 'tutorial_dag' retrieved from /home/airflow/.local/lib/python3.12/site-packages/airflow/example_dags/tutorial_dag.py
[2026-05-16T13:48:40.800+0000] {logging_mixin.py:188} INFO - [2026-05-16T13:48:40.800+0000] {dag.py:3089} INFO - Sync 1 DAGs
[2026-05-16T13:48:40.804+0000] {logging_mixin.py:188} INFO - [2026-05-16T13:48:40.804+0000] {dag.py:3947} INFO - Setting next_dagrun for tutorial_dag to None, run_after=None
[2026-05-16T13:48:40.809+0000] {processor.py:183} INFO - Processing /home/airflow/.local/lib/python3.12/site-packages/airflow/example_dags/tutorial_dag.py took 0.021 seconds
[2026-05-16T13:49:11.179+0000] {processor.py:161} INFO - Started process (PID=21810) to work on /home/airflow/.local/lib/python3.12/site-packages/airflow/example_dags/tutorial_dag.py
[2026-05-16T13:49:11.180+0000] {processor.py:830} INFO - Processing file /home/airflow/.local/lib/python3.12/site-packages/airflow/example_dags/tutorial_dag.py for tasks to queue
[2026-05-16T13:49:11.180+0000] {logging_mixin.py:188} INFO - [2026-05-16T13:49:11.180+0000] {dagbag.py:545} INFO - Filling up the DagBag from /home/airflow/.local/lib/python3.12/site-packages/airflow/example_dags/tutorial_dag.py
[2026-05-16T13:49:11.182+0000] {processor.py:840} INFO - DAG(s) 'tutorial_dag' retrieved from /home/airflow/.local/lib/python3.12/site-packages/airflow/example_dags/tutorial_dag.py
[2026-05-16T13:49:11.188+0000] {logging_mixin.py:188} INFO - [2026-05-16T13:49:11.188+0000] {dag.py:3089} INFO - Sync 1 DAGs
[2026-05-16T13:49:11.192+0000] {logging_mixin.py:188} INFO - [2026-05-16T13:49:11.192+0000] {dag.py:3947} INFO - Setting next_dagrun for tutorial_dag to None, run_after=None
[2026-05-16T13:49:11.197+0000] {processor.py:183} INFO - Processing /home/airflow/.local/lib/python3.12/site-packages/airflow/example_dags/tutorial_dag.py took 0.020 seconds
[2026-05-16T13:49:41.503+0000] {processor.py:161} INFO - Started process (PID=21871) to work on /home/airflow/.local/lib/python3.12/site-packages/airflow/example_dags/tutorial_dag.py
[2026-05-16T13:49:41.503+0000] {processor.py:830} INFO - Processing file /home/airflow/.local/lib/python3.12/site-packages/airflow/example_dags/tutorial_dag.py for tasks to queue
[2026-05-16T13:49:41.503+0000] {logging_mixin.py:188} INFO - [2026-05-16T13:49:41.503+0000] {dagbag.py:545} INFO - Filling up the DagBag from /home/airflow/.local/lib/python3.12/site-packages/airflow/example_dags/tutorial_dag.py
[2026-05-16T13:49:41.505+0000] {processor.py:840} INFO - DAG(s) 'tutorial_dag' retrieved from /home/airflow/.local/lib/python3.12/site-packages/airflow/example_dags/tutorial_dag.py
[2026-05-16T13:49:41.514+0000] {logging_mixin.py:188} INFO - [2026-05-16T13:49:41.513+0000] {dag.py:3089} INFO - Sync 1 DAGs
[2026-05-16T13:49:41.518+0000] {logging_mixin.py:188} INFO - [2026-05-16T13:49:41.518+0000] {dag.py:3947} INFO - Setting next_dagrun for tutorial_dag to None, run_after=None
[2026-05-16T13:49:41.523+0000] {processor.py:183} INFO - Processing /home/airflow/.local/lib/python3.12/site-packages/airflow/example_dags/tutorial_dag.py took 0.022 seconds
[2026-05-16T13:50:11.836+0000] {processor.py:161} INFO - Started process (PID=21933) to work on /home/airflow/.local/lib/python3.12/site-packages/airflow/example_dags/tutorial_dag.py
[2026-05-16T13:50:11.836+0000] {processor.py:830} INFO - Processing file /home/airflow/.local/lib/python3.12/site-packages/airflow/example_dags/tutorial_dag.py for tasks to queue
[2026-05-16T13:50:11.837+0000] {logging_mixin.py:188} INFO - [2026-05-16T13:50:11.836+0000] {dagbag.py:545} INFO - Filling up the DagBag from /home/airflow/.local/lib/python3.12/site-packages/airflow/example_dags/tutorial_dag.py
[2026-05-16T13:50:11.838+0000] {processor.py:840} INFO - DAG(s) 'tutorial_dag' retrieved from /home/airflow/.local/lib/python3.12/site-packages/airflow/example_dags/tutorial_dag.py
[2026-05-16T13:50:11.847+0000] {logging_mixin.py:188} INFO - [2026-05-16T13:50:11.847+0000] {dag.py:3089} INFO - Sync 1 DAGs
[2026-05-16T13:50:11.851+0000] {logging_mixin.py:188} INFO - [2026-05-16T13:50:11.851+0000] {dag.py:3947} INFO - Setting next_dagrun for tutorial_dag to None, run_after=None
[2026-05-16T13:50:11.856+0000] {processor.py:183} INFO - Processing /home/airflow/.local/lib/python3.12/site-packages/airflow/example_dags/tutorial_dag.py took 0.022 seconds
[2026-05-16T13:50:42.132+0000] {processor.py:161} INFO - Started process (PID=21996) to work on /home/airflow/.local/lib/python3.12/site-packages/airflow/example_dags/tutorial_dag.py
[2026-05-16T13:50:42.133+0000] {processor.py:830} INFO - Processing file /home/airflow/.local/lib/python3.12/site-packages/airflow/example_dags/tutorial_dag.py for tasks to queue
[2026-05-16T13:50:42.133+0000] {logging_mixin.py:188} INFO - [2026-05-16T13:50:42.133+0000] {dagbag.py:545} INFO - Filling up the DagBag from /home/airflow/.local/lib/python3.12/site-packages/airflow/example_dags/tutorial_dag.py
[2026-05-16T13:50:42.135+0000] {processor.py:840} INFO - DAG(s) 'tutorial_dag' retrieved from /home/airflow/.local/lib/python3.12/site-packages/airflow/example_dags/tutorial_dag.py
[2026-05-16T13:50:42.143+0000] {logging_mixin.py:188} INFO - [2026-05-16T13:50:42.143+0000] {dag.py:3089} INFO - Sync 1 DAGs
[2026-05-16T13:50:42.147+0000] {logging_mixin.py:188} INFO - [2026-05-16T13:50:42.147+0000] {dag.py:3947} INFO - Setting next_dagrun for tutorial_dag to None, run_after=None
[2026-05-16T13:50:42.153+0000] {processor.py:183} INFO - Processing /home/airflow/.local/lib/python3.12/site-packages/airflow/example_dags/tutorial_dag.py took 0.022 seconds
[2026-05-16T13:51:12.467+0000] {processor.py:161} INFO - Started process (PID=22058) to work on /home/airflow/.local/lib/python3.12/site-packages/airflow/example_dags/tutorial_dag.py
[2026-05-16T13:51:12.467+0000] {processor.py:830} INFO - Processing file /home/airflow/.local/lib/python3.12/site-packages/airflow/example_dags/tutorial_dag.py for tasks to queue
[2026-05-16T13:51:12.467+0000] {logging_mixin.py:188} INFO - [2026-05-16T13:51:12.467+0000] {dagbag.py:545} INFO - Filling up the DagBag from /home/airflow/.local/lib/python3.12/site-packages/airflow/example_dags/tutorial_dag.py
[2026-05-16T13:51:12.469+0000] {processor.py:840} INFO - DAG(s) 'tutorial_dag' retrieved from /home/airflow/.local/lib/python3.12/site-packages/airflow/example_dags/tutorial_dag.py
[2026-05-16T13:51:12.476+0000] {logging_mixin.py:188} INFO - [2026-05-16T13:51:12.476+0000] {dag.py:3089} INFO - Sync 1 DAGs
[2026-05-16T13:51:12.480+0000] {logging_mixin.py:188} INFO - [2026-05-16T13:51:12.480+0000] {dag.py:3947} INFO - Setting next_dagrun for tutorial_dag to None, run_after=None
[2026-05-16T13:51:12.484+0000] {processor.py:183} INFO - Processing /home/airflow/.local/lib/python3.12/site-packages/airflow/example_dags/tutorial_dag.py took 0.020 seconds
[2026-05-16T13:51:42.826+0000] {processor.py:161} INFO - Started process (PID=22120) to work on /home/airflow/.local/lib/python3.12/site-packages/airflow/example_dags/tutorial_dag.py
[2026-05-16T13:51:42.826+0000] {processor.py:830} INFO - Processing file /home/airflow/.local/lib/python3.12/site-packages/airflow/example_dags/tutorial_dag.py for tasks to queue
[2026-05-16T13:51:42.827+0000] {logging_mixin.py:188} INFO - [2026-05-16T13:51:42.826+0000] {dagbag.py:545} INFO - Filling up the DagBag from /home/airflow/.local/lib/python3.12/site-packages/airflow/example_dags/tutorial_dag.py
[2026-05-16T13:51:42.828+0000] {processor.py:840} INFO - DAG(s) 'tutorial_dag' retrieved from /home/airflow/.local/lib/python3.12/site-packages/airflow/example_dags/tutorial_dag.py
[2026-05-16T13:51:42.835+0000] {logging_mixin.py:188} INFO - [2026-05-16T13:51:42.835+0000] {dag.py:3089} INFO - Sync 1 DAGs
[2026-05-16T13:51:42.839+0000] {logging_mixin.py:188} INFO - [2026-05-16T13:51:42.839+0000] {dag.py:3947} INFO - Setting next_dagrun for tutorial_dag to None, run_after=None
[2026-05-16T13:51:42.844+0000] {processor.py:183} INFO - Processing /home/airflow/.local/lib/python3.12/site-packages/airflow/example_dags/tutorial_dag.py took 0.020 seconds
[2026-05-16T13:52:13.339+0000] {processor.py:161} INFO - Started process (PID=22181) to work on /home/airflow/.local/lib/python3.12/site-packages/airflow/example_dags/tutorial_dag.py
[2026-05-16T13:52:13.340+0000] {processor.py:830} INFO - Processing file /home/airflow/.local/lib/python3.12/site-packages/airflow/example_dags/tutorial_dag.py for tasks to queue
[2026-05-16T13:52:13.340+0000] {logging_mixin.py:188} INFO - [2026-05-16T13:52:13.340+0000] {dagbag.py:545} INFO - Filling up the DagBag from /home/airflow/.local/lib/python3.12/site-packages/airflow/example_dags/tutorial_dag.py
[2026-05-16T13:52:13.342+0000] {processor.py:840} INFO - DAG(s) 'tutorial_dag' retrieved from /home/airflow/.local/lib/python3.12/site-packages/airflow/example_dags/tutorial_dag.py
[2026-05-16T13:52:13.350+0000] {logging_mixin.py:188} INFO - [2026-05-16T13:52:13.350+0000] {dag.py:3089} INFO - Sync 1 DAGs
[2026-05-16T13:52:13.354+0000] {logging_mixin.py:188} INFO - [2026-05-16T13:52:13.354+0000] {dag.py:3947} INFO - Setting next_dagrun for tutorial_dag to None, run_after=None
[2026-05-16T13:52:13.360+0000] {processor.py:183} INFO - Processing /home/airflow/.local/lib/python3.12/site-packages/airflow/example_dags/tutorial_dag.py took 0.024 seconds
[2026-05-16T13:52:44.138+0000] {processor.py:161} INFO - Started process (PID=22243) to work on /home/airflow/.local/lib/python3.12/site-packages/airflow/example_dags/tutorial_dag.py
[2026-05-16T13:52:44.139+0000] {processor.py:830} INFO - Processing file /home/airflow/.local/lib/python3.12/site-packages/airflow/example_dags/tutorial_dag.py for tasks to queue
[2026-05-16T13:52:44.139+0000] {logging_mixin.py:188} INFO - [2026-05-16T13:52:44.139+0000] {dagbag.py:545} INFO - Filling up the DagBag from /home/airflow/.local/lib/python3.12/site-packages/airflow/example_dags/tutorial_dag.py
[2026-05-16T13:52:44.141+0000] {processor.py:840} INFO - DAG(s) 'tutorial_dag' retrieved from /home/airflow/.local/lib/python3.12/site-packages/airflow/example_dags/tutorial_dag.py
[2026-05-16T13:52:44.148+0000] {logging_mixin.py:188} INFO - [2026-05-16T13:52:44.148+0000] {dag.py:3089} INFO - Sync 1 DAGs
[2026-05-16T13:52:44.152+0000] {logging_mixin.py:188} INFO - [2026-05-16T13:52:44.152+0000] {dag.py:3947} INFO - Setting next_dagrun for tutorial_dag to None, run_after=None
[2026-05-16T13:52:44.157+0000] {processor.py:183} INFO - Processing /home/airflow/.local/lib/python3.12/site-packages/airflow/example_dags/tutorial_dag.py took 0.021 seconds
[2026-05-16T13:53:14.693+0000] {processor.py:161} INFO - Started process (PID=22305) to work on /home/airflow/.local/lib/python3.12/site-packages/airflow/example_dags/tutorial_dag.py
[2026-05-16T13:53:14.694+0000] {processor.py:830} INFO - Processing file /home/airflow/.local/lib/python3.12/site-packages/airflow/example_dags/tutorial_dag.py for tasks to queue
[2026-05-16T13:53:14.694+0000] {logging_mixin.py:188} INFO - [2026-05-16T13:53:14.694+0000] {dagbag.py:545} INFO - Filling up the DagBag from /home/airflow/.local/lib/python3.12/site-packages/airflow/example_dags/tutorial_dag.py
[2026-05-16T13:53:14.699+0000] {processor.py:840} INFO - DAG(s) 'tutorial_dag' retrieved from /home/airflow/.local/lib/python3.12/site-packages/airflow/example_dags/tutorial_dag.py
[2026-05-16T13:53:14.715+0000] {logging_mixin.py:188} INFO - [2026-05-16T13:53:14.715+0000] {dag.py:3089} INFO - Sync 1 DAGs
[2026-05-16T13:53:14.721+0000] {logging_mixin.py:188} INFO - [2026-05-16T13:53:14.721+0000] {dag.py:3947} INFO - Setting next_dagrun for tutorial_dag to None, run_after=None
[2026-05-16T13:53:14.736+0000] {processor.py:183} INFO - Processing /home/airflow/.local/lib/python3.12/site-packages/airflow/example_dags/tutorial_dag.py took 0.048 seconds
[2026-05-16T13:53:45.325+0000] {processor.py:161} INFO - Started process (PID=22367) to work on /home/airflow/.local/lib/python3.12/site-packages/airflow/example_dags/tutorial_dag.py
[2026-05-16T13:53:45.325+0000] {processor.py:830} INFO - Processing file /home/airflow/.local/lib/python3.12/site-packages/airflow/example_dags/tutorial_dag.py for tasks to queue
[2026-05-16T13:53:45.326+0000] {logging_mixin.py:188} INFO - [2026-05-16T13:53:45.325+0000] {dagbag.py:545} INFO - Filling up the DagBag from /home/airflow/.local/lib/python3.12/site-packages/airflow/example_dags/tutorial_dag.py
[2026-05-16T13:53:45.328+0000] {processor.py:840} INFO - DAG(s) 'tutorial_dag' retrieved from /home/airflow/.local/lib/python3.12/site-packages/airflow/example_dags/tutorial_dag.py
[2026-05-16T13:53:45.341+0000] {logging_mixin.py:188} INFO - [2026-05-16T13:53:45.341+0000] {dag.py:3089} INFO - Sync 1 DAGs
[2026-05-16T13:53:45.351+0000] {logging_mixin.py:188} INFO - [2026-05-16T13:53:45.351+0000] {dag.py:3947} INFO - Setting next_dagrun for tutorial_dag to None, run_after=None
[2026-05-16T13:53:45.362+0000] {processor.py:183} INFO - Processing /home/airflow/.local/lib/python3.12/site-packages/airflow/example_dags/tutorial_dag.py took 0.040 seconds
[2026-05-16T13:54:15.967+0000] {processor.py:161} INFO - Started process (PID=22429) to work on /home/airflow/.local/lib/python3.12/site-packages/airflow/example_dags/tutorial_dag.py
[2026-05-16T13:54:15.968+0000] {processor.py:830} INFO - Processing file /home/airflow/.local/lib/python3.12/site-packages/airflow/example_dags/tutorial_dag.py for tasks to queue
[2026-05-16T13:54:15.968+0000] {logging_mixin.py:188} INFO - [2026-05-16T13:54:15.968+0000] {dagbag.py:545} INFO - Filling up the DagBag from /home/airflow/.local/lib/python3.12/site-packages/airflow/example_dags/tutorial_dag.py
[2026-05-16T13:54:15.970+0000] {processor.py:840} INFO - DAG(s) 'tutorial_dag' retrieved from /home/airflow/.local/lib/python3.12/site-packages/airflow/example_dags/tutorial_dag.py
[2026-05-16T13:54:15.978+0000] {logging_mixin.py:188} INFO - [2026-05-16T13:54:15.977+0000] {dag.py:3089} INFO - Sync 1 DAGs
[2026-05-16T13:54:15.984+0000] {logging_mixin.py:188} INFO - [2026-05-16T13:54:15.984+0000] {dag.py:3947} INFO - Setting next_dagrun for tutorial_dag to None, run_after=None
[2026-05-16T13:54:15.991+0000] {processor.py:183} INFO - Processing /home/airflow/.local/lib/python3.12/site-packages/airflow/example_dags/tutorial_dag.py took 0.026 seconds
[2026-05-16T13:54:46.394+0000] {processor.py:161} INFO - Started process (PID=22491) to work on /home/airflow/.local/lib/python3.12/site-packages/airflow/example_dags/tutorial_dag.py
[2026-05-16T13:54:46.395+0000] {processor.py:830} INFO - Processing file /home/airflow/.local/lib/python3.12/site-packages/airflow/example_dags/tutorial_dag.py for tasks to queue
[2026-05-16T13:54:46.395+0000] {logging_mixin.py:188} INFO - [2026-05-16T13:54:46.395+0000] {dagbag.py:545} INFO - Filling up the DagBag from /home/airflow/.local/lib/python3.12/site-packages/airflow/example_dags/tutorial_dag.py
[2026-05-16T13:54:46.397+0000] {processor.py:840} INFO - DAG(s) 'tutorial_dag' retrieved from /home/airflow/.local/lib/python3.12/site-packages/airflow/example_dags/tutorial_dag.py
[2026-05-16T13:54:46.404+0000] {logging_mixin.py:188} INFO - [2026-05-16T13:54:46.404+0000] {dag.py:3089} INFO - Sync 1 DAGs
[2026-05-16T13:54:46.408+0000] {logging_mixin.py:188} INFO - [2026-05-16T13:54:46.408+0000] {dag.py:3947} INFO - Setting next_dagrun for tutorial_dag to None, run_after=None
[2026-05-16T13:54:46.414+0000] {processor.py:183} INFO - Processing /home/airflow/.local/lib/python3.12/site-packages/airflow/example_dags/tutorial_dag.py took 0.023 seconds
[2026-05-16T13:55:16.938+0000] {processor.py:161} INFO - Started process (PID=22553) to work on /home/airflow/.local/lib/python3.12/site-packages/airflow/example_dags/tutorial_dag.py
[2026-05-16T13:55:16.938+0000] {processor.py:830} INFO - Processing file /home/airflow/.local/lib/python3.12/site-packages/airflow/example_dags/tutorial_dag.py for tasks to queue
[2026-05-16T13:55:16.939+0000] {logging_mixin.py:188} INFO - [2026-05-16T13:55:16.938+0000] {dagbag.py:545} INFO - Filling up the DagBag from /home/airflow/.local/lib/python3.12/site-packages/airflow/example_dags/tutorial_dag.py
[2026-05-16T13:55:16.941+0000] {processor.py:840} INFO - DAG(s) 'tutorial_dag' retrieved from /home/airflow/.local/lib/python3.12/site-packages/airflow/example_dags/tutorial_dag.py
[2026-05-16T13:55:16.949+0000] {logging_mixin.py:188} INFO - [2026-05-16T13:55:16.949+0000] {dag.py:3089} INFO - Sync 1 DAGs
[2026-05-16T13:55:16.954+0000] {logging_mixin.py:188} INFO - [2026-05-16T13:55:16.953+0000] {dag.py:3947} INFO - Setting next_dagrun for tutorial_dag to None, run_after=None
[2026-05-16T13:55:16.959+0000] {processor.py:183} INFO - Processing /home/airflow/.local/lib/python3.12/site-packages/airflow/example_dags/tutorial_dag.py took 0.024 seconds
[2026-05-16T13:55:47.417+0000] {processor.py:161} INFO - Started process (PID=22615) to work on /home/airflow/.local/lib/python3.12/site-packages/airflow/example_dags/tutorial_dag.py
[2026-05-16T13:55:47.417+0000] {processor.py:830} INFO - Processing file /home/airflow/.local/lib/python3.12/site-packages/airflow/example_dags/tutorial_dag.py for tasks to queue
[2026-05-16T13:55:47.417+0000] {logging_mixin.py:188} INFO - [2026-05-16T13:55:47.417+0000] {dagbag.py:545} INFO - Filling up the DagBag from /home/airflow/.local/lib/python3.12/site-packages/airflow/example_dags/tutorial_dag.py
[2026-05-16T13:55:47.420+0000] {processor.py:840} INFO - DAG(s) 'tutorial_dag' retrieved from /home/airflow/.local/lib/python3.12/site-packages/airflow/example_dags/tutorial_dag.py
[2026-05-16T13:55:47.428+0000] {logging_mixin.py:188} INFO - [2026-05-16T13:55:47.428+0000] {dag.py:3089} INFO - Sync 1 DAGs
[2026-05-16T13:55:47.432+0000] {logging_mixin.py:188} INFO - [2026-05-16T13:55:47.432+0000] {dag.py:3947} INFO - Setting next_dagrun for tutorial_dag to None, run_after=None
[2026-05-16T13:55:47.438+0000] {processor.py:183} INFO - Processing /home/airflow/.local/lib/python3.12/site-packages/airflow/example_dags/tutorial_dag.py took 0.023 seconds
[2026-05-16T13:56:17.880+0000] {processor.py:161} INFO - Started process (PID=22677) to work on /home/airflow/.local/lib/python3.12/site-packages/airflow/example_dags/tutorial_dag.py
[2026-05-16T13:56:17.880+0000] {processor.py:830} INFO - Processing file /home/airflow/.local/lib/python3.12/site-packages/airflow/example_dags/tutorial_dag.py for tasks to queue
[2026-05-16T13:56:17.881+0000] {logging_mixin.py:188} INFO - [2026-05-16T13:56:17.880+0000] {dagbag.py:545} INFO - Filling up the DagBag from /home/airflow/.local/lib/python3.12/site-packages/airflow/example_dags/tutorial_dag.py
[2026-05-16T13:56:17.883+0000] {processor.py:840} INFO - DAG(s) 'tutorial_dag' retrieved from /home/airflow/.local/lib/python3.12/site-packages/airflow/example_dags/tutorial_dag.py
[2026-05-16T13:56:17.891+0000] {logging_mixin.py:188} INFO - [2026-05-16T13:56:17.891+0000] {dag.py:3089} INFO - Sync 1 DAGs
[2026-05-16T13:56:17.895+0000] {logging_mixin.py:188} INFO - [2026-05-16T13:56:17.895+0000] {dag.py:3947} INFO - Setting next_dagrun for tutorial_dag to None, run_after=None
[2026-05-16T13:56:17.901+0000] {processor.py:183} INFO - Processing /home/airflow/.local/lib/python3.12/site-packages/airflow/example_dags/tutorial_dag.py took 0.023 seconds
[2026-05-16T13:56:48.346+0000] {processor.py:161} INFO - Started process (PID=22739) to work on /home/airflow/.local/lib/python3.12/site-packages/airflow/example_dags/tutorial_dag.py
[2026-05-16T13:56:48.346+0000] {processor.py:830} INFO - Processing file /home/airflow/.local/lib/python3.12/site-packages/airflow/example_dags/tutorial_dag.py for tasks to queue
[2026-05-16T13:56:48.346+0000] {logging_mixin.py:188} INFO - [2026-05-16T13:56:48.346+0000] {dagbag.py:545} INFO - Filling up the DagBag from /home/airflow/.local/lib/python3.12/site-packages/airflow/example_dags/tutorial_dag.py
[2026-05-16T13:56:48.349+0000] {processor.py:840} INFO - DAG(s) 'tutorial_dag' retrieved from /home/airflow/.local/lib/python3.12/site-packages/airflow/example_dags/tutorial_dag.py
[2026-05-16T13:56:48.358+0000] {logging_mixin.py:188} INFO - [2026-05-16T13:56:48.358+0000] {dag.py:3089} INFO - Sync 1 DAGs
[2026-05-16T13:56:48.363+0000] {logging_mixin.py:188} INFO - [2026-05-16T13:56:48.362+0000] {dag.py:3947} INFO - Setting next_dagrun for tutorial_dag to None, run_after=None
[2026-05-16T13:56:48.368+0000] {processor.py:183} INFO - Processing /home/airflow/.local/lib/python3.12/site-packages/airflow/example_dags/tutorial_dag.py took 0.025 seconds
[2026-05-16T13:57:18.710+0000] {processor.py:161} INFO - Started process (PID=22801) to work on /home/airflow/.local/lib/python3.12/site-packages/airflow/example_dags/tutorial_dag.py
[2026-05-16T13:57:18.711+0000] {processor.py:830} INFO - Processing file /home/airflow/.local/lib/python3.12/site-packages/airflow/example_dags/tutorial_dag.py for tasks to queue
[2026-05-16T13:57:18.711+0000] {logging_mixin.py:188} INFO - [2026-05-16T13:57:18.711+0000] {dagbag.py:545} INFO - Filling up the DagBag from /home/airflow/.local/lib/python3.12/site-packages/airflow/example_dags/tutorial_dag.py
[2026-05-16T13:57:18.713+0000] {processor.py:840} INFO - DAG(s) 'tutorial_dag' retrieved from /home/airflow/.local/lib/python3.12/site-packages/airflow/example_dags/tutorial_dag.py
[2026-05-16T13:57:18.720+0000] {logging_mixin.py:188} INFO - [2026-05-16T13:57:18.720+0000] {dag.py:3089} INFO - Sync 1 DAGs
[2026-05-16T13:57:18.724+0000] {logging_mixin.py:188} INFO - [2026-05-16T13:57:18.724+0000] {dag.py:3947} INFO - Setting next_dagrun for tutorial_dag to None, run_after=None
[2026-05-16T13:57:18.729+0000] {processor.py:183} INFO - Processing /home/airflow/.local/lib/python3.12/site-packages/airflow/example_dags/tutorial_dag.py took 0.021 seconds
[2026-05-16T13:57:49.126+0000] {processor.py:161} INFO - Started process (PID=22863) to work on /home/airflow/.local/lib/python3.12/site-packages/airflow/example_dags/tutorial_dag.py
[2026-05-16T13:57:49.126+0000] {processor.py:830} INFO - Processing file /home/airflow/.local/lib/python3.12/site-packages/airflow/example_dags/tutorial_dag.py for tasks to queue
[2026-05-16T13:57:49.126+0000] {logging_mixin.py:188} INFO - [2026-05-16T13:57:49.126+0000] {dagbag.py:545} INFO - Filling up the DagBag from /home/airflow/.local/lib/python3.12/site-packages/airflow/example_dags/tutorial_dag.py
[2026-05-16T13:57:49.129+0000] {processor.py:840} INFO - DAG(s) 'tutorial_dag' retrieved from /home/airflow/.local/lib/python3.12/site-packages/airflow/example_dags/tutorial_dag.py
[2026-05-16T13:57:49.138+0000] {logging_mixin.py:188} INFO - [2026-05-16T13:57:49.138+0000] {dag.py:3089} INFO - Sync 1 DAGs
[2026-05-16T13:57:49.142+0000] {logging_mixin.py:188} INFO - [2026-05-16T13:57:49.142+0000] {dag.py:3947} INFO - Setting next_dagrun for tutorial_dag to None, run_after=None
[2026-05-16T13:57:49.148+0000] {processor.py:183} INFO - Processing /home/airflow/.local/lib/python3.12/site-packages/airflow/example_dags/tutorial_dag.py took 0.025 seconds
[2026-05-16T13:58:19.521+0000] {processor.py:161} INFO - Started process (PID=22926) to work on /home/airflow/.local/lib/python3.12/site-packages/airflow/example_dags/tutorial_dag.py
[2026-05-16T13:58:19.522+0000] {processor.py:830} INFO - Processing file /home/airflow/.local/lib/python3.12/site-packages/airflow/example_dags/tutorial_dag.py for tasks to queue
[2026-05-16T13:58:19.522+0000] {logging_mixin.py:188} INFO - [2026-05-16T13:58:19.522+0000] {dagbag.py:545} INFO - Filling up the DagBag from /home/airflow/.local/lib/python3.12/site-packages/airflow/example_dags/tutorial_dag.py
[2026-05-16T13:58:19.524+0000] {processor.py:840} INFO - DAG(s) 'tutorial_dag' retrieved from /home/airflow/.local/lib/python3.12/site-packages/airflow/example_dags/tutorial_dag.py
[2026-05-16T13:58:19.532+0000] {logging_mixin.py:188} INFO - [2026-05-16T13:58:19.532+0000] {dag.py:3089} INFO - Sync 1 DAGs
[2026-05-16T13:58:19.536+0000] {logging_mixin.py:188} INFO - [2026-05-16T13:58:19.536+0000] {dag.py:3947} INFO - Setting next_dagrun for tutorial_dag to None, run_after=None
[2026-05-16T13:58:19.543+0000] {processor.py:183} INFO - Processing /home/airflow/.local/lib/python3.12/site-packages/airflow/example_dags/tutorial_dag.py took 0.024 seconds
[2026-05-16T13:58:49.912+0000] {processor.py:161} INFO - Started process (PID=22987) to work on /home/airflow/.local/lib/python3.12/site-packages/airflow/example_dags/tutorial_dag.py
[2026-05-16T13:58:49.912+0000] {processor.py:830} INFO - Processing file /home/airflow/.local/lib/python3.12/site-packages/airflow/example_dags/tutorial_dag.py for tasks to queue
[2026-05-16T13:58:49.912+0000] {logging_mixin.py:188} INFO - [2026-05-16T13:58:49.912+0000] {dagbag.py:545} INFO - Filling up the DagBag from /home/airflow/.local/lib/python3.12/site-packages/airflow/example_dags/tutorial_dag.py
[2026-05-16T13:58:49.915+0000] {processor.py:840} INFO - DAG(s) 'tutorial_dag' retrieved from /home/airflow/.local/lib/python3.12/site-packages/airflow/example_dags/tutorial_dag.py
[2026-05-16T13:58:49.923+0000] {logging_mixin.py:188} INFO - [2026-05-16T13:58:49.923+0000] {dag.py:3089} INFO - Sync 1 DAGs
[2026-05-16T13:58:49.928+0000] {logging_mixin.py:188} INFO - [2026-05-16T13:58:49.928+0000] {dag.py:3947} INFO - Setting next_dagrun for tutorial_dag to None, run_after=None
[2026-05-16T13:58:49.932+0000] {processor.py:183} INFO - Processing /home/airflow/.local/lib/python3.12/site-packages/airflow/example_dags/tutorial_dag.py took 0.023 seconds
[2026-05-16T13:59:20.267+0000] {processor.py:161} INFO - Started process (PID=23048) to work on /home/airflow/.local/lib/python3.12/site-packages/airflow/example_dags/tutorial_dag.py
[2026-05-16T13:59:20.268+0000] {processor.py:830} INFO - Processing file /home/airflow/.local/lib/python3.12/site-packages/airflow/example_dags/tutorial_dag.py for tasks to queue
[2026-05-16T13:59:20.268+0000] {logging_mixin.py:188} INFO - [2026-05-16T13:59:20.268+0000] {dagbag.py:545} INFO - Filling up the DagBag from /home/airflow/.local/lib/python3.12/site-packages/airflow/example_dags/tutorial_dag.py
[2026-05-16T13:59:20.270+0000] {processor.py:840} INFO - DAG(s) 'tutorial_dag' retrieved from /home/airflow/.local/lib/python3.12/site-packages/airflow/example_dags/tutorial_dag.py
[2026-05-16T13:59:20.277+0000] {logging_mixin.py:188} INFO - [2026-05-16T13:59:20.277+0000] {dag.py:3089} INFO - Sync 1 DAGs
[2026-05-16T13:59:20.281+0000] {logging_mixin.py:188} INFO - [2026-05-16T13:59:20.281+0000] {dag.py:3947} INFO - Setting next_dagrun for tutorial_dag to None, run_after=None
[2026-05-16T13:59:20.286+0000] {processor.py:183} INFO - Processing /home/airflow/.local/lib/python3.12/site-packages/airflow/example_dags/tutorial_dag.py took 0.021 seconds
[2026-05-16T13:59:50.845+0000] {processor.py:161} INFO - Started process (PID=23110) to work on /home/airflow/.local/lib/python3.12/site-packages/airflow/example_dags/tutorial_dag.py
[2026-05-16T13:59:50.846+0000] {processor.py:830} INFO - Processing file /home/airflow/.local/lib/python3.12/site-packages/airflow/example_dags/tutorial_dag.py for tasks to queue
[2026-05-16T13:59:50.846+0000] {logging_mixin.py:188} INFO - [2026-05-16T13:59:50.846+0000] {dagbag.py:545} INFO - Filling up the DagBag from /home/airflow/.local/lib/python3.12/site-packages/airflow/example_dags/tutorial_dag.py
[2026-05-16T13:59:50.848+0000] {processor.py:840} INFO - DAG(s) 'tutorial_dag' retrieved from /home/airflow/.local/lib/python3.12/site-packages/airflow/example_dags/tutorial_dag.py
[2026-05-16T13:59:50.855+0000] {logging_mixin.py:188} INFO - [2026-05-16T13:59:50.855+0000] {dag.py:3089} INFO - Sync 1 DAGs
[2026-05-16T13:59:50.860+0000] {logging_mixin.py:188} INFO - [2026-05-16T13:59:50.860+0000] {dag.py:3947} INFO - Setting next_dagrun for tutorial_dag to None, run_after=None
[2026-05-16T13:59:50.865+0000] {processor.py:183} INFO - Processing /home/airflow/.local/lib/python3.12/site-packages/airflow/example_dags/tutorial_dag.py took 0.022 seconds
[2026-05-16T14:00:21.328+0000] {processor.py:161} INFO - Started process (PID=23172) to work on /home/airflow/.local/lib/python3.12/site-packages/airflow/example_dags/tutorial_dag.py
[2026-05-16T14:00:21.328+0000] {processor.py:830} INFO - Processing file /home/airflow/.local/lib/python3.12/site-packages/airflow/example_dags/tutorial_dag.py for tasks to queue
[2026-05-16T14:00:21.328+0000] {logging_mixin.py:188} INFO - [2026-05-16T14:00:21.328+0000] {dagbag.py:545} INFO - Filling up the DagBag from /home/airflow/.local/lib/python3.12/site-packages/airflow/example_dags/tutorial_dag.py
[2026-05-16T14:00:21.331+0000] {processor.py:840} INFO - DAG(s) 'tutorial_dag' retrieved from /home/airflow/.local/lib/python3.12/site-packages/airflow/example_dags/tutorial_dag.py
[2026-05-16T14:00:21.338+0000] {logging_mixin.py:188} INFO - [2026-05-16T14:00:21.338+0000] {dag.py:3089} INFO - Sync 1 DAGs
[2026-05-16T14:00:21.342+0000] {logging_mixin.py:188} INFO - [2026-05-16T14:00:21.342+0000] {dag.py:3947} INFO - Setting next_dagrun for tutorial_dag to None, run_after=None
[2026-05-16T14:00:21.347+0000] {processor.py:183} INFO - Processing /home/airflow/.local/lib/python3.12/site-packages/airflow/example_dags/tutorial_dag.py took 0.022 seconds
[2026-05-16T14:00:51.756+0000] {processor.py:161} INFO - Started process (PID=23234) to work on /home/airflow/.local/lib/python3.12/site-packages/airflow/example_dags/tutorial_dag.py
[2026-05-16T14:00:51.756+0000] {processor.py:830} INFO - Processing file /home/airflow/.local/lib/python3.12/site-packages/airflow/example_dags/tutorial_dag.py for tasks to queue
[2026-05-16T14:00:51.756+0000] {logging_mixin.py:188} INFO - [2026-05-16T14:00:51.756+0000] {dagbag.py:545} INFO - Filling up the DagBag from /home/airflow/.local/lib/python3.12/site-packages/airflow/example_dags/tutorial_dag.py
[2026-05-16T14:00:51.759+0000] {processor.py:840} INFO - DAG(s) 'tutorial_dag' retrieved from /home/airflow/.local/lib/python3.12/site-packages/airflow/example_dags/tutorial_dag.py
[2026-05-16T14:00:51.768+0000] {logging_mixin.py:188} INFO - [2026-05-16T14:00:51.768+0000] {dag.py:3089} INFO - Sync 1 DAGs
[2026-05-16T14:00:51.772+0000] {logging_mixin.py:188} INFO - [2026-05-16T14:00:51.772+0000] {dag.py:3947} INFO - Setting next_dagrun for tutorial_dag to None, run_after=None
[2026-05-16T14:00:51.777+0000] {processor.py:183} INFO - Processing /home/airflow/.local/lib/python3.12/site-packages/airflow/example_dags/tutorial_dag.py took 0.024 seconds
[2026-05-16T14:01:22.165+0000] {processor.py:161} INFO - Started process (PID=23296) to work on /home/airflow/.local/lib/python3.12/site-packages/airflow/example_dags/tutorial_dag.py
[2026-05-16T14:01:22.165+0000] {processor.py:830} INFO - Processing file /home/airflow/.local/lib/python3.12/site-packages/airflow/example_dags/tutorial_dag.py for tasks to queue
[2026-05-16T14:01:22.165+0000] {logging_mixin.py:188} INFO - [2026-05-16T14:01:22.165+0000] {dagbag.py:545} INFO - Filling up the DagBag from /home/airflow/.local/lib/python3.12/site-packages/airflow/example_dags/tutorial_dag.py
[2026-05-16T14:01:22.168+0000] {processor.py:840} INFO - DAG(s) 'tutorial_dag' retrieved from /home/airflow/.local/lib/python3.12/site-packages/airflow/example_dags/tutorial_dag.py
[2026-05-16T14:01:22.175+0000] {logging_mixin.py:188} INFO - [2026-05-16T14:01:22.175+0000] {dag.py:3089} INFO - Sync 1 DAGs
[2026-05-16T14:01:22.179+0000] {logging_mixin.py:188} INFO - [2026-05-16T14:01:22.179+0000] {dag.py:3947} INFO - Setting next_dagrun for tutorial_dag to None, run_after=None
[2026-05-16T14:01:22.184+0000] {processor.py:183} INFO - Processing /home/airflow/.local/lib/python3.12/site-packages/airflow/example_dags/tutorial_dag.py took 0.022 seconds
[2026-05-16T14:01:52.670+0000] {processor.py:161} INFO - Started process (PID=23358) to work on /home/airflow/.local/lib/python3.12/site-packages/airflow/example_dags/tutorial_dag.py
[2026-05-16T14:01:52.671+0000] {processor.py:830} INFO - Processing file /home/airflow/.local/lib/python3.12/site-packages/airflow/example_dags/tutorial_dag.py for tasks to queue
[2026-05-16T14:01:52.671+0000] {logging_mixin.py:188} INFO - [2026-05-16T14:01:52.671+0000] {dagbag.py:545} INFO - Filling up the DagBag from /home/airflow/.local/lib/python3.12/site-packages/airflow/example_dags/tutorial_dag.py
[2026-05-16T14:01:52.673+0000] {processor.py:840} INFO - DAG(s) 'tutorial_dag' retrieved from /home/airflow/.local/lib/python3.12/site-packages/airflow/example_dags/tutorial_dag.py
[2026-05-16T14:01:52.681+0000] {logging_mixin.py:188} INFO - [2026-05-16T14:01:52.681+0000] {dag.py:3089} INFO - Sync 1 DAGs
[2026-05-16T14:01:52.686+0000] {logging_mixin.py:188} INFO - [2026-05-16T14:01:52.685+0000] {dag.py:3947} INFO - Setting next_dagrun for tutorial_dag to None, run_after=None
[2026-05-16T14:01:52.691+0000] {processor.py:183} INFO - Processing /home/airflow/.local/lib/python3.12/site-packages/airflow/example_dags/tutorial_dag.py took 0.023 seconds
[2026-05-16T14:02:22.999+0000] {processor.py:161} INFO - Started process (PID=23420) to work on /home/airflow/.local/lib/python3.12/site-packages/airflow/example_dags/tutorial_dag.py
[2026-05-16T14:02:23.000+0000] {processor.py:830} INFO - Processing file /home/airflow/.local/lib/python3.12/site-packages/airflow/example_dags/tutorial_dag.py for tasks to queue
[2026-05-16T14:02:23.000+0000] {logging_mixin.py:188} INFO - [2026-05-16T14:02:23.000+0000] {dagbag.py:545} INFO - Filling up the DagBag from /home/airflow/.local/lib/python3.12/site-packages/airflow/example_dags/tutorial_dag.py
[2026-05-16T14:02:23.002+0000] {processor.py:840} INFO - DAG(s) 'tutorial_dag' retrieved from /home/airflow/.local/lib/python3.12/site-packages/airflow/example_dags/tutorial_dag.py
[2026-05-16T14:02:23.009+0000] {logging_mixin.py:188} INFO - [2026-05-16T14:02:23.009+0000] {dag.py:3089} INFO - Sync 1 DAGs
[2026-05-16T14:02:23.013+0000] {logging_mixin.py:188} INFO - [2026-05-16T14:02:23.013+0000] {dag.py:3947} INFO - Setting next_dagrun for tutorial_dag to None, run_after=None
[2026-05-16T14:02:23.018+0000] {processor.py:183} INFO - Processing /home/airflow/.local/lib/python3.12/site-packages/airflow/example_dags/tutorial_dag.py took 0.021 seconds
[2026-05-16T14:02:53.399+0000] {processor.py:161} INFO - Started process (PID=23482) to work on /home/airflow/.local/lib/python3.12/site-packages/airflow/example_dags/tutorial_dag.py
[2026-05-16T14:02:53.399+0000] {processor.py:830} INFO - Processing file /home/airflow/.local/lib/python3.12/site-packages/airflow/example_dags/tutorial_dag.py for tasks to queue
[2026-05-16T14:02:53.400+0000] {logging_mixin.py:188} INFO - [2026-05-16T14:02:53.400+0000] {dagbag.py:545} INFO - Filling up the DagBag from /home/airflow/.local/lib/python3.12/site-packages/airflow/example_dags/tutorial_dag.py
[2026-05-16T14:02:53.402+0000] {processor.py:840} INFO - DAG(s) 'tutorial_dag' retrieved from /home/airflow/.local/lib/python3.12/site-packages/airflow/example_dags/tutorial_dag.py
[2026-05-16T14:02:53.409+0000] {logging_mixin.py:188} INFO - [2026-05-16T14:02:53.409+0000] {dag.py:3089} INFO - Sync 1 DAGs
[2026-05-16T14:02:53.413+0000] {logging_mixin.py:188} INFO - [2026-05-16T14:02:53.413+0000] {dag.py:3947} INFO - Setting next_dagrun for tutorial_dag to None, run_after=None
[2026-05-16T14:02:53.418+0000] {processor.py:183} INFO - Processing /home/airflow/.local/lib/python3.12/site-packages/airflow/example_dags/tutorial_dag.py took 0.022 seconds
[2026-05-16T14:03:24.066+0000] {processor.py:161} INFO - Started process (PID=23544) to work on /home/airflow/.local/lib/python3.12/site-packages/airflow/example_dags/tutorial_dag.py
[2026-05-16T14:03:24.067+0000] {processor.py:830} INFO - Processing file /home/airflow/.local/lib/python3.12/site-packages/airflow/example_dags/tutorial_dag.py for tasks to queue
[2026-05-16T14:03:24.067+0000] {logging_mixin.py:188} INFO - [2026-05-16T14:03:24.067+0000] {dagbag.py:545} INFO - Filling up the DagBag from /home/airflow/.local/lib/python3.12/site-packages/airflow/example_dags/tutorial_dag.py
[2026-05-16T14:03:24.069+0000] {processor.py:840} INFO - DAG(s) 'tutorial_dag' retrieved from /home/airflow/.local/lib/python3.12/site-packages/airflow/example_dags/tutorial_dag.py
[2026-05-16T14:03:24.080+0000] {logging_mixin.py:188} INFO - [2026-05-16T14:03:24.080+0000] {dag.py:3089} INFO - Sync 1 DAGs
[2026-05-16T14:03:24.084+0000] {logging_mixin.py:188} INFO - [2026-05-16T14:03:24.084+0000] {dag.py:3947} INFO - Setting next_dagrun for tutorial_dag to None, run_after=None
[2026-05-16T14:03:24.090+0000] {processor.py:183} INFO - Processing /home/airflow/.local/lib/python3.12/site-packages/airflow/example_dags/tutorial_dag.py took 0.026 seconds
[2026-05-16T14:03:54.692+0000] {processor.py:161} INFO - Started process (PID=23606) to work on /home/airflow/.local/lib/python3.12/site-packages/airflow/example_dags/tutorial_dag.py
[2026-05-16T14:03:54.693+0000] {processor.py:830} INFO - Processing file /home/airflow/.local/lib/python3.12/site-packages/airflow/example_dags/tutorial_dag.py for tasks to queue
[2026-05-16T14:03:54.693+0000] {logging_mixin.py:188} INFO - [2026-05-16T14:03:54.693+0000] {dagbag.py:545} INFO - Filling up the DagBag from /home/airflow/.local/lib/python3.12/site-packages/airflow/example_dags/tutorial_dag.py
[2026-05-16T14:03:54.695+0000] {processor.py:840} INFO - DAG(s) 'tutorial_dag' retrieved from /home/airflow/.local/lib/python3.12/site-packages/airflow/example_dags/tutorial_dag.py
[2026-05-16T14:03:54.702+0000] {logging_mixin.py:188} INFO - [2026-05-16T14:03:54.702+0000] {dag.py:3089} INFO - Sync 1 DAGs
[2026-05-16T14:03:54.707+0000] {logging_mixin.py:188} INFO - [2026-05-16T14:03:54.706+0000] {dag.py:3947} INFO - Setting next_dagrun for tutorial_dag to None, run_after=None
[2026-05-16T14:03:54.716+0000] {processor.py:183} INFO - Processing /home/airflow/.local/lib/python3.12/site-packages/airflow/example_dags/tutorial_dag.py took 0.026 seconds
[2026-05-16T14:04:25.396+0000] {processor.py:161} INFO - Started process (PID=23668) to work on /home/airflow/.local/lib/python3.12/site-packages/airflow/example_dags/tutorial_dag.py
[2026-05-16T14:04:25.398+0000] {processor.py:830} INFO - Processing file /home/airflow/.local/lib/python3.12/site-packages/airflow/example_dags/tutorial_dag.py for tasks to queue
[2026-05-16T14:04:25.398+0000] {logging_mixin.py:188} INFO - [2026-05-16T14:04:25.398+0000] {dagbag.py:545} INFO - Filling up the DagBag from /home/airflow/.local/lib/python3.12/site-packages/airflow/example_dags/tutorial_dag.py
[2026-05-16T14:04:25.402+0000] {processor.py:840} INFO - DAG(s) 'tutorial_dag' retrieved from /home/airflow/.local/lib/python3.12/site-packages/airflow/example_dags/tutorial_dag.py
[2026-05-16T14:04:25.421+0000] {logging_mixin.py:188} INFO - [2026-05-16T14:04:25.421+0000] {dag.py:3089} INFO - Sync 1 DAGs
[2026-05-16T14:04:25.426+0000] {logging_mixin.py:188} INFO - [2026-05-16T14:04:25.426+0000] {dag.py:3947} INFO - Setting next_dagrun for tutorial_dag to None, run_after=None
[2026-05-16T14:04:25.437+0000] {processor.py:183} INFO - Processing /home/airflow/.local/lib/python3.12/site-packages/airflow/example_dags/tutorial_dag.py took 0.046 seconds
[2026-05-16T14:04:56.072+0000] {processor.py:161} INFO - Started process (PID=23730) to work on /home/airflow/.local/lib/python3.12/site-packages/airflow/example_dags/tutorial_dag.py
[2026-05-16T14:04:56.072+0000] {processor.py:830} INFO - Processing file /home/airflow/.local/lib/python3.12/site-packages/airflow/example_dags/tutorial_dag.py for tasks to queue
[2026-05-16T14:04:56.073+0000] {logging_mixin.py:188} INFO - [2026-05-16T14:04:56.072+0000] {dagbag.py:545} INFO - Filling up the DagBag from /home/airflow/.local/lib/python3.12/site-packages/airflow/example_dags/tutorial_dag.py
[2026-05-16T14:04:56.076+0000] {processor.py:840} INFO - DAG(s) 'tutorial_dag' retrieved from /home/airflow/.local/lib/python3.12/site-packages/airflow/example_dags/tutorial_dag.py
[2026-05-16T14:04:56.086+0000] {logging_mixin.py:188} INFO - [2026-05-16T14:04:56.086+0000] {dag.py:3089} INFO - Sync 1 DAGs
[2026-05-16T14:04:56.093+0000] {logging_mixin.py:188} INFO - [2026-05-16T14:04:56.092+0000] {dag.py:3947} INFO - Setting next_dagrun for tutorial_dag to None, run_after=None
[2026-05-16T14:04:56.100+0000] {processor.py:183} INFO - Processing /home/airflow/.local/lib/python3.12/site-packages/airflow/example_dags/tutorial_dag.py took 0.031 seconds
[2026-05-16T14:05:26.629+0000] {processor.py:161} INFO - Started process (PID=23791) to work on /home/airflow/.local/lib/python3.12/site-packages/airflow/example_dags/tutorial_dag.py
[2026-05-16T14:05:26.629+0000] {processor.py:830} INFO - Processing file /home/airflow/.local/lib/python3.12/site-packages/airflow/example_dags/tutorial_dag.py for tasks to queue
[2026-05-16T14:05:26.629+0000] {logging_mixin.py:188} INFO - [2026-05-16T14:05:26.629+0000] {dagbag.py:545} INFO - Filling up the DagBag from /home/airflow/.local/lib/python3.12/site-packages/airflow/example_dags/tutorial_dag.py
[2026-05-16T14:05:26.631+0000] {processor.py:840} INFO - DAG(s) 'tutorial_dag' retrieved from /home/airflow/.local/lib/python3.12/site-packages/airflow/example_dags/tutorial_dag.py
[2026-05-16T14:05:26.640+0000] {logging_mixin.py:188} INFO - [2026-05-16T14:05:26.640+0000] {dag.py:3089} INFO - Sync 1 DAGs
[2026-05-16T14:05:26.644+0000] {logging_mixin.py:188} INFO - [2026-05-16T14:05:26.644+0000] {dag.py:3947} INFO - Setting next_dagrun for tutorial_dag to None, run_after=None
[2026-05-16T14:05:26.649+0000] {processor.py:183} INFO - Processing /home/airflow/.local/lib/python3.12/site-packages/airflow/example_dags/tutorial_dag.py took 0.023 seconds
[2026-05-16T14:05:57.049+0000] {processor.py:161} INFO - Started process (PID=23854) to work on /home/airflow/.local/lib/python3.12/site-packages/airflow/example_dags/tutorial_dag.py
[2026-05-16T14:05:57.049+0000] {processor.py:830} INFO - Processing file /home/airflow/.local/lib/python3.12/site-packages/airflow/example_dags/tutorial_dag.py for tasks to queue
[2026-05-16T14:05:57.049+0000] {logging_mixin.py:188} INFO - [2026-05-16T14:05:57.049+0000] {dagbag.py:545} INFO - Filling up the DagBag from /home/airflow/.local/lib/python3.12/site-packages/airflow/example_dags/tutorial_dag.py
[2026-05-16T14:05:57.052+0000] {processor.py:840} INFO - DAG(s) 'tutorial_dag' retrieved from /home/airflow/.local/lib/python3.12/site-packages/airflow/example_dags/tutorial_dag.py
[2026-05-16T14:05:57.060+0000] {logging_mixin.py:188} INFO - [2026-05-16T14:05:57.060+0000] {dag.py:3089} INFO - Sync 1 DAGs
[2026-05-16T14:05:57.065+0000] {logging_mixin.py:188} INFO - [2026-05-16T14:05:57.065+0000] {dag.py:3947} INFO - Setting next_dagrun for tutorial_dag to None, run_after=None
[2026-05-16T14:05:57.071+0000] {processor.py:183} INFO - Processing /home/airflow/.local/lib/python3.12/site-packages/airflow/example_dags/tutorial_dag.py took 0.025 seconds
[2026-05-16T14:06:27.426+0000] {processor.py:161} INFO - Started process (PID=23916) to work on /home/airflow/.local/lib/python3.12/site-packages/airflow/example_dags/tutorial_dag.py
[2026-05-16T14:06:27.426+0000] {processor.py:830} INFO - Processing file /home/airflow/.local/lib/python3.12/site-packages/airflow/example_dags/tutorial_dag.py for tasks to queue
[2026-05-16T14:06:27.426+0000] {logging_mixin.py:188} INFO - [2026-05-16T14:06:27.426+0000] {dagbag.py:545} INFO - Filling up the DagBag from /home/airflow/.local/lib/python3.12/site-packages/airflow/example_dags/tutorial_dag.py
[2026-05-16T14:06:27.428+0000] {processor.py:840} INFO - DAG(s) 'tutorial_dag' retrieved from /home/airflow/.local/lib/python3.12/site-packages/airflow/example_dags/tutorial_dag.py
[2026-05-16T14:06:27.436+0000] {logging_mixin.py:188} INFO - [2026-05-16T14:06:27.436+0000] {dag.py:3089} INFO - Sync 1 DAGs
[2026-05-16T14:06:27.440+0000] {logging_mixin.py:188} INFO - [2026-05-16T14:06:27.440+0000] {dag.py:3947} INFO - Setting next_dagrun for tutorial_dag to None, run_after=None
[2026-05-16T14:06:27.445+0000] {processor.py:183} INFO - Processing /home/airflow/.local/lib/python3.12/site-packages/airflow/example_dags/tutorial_dag.py took 0.022 seconds
[2026-05-16T14:06:57.958+0000] {processor.py:161} INFO - Started process (PID=23978) to work on /home/airflow/.local/lib/python3.12/site-packages/airflow/example_dags/tutorial_dag.py
[2026-05-16T14:06:57.959+0000] {processor.py:830} INFO - Processing file /home/airflow/.local/lib/python3.12/site-packages/airflow/example_dags/tutorial_dag.py for tasks to queue
[2026-05-16T14:06:57.960+0000] {logging_mixin.py:188} INFO - [2026-05-16T14:06:57.959+0000] {dagbag.py:545} INFO - Filling up the DagBag from /home/airflow/.local/lib/python3.12/site-packages/airflow/example_dags/tutorial_dag.py
[2026-05-16T14:06:57.962+0000] {processor.py:840} INFO - DAG(s) 'tutorial_dag' retrieved from /home/airflow/.local/lib/python3.12/site-packages/airflow/example_dags/tutorial_dag.py
[2026-05-16T14:06:57.969+0000] {logging_mixin.py:188} INFO - [2026-05-16T14:06:57.969+0000] {dag.py:3089} INFO - Sync 1 DAGs
[2026-05-16T14:06:57.974+0000] {logging_mixin.py:188} INFO - [2026-05-16T14:06:57.973+0000] {dag.py:3947} INFO - Setting next_dagrun for tutorial_dag to None, run_after=None
[2026-05-16T14:06:57.979+0000] {processor.py:183} INFO - Processing /home/airflow/.local/lib/python3.12/site-packages/airflow/example_dags/tutorial_dag.py took 0.023 seconds
[2026-05-16T14:07:28.435+0000] {processor.py:161} INFO - Started process (PID=24046) to work on /home/airflow/.local/lib/python3.12/site-packages/airflow/example_dags/tutorial_dag.py
[2026-05-16T14:07:28.435+0000] {processor.py:830} INFO - Processing file /home/airflow/.local/lib/python3.12/site-packages/airflow/example_dags/tutorial_dag.py for tasks to queue
[2026-05-16T14:07:28.436+0000] {logging_mixin.py:188} INFO - [2026-05-16T14:07:28.436+0000] {dagbag.py:545} INFO - Filling up the DagBag from /home/airflow/.local/lib/python3.12/site-packages/airflow/example_dags/tutorial_dag.py
[2026-05-16T14:07:28.438+0000] {processor.py:840} INFO - DAG(s) 'tutorial_dag' retrieved from /home/airflow/.local/lib/python3.12/site-packages/airflow/example_dags/tutorial_dag.py
[2026-05-16T14:07:28.445+0000] {logging_mixin.py:188} INFO - [2026-05-16T14:07:28.445+0000] {dag.py:3089} INFO - Sync 1 DAGs
[2026-05-16T14:07:28.449+0000] {logging_mixin.py:188} INFO - [2026-05-16T14:07:28.449+0000] {dag.py:3947} INFO - Setting next_dagrun for tutorial_dag to None, run_after=None
[2026-05-16T14:07:28.454+0000] {processor.py:183} INFO - Processing /home/airflow/.local/lib/python3.12/site-packages/airflow/example_dags/tutorial_dag.py took 0.024 seconds
[2026-05-16T14:07:58.829+0000] {processor.py:161} INFO - Started process (PID=24108) to work on /home/airflow/.local/lib/python3.12/site-packages/airflow/example_dags/tutorial_dag.py
[2026-05-16T14:07:58.829+0000] {processor.py:830} INFO - Processing file /home/airflow/.local/lib/python3.12/site-packages/airflow/example_dags/tutorial_dag.py for tasks to queue
[2026-05-16T14:07:58.829+0000] {logging_mixin.py:188} INFO - [2026-05-16T14:07:58.829+0000] {dagbag.py:545} INFO - Filling up the DagBag from /home/airflow/.local/lib/python3.12/site-packages/airflow/example_dags/tutorial_dag.py
[2026-05-16T14:07:58.831+0000] {processor.py:840} INFO - DAG(s) 'tutorial_dag' retrieved from /home/airflow/.local/lib/python3.12/site-packages/airflow/example_dags/tutorial_dag.py
[2026-05-16T14:07:58.839+0000] {logging_mixin.py:188} INFO - [2026-05-16T14:07:58.839+0000] {dag.py:3089} INFO - Sync 1 DAGs
[2026-05-16T14:07:58.843+0000] {logging_mixin.py:188} INFO - [2026-05-16T14:07:58.843+0000] {dag.py:3947} INFO - Setting next_dagrun for tutorial_dag to None, run_after=None
[2026-05-16T14:07:58.848+0000] {processor.py:183} INFO - Processing /home/airflow/.local/lib/python3.12/site-packages/airflow/example_dags/tutorial_dag.py took 0.021 seconds
[2026-05-16T14:08:29.211+0000] {processor.py:161} INFO - Started process (PID=24170) to work on /home/airflow/.local/lib/python3.12/site-packages/airflow/example_dags/tutorial_dag.py
[2026-05-16T14:08:29.212+0000] {processor.py:830} INFO - Processing file /home/airflow/.local/lib/python3.12/site-packages/airflow/example_dags/tutorial_dag.py for tasks to queue
[2026-05-16T14:08:29.212+0000] {logging_mixin.py:188} INFO - [2026-05-16T14:08:29.212+0000] {dagbag.py:545} INFO - Filling up the DagBag from /home/airflow/.local/lib/python3.12/site-packages/airflow/example_dags/tutorial_dag.py
[2026-05-16T14:08:29.214+0000] {processor.py:840} INFO - DAG(s) 'tutorial_dag' retrieved from /home/airflow/.local/lib/python3.12/site-packages/airflow/example_dags/tutorial_dag.py
[2026-05-16T14:08:29.221+0000] {logging_mixin.py:188} INFO - [2026-05-16T14:08:29.221+0000] {dag.py:3089} INFO - Sync 1 DAGs
[2026-05-16T14:08:29.225+0000] {logging_mixin.py:188} INFO - [2026-05-16T14:08:29.225+0000] {dag.py:3947} INFO - Setting next_dagrun for tutorial_dag to None, run_after=None
[2026-05-16T14:08:29.230+0000] {processor.py:183} INFO - Processing /home/airflow/.local/lib/python3.12/site-packages/airflow/example_dags/tutorial_dag.py took 0.021 seconds
[2026-05-16T14:08:59.663+0000] {processor.py:161} INFO - Started process (PID=24232) to work on /home/airflow/.local/lib/python3.12/site-packages/airflow/example_dags/tutorial_dag.py
[2026-05-16T14:08:59.664+0000] {processor.py:830} INFO - Processing file /home/airflow/.local/lib/python3.12/site-packages/airflow/example_dags/tutorial_dag.py for tasks to queue
[2026-05-16T14:08:59.664+0000] {logging_mixin.py:188} INFO - [2026-05-16T14:08:59.664+0000] {dagbag.py:545} INFO - Filling up the DagBag from /home/airflow/.local/lib/python3.12/site-packages/airflow/example_dags/tutorial_dag.py
[2026-05-16T14:08:59.667+0000] {processor.py:840} INFO - DAG(s) 'tutorial_dag' retrieved from /home/airflow/.local/lib/python3.12/site-packages/airflow/example_dags/tutorial_dag.py
[2026-05-16T14:08:59.678+0000] {logging_mixin.py:188} INFO - [2026-05-16T14:08:59.677+0000] {dag.py:3089} INFO - Sync 1 DAGs
[2026-05-16T14:08:59.683+0000] {logging_mixin.py:188} INFO - [2026-05-16T14:08:59.683+0000] {dag.py:3947} INFO - Setting next_dagrun for tutorial_dag to None, run_after=None
[2026-05-16T14:08:59.689+0000] {processor.py:183} INFO - Processing /home/airflow/.local/lib/python3.12/site-packages/airflow/example_dags/tutorial_dag.py took 0.029 seconds
[2026-05-16T14:09:30.259+0000] {processor.py:161} INFO - Started process (PID=24294) to work on /home/airflow/.local/lib/python3.12/site-packages/airflow/example_dags/tutorial_dag.py
[2026-05-16T14:09:30.259+0000] {processor.py:830} INFO - Processing file /home/airflow/.local/lib/python3.12/site-packages/airflow/example_dags/tutorial_dag.py for tasks to queue
[2026-05-16T14:09:30.260+0000] {logging_mixin.py:188} INFO - [2026-05-16T14:09:30.259+0000] {dagbag.py:545} INFO - Filling up the DagBag from /home/airflow/.local/lib/python3.12/site-packages/airflow/example_dags/tutorial_dag.py
[2026-05-16T14:09:30.262+0000] {processor.py:840} INFO - DAG(s) 'tutorial_dag' retrieved from /home/airflow/.local/lib/python3.12/site-packages/airflow/example_dags/tutorial_dag.py
[2026-05-16T14:09:30.271+0000] {logging_mixin.py:188} INFO - [2026-05-16T14:09:30.271+0000] {dag.py:3089} INFO - Sync 1 DAGs
[2026-05-16T14:09:30.275+0000] {logging_mixin.py:188} INFO - [2026-05-16T14:09:30.275+0000] {dag.py:3947} INFO - Setting next_dagrun for tutorial_dag to None, run_after=None
[2026-05-16T14:09:30.281+0000] {processor.py:183} INFO - Processing /home/airflow/.local/lib/python3.12/site-packages/airflow/example_dags/tutorial_dag.py took 0.024 seconds
[2026-05-16T14:10:00.853+0000] {processor.py:161} INFO - Started process (PID=24356) to work on /home/airflow/.local/lib/python3.12/site-packages/airflow/example_dags/tutorial_dag.py
[2026-05-16T14:10:00.853+0000] {processor.py:830} INFO - Processing file /home/airflow/.local/lib/python3.12/site-packages/airflow/example_dags/tutorial_dag.py for tasks to queue
[2026-05-16T14:10:00.854+0000] {logging_mixin.py:188} INFO - [2026-05-16T14:10:00.854+0000] {dagbag.py:545} INFO - Filling up the DagBag from /home/airflow/.local/lib/python3.12/site-packages/airflow/example_dags/tutorial_dag.py
[2026-05-16T14:10:00.856+0000] {processor.py:840} INFO - DAG(s) 'tutorial_dag' retrieved from /home/airflow/.local/lib/python3.12/site-packages/airflow/example_dags/tutorial_dag.py
[2026-05-16T14:10:00.864+0000] {logging_mixin.py:188} INFO - [2026-05-16T14:10:00.864+0000] {dag.py:3089} INFO - Sync 1 DAGs
[2026-05-16T14:10:00.868+0000] {logging_mixin.py:188} INFO - [2026-05-16T14:10:00.868+0000] {dag.py:3947} INFO - Setting next_dagrun for tutorial_dag to None, run_after=None
[2026-05-16T14:10:00.873+0000] {processor.py:183} INFO - Processing /home/airflow/.local/lib/python3.12/site-packages/airflow/example_dags/tutorial_dag.py took 0.022 seconds
[2026-05-16T14:10:31.323+0000] {processor.py:161} INFO - Started process (PID=24418) to work on /home/airflow/.local/lib/python3.12/site-packages/airflow/example_dags/tutorial_dag.py
[2026-05-16T14:10:31.323+0000] {processor.py:830} INFO - Processing file /home/airflow/.local/lib/python3.12/site-packages/airflow/example_dags/tutorial_dag.py for tasks to queue
[2026-05-16T14:10:31.324+0000] {logging_mixin.py:188} INFO - [2026-05-16T14:10:31.323+0000] {dagbag.py:545} INFO - Filling up the DagBag from /home/airflow/.local/lib/python3.12/site-packages/airflow/example_dags/tutorial_dag.py
[2026-05-16T14:10:31.326+0000] {processor.py:840} INFO - DAG(s) 'tutorial_dag' retrieved from /home/airflow/.local/lib/python3.12/site-packages/airflow/example_dags/tutorial_dag.py
[2026-05-16T14:10:31.334+0000] {logging_mixin.py:188} INFO - [2026-05-16T14:10:31.334+0000] {dag.py:3089} INFO - Sync 1 DAGs
[2026-05-16T14:10:31.339+0000] {logging_mixin.py:188} INFO - [2026-05-16T14:10:31.339+0000] {dag.py:3947} INFO - Setting next_dagrun for tutorial_dag to None, run_after=None
[2026-05-16T14:10:31.344+0000] {processor.py:183} INFO - Processing /home/airflow/.local/lib/python3.12/site-packages/airflow/example_dags/tutorial_dag.py took 0.023 seconds
[2026-05-16T14:11:01.714+0000] {processor.py:161} INFO - Started process (PID=24480) to work on /home/airflow/.local/lib/python3.12/site-packages/airflow/example_dags/tutorial_dag.py
[2026-05-16T14:11:01.715+0000] {processor.py:830} INFO - Processing file /home/airflow/.local/lib/python3.12/site-packages/airflow/example_dags/tutorial_dag.py for tasks to queue
[2026-05-16T14:11:01.715+0000] {logging_mixin.py:188} INFO - [2026-05-16T14:11:01.715+0000] {dagbag.py:545} INFO - Filling up the DagBag from /home/airflow/.local/lib/python3.12/site-packages/airflow/example_dags/tutorial_dag.py
[2026-05-16T14:11:01.717+0000] {processor.py:840} INFO - DAG(s) 'tutorial_dag' retrieved from /home/airflow/.local/lib/python3.12/site-packages/airflow/example_dags/tutorial_dag.py
[2026-05-16T14:11:01.725+0000] {logging_mixin.py:188} INFO - [2026-05-16T14:11:01.725+0000] {dag.py:3089} INFO - Sync 1 DAGs
[2026-05-16T14:11:01.730+0000] {logging_mixin.py:188} INFO - [2026-05-16T14:11:01.730+0000] {dag.py:3947} INFO - Setting next_dagrun for tutorial_dag to None, run_after=None
[2026-05-16T14:11:01.735+0000] {processor.py:183} INFO - Processing /home/airflow/.local/lib/python3.12/site-packages/airflow/example_dags/tutorial_dag.py took 0.023 seconds
[2026-05-16T14:11:32.135+0000] {processor.py:161} INFO - Started process (PID=24542) to work on /home/airflow/.local/lib/python3.12/site-packages/airflow/example_dags/tutorial_dag.py
[2026-05-16T14:11:32.135+0000] {processor.py:830} INFO - Processing file /home/airflow/.local/lib/python3.12/site-packages/airflow/example_dags/tutorial_dag.py for tasks to queue
[2026-05-16T14:11:32.136+0000] {logging_mixin.py:188} INFO - [2026-05-16T14:11:32.136+0000] {dagbag.py:545} INFO - Filling up the DagBag from /home/airflow/.local/lib/python3.12/site-packages/airflow/example_dags/tutorial_dag.py
[2026-05-16T14:11:32.138+0000] {processor.py:840} INFO - DAG(s) 'tutorial_dag' retrieved from /home/airflow/.local/lib/python3.12/site-packages/airflow/example_dags/tutorial_dag.py
[2026-05-16T14:11:32.146+0000] {logging_mixin.py:188} INFO - [2026-05-16T14:11:32.146+0000] {dag.py:3089} INFO - Sync 1 DAGs
[2026-05-16T14:11:32.151+0000] {logging_mixin.py:188} INFO - [2026-05-16T14:11:32.151+0000] {dag.py:3947} INFO - Setting next_dagrun for tutorial_dag to None, run_after=None
[2026-05-16T14:11:32.156+0000] {processor.py:183} INFO - Processing /home/airflow/.local/lib/python3.12/site-packages/airflow/example_dags/tutorial_dag.py took 0.024 seconds
[2026-05-16T14:12:02.646+0000] {processor.py:161} INFO - Started process (PID=24604) to work on /home/airflow/.local/lib/python3.12/site-packages/airflow/example_dags/tutorial_dag.py
[2026-05-16T14:12:02.647+0000] {processor.py:830} INFO - Processing file /home/airflow/.local/lib/python3.12/site-packages/airflow/example_dags/tutorial_dag.py for tasks to queue
[2026-05-16T14:12:02.647+0000] {logging_mixin.py:188} INFO - [2026-05-16T14:12:02.647+0000] {dagbag.py:545} INFO - Filling up the DagBag from /home/airflow/.local/lib/python3.12/site-packages/airflow/example_dags/tutorial_dag.py
[2026-05-16T14:12:02.650+0000] {processor.py:840} INFO - DAG(s) 'tutorial_dag' retrieved from /home/airflow/.local/lib/python3.12/site-packages/airflow/example_dags/tutorial_dag.py
[2026-05-16T14:12:02.658+0000] {logging_mixin.py:188} INFO - [2026-05-16T14:12:02.658+0000] {dag.py:3089} INFO - Sync 1 DAGs
[2026-05-16T14:12:02.663+0000] {logging_mixin.py:188} INFO - [2026-05-16T14:12:02.663+0000] {dag.py:3947} INFO - Setting next_dagrun for tutorial_dag to None, run_after=None
[2026-05-16T14:12:02.668+0000] {processor.py:183} INFO - Processing /home/airflow/.local/lib/python3.12/site-packages/airflow/example_dags/tutorial_dag.py took 0.024 seconds
[2026-05-16T14:12:33.079+0000] {processor.py:161} INFO - Started process (PID=24666) to work on /home/airflow/.local/lib/python3.12/site-packages/airflow/example_dags/tutorial_dag.py
[2026-05-16T14:12:33.080+0000] {processor.py:830} INFO - Processing file /home/airflow/.local/lib/python3.12/site-packages/airflow/example_dags/tutorial_dag.py for tasks to queue
[2026-05-16T14:12:33.080+0000] {logging_mixin.py:188} INFO - [2026-05-16T14:12:33.080+0000] {dagbag.py:545} INFO - Filling up the DagBag from /home/airflow/.local/lib/python3.12/site-packages/airflow/example_dags/tutorial_dag.py
[2026-05-16T14:12:33.082+0000] {processor.py:840} INFO - DAG(s) 'tutorial_dag' retrieved from /home/airflow/.local/lib/python3.12/site-packages/airflow/example_dags/tutorial_dag.py
[2026-05-16T14:12:33.089+0000] {logging_mixin.py:188} INFO - [2026-05-16T14:12:33.089+0000] {dag.py:3089} INFO - Sync 1 DAGs
[2026-05-16T14:12:33.093+0000] {logging_mixin.py:188} INFO - [2026-05-16T14:12:33.093+0000] {dag.py:3947} INFO - Setting next_dagrun for tutorial_dag to None, run_after=None
[2026-05-16T14:12:33.101+0000] {processor.py:183} INFO - Processing /home/airflow/.local/lib/python3.12/site-packages/airflow/example_dags/tutorial_dag.py took 0.024 seconds
[2026-05-16T14:13:03.580+0000] {processor.py:161} INFO - Started process (PID=24728) to work on /home/airflow/.local/lib/python3.12/site-packages/airflow/example_dags/tutorial_dag.py
[2026-05-16T14:13:03.581+0000] {processor.py:830} INFO - Processing file /home/airflow/.local/lib/python3.12/site-packages/airflow/example_dags/tutorial_dag.py for tasks to queue
[2026-05-16T14:13:03.581+0000] {logging_mixin.py:188} INFO - [2026-05-16T14:13:03.581+0000] {dagbag.py:545} INFO - Filling up the DagBag from /home/airflow/.local/lib/python3.12/site-packages/airflow/example_dags/tutorial_dag.py
[2026-05-16T14:13:03.584+0000] {processor.py:840} INFO - DAG(s) 'tutorial_dag' retrieved from /home/airflow/.local/lib/python3.12/site-packages/airflow/example_dags/tutorial_dag.py
[2026-05-16T14:13:03.593+0000] {logging_mixin.py:188} INFO - [2026-05-16T14:13:03.593+0000] {dag.py:3089} INFO - Sync 1 DAGs
[2026-05-16T14:13:03.599+0000] {logging_mixin.py:188} INFO - [2026-05-16T14:13:03.599+0000] {dag.py:3947} INFO - Setting next_dagrun for tutorial_dag to None, run_after=None
[2026-05-16T14:13:03.605+0000] {processor.py:183} INFO - Processing /home/airflow/.local/lib/python3.12/site-packages/airflow/example_dags/tutorial_dag.py took 0.027 seconds
[2026-05-16T14:13:34.153+0000] {processor.py:161} INFO - Started process (PID=24789) to work on /home/airflow/.local/lib/python3.12/site-packages/airflow/example_dags/tutorial_dag.py
[2026-05-16T14:13:34.154+0000] {processor.py:830} INFO - Processing file /home/airflow/.local/lib/python3.12/site-packages/airflow/example_dags/tutorial_dag.py for tasks to queue
[2026-05-16T14:13:34.154+0000] {logging_mixin.py:188} INFO - [2026-05-16T14:13:34.154+0000] {dagbag.py:545} INFO - Filling up the DagBag from /home/airflow/.local/lib/python3.12/site-packages/airflow/example_dags/tutorial_dag.py
[2026-05-16T14:13:34.156+0000] {processor.py:840} INFO - DAG(s) 'tutorial_dag' retrieved from /home/airflow/.local/lib/python3.12/site-packages/airflow/example_dags/tutorial_dag.py
[2026-05-16T14:13:34.164+0000] {logging_mixin.py:188} INFO - [2026-05-16T14:13:34.164+0000] {dag.py:3089} INFO - Sync 1 DAGs
[2026-05-16T14:13:34.169+0000] {logging_mixin.py:188} INFO - [2026-05-16T14:13:34.169+0000] {dag.py:3947} INFO - Setting next_dagrun for tutorial_dag to None, run_after=None
[2026-05-16T14:13:34.174+0000] {processor.py:183} INFO - Processing /home/airflow/.local/lib/python3.12/site-packages/airflow/example_dags/tutorial_dag.py took 0.023 seconds
[2026-05-16T14:14:04.993+0000] {processor.py:161} INFO - Started process (PID=24851) to work on /home/airflow/.local/lib/python3.12/site-packages/airflow/example_dags/tutorial_dag.py
[2026-05-16T14:14:04.994+0000] {processor.py:830} INFO - Processing file /home/airflow/.local/lib/python3.12/site-packages/airflow/example_dags/tutorial_dag.py for tasks to queue
[2026-05-16T14:14:04.994+0000] {logging_mixin.py:188} INFO - [2026-05-16T14:14:04.994+0000] {dagbag.py:545} INFO - Filling up the DagBag from /home/airflow/.local/lib/python3.12/site-packages/airflow/example_dags/tutorial_dag.py
[2026-05-16T14:14:04.996+0000] {processor.py:840} INFO - DAG(s) 'tutorial_dag' retrieved from /home/airflow/.local/lib/python3.12/site-packages/airflow/example_dags/tutorial_dag.py
[2026-05-16T14:14:05.005+0000] {logging_mixin.py:188} INFO - [2026-05-16T14:14:05.005+0000] {dag.py:3089} INFO - Sync 1 DAGs
[2026-05-16T14:14:05.011+0000] {logging_mixin.py:188} INFO - [2026-05-16T14:14:05.011+0000] {dag.py:3947} INFO - Setting next_dagrun for tutorial_dag to None, run_after=None
[2026-05-16T14:14:05.016+0000] {processor.py:183} INFO - Processing /home/airflow/.local/lib/python3.12/site-packages/airflow/example_dags/tutorial_dag.py took 0.025 seconds
[2026-05-16T14:14:35.458+0000] {processor.py:161} INFO - Started process (PID=24913) to work on /home/airflow/.local/lib/python3.12/site-packages/airflow/example_dags/tutorial_dag.py
[2026-05-16T14:14:35.458+0000] {processor.py:830} INFO - Processing file /home/airflow/.local/lib/python3.12/site-packages/airflow/example_dags/tutorial_dag.py for tasks to queue
[2026-05-16T14:14:35.458+0000] {logging_mixin.py:188} INFO - [2026-05-16T14:14:35.458+0000] {dagbag.py:545} INFO - Filling up the DagBag from /home/airflow/.local/lib/python3.12/site-packages/airflow/example_dags/tutorial_dag.py
[2026-05-16T14:14:35.460+0000] {processor.py:840} INFO - DAG(s) 'tutorial_dag' retrieved from /home/airflow/.local/lib/python3.12/site-packages/airflow/example_dags/tutorial_dag.py
[2026-05-16T14:14:35.470+0000] {logging_mixin.py:188} INFO - [2026-05-16T14:14:35.470+0000] {dag.py:3089} INFO - Sync 1 DAGs
[2026-05-16T14:14:35.474+0000] {logging_mixin.py:188} INFO - [2026-05-16T14:14:35.474+0000] {dag.py:3947} INFO - Setting next_dagrun for tutorial_dag to None, run_after=None
[2026-05-16T14:14:35.481+0000] {processor.py:183} INFO - Processing /home/airflow/.local/lib/python3.12/site-packages/airflow/example_dags/tutorial_dag.py took 0.026 seconds
[2026-05-16T14:15:05.934+0000] {processor.py:161} INFO - Started process (PID=24975) to work on /home/airflow/.local/lib/python3.12/site-packages/airflow/example_dags/tutorial_dag.py
[2026-05-16T14:15:05.935+0000] {processor.py:830} INFO - Processing file /home/airflow/.local/lib/python3.12/site-packages/airflow/example_dags/tutorial_dag.py for tasks to queue
[2026-05-16T14:15:05.935+0000] {logging_mixin.py:188} INFO - [2026-05-16T14:15:05.935+0000] {dagbag.py:545} INFO - Filling up the DagBag from /home/airflow/.local/lib/python3.12/site-packages/airflow/example_dags/tutorial_dag.py
[2026-05-16T14:15:05.937+0000] {processor.py:840} INFO - DAG(s) 'tutorial_dag' retrieved from /home/airflow/.local/lib/python3.12/site-packages/airflow/example_dags/tutorial_dag.py
[2026-05-16T14:15:05.946+0000] {logging_mixin.py:188} INFO - [2026-05-16T14:15:05.946+0000] {dag.py:3089} INFO - Sync 1 DAGs
[2026-05-16T14:15:05.950+0000] {logging_mixin.py:188} INFO - [2026-05-16T14:15:05.950+0000] {dag.py:3947} INFO - Setting next_dagrun for tutorial_dag to None, run_after=None
[2026-05-16T14:15:05.954+0000] {processor.py:183} INFO - Processing /home/airflow/.local/lib/python3.12/site-packages/airflow/example_dags/tutorial_dag.py took 0.022 seconds
[2026-05-16T14:15:36.925+0000] {processor.py:161} INFO - Started process (PID=25037) to work on /home/airflow/.local/lib/python3.12/site-packages/airflow/example_dags/tutorial_dag.py
[2026-05-16T14:15:36.925+0000] {processor.py:830} INFO - Processing file /home/airflow/.local/lib/python3.12/site-packages/airflow/example_dags/tutorial_dag.py for tasks to queue
[2026-05-16T14:15:36.926+0000] {logging_mixin.py:188} INFO - [2026-05-16T14:15:36.926+0000] {dagbag.py:545} INFO - Filling up the DagBag from /home/airflow/.local/lib/python3.12/site-packages/airflow/example_dags/tutorial_dag.py
[2026-05-16T14:15:36.928+0000] {processor.py:840} INFO - DAG(s) 'tutorial_dag' retrieved from /home/airflow/.local/lib/python3.12/site-packages/airflow/example_dags/tutorial_dag.py
[2026-05-16T14:15:36.936+0000] {logging_mixin.py:188} INFO - [2026-05-16T14:15:36.936+0000] {dag.py:3089} INFO - Sync 1 DAGs
[2026-05-16T14:15:36.940+0000] {logging_mixin.py:188} INFO - [2026-05-16T14:15:36.940+0000] {dag.py:3947} INFO - Setting next_dagrun for tutorial_dag to None, run_after=None
[2026-05-16T14:15:36.947+0000] {processor.py:183} INFO - Processing /home/airflow/.local/lib/python3.12/site-packages/airflow/example_dags/tutorial_dag.py took 0.025 seconds
[2026-05-16T14:27:56.488+0000] {processor.py:161} INFO - Started process (PID=25093) to work on /home/airflow/.local/lib/python3.12/site-packages/airflow/example_dags/tutorial_dag.py
[2026-05-16T14:27:56.488+0000] {processor.py:830} INFO - Processing file /home/airflow/.local/lib/python3.12/site-packages/airflow/example_dags/tutorial_dag.py for tasks to queue
[2026-05-16T14:27:56.489+0000] {logging_mixin.py:188} INFO - [2026-05-16T14:27:56.489+0000] {dagbag.py:545} INFO - Filling up the DagBag from /home/airflow/.local/lib/python3.12/site-packages/airflow/example_dags/tutorial_dag.py
[2026-05-16T14:27:56.491+0000] {processor.py:840} INFO - DAG(s) 'tutorial_dag' retrieved from /home/airflow/.local/lib/python3.12/site-packages/airflow/example_dags/tutorial_dag.py
[2026-05-16T14:27:56.499+0000] {logging_mixin.py:188} INFO - [2026-05-16T14:27:56.499+0000] {dag.py:3089} INFO - Sync 1 DAGs
[2026-05-16T14:27:56.504+0000] {logging_mixin.py:188} INFO - [2026-05-16T14:27:56.504+0000] {dag.py:3947} INFO - Setting next_dagrun for tutorial_dag to None, run_after=None
[2026-05-16T14:27:56.509+0000] {processor.py:183} INFO - Processing /home/airflow/.local/lib/python3.12/site-packages/airflow/example_dags/tutorial_dag.py took 0.024 seconds
[2026-05-16T14:28:26.779+0000] {processor.py:161} INFO - Started process (PID=25154) to work on /home/airflow/.local/lib/python3.12/site-packages/airflow/example_dags/tutorial_dag.py
[2026-05-16T14:28:26.780+0000] {processor.py:830} INFO - Processing file /home/airflow/.local/lib/python3.12/site-packages/airflow/example_dags/tutorial_dag.py for tasks to queue
[2026-05-16T14:28:26.780+0000] {logging_mixin.py:188} INFO - [2026-05-16T14:28:26.780+0000] {dagbag.py:545} INFO - Filling up the DagBag from /home/airflow/.local/lib/python3.12/site-packages/airflow/example_dags/tutorial_dag.py
[2026-05-16T14:28:26.782+0000] {processor.py:840} INFO - DAG(s) 'tutorial_dag' retrieved from /home/airflow/.local/lib/python3.12/site-packages/airflow/example_dags/tutorial_dag.py
[2026-05-16T14:28:26.790+0000] {logging_mixin.py:188} INFO - [2026-05-16T14:28:26.790+0000] {dag.py:3089} INFO - Sync 1 DAGs
[2026-05-16T14:28:26.795+0000] {logging_mixin.py:188} INFO - [2026-05-16T14:28:26.795+0000] {dag.py:3947} INFO - Setting next_dagrun for tutorial_dag to None, run_after=None
[2026-05-16T14:28:26.872+0000] {processor.py:183} INFO - Processing /home/airflow/.local/lib/python3.12/site-packages/airflow/example_dags/tutorial_dag.py took 0.095 seconds
[2026-05-16T14:28:57.182+0000] {processor.py:161} INFO - Started process (PID=25216) to work on /home/airflow/.local/lib/python3.12/site-packages/airflow/example_dags/tutorial_dag.py
[2026-05-16T14:28:57.182+0000] {processor.py:830} INFO - Processing file /home/airflow/.local/lib/python3.12/site-packages/airflow/example_dags/tutorial_dag.py for tasks to queue
[2026-05-16T14:28:57.183+0000] {logging_mixin.py:188} INFO - [2026-05-16T14:28:57.183+0000] {dagbag.py:545} INFO - Filling up the DagBag from /home/airflow/.local/lib/python3.12/site-packages/airflow/example_dags/tutorial_dag.py
[2026-05-16T14:28:57.185+0000] {processor.py:840} INFO - DAG(s) 'tutorial_dag' retrieved from /home/airflow/.local/lib/python3.12/site-packages/airflow/example_dags/tutorial_dag.py
[2026-05-16T14:28:57.193+0000] {logging_mixin.py:188} INFO - [2026-05-16T14:28:57.193+0000] {dag.py:3089} INFO - Sync 1 DAGs
[2026-05-16T14:28:57.198+0000] {logging_mixin.py:188} INFO - [2026-05-16T14:28:57.198+0000] {dag.py:3947} INFO - Setting next_dagrun for tutorial_dag to None, run_after=None
[2026-05-16T14:28:57.277+0000] {processor.py:183} INFO - Processing /home/airflow/.local/lib/python3.12/site-packages/airflow/example_dags/tutorial_dag.py took 0.097 seconds
[2026-05-16T14:29:27.696+0000] {processor.py:161} INFO - Started process (PID=25284) to work on /home/airflow/.local/lib/python3.12/site-packages/airflow/example_dags/tutorial_dag.py
[2026-05-16T14:29:27.697+0000] {processor.py:830} INFO - Processing file /home/airflow/.local/lib/python3.12/site-packages/airflow/example_dags/tutorial_dag.py for tasks to queue
[2026-05-16T14:29:27.697+0000] {logging_mixin.py:188} INFO - [2026-05-16T14:29:27.697+0000] {dagbag.py:545} INFO - Filling up the DagBag from /home/airflow/.local/lib/python3.12/site-packages/airflow/example_dags/tutorial_dag.py
[2026-05-16T14:29:27.700+0000] {processor.py:840} INFO - DAG(s) 'tutorial_dag' retrieved from /home/airflow/.local/lib/python3.12/site-packages/airflow/example_dags/tutorial_dag.py
[2026-05-16T14:29:27.708+0000] {logging_mixin.py:188} INFO - [2026-05-16T14:29:27.708+0000] {dag.py:3089} INFO - Sync 1 DAGs
[2026-05-16T14:29:27.713+0000] {logging_mixin.py:188} INFO - [2026-05-16T14:29:27.713+0000] {dag.py:3947} INFO - Setting next_dagrun for tutorial_dag to None, run_after=None
[2026-05-16T14:29:27.793+0000] {processor.py:183} INFO - Processing /home/airflow/.local/lib/python3.12/site-packages/airflow/example_dags/tutorial_dag.py took 0.099 seconds
[2026-05-16T14:29:58.558+0000] {processor.py:161} INFO - Started process (PID=25345) to work on /home/airflow/.local/lib/python3.12/site-packages/airflow/example_dags/tutorial_dag.py
[2026-05-16T14:29:58.558+0000] {processor.py:830} INFO - Processing file /home/airflow/.local/lib/python3.12/site-packages/airflow/example_dags/tutorial_dag.py for tasks to queue
[2026-05-16T14:29:58.558+0000] {logging_mixin.py:188} INFO - [2026-05-16T14:29:58.558+0000] {dagbag.py:545} INFO - Filling up the DagBag from /home/airflow/.local/lib/python3.12/site-packages/airflow/example_dags/tutorial_dag.py
[2026-05-16T14:29:58.560+0000] {processor.py:840} INFO - DAG(s) 'tutorial_dag' retrieved from /home/airflow/.local/lib/python3.12/site-packages/airflow/example_dags/tutorial_dag.py
[2026-05-16T14:29:58.570+0000] {logging_mixin.py:188} INFO - [2026-05-16T14:29:58.570+0000] {dag.py:3089} INFO - Sync 1 DAGs
[2026-05-16T14:29:58.575+0000] {logging_mixin.py:188} INFO - [2026-05-16T14:29:58.574+0000] {dag.py:3947} INFO - Setting next_dagrun for tutorial_dag to None, run_after=None
[2026-05-16T14:29:58.579+0000] {processor.py:183} INFO - Processing /home/airflow/.local/lib/python3.12/site-packages/airflow/example_dags/tutorial_dag.py took 0.024 seconds
[2026-05-16T14:30:29.044+0000] {processor.py:161} INFO - Started process (PID=25407) to work on /home/airflow/.local/lib/python3.12/site-packages/airflow/example_dags/tutorial_dag.py
[2026-05-16T14:30:29.045+0000] {processor.py:830} INFO - Processing file /home/airflow/.local/lib/python3.12/site-packages/airflow/example_dags/tutorial_dag.py for tasks to queue
[2026-05-16T14:30:29.045+0000] {logging_mixin.py:188} INFO - [2026-05-16T14:30:29.045+0000] {dagbag.py:545} INFO - Filling up the DagBag from /home/airflow/.local/lib/python3.12/site-packages/airflow/example_dags/tutorial_dag.py
[2026-05-16T14:30:29.048+0000] {processor.py:840} INFO - DAG(s) 'tutorial_dag' retrieved from /home/airflow/.local/lib/python3.12/site-packages/airflow/example_dags/tutorial_dag.py
[2026-05-16T14:30:29.055+0000] {logging_mixin.py:188} INFO - [2026-05-16T14:30:29.055+0000] {dag.py:3089} INFO - Sync 1 DAGs
[2026-05-16T14:30:29.059+0000] {logging_mixin.py:188} INFO - [2026-05-16T14:30:29.059+0000] {dag.py:3947} INFO - Setting next_dagrun for tutorial_dag to None, run_after=None
[2026-05-16T14:30:29.064+0000] {processor.py:183} INFO - Processing /home/airflow/.local/lib/python3.12/site-packages/airflow/example_dags/tutorial_dag.py took 0.022 seconds
[2026-05-16T14:30:59.455+0000] {processor.py:161} INFO - Started process (PID=25469) to work on /home/airflow/.local/lib/python3.12/site-packages/airflow/example_dags/tutorial_dag.py
[2026-05-16T14:30:59.456+0000] {processor.py:830} INFO - Processing file /home/airflow/.local/lib/python3.12/site-packages/airflow/example_dags/tutorial_dag.py for tasks to queue
[2026-05-16T14:30:59.456+0000] {logging_mixin.py:188} INFO - [2026-05-16T14:30:59.456+0000] {dagbag.py:545} INFO - Filling up the DagBag from /home/airflow/.local/lib/python3.12/site-packages/airflow/example_dags/tutorial_dag.py
[2026-05-16T14:30:59.459+0000] {processor.py:840} INFO - DAG(s) 'tutorial_dag' retrieved from /home/airflow/.local/lib/python3.12/site-packages/airflow/example_dags/tutorial_dag.py
[2026-05-16T14:30:59.467+0000] {logging_mixin.py:188} INFO - [2026-05-16T14:30:59.467+0000] {dag.py:3089} INFO - Sync 1 DAGs
[2026-05-16T14:30:59.472+0000] {logging_mixin.py:188} INFO - [2026-05-16T14:30:59.472+0000] {dag.py:3947} INFO - Setting next_dagrun for tutorial_dag to None, run_after=None
[2026-05-16T14:30:59.477+0000] {processor.py:183} INFO - Processing /home/airflow/.local/lib/python3.12/site-packages/airflow/example_dags/tutorial_dag.py took 0.024 seconds
[2026-05-16T14:31:29.977+0000] {processor.py:161} INFO - Started process (PID=25530) to work on /home/airflow/.local/lib/python3.12/site-packages/airflow/example_dags/tutorial_dag.py
[2026-05-16T14:31:29.977+0000] {processor.py:830} INFO - Processing file /home/airflow/.local/lib/python3.12/site-packages/airflow/example_dags/tutorial_dag.py for tasks to queue
[2026-05-16T14:31:29.977+0000] {logging_mixin.py:188} INFO - [2026-05-16T14:31:29.977+0000] {dagbag.py:545} INFO - Filling up the DagBag from /home/airflow/.local/lib/python3.12/site-packages/airflow/example_dags/tutorial_dag.py
[2026-05-16T14:31:29.980+0000] {processor.py:840} INFO - DAG(s) 'tutorial_dag' retrieved from /home/airflow/.local/lib/python3.12/site-packages/airflow/example_dags/tutorial_dag.py
[2026-05-16T14:31:29.987+0000] {logging_mixin.py:188} INFO - [2026-05-16T14:31:29.987+0000] {dag.py:3089} INFO - Sync 1 DAGs
[2026-05-16T14:31:29.991+0000] {logging_mixin.py:188} INFO - [2026-05-16T14:31:29.991+0000] {dag.py:3947} INFO - Setting next_dagrun for tutorial_dag to None, run_after=None
[2026-05-16T14:31:29.996+0000] {processor.py:183} INFO - Processing /home/airflow/.local/lib/python3.12/site-packages/airflow/example_dags/tutorial_dag.py took 0.022 seconds
[2026-05-16T14:32:00.312+0000] {processor.py:161} INFO - Started process (PID=25592) to work on /home/airflow/.local/lib/python3.12/site-packages/airflow/example_dags/tutorial_dag.py
[2026-05-16T14:32:00.312+0000] {processor.py:830} INFO - Processing file /home/airflow/.local/lib/python3.12/site-packages/airflow/example_dags/tutorial_dag.py for tasks to queue
[2026-05-16T14:32:00.312+0000] {logging_mixin.py:188} INFO - [2026-05-16T14:32:00.312+0000] {dagbag.py:545} INFO - Filling up the DagBag from /home/airflow/.local/lib/python3.12/site-packages/airflow/example_dags/tutorial_dag.py
[2026-05-16T14:32:00.314+0000] {processor.py:840} INFO - DAG(s) 'tutorial_dag' retrieved from /home/airflow/.local/lib/python3.12/site-packages/airflow/example_dags/tutorial_dag.py
[2026-05-16T14:32:00.323+0000] {logging_mixin.py:188} INFO - [2026-05-16T14:32:00.323+0000] {dag.py:3089} INFO - Sync 1 DAGs
[2026-05-16T14:32:00.328+0000] {logging_mixin.py:188} INFO - [2026-05-16T14:32:00.328+0000] {dag.py:3947} INFO - Setting next_dagrun for tutorial_dag to None, run_after=None
[2026-05-16T14:32:00.332+0000] {processor.py:183} INFO - Processing /home/airflow/.local/lib/python3.12/site-packages/airflow/example_dags/tutorial_dag.py took 0.023 seconds
[2026-05-16T14:32:30.764+0000] {processor.py:161} INFO - Started process (PID=25654) to work on /home/airflow/.local/lib/python3.12/site-packages/airflow/example_dags/tutorial_dag.py
[2026-05-16T14:32:30.765+0000] {processor.py:830} INFO - Processing file /home/airflow/.local/lib/python3.12/site-packages/airflow/example_dags/tutorial_dag.py for tasks to queue
[2026-05-16T14:32:30.765+0000] {logging_mixin.py:188} INFO - [2026-05-16T14:32:30.765+0000] {dagbag.py:545} INFO - Filling up the DagBag from /home/airflow/.local/lib/python3.12/site-packages/airflow/example_dags/tutorial_dag.py
[2026-05-16T14:32:30.768+0000] {processor.py:840} INFO - DAG(s) 'tutorial_dag' retrieved from /home/airflow/.local/lib/python3.12/site-packages/airflow/example_dags/tutorial_dag.py
[2026-05-16T14:32:30.776+0000] {logging_mixin.py:188} INFO - [2026-05-16T14:32:30.776+0000] {dag.py:3089} INFO - Sync 1 DAGs
[2026-05-16T14:32:30.781+0000] {logging_mixin.py:188} INFO - [2026-05-16T14:32:30.781+0000] {dag.py:3947} INFO - Setting next_dagrun for tutorial_dag to None, run_after=None
[2026-05-16T14:32:30.786+0000] {processor.py:183} INFO - Processing /home/airflow/.local/lib/python3.12/site-packages/airflow/example_dags/tutorial_dag.py took 0.026 seconds
[2026-05-16T14:33:01.162+0000] {processor.py:161} INFO - Started process (PID=25716) to work on /home/airflow/.local/lib/python3.12/site-packages/airflow/example_dags/tutorial_dag.py
[2026-05-16T14:33:01.163+0000] {processor.py:830} INFO - Processing file /home/airflow/.local/lib/python3.12/site-packages/airflow/example_dags/tutorial_dag.py for tasks to queue
[2026-05-16T14:33:01.163+0000] {logging_mixin.py:188} INFO - [2026-05-16T14:33:01.163+0000] {dagbag.py:545} INFO - Filling up the DagBag from /home/airflow/.local/lib/python3.12/site-packages/airflow/example_dags/tutorial_dag.py
[2026-05-16T14:33:01.165+0000] {processor.py:840} INFO - DAG(s) 'tutorial_dag' retrieved from /home/airflow/.local/lib/python3.12/site-packages/airflow/example_dags/tutorial_dag.py
[2026-05-16T14:33:01.175+0000] {logging_mixin.py:188} INFO - [2026-05-16T14:33:01.175+0000] {dag.py:3089} INFO - Sync 1 DAGs
[2026-05-16T14:33:01.181+0000] {logging_mixin.py:188} INFO - [2026-05-16T14:33:01.181+0000] {dag.py:3947} INFO - Setting next_dagrun for tutorial_dag to None, run_after=None
[2026-05-16T14:33:01.186+0000] {processor.py:183} INFO - Processing /home/airflow/.local/lib/python3.12/site-packages/airflow/example_dags/tutorial_dag.py took 0.026 seconds
[2026-05-16T14:33:31.608+0000] {processor.py:161} INFO - Started process (PID=25778) to work on /home/airflow/.local/lib/python3.12/site-packages/airflow/example_dags/tutorial_dag.py
[2026-05-16T14:33:31.608+0000] {processor.py:830} INFO - Processing file /home/airflow/.local/lib/python3.12/site-packages/airflow/example_dags/tutorial_dag.py for tasks to queue
[2026-05-16T14:33:31.609+0000] {logging_mixin.py:188} INFO - [2026-05-16T14:33:31.609+0000] {dagbag.py:545} INFO - Filling up the DagBag from /home/airflow/.local/lib/python3.12/site-packages/airflow/example_dags/tutorial_dag.py
[2026-05-16T14:33:31.612+0000] {processor.py:840} INFO - DAG(s) 'tutorial_dag' retrieved from /home/airflow/.local/lib/python3.12/site-packages/airflow/example_dags/tutorial_dag.py
[2026-05-16T14:33:31.621+0000] {logging_mixin.py:188} INFO - [2026-05-16T14:33:31.621+0000] {dag.py:3089} INFO - Sync 1 DAGs
[2026-05-16T14:33:31.627+0000] {logging_mixin.py:188} INFO - [2026-05-16T14:33:31.627+0000] {dag.py:3947} INFO - Setting next_dagrun for tutorial_dag to None, run_after=None
[2026-05-16T14:33:31.633+0000] {processor.py:183} INFO - Processing /home/airflow/.local/lib/python3.12/site-packages/airflow/example_dags/tutorial_dag.py took 0.028 seconds
[2026-05-16T14:34:02.029+0000] {processor.py:161} INFO - Started process (PID=25840) to work on /home/airflow/.local/lib/python3.12/site-packages/airflow/example_dags/tutorial_dag.py
[2026-05-16T14:34:02.029+0000] {processor.py:830} INFO - Processing file /home/airflow/.local/lib/python3.12/site-packages/airflow/example_dags/tutorial_dag.py for tasks to queue
[2026-05-16T14:34:02.029+0000] {logging_mixin.py:188} INFO - [2026-05-16T14:34:02.029+0000] {dagbag.py:545} INFO - Filling up the DagBag from /home/airflow/.local/lib/python3.12/site-packages/airflow/example_dags/tutorial_dag.py
[2026-05-16T14:34:02.032+0000] {processor.py:840} INFO - DAG(s) 'tutorial_dag' retrieved from /home/airflow/.local/lib/python3.12/site-packages/airflow/example_dags/tutorial_dag.py
[2026-05-16T14:34:02.038+0000] {logging_mixin.py:188} INFO - [2026-05-16T14:34:02.038+0000] {dag.py:3089} INFO - Sync 1 DAGs
[2026-05-16T14:34:02.043+0000] {logging_mixin.py:188} INFO - [2026-05-16T14:34:02.043+0000] {dag.py:3947} INFO - Setting next_dagrun for tutorial_dag to None, run_after=None
[2026-05-16T14:34:02.048+0000] {processor.py:183} INFO - Processing /home/airflow/.local/lib/python3.12/site-packages/airflow/example_dags/tutorial_dag.py took 0.021 seconds
[2026-05-16T14:34:32.625+0000] {processor.py:161} INFO - Started process (PID=25902) to work on /home/airflow/.local/lib/python3.12/site-packages/airflow/example_dags/tutorial_dag.py
[2026-05-16T14:34:32.625+0000] {processor.py:830} INFO - Processing file /home/airflow/.local/lib/python3.12/site-packages/airflow/example_dags/tutorial_dag.py for tasks to queue
[2026-05-16T14:34:32.625+0000] {logging_mixin.py:188} INFO - [2026-05-16T14:34:32.625+0000] {dagbag.py:545} INFO - Filling up the DagBag from /home/airflow/.local/lib/python3.12/site-packages/airflow/example_dags/tutorial_dag.py
[2026-05-16T14:34:32.628+0000] {processor.py:840} INFO - DAG(s) 'tutorial_dag' retrieved from /home/airflow/.local/lib/python3.12/site-packages/airflow/example_dags/tutorial_dag.py
[2026-05-16T14:34:32.637+0000] {logging_mixin.py:188} INFO - [2026-05-16T14:34:32.637+0000] {dag.py:3089} INFO - Sync 1 DAGs
[2026-05-16T14:34:32.642+0000] {logging_mixin.py:188} INFO - [2026-05-16T14:34:32.642+0000] {dag.py:3947} INFO - Setting next_dagrun for tutorial_dag to None, run_after=None
[2026-05-16T14:34:32.648+0000] {processor.py:183} INFO - Processing /home/airflow/.local/lib/python3.12/site-packages/airflow/example_dags/tutorial_dag.py took 0.026 seconds
[2026-05-16T14:35:03.284+0000] {processor.py:161} INFO - Started process (PID=25963) to work on /home/airflow/.local/lib/python3.12/site-packages/airflow/example_dags/tutorial_dag.py
[2026-05-16T14:35:03.285+0000] {processor.py:830} INFO - Processing file /home/airflow/.local/lib/python3.12/site-packages/airflow/example_dags/tutorial_dag.py for tasks to queue
[2026-05-16T14:35:03.286+0000] {logging_mixin.py:188} INFO - [2026-05-16T14:35:03.285+0000] {dagbag.py:545} INFO - Filling up the DagBag from /home/airflow/.local/lib/python3.12/site-packages/airflow/example_dags/tutorial_dag.py
[2026-05-16T14:35:03.288+0000] {processor.py:840} INFO - DAG(s) 'tutorial_dag' retrieved from /home/airflow/.local/lib/python3.12/site-packages/airflow/example_dags/tutorial_dag.py
[2026-05-16T14:35:03.299+0000] {logging_mixin.py:188} INFO - [2026-05-16T14:35:03.299+0000] {dag.py:3089} INFO - Sync 1 DAGs
[2026-05-16T14:35:03.307+0000] {logging_mixin.py:188} INFO - [2026-05-16T14:35:03.307+0000] {dag.py:3947} INFO - Setting next_dagrun for tutorial_dag to None, run_after=None
[2026-05-16T14:35:03.316+0000] {processor.py:183} INFO - Processing /home/airflow/.local/lib/python3.12/site-packages/airflow/example_dags/tutorial_dag.py took 0.036 seconds
[2026-05-16T14:35:33.763+0000] {processor.py:161} INFO - Started process (PID=26025) to work on /home/airflow/.local/lib/python3.12/site-packages/airflow/example_dags/tutorial_dag.py
[2026-05-16T14:35:33.764+0000] {processor.py:830} INFO - Processing file /home/airflow/.local/lib/python3.12/site-packages/airflow/example_dags/tutorial_dag.py for tasks to queue
[2026-05-16T14:35:33.764+0000] {logging_mixin.py:188} INFO - [2026-05-16T14:35:33.764+0000] {dagbag.py:545} INFO - Filling up the DagBag from /home/airflow/.local/lib/python3.12/site-packages/airflow/example_dags/tutorial_dag.py
[2026-05-16T14:35:33.766+0000] {processor.py:840} INFO - DAG(s) 'tutorial_dag' retrieved from /home/airflow/.local/lib/python3.12/site-packages/airflow/example_dags/tutorial_dag.py
[2026-05-16T14:35:33.773+0000] {logging_mixin.py:188} INFO - [2026-05-16T14:35:33.773+0000] {dag.py:3089} INFO - Sync 1 DAGs
[2026-05-16T14:35:33.777+0000] {logging_mixin.py:188} INFO - [2026-05-16T14:35:33.777+0000] {dag.py:3947} INFO - Setting next_dagrun for tutorial_dag to None, run_after=None
[2026-05-16T14:35:33.782+0000] {processor.py:183} INFO - Processing /home/airflow/.local/lib/python3.12/site-packages/airflow/example_dags/tutorial_dag.py took 0.021 seconds
[2026-05-16T14:36:04.199+0000] {processor.py:161} INFO - Started process (PID=26087) to work on /home/airflow/.local/lib/python3.12/site-packages/airflow/example_dags/tutorial_dag.py
[2026-05-16T14:36:04.200+0000] {processor.py:830} INFO - Processing file /home/airflow/.local/lib/python3.12/site-packages/airflow/example_dags/tutorial_dag.py for tasks to queue
[2026-05-16T14:36:04.200+0000] {logging_mixin.py:188} INFO - [2026-05-16T14:36:04.200+0000] {dagbag.py:545} INFO - Filling up the DagBag from /home/airflow/.local/lib/python3.12/site-packages/airflow/example_dags/tutorial_dag.py
[2026-05-16T14:36:04.202+0000] {processor.py:840} INFO - DAG(s) 'tutorial_dag' retrieved from /home/airflow/.local/lib/python3.12/site-packages/airflow/example_dags/tutorial_dag.py
[2026-05-16T14:36:04.210+0000] {logging_mixin.py:188} INFO - [2026-05-16T14:36:04.209+0000] {dag.py:3089} INFO - Sync 1 DAGs
[2026-05-16T14:36:04.213+0000] {logging_mixin.py:188} INFO - [2026-05-16T14:36:04.213+0000] {dag.py:3947} INFO - Setting next_dagrun for tutorial_dag to None, run_after=None
[2026-05-16T14:36:04.218+0000] {processor.py:183} INFO - Processing /home/airflow/.local/lib/python3.12/site-packages/airflow/example_dags/tutorial_dag.py took 0.021 seconds
[2026-05-16T14:36:34.669+0000] {processor.py:161} INFO - Started process (PID=26149) to work on /home/airflow/.local/lib/python3.12/site-packages/airflow/example_dags/tutorial_dag.py
[2026-05-16T14:36:34.670+0000] {processor.py:830} INFO - Processing file /home/airflow/.local/lib/python3.12/site-packages/airflow/example_dags/tutorial_dag.py for tasks to queue
[2026-05-16T14:36:34.670+0000] {logging_mixin.py:188} INFO - [2026-05-16T14:36:34.670+0000] {dagbag.py:545} INFO - Filling up the DagBag from /home/airflow/.local/lib/python3.12/site-packages/airflow/example_dags/tutorial_dag.py
[2026-05-16T14:36:34.672+0000] {processor.py:840} INFO - DAG(s) 'tutorial_dag' retrieved from /home/airflow/.local/lib/python3.12/site-packages/airflow/example_dags/tutorial_dag.py
[2026-05-16T14:36:34.680+0000] {logging_mixin.py:188} INFO - [2026-05-16T14:36:34.680+0000] {dag.py:3089} INFO - Sync 1 DAGs
[2026-05-16T14:36:34.684+0000] {logging_mixin.py:188} INFO - [2026-05-16T14:36:34.684+0000] {dag.py:3947} INFO - Setting next_dagrun for tutorial_dag to None, run_after=None
[2026-05-16T14:36:34.689+0000] {processor.py:183} INFO - Processing /home/airflow/.local/lib/python3.12/site-packages/airflow/example_dags/tutorial_dag.py took 0.022 seconds
[2026-05-16T14:37:05.214+0000] {processor.py:161} INFO - Started process (PID=26211) to work on /home/airflow/.local/lib/python3.12/site-packages/airflow/example_dags/tutorial_dag.py
[2026-05-16T14:37:05.215+0000] {processor.py:830} INFO - Processing file /home/airflow/.local/lib/python3.12/site-packages/airflow/example_dags/tutorial_dag.py for tasks to queue
[2026-05-16T14:37:05.215+0000] {logging_mixin.py:188} INFO - [2026-05-16T14:37:05.215+0000] {dagbag.py:545} INFO - Filling up the DagBag from /home/airflow/.local/lib/python3.12/site-packages/airflow/example_dags/tutorial_dag.py
[2026-05-16T14:37:05.218+0000] {processor.py:840} INFO - DAG(s) 'tutorial_dag' retrieved from /home/airflow/.local/lib/python3.12/site-packages/airflow/example_dags/tutorial_dag.py
[2026-05-16T14:37:05.235+0000] {logging_mixin.py:188} INFO - [2026-05-16T14:37:05.235+0000] {dag.py:3089} INFO - Sync 1 DAGs
[2026-05-16T14:37:05.240+0000] {logging_mixin.py:188} INFO - [2026-05-16T14:37:05.240+0000] {dag.py:3947} INFO - Setting next_dagrun for tutorial_dag to None, run_after=None
[2026-05-16T14:37:05.247+0000] {processor.py:183} INFO - Processing /home/airflow/.local/lib/python3.12/site-packages/airflow/example_dags/tutorial_dag.py took 0.035 seconds
[2026-05-16T14:37:35.628+0000] {processor.py:161} INFO - Started process (PID=26273) to work on /home/airflow/.local/lib/python3.12/site-packages/airflow/example_dags/tutorial_dag.py
[2026-05-16T14:37:35.628+0000] {processor.py:830} INFO - Processing file /home/airflow/.local/lib/python3.12/site-packages/airflow/example_dags/tutorial_dag.py for tasks to queue
[2026-05-16T14:37:35.628+0000] {logging_mixin.py:188} INFO - [2026-05-16T14:37:35.628+0000] {dagbag.py:545} INFO - Filling up the DagBag from /home/airflow/.local/lib/python3.12/site-packages/airflow/example_dags/tutorial_dag.py
[2026-05-16T14:37:35.630+0000] {processor.py:840} INFO - DAG(s) 'tutorial_dag' retrieved from /home/airflow/.local/lib/python3.12/site-packages/airflow/example_dags/tutorial_dag.py
[2026-05-16T14:37:35.640+0000] {logging_mixin.py:188} INFO - [2026-05-16T14:37:35.640+0000] {dag.py:3089} INFO - Sync 1 DAGs
[2026-05-16T14:37:35.645+0000] {logging_mixin.py:188} INFO - [2026-05-16T14:37:35.645+0000] {dag.py:3947} INFO - Setting next_dagrun for tutorial_dag to None, run_after=None
[2026-05-16T14:37:35.650+0000] {processor.py:183} INFO - Processing /home/airflow/.local/lib/python3.12/site-packages/airflow/example_dags/tutorial_dag.py took 0.025 seconds
[2026-05-16T14:38:06.139+0000] {processor.py:161} INFO - Started process (PID=26335) to work on /home/airflow/.local/lib/python3.12/site-packages/airflow/example_dags/tutorial_dag.py
[2026-05-16T14:38:06.139+0000] {processor.py:830} INFO - Processing file /home/airflow/.local/lib/python3.12/site-packages/airflow/example_dags/tutorial_dag.py for tasks to queue
[2026-05-16T14:38:06.140+0000] {logging_mixin.py:188} INFO - [2026-05-16T14:38:06.139+0000] {dagbag.py:545} INFO - Filling up the DagBag from /home/airflow/.local/lib/python3.12/site-packages/airflow/example_dags/tutorial_dag.py
[2026-05-16T14:38:06.142+0000] {processor.py:840} INFO - DAG(s) 'tutorial_dag' retrieved from /home/airflow/.local/lib/python3.12/site-packages/airflow/example_dags/tutorial_dag.py
[2026-05-16T14:38:06.150+0000] {logging_mixin.py:188} INFO - [2026-05-16T14:38:06.150+0000] {dag.py:3089} INFO - Sync 1 DAGs
[2026-05-16T14:38:06.154+0000] {logging_mixin.py:188} INFO - [2026-05-16T14:38:06.154+0000] {dag.py:3947} INFO - Setting next_dagrun for tutorial_dag to None, run_after=None
[2026-05-16T14:38:06.159+0000] {processor.py:183} INFO - Processing /home/airflow/.local/lib/python3.12/site-packages/airflow/example_dags/tutorial_dag.py took 0.023 seconds
[2026-05-16T14:38:36.506+0000] {processor.py:161} INFO - Started process (PID=26397) to work on /home/airflow/.local/lib/python3.12/site-packages/airflow/example_dags/tutorial_dag.py
[2026-05-16T14:38:36.506+0000] {processor.py:830} INFO - Processing file /home/airflow/.local/lib/python3.12/site-packages/airflow/example_dags/tutorial_dag.py for tasks to queue
[2026-05-16T14:38:36.507+0000] {logging_mixin.py:188} INFO - [2026-05-16T14:38:36.507+0000] {dagbag.py:545} INFO - Filling up the DagBag from /home/airflow/.local/lib/python3.12/site-packages/airflow/example_dags/tutorial_dag.py
[2026-05-16T14:38:36.509+0000] {processor.py:840} INFO - DAG(s) 'tutorial_dag' retrieved from /home/airflow/.local/lib/python3.12/site-packages/airflow/example_dags/tutorial_dag.py
[2026-05-16T14:38:36.516+0000] {logging_mixin.py:188} INFO - [2026-05-16T14:38:36.516+0000] {dag.py:3089} INFO - Sync 1 DAGs
[2026-05-16T14:38:36.520+0000] {logging_mixin.py:188} INFO - [2026-05-16T14:38:36.520+0000] {dag.py:3947} INFO - Setting next_dagrun for tutorial_dag to None, run_after=None
[2026-05-16T14:38:36.525+0000] {processor.py:183} INFO - Processing /home/airflow/.local/lib/python3.12/site-packages/airflow/example_dags/tutorial_dag.py took 0.021 seconds
[2026-05-16T14:39:07.112+0000] {processor.py:161} INFO - Started process (PID=26459) to work on /home/airflow/.local/lib/python3.12/site-packages/airflow/example_dags/tutorial_dag.py
[2026-05-16T14:39:07.112+0000] {processor.py:830} INFO - Processing file /home/airflow/.local/lib/python3.12/site-packages/airflow/example_dags/tutorial_dag.py for tasks to queue
[2026-05-16T14:39:07.112+0000] {logging_mixin.py:188} INFO - [2026-05-16T14:39:07.112+0000] {dagbag.py:545} INFO - Filling up the DagBag from /home/airflow/.local/lib/python3.12/site-packages/airflow/example_dags/tutorial_dag.py
[2026-05-16T14:39:07.115+0000] {processor.py:840} INFO - DAG(s) 'tutorial_dag' retrieved from /home/airflow/.local/lib/python3.12/site-packages/airflow/example_dags/tutorial_dag.py
[2026-05-16T14:39:07.124+0000] {logging_mixin.py:188} INFO - [2026-05-16T14:39:07.124+0000] {dag.py:3089} INFO - Sync 1 DAGs
[2026-05-16T14:39:07.128+0000] {logging_mixin.py:188} INFO - [2026-05-16T14:39:07.128+0000] {dag.py:3947} INFO - Setting next_dagrun for tutorial_dag to None, run_after=None
[2026-05-16T14:39:07.133+0000] {processor.py:183} INFO - Processing /home/airflow/.local/lib/python3.12/site-packages/airflow/example_dags/tutorial_dag.py took 0.024 seconds
[2026-05-16T14:39:37.690+0000] {processor.py:161} INFO - Started process (PID=26521) to work on /home/airflow/.local/lib/python3.12/site-packages/airflow/example_dags/tutorial_dag.py
[2026-05-16T14:39:37.690+0000] {processor.py:830} INFO - Processing file /home/airflow/.local/lib/python3.12/site-packages/airflow/example_dags/tutorial_dag.py for tasks to queue
[2026-05-16T14:39:37.691+0000] {logging_mixin.py:188} INFO - [2026-05-16T14:39:37.691+0000] {dagbag.py:545} INFO - Filling up the DagBag from /home/airflow/.local/lib/python3.12/site-packages/airflow/example_dags/tutorial_dag.py
[2026-05-16T14:39:37.693+0000] {processor.py:840} INFO - DAG(s) 'tutorial_dag' retrieved from /home/airflow/.local/lib/python3.12/site-packages/airflow/example_dags/tutorial_dag.py
[2026-05-16T14:39:37.710+0000] {logging_mixin.py:188} INFO - [2026-05-16T14:39:37.710+0000] {dag.py:3089} INFO - Sync 1 DAGs
[2026-05-16T14:39:37.718+0000] {logging_mixin.py:188} INFO - [2026-05-16T14:39:37.718+0000] {dag.py:3947} INFO - Setting next_dagrun for tutorial_dag to None, run_after=None
[2026-05-16T14:39:37.726+0000] {processor.py:183} INFO - Processing /home/airflow/.local/lib/python3.12/site-packages/airflow/example_dags/tutorial_dag.py took 0.040 seconds
[2026-05-16T14:40:08.430+0000] {processor.py:161} INFO - Started process (PID=26583) to work on /home/airflow/.local/lib/python3.12/site-packages/airflow/example_dags/tutorial_dag.py
[2026-05-16T14:40:08.432+0000] {processor.py:830} INFO - Processing file /home/airflow/.local/lib/python3.12/site-packages/airflow/example_dags/tutorial_dag.py for tasks to queue
[2026-05-16T14:40:08.432+0000] {logging_mixin.py:188} INFO - [2026-05-16T14:40:08.432+0000] {dagbag.py:545} INFO - Filling up the DagBag from /home/airflow/.local/lib/python3.12/site-packages/airflow/example_dags/tutorial_dag.py
[2026-05-16T14:40:08.437+0000] {processor.py:840} INFO - DAG(s) 'tutorial_dag' retrieved from /home/airflow/.local/lib/python3.12/site-packages/airflow/example_dags/tutorial_dag.py
[2026-05-16T14:40:08.453+0000] {logging_mixin.py:188} INFO - [2026-05-16T14:40:08.453+0000] {dag.py:3089} INFO - Sync 1 DAGs
[2026-05-16T14:40:08.460+0000] {logging_mixin.py:188} INFO - [2026-05-16T14:40:08.460+0000] {dag.py:3947} INFO - Setting next_dagrun for tutorial_dag to None, run_after=None
[2026-05-16T14:40:08.474+0000] {processor.py:183} INFO - Processing /home/airflow/.local/lib/python3.12/site-packages/airflow/example_dags/tutorial_dag.py took 0.050 seconds
[2026-05-16T14:40:38.994+0000] {processor.py:161} INFO - Started process (PID=26645) to work on /home/airflow/.local/lib/python3.12/site-packages/airflow/example_dags/tutorial_dag.py
[2026-05-16T14:40:38.995+0000] {processor.py:830} INFO - Processing file /home/airflow/.local/lib/python3.12/site-packages/airflow/example_dags/tutorial_dag.py for tasks to queue
[2026-05-16T14:40:38.995+0000] {logging_mixin.py:188} INFO - [2026-05-16T14:40:38.995+0000] {dagbag.py:545} INFO - Filling up the DagBag from /home/airflow/.local/lib/python3.12/site-packages/airflow/example_dags/tutorial_dag.py
[2026-05-16T14:40:38.997+0000] {processor.py:840} INFO - DAG(s) 'tutorial_dag' retrieved from /home/airflow/.local/lib/python3.12/site-packages/airflow/example_dags/tutorial_dag.py
[2026-05-16T14:40:39.003+0000] {logging_mixin.py:188} INFO - [2026-05-16T14:40:39.003+0000] {dag.py:3089} INFO - Sync 1 DAGs
[2026-05-16T14:40:39.011+0000] {logging_mixin.py:188} INFO - [2026-05-16T14:40:39.011+0000] {dag.py:3947} INFO - Setting next_dagrun for tutorial_dag to None, run_after=None
[2026-05-16T14:40:39.018+0000] {processor.py:183} INFO - Processing /home/airflow/.local/lib/python3.12/site-packages/airflow/example_dags/tutorial_dag.py took 0.026 seconds
[2026-05-16T14:41:09.549+0000] {processor.py:161} INFO - Started process (PID=26707) to work on /home/airflow/.local/lib/python3.12/site-packages/airflow/example_dags/tutorial_dag.py
[2026-05-16T14:41:09.550+0000] {processor.py:830} INFO - Processing file /home/airflow/.local/lib/python3.12/site-packages/airflow/example_dags/tutorial_dag.py for tasks to queue
[2026-05-16T14:41:09.550+0000] {logging_mixin.py:188} INFO - [2026-05-16T14:41:09.550+0000] {dagbag.py:545} INFO - Filling up the DagBag from /home/airflow/.local/lib/python3.12/site-packages/airflow/example_dags/tutorial_dag.py
[2026-05-16T14:41:09.552+0000] {processor.py:840} INFO - DAG(s) 'tutorial_dag' retrieved from /home/airflow/.local/lib/python3.12/site-packages/airflow/example_dags/tutorial_dag.py
[2026-05-16T14:41:09.564+0000] {logging_mixin.py:188} INFO - [2026-05-16T14:41:09.564+0000] {dag.py:3089} INFO - Sync 1 DAGs
[2026-05-16T14:41:09.569+0000] {logging_mixin.py:188} INFO - [2026-05-16T14:41:09.569+0000] {dag.py:3947} INFO - Setting next_dagrun for tutorial_dag to None, run_after=None
[2026-05-16T14:41:09.574+0000] {processor.py:183} INFO - Processing /home/airflow/.local/lib/python3.12/site-packages/airflow/example_dags/tutorial_dag.py took 0.027 seconds
[2026-05-16T14:41:40.016+0000] {processor.py:161} INFO - Started process (PID=26769) to work on /home/airflow/.local/lib/python3.12/site-packages/airflow/example_dags/tutorial_dag.py
[2026-05-16T14:41:40.016+0000] {processor.py:830} INFO - Processing file /home/airflow/.local/lib/python3.12/site-packages/airflow/example_dags/tutorial_dag.py for tasks to queue
[2026-05-16T14:41:40.017+0000] {logging_mixin.py:188} INFO - [2026-05-16T14:41:40.017+0000] {dagbag.py:545} INFO - Filling up the DagBag from /home/airflow/.local/lib/python3.12/site-packages/airflow/example_dags/tutorial_dag.py
[2026-05-16T14:41:40.019+0000] {processor.py:840} INFO - DAG(s) 'tutorial_dag' retrieved from /home/airflow/.local/lib/python3.12/site-packages/airflow/example_dags/tutorial_dag.py
[2026-05-16T14:41:40.026+0000] {logging_mixin.py:188} INFO - [2026-05-16T14:41:40.026+0000] {dag.py:3089} INFO - Sync 1 DAGs
[2026-05-16T14:41:40.030+0000] {logging_mixin.py:188} INFO - [2026-05-16T14:41:40.030+0000] {dag.py:3947} INFO - Setting next_dagrun for tutorial_dag to None, run_after=None
[2026-05-16T14:41:40.036+0000] {processor.py:183} INFO - Processing /home/airflow/.local/lib/python3.12/site-packages/airflow/example_dags/tutorial_dag.py took 0.022 seconds
[2026-05-16T14:42:10.369+0000] {processor.py:161} INFO - Started process (PID=26831) to work on /home/airflow/.local/lib/python3.12/site-packages/airflow/example_dags/tutorial_dag.py
[2026-05-16T14:42:10.370+0000] {processor.py:830} INFO - Processing file /home/airflow/.local/lib/python3.12/site-packages/airflow/example_dags/tutorial_dag.py for tasks to queue
[2026-05-16T14:42:10.370+0000] {logging_mixin.py:188} INFO - [2026-05-16T14:42:10.370+0000] {dagbag.py:545} INFO - Filling up the DagBag from /home/airflow/.local/lib/python3.12/site-packages/airflow/example_dags/tutorial_dag.py
[2026-05-16T14:42:10.372+0000] {processor.py:840} INFO - DAG(s) 'tutorial_dag' retrieved from /home/airflow/.local/lib/python3.12/site-packages/airflow/example_dags/tutorial_dag.py
[2026-05-16T14:42:10.379+0000] {logging_mixin.py:188} INFO - [2026-05-16T14:42:10.379+0000] {dag.py:3089} INFO - Sync 1 DAGs
[2026-05-16T14:42:10.383+0000] {logging_mixin.py:188} INFO - [2026-05-16T14:42:10.383+0000] {dag.py:3947} INFO - Setting next_dagrun for tutorial_dag to None, run_after=None
[2026-05-16T14:42:10.388+0000] {processor.py:183} INFO - Processing /home/airflow/.local/lib/python3.12/site-packages/airflow/example_dags/tutorial_dag.py took 0.021 seconds
[2026-05-16T14:42:40.841+0000] {processor.py:161} INFO - Started process (PID=26893) to work on /home/airflow/.local/lib/python3.12/site-packages/airflow/example_dags/tutorial_dag.py
[2026-05-16T14:42:40.841+0000] {processor.py:830} INFO - Processing file /home/airflow/.local/lib/python3.12/site-packages/airflow/example_dags/tutorial_dag.py for tasks to queue
[2026-05-16T14:42:40.841+0000] {logging_mixin.py:188} INFO - [2026-05-16T14:42:40.841+0000] {dagbag.py:545} INFO - Filling up the DagBag from /home/airflow/.local/lib/python3.12/site-packages/airflow/example_dags/tutorial_dag.py
[2026-05-16T14:42:40.844+0000] {processor.py:840} INFO - DAG(s) 'tutorial_dag' retrieved from /home/airflow/.local/lib/python3.12/site-packages/airflow/example_dags/tutorial_dag.py
[2026-05-16T14:42:40.852+0000] {logging_mixin.py:188} INFO - [2026-05-16T14:42:40.852+0000] {dag.py:3089} INFO - Sync 1 DAGs
[2026-05-16T14:42:40.857+0000] {logging_mixin.py:188} INFO - [2026-05-16T14:42:40.857+0000] {dag.py:3947} INFO - Setting next_dagrun for tutorial_dag to None, run_after=None
[2026-05-16T14:42:40.862+0000] {processor.py:183} INFO - Processing /home/airflow/.local/lib/python3.12/site-packages/airflow/example_dags/tutorial_dag.py took 0.024 seconds
[2026-05-16T14:43:11.206+0000] {processor.py:161} INFO - Started process (PID=26955) to work on /home/airflow/.local/lib/python3.12/site-packages/airflow/example_dags/tutorial_dag.py
[2026-05-16T14:43:11.206+0000] {processor.py:830} INFO - Processing file /home/airflow/.local/lib/python3.12/site-packages/airflow/example_dags/tutorial_dag.py for tasks to queue
[2026-05-16T14:43:11.206+0000] {logging_mixin.py:188} INFO - [2026-05-16T14:43:11.206+0000] {dagbag.py:545} INFO - Filling up the DagBag from /home/airflow/.local/lib/python3.12/site-packages/airflow/example_dags/tutorial_dag.py
[2026-05-16T14:43:11.208+0000] {processor.py:840} INFO - DAG(s) 'tutorial_dag' retrieved from /home/airflow/.local/lib/python3.12/site-packages/airflow/example_dags/tutorial_dag.py
[2026-05-16T14:43:11.217+0000] {logging_mixin.py:188} INFO - [2026-05-16T14:43:11.217+0000] {dag.py:3089} INFO - Sync 1 DAGs
[2026-05-16T14:43:11.222+0000] {logging_mixin.py:188} INFO - [2026-05-16T14:43:11.222+0000] {dag.py:3947} INFO - Setting next_dagrun for tutorial_dag to None, run_after=None
[2026-05-16T14:43:11.227+0000] {processor.py:183} INFO - Processing /home/airflow/.local/lib/python3.12/site-packages/airflow/example_dags/tutorial_dag.py took 0.023 seconds
[2026-05-16T14:43:41.694+0000] {processor.py:161} INFO - Started process (PID=27017) to work on /home/airflow/.local/lib/python3.12/site-packages/airflow/example_dags/tutorial_dag.py
[2026-05-16T14:43:41.694+0000] {processor.py:830} INFO - Processing file /home/airflow/.local/lib/python3.12/site-packages/airflow/example_dags/tutorial_dag.py for tasks to queue
[2026-05-16T14:43:41.695+0000] {logging_mixin.py:188} INFO - [2026-05-16T14:43:41.695+0000] {dagbag.py:545} INFO - Filling up the DagBag from /home/airflow/.local/lib/python3.12/site-packages/airflow/example_dags/tutorial_dag.py
[2026-05-16T14:43:41.697+0000] {processor.py:840} INFO - DAG(s) 'tutorial_dag' retrieved from /home/airflow/.local/lib/python3.12/site-packages/airflow/example_dags/tutorial_dag.py
[2026-05-16T14:43:41.704+0000] {logging_mixin.py:188} INFO - [2026-05-16T14:43:41.704+0000] {dag.py:3089} INFO - Sync 1 DAGs
[2026-05-16T14:43:41.708+0000] {logging_mixin.py:188} INFO - [2026-05-16T14:43:41.708+0000] {dag.py:3947} INFO - Setting next_dagrun for tutorial_dag to None, run_after=None
[2026-05-16T14:43:41.712+0000] {processor.py:183} INFO - Processing /home/airflow/.local/lib/python3.12/site-packages/airflow/example_dags/tutorial_dag.py took 0.020 seconds
[2026-05-16T14:44:12.095+0000] {processor.py:161} INFO - Started process (PID=27079) to work on /home/airflow/.local/lib/python3.12/site-packages/airflow/example_dags/tutorial_dag.py
[2026-05-16T14:44:12.096+0000] {processor.py:830} INFO - Processing file /home/airflow/.local/lib/python3.12/site-packages/airflow/example_dags/tutorial_dag.py for tasks to queue
[2026-05-16T14:44:12.096+0000] {logging_mixin.py:188} INFO - [2026-05-16T14:44:12.096+0000] {dagbag.py:545} INFO - Filling up the DagBag from /home/airflow/.local/lib/python3.12/site-packages/airflow/example_dags/tutorial_dag.py
[2026-05-16T14:44:12.098+0000] {processor.py:840} INFO - DAG(s) 'tutorial_dag' retrieved from /home/airflow/.local/lib/python3.12/site-packages/airflow/example_dags/tutorial_dag.py
[2026-05-16T14:44:12.105+0000] {logging_mixin.py:188} INFO - [2026-05-16T14:44:12.105+0000] {dag.py:3089} INFO - Sync 1 DAGs
[2026-05-16T14:44:12.110+0000] {logging_mixin.py:188} INFO - [2026-05-16T14:44:12.110+0000] {dag.py:3947} INFO - Setting next_dagrun for tutorial_dag to None, run_after=None
[2026-05-16T14:44:12.115+0000] {processor.py:183} INFO - Processing /home/airflow/.local/lib/python3.12/site-packages/airflow/example_dags/tutorial_dag.py took 0.022 seconds
[2026-05-16T14:44:42.598+0000] {processor.py:161} INFO - Started process (PID=27141) to work on /home/airflow/.local/lib/python3.12/site-packages/airflow/example_dags/tutorial_dag.py
[2026-05-16T14:44:42.598+0000] {processor.py:830} INFO - Processing file /home/airflow/.local/lib/python3.12/site-packages/airflow/example_dags/tutorial_dag.py for tasks to queue
[2026-05-16T14:44:42.598+0000] {logging_mixin.py:188} INFO - [2026-05-16T14:44:42.598+0000] {dagbag.py:545} INFO - Filling up the DagBag from /home/airflow/.local/lib/python3.12/site-packages/airflow/example_dags/tutorial_dag.py
[2026-05-16T14:44:42.601+0000] {processor.py:840} INFO - DAG(s) 'tutorial_dag' retrieved from /home/airflow/.local/lib/python3.12/site-packages/airflow/example_dags/tutorial_dag.py
[2026-05-16T14:44:42.610+0000] {logging_mixin.py:188} INFO - [2026-05-16T14:44:42.610+0000] {dag.py:3089} INFO - Sync 1 DAGs
[2026-05-16T14:44:42.615+0000] {logging_mixin.py:188} INFO - [2026-05-16T14:44:42.615+0000] {dag.py:3947} INFO - Setting next_dagrun for tutorial_dag to None, run_after=None
[2026-05-16T14:44:42.619+0000] {processor.py:183} INFO - Processing /home/airflow/.local/lib/python3.12/site-packages/airflow/example_dags/tutorial_dag.py took 0.024 seconds
[2026-05-16T14:45:12.952+0000] {processor.py:161} INFO - Started process (PID=27203) to work on /home/airflow/.local/lib/python3.12/site-packages/airflow/example_dags/tutorial_dag.py
[2026-05-16T14:45:12.952+0000] {processor.py:830} INFO - Processing file /home/airflow/.local/lib/python3.12/site-packages/airflow/example_dags/tutorial_dag.py for tasks to queue
[2026-05-16T14:45:12.952+0000] {logging_mixin.py:188} INFO - [2026-05-16T14:45:12.952+0000] {dagbag.py:545} INFO - Filling up the DagBag from /home/airflow/.local/lib/python3.12/site-packages/airflow/example_dags/tutorial_dag.py
[2026-05-16T14:45:12.955+0000] {processor.py:840} INFO - DAG(s) 'tutorial_dag' retrieved from /home/airflow/.local/lib/python3.12/site-packages/airflow/example_dags/tutorial_dag.py
[2026-05-16T14:45:12.962+0000] {logging_mixin.py:188} INFO - [2026-05-16T14:45:12.962+0000] {dag.py:3089} INFO - Sync 1 DAGs
[2026-05-16T14:45:12.966+0000] {logging_mixin.py:188} INFO - [2026-05-16T14:45:12.966+0000] {dag.py:3947} INFO - Setting next_dagrun for tutorial_dag to None, run_after=None
[2026-05-16T14:45:12.971+0000] {processor.py:183} INFO - Processing /home/airflow/.local/lib/python3.12/site-packages/airflow/example_dags/tutorial_dag.py took 0.021 seconds
[2026-05-16T14:45:43.417+0000] {processor.py:161} INFO - Started process (PID=27265) to work on /home/airflow/.local/lib/python3.12/site-packages/airflow/example_dags/tutorial_dag.py
[2026-05-16T14:45:43.418+0000] {processor.py:830} INFO - Processing file /home/airflow/.local/lib/python3.12/site-packages/airflow/example_dags/tutorial_dag.py for tasks to queue
[2026-05-16T14:45:43.418+0000] {logging_mixin.py:188} INFO - [2026-05-16T14:45:43.418+0000] {dagbag.py:545} INFO - Filling up the DagBag from /home/airflow/.local/lib/python3.12/site-packages/airflow/example_dags/tutorial_dag.py
[2026-05-16T14:45:43.420+0000] {processor.py:840} INFO - DAG(s) 'tutorial_dag' retrieved from /home/airflow/.local/lib/python3.12/site-packages/airflow/example_dags/tutorial_dag.py
[2026-05-16T14:45:43.427+0000] {logging_mixin.py:188} INFO - [2026-05-16T14:45:43.427+0000] {dag.py:3089} INFO - Sync 1 DAGs
[2026-05-16T14:45:43.431+0000] {logging_mixin.py:188} INFO - [2026-05-16T14:45:43.431+0000] {dag.py:3947} INFO - Setting next_dagrun for tutorial_dag to None, run_after=None
[2026-05-16T14:45:43.436+0000] {processor.py:183} INFO - Processing /home/airflow/.local/lib/python3.12/site-packages/airflow/example_dags/tutorial_dag.py took 0.022 seconds
[2026-05-16T14:46:13.921+0000] {processor.py:161} INFO - Started process (PID=27327) to work on /home/airflow/.local/lib/python3.12/site-packages/airflow/example_dags/tutorial_dag.py
[2026-05-16T14:46:13.921+0000] {processor.py:830} INFO - Processing file /home/airflow/.local/lib/python3.12/site-packages/airflow/example_dags/tutorial_dag.py for tasks to queue
[2026-05-16T14:46:13.921+0000] {logging_mixin.py:188} INFO - [2026-05-16T14:46:13.921+0000] {dagbag.py:545} INFO - Filling up the DagBag from /home/airflow/.local/lib/python3.12/site-packages/airflow/example_dags/tutorial_dag.py
[2026-05-16T14:46:13.924+0000] {processor.py:840} INFO - DAG(s) 'tutorial_dag' retrieved from /home/airflow/.local/lib/python3.12/site-packages/airflow/example_dags/tutorial_dag.py
[2026-05-16T14:46:13.932+0000] {logging_mixin.py:188} INFO - [2026-05-16T14:46:13.932+0000] {dag.py:3089} INFO - Sync 1 DAGs
[2026-05-16T14:46:13.937+0000] {logging_mixin.py:188} INFO - [2026-05-16T14:46:13.937+0000] {dag.py:3947} INFO - Setting next_dagrun for tutorial_dag to None, run_after=None
[2026-05-16T14:46:13.943+0000] {processor.py:183} INFO - Processing /home/airflow/.local/lib/python3.12/site-packages/airflow/example_dags/tutorial_dag.py took 0.025 seconds
[2026-05-16T14:46:44.379+0000] {processor.py:161} INFO - Started process (PID=27388) to work on /home/airflow/.local/lib/python3.12/site-packages/airflow/example_dags/tutorial_dag.py
[2026-05-16T14:46:44.379+0000] {processor.py:830} INFO - Processing file /home/airflow/.local/lib/python3.12/site-packages/airflow/example_dags/tutorial_dag.py for tasks to queue
[2026-05-16T14:46:44.380+0000] {logging_mixin.py:188} INFO - [2026-05-16T14:46:44.379+0000] {dagbag.py:545} INFO - Filling up the DagBag from /home/airflow/.local/lib/python3.12/site-packages/airflow/example_dags/tutorial_dag.py
[2026-05-16T14:46:44.382+0000] {processor.py:840} INFO - DAG(s) 'tutorial_dag' retrieved from /home/airflow/.local/lib/python3.12/site-packages/airflow/example_dags/tutorial_dag.py
[2026-05-16T14:46:44.389+0000] {logging_mixin.py:188} INFO - [2026-05-16T14:46:44.389+0000] {dag.py:3089} INFO - Sync 1 DAGs
[2026-05-16T14:46:44.393+0000] {logging_mixin.py:188} INFO - [2026-05-16T14:46:44.393+0000] {dag.py:3947} INFO - Setting next_dagrun for tutorial_dag to None, run_after=None
[2026-05-16T14:46:44.398+0000] {processor.py:183} INFO - Processing /home/airflow/.local/lib/python3.12/site-packages/airflow/example_dags/tutorial_dag.py took 0.021 seconds
[2026-05-16T14:47:14.947+0000] {processor.py:161} INFO - Started process (PID=27449) to work on /home/airflow/.local/lib/python3.12/site-packages/airflow/example_dags/tutorial_dag.py
[2026-05-16T14:47:14.947+0000] {processor.py:830} INFO - Processing file /home/airflow/.local/lib/python3.12/site-packages/airflow/example_dags/tutorial_dag.py for tasks to queue
[2026-05-16T14:47:14.948+0000] {logging_mixin.py:188} INFO - [2026-05-16T14:47:14.948+0000] {dagbag.py:545} INFO - Filling up the DagBag from /home/airflow/.local/lib/python3.12/site-packages/airflow/example_dags/tutorial_dag.py
[2026-05-16T14:47:14.950+0000] {processor.py:840} INFO - DAG(s) 'tutorial_dag' retrieved from /home/airflow/.local/lib/python3.12/site-packages/airflow/example_dags/tutorial_dag.py
[2026-05-16T14:47:14.959+0000] {logging_mixin.py:188} INFO - [2026-05-16T14:47:14.959+0000] {dag.py:3089} INFO - Sync 1 DAGs
[2026-05-16T14:47:14.964+0000] {logging_mixin.py:188} INFO - [2026-05-16T14:47:14.964+0000] {dag.py:3947} INFO - Setting next_dagrun for tutorial_dag to None, run_after=None
[2026-05-16T14:47:14.971+0000] {processor.py:183} INFO - Processing /home/airflow/.local/lib/python3.12/site-packages/airflow/example_dags/tutorial_dag.py took 0.027 seconds
[2026-05-16T14:47:45.340+0000] {processor.py:161} INFO - Started process (PID=27512) to work on /home/airflow/.local/lib/python3.12/site-packages/airflow/example_dags/tutorial_dag.py
[2026-05-16T14:47:45.340+0000] {processor.py:830} INFO - Processing file /home/airflow/.local/lib/python3.12/site-packages/airflow/example_dags/tutorial_dag.py for tasks to queue
[2026-05-16T14:47:45.340+0000] {logging_mixin.py:188} INFO - [2026-05-16T14:47:45.340+0000] {dagbag.py:545} INFO - Filling up the DagBag from /home/airflow/.local/lib/python3.12/site-packages/airflow/example_dags/tutorial_dag.py
[2026-05-16T14:47:45.342+0000] {processor.py:840} INFO - DAG(s) 'tutorial_dag' retrieved from /home/airflow/.local/lib/python3.12/site-packages/airflow/example_dags/tutorial_dag.py
[2026-05-16T14:47:45.350+0000] {logging_mixin.py:188} INFO - [2026-05-16T14:47:45.350+0000] {dag.py:3089} INFO - Sync 1 DAGs
[2026-05-16T14:47:45.353+0000] {logging_mixin.py:188} INFO - [2026-05-16T14:47:45.353+0000] {dag.py:3947} INFO - Setting next_dagrun for tutorial_dag to None, run_after=None
[2026-05-16T14:47:45.358+0000] {processor.py:183} INFO - Processing /home/airflow/.local/lib/python3.12/site-packages/airflow/example_dags/tutorial_dag.py took 0.021 seconds
[2026-05-16T14:48:15.875+0000] {processor.py:161} INFO - Started process (PID=27574) to work on /home/airflow/.local/lib/python3.12/site-packages/airflow/example_dags/tutorial_dag.py
[2026-05-16T14:48:15.877+0000] {processor.py:830} INFO - Processing file /home/airflow/.local/lib/python3.12/site-packages/airflow/example_dags/tutorial_dag.py for tasks to queue
[2026-05-16T14:48:15.877+0000] {logging_mixin.py:188} INFO - [2026-05-16T14:48:15.877+0000] {dagbag.py:545} INFO - Filling up the DagBag from /home/airflow/.local/lib/python3.12/site-packages/airflow/example_dags/tutorial_dag.py
[2026-05-16T14:48:15.880+0000] {processor.py:840} INFO - DAG(s) 'tutorial_dag' retrieved from /home/airflow/.local/lib/python3.12/site-packages/airflow/example_dags/tutorial_dag.py
[2026-05-16T14:48:15.888+0000] {logging_mixin.py:188} INFO - [2026-05-16T14:48:15.888+0000] {dag.py:3089} INFO - Sync 1 DAGs
[2026-05-16T14:48:15.892+0000] {logging_mixin.py:188} INFO - [2026-05-16T14:48:15.892+0000] {dag.py:3947} INFO - Setting next_dagrun for tutorial_dag to None, run_after=None
[2026-05-16T14:48:15.897+0000] {processor.py:183} INFO - Processing /home/airflow/.local/lib/python3.12/site-packages/airflow/example_dags/tutorial_dag.py took 0.027 seconds
[2026-05-16T14:48:46.262+0000] {processor.py:161} INFO - Started process (PID=27636) to work on /home/airflow/.local/lib/python3.12/site-packages/airflow/example_dags/tutorial_dag.py
[2026-05-16T14:48:46.263+0000] {processor.py:830} INFO - Processing file /home/airflow/.local/lib/python3.12/site-packages/airflow/example_dags/tutorial_dag.py for tasks to queue
[2026-05-16T14:48:46.263+0000] {logging_mixin.py:188} INFO - [2026-05-16T14:48:46.263+0000] {dagbag.py:545} INFO - Filling up the DagBag from /home/airflow/.local/lib/python3.12/site-packages/airflow/example_dags/tutorial_dag.py
[2026-05-16T14:48:46.265+0000] {processor.py:840} INFO - DAG(s) 'tutorial_dag' retrieved from /home/airflow/.local/lib/python3.12/site-packages/airflow/example_dags/tutorial_dag.py
[2026-05-16T14:48:46.273+0000] {logging_mixin.py:188} INFO - [2026-05-16T14:48:46.273+0000] {dag.py:3089} INFO - Sync 1 DAGs
[2026-05-16T14:48:46.278+0000] {logging_mixin.py:188} INFO - [2026-05-16T14:48:46.278+0000] {dag.py:3947} INFO - Setting next_dagrun for tutorial_dag to None, run_after=None
[2026-05-16T14:48:46.282+0000] {processor.py:183} INFO - Processing /home/airflow/.local/lib/python3.12/site-packages/airflow/example_dags/tutorial_dag.py took 0.022 seconds
[2026-05-16T14:49:16.714+0000] {processor.py:161} INFO - Started process (PID=27698) to work on /home/airflow/.local/lib/python3.12/site-packages/airflow/example_dags/tutorial_dag.py
[2026-05-16T14:49:16.714+0000] {processor.py:830} INFO - Processing file /home/airflow/.local/lib/python3.12/site-packages/airflow/example_dags/tutorial_dag.py for tasks to queue
[2026-05-16T14:49:16.715+0000] {logging_mixin.py:188} INFO - [2026-05-16T14:49:16.714+0000] {dagbag.py:545} INFO - Filling up the DagBag from /home/airflow/.local/lib/python3.12/site-packages/airflow/example_dags/tutorial_dag.py
[2026-05-16T14:49:16.716+0000] {processor.py:840} INFO - DAG(s) 'tutorial_dag' retrieved from /home/airflow/.local/lib/python3.12/site-packages/airflow/example_dags/tutorial_dag.py
[2026-05-16T14:49:16.723+0000] {logging_mixin.py:188} INFO - [2026-05-16T14:49:16.723+0000] {dag.py:3089} INFO - Sync 1 DAGs
[2026-05-16T14:49:16.727+0000] {logging_mixin.py:188} INFO - [2026-05-16T14:49:16.727+0000] {dag.py:3947} INFO - Setting next_dagrun for tutorial_dag to None, run_after=None
[2026-05-16T14:49:16.732+0000] {processor.py:183} INFO - Processing /home/airflow/.local/lib/python3.12/site-packages/airflow/example_dags/tutorial_dag.py took 0.020 seconds
[2026-05-16T14:49:47.060+0000] {processor.py:161} INFO - Started process (PID=27760) to work on /home/airflow/.local/lib/python3.12/site-packages/airflow/example_dags/tutorial_dag.py
[2026-05-16T14:49:47.061+0000] {processor.py:830} INFO - Processing file /home/airflow/.local/lib/python3.12/site-packages/airflow/example_dags/tutorial_dag.py for tasks to queue
[2026-05-16T14:49:47.061+0000] {logging_mixin.py:188} INFO - [2026-05-16T14:49:47.061+0000] {dagbag.py:545} INFO - Filling up the DagBag from /home/airflow/.local/lib/python3.12/site-packages/airflow/example_dags/tutorial_dag.py
[2026-05-16T14:49:47.063+0000] {processor.py:840} INFO - DAG(s) 'tutorial_dag' retrieved from /home/airflow/.local/lib/python3.12/site-packages/airflow/example_dags/tutorial_dag.py
[2026-05-16T14:49:47.070+0000] {logging_mixin.py:188} INFO - [2026-05-16T14:49:47.070+0000] {dag.py:3089} INFO - Sync 1 DAGs
[2026-05-16T14:49:47.075+0000] {logging_mixin.py:188} INFO - [2026-05-16T14:49:47.074+0000] {dag.py:3947} INFO - Setting next_dagrun for tutorial_dag to None, run_after=None
[2026-05-16T14:49:47.079+0000] {processor.py:183} INFO - Processing /home/airflow/.local/lib/python3.12/site-packages/airflow/example_dags/tutorial_dag.py took 0.021 seconds
[2026-05-16T14:50:17.478+0000] {processor.py:161} INFO - Started process (PID=27822) to work on /home/airflow/.local/lib/python3.12/site-packages/airflow/example_dags/tutorial_dag.py
[2026-05-16T14:50:17.479+0000] {processor.py:830} INFO - Processing file /home/airflow/.local/lib/python3.12/site-packages/airflow/example_dags/tutorial_dag.py for tasks to queue
[2026-05-16T14:50:17.479+0000] {logging_mixin.py:188} INFO - [2026-05-16T14:50:17.479+0000] {dagbag.py:545} INFO - Filling up the DagBag from /home/airflow/.local/lib/python3.12/site-packages/airflow/example_dags/tutorial_dag.py
[2026-05-16T14:50:17.481+0000] {processor.py:840} INFO - DAG(s) 'tutorial_dag' retrieved from /home/airflow/.local/lib/python3.12/site-packages/airflow/example_dags/tutorial_dag.py
[2026-05-16T14:50:17.488+0000] {logging_mixin.py:188} INFO - [2026-05-16T14:50:17.488+0000] {dag.py:3089} INFO - Sync 1 DAGs
[2026-05-16T14:50:17.491+0000] {logging_mixin.py:188} INFO - [2026-05-16T14:50:17.491+0000] {dag.py:3947} INFO - Setting next_dagrun for tutorial_dag to None, run_after=None
[2026-05-16T14:50:17.496+0000] {processor.py:183} INFO - Processing /home/airflow/.local/lib/python3.12/site-packages/airflow/example_dags/tutorial_dag.py took 0.020 seconds
[2026-05-16T14:50:47.786+0000] {processor.py:161} INFO - Started process (PID=27884) to work on /home/airflow/.local/lib/python3.12/site-packages/airflow/example_dags/tutorial_dag.py
[2026-05-16T14:50:47.787+0000] {processor.py:830} INFO - Processing file /home/airflow/.local/lib/python3.12/site-packages/airflow/example_dags/tutorial_dag.py for tasks to queue
[2026-05-16T14:50:47.787+0000] {logging_mixin.py:188} INFO - [2026-05-16T14:50:47.787+0000] {dagbag.py:545} INFO - Filling up the DagBag from /home/airflow/.local/lib/python3.12/site-packages/airflow/example_dags/tutorial_dag.py
[2026-05-16T14:50:47.789+0000] {processor.py:840} INFO - DAG(s) 'tutorial_dag' retrieved from /home/airflow/.local/lib/python3.12/site-packages/airflow/example_dags/tutorial_dag.py
[2026-05-16T14:50:47.796+0000] {logging_mixin.py:188} INFO - [2026-05-16T14:50:47.795+0000] {dag.py:3089} INFO - Sync 1 DAGs
[2026-05-16T14:50:47.800+0000] {logging_mixin.py:188} INFO - [2026-05-16T14:50:47.800+0000] {dag.py:3947} INFO - Setting next_dagrun for tutorial_dag to None, run_after=None
[2026-05-16T14:50:47.805+0000] {processor.py:183} INFO - Processing /home/airflow/.local/lib/python3.12/site-packages/airflow/example_dags/tutorial_dag.py took 0.021 seconds
[2026-05-16T14:51:18.174+0000] {processor.py:161} INFO - Started process (PID=27946) to work on /home/airflow/.local/lib/python3.12/site-packages/airflow/example_dags/tutorial_dag.py
[2026-05-16T14:51:18.174+0000] {processor.py:830} INFO - Processing file /home/airflow/.local/lib/python3.12/site-packages/airflow/example_dags/tutorial_dag.py for tasks to queue
[2026-05-16T14:51:18.174+0000] {logging_mixin.py:188} INFO - [2026-05-16T14:51:18.174+0000] {dagbag.py:545} INFO - Filling up the DagBag from /home/airflow/.local/lib/python3.12/site-packages/airflow/example_dags/tutorial_dag.py
[2026-05-16T14:51:18.177+0000] {processor.py:840} INFO - DAG(s) 'tutorial_dag' retrieved from /home/airflow/.local/lib/python3.12/site-packages/airflow/example_dags/tutorial_dag.py
[2026-05-16T14:51:18.185+0000] {logging_mixin.py:188} INFO - [2026-05-16T14:51:18.185+0000] {dag.py:3089} INFO - Sync 1 DAGs
[2026-05-16T14:51:18.189+0000] {logging_mixin.py:188} INFO - [2026-05-16T14:51:18.189+0000] {dag.py:3947} INFO - Setting next_dagrun for tutorial_dag to None, run_after=None
[2026-05-16T14:51:18.193+0000] {processor.py:183} INFO - Processing /home/airflow/.local/lib/python3.12/site-packages/airflow/example_dags/tutorial_dag.py took 0.023 seconds
[2026-05-16T14:51:48.491+0000] {processor.py:161} INFO - Started process (PID=28008) to work on /home/airflow/.local/lib/python3.12/site-packages/airflow/example_dags/tutorial_dag.py
[2026-05-16T14:51:48.491+0000] {processor.py:830} INFO - Processing file /home/airflow/.local/lib/python3.12/site-packages/airflow/example_dags/tutorial_dag.py for tasks to queue
[2026-05-16T14:51:48.492+0000] {logging_mixin.py:188} INFO - [2026-05-16T14:51:48.491+0000] {dagbag.py:545} INFO - Filling up the DagBag from /home/airflow/.local/lib/python3.12/site-packages/airflow/example_dags/tutorial_dag.py
[2026-05-16T14:51:48.493+0000] {processor.py:840} INFO - DAG(s) 'tutorial_dag' retrieved from /home/airflow/.local/lib/python3.12/site-packages/airflow/example_dags/tutorial_dag.py
[2026-05-16T14:51:48.501+0000] {logging_mixin.py:188} INFO - [2026-05-16T14:51:48.501+0000] {dag.py:3089} INFO - Sync 1 DAGs
[2026-05-16T14:51:48.505+0000] {logging_mixin.py:188} INFO - [2026-05-16T14:51:48.505+0000] {dag.py:3947} INFO - Setting next_dagrun for tutorial_dag to None, run_after=None
[2026-05-16T14:51:48.509+0000] {processor.py:183} INFO - Processing /home/airflow/.local/lib/python3.12/site-packages/airflow/example_dags/tutorial_dag.py took 0.021 seconds
[2026-05-16T14:52:18.832+0000] {processor.py:161} INFO - Started process (PID=28070) to work on /home/airflow/.local/lib/python3.12/site-packages/airflow/example_dags/tutorial_dag.py
[2026-05-16T14:52:18.832+0000] {processor.py:830} INFO - Processing file /home/airflow/.local/lib/python3.12/site-packages/airflow/example_dags/tutorial_dag.py for tasks to queue
[2026-05-16T14:52:18.832+0000] {logging_mixin.py:188} INFO - [2026-05-16T14:52:18.832+0000] {dagbag.py:545} INFO - Filling up the DagBag from /home/airflow/.local/lib/python3.12/site-packages/airflow/example_dags/tutorial_dag.py
[2026-05-16T14:52:18.834+0000] {processor.py:840} INFO - DAG(s) 'tutorial_dag' retrieved from /home/airflow/.local/lib/python3.12/site-packages/airflow/example_dags/tutorial_dag.py
[2026-05-16T14:52:18.846+0000] {logging_mixin.py:188} INFO - [2026-05-16T14:52:18.846+0000] {dag.py:3089} INFO - Sync 1 DAGs
[2026-05-16T14:52:18.850+0000] {logging_mixin.py:188} INFO - [2026-05-16T14:52:18.850+0000] {dag.py:3947} INFO - Setting next_dagrun for tutorial_dag to None, run_after=None
[2026-05-16T14:52:18.855+0000] {processor.py:183} INFO - Processing /home/airflow/.local/lib/python3.12/site-packages/airflow/example_dags/tutorial_dag.py took 0.026 seconds
[2026-05-16T14:52:49.111+0000] {processor.py:161} INFO - Started process (PID=28132) to work on /home/airflow/.local/lib/python3.12/site-packages/airflow/example_dags/tutorial_dag.py
[2026-05-16T14:52:49.111+0000] {processor.py:830} INFO - Processing file /home/airflow/.local/lib/python3.12/site-packages/airflow/example_dags/tutorial_dag.py for tasks to queue
[2026-05-16T14:52:49.112+0000] {logging_mixin.py:188} INFO - [2026-05-16T14:52:49.111+0000] {dagbag.py:545} INFO - Filling up the DagBag from /home/airflow/.local/lib/python3.12/site-packages/airflow/example_dags/tutorial_dag.py
[2026-05-16T14:52:49.114+0000] {processor.py:840} INFO - DAG(s) 'tutorial_dag' retrieved from /home/airflow/.local/lib/python3.12/site-packages/airflow/example_dags/tutorial_dag.py
[2026-05-16T14:52:49.123+0000] {logging_mixin.py:188} INFO - [2026-05-16T14:52:49.123+0000] {dag.py:3089} INFO - Sync 1 DAGs
[2026-05-16T14:52:49.127+0000] {logging_mixin.py:188} INFO - [2026-05-16T14:52:49.127+0000] {dag.py:3947} INFO - Setting next_dagrun for tutorial_dag to None, run_after=None
[2026-05-16T14:52:49.132+0000] {processor.py:183} INFO - Processing /home/airflow/.local/lib/python3.12/site-packages/airflow/example_dags/tutorial_dag.py took 0.023 seconds
[2026-05-16T14:53:19.410+0000] {processor.py:161} INFO - Started process (PID=28194) to work on /home/airflow/.local/lib/python3.12/site-packages/airflow/example_dags/tutorial_dag.py
[2026-05-16T14:53:19.411+0000] {processor.py:830} INFO - Processing file /home/airflow/.local/lib/python3.12/site-packages/airflow/example_dags/tutorial_dag.py for tasks to queue
[2026-05-16T14:53:19.411+0000] {logging_mixin.py:188} INFO - [2026-05-16T14:53:19.411+0000] {dagbag.py:545} INFO - Filling up the DagBag from /home/airflow/.local/lib/python3.12/site-packages/airflow/example_dags/tutorial_dag.py
[2026-05-16T14:53:19.413+0000] {processor.py:840} INFO - DAG(s) 'tutorial_dag' retrieved from /home/airflow/.local/lib/python3.12/site-packages/airflow/example_dags/tutorial_dag.py
[2026-05-16T14:53:19.422+0000] {logging_mixin.py:188} INFO - [2026-05-16T14:53:19.422+0000] {dag.py:3089} INFO - Sync 1 DAGs
[2026-05-16T14:53:19.428+0000] {logging_mixin.py:188} INFO - [2026-05-16T14:53:19.428+0000] {dag.py:3947} INFO - Setting next_dagrun for tutorial_dag to None, run_after=None
[2026-05-16T14:53:19.433+0000] {processor.py:183} INFO - Processing /home/airflow/.local/lib/python3.12/site-packages/airflow/example_dags/tutorial_dag.py took 0.026 seconds
[2026-05-16T14:53:49.854+0000] {processor.py:161} INFO - Started process (PID=28256) to work on /home/airflow/.local/lib/python3.12/site-packages/airflow/example_dags/tutorial_dag.py
[2026-05-16T14:53:49.854+0000] {processor.py:830} INFO - Processing file /home/airflow/.local/lib/python3.12/site-packages/airflow/example_dags/tutorial_dag.py for tasks to queue
[2026-05-16T14:53:49.855+0000] {logging_mixin.py:188} INFO - [2026-05-16T14:53:49.855+0000] {dagbag.py:545} INFO - Filling up the DagBag from /home/airflow/.local/lib/python3.12/site-packages/airflow/example_dags/tutorial_dag.py
[2026-05-16T14:53:49.857+0000] {processor.py:840} INFO - DAG(s) 'tutorial_dag' retrieved from /home/airflow/.local/lib/python3.12/site-packages/airflow/example_dags/tutorial_dag.py
[2026-05-16T14:53:49.864+0000] {logging_mixin.py:188} INFO - [2026-05-16T14:53:49.864+0000] {dag.py:3089} INFO - Sync 1 DAGs
[2026-05-16T14:53:49.868+0000] {logging_mixin.py:188} INFO - [2026-05-16T14:53:49.868+0000] {dag.py:3947} INFO - Setting next_dagrun for tutorial_dag to None, run_after=None
[2026-05-16T14:53:49.873+0000] {processor.py:183} INFO - Processing /home/airflow/.local/lib/python3.12/site-packages/airflow/example_dags/tutorial_dag.py took 0.021 seconds
[2026-05-16T14:54:20.462+0000] {processor.py:161} INFO - Started process (PID=28317) to work on /home/airflow/.local/lib/python3.12/site-packages/airflow/example_dags/tutorial_dag.py
[2026-05-16T14:54:20.464+0000] {processor.py:830} INFO - Processing file /home/airflow/.local/lib/python3.12/site-packages/airflow/example_dags/tutorial_dag.py for tasks to queue
[2026-05-16T14:54:20.464+0000] {logging_mixin.py:188} INFO - [2026-05-16T14:54:20.464+0000] {dagbag.py:545} INFO - Filling up the DagBag from /home/airflow/.local/lib/python3.12/site-packages/airflow/example_dags/tutorial_dag.py
[2026-05-16T14:54:20.468+0000] {processor.py:840} INFO - DAG(s) 'tutorial_dag' retrieved from /home/airflow/.local/lib/python3.12/site-packages/airflow/example_dags/tutorial_dag.py
[2026-05-16T14:54:20.485+0000] {logging_mixin.py:188} INFO - [2026-05-16T14:54:20.485+0000] {dag.py:3089} INFO - Sync 1 DAGs
[2026-05-16T14:54:20.494+0000] {logging_mixin.py:188} INFO - [2026-05-16T14:54:20.494+0000] {dag.py:3947} INFO - Setting next_dagrun for tutorial_dag to None, run_after=None
[2026-05-16T14:54:20.508+0000] {processor.py:183} INFO - Processing /home/airflow/.local/lib/python3.12/site-packages/airflow/example_dags/tutorial_dag.py took 0.052 seconds
[2026-05-16T14:54:51.067+0000] {processor.py:161} INFO - Started process (PID=28379) to work on /home/airflow/.local/lib/python3.12/site-packages/airflow/example_dags/tutorial_dag.py
[2026-05-16T14:54:51.068+0000] {processor.py:830} INFO - Processing file /home/airflow/.local/lib/python3.12/site-packages/airflow/example_dags/tutorial_dag.py for tasks to queue
[2026-05-16T14:54:51.068+0000] {logging_mixin.py:188} INFO - [2026-05-16T14:54:51.068+0000] {dagbag.py:545} INFO - Filling up the DagBag from /home/airflow/.local/lib/python3.12/site-packages/airflow/example_dags/tutorial_dag.py
[2026-05-16T14:54:51.072+0000] {processor.py:840} INFO - DAG(s) 'tutorial_dag' retrieved from /home/airflow/.local/lib/python3.12/site-packages/airflow/example_dags/tutorial_dag.py
[2026-05-16T14:54:51.086+0000] {logging_mixin.py:188} INFO - [2026-05-16T14:54:51.086+0000] {dag.py:3089} INFO - Sync 1 DAGs
[2026-05-16T14:54:51.095+0000] {logging_mixin.py:188} INFO - [2026-05-16T14:54:51.095+0000] {dag.py:3947} INFO - Setting next_dagrun for tutorial_dag to None, run_after=None
[2026-05-16T14:54:51.104+0000] {processor.py:183} INFO - Processing /home/airflow/.local/lib/python3.12/site-packages/airflow/example_dags/tutorial_dag.py took 0.043 seconds
[2026-05-16T14:55:21.653+0000] {processor.py:161} INFO - Started process (PID=28441) to work on /home/airflow/.local/lib/python3.12/site-packages/airflow/example_dags/tutorial_dag.py
[2026-05-16T14:55:21.654+0000] {processor.py:830} INFO - Processing file /home/airflow/.local/lib/python3.12/site-packages/airflow/example_dags/tutorial_dag.py for tasks to queue
[2026-05-16T14:55:21.654+0000] {logging_mixin.py:188} INFO - [2026-05-16T14:55:21.654+0000] {dagbag.py:545} INFO - Filling up the DagBag from /home/airflow/.local/lib/python3.12/site-packages/airflow/example_dags/tutorial_dag.py
[2026-05-16T14:55:21.656+0000] {processor.py:840} INFO - DAG(s) 'tutorial_dag' retrieved from /home/airflow/.local/lib/python3.12/site-packages/airflow/example_dags/tutorial_dag.py
[2026-05-16T14:55:21.663+0000] {logging_mixin.py:188} INFO - [2026-05-16T14:55:21.663+0000] {dag.py:3089} INFO - Sync 1 DAGs
[2026-05-16T14:55:21.667+0000] {logging_mixin.py:188} INFO - [2026-05-16T14:55:21.667+0000] {dag.py:3947} INFO - Setting next_dagrun for tutorial_dag to None, run_after=None
[2026-05-16T14:55:21.672+0000] {processor.py:183} INFO - Processing /home/airflow/.local/lib/python3.12/site-packages/airflow/example_dags/tutorial_dag.py took 0.021 seconds
[2026-05-16T14:55:52.181+0000] {processor.py:161} INFO - Started process (PID=28503) to work on /home/airflow/.local/lib/python3.12/site-packages/airflow/example_dags/tutorial_dag.py
[2026-05-16T14:55:52.181+0000] {processor.py:830} INFO - Processing file /home/airflow/.local/lib/python3.12/site-packages/airflow/example_dags/tutorial_dag.py for tasks to queue
[2026-05-16T14:55:52.181+0000] {logging_mixin.py:188} INFO - [2026-05-16T14:55:52.181+0000] {dagbag.py:545} INFO - Filling up the DagBag from /home/airflow/.local/lib/python3.12/site-packages/airflow/example_dags/tutorial_dag.py
[2026-05-16T14:55:52.183+0000] {processor.py:840} INFO - DAG(s) 'tutorial_dag' retrieved from /home/airflow/.local/lib/python3.12/site-packages/airflow/example_dags/tutorial_dag.py
[2026-05-16T14:55:52.190+0000] {logging_mixin.py:188} INFO - [2026-05-16T14:55:52.190+0000] {dag.py:3089} INFO - Sync 1 DAGs
[2026-05-16T14:55:52.194+0000] {logging_mixin.py:188} INFO - [2026-05-16T14:55:52.194+0000] {dag.py:3947} INFO - Setting next_dagrun for tutorial_dag to None, run_after=None
[2026-05-16T14:55:52.198+0000] {processor.py:183} INFO - Processing /home/airflow/.local/lib/python3.12/site-packages/airflow/example_dags/tutorial_dag.py took 0.020 seconds
[2026-05-16T14:56:22.493+0000] {processor.py:161} INFO - Started process (PID=28566) to work on /home/airflow/.local/lib/python3.12/site-packages/airflow/example_dags/tutorial_dag.py
[2026-05-16T14:56:22.494+0000] {processor.py:830} INFO - Processing file /home/airflow/.local/lib/python3.12/site-packages/airflow/example_dags/tutorial_dag.py for tasks to queue
[2026-05-16T14:56:22.494+0000] {logging_mixin.py:188} INFO - [2026-05-16T14:56:22.494+0000] {dagbag.py:545} INFO - Filling up the DagBag from /home/airflow/.local/lib/python3.12/site-packages/airflow/example_dags/tutorial_dag.py
[2026-05-16T14:56:22.496+0000] {processor.py:840} INFO - DAG(s) 'tutorial_dag' retrieved from /home/airflow/.local/lib/python3.12/site-packages/airflow/example_dags/tutorial_dag.py
[2026-05-16T14:56:22.503+0000] {logging_mixin.py:188} INFO - [2026-05-16T14:56:22.503+0000] {dag.py:3089} INFO - Sync 1 DAGs
[2026-05-16T14:56:22.507+0000] {logging_mixin.py:188} INFO - [2026-05-16T14:56:22.507+0000] {dag.py:3947} INFO - Setting next_dagrun for tutorial_dag to None, run_after=None
[2026-05-16T14:56:22.512+0000] {processor.py:183} INFO - Processing /home/airflow/.local/lib/python3.12/site-packages/airflow/example_dags/tutorial_dag.py took 0.021 seconds
[2026-05-16T14:56:52.808+0000] {processor.py:161} INFO - Started process (PID=28628) to work on /home/airflow/.local/lib/python3.12/site-packages/airflow/example_dags/tutorial_dag.py
[2026-05-16T14:56:52.809+0000] {processor.py:830} INFO - Processing file /home/airflow/.local/lib/python3.12/site-packages/airflow/example_dags/tutorial_dag.py for tasks to queue
[2026-05-16T14:56:52.809+0000] {logging_mixin.py:188} INFO - [2026-05-16T14:56:52.809+0000] {dagbag.py:545} INFO - Filling up the DagBag from /home/airflow/.local/lib/python3.12/site-packages/airflow/example_dags/tutorial_dag.py
[2026-05-16T14:56:52.811+0000] {processor.py:840} INFO - DAG(s) 'tutorial_dag' retrieved from /home/airflow/.local/lib/python3.12/site-packages/airflow/example_dags/tutorial_dag.py
[2026-05-16T14:56:52.820+0000] {logging_mixin.py:188} INFO - [2026-05-16T14:56:52.820+0000] {dag.py:3089} INFO - Sync 1 DAGs
[2026-05-16T14:56:52.824+0000] {logging_mixin.py:188} INFO - [2026-05-16T14:56:52.824+0000] {dag.py:3947} INFO - Setting next_dagrun for tutorial_dag to None, run_after=None
[2026-05-16T14:56:52.828+0000] {processor.py:183} INFO - Processing /home/airflow/.local/lib/python3.12/site-packages/airflow/example_dags/tutorial_dag.py took 0.022 seconds
[2026-05-16T14:57:23.515+0000] {processor.py:161} INFO - Started process (PID=28690) to work on /home/airflow/.local/lib/python3.12/site-packages/airflow/example_dags/tutorial_dag.py
[2026-05-16T14:57:23.515+0000] {processor.py:830} INFO - Processing file /home/airflow/.local/lib/python3.12/site-packages/airflow/example_dags/tutorial_dag.py for tasks to queue
[2026-05-16T14:57:23.515+0000] {logging_mixin.py:188} INFO - [2026-05-16T14:57:23.515+0000] {dagbag.py:545} INFO - Filling up the DagBag from /home/airflow/.local/lib/python3.12/site-packages/airflow/example_dags/tutorial_dag.py
[2026-05-16T14:57:23.518+0000] {processor.py:840} INFO - DAG(s) 'tutorial_dag' retrieved from /home/airflow/.local/lib/python3.12/site-packages/airflow/example_dags/tutorial_dag.py
[2026-05-16T14:57:23.526+0000] {logging_mixin.py:188} INFO - [2026-05-16T14:57:23.526+0000] {dag.py:3089} INFO - Sync 1 DAGs
[2026-05-16T14:57:23.530+0000] {logging_mixin.py:188} INFO - [2026-05-16T14:57:23.530+0000] {dag.py:3947} INFO - Setting next_dagrun for tutorial_dag to None, run_after=None
[2026-05-16T14:57:23.535+0000] {processor.py:183} INFO - Processing /home/airflow/.local/lib/python3.12/site-packages/airflow/example_dags/tutorial_dag.py took 0.022 seconds
[2026-05-16T14:57:55.217+0000] {processor.py:161} INFO - Started process (PID=28752) to work on /home/airflow/.local/lib/python3.12/site-packages/airflow/example_dags/tutorial_dag.py
[2026-05-16T14:57:55.217+0000] {processor.py:830} INFO - Processing file /home/airflow/.local/lib/python3.12/site-packages/airflow/example_dags/tutorial_dag.py for tasks to queue
[2026-05-16T14:57:55.218+0000] {logging_mixin.py:188} INFO - [2026-05-16T14:57:55.218+0000] {dagbag.py:545} INFO - Filling up the DagBag from /home/airflow/.local/lib/python3.12/site-packages/airflow/example_dags/tutorial_dag.py
[2026-05-16T14:57:55.219+0000] {processor.py:840} INFO - DAG(s) 'tutorial_dag' retrieved from /home/airflow/.local/lib/python3.12/site-packages/airflow/example_dags/tutorial_dag.py
[2026-05-16T14:57:55.226+0000] {logging_mixin.py:188} INFO - [2026-05-16T14:57:55.226+0000] {dag.py:3089} INFO - Sync 1 DAGs
[2026-05-16T14:57:55.230+0000] {logging_mixin.py:188} INFO - [2026-05-16T14:57:55.230+0000] {dag.py:3947} INFO - Setting next_dagrun for tutorial_dag to None, run_after=None
[2026-05-16T14:57:55.235+0000] {processor.py:183} INFO - Processing /home/airflow/.local/lib/python3.12/site-packages/airflow/example_dags/tutorial_dag.py took 0.020 seconds
[2026-05-16T14:58:26.059+0000] {processor.py:161} INFO - Started process (PID=28814) to work on /home/airflow/.local/lib/python3.12/site-packages/airflow/example_dags/tutorial_dag.py
[2026-05-16T14:58:26.059+0000] {processor.py:830} INFO - Processing file /home/airflow/.local/lib/python3.12/site-packages/airflow/example_dags/tutorial_dag.py for tasks to queue
[2026-05-16T14:58:26.060+0000] {logging_mixin.py:188} INFO - [2026-05-16T14:58:26.060+0000] {dagbag.py:545} INFO - Filling up the DagBag from /home/airflow/.local/lib/python3.12/site-packages/airflow/example_dags/tutorial_dag.py
[2026-05-16T14:58:26.062+0000] {processor.py:840} INFO - DAG(s) 'tutorial_dag' retrieved from /home/airflow/.local/lib/python3.12/site-packages/airflow/example_dags/tutorial_dag.py
[2026-05-16T14:58:26.070+0000] {logging_mixin.py:188} INFO - [2026-05-16T14:58:26.070+0000] {dag.py:3089} INFO - Sync 1 DAGs
[2026-05-16T14:58:26.075+0000] {logging_mixin.py:188} INFO - [2026-05-16T14:58:26.075+0000] {dag.py:3947} INFO - Setting next_dagrun for tutorial_dag to None, run_after=None
[2026-05-16T14:58:26.082+0000] {processor.py:183} INFO - Processing /home/airflow/.local/lib/python3.12/site-packages/airflow/example_dags/tutorial_dag.py took 0.025 seconds
[2026-05-16T14:58:56.499+0000] {processor.py:161} INFO - Started process (PID=28876) to work on /home/airflow/.local/lib/python3.12/site-packages/airflow/example_dags/tutorial_dag.py
[2026-05-16T14:58:56.500+0000] {processor.py:830} INFO - Processing file /home/airflow/.local/lib/python3.12/site-packages/airflow/example_dags/tutorial_dag.py for tasks to queue
[2026-05-16T14:58:56.500+0000] {logging_mixin.py:188} INFO - [2026-05-16T14:58:56.500+0000] {dagbag.py:545} INFO - Filling up the DagBag from /home/airflow/.local/lib/python3.12/site-packages/airflow/example_dags/tutorial_dag.py
[2026-05-16T14:58:56.502+0000] {processor.py:840} INFO - DAG(s) 'tutorial_dag' retrieved from /home/airflow/.local/lib/python3.12/site-packages/airflow/example_dags/tutorial_dag.py
[2026-05-16T14:58:56.508+0000] {logging_mixin.py:188} INFO - [2026-05-16T14:58:56.508+0000] {dag.py:3089} INFO - Sync 1 DAGs
[2026-05-16T14:58:56.512+0000] {logging_mixin.py:188} INFO - [2026-05-16T14:58:56.512+0000] {dag.py:3947} INFO - Setting next_dagrun for tutorial_dag to None, run_after=None
[2026-05-16T14:58:56.517+0000] {processor.py:183} INFO - Processing /home/airflow/.local/lib/python3.12/site-packages/airflow/example_dags/tutorial_dag.py took 0.020 seconds
[2026-05-16T14:59:26.921+0000] {processor.py:161} INFO - Started process (PID=28938) to work on /home/airflow/.local/lib/python3.12/site-packages/airflow/example_dags/tutorial_dag.py
[2026-05-16T14:59:26.921+0000] {processor.py:830} INFO - Processing file /home/airflow/.local/lib/python3.12/site-packages/airflow/example_dags/tutorial_dag.py for tasks to queue
[2026-05-16T14:59:26.922+0000] {logging_mixin.py:188} INFO - [2026-05-16T14:59:26.922+0000] {dagbag.py:545} INFO - Filling up the DagBag from /home/airflow/.local/lib/python3.12/site-packages/airflow/example_dags/tutorial_dag.py
[2026-05-16T14:59:26.924+0000] {processor.py:840} INFO - DAG(s) 'tutorial_dag' retrieved from /home/airflow/.local/lib/python3.12/site-packages/airflow/example_dags/tutorial_dag.py
[2026-05-16T14:59:26.931+0000] {logging_mixin.py:188} INFO - [2026-05-16T14:59:26.931+0000] {dag.py:3089} INFO - Sync 1 DAGs
[2026-05-16T14:59:26.935+0000] {logging_mixin.py:188} INFO - [2026-05-16T14:59:26.935+0000] {dag.py:3947} INFO - Setting next_dagrun for tutorial_dag to None, run_after=None
[2026-05-16T14:59:26.940+0000] {processor.py:183} INFO - Processing /home/airflow/.local/lib/python3.12/site-packages/airflow/example_dags/tutorial_dag.py took 0.021 seconds
[2026-05-16T14:59:57.300+0000] {processor.py:161} INFO - Started process (PID=29000) to work on /home/airflow/.local/lib/python3.12/site-packages/airflow/example_dags/tutorial_dag.py
[2026-05-16T14:59:57.301+0000] {processor.py:830} INFO - Processing file /home/airflow/.local/lib/python3.12/site-packages/airflow/example_dags/tutorial_dag.py for tasks to queue
[2026-05-16T14:59:57.301+0000] {logging_mixin.py:188} INFO - [2026-05-16T14:59:57.301+0000] {dagbag.py:545} INFO - Filling up the DagBag from /home/airflow/.local/lib/python3.12/site-packages/airflow/example_dags/tutorial_dag.py
[2026-05-16T14:59:57.303+0000] {processor.py:840} INFO - DAG(s) 'tutorial_dag' retrieved from /home/airflow/.local/lib/python3.12/site-packages/airflow/example_dags/tutorial_dag.py
[2026-05-16T14:59:57.310+0000] {logging_mixin.py:188} INFO - [2026-05-16T14:59:57.310+0000] {dag.py:3089} INFO - Sync 1 DAGs
[2026-05-16T14:59:57.313+0000] {logging_mixin.py:188} INFO - [2026-05-16T14:59:57.313+0000] {dag.py:3947} INFO - Setting next_dagrun for tutorial_dag to None, run_after=None
[2026-05-16T14:59:57.318+0000] {processor.py:183} INFO - Processing /home/airflow/.local/lib/python3.12/site-packages/airflow/example_dags/tutorial_dag.py took 0.022 seconds
[2026-05-16T15:00:27.710+0000] {processor.py:161} INFO - Started process (PID=29062) to work on /home/airflow/.local/lib/python3.12/site-packages/airflow/example_dags/tutorial_dag.py
[2026-05-16T15:00:27.711+0000] {processor.py:830} INFO - Processing file /home/airflow/.local/lib/python3.12/site-packages/airflow/example_dags/tutorial_dag.py for tasks to queue
[2026-05-16T15:00:27.711+0000] {logging_mixin.py:188} INFO - [2026-05-16T15:00:27.711+0000] {dagbag.py:545} INFO - Filling up the DagBag from /home/airflow/.local/lib/python3.12/site-packages/airflow/example_dags/tutorial_dag.py
[2026-05-16T15:00:27.713+0000] {processor.py:840} INFO - DAG(s) 'tutorial_dag' retrieved from /home/airflow/.local/lib/python3.12/site-packages/airflow/example_dags/tutorial_dag.py
[2026-05-16T15:00:27.722+0000] {logging_mixin.py:188} INFO - [2026-05-16T15:00:27.722+0000] {dag.py:3089} INFO - Sync 1 DAGs
[2026-05-16T15:00:27.726+0000] {logging_mixin.py:188} INFO - [2026-05-16T15:00:27.726+0000] {dag.py:3947} INFO - Setting next_dagrun for tutorial_dag to None, run_after=None
[2026-05-16T15:00:27.732+0000] {processor.py:183} INFO - Processing /home/airflow/.local/lib/python3.12/site-packages/airflow/example_dags/tutorial_dag.py took 0.024 seconds
[2026-05-16T15:00:58.236+0000] {processor.py:161} INFO - Started process (PID=29124) to work on /home/airflow/.local/lib/python3.12/site-packages/airflow/example_dags/tutorial_dag.py
[2026-05-16T15:00:58.237+0000] {processor.py:830} INFO - Processing file /home/airflow/.local/lib/python3.12/site-packages/airflow/example_dags/tutorial_dag.py for tasks to queue
[2026-05-16T15:00:58.237+0000] {logging_mixin.py:188} INFO - [2026-05-16T15:00:58.237+0000] {dagbag.py:545} INFO - Filling up the DagBag from /home/airflow/.local/lib/python3.12/site-packages/airflow/example_dags/tutorial_dag.py
[2026-05-16T15:00:58.239+0000] {processor.py:840} INFO - DAG(s) 'tutorial_dag' retrieved from /home/airflow/.local/lib/python3.12/site-packages/airflow/example_dags/tutorial_dag.py
[2026-05-16T15:00:58.246+0000] {logging_mixin.py:188} INFO - [2026-05-16T15:00:58.246+0000] {dag.py:3089} INFO - Sync 1 DAGs
[2026-05-16T15:00:58.251+0000] {logging_mixin.py:188} INFO - [2026-05-16T15:00:58.250+0000] {dag.py:3947} INFO - Setting next_dagrun for tutorial_dag to None, run_after=None
[2026-05-16T15:00:58.255+0000] {processor.py:183} INFO - Processing /home/airflow/.local/lib/python3.12/site-packages/airflow/example_dags/tutorial_dag.py took 0.024 seconds
[2026-05-16T15:01:28.605+0000] {processor.py:161} INFO - Started process (PID=29186) to work on /home/airflow/.local/lib/python3.12/site-packages/airflow/example_dags/tutorial_dag.py
[2026-05-16T15:01:28.605+0000] {processor.py:830} INFO - Processing file /home/airflow/.local/lib/python3.12/site-packages/airflow/example_dags/tutorial_dag.py for tasks to queue
[2026-05-16T15:01:28.606+0000] {logging_mixin.py:188} INFO - [2026-05-16T15:01:28.606+0000] {dagbag.py:545} INFO - Filling up the DagBag from /home/airflow/.local/lib/python3.12/site-packages/airflow/example_dags/tutorial_dag.py
[2026-05-16T15:01:28.608+0000] {processor.py:840} INFO - DAG(s) 'tutorial_dag' retrieved from /home/airflow/.local/lib/python3.12/site-packages/airflow/example_dags/tutorial_dag.py
[2026-05-16T15:01:28.616+0000] {logging_mixin.py:188} INFO - [2026-05-16T15:01:28.616+0000] {dag.py:3089} INFO - Sync 1 DAGs
[2026-05-16T15:01:28.620+0000] {logging_mixin.py:188} INFO - [2026-05-16T15:01:28.620+0000] {dag.py:3947} INFO - Setting next_dagrun for tutorial_dag to None, run_after=None
[2026-05-16T15:01:28.625+0000] {processor.py:183} INFO - Processing /home/airflow/.local/lib/python3.12/site-packages/airflow/example_dags/tutorial_dag.py took 0.022 seconds
[2026-05-16T15:01:59.090+0000] {processor.py:161} INFO - Started process (PID=29248) to work on /home/airflow/.local/lib/python3.12/site-packages/airflow/example_dags/tutorial_dag.py
[2026-05-16T15:01:59.090+0000] {processor.py:830} INFO - Processing file /home/airflow/.local/lib/python3.12/site-packages/airflow/example_dags/tutorial_dag.py for tasks to queue
[2026-05-16T15:01:59.090+0000] {logging_mixin.py:188} INFO - [2026-05-16T15:01:59.090+0000] {dagbag.py:545} INFO - Filling up the DagBag from /home/airflow/.local/lib/python3.12/site-packages/airflow/example_dags/tutorial_dag.py
[2026-05-16T15:01:59.094+0000] {processor.py:840} INFO - DAG(s) 'tutorial_dag' retrieved from /home/airflow/.local/lib/python3.12/site-packages/airflow/example_dags/tutorial_dag.py
[2026-05-16T15:01:59.102+0000] {logging_mixin.py:188} INFO - [2026-05-16T15:01:59.102+0000] {dag.py:3089} INFO - Sync 1 DAGs
[2026-05-16T15:01:59.106+0000] {logging_mixin.py:188} INFO - [2026-05-16T15:01:59.106+0000] {dag.py:3947} INFO - Setting next_dagrun for tutorial_dag to None, run_after=None
[2026-05-16T15:01:59.113+0000] {processor.py:183} INFO - Processing /home/airflow/.local/lib/python3.12/site-packages/airflow/example_dags/tutorial_dag.py took 0.028 seconds
[2026-05-16T15:02:29.516+0000] {processor.py:161} INFO - Started process (PID=29310) to work on /home/airflow/.local/lib/python3.12/site-packages/airflow/example_dags/tutorial_dag.py
[2026-05-16T15:02:29.516+0000] {processor.py:830} INFO - Processing file /home/airflow/.local/lib/python3.12/site-packages/airflow/example_dags/tutorial_dag.py for tasks to queue
[2026-05-16T15:02:29.516+0000] {logging_mixin.py:188} INFO - [2026-05-16T15:02:29.516+0000] {dagbag.py:545} INFO - Filling up the DagBag from /home/airflow/.local/lib/python3.12/site-packages/airflow/example_dags/tutorial_dag.py
[2026-05-16T15:02:29.519+0000] {processor.py:840} INFO - DAG(s) 'tutorial_dag' retrieved from /home/airflow/.local/lib/python3.12/site-packages/airflow/example_dags/tutorial_dag.py
[2026-05-16T15:02:29.526+0000] {logging_mixin.py:188} INFO - [2026-05-16T15:02:29.525+0000] {dag.py:3089} INFO - Sync 1 DAGs
[2026-05-16T15:02:29.530+0000] {logging_mixin.py:188} INFO - [2026-05-16T15:02:29.530+0000] {dag.py:3947} INFO - Setting next_dagrun for tutorial_dag to None, run_after=None
[2026-05-16T15:02:29.534+0000] {processor.py:183} INFO - Processing /home/airflow/.local/lib/python3.12/site-packages/airflow/example_dags/tutorial_dag.py took 0.021 seconds
[2026-05-16T15:02:59.920+0000] {processor.py:161} INFO - Started process (PID=29372) to work on /home/airflow/.local/lib/python3.12/site-packages/airflow/example_dags/tutorial_dag.py
[2026-05-16T15:02:59.920+0000] {processor.py:830} INFO - Processing file /home/airflow/.local/lib/python3.12/site-packages/airflow/example_dags/tutorial_dag.py for tasks to queue
[2026-05-16T15:02:59.921+0000] {logging_mixin.py:188} INFO - [2026-05-16T15:02:59.921+0000] {dagbag.py:545} INFO - Filling up the DagBag from /home/airflow/.local/lib/python3.12/site-packages/airflow/example_dags/tutorial_dag.py
[2026-05-16T15:02:59.923+0000] {processor.py:840} INFO - DAG(s) 'tutorial_dag' retrieved from /home/airflow/.local/lib/python3.12/site-packages/airflow/example_dags/tutorial_dag.py
[2026-05-16T15:02:59.931+0000] {logging_mixin.py:188} INFO - [2026-05-16T15:02:59.931+0000] {dag.py:3089} INFO - Sync 1 DAGs
[2026-05-16T15:02:59.935+0000] {logging_mixin.py:188} INFO - [2026-05-16T15:02:59.935+0000] {dag.py:3947} INFO - Setting next_dagrun for tutorial_dag to None, run_after=None
[2026-05-16T15:02:59.941+0000] {processor.py:183} INFO - Processing /home/airflow/.local/lib/python3.12/site-packages/airflow/example_dags/tutorial_dag.py took 0.023 seconds
[2026-05-16T15:03:30.620+0000] {processor.py:161} INFO - Started process (PID=29434) to work on /home/airflow/.local/lib/python3.12/site-packages/airflow/example_dags/tutorial_dag.py
[2026-05-16T15:03:30.621+0000] {processor.py:830} INFO - Processing file /home/airflow/.local/lib/python3.12/site-packages/airflow/example_dags/tutorial_dag.py for tasks to queue
[2026-05-16T15:03:30.621+0000] {logging_mixin.py:188} INFO - [2026-05-16T15:03:30.621+0000] {dagbag.py:545} INFO - Filling up the DagBag from /home/airflow/.local/lib/python3.12/site-packages/airflow/example_dags/tutorial_dag.py
[2026-05-16T15:03:30.623+0000] {processor.py:840} INFO - DAG(s) 'tutorial_dag' retrieved from /home/airflow/.local/lib/python3.12/site-packages/airflow/example_dags/tutorial_dag.py
[2026-05-16T15:03:30.632+0000] {logging_mixin.py:188} INFO - [2026-05-16T15:03:30.632+0000] {dag.py:3089} INFO - Sync 1 DAGs
[2026-05-16T15:03:30.637+0000] {logging_mixin.py:188} INFO - [2026-05-16T15:03:30.637+0000] {dag.py:3947} INFO - Setting next_dagrun for tutorial_dag to None, run_after=None
[2026-05-16T15:03:30.642+0000] {processor.py:183} INFO - Processing /home/airflow/.local/lib/python3.12/site-packages/airflow/example_dags/tutorial_dag.py took 0.025 seconds
[2026-05-16T16:25:54.734+0000] {processor.py:161} INFO - Started process (PID=81) to work on /home/airflow/.local/lib/python3.12/site-packages/airflow/example_dags/tutorial_dag.py
[2026-05-16T16:25:54.738+0000] {processor.py:830} INFO - Processing file /home/airflow/.local/lib/python3.12/site-packages/airflow/example_dags/tutorial_dag.py for tasks to queue
[2026-05-16T16:25:54.740+0000] {logging_mixin.py:188} INFO - [2026-05-16T16:25:54.740+0000] {dagbag.py:545} INFO - Filling up the DagBag from /home/airflow/.local/lib/python3.12/site-packages/airflow/example_dags/tutorial_dag.py
[2026-05-16T16:25:54.749+0000] {processor.py:840} INFO - DAG(s) 'tutorial_dag' retrieved from /home/airflow/.local/lib/python3.12/site-packages/airflow/example_dags/tutorial_dag.py
[2026-05-16T16:25:54.763+0000] {logging_mixin.py:188} INFO - [2026-05-16T16:25:54.763+0000] {dag.py:3089} INFO - Sync 1 DAGs
[2026-05-16T16:25:54.774+0000] {logging_mixin.py:188} INFO - [2026-05-16T16:25:54.774+0000] {dag.py:3947} INFO - Setting next_dagrun for tutorial_dag to None, run_after=None
[2026-05-16T16:25:54.797+0000] {processor.py:183} INFO - Processing /home/airflow/.local/lib/python3.12/site-packages/airflow/example_dags/tutorial_dag.py took 0.070 seconds
[2026-05-16T16:26:25.115+0000] {processor.py:161} INFO - Started process (PID=149) to work on /home/airflow/.local/lib/python3.12/site-packages/airflow/example_dags/tutorial_dag.py
[2026-05-16T16:26:25.116+0000] {processor.py:830} INFO - Processing file /home/airflow/.local/lib/python3.12/site-packages/airflow/example_dags/tutorial_dag.py for tasks to queue
[2026-05-16T16:26:25.117+0000] {logging_mixin.py:188} INFO - [2026-05-16T16:26:25.117+0000] {dagbag.py:545} INFO - Filling up the DagBag from /home/airflow/.local/lib/python3.12/site-packages/airflow/example_dags/tutorial_dag.py
[2026-05-16T16:26:25.120+0000] {processor.py:840} INFO - DAG(s) 'tutorial_dag' retrieved from /home/airflow/.local/lib/python3.12/site-packages/airflow/example_dags/tutorial_dag.py
[2026-05-16T16:26:25.166+0000] {logging_mixin.py:188} INFO - [2026-05-16T16:26:25.166+0000] {dag.py:3089} INFO - Sync 1 DAGs
[2026-05-16T16:26:25.171+0000] {logging_mixin.py:188} INFO - [2026-05-16T16:26:25.171+0000] {dag.py:3947} INFO - Setting next_dagrun for tutorial_dag to None, run_after=None
[2026-05-16T16:26:25.178+0000] {processor.py:183} INFO - Processing /home/airflow/.local/lib/python3.12/site-packages/airflow/example_dags/tutorial_dag.py took 0.066 seconds
[2026-05-16T16:26:55.279+0000] {processor.py:161} INFO - Started process (PID=211) to work on /home/airflow/.local/lib/python3.12/site-packages/airflow/example_dags/tutorial_dag.py
[2026-05-16T16:26:55.279+0000] {processor.py:830} INFO - Processing file /home/airflow/.local/lib/python3.12/site-packages/airflow/example_dags/tutorial_dag.py for tasks to queue
[2026-05-16T16:26:55.280+0000] {logging_mixin.py:188} INFO - [2026-05-16T16:26:55.280+0000] {dagbag.py:545} INFO - Filling up the DagBag from /home/airflow/.local/lib/python3.12/site-packages/airflow/example_dags/tutorial_dag.py
[2026-05-16T16:26:55.282+0000] {processor.py:840} INFO - DAG(s) 'tutorial_dag' retrieved from /home/airflow/.local/lib/python3.12/site-packages/airflow/example_dags/tutorial_dag.py
[2026-05-16T16:26:55.292+0000] {logging_mixin.py:188} INFO - [2026-05-16T16:26:55.292+0000] {dag.py:3089} INFO - Sync 1 DAGs
[2026-05-16T16:26:55.297+0000] {logging_mixin.py:188} INFO - [2026-05-16T16:26:55.297+0000] {dag.py:3947} INFO - Setting next_dagrun for tutorial_dag to None, run_after=None
[2026-05-16T16:26:55.304+0000] {processor.py:183} INFO - Processing /home/airflow/.local/lib/python3.12/site-packages/airflow/example_dags/tutorial_dag.py took 0.027 seconds
[2026-05-16T16:27:25.337+0000] {processor.py:161} INFO - Started process (PID=271) to work on /home/airflow/.local/lib/python3.12/site-packages/airflow/example_dags/tutorial_dag.py
[2026-05-16T16:27:25.338+0000] {processor.py:830} INFO - Processing file /home/airflow/.local/lib/python3.12/site-packages/airflow/example_dags/tutorial_dag.py for tasks to queue
[2026-05-16T16:27:25.339+0000] {logging_mixin.py:188} INFO - [2026-05-16T16:27:25.339+0000] {dagbag.py:545} INFO - Filling up the DagBag from /home/airflow/.local/lib/python3.12/site-packages/airflow/example_dags/tutorial_dag.py
[2026-05-16T16:27:25.341+0000] {processor.py:840} INFO - DAG(s) 'tutorial_dag' retrieved from /home/airflow/.local/lib/python3.12/site-packages/airflow/example_dags/tutorial_dag.py
[2026-05-16T16:27:25.352+0000] {logging_mixin.py:188} INFO - [2026-05-16T16:27:25.351+0000] {dag.py:3089} INFO - Sync 1 DAGs
[2026-05-16T16:27:25.357+0000] {logging_mixin.py:188} INFO - [2026-05-16T16:27:25.357+0000] {dag.py:3947} INFO - Setting next_dagrun for tutorial_dag to None, run_after=None
[2026-05-16T16:27:25.363+0000] {processor.py:183} INFO - Processing /home/airflow/.local/lib/python3.12/site-packages/airflow/example_dags/tutorial_dag.py took 0.031 seconds
[2026-05-16T16:27:55.964+0000] {processor.py:161} INFO - Started process (PID=333) to work on /home/airflow/.local/lib/python3.12/site-packages/airflow/example_dags/tutorial_dag.py
[2026-05-16T16:27:55.964+0000] {processor.py:830} INFO - Processing file /home/airflow/.local/lib/python3.12/site-packages/airflow/example_dags/tutorial_dag.py for tasks to queue
[2026-05-16T16:27:55.965+0000] {logging_mixin.py:188} INFO - [2026-05-16T16:27:55.965+0000] {dagbag.py:545} INFO - Filling up the DagBag from /home/airflow/.local/lib/python3.12/site-packages/airflow/example_dags/tutorial_dag.py
[2026-05-16T16:27:55.967+0000] {processor.py:840} INFO - DAG(s) 'tutorial_dag' retrieved from /home/airflow/.local/lib/python3.12/site-packages/airflow/example_dags/tutorial_dag.py
[2026-05-16T16:27:55.977+0000] {logging_mixin.py:188} INFO - [2026-05-16T16:27:55.977+0000] {dag.py:3089} INFO - Sync 1 DAGs
[2026-05-16T16:27:55.983+0000] {logging_mixin.py:188} INFO - [2026-05-16T16:27:55.983+0000] {dag.py:3947} INFO - Setting next_dagrun for tutorial_dag to None, run_after=None
[2026-05-16T16:27:55.991+0000] {processor.py:183} INFO - Processing /home/airflow/.local/lib/python3.12/site-packages/airflow/example_dags/tutorial_dag.py took 0.030 seconds
[2026-05-16T16:28:26.509+0000] {processor.py:161} INFO - Started process (PID=395) to work on /home/airflow/.local/lib/python3.12/site-packages/airflow/example_dags/tutorial_dag.py
[2026-05-16T16:28:26.509+0000] {processor.py:830} INFO - Processing file /home/airflow/.local/lib/python3.12/site-packages/airflow/example_dags/tutorial_dag.py for tasks to queue
[2026-05-16T16:28:26.510+0000] {logging_mixin.py:188} INFO - [2026-05-16T16:28:26.510+0000] {dagbag.py:545} INFO - Filling up the DagBag from /home/airflow/.local/lib/python3.12/site-packages/airflow/example_dags/tutorial_dag.py
[2026-05-16T16:28:26.512+0000] {processor.py:840} INFO - DAG(s) 'tutorial_dag' retrieved from /home/airflow/.local/lib/python3.12/site-packages/airflow/example_dags/tutorial_dag.py
[2026-05-16T16:28:26.520+0000] {logging_mixin.py:188} INFO - [2026-05-16T16:28:26.520+0000] {dag.py:3089} INFO - Sync 1 DAGs
[2026-05-16T16:28:26.524+0000] {logging_mixin.py:188} INFO - [2026-05-16T16:28:26.524+0000] {dag.py:3947} INFO - Setting next_dagrun for tutorial_dag to None, run_after=None
[2026-05-16T16:28:26.530+0000] {processor.py:183} INFO - Processing /home/airflow/.local/lib/python3.12/site-packages/airflow/example_dags/tutorial_dag.py took 0.023 seconds
[2026-05-16T16:28:57.073+0000] {processor.py:161} INFO - Started process (PID=456) to work on /home/airflow/.local/lib/python3.12/site-packages/airflow/example_dags/tutorial_dag.py
[2026-05-16T16:28:57.074+0000] {processor.py:830} INFO - Processing file /home/airflow/.local/lib/python3.12/site-packages/airflow/example_dags/tutorial_dag.py for tasks to queue
[2026-05-16T16:28:57.075+0000] {logging_mixin.py:188} INFO - [2026-05-16T16:28:57.075+0000] {dagbag.py:545} INFO - Filling up the DagBag from /home/airflow/.local/lib/python3.12/site-packages/airflow/example_dags/tutorial_dag.py
[2026-05-16T16:28:57.077+0000] {processor.py:840} INFO - DAG(s) 'tutorial_dag' retrieved from /home/airflow/.local/lib/python3.12/site-packages/airflow/example_dags/tutorial_dag.py
[2026-05-16T16:28:57.087+0000] {logging_mixin.py:188} INFO - [2026-05-16T16:28:57.087+0000] {dag.py:3089} INFO - Sync 1 DAGs
[2026-05-16T16:28:57.092+0000] {logging_mixin.py:188} INFO - [2026-05-16T16:28:57.092+0000] {dag.py:3947} INFO - Setting next_dagrun for tutorial_dag to None, run_after=None
[2026-05-16T16:28:57.099+0000] {processor.py:183} INFO - Processing /home/airflow/.local/lib/python3.12/site-packages/airflow/example_dags/tutorial_dag.py took 0.028 seconds
[2026-05-16T16:29:27.906+0000] {processor.py:161} INFO - Started process (PID=518) to work on /home/airflow/.local/lib/python3.12/site-packages/airflow/example_dags/tutorial_dag.py
[2026-05-16T16:29:27.909+0000] {processor.py:830} INFO - Processing file /home/airflow/.local/lib/python3.12/site-packages/airflow/example_dags/tutorial_dag.py for tasks to queue
[2026-05-16T16:29:27.911+0000] {logging_mixin.py:188} INFO - [2026-05-16T16:29:27.911+0000] {dagbag.py:545} INFO - Filling up the DagBag from /home/airflow/.local/lib/python3.12/site-packages/airflow/example_dags/tutorial_dag.py
[2026-05-16T16:29:27.915+0000] {processor.py:840} INFO - DAG(s) 'tutorial_dag' retrieved from /home/airflow/.local/lib/python3.12/site-packages/airflow/example_dags/tutorial_dag.py
[2026-05-16T16:29:27.925+0000] {logging_mixin.py:188} INFO - [2026-05-16T16:29:27.925+0000] {dag.py:3089} INFO - Sync 1 DAGs
[2026-05-16T16:29:27.931+0000] {logging_mixin.py:188} INFO - [2026-05-16T16:29:27.931+0000] {dag.py:3947} INFO - Setting next_dagrun for tutorial_dag to None, run_after=None
[2026-05-16T16:29:27.938+0000] {processor.py:183} INFO - Processing /home/airflow/.local/lib/python3.12/site-packages/airflow/example_dags/tutorial_dag.py took 0.036 seconds
[2026-05-16T16:29:58.570+0000] {processor.py:161} INFO - Started process (PID=579) to work on /home/airflow/.local/lib/python3.12/site-packages/airflow/example_dags/tutorial_dag.py
[2026-05-16T16:29:58.570+0000] {processor.py:830} INFO - Processing file /home/airflow/.local/lib/python3.12/site-packages/airflow/example_dags/tutorial_dag.py for tasks to queue
[2026-05-16T16:29:58.571+0000] {logging_mixin.py:188} INFO - [2026-05-16T16:29:58.571+0000] {dagbag.py:545} INFO - Filling up the DagBag from /home/airflow/.local/lib/python3.12/site-packages/airflow/example_dags/tutorial_dag.py
[2026-05-16T16:29:58.574+0000] {processor.py:840} INFO - DAG(s) 'tutorial_dag' retrieved from /home/airflow/.local/lib/python3.12/site-packages/airflow/example_dags/tutorial_dag.py
[2026-05-16T16:29:58.583+0000] {logging_mixin.py:188} INFO - [2026-05-16T16:29:58.583+0000] {dag.py:3089} INFO - Sync 1 DAGs
[2026-05-16T16:29:58.588+0000] {logging_mixin.py:188} INFO - [2026-05-16T16:29:58.588+0000] {dag.py:3947} INFO - Setting next_dagrun for tutorial_dag to None, run_after=None
[2026-05-16T16:29:58.595+0000] {processor.py:183} INFO - Processing /home/airflow/.local/lib/python3.12/site-packages/airflow/example_dags/tutorial_dag.py took 0.028 seconds
[2026-05-16T16:30:29.184+0000] {processor.py:161} INFO - Started process (PID=641) to work on /home/airflow/.local/lib/python3.12/site-packages/airflow/example_dags/tutorial_dag.py
[2026-05-16T16:30:29.184+0000] {processor.py:830} INFO - Processing file /home/airflow/.local/lib/python3.12/site-packages/airflow/example_dags/tutorial_dag.py for tasks to queue
[2026-05-16T16:30:29.185+0000] {logging_mixin.py:188} INFO - [2026-05-16T16:30:29.185+0000] {dagbag.py:545} INFO - Filling up the DagBag from /home/airflow/.local/lib/python3.12/site-packages/airflow/example_dags/tutorial_dag.py
[2026-05-16T16:30:29.188+0000] {processor.py:840} INFO - DAG(s) 'tutorial_dag' retrieved from /home/airflow/.local/lib/python3.12/site-packages/airflow/example_dags/tutorial_dag.py
[2026-05-16T16:30:29.197+0000] {logging_mixin.py:188} INFO - [2026-05-16T16:30:29.197+0000] {dag.py:3089} INFO - Sync 1 DAGs
[2026-05-16T16:30:29.201+0000] {logging_mixin.py:188} INFO - [2026-05-16T16:30:29.201+0000] {dag.py:3947} INFO - Setting next_dagrun for tutorial_dag to None, run_after=None
[2026-05-16T16:30:29.208+0000] {processor.py:183} INFO - Processing /home/airflow/.local/lib/python3.12/site-packages/airflow/example_dags/tutorial_dag.py took 0.028 seconds
[2026-05-16T16:30:59.991+0000] {processor.py:161} INFO - Started process (PID=703) to work on /home/airflow/.local/lib/python3.12/site-packages/airflow/example_dags/tutorial_dag.py
[2026-05-16T16:30:59.993+0000] {processor.py:830} INFO - Processing file /home/airflow/.local/lib/python3.12/site-packages/airflow/example_dags/tutorial_dag.py for tasks to queue
[2026-05-16T16:30:59.994+0000] {logging_mixin.py:188} INFO - [2026-05-16T16:30:59.993+0000] {dagbag.py:545} INFO - Filling up the DagBag from /home/airflow/.local/lib/python3.12/site-packages/airflow/example_dags/tutorial_dag.py
[2026-05-16T16:30:59.996+0000] {processor.py:840} INFO - DAG(s) 'tutorial_dag' retrieved from /home/airflow/.local/lib/python3.12/site-packages/airflow/example_dags/tutorial_dag.py
[2026-05-16T16:31:00.005+0000] {logging_mixin.py:188} INFO - [2026-05-16T16:31:00.005+0000] {dag.py:3089} INFO - Sync 1 DAGs
[2026-05-16T16:31:00.011+0000] {logging_mixin.py:188} INFO - [2026-05-16T16:31:00.010+0000] {dag.py:3947} INFO - Setting next_dagrun for tutorial_dag to None, run_after=None
[2026-05-16T16:31:00.017+0000] {processor.py:183} INFO - Processing /home/airflow/.local/lib/python3.12/site-packages/airflow/example_dags/tutorial_dag.py took 0.029 seconds
[2026-05-16T16:31:30.037+0000] {processor.py:161} INFO - Started process (PID=765) to work on /home/airflow/.local/lib/python3.12/site-packages/airflow/example_dags/tutorial_dag.py
[2026-05-16T16:31:30.038+0000] {processor.py:830} INFO - Processing file /home/airflow/.local/lib/python3.12/site-packages/airflow/example_dags/tutorial_dag.py for tasks to queue
[2026-05-16T16:31:30.039+0000] {logging_mixin.py:188} INFO - [2026-05-16T16:31:30.039+0000] {dagbag.py:545} INFO - Filling up the DagBag from /home/airflow/.local/lib/python3.12/site-packages/airflow/example_dags/tutorial_dag.py
[2026-05-16T16:31:30.042+0000] {processor.py:840} INFO - DAG(s) 'tutorial_dag' retrieved from /home/airflow/.local/lib/python3.12/site-packages/airflow/example_dags/tutorial_dag.py
[2026-05-16T16:31:30.051+0000] {logging_mixin.py:188} INFO - [2026-05-16T16:31:30.051+0000] {dag.py:3089} INFO - Sync 1 DAGs
[2026-05-16T16:31:30.056+0000] {logging_mixin.py:188} INFO - [2026-05-16T16:31:30.056+0000] {dag.py:3947} INFO - Setting next_dagrun for tutorial_dag to None, run_after=None
[2026-05-16T16:31:30.063+0000] {processor.py:183} INFO - Processing /home/airflow/.local/lib/python3.12/site-packages/airflow/example_dags/tutorial_dag.py took 0.028 seconds
[2026-05-16T16:32:00.333+0000] {processor.py:161} INFO - Started process (PID=826) to work on /home/airflow/.local/lib/python3.12/site-packages/airflow/example_dags/tutorial_dag.py
[2026-05-16T16:32:00.333+0000] {processor.py:830} INFO - Processing file /home/airflow/.local/lib/python3.12/site-packages/airflow/example_dags/tutorial_dag.py for tasks to queue
[2026-05-16T16:32:00.334+0000] {logging_mixin.py:188} INFO - [2026-05-16T16:32:00.334+0000] {dagbag.py:545} INFO - Filling up the DagBag from /home/airflow/.local/lib/python3.12/site-packages/airflow/example_dags/tutorial_dag.py
[2026-05-16T16:32:00.337+0000] {processor.py:840} INFO - DAG(s) 'tutorial_dag' retrieved from /home/airflow/.local/lib/python3.12/site-packages/airflow/example_dags/tutorial_dag.py
[2026-05-16T16:32:00.347+0000] {logging_mixin.py:188} INFO - [2026-05-16T16:32:00.347+0000] {dag.py:3089} INFO - Sync 1 DAGs
[2026-05-16T16:32:00.352+0000] {logging_mixin.py:188} INFO - [2026-05-16T16:32:00.352+0000] {dag.py:3947} INFO - Setting next_dagrun for tutorial_dag to None, run_after=None
[2026-05-16T16:32:00.359+0000] {processor.py:183} INFO - Processing /home/airflow/.local/lib/python3.12/site-packages/airflow/example_dags/tutorial_dag.py took 0.029 seconds
[2026-05-16T16:32:30.662+0000] {processor.py:161} INFO - Started process (PID=887) to work on /home/airflow/.local/lib/python3.12/site-packages/airflow/example_dags/tutorial_dag.py
[2026-05-16T16:32:30.663+0000] {processor.py:830} INFO - Processing file /home/airflow/.local/lib/python3.12/site-packages/airflow/example_dags/tutorial_dag.py for tasks to queue
[2026-05-16T16:32:30.664+0000] {logging_mixin.py:188} INFO - [2026-05-16T16:32:30.663+0000] {dagbag.py:545} INFO - Filling up the DagBag from /home/airflow/.local/lib/python3.12/site-packages/airflow/example_dags/tutorial_dag.py
[2026-05-16T16:32:30.667+0000] {processor.py:840} INFO - DAG(s) 'tutorial_dag' retrieved from /home/airflow/.local/lib/python3.12/site-packages/airflow/example_dags/tutorial_dag.py
[2026-05-16T16:32:30.675+0000] {logging_mixin.py:188} INFO - [2026-05-16T16:32:30.675+0000] {dag.py:3089} INFO - Sync 1 DAGs
[2026-05-16T16:32:30.680+0000] {logging_mixin.py:188} INFO - [2026-05-16T16:32:30.680+0000] {dag.py:3947} INFO - Setting next_dagrun for tutorial_dag to None, run_after=None
[2026-05-16T16:32:30.687+0000] {processor.py:183} INFO - Processing /home/airflow/.local/lib/python3.12/site-packages/airflow/example_dags/tutorial_dag.py took 0.028 seconds
[2026-05-16T16:33:02.019+0000] {processor.py:161} INFO - Started process (PID=950) to work on /home/airflow/.local/lib/python3.12/site-packages/airflow/example_dags/tutorial_dag.py
[2026-05-16T16:33:02.019+0000] {processor.py:830} INFO - Processing file /home/airflow/.local/lib/python3.12/site-packages/airflow/example_dags/tutorial_dag.py for tasks to queue
[2026-05-16T16:33:02.020+0000] {logging_mixin.py:188} INFO - [2026-05-16T16:33:02.020+0000] {dagbag.py:545} INFO - Filling up the DagBag from /home/airflow/.local/lib/python3.12/site-packages/airflow/example_dags/tutorial_dag.py
[2026-05-16T16:33:02.022+0000] {processor.py:840} INFO - DAG(s) 'tutorial_dag' retrieved from /home/airflow/.local/lib/python3.12/site-packages/airflow/example_dags/tutorial_dag.py
[2026-05-16T16:33:02.031+0000] {logging_mixin.py:188} INFO - [2026-05-16T16:33:02.031+0000] {dag.py:3089} INFO - Sync 1 DAGs
[2026-05-16T16:33:02.036+0000] {logging_mixin.py:188} INFO - [2026-05-16T16:33:02.036+0000] {dag.py:3947} INFO - Setting next_dagrun for tutorial_dag to None, run_after=None
[2026-05-16T16:33:02.119+0000] {processor.py:183} INFO - Processing /home/airflow/.local/lib/python3.12/site-packages/airflow/example_dags/tutorial_dag.py took 0.103 seconds
[2026-05-16T16:33:32.889+0000] {processor.py:161} INFO - Started process (PID=1012) to work on /home/airflow/.local/lib/python3.12/site-packages/airflow/example_dags/tutorial_dag.py
[2026-05-16T16:33:32.890+0000] {processor.py:830} INFO - Processing file /home/airflow/.local/lib/python3.12/site-packages/airflow/example_dags/tutorial_dag.py for tasks to queue
[2026-05-16T16:33:32.890+0000] {logging_mixin.py:188} INFO - [2026-05-16T16:33:32.890+0000] {dagbag.py:545} INFO - Filling up the DagBag from /home/airflow/.local/lib/python3.12/site-packages/airflow/example_dags/tutorial_dag.py
[2026-05-16T16:33:32.893+0000] {processor.py:840} INFO - DAG(s) 'tutorial_dag' retrieved from /home/airflow/.local/lib/python3.12/site-packages/airflow/example_dags/tutorial_dag.py
[2026-05-16T16:33:32.902+0000] {logging_mixin.py:188} INFO - [2026-05-16T16:33:32.902+0000] {dag.py:3089} INFO - Sync 1 DAGs
[2026-05-16T16:33:32.987+0000] {logging_mixin.py:188} INFO - [2026-05-16T16:33:32.987+0000] {dag.py:3947} INFO - Setting next_dagrun for tutorial_dag to None, run_after=None
[2026-05-16T16:33:32.992+0000] {processor.py:183} INFO - Processing /home/airflow/.local/lib/python3.12/site-packages/airflow/example_dags/tutorial_dag.py took 0.105 seconds
[2026-05-16T16:34:03.215+0000] {processor.py:161} INFO - Started process (PID=1075) to work on /home/airflow/.local/lib/python3.12/site-packages/airflow/example_dags/tutorial_dag.py
[2026-05-16T16:34:03.215+0000] {processor.py:830} INFO - Processing file /home/airflow/.local/lib/python3.12/site-packages/airflow/example_dags/tutorial_dag.py for tasks to queue
[2026-05-16T16:34:03.217+0000] {logging_mixin.py:188} INFO - [2026-05-16T16:34:03.217+0000] {dagbag.py:545} INFO - Filling up the DagBag from /home/airflow/.local/lib/python3.12/site-packages/airflow/example_dags/tutorial_dag.py
[2026-05-16T16:34:03.220+0000] {processor.py:840} INFO - DAG(s) 'tutorial_dag' retrieved from /home/airflow/.local/lib/python3.12/site-packages/airflow/example_dags/tutorial_dag.py
[2026-05-16T16:34:03.229+0000] {logging_mixin.py:188} INFO - [2026-05-16T16:34:03.228+0000] {dag.py:3089} INFO - Sync 1 DAGs
[2026-05-16T16:34:03.314+0000] {logging_mixin.py:188} INFO - [2026-05-16T16:34:03.314+0000] {dag.py:3947} INFO - Setting next_dagrun for tutorial_dag to None, run_after=None
[2026-05-16T16:34:03.320+0000] {processor.py:183} INFO - Processing /home/airflow/.local/lib/python3.12/site-packages/airflow/example_dags/tutorial_dag.py took 0.109 seconds
[2026-05-16T16:34:34.271+0000] {processor.py:161} INFO - Started process (PID=1136) to work on /home/airflow/.local/lib/python3.12/site-packages/airflow/example_dags/tutorial_dag.py
[2026-05-16T16:34:34.274+0000] {processor.py:830} INFO - Processing file /home/airflow/.local/lib/python3.12/site-packages/airflow/example_dags/tutorial_dag.py for tasks to queue
[2026-05-16T16:34:34.276+0000] {logging_mixin.py:188} INFO - [2026-05-16T16:34:34.276+0000] {dagbag.py:545} INFO - Filling up the DagBag from /home/airflow/.local/lib/python3.12/site-packages/airflow/example_dags/tutorial_dag.py
[2026-05-16T16:34:34.281+0000] {processor.py:840} INFO - DAG(s) 'tutorial_dag' retrieved from /home/airflow/.local/lib/python3.12/site-packages/airflow/example_dags/tutorial_dag.py
[2026-05-16T16:34:34.300+0000] {logging_mixin.py:188} INFO - [2026-05-16T16:34:34.300+0000] {dag.py:3089} INFO - Sync 1 DAGs
[2026-05-16T16:34:34.307+0000] {logging_mixin.py:188} INFO - [2026-05-16T16:34:34.307+0000] {dag.py:3947} INFO - Setting next_dagrun for tutorial_dag to None, run_after=None
[2026-05-16T16:34:34.314+0000] {processor.py:183} INFO - Processing /home/airflow/.local/lib/python3.12/site-packages/airflow/example_dags/tutorial_dag.py took 0.049 seconds
[2026-05-16T16:35:04.943+0000] {processor.py:161} INFO - Started process (PID=1198) to work on /home/airflow/.local/lib/python3.12/site-packages/airflow/example_dags/tutorial_dag.py
[2026-05-16T16:35:04.944+0000] {processor.py:830} INFO - Processing file /home/airflow/.local/lib/python3.12/site-packages/airflow/example_dags/tutorial_dag.py for tasks to queue
[2026-05-16T16:35:04.947+0000] {logging_mixin.py:188} INFO - [2026-05-16T16:35:04.947+0000] {dagbag.py:545} INFO - Filling up the DagBag from /home/airflow/.local/lib/python3.12/site-packages/airflow/example_dags/tutorial_dag.py
[2026-05-16T16:35:04.953+0000] {processor.py:840} INFO - DAG(s) 'tutorial_dag' retrieved from /home/airflow/.local/lib/python3.12/site-packages/airflow/example_dags/tutorial_dag.py
[2026-05-16T16:35:04.968+0000] {logging_mixin.py:188} INFO - [2026-05-16T16:35:04.967+0000] {dag.py:3089} INFO - Sync 1 DAGs
[2026-05-16T16:35:04.975+0000] {logging_mixin.py:188} INFO - [2026-05-16T16:35:04.974+0000] {dag.py:3947} INFO - Setting next_dagrun for tutorial_dag to None, run_after=None
[2026-05-16T16:35:04.984+0000] {processor.py:183} INFO - Processing /home/airflow/.local/lib/python3.12/site-packages/airflow/example_dags/tutorial_dag.py took 0.051 seconds
[2026-05-16T16:35:35.616+0000] {processor.py:161} INFO - Started process (PID=1260) to work on /home/airflow/.local/lib/python3.12/site-packages/airflow/example_dags/tutorial_dag.py
[2026-05-16T16:35:35.617+0000] {processor.py:830} INFO - Processing file /home/airflow/.local/lib/python3.12/site-packages/airflow/example_dags/tutorial_dag.py for tasks to queue
[2026-05-16T16:35:35.619+0000] {logging_mixin.py:188} INFO - [2026-05-16T16:35:35.618+0000] {dagbag.py:545} INFO - Filling up the DagBag from /home/airflow/.local/lib/python3.12/site-packages/airflow/example_dags/tutorial_dag.py
[2026-05-16T16:35:35.626+0000] {processor.py:840} INFO - DAG(s) 'tutorial_dag' retrieved from /home/airflow/.local/lib/python3.12/site-packages/airflow/example_dags/tutorial_dag.py
[2026-05-16T16:35:35.639+0000] {logging_mixin.py:188} INFO - [2026-05-16T16:35:35.639+0000] {dag.py:3089} INFO - Sync 1 DAGs
[2026-05-16T16:35:35.645+0000] {logging_mixin.py:188} INFO - [2026-05-16T16:35:35.645+0000] {dag.py:3947} INFO - Setting next_dagrun for tutorial_dag to None, run_after=None
[2026-05-16T16:35:35.656+0000] {processor.py:183} INFO - Processing /home/airflow/.local/lib/python3.12/site-packages/airflow/example_dags/tutorial_dag.py took 0.045 seconds
[2026-05-16T16:36:06.263+0000] {processor.py:161} INFO - Started process (PID=1322) to work on /home/airflow/.local/lib/python3.12/site-packages/airflow/example_dags/tutorial_dag.py
[2026-05-16T16:36:06.264+0000] {processor.py:830} INFO - Processing file /home/airflow/.local/lib/python3.12/site-packages/airflow/example_dags/tutorial_dag.py for tasks to queue
[2026-05-16T16:36:06.265+0000] {logging_mixin.py:188} INFO - [2026-05-16T16:36:06.265+0000] {dagbag.py:545} INFO - Filling up the DagBag from /home/airflow/.local/lib/python3.12/site-packages/airflow/example_dags/tutorial_dag.py
[2026-05-16T16:36:06.270+0000] {processor.py:840} INFO - DAG(s) 'tutorial_dag' retrieved from /home/airflow/.local/lib/python3.12/site-packages/airflow/example_dags/tutorial_dag.py
[2026-05-16T16:36:06.286+0000] {logging_mixin.py:188} INFO - [2026-05-16T16:36:06.286+0000] {dag.py:3089} INFO - Sync 1 DAGs
[2026-05-16T16:36:06.293+0000] {logging_mixin.py:188} INFO - [2026-05-16T16:36:06.293+0000] {dag.py:3947} INFO - Setting next_dagrun for tutorial_dag to None, run_after=None
[2026-05-16T16:36:06.301+0000] {processor.py:183} INFO - Processing /home/airflow/.local/lib/python3.12/site-packages/airflow/example_dags/tutorial_dag.py took 0.044 seconds
[2026-05-16T16:36:36.915+0000] {processor.py:161} INFO - Started process (PID=1384) to work on /home/airflow/.local/lib/python3.12/site-packages/airflow/example_dags/tutorial_dag.py
[2026-05-16T16:36:36.916+0000] {processor.py:830} INFO - Processing file /home/airflow/.local/lib/python3.12/site-packages/airflow/example_dags/tutorial_dag.py for tasks to queue
[2026-05-16T16:36:36.918+0000] {logging_mixin.py:188} INFO - [2026-05-16T16:36:36.918+0000] {dagbag.py:545} INFO - Filling up the DagBag from /home/airflow/.local/lib/python3.12/site-packages/airflow/example_dags/tutorial_dag.py
[2026-05-16T16:36:36.922+0000] {processor.py:840} INFO - DAG(s) 'tutorial_dag' retrieved from /home/airflow/.local/lib/python3.12/site-packages/airflow/example_dags/tutorial_dag.py
[2026-05-16T16:36:36.936+0000] {logging_mixin.py:188} INFO - [2026-05-16T16:36:36.936+0000] {dag.py:3089} INFO - Sync 1 DAGs
[2026-05-16T16:36:36.943+0000] {logging_mixin.py:188} INFO - [2026-05-16T16:36:36.943+0000] {dag.py:3947} INFO - Setting next_dagrun for tutorial_dag to None, run_after=None
[2026-05-16T16:36:36.950+0000] {processor.py:183} INFO - Processing /home/airflow/.local/lib/python3.12/site-packages/airflow/example_dags/tutorial_dag.py took 0.042 seconds
[2026-05-16T16:37:07.544+0000] {processor.py:161} INFO - Started process (PID=1446) to work on /home/airflow/.local/lib/python3.12/site-packages/airflow/example_dags/tutorial_dag.py
[2026-05-16T16:37:07.545+0000] {processor.py:830} INFO - Processing file /home/airflow/.local/lib/python3.12/site-packages/airflow/example_dags/tutorial_dag.py for tasks to queue
[2026-05-16T16:37:07.547+0000] {logging_mixin.py:188} INFO - [2026-05-16T16:37:07.546+0000] {dagbag.py:545} INFO - Filling up the DagBag from /home/airflow/.local/lib/python3.12/site-packages/airflow/example_dags/tutorial_dag.py
[2026-05-16T16:37:07.550+0000] {processor.py:840} INFO - DAG(s) 'tutorial_dag' retrieved from /home/airflow/.local/lib/python3.12/site-packages/airflow/example_dags/tutorial_dag.py
[2026-05-16T16:37:07.563+0000] {logging_mixin.py:188} INFO - [2026-05-16T16:37:07.563+0000] {dag.py:3089} INFO - Sync 1 DAGs
[2026-05-16T16:37:07.569+0000] {logging_mixin.py:188} INFO - [2026-05-16T16:37:07.569+0000] {dag.py:3947} INFO - Setting next_dagrun for tutorial_dag to None, run_after=None
[2026-05-16T16:37:07.578+0000] {processor.py:183} INFO - Processing /home/airflow/.local/lib/python3.12/site-packages/airflow/example_dags/tutorial_dag.py took 0.042 seconds
[2026-05-16T16:37:38.211+0000] {processor.py:161} INFO - Started process (PID=1507) to work on /home/airflow/.local/lib/python3.12/site-packages/airflow/example_dags/tutorial_dag.py
[2026-05-16T16:37:38.212+0000] {processor.py:830} INFO - Processing file /home/airflow/.local/lib/python3.12/site-packages/airflow/example_dags/tutorial_dag.py for tasks to queue
[2026-05-16T16:37:38.216+0000] {logging_mixin.py:188} INFO - [2026-05-16T16:37:38.216+0000] {dagbag.py:545} INFO - Filling up the DagBag from /home/airflow/.local/lib/python3.12/site-packages/airflow/example_dags/tutorial_dag.py
[2026-05-16T16:37:38.222+0000] {processor.py:840} INFO - DAG(s) 'tutorial_dag' retrieved from /home/airflow/.local/lib/python3.12/site-packages/airflow/example_dags/tutorial_dag.py
[2026-05-16T16:37:38.235+0000] {logging_mixin.py:188} INFO - [2026-05-16T16:37:38.235+0000] {dag.py:3089} INFO - Sync 1 DAGs
[2026-05-16T16:37:38.242+0000] {logging_mixin.py:188} INFO - [2026-05-16T16:37:38.242+0000] {dag.py:3947} INFO - Setting next_dagrun for tutorial_dag to None, run_after=None
[2026-05-16T16:37:38.249+0000] {processor.py:183} INFO - Processing /home/airflow/.local/lib/python3.12/site-packages/airflow/example_dags/tutorial_dag.py took 0.047 seconds
[2026-05-16T16:38:08.749+0000] {processor.py:161} INFO - Started process (PID=1569) to work on /home/airflow/.local/lib/python3.12/site-packages/airflow/example_dags/tutorial_dag.py
[2026-05-16T16:38:08.750+0000] {processor.py:830} INFO - Processing file /home/airflow/.local/lib/python3.12/site-packages/airflow/example_dags/tutorial_dag.py for tasks to queue
[2026-05-16T16:38:08.752+0000] {logging_mixin.py:188} INFO - [2026-05-16T16:38:08.751+0000] {dagbag.py:545} INFO - Filling up the DagBag from /home/airflow/.local/lib/python3.12/site-packages/airflow/example_dags/tutorial_dag.py
[2026-05-16T16:38:08.756+0000] {processor.py:840} INFO - DAG(s) 'tutorial_dag' retrieved from /home/airflow/.local/lib/python3.12/site-packages/airflow/example_dags/tutorial_dag.py
[2026-05-16T16:38:08.772+0000] {logging_mixin.py:188} INFO - [2026-05-16T16:38:08.772+0000] {dag.py:3089} INFO - Sync 1 DAGs
[2026-05-16T16:38:08.780+0000] {logging_mixin.py:188} INFO - [2026-05-16T16:38:08.780+0000] {dag.py:3947} INFO - Setting next_dagrun for tutorial_dag to None, run_after=None
[2026-05-16T16:38:08.793+0000] {processor.py:183} INFO - Processing /home/airflow/.local/lib/python3.12/site-packages/airflow/example_dags/tutorial_dag.py took 0.050 seconds
[2026-05-16T16:38:39.366+0000] {processor.py:161} INFO - Started process (PID=1631) to work on /home/airflow/.local/lib/python3.12/site-packages/airflow/example_dags/tutorial_dag.py
[2026-05-16T16:38:39.367+0000] {processor.py:830} INFO - Processing file /home/airflow/.local/lib/python3.12/site-packages/airflow/example_dags/tutorial_dag.py for tasks to queue
[2026-05-16T16:38:39.368+0000] {logging_mixin.py:188} INFO - [2026-05-16T16:38:39.368+0000] {dagbag.py:545} INFO - Filling up the DagBag from /home/airflow/.local/lib/python3.12/site-packages/airflow/example_dags/tutorial_dag.py
[2026-05-16T16:38:39.371+0000] {processor.py:840} INFO - DAG(s) 'tutorial_dag' retrieved from /home/airflow/.local/lib/python3.12/site-packages/airflow/example_dags/tutorial_dag.py
[2026-05-16T16:38:39.384+0000] {logging_mixin.py:188} INFO - [2026-05-16T16:38:39.384+0000] {dag.py:3089} INFO - Sync 1 DAGs
[2026-05-16T16:38:39.391+0000] {logging_mixin.py:188} INFO - [2026-05-16T16:38:39.391+0000] {dag.py:3947} INFO - Setting next_dagrun for tutorial_dag to None, run_after=None
[2026-05-16T16:38:39.400+0000] {processor.py:183} INFO - Processing /home/airflow/.local/lib/python3.12/site-packages/airflow/example_dags/tutorial_dag.py took 0.041 seconds
[2026-05-16T16:39:09.929+0000] {processor.py:161} INFO - Started process (PID=1693) to work on /home/airflow/.local/lib/python3.12/site-packages/airflow/example_dags/tutorial_dag.py
[2026-05-16T16:39:09.930+0000] {processor.py:830} INFO - Processing file /home/airflow/.local/lib/python3.12/site-packages/airflow/example_dags/tutorial_dag.py for tasks to queue
[2026-05-16T16:39:09.932+0000] {logging_mixin.py:188} INFO - [2026-05-16T16:39:09.932+0000] {dagbag.py:545} INFO - Filling up the DagBag from /home/airflow/.local/lib/python3.12/site-packages/airflow/example_dags/tutorial_dag.py
[2026-05-16T16:39:09.939+0000] {processor.py:840} INFO - DAG(s) 'tutorial_dag' retrieved from /home/airflow/.local/lib/python3.12/site-packages/airflow/example_dags/tutorial_dag.py
[2026-05-16T16:39:09.954+0000] {logging_mixin.py:188} INFO - [2026-05-16T16:39:09.953+0000] {dag.py:3089} INFO - Sync 1 DAGs
[2026-05-16T16:39:09.962+0000] {logging_mixin.py:188} INFO - [2026-05-16T16:39:09.962+0000] {dag.py:3947} INFO - Setting next_dagrun for tutorial_dag to None, run_after=None
[2026-05-16T16:39:09.970+0000] {processor.py:183} INFO - Processing /home/airflow/.local/lib/python3.12/site-packages/airflow/example_dags/tutorial_dag.py took 0.047 seconds
[2026-05-16T16:39:40.540+0000] {processor.py:161} INFO - Started process (PID=1755) to work on /home/airflow/.local/lib/python3.12/site-packages/airflow/example_dags/tutorial_dag.py
[2026-05-16T16:39:40.542+0000] {processor.py:830} INFO - Processing file /home/airflow/.local/lib/python3.12/site-packages/airflow/example_dags/tutorial_dag.py for tasks to queue
[2026-05-16T16:39:40.544+0000] {logging_mixin.py:188} INFO - [2026-05-16T16:39:40.544+0000] {dagbag.py:545} INFO - Filling up the DagBag from /home/airflow/.local/lib/python3.12/site-packages/airflow/example_dags/tutorial_dag.py
[2026-05-16T16:39:40.548+0000] {processor.py:840} INFO - DAG(s) 'tutorial_dag' retrieved from /home/airflow/.local/lib/python3.12/site-packages/airflow/example_dags/tutorial_dag.py
[2026-05-16T16:39:40.562+0000] {logging_mixin.py:188} INFO - [2026-05-16T16:39:40.562+0000] {dag.py:3089} INFO - Sync 1 DAGs
[2026-05-16T16:39:40.569+0000] {logging_mixin.py:188} INFO - [2026-05-16T16:39:40.569+0000] {dag.py:3947} INFO - Setting next_dagrun for tutorial_dag to None, run_after=None
[2026-05-16T16:39:40.578+0000] {processor.py:183} INFO - Processing /home/airflow/.local/lib/python3.12/site-packages/airflow/example_dags/tutorial_dag.py took 0.044 seconds
[2026-05-16T16:40:11.316+0000] {processor.py:161} INFO - Started process (PID=1817) to work on /home/airflow/.local/lib/python3.12/site-packages/airflow/example_dags/tutorial_dag.py
[2026-05-16T16:40:11.317+0000] {processor.py:830} INFO - Processing file /home/airflow/.local/lib/python3.12/site-packages/airflow/example_dags/tutorial_dag.py for tasks to queue
[2026-05-16T16:40:11.319+0000] {logging_mixin.py:188} INFO - [2026-05-16T16:40:11.319+0000] {dagbag.py:545} INFO - Filling up the DagBag from /home/airflow/.local/lib/python3.12/site-packages/airflow/example_dags/tutorial_dag.py
[2026-05-16T16:40:11.325+0000] {processor.py:840} INFO - DAG(s) 'tutorial_dag' retrieved from /home/airflow/.local/lib/python3.12/site-packages/airflow/example_dags/tutorial_dag.py
[2026-05-16T16:40:11.341+0000] {logging_mixin.py:188} INFO - [2026-05-16T16:40:11.341+0000] {dag.py:3089} INFO - Sync 1 DAGs
[2026-05-16T16:40:11.351+0000] {logging_mixin.py:188} INFO - [2026-05-16T16:40:11.351+0000] {dag.py:3947} INFO - Setting next_dagrun for tutorial_dag to None, run_after=None
[2026-05-16T16:40:11.361+0000] {processor.py:183} INFO - Processing /home/airflow/.local/lib/python3.12/site-packages/airflow/example_dags/tutorial_dag.py took 0.051 seconds
[2026-05-16T16:40:42.002+0000] {processor.py:161} INFO - Started process (PID=1879) to work on /home/airflow/.local/lib/python3.12/site-packages/airflow/example_dags/tutorial_dag.py
[2026-05-16T16:40:42.002+0000] {processor.py:830} INFO - Processing file /home/airflow/.local/lib/python3.12/site-packages/airflow/example_dags/tutorial_dag.py for tasks to queue
[2026-05-16T16:40:42.003+0000] {logging_mixin.py:188} INFO - [2026-05-16T16:40:42.003+0000] {dagbag.py:545} INFO - Filling up the DagBag from /home/airflow/.local/lib/python3.12/site-packages/airflow/example_dags/tutorial_dag.py
[2026-05-16T16:40:42.007+0000] {processor.py:840} INFO - DAG(s) 'tutorial_dag' retrieved from /home/airflow/.local/lib/python3.12/site-packages/airflow/example_dags/tutorial_dag.py
[2026-05-16T16:40:42.024+0000] {logging_mixin.py:188} INFO - [2026-05-16T16:40:42.024+0000] {dag.py:3089} INFO - Sync 1 DAGs
[2026-05-16T16:40:42.032+0000] {logging_mixin.py:188} INFO - [2026-05-16T16:40:42.032+0000] {dag.py:3947} INFO - Setting next_dagrun for tutorial_dag to None, run_after=None
[2026-05-16T16:40:42.043+0000] {processor.py:183} INFO - Processing /home/airflow/.local/lib/python3.12/site-packages/airflow/example_dags/tutorial_dag.py took 0.049 seconds
[2026-05-16T16:41:12.671+0000] {processor.py:161} INFO - Started process (PID=1940) to work on /home/airflow/.local/lib/python3.12/site-packages/airflow/example_dags/tutorial_dag.py
[2026-05-16T16:41:12.671+0000] {processor.py:830} INFO - Processing file /home/airflow/.local/lib/python3.12/site-packages/airflow/example_dags/tutorial_dag.py for tasks to queue
[2026-05-16T16:41:12.672+0000] {logging_mixin.py:188} INFO - [2026-05-16T16:41:12.672+0000] {dagbag.py:545} INFO - Filling up the DagBag from /home/airflow/.local/lib/python3.12/site-packages/airflow/example_dags/tutorial_dag.py
[2026-05-16T16:41:12.678+0000] {processor.py:840} INFO - DAG(s) 'tutorial_dag' retrieved from /home/airflow/.local/lib/python3.12/site-packages/airflow/example_dags/tutorial_dag.py
[2026-05-16T16:41:12.692+0000] {logging_mixin.py:188} INFO - [2026-05-16T16:41:12.692+0000] {dag.py:3089} INFO - Sync 1 DAGs
[2026-05-16T16:41:12.700+0000] {logging_mixin.py:188} INFO - [2026-05-16T16:41:12.699+0000] {dag.py:3947} INFO - Setting next_dagrun for tutorial_dag to None, run_after=None
[2026-05-16T16:41:12.709+0000] {processor.py:183} INFO - Processing /home/airflow/.local/lib/python3.12/site-packages/airflow/example_dags/tutorial_dag.py took 0.045 seconds
[2026-05-16T16:41:43.307+0000] {processor.py:161} INFO - Started process (PID=2001) to work on /home/airflow/.local/lib/python3.12/site-packages/airflow/example_dags/tutorial_dag.py
[2026-05-16T16:41:43.308+0000] {processor.py:830} INFO - Processing file /home/airflow/.local/lib/python3.12/site-packages/airflow/example_dags/tutorial_dag.py for tasks to queue
[2026-05-16T16:41:43.309+0000] {logging_mixin.py:188} INFO - [2026-05-16T16:41:43.309+0000] {dagbag.py:545} INFO - Filling up the DagBag from /home/airflow/.local/lib/python3.12/site-packages/airflow/example_dags/tutorial_dag.py
[2026-05-16T16:41:43.313+0000] {processor.py:840} INFO - DAG(s) 'tutorial_dag' retrieved from /home/airflow/.local/lib/python3.12/site-packages/airflow/example_dags/tutorial_dag.py
[2026-05-16T16:41:43.329+0000] {logging_mixin.py:188} INFO - [2026-05-16T16:41:43.329+0000] {dag.py:3089} INFO - Sync 1 DAGs
[2026-05-16T16:41:43.336+0000] {logging_mixin.py:188} INFO - [2026-05-16T16:41:43.336+0000] {dag.py:3947} INFO - Setting next_dagrun for tutorial_dag to None, run_after=None
[2026-05-16T16:41:43.344+0000] {processor.py:183} INFO - Processing /home/airflow/.local/lib/python3.12/site-packages/airflow/example_dags/tutorial_dag.py took 0.041 seconds
[2026-05-16T16:42:13.954+0000] {processor.py:161} INFO - Started process (PID=2063) to work on /home/airflow/.local/lib/python3.12/site-packages/airflow/example_dags/tutorial_dag.py
[2026-05-16T16:42:13.955+0000] {processor.py:830} INFO - Processing file /home/airflow/.local/lib/python3.12/site-packages/airflow/example_dags/tutorial_dag.py for tasks to queue
[2026-05-16T16:42:13.956+0000] {logging_mixin.py:188} INFO - [2026-05-16T16:42:13.956+0000] {dagbag.py:545} INFO - Filling up the DagBag from /home/airflow/.local/lib/python3.12/site-packages/airflow/example_dags/tutorial_dag.py
[2026-05-16T16:42:13.961+0000] {processor.py:840} INFO - DAG(s) 'tutorial_dag' retrieved from /home/airflow/.local/lib/python3.12/site-packages/airflow/example_dags/tutorial_dag.py
[2026-05-16T16:42:13.976+0000] {logging_mixin.py:188} INFO - [2026-05-16T16:42:13.976+0000] {dag.py:3089} INFO - Sync 1 DAGs
[2026-05-16T16:42:13.984+0000] {logging_mixin.py:188} INFO - [2026-05-16T16:42:13.984+0000] {dag.py:3947} INFO - Setting next_dagrun for tutorial_dag to None, run_after=None
[2026-05-16T16:42:13.993+0000] {processor.py:183} INFO - Processing /home/airflow/.local/lib/python3.12/site-packages/airflow/example_dags/tutorial_dag.py took 0.048 seconds
[2026-05-16T16:42:44.500+0000] {processor.py:161} INFO - Started process (PID=2125) to work on /home/airflow/.local/lib/python3.12/site-packages/airflow/example_dags/tutorial_dag.py
[2026-05-16T16:42:44.501+0000] {processor.py:830} INFO - Processing file /home/airflow/.local/lib/python3.12/site-packages/airflow/example_dags/tutorial_dag.py for tasks to queue
[2026-05-16T16:42:44.503+0000] {logging_mixin.py:188} INFO - [2026-05-16T16:42:44.502+0000] {dagbag.py:545} INFO - Filling up the DagBag from /home/airflow/.local/lib/python3.12/site-packages/airflow/example_dags/tutorial_dag.py
[2026-05-16T16:42:44.507+0000] {processor.py:840} INFO - DAG(s) 'tutorial_dag' retrieved from /home/airflow/.local/lib/python3.12/site-packages/airflow/example_dags/tutorial_dag.py
[2026-05-16T16:42:44.521+0000] {logging_mixin.py:188} INFO - [2026-05-16T16:42:44.521+0000] {dag.py:3089} INFO - Sync 1 DAGs
[2026-05-16T16:42:44.528+0000] {logging_mixin.py:188} INFO - [2026-05-16T16:42:44.528+0000] {dag.py:3947} INFO - Setting next_dagrun for tutorial_dag to None, run_after=None
[2026-05-16T16:42:44.535+0000] {processor.py:183} INFO - Processing /home/airflow/.local/lib/python3.12/site-packages/airflow/example_dags/tutorial_dag.py took 0.041 seconds
[2026-05-16T16:43:15.051+0000] {processor.py:161} INFO - Started process (PID=2186) to work on /home/airflow/.local/lib/python3.12/site-packages/airflow/example_dags/tutorial_dag.py
[2026-05-16T16:43:15.052+0000] {processor.py:830} INFO - Processing file /home/airflow/.local/lib/python3.12/site-packages/airflow/example_dags/tutorial_dag.py for tasks to queue
[2026-05-16T16:43:15.054+0000] {logging_mixin.py:188} INFO - [2026-05-16T16:43:15.053+0000] {dagbag.py:545} INFO - Filling up the DagBag from /home/airflow/.local/lib/python3.12/site-packages/airflow/example_dags/tutorial_dag.py
[2026-05-16T16:43:15.058+0000] {processor.py:840} INFO - DAG(s) 'tutorial_dag' retrieved from /home/airflow/.local/lib/python3.12/site-packages/airflow/example_dags/tutorial_dag.py
[2026-05-16T16:43:15.074+0000] {logging_mixin.py:188} INFO - [2026-05-16T16:43:15.074+0000] {dag.py:3089} INFO - Sync 1 DAGs
[2026-05-16T16:43:15.081+0000] {logging_mixin.py:188} INFO - [2026-05-16T16:43:15.081+0000] {dag.py:3947} INFO - Setting next_dagrun for tutorial_dag to None, run_after=None
[2026-05-16T16:43:15.090+0000] {processor.py:183} INFO - Processing /home/airflow/.local/lib/python3.12/site-packages/airflow/example_dags/tutorial_dag.py took 0.045 seconds
[2026-05-16T16:43:45.616+0000] {processor.py:161} INFO - Started process (PID=2248) to work on /home/airflow/.local/lib/python3.12/site-packages/airflow/example_dags/tutorial_dag.py
[2026-05-16T16:43:45.617+0000] {processor.py:830} INFO - Processing file /home/airflow/.local/lib/python3.12/site-packages/airflow/example_dags/tutorial_dag.py for tasks to queue
[2026-05-16T16:43:45.618+0000] {logging_mixin.py:188} INFO - [2026-05-16T16:43:45.617+0000] {dagbag.py:545} INFO - Filling up the DagBag from /home/airflow/.local/lib/python3.12/site-packages/airflow/example_dags/tutorial_dag.py
[2026-05-16T16:43:45.621+0000] {processor.py:840} INFO - DAG(s) 'tutorial_dag' retrieved from /home/airflow/.local/lib/python3.12/site-packages/airflow/example_dags/tutorial_dag.py
[2026-05-16T16:43:45.631+0000] {logging_mixin.py:188} INFO - [2026-05-16T16:43:45.631+0000] {dag.py:3089} INFO - Sync 1 DAGs
[2026-05-16T16:43:45.637+0000] {logging_mixin.py:188} INFO - [2026-05-16T16:43:45.637+0000] {dag.py:3947} INFO - Setting next_dagrun for tutorial_dag to None, run_after=None
[2026-05-16T16:43:45.646+0000] {processor.py:183} INFO - Processing /home/airflow/.local/lib/python3.12/site-packages/airflow/example_dags/tutorial_dag.py took 0.033 seconds
[2026-05-16T16:44:16.233+0000] {processor.py:161} INFO - Started process (PID=2310) to work on /home/airflow/.local/lib/python3.12/site-packages/airflow/example_dags/tutorial_dag.py
[2026-05-16T16:44:16.234+0000] {processor.py:830} INFO - Processing file /home/airflow/.local/lib/python3.12/site-packages/airflow/example_dags/tutorial_dag.py for tasks to queue
[2026-05-16T16:44:16.235+0000] {logging_mixin.py:188} INFO - [2026-05-16T16:44:16.235+0000] {dagbag.py:545} INFO - Filling up the DagBag from /home/airflow/.local/lib/python3.12/site-packages/airflow/example_dags/tutorial_dag.py
[2026-05-16T16:44:16.240+0000] {processor.py:840} INFO - DAG(s) 'tutorial_dag' retrieved from /home/airflow/.local/lib/python3.12/site-packages/airflow/example_dags/tutorial_dag.py
[2026-05-16T16:44:16.252+0000] {logging_mixin.py:188} INFO - [2026-05-16T16:44:16.252+0000] {dag.py:3089} INFO - Sync 1 DAGs
[2026-05-16T16:44:16.259+0000] {logging_mixin.py:188} INFO - [2026-05-16T16:44:16.259+0000] {dag.py:3947} INFO - Setting next_dagrun for tutorial_dag to None, run_after=None
[2026-05-16T16:44:16.267+0000] {processor.py:183} INFO - Processing /home/airflow/.local/lib/python3.12/site-packages/airflow/example_dags/tutorial_dag.py took 0.043 seconds
[2026-05-16T16:44:46.853+0000] {processor.py:161} INFO - Started process (PID=2372) to work on /home/airflow/.local/lib/python3.12/site-packages/airflow/example_dags/tutorial_dag.py
[2026-05-16T16:44:46.853+0000] {processor.py:830} INFO - Processing file /home/airflow/.local/lib/python3.12/site-packages/airflow/example_dags/tutorial_dag.py for tasks to queue
[2026-05-16T16:44:46.854+0000] {logging_mixin.py:188} INFO - [2026-05-16T16:44:46.854+0000] {dagbag.py:545} INFO - Filling up the DagBag from /home/airflow/.local/lib/python3.12/site-packages/airflow/example_dags/tutorial_dag.py
[2026-05-16T16:44:46.858+0000] {processor.py:840} INFO - DAG(s) 'tutorial_dag' retrieved from /home/airflow/.local/lib/python3.12/site-packages/airflow/example_dags/tutorial_dag.py
[2026-05-16T16:44:46.871+0000] {logging_mixin.py:188} INFO - [2026-05-16T16:44:46.871+0000] {dag.py:3089} INFO - Sync 1 DAGs
[2026-05-16T16:44:46.880+0000] {logging_mixin.py:188} INFO - [2026-05-16T16:44:46.880+0000] {dag.py:3947} INFO - Setting next_dagrun for tutorial_dag to None, run_after=None
[2026-05-16T16:44:46.888+0000] {processor.py:183} INFO - Processing /home/airflow/.local/lib/python3.12/site-packages/airflow/example_dags/tutorial_dag.py took 0.039 seconds
[2026-05-16T16:45:17.415+0000] {processor.py:161} INFO - Started process (PID=2434) to work on /home/airflow/.local/lib/python3.12/site-packages/airflow/example_dags/tutorial_dag.py
[2026-05-16T16:45:17.417+0000] {processor.py:830} INFO - Processing file /home/airflow/.local/lib/python3.12/site-packages/airflow/example_dags/tutorial_dag.py for tasks to queue
[2026-05-16T16:45:17.418+0000] {logging_mixin.py:188} INFO - [2026-05-16T16:45:17.418+0000] {dagbag.py:545} INFO - Filling up the DagBag from /home/airflow/.local/lib/python3.12/site-packages/airflow/example_dags/tutorial_dag.py
[2026-05-16T16:45:17.422+0000] {processor.py:840} INFO - DAG(s) 'tutorial_dag' retrieved from /home/airflow/.local/lib/python3.12/site-packages/airflow/example_dags/tutorial_dag.py
[2026-05-16T16:45:17.438+0000] {logging_mixin.py:188} INFO - [2026-05-16T16:45:17.438+0000] {dag.py:3089} INFO - Sync 1 DAGs
[2026-05-16T16:45:17.445+0000] {logging_mixin.py:188} INFO - [2026-05-16T16:45:17.445+0000] {dag.py:3947} INFO - Setting next_dagrun for tutorial_dag to None, run_after=None
[2026-05-16T16:45:17.452+0000] {processor.py:183} INFO - Processing /home/airflow/.local/lib/python3.12/site-packages/airflow/example_dags/tutorial_dag.py took 0.042 seconds
[2026-05-16T16:45:48.094+0000] {processor.py:161} INFO - Started process (PID=2496) to work on /home/airflow/.local/lib/python3.12/site-packages/airflow/example_dags/tutorial_dag.py
[2026-05-16T16:45:48.094+0000] {processor.py:830} INFO - Processing file /home/airflow/.local/lib/python3.12/site-packages/airflow/example_dags/tutorial_dag.py for tasks to queue
[2026-05-16T16:45:48.096+0000] {logging_mixin.py:188} INFO - [2026-05-16T16:45:48.096+0000] {dagbag.py:545} INFO - Filling up the DagBag from /home/airflow/.local/lib/python3.12/site-packages/airflow/example_dags/tutorial_dag.py
[2026-05-16T16:45:48.102+0000] {processor.py:840} INFO - DAG(s) 'tutorial_dag' retrieved from /home/airflow/.local/lib/python3.12/site-packages/airflow/example_dags/tutorial_dag.py
[2026-05-16T16:45:48.122+0000] {logging_mixin.py:188} INFO - [2026-05-16T16:45:48.121+0000] {dag.py:3089} INFO - Sync 1 DAGs
[2026-05-16T16:45:48.131+0000] {logging_mixin.py:188} INFO - [2026-05-16T16:45:48.131+0000] {dag.py:3947} INFO - Setting next_dagrun for tutorial_dag to None, run_after=None
[2026-05-16T16:45:48.139+0000] {processor.py:183} INFO - Processing /home/airflow/.local/lib/python3.12/site-packages/airflow/example_dags/tutorial_dag.py took 0.053 seconds
[2026-05-16T16:46:18.909+0000] {processor.py:161} INFO - Started process (PID=2558) to work on /home/airflow/.local/lib/python3.12/site-packages/airflow/example_dags/tutorial_dag.py
[2026-05-16T16:46:18.910+0000] {processor.py:830} INFO - Processing file /home/airflow/.local/lib/python3.12/site-packages/airflow/example_dags/tutorial_dag.py for tasks to queue
[2026-05-16T16:46:18.911+0000] {logging_mixin.py:188} INFO - [2026-05-16T16:46:18.911+0000] {dagbag.py:545} INFO - Filling up the DagBag from /home/airflow/.local/lib/python3.12/site-packages/airflow/example_dags/tutorial_dag.py
[2026-05-16T16:46:18.915+0000] {processor.py:840} INFO - DAG(s) 'tutorial_dag' retrieved from /home/airflow/.local/lib/python3.12/site-packages/airflow/example_dags/tutorial_dag.py
[2026-05-16T16:46:18.927+0000] {logging_mixin.py:188} INFO - [2026-05-16T16:46:18.927+0000] {dag.py:3089} INFO - Sync 1 DAGs
[2026-05-16T16:46:18.934+0000] {logging_mixin.py:188} INFO - [2026-05-16T16:46:18.934+0000] {dag.py:3947} INFO - Setting next_dagrun for tutorial_dag to None, run_after=None
[2026-05-16T16:46:18.941+0000] {processor.py:183} INFO - Processing /home/airflow/.local/lib/python3.12/site-packages/airflow/example_dags/tutorial_dag.py took 0.039 seconds
[2026-05-16T16:46:49.450+0000] {processor.py:161} INFO - Started process (PID=2620) to work on /home/airflow/.local/lib/python3.12/site-packages/airflow/example_dags/tutorial_dag.py
[2026-05-16T16:46:49.451+0000] {processor.py:830} INFO - Processing file /home/airflow/.local/lib/python3.12/site-packages/airflow/example_dags/tutorial_dag.py for tasks to queue
[2026-05-16T16:46:49.452+0000] {logging_mixin.py:188} INFO - [2026-05-16T16:46:49.452+0000] {dagbag.py:545} INFO - Filling up the DagBag from /home/airflow/.local/lib/python3.12/site-packages/airflow/example_dags/tutorial_dag.py
[2026-05-16T16:46:49.455+0000] {processor.py:840} INFO - DAG(s) 'tutorial_dag' retrieved from /home/airflow/.local/lib/python3.12/site-packages/airflow/example_dags/tutorial_dag.py
[2026-05-16T16:46:49.467+0000] {logging_mixin.py:188} INFO - [2026-05-16T16:46:49.467+0000] {dag.py:3089} INFO - Sync 1 DAGs
[2026-05-16T16:46:49.474+0000] {logging_mixin.py:188} INFO - [2026-05-16T16:46:49.474+0000] {dag.py:3947} INFO - Setting next_dagrun for tutorial_dag to None, run_after=None
[2026-05-16T16:46:49.482+0000] {processor.py:183} INFO - Processing /home/airflow/.local/lib/python3.12/site-packages/airflow/example_dags/tutorial_dag.py took 0.039 seconds
[2026-05-16T16:47:20.059+0000] {processor.py:161} INFO - Started process (PID=2682) to work on /home/airflow/.local/lib/python3.12/site-packages/airflow/example_dags/tutorial_dag.py
[2026-05-16T16:47:20.060+0000] {processor.py:830} INFO - Processing file /home/airflow/.local/lib/python3.12/site-packages/airflow/example_dags/tutorial_dag.py for tasks to queue
[2026-05-16T16:47:20.062+0000] {logging_mixin.py:188} INFO - [2026-05-16T16:47:20.062+0000] {dagbag.py:545} INFO - Filling up the DagBag from /home/airflow/.local/lib/python3.12/site-packages/airflow/example_dags/tutorial_dag.py
[2026-05-16T16:47:20.066+0000] {processor.py:840} INFO - DAG(s) 'tutorial_dag' retrieved from /home/airflow/.local/lib/python3.12/site-packages/airflow/example_dags/tutorial_dag.py
[2026-05-16T16:47:20.079+0000] {logging_mixin.py:188} INFO - [2026-05-16T16:47:20.078+0000] {dag.py:3089} INFO - Sync 1 DAGs
[2026-05-16T16:47:20.085+0000] {logging_mixin.py:188} INFO - [2026-05-16T16:47:20.085+0000] {dag.py:3947} INFO - Setting next_dagrun for tutorial_dag to None, run_after=None
[2026-05-16T16:47:20.092+0000] {processor.py:183} INFO - Processing /home/airflow/.local/lib/python3.12/site-packages/airflow/example_dags/tutorial_dag.py took 0.042 seconds
[2026-05-16T16:47:50.534+0000] {processor.py:161} INFO - Started process (PID=2744) to work on /home/airflow/.local/lib/python3.12/site-packages/airflow/example_dags/tutorial_dag.py
[2026-05-16T16:47:50.535+0000] {processor.py:830} INFO - Processing file /home/airflow/.local/lib/python3.12/site-packages/airflow/example_dags/tutorial_dag.py for tasks to queue
[2026-05-16T16:47:50.536+0000] {logging_mixin.py:188} INFO - [2026-05-16T16:47:50.536+0000] {dagbag.py:545} INFO - Filling up the DagBag from /home/airflow/.local/lib/python3.12/site-packages/airflow/example_dags/tutorial_dag.py
[2026-05-16T16:47:50.540+0000] {processor.py:840} INFO - DAG(s) 'tutorial_dag' retrieved from /home/airflow/.local/lib/python3.12/site-packages/airflow/example_dags/tutorial_dag.py
[2026-05-16T16:47:50.552+0000] {logging_mixin.py:188} INFO - [2026-05-16T16:47:50.552+0000] {dag.py:3089} INFO - Sync 1 DAGs
[2026-05-16T16:47:50.561+0000] {logging_mixin.py:188} INFO - [2026-05-16T16:47:50.561+0000] {dag.py:3947} INFO - Setting next_dagrun for tutorial_dag to None, run_after=None
[2026-05-16T16:47:50.569+0000] {processor.py:183} INFO - Processing /home/airflow/.local/lib/python3.12/site-packages/airflow/example_dags/tutorial_dag.py took 0.043 seconds
[2026-05-16T16:48:21.088+0000] {processor.py:161} INFO - Started process (PID=2806) to work on /home/airflow/.local/lib/python3.12/site-packages/airflow/example_dags/tutorial_dag.py
[2026-05-16T16:48:21.089+0000] {processor.py:830} INFO - Processing file /home/airflow/.local/lib/python3.12/site-packages/airflow/example_dags/tutorial_dag.py for tasks to queue
[2026-05-16T16:48:21.091+0000] {logging_mixin.py:188} INFO - [2026-05-16T16:48:21.091+0000] {dagbag.py:545} INFO - Filling up the DagBag from /home/airflow/.local/lib/python3.12/site-packages/airflow/example_dags/tutorial_dag.py
[2026-05-16T16:48:21.097+0000] {processor.py:840} INFO - DAG(s) 'tutorial_dag' retrieved from /home/airflow/.local/lib/python3.12/site-packages/airflow/example_dags/tutorial_dag.py
[2026-05-16T16:48:21.111+0000] {logging_mixin.py:188} INFO - [2026-05-16T16:48:21.111+0000] {dag.py:3089} INFO - Sync 1 DAGs
[2026-05-16T16:48:21.119+0000] {logging_mixin.py:188} INFO - [2026-05-16T16:48:21.119+0000] {dag.py:3947} INFO - Setting next_dagrun for tutorial_dag to None, run_after=None
[2026-05-16T16:48:21.127+0000] {processor.py:183} INFO - Processing /home/airflow/.local/lib/python3.12/site-packages/airflow/example_dags/tutorial_dag.py took 0.045 seconds
[2026-05-16T16:48:51.647+0000] {processor.py:161} INFO - Started process (PID=2868) to work on /home/airflow/.local/lib/python3.12/site-packages/airflow/example_dags/tutorial_dag.py
[2026-05-16T16:48:51.648+0000] {processor.py:830} INFO - Processing file /home/airflow/.local/lib/python3.12/site-packages/airflow/example_dags/tutorial_dag.py for tasks to queue
[2026-05-16T16:48:51.649+0000] {logging_mixin.py:188} INFO - [2026-05-16T16:48:51.649+0000] {dagbag.py:545} INFO - Filling up the DagBag from /home/airflow/.local/lib/python3.12/site-packages/airflow/example_dags/tutorial_dag.py
[2026-05-16T16:48:51.652+0000] {processor.py:840} INFO - DAG(s) 'tutorial_dag' retrieved from /home/airflow/.local/lib/python3.12/site-packages/airflow/example_dags/tutorial_dag.py
[2026-05-16T16:48:51.667+0000] {logging_mixin.py:188} INFO - [2026-05-16T16:48:51.667+0000] {dag.py:3089} INFO - Sync 1 DAGs
[2026-05-16T16:48:51.674+0000] {logging_mixin.py:188} INFO - [2026-05-16T16:48:51.674+0000] {dag.py:3947} INFO - Setting next_dagrun for tutorial_dag to None, run_after=None
[2026-05-16T16:48:51.682+0000] {processor.py:183} INFO - Processing /home/airflow/.local/lib/python3.12/site-packages/airflow/example_dags/tutorial_dag.py took 0.041 seconds
[2026-05-16T16:49:22.564+0000] {processor.py:161} INFO - Started process (PID=2930) to work on /home/airflow/.local/lib/python3.12/site-packages/airflow/example_dags/tutorial_dag.py
[2026-05-16T16:49:22.565+0000] {processor.py:830} INFO - Processing file /home/airflow/.local/lib/python3.12/site-packages/airflow/example_dags/tutorial_dag.py for tasks to queue
[2026-05-16T16:49:22.567+0000] {logging_mixin.py:188} INFO - [2026-05-16T16:49:22.567+0000] {dagbag.py:545} INFO - Filling up the DagBag from /home/airflow/.local/lib/python3.12/site-packages/airflow/example_dags/tutorial_dag.py
[2026-05-16T16:49:22.571+0000] {processor.py:840} INFO - DAG(s) 'tutorial_dag' retrieved from /home/airflow/.local/lib/python3.12/site-packages/airflow/example_dags/tutorial_dag.py
[2026-05-16T16:49:22.586+0000] {logging_mixin.py:188} INFO - [2026-05-16T16:49:22.586+0000] {dag.py:3089} INFO - Sync 1 DAGs
[2026-05-16T16:49:22.593+0000] {logging_mixin.py:188} INFO - [2026-05-16T16:49:22.593+0000] {dag.py:3947} INFO - Setting next_dagrun for tutorial_dag to None, run_after=None
[2026-05-16T16:49:22.601+0000] {processor.py:183} INFO - Processing /home/airflow/.local/lib/python3.12/site-packages/airflow/example_dags/tutorial_dag.py took 0.048 seconds
[2026-05-16T16:49:53.490+0000] {processor.py:161} INFO - Started process (PID=2992) to work on /home/airflow/.local/lib/python3.12/site-packages/airflow/example_dags/tutorial_dag.py
[2026-05-16T16:49:53.491+0000] {processor.py:830} INFO - Processing file /home/airflow/.local/lib/python3.12/site-packages/airflow/example_dags/tutorial_dag.py for tasks to queue
[2026-05-16T16:49:53.492+0000] {logging_mixin.py:188} INFO - [2026-05-16T16:49:53.492+0000] {dagbag.py:545} INFO - Filling up the DagBag from /home/airflow/.local/lib/python3.12/site-packages/airflow/example_dags/tutorial_dag.py
[2026-05-16T16:49:53.496+0000] {processor.py:840} INFO - DAG(s) 'tutorial_dag' retrieved from /home/airflow/.local/lib/python3.12/site-packages/airflow/example_dags/tutorial_dag.py
[2026-05-16T16:49:53.511+0000] {logging_mixin.py:188} INFO - [2026-05-16T16:49:53.511+0000] {dag.py:3089} INFO - Sync 1 DAGs
[2026-05-16T16:49:53.518+0000] {logging_mixin.py:188} INFO - [2026-05-16T16:49:53.518+0000] {dag.py:3947} INFO - Setting next_dagrun for tutorial_dag to None, run_after=None
[2026-05-16T16:49:53.526+0000] {processor.py:183} INFO - Processing /home/airflow/.local/lib/python3.12/site-packages/airflow/example_dags/tutorial_dag.py took 0.044 seconds
[2026-05-16T16:50:23.542+0000] {processor.py:161} INFO - Started process (PID=3053) to work on /home/airflow/.local/lib/python3.12/site-packages/airflow/example_dags/tutorial_dag.py
[2026-05-16T16:50:23.543+0000] {processor.py:830} INFO - Processing file /home/airflow/.local/lib/python3.12/site-packages/airflow/example_dags/tutorial_dag.py for tasks to queue
[2026-05-16T16:50:23.543+0000] {logging_mixin.py:188} INFO - [2026-05-16T16:50:23.543+0000] {dagbag.py:545} INFO - Filling up the DagBag from /home/airflow/.local/lib/python3.12/site-packages/airflow/example_dags/tutorial_dag.py
[2026-05-16T16:50:23.546+0000] {processor.py:840} INFO - DAG(s) 'tutorial_dag' retrieved from /home/airflow/.local/lib/python3.12/site-packages/airflow/example_dags/tutorial_dag.py
[2026-05-16T16:50:23.555+0000] {logging_mixin.py:188} INFO - [2026-05-16T16:50:23.555+0000] {dag.py:3089} INFO - Sync 1 DAGs
[2026-05-16T16:50:23.560+0000] {logging_mixin.py:188} INFO - [2026-05-16T16:50:23.560+0000] {dag.py:3947} INFO - Setting next_dagrun for tutorial_dag to None, run_after=None
[2026-05-16T16:50:23.567+0000] {processor.py:183} INFO - Processing /home/airflow/.local/lib/python3.12/site-packages/airflow/example_dags/tutorial_dag.py took 0.028 seconds
[2026-05-16T16:50:54.587+0000] {processor.py:161} INFO - Started process (PID=3115) to work on /home/airflow/.local/lib/python3.12/site-packages/airflow/example_dags/tutorial_dag.py
[2026-05-16T16:50:54.588+0000] {processor.py:830} INFO - Processing file /home/airflow/.local/lib/python3.12/site-packages/airflow/example_dags/tutorial_dag.py for tasks to queue
[2026-05-16T16:50:54.588+0000] {logging_mixin.py:188} INFO - [2026-05-16T16:50:54.588+0000] {dagbag.py:545} INFO - Filling up the DagBag from /home/airflow/.local/lib/python3.12/site-packages/airflow/example_dags/tutorial_dag.py
[2026-05-16T16:50:54.591+0000] {processor.py:840} INFO - DAG(s) 'tutorial_dag' retrieved from /home/airflow/.local/lib/python3.12/site-packages/airflow/example_dags/tutorial_dag.py
[2026-05-16T16:50:54.600+0000] {logging_mixin.py:188} INFO - [2026-05-16T16:50:54.599+0000] {dag.py:3089} INFO - Sync 1 DAGs
[2026-05-16T16:50:54.604+0000] {logging_mixin.py:188} INFO - [2026-05-16T16:50:54.604+0000] {dag.py:3947} INFO - Setting next_dagrun for tutorial_dag to None, run_after=None
[2026-05-16T16:50:54.609+0000] {processor.py:183} INFO - Processing /home/airflow/.local/lib/python3.12/site-packages/airflow/example_dags/tutorial_dag.py took 0.024 seconds
[2026-05-16T16:51:25.329+0000] {processor.py:161} INFO - Started process (PID=3177) to work on /home/airflow/.local/lib/python3.12/site-packages/airflow/example_dags/tutorial_dag.py
[2026-05-16T16:51:25.330+0000] {processor.py:830} INFO - Processing file /home/airflow/.local/lib/python3.12/site-packages/airflow/example_dags/tutorial_dag.py for tasks to queue
[2026-05-16T16:51:25.330+0000] {logging_mixin.py:188} INFO - [2026-05-16T16:51:25.330+0000] {dagbag.py:545} INFO - Filling up the DagBag from /home/airflow/.local/lib/python3.12/site-packages/airflow/example_dags/tutorial_dag.py
[2026-05-16T16:51:25.333+0000] {processor.py:840} INFO - DAG(s) 'tutorial_dag' retrieved from /home/airflow/.local/lib/python3.12/site-packages/airflow/example_dags/tutorial_dag.py
[2026-05-16T16:51:25.342+0000] {logging_mixin.py:188} INFO - [2026-05-16T16:51:25.342+0000] {dag.py:3089} INFO - Sync 1 DAGs
[2026-05-16T16:51:25.348+0000] {logging_mixin.py:188} INFO - [2026-05-16T16:51:25.348+0000] {dag.py:3947} INFO - Setting next_dagrun for tutorial_dag to None, run_after=None
[2026-05-16T16:51:25.355+0000] {processor.py:183} INFO - Processing /home/airflow/.local/lib/python3.12/site-packages/airflow/example_dags/tutorial_dag.py took 0.028 seconds
[2026-05-16T16:51:56.111+0000] {processor.py:161} INFO - Started process (PID=3239) to work on /home/airflow/.local/lib/python3.12/site-packages/airflow/example_dags/tutorial_dag.py
[2026-05-16T16:51:56.112+0000] {processor.py:830} INFO - Processing file /home/airflow/.local/lib/python3.12/site-packages/airflow/example_dags/tutorial_dag.py for tasks to queue
[2026-05-16T16:51:56.115+0000] {logging_mixin.py:188} INFO - [2026-05-16T16:51:56.115+0000] {dagbag.py:545} INFO - Filling up the DagBag from /home/airflow/.local/lib/python3.12/site-packages/airflow/example_dags/tutorial_dag.py
[2026-05-16T16:51:56.118+0000] {processor.py:840} INFO - DAG(s) 'tutorial_dag' retrieved from /home/airflow/.local/lib/python3.12/site-packages/airflow/example_dags/tutorial_dag.py
[2026-05-16T16:51:56.126+0000] {logging_mixin.py:188} INFO - [2026-05-16T16:51:56.126+0000] {dag.py:3089} INFO - Sync 1 DAGs
[2026-05-16T16:51:56.131+0000] {logging_mixin.py:188} INFO - [2026-05-16T16:51:56.131+0000] {dag.py:3947} INFO - Setting next_dagrun for tutorial_dag to None, run_after=None
[2026-05-16T16:51:56.136+0000] {processor.py:183} INFO - Processing /home/airflow/.local/lib/python3.12/site-packages/airflow/example_dags/tutorial_dag.py took 0.028 seconds
[2026-05-16T16:52:26.908+0000] {processor.py:161} INFO - Started process (PID=3300) to work on /home/airflow/.local/lib/python3.12/site-packages/airflow/example_dags/tutorial_dag.py
[2026-05-16T16:52:26.909+0000] {processor.py:830} INFO - Processing file /home/airflow/.local/lib/python3.12/site-packages/airflow/example_dags/tutorial_dag.py for tasks to queue
[2026-05-16T16:52:26.911+0000] {logging_mixin.py:188} INFO - [2026-05-16T16:52:26.911+0000] {dagbag.py:545} INFO - Filling up the DagBag from /home/airflow/.local/lib/python3.12/site-packages/airflow/example_dags/tutorial_dag.py
[2026-05-16T16:52:26.914+0000] {processor.py:840} INFO - DAG(s) 'tutorial_dag' retrieved from /home/airflow/.local/lib/python3.12/site-packages/airflow/example_dags/tutorial_dag.py
[2026-05-16T16:52:26.931+0000] {logging_mixin.py:188} INFO - [2026-05-16T16:52:26.931+0000] {dag.py:3089} INFO - Sync 1 DAGs
[2026-05-16T16:52:26.944+0000] {logging_mixin.py:188} INFO - [2026-05-16T16:52:26.944+0000] {dag.py:3947} INFO - Setting next_dagrun for tutorial_dag to None, run_after=None
[2026-05-16T16:52:26.960+0000] {processor.py:183} INFO - Processing /home/airflow/.local/lib/python3.12/site-packages/airflow/example_dags/tutorial_dag.py took 0.055 seconds
[2026-05-16T16:52:57.029+0000] {processor.py:161} INFO - Started process (PID=3362) to work on /home/airflow/.local/lib/python3.12/site-packages/airflow/example_dags/tutorial_dag.py
[2026-05-16T16:52:57.029+0000] {processor.py:830} INFO - Processing file /home/airflow/.local/lib/python3.12/site-packages/airflow/example_dags/tutorial_dag.py for tasks to queue
[2026-05-16T16:52:57.031+0000] {logging_mixin.py:188} INFO - [2026-05-16T16:52:57.031+0000] {dagbag.py:545} INFO - Filling up the DagBag from /home/airflow/.local/lib/python3.12/site-packages/airflow/example_dags/tutorial_dag.py
[2026-05-16T16:52:57.033+0000] {processor.py:840} INFO - DAG(s) 'tutorial_dag' retrieved from /home/airflow/.local/lib/python3.12/site-packages/airflow/example_dags/tutorial_dag.py
[2026-05-16T16:52:57.042+0000] {logging_mixin.py:188} INFO - [2026-05-16T16:52:57.042+0000] {dag.py:3089} INFO - Sync 1 DAGs
[2026-05-16T16:52:57.047+0000] {logging_mixin.py:188} INFO - [2026-05-16T16:52:57.047+0000] {dag.py:3947} INFO - Setting next_dagrun for tutorial_dag to None, run_after=None
[2026-05-16T16:52:57.054+0000] {processor.py:183} INFO - Processing /home/airflow/.local/lib/python3.12/site-packages/airflow/example_dags/tutorial_dag.py took 0.028 seconds
[2026-05-16T16:53:28.029+0000] {processor.py:161} INFO - Started process (PID=3429) to work on /home/airflow/.local/lib/python3.12/site-packages/airflow/example_dags/tutorial_dag.py
[2026-05-16T16:53:28.029+0000] {processor.py:830} INFO - Processing file /home/airflow/.local/lib/python3.12/site-packages/airflow/example_dags/tutorial_dag.py for tasks to queue
[2026-05-16T16:53:28.030+0000] {logging_mixin.py:188} INFO - [2026-05-16T16:53:28.030+0000] {dagbag.py:545} INFO - Filling up the DagBag from /home/airflow/.local/lib/python3.12/site-packages/airflow/example_dags/tutorial_dag.py
[2026-05-16T16:53:28.033+0000] {processor.py:840} INFO - DAG(s) 'tutorial_dag' retrieved from /home/airflow/.local/lib/python3.12/site-packages/airflow/example_dags/tutorial_dag.py
[2026-05-16T16:53:28.044+0000] {logging_mixin.py:188} INFO - [2026-05-16T16:53:28.044+0000] {dag.py:3089} INFO - Sync 1 DAGs
[2026-05-16T16:53:28.049+0000] {logging_mixin.py:188} INFO - [2026-05-16T16:53:28.048+0000] {dag.py:3947} INFO - Setting next_dagrun for tutorial_dag to None, run_after=None
[2026-05-16T16:53:28.055+0000] {processor.py:183} INFO - Processing /home/airflow/.local/lib/python3.12/site-packages/airflow/example_dags/tutorial_dag.py took 0.029 seconds
[2026-05-16T16:53:58.808+0000] {processor.py:161} INFO - Started process (PID=3491) to work on /home/airflow/.local/lib/python3.12/site-packages/airflow/example_dags/tutorial_dag.py
[2026-05-16T16:53:58.808+0000] {processor.py:830} INFO - Processing file /home/airflow/.local/lib/python3.12/site-packages/airflow/example_dags/tutorial_dag.py for tasks to queue
[2026-05-16T16:53:58.809+0000] {logging_mixin.py:188} INFO - [2026-05-16T16:53:58.809+0000] {dagbag.py:545} INFO - Filling up the DagBag from /home/airflow/.local/lib/python3.12/site-packages/airflow/example_dags/tutorial_dag.py
[2026-05-16T16:53:58.811+0000] {processor.py:840} INFO - DAG(s) 'tutorial_dag' retrieved from /home/airflow/.local/lib/python3.12/site-packages/airflow/example_dags/tutorial_dag.py
[2026-05-16T16:53:58.820+0000] {logging_mixin.py:188} INFO - [2026-05-16T16:53:58.820+0000] {dag.py:3089} INFO - Sync 1 DAGs
[2026-05-16T16:53:58.824+0000] {logging_mixin.py:188} INFO - [2026-05-16T16:53:58.824+0000] {dag.py:3947} INFO - Setting next_dagrun for tutorial_dag to None, run_after=None
[2026-05-16T16:53:58.830+0000] {processor.py:183} INFO - Processing /home/airflow/.local/lib/python3.12/site-packages/airflow/example_dags/tutorial_dag.py took 0.025 seconds
[2026-05-16T16:54:29.514+0000] {processor.py:161} INFO - Started process (PID=3553) to work on /home/airflow/.local/lib/python3.12/site-packages/airflow/example_dags/tutorial_dag.py
[2026-05-16T16:54:29.515+0000] {processor.py:830} INFO - Processing file /home/airflow/.local/lib/python3.12/site-packages/airflow/example_dags/tutorial_dag.py for tasks to queue
[2026-05-16T16:54:29.515+0000] {logging_mixin.py:188} INFO - [2026-05-16T16:54:29.515+0000] {dagbag.py:545} INFO - Filling up the DagBag from /home/airflow/.local/lib/python3.12/site-packages/airflow/example_dags/tutorial_dag.py
[2026-05-16T16:54:29.518+0000] {processor.py:840} INFO - DAG(s) 'tutorial_dag' retrieved from /home/airflow/.local/lib/python3.12/site-packages/airflow/example_dags/tutorial_dag.py
[2026-05-16T16:54:29.526+0000] {logging_mixin.py:188} INFO - [2026-05-16T16:54:29.526+0000] {dag.py:3089} INFO - Sync 1 DAGs
[2026-05-16T16:54:29.530+0000] {logging_mixin.py:188} INFO - [2026-05-16T16:54:29.530+0000] {dag.py:3947} INFO - Setting next_dagrun for tutorial_dag to None, run_after=None
[2026-05-16T16:54:29.535+0000] {processor.py:183} INFO - Processing /home/airflow/.local/lib/python3.12/site-packages/airflow/example_dags/tutorial_dag.py took 0.023 seconds
[2026-05-16T16:55:00.186+0000] {processor.py:161} INFO - Started process (PID=3615) to work on /home/airflow/.local/lib/python3.12/site-packages/airflow/example_dags/tutorial_dag.py
[2026-05-16T16:55:00.186+0000] {processor.py:830} INFO - Processing file /home/airflow/.local/lib/python3.12/site-packages/airflow/example_dags/tutorial_dag.py for tasks to queue
[2026-05-16T16:55:00.187+0000] {logging_mixin.py:188} INFO - [2026-05-16T16:55:00.187+0000] {dagbag.py:545} INFO - Filling up the DagBag from /home/airflow/.local/lib/python3.12/site-packages/airflow/example_dags/tutorial_dag.py
[2026-05-16T16:55:00.189+0000] {processor.py:840} INFO - DAG(s) 'tutorial_dag' retrieved from /home/airflow/.local/lib/python3.12/site-packages/airflow/example_dags/tutorial_dag.py
[2026-05-16T16:55:00.198+0000] {logging_mixin.py:188} INFO - [2026-05-16T16:55:00.197+0000] {dag.py:3089} INFO - Sync 1 DAGs
[2026-05-16T16:55:00.203+0000] {logging_mixin.py:188} INFO - [2026-05-16T16:55:00.202+0000] {dag.py:3947} INFO - Setting next_dagrun for tutorial_dag to None, run_after=None
[2026-05-16T16:55:00.208+0000] {processor.py:183} INFO - Processing /home/airflow/.local/lib/python3.12/site-packages/airflow/example_dags/tutorial_dag.py took 0.026 seconds
[2026-05-16T16:55:30.883+0000] {processor.py:161} INFO - Started process (PID=3676) to work on /home/airflow/.local/lib/python3.12/site-packages/airflow/example_dags/tutorial_dag.py
[2026-05-16T16:55:30.884+0000] {processor.py:830} INFO - Processing file /home/airflow/.local/lib/python3.12/site-packages/airflow/example_dags/tutorial_dag.py for tasks to queue
[2026-05-16T16:55:30.884+0000] {logging_mixin.py:188} INFO - [2026-05-16T16:55:30.884+0000] {dagbag.py:545} INFO - Filling up the DagBag from /home/airflow/.local/lib/python3.12/site-packages/airflow/example_dags/tutorial_dag.py
[2026-05-16T16:55:30.887+0000] {processor.py:840} INFO - DAG(s) 'tutorial_dag' retrieved from /home/airflow/.local/lib/python3.12/site-packages/airflow/example_dags/tutorial_dag.py
[2026-05-16T16:55:30.897+0000] {logging_mixin.py:188} INFO - [2026-05-16T16:55:30.897+0000] {dag.py:3089} INFO - Sync 1 DAGs
[2026-05-16T16:55:30.903+0000] {logging_mixin.py:188} INFO - [2026-05-16T16:55:30.903+0000] {dag.py:3947} INFO - Setting next_dagrun for tutorial_dag to None, run_after=None
[2026-05-16T16:55:30.910+0000] {processor.py:183} INFO - Processing /home/airflow/.local/lib/python3.12/site-packages/airflow/example_dags/tutorial_dag.py took 0.031 seconds
[2026-05-16T16:56:01.816+0000] {processor.py:161} INFO - Started process (PID=3737) to work on /home/airflow/.local/lib/python3.12/site-packages/airflow/example_dags/tutorial_dag.py
[2026-05-16T16:56:01.816+0000] {processor.py:830} INFO - Processing file /home/airflow/.local/lib/python3.12/site-packages/airflow/example_dags/tutorial_dag.py for tasks to queue
[2026-05-16T16:56:01.817+0000] {logging_mixin.py:188} INFO - [2026-05-16T16:56:01.817+0000] {dagbag.py:545} INFO - Filling up the DagBag from /home/airflow/.local/lib/python3.12/site-packages/airflow/example_dags/tutorial_dag.py
[2026-05-16T16:56:01.824+0000] {processor.py:840} INFO - DAG(s) 'tutorial_dag' retrieved from /home/airflow/.local/lib/python3.12/site-packages/airflow/example_dags/tutorial_dag.py
[2026-05-16T16:56:01.843+0000] {logging_mixin.py:188} INFO - [2026-05-16T16:56:01.843+0000] {dag.py:3089} INFO - Sync 1 DAGs
[2026-05-16T16:56:01.850+0000] {logging_mixin.py:188} INFO - [2026-05-16T16:56:01.850+0000] {dag.py:3947} INFO - Setting next_dagrun for tutorial_dag to None, run_after=None
[2026-05-16T16:56:01.858+0000] {processor.py:183} INFO - Processing /home/airflow/.local/lib/python3.12/site-packages/airflow/example_dags/tutorial_dag.py took 0.049 seconds
[2026-05-16T16:56:32.760+0000] {processor.py:161} INFO - Started process (PID=3799) to work on /home/airflow/.local/lib/python3.12/site-packages/airflow/example_dags/tutorial_dag.py
[2026-05-16T16:56:32.761+0000] {processor.py:830} INFO - Processing file /home/airflow/.local/lib/python3.12/site-packages/airflow/example_dags/tutorial_dag.py for tasks to queue
[2026-05-16T16:56:32.762+0000] {logging_mixin.py:188} INFO - [2026-05-16T16:56:32.762+0000] {dagbag.py:545} INFO - Filling up the DagBag from /home/airflow/.local/lib/python3.12/site-packages/airflow/example_dags/tutorial_dag.py
[2026-05-16T16:56:32.767+0000] {processor.py:840} INFO - DAG(s) 'tutorial_dag' retrieved from /home/airflow/.local/lib/python3.12/site-packages/airflow/example_dags/tutorial_dag.py
[2026-05-16T16:56:32.788+0000] {logging_mixin.py:188} INFO - [2026-05-16T16:56:32.787+0000] {dag.py:3089} INFO - Sync 1 DAGs
[2026-05-16T16:56:32.797+0000] {logging_mixin.py:188} INFO - [2026-05-16T16:56:32.797+0000] {dag.py:3947} INFO - Setting next_dagrun for tutorial_dag to None, run_after=None
[2026-05-16T16:56:32.812+0000] {processor.py:183} INFO - Processing /home/airflow/.local/lib/python3.12/site-packages/airflow/example_dags/tutorial_dag.py took 0.061 seconds
[2026-05-16T16:57:03.483+0000] {processor.py:161} INFO - Started process (PID=3861) to work on /home/airflow/.local/lib/python3.12/site-packages/airflow/example_dags/tutorial_dag.py
[2026-05-16T16:57:03.484+0000] {processor.py:830} INFO - Processing file /home/airflow/.local/lib/python3.12/site-packages/airflow/example_dags/tutorial_dag.py for tasks to queue
[2026-05-16T16:57:03.484+0000] {logging_mixin.py:188} INFO - [2026-05-16T16:57:03.484+0000] {dagbag.py:545} INFO - Filling up the DagBag from /home/airflow/.local/lib/python3.12/site-packages/airflow/example_dags/tutorial_dag.py
[2026-05-16T16:57:03.487+0000] {processor.py:840} INFO - DAG(s) 'tutorial_dag' retrieved from /home/airflow/.local/lib/python3.12/site-packages/airflow/example_dags/tutorial_dag.py
[2026-05-16T16:57:03.496+0000] {logging_mixin.py:188} INFO - [2026-05-16T16:57:03.496+0000] {dag.py:3089} INFO - Sync 1 DAGs
[2026-05-16T16:57:03.501+0000] {logging_mixin.py:188} INFO - [2026-05-16T16:57:03.501+0000] {dag.py:3947} INFO - Setting next_dagrun for tutorial_dag to None, run_after=None
[2026-05-16T16:57:03.506+0000] {processor.py:183} INFO - Processing /home/airflow/.local/lib/python3.12/site-packages/airflow/example_dags/tutorial_dag.py took 0.026 seconds
[2026-05-16T16:57:33.551+0000] {processor.py:161} INFO - Started process (PID=3922) to work on /home/airflow/.local/lib/python3.12/site-packages/airflow/example_dags/tutorial_dag.py
[2026-05-16T16:57:33.551+0000] {processor.py:830} INFO - Processing file /home/airflow/.local/lib/python3.12/site-packages/airflow/example_dags/tutorial_dag.py for tasks to queue
[2026-05-16T16:57:33.552+0000] {logging_mixin.py:188} INFO - [2026-05-16T16:57:33.552+0000] {dagbag.py:545} INFO - Filling up the DagBag from /home/airflow/.local/lib/python3.12/site-packages/airflow/example_dags/tutorial_dag.py
[2026-05-16T16:57:33.554+0000] {processor.py:840} INFO - DAG(s) 'tutorial_dag' retrieved from /home/airflow/.local/lib/python3.12/site-packages/airflow/example_dags/tutorial_dag.py
[2026-05-16T16:57:33.563+0000] {logging_mixin.py:188} INFO - [2026-05-16T16:57:33.562+0000] {dag.py:3089} INFO - Sync 1 DAGs
[2026-05-16T16:57:33.568+0000] {logging_mixin.py:188} INFO - [2026-05-16T16:57:33.567+0000] {dag.py:3947} INFO - Setting next_dagrun for tutorial_dag to None, run_after=None
[2026-05-16T16:57:33.573+0000] {processor.py:183} INFO - Processing /home/airflow/.local/lib/python3.12/site-packages/airflow/example_dags/tutorial_dag.py took 0.025 seconds
[2026-05-16T16:58:04.356+0000] {processor.py:161} INFO - Started process (PID=3984) to work on /home/airflow/.local/lib/python3.12/site-packages/airflow/example_dags/tutorial_dag.py
[2026-05-16T16:58:04.356+0000] {processor.py:830} INFO - Processing file /home/airflow/.local/lib/python3.12/site-packages/airflow/example_dags/tutorial_dag.py for tasks to queue
[2026-05-16T16:58:04.357+0000] {logging_mixin.py:188} INFO - [2026-05-16T16:58:04.357+0000] {dagbag.py:545} INFO - Filling up the DagBag from /home/airflow/.local/lib/python3.12/site-packages/airflow/example_dags/tutorial_dag.py
[2026-05-16T16:58:04.359+0000] {processor.py:840} INFO - DAG(s) 'tutorial_dag' retrieved from /home/airflow/.local/lib/python3.12/site-packages/airflow/example_dags/tutorial_dag.py
[2026-05-16T16:58:04.368+0000] {logging_mixin.py:188} INFO - [2026-05-16T16:58:04.368+0000] {dag.py:3089} INFO - Sync 1 DAGs
[2026-05-16T16:58:04.373+0000] {logging_mixin.py:188} INFO - [2026-05-16T16:58:04.373+0000] {dag.py:3947} INFO - Setting next_dagrun for tutorial_dag to None, run_after=None
[2026-05-16T16:58:04.379+0000] {processor.py:183} INFO - Processing /home/airflow/.local/lib/python3.12/site-packages/airflow/example_dags/tutorial_dag.py took 0.026 seconds
[2026-05-16T16:58:35.145+0000] {processor.py:161} INFO - Started process (PID=4045) to work on /home/airflow/.local/lib/python3.12/site-packages/airflow/example_dags/tutorial_dag.py
[2026-05-16T16:58:35.147+0000] {processor.py:830} INFO - Processing file /home/airflow/.local/lib/python3.12/site-packages/airflow/example_dags/tutorial_dag.py for tasks to queue
[2026-05-16T16:58:35.147+0000] {logging_mixin.py:188} INFO - [2026-05-16T16:58:35.147+0000] {dagbag.py:545} INFO - Filling up the DagBag from /home/airflow/.local/lib/python3.12/site-packages/airflow/example_dags/tutorial_dag.py
[2026-05-16T16:58:35.150+0000] {processor.py:840} INFO - DAG(s) 'tutorial_dag' retrieved from /home/airflow/.local/lib/python3.12/site-packages/airflow/example_dags/tutorial_dag.py
[2026-05-16T16:58:35.159+0000] {logging_mixin.py:188} INFO - [2026-05-16T16:58:35.159+0000] {dag.py:3089} INFO - Sync 1 DAGs
[2026-05-16T16:58:35.164+0000] {logging_mixin.py:188} INFO - [2026-05-16T16:58:35.164+0000] {dag.py:3947} INFO - Setting next_dagrun for tutorial_dag to None, run_after=None
[2026-05-16T16:58:35.170+0000] {processor.py:183} INFO - Processing /home/airflow/.local/lib/python3.12/site-packages/airflow/example_dags/tutorial_dag.py took 0.028 seconds
[2026-05-16T16:59:05.820+0000] {processor.py:161} INFO - Started process (PID=4107) to work on /home/airflow/.local/lib/python3.12/site-packages/airflow/example_dags/tutorial_dag.py
[2026-05-16T16:59:05.821+0000] {processor.py:830} INFO - Processing file /home/airflow/.local/lib/python3.12/site-packages/airflow/example_dags/tutorial_dag.py for tasks to queue
[2026-05-16T16:59:05.821+0000] {logging_mixin.py:188} INFO - [2026-05-16T16:59:05.821+0000] {dagbag.py:545} INFO - Filling up the DagBag from /home/airflow/.local/lib/python3.12/site-packages/airflow/example_dags/tutorial_dag.py
[2026-05-16T16:59:05.824+0000] {processor.py:840} INFO - DAG(s) 'tutorial_dag' retrieved from /home/airflow/.local/lib/python3.12/site-packages/airflow/example_dags/tutorial_dag.py
[2026-05-16T16:59:05.833+0000] {logging_mixin.py:188} INFO - [2026-05-16T16:59:05.833+0000] {dag.py:3089} INFO - Sync 1 DAGs
[2026-05-16T16:59:05.838+0000] {logging_mixin.py:188} INFO - [2026-05-16T16:59:05.838+0000] {dag.py:3947} INFO - Setting next_dagrun for tutorial_dag to None, run_after=None
[2026-05-16T16:59:05.846+0000] {processor.py:183} INFO - Processing /home/airflow/.local/lib/python3.12/site-packages/airflow/example_dags/tutorial_dag.py took 0.029 seconds
[2026-05-16T16:59:36.608+0000] {processor.py:161} INFO - Started process (PID=4169) to work on /home/airflow/.local/lib/python3.12/site-packages/airflow/example_dags/tutorial_dag.py
[2026-05-16T16:59:36.608+0000] {processor.py:830} INFO - Processing file /home/airflow/.local/lib/python3.12/site-packages/airflow/example_dags/tutorial_dag.py for tasks to queue
[2026-05-16T16:59:36.609+0000] {logging_mixin.py:188} INFO - [2026-05-16T16:59:36.609+0000] {dagbag.py:545} INFO - Filling up the DagBag from /home/airflow/.local/lib/python3.12/site-packages/airflow/example_dags/tutorial_dag.py
[2026-05-16T16:59:36.611+0000] {processor.py:840} INFO - DAG(s) 'tutorial_dag' retrieved from /home/airflow/.local/lib/python3.12/site-packages/airflow/example_dags/tutorial_dag.py
[2026-05-16T16:59:36.621+0000] {logging_mixin.py:188} INFO - [2026-05-16T16:59:36.621+0000] {dag.py:3089} INFO - Sync 1 DAGs
[2026-05-16T16:59:36.625+0000] {logging_mixin.py:188} INFO - [2026-05-16T16:59:36.625+0000] {dag.py:3947} INFO - Setting next_dagrun for tutorial_dag to None, run_after=None
[2026-05-16T16:59:36.631+0000] {processor.py:183} INFO - Processing /home/airflow/.local/lib/python3.12/site-packages/airflow/example_dags/tutorial_dag.py took 0.026 seconds
[2026-05-16T17:00:07.288+0000] {processor.py:161} INFO - Started process (PID=4231) to work on /home/airflow/.local/lib/python3.12/site-packages/airflow/example_dags/tutorial_dag.py
[2026-05-16T17:00:07.288+0000] {processor.py:830} INFO - Processing file /home/airflow/.local/lib/python3.12/site-packages/airflow/example_dags/tutorial_dag.py for tasks to queue
[2026-05-16T17:00:07.289+0000] {logging_mixin.py:188} INFO - [2026-05-16T17:00:07.289+0000] {dagbag.py:545} INFO - Filling up the DagBag from /home/airflow/.local/lib/python3.12/site-packages/airflow/example_dags/tutorial_dag.py
[2026-05-16T17:00:07.291+0000] {processor.py:840} INFO - DAG(s) 'tutorial_dag' retrieved from /home/airflow/.local/lib/python3.12/site-packages/airflow/example_dags/tutorial_dag.py
[2026-05-16T17:00:07.301+0000] {logging_mixin.py:188} INFO - [2026-05-16T17:00:07.301+0000] {dag.py:3089} INFO - Sync 1 DAGs
[2026-05-16T17:00:07.307+0000] {logging_mixin.py:188} INFO - [2026-05-16T17:00:07.307+0000] {dag.py:3947} INFO - Setting next_dagrun for tutorial_dag to None, run_after=None
[2026-05-16T17:00:07.316+0000] {processor.py:183} INFO - Processing /home/airflow/.local/lib/python3.12/site-packages/airflow/example_dags/tutorial_dag.py took 0.031 seconds
[2026-05-16T17:00:38.068+0000] {processor.py:161} INFO - Started process (PID=4293) to work on /home/airflow/.local/lib/python3.12/site-packages/airflow/example_dags/tutorial_dag.py
[2026-05-16T17:00:38.069+0000] {processor.py:830} INFO - Processing file /home/airflow/.local/lib/python3.12/site-packages/airflow/example_dags/tutorial_dag.py for tasks to queue
[2026-05-16T17:00:38.070+0000] {logging_mixin.py:188} INFO - [2026-05-16T17:00:38.069+0000] {dagbag.py:545} INFO - Filling up the DagBag from /home/airflow/.local/lib/python3.12/site-packages/airflow/example_dags/tutorial_dag.py
[2026-05-16T17:00:38.073+0000] {processor.py:840} INFO - DAG(s) 'tutorial_dag' retrieved from /home/airflow/.local/lib/python3.12/site-packages/airflow/example_dags/tutorial_dag.py
[2026-05-16T17:00:38.083+0000] {logging_mixin.py:188} INFO - [2026-05-16T17:00:38.082+0000] {dag.py:3089} INFO - Sync 1 DAGs
[2026-05-16T17:00:38.087+0000] {logging_mixin.py:188} INFO - [2026-05-16T17:00:38.087+0000] {dag.py:3947} INFO - Setting next_dagrun for tutorial_dag to None, run_after=None
[2026-05-16T17:00:38.094+0000] {processor.py:183} INFO - Processing /home/airflow/.local/lib/python3.12/site-packages/airflow/example_dags/tutorial_dag.py took 0.028 seconds
[2026-05-16T17:01:08.787+0000] {processor.py:161} INFO - Started process (PID=4355) to work on /home/airflow/.local/lib/python3.12/site-packages/airflow/example_dags/tutorial_dag.py
[2026-05-16T17:01:08.788+0000] {processor.py:830} INFO - Processing file /home/airflow/.local/lib/python3.12/site-packages/airflow/example_dags/tutorial_dag.py for tasks to queue
[2026-05-16T17:01:08.789+0000] {logging_mixin.py:188} INFO - [2026-05-16T17:01:08.788+0000] {dagbag.py:545} INFO - Filling up the DagBag from /home/airflow/.local/lib/python3.12/site-packages/airflow/example_dags/tutorial_dag.py
[2026-05-16T17:01:08.791+0000] {processor.py:840} INFO - DAG(s) 'tutorial_dag' retrieved from /home/airflow/.local/lib/python3.12/site-packages/airflow/example_dags/tutorial_dag.py
[2026-05-16T17:01:08.799+0000] {logging_mixin.py:188} INFO - [2026-05-16T17:01:08.799+0000] {dag.py:3089} INFO - Sync 1 DAGs
[2026-05-16T17:01:08.803+0000] {logging_mixin.py:188} INFO - [2026-05-16T17:01:08.803+0000] {dag.py:3947} INFO - Setting next_dagrun for tutorial_dag to None, run_after=None
[2026-05-16T17:01:08.808+0000] {processor.py:183} INFO - Processing /home/airflow/.local/lib/python3.12/site-packages/airflow/example_dags/tutorial_dag.py took 0.024 seconds
[2026-05-16T17:01:39.505+0000] {processor.py:161} INFO - Started process (PID=4417) to work on /home/airflow/.local/lib/python3.12/site-packages/airflow/example_dags/tutorial_dag.py
[2026-05-16T17:01:39.505+0000] {processor.py:830} INFO - Processing file /home/airflow/.local/lib/python3.12/site-packages/airflow/example_dags/tutorial_dag.py for tasks to queue
[2026-05-16T17:01:39.506+0000] {logging_mixin.py:188} INFO - [2026-05-16T17:01:39.506+0000] {dagbag.py:545} INFO - Filling up the DagBag from /home/airflow/.local/lib/python3.12/site-packages/airflow/example_dags/tutorial_dag.py
[2026-05-16T17:01:39.508+0000] {processor.py:840} INFO - DAG(s) 'tutorial_dag' retrieved from /home/airflow/.local/lib/python3.12/site-packages/airflow/example_dags/tutorial_dag.py
[2026-05-16T17:01:39.517+0000] {logging_mixin.py:188} INFO - [2026-05-16T17:01:39.517+0000] {dag.py:3089} INFO - Sync 1 DAGs
[2026-05-16T17:01:39.522+0000] {logging_mixin.py:188} INFO - [2026-05-16T17:01:39.522+0000] {dag.py:3947} INFO - Setting next_dagrun for tutorial_dag to None, run_after=None
[2026-05-16T17:01:39.528+0000] {processor.py:183} INFO - Processing /home/airflow/.local/lib/python3.12/site-packages/airflow/example_dags/tutorial_dag.py took 0.026 seconds
[2026-05-16T17:02:10.177+0000] {processor.py:161} INFO - Started process (PID=4479) to work on /home/airflow/.local/lib/python3.12/site-packages/airflow/example_dags/tutorial_dag.py
[2026-05-16T17:02:10.178+0000] {processor.py:830} INFO - Processing file /home/airflow/.local/lib/python3.12/site-packages/airflow/example_dags/tutorial_dag.py for tasks to queue
[2026-05-16T17:02:10.178+0000] {logging_mixin.py:188} INFO - [2026-05-16T17:02:10.178+0000] {dagbag.py:545} INFO - Filling up the DagBag from /home/airflow/.local/lib/python3.12/site-packages/airflow/example_dags/tutorial_dag.py
[2026-05-16T17:02:10.181+0000] {processor.py:840} INFO - DAG(s) 'tutorial_dag' retrieved from /home/airflow/.local/lib/python3.12/site-packages/airflow/example_dags/tutorial_dag.py
[2026-05-16T17:02:10.189+0000] {logging_mixin.py:188} INFO - [2026-05-16T17:02:10.189+0000] {dag.py:3089} INFO - Sync 1 DAGs
[2026-05-16T17:02:10.193+0000] {logging_mixin.py:188} INFO - [2026-05-16T17:02:10.193+0000] {dag.py:3947} INFO - Setting next_dagrun for tutorial_dag to None, run_after=None
[2026-05-16T17:02:10.199+0000] {processor.py:183} INFO - Processing /home/airflow/.local/lib/python3.12/site-packages/airflow/example_dags/tutorial_dag.py took 0.024 seconds
[2026-05-16T17:02:40.775+0000] {processor.py:161} INFO - Started process (PID=4541) to work on /home/airflow/.local/lib/python3.12/site-packages/airflow/example_dags/tutorial_dag.py
[2026-05-16T17:02:40.775+0000] {processor.py:830} INFO - Processing file /home/airflow/.local/lib/python3.12/site-packages/airflow/example_dags/tutorial_dag.py for tasks to queue
[2026-05-16T17:02:40.776+0000] {logging_mixin.py:188} INFO - [2026-05-16T17:02:40.776+0000] {dagbag.py:545} INFO - Filling up the DagBag from /home/airflow/.local/lib/python3.12/site-packages/airflow/example_dags/tutorial_dag.py
[2026-05-16T17:02:40.779+0000] {processor.py:840} INFO - DAG(s) 'tutorial_dag' retrieved from /home/airflow/.local/lib/python3.12/site-packages/airflow/example_dags/tutorial_dag.py
[2026-05-16T17:02:40.787+0000] {logging_mixin.py:188} INFO - [2026-05-16T17:02:40.787+0000] {dag.py:3089} INFO - Sync 1 DAGs
[2026-05-16T17:02:40.792+0000] {logging_mixin.py:188} INFO - [2026-05-16T17:02:40.791+0000] {dag.py:3947} INFO - Setting next_dagrun for tutorial_dag to None, run_after=None
[2026-05-16T17:02:40.797+0000] {processor.py:183} INFO - Processing /home/airflow/.local/lib/python3.12/site-packages/airflow/example_dags/tutorial_dag.py took 0.025 seconds
[2026-05-16T17:03:11.541+0000] {processor.py:161} INFO - Started process (PID=4603) to work on /home/airflow/.local/lib/python3.12/site-packages/airflow/example_dags/tutorial_dag.py
[2026-05-16T17:03:11.542+0000] {processor.py:830} INFO - Processing file /home/airflow/.local/lib/python3.12/site-packages/airflow/example_dags/tutorial_dag.py for tasks to queue
[2026-05-16T17:03:11.543+0000] {logging_mixin.py:188} INFO - [2026-05-16T17:03:11.542+0000] {dagbag.py:545} INFO - Filling up the DagBag from /home/airflow/.local/lib/python3.12/site-packages/airflow/example_dags/tutorial_dag.py
[2026-05-16T17:03:11.545+0000] {processor.py:840} INFO - DAG(s) 'tutorial_dag' retrieved from /home/airflow/.local/lib/python3.12/site-packages/airflow/example_dags/tutorial_dag.py
[2026-05-16T17:03:11.556+0000] {logging_mixin.py:188} INFO - [2026-05-16T17:03:11.556+0000] {dag.py:3089} INFO - Sync 1 DAGs
[2026-05-16T17:03:11.561+0000] {logging_mixin.py:188} INFO - [2026-05-16T17:03:11.561+0000] {dag.py:3947} INFO - Setting next_dagrun for tutorial_dag to None, run_after=None
[2026-05-16T17:03:11.569+0000] {processor.py:183} INFO - Processing /home/airflow/.local/lib/python3.12/site-packages/airflow/example_dags/tutorial_dag.py took 0.030 seconds
[2026-05-16T17:03:42.118+0000] {processor.py:161} INFO - Started process (PID=4664) to work on /home/airflow/.local/lib/python3.12/site-packages/airflow/example_dags/tutorial_dag.py
[2026-05-16T17:03:42.118+0000] {processor.py:830} INFO - Processing file /home/airflow/.local/lib/python3.12/site-packages/airflow/example_dags/tutorial_dag.py for tasks to queue
[2026-05-16T17:03:42.119+0000] {logging_mixin.py:188} INFO - [2026-05-16T17:03:42.119+0000] {dagbag.py:545} INFO - Filling up the DagBag from /home/airflow/.local/lib/python3.12/site-packages/airflow/example_dags/tutorial_dag.py
[2026-05-16T17:03:42.121+0000] {processor.py:840} INFO - DAG(s) 'tutorial_dag' retrieved from /home/airflow/.local/lib/python3.12/site-packages/airflow/example_dags/tutorial_dag.py
[2026-05-16T17:03:42.130+0000] {logging_mixin.py:188} INFO - [2026-05-16T17:03:42.130+0000] {dag.py:3089} INFO - Sync 1 DAGs
[2026-05-16T17:03:42.136+0000] {logging_mixin.py:188} INFO - [2026-05-16T17:03:42.136+0000] {dag.py:3947} INFO - Setting next_dagrun for tutorial_dag to None, run_after=None
[2026-05-16T17:03:42.227+0000] {processor.py:183} INFO - Processing /home/airflow/.local/lib/python3.12/site-packages/airflow/example_dags/tutorial_dag.py took 0.113 seconds
[2026-05-16T17:04:12.602+0000] {processor.py:161} INFO - Started process (PID=4726) to work on /home/airflow/.local/lib/python3.12/site-packages/airflow/example_dags/tutorial_dag.py
[2026-05-16T17:04:12.605+0000] {processor.py:830} INFO - Processing file /home/airflow/.local/lib/python3.12/site-packages/airflow/example_dags/tutorial_dag.py for tasks to queue
[2026-05-16T17:04:12.606+0000] {logging_mixin.py:188} INFO - [2026-05-16T17:04:12.606+0000] {dagbag.py:545} INFO - Filling up the DagBag from /home/airflow/.local/lib/python3.12/site-packages/airflow/example_dags/tutorial_dag.py
[2026-05-16T17:04:12.609+0000] {processor.py:840} INFO - DAG(s) 'tutorial_dag' retrieved from /home/airflow/.local/lib/python3.12/site-packages/airflow/example_dags/tutorial_dag.py
[2026-05-16T17:04:12.618+0000] {logging_mixin.py:188} INFO - [2026-05-16T17:04:12.618+0000] {dag.py:3089} INFO - Sync 1 DAGs
[2026-05-16T17:04:12.624+0000] {logging_mixin.py:188} INFO - [2026-05-16T17:04:12.624+0000] {dag.py:3947} INFO - Setting next_dagrun for tutorial_dag to None, run_after=None
[2026-05-16T17:04:12.715+0000] {processor.py:183} INFO - Processing /home/airflow/.local/lib/python3.12/site-packages/airflow/example_dags/tutorial_dag.py took 0.116 seconds
[2026-05-16T17:04:42.880+0000] {processor.py:161} INFO - Started process (PID=4788) to work on /home/airflow/.local/lib/python3.12/site-packages/airflow/example_dags/tutorial_dag.py
[2026-05-16T17:04:42.881+0000] {processor.py:830} INFO - Processing file /home/airflow/.local/lib/python3.12/site-packages/airflow/example_dags/tutorial_dag.py for tasks to queue
[2026-05-16T17:04:42.882+0000] {logging_mixin.py:188} INFO - [2026-05-16T17:04:42.881+0000] {dagbag.py:545} INFO - Filling up the DagBag from /home/airflow/.local/lib/python3.12/site-packages/airflow/example_dags/tutorial_dag.py
[2026-05-16T17:04:42.885+0000] {processor.py:840} INFO - DAG(s) 'tutorial_dag' retrieved from /home/airflow/.local/lib/python3.12/site-packages/airflow/example_dags/tutorial_dag.py
[2026-05-16T17:04:42.894+0000] {logging_mixin.py:188} INFO - [2026-05-16T17:04:42.893+0000] {dag.py:3089} INFO - Sync 1 DAGs
[2026-05-16T17:04:42.899+0000] {logging_mixin.py:188} INFO - [2026-05-16T17:04:42.899+0000] {dag.py:3947} INFO - Setting next_dagrun for tutorial_dag to None, run_after=None
[2026-05-16T17:04:42.906+0000] {processor.py:183} INFO - Processing /home/airflow/.local/lib/python3.12/site-packages/airflow/example_dags/tutorial_dag.py took 0.029 seconds
[2026-05-16T17:05:13.656+0000] {processor.py:161} INFO - Started process (PID=4849) to work on /home/airflow/.local/lib/python3.12/site-packages/airflow/example_dags/tutorial_dag.py
[2026-05-16T17:05:13.656+0000] {processor.py:830} INFO - Processing file /home/airflow/.local/lib/python3.12/site-packages/airflow/example_dags/tutorial_dag.py for tasks to queue
[2026-05-16T17:05:13.657+0000] {logging_mixin.py:188} INFO - [2026-05-16T17:05:13.657+0000] {dagbag.py:545} INFO - Filling up the DagBag from /home/airflow/.local/lib/python3.12/site-packages/airflow/example_dags/tutorial_dag.py
[2026-05-16T17:05:13.660+0000] {processor.py:840} INFO - DAG(s) 'tutorial_dag' retrieved from /home/airflow/.local/lib/python3.12/site-packages/airflow/example_dags/tutorial_dag.py
[2026-05-16T17:05:13.670+0000] {logging_mixin.py:188} INFO - [2026-05-16T17:05:13.670+0000] {dag.py:3089} INFO - Sync 1 DAGs
[2026-05-16T17:05:13.675+0000] {logging_mixin.py:188} INFO - [2026-05-16T17:05:13.675+0000] {dag.py:3947} INFO - Setting next_dagrun for tutorial_dag to None, run_after=None
[2026-05-16T17:05:13.689+0000] {processor.py:183} INFO - Processing /home/airflow/.local/lib/python3.12/site-packages/airflow/example_dags/tutorial_dag.py took 0.036 seconds
[2026-05-16T17:05:44.359+0000] {processor.py:161} INFO - Started process (PID=4910) to work on /home/airflow/.local/lib/python3.12/site-packages/airflow/example_dags/tutorial_dag.py
[2026-05-16T17:05:44.360+0000] {processor.py:830} INFO - Processing file /home/airflow/.local/lib/python3.12/site-packages/airflow/example_dags/tutorial_dag.py for tasks to queue
[2026-05-16T17:05:44.361+0000] {logging_mixin.py:188} INFO - [2026-05-16T17:05:44.360+0000] {dagbag.py:545} INFO - Filling up the DagBag from /home/airflow/.local/lib/python3.12/site-packages/airflow/example_dags/tutorial_dag.py
[2026-05-16T17:05:44.364+0000] {processor.py:840} INFO - DAG(s) 'tutorial_dag' retrieved from /home/airflow/.local/lib/python3.12/site-packages/airflow/example_dags/tutorial_dag.py
[2026-05-16T17:05:44.374+0000] {logging_mixin.py:188} INFO - [2026-05-16T17:05:44.374+0000] {dag.py:3089} INFO - Sync 1 DAGs
[2026-05-16T17:05:44.379+0000] {logging_mixin.py:188} INFO - [2026-05-16T17:05:44.379+0000] {dag.py:3947} INFO - Setting next_dagrun for tutorial_dag to None, run_after=None
[2026-05-16T17:05:44.387+0000] {processor.py:183} INFO - Processing /home/airflow/.local/lib/python3.12/site-packages/airflow/example_dags/tutorial_dag.py took 0.031 seconds
[2026-05-16T17:06:15.061+0000] {processor.py:161} INFO - Started process (PID=4972) to work on /home/airflow/.local/lib/python3.12/site-packages/airflow/example_dags/tutorial_dag.py
[2026-05-16T17:06:15.061+0000] {processor.py:830} INFO - Processing file /home/airflow/.local/lib/python3.12/site-packages/airflow/example_dags/tutorial_dag.py for tasks to queue
[2026-05-16T17:06:15.062+0000] {logging_mixin.py:188} INFO - [2026-05-16T17:06:15.062+0000] {dagbag.py:545} INFO - Filling up the DagBag from /home/airflow/.local/lib/python3.12/site-packages/airflow/example_dags/tutorial_dag.py
[2026-05-16T17:06:15.065+0000] {processor.py:840} INFO - DAG(s) 'tutorial_dag' retrieved from /home/airflow/.local/lib/python3.12/site-packages/airflow/example_dags/tutorial_dag.py
[2026-05-16T17:06:15.076+0000] {logging_mixin.py:188} INFO - [2026-05-16T17:06:15.076+0000] {dag.py:3089} INFO - Sync 1 DAGs
[2026-05-16T17:06:15.080+0000] {logging_mixin.py:188} INFO - [2026-05-16T17:06:15.080+0000] {dag.py:3947} INFO - Setting next_dagrun for tutorial_dag to None, run_after=None
[2026-05-16T17:06:15.090+0000] {processor.py:183} INFO - Processing /home/airflow/.local/lib/python3.12/site-packages/airflow/example_dags/tutorial_dag.py took 0.032 seconds
[2026-05-16T17:06:45.830+0000] {processor.py:161} INFO - Started process (PID=5034) to work on /home/airflow/.local/lib/python3.12/site-packages/airflow/example_dags/tutorial_dag.py
[2026-05-16T17:06:45.831+0000] {processor.py:830} INFO - Processing file /home/airflow/.local/lib/python3.12/site-packages/airflow/example_dags/tutorial_dag.py for tasks to queue
[2026-05-16T17:06:45.832+0000] {logging_mixin.py:188} INFO - [2026-05-16T17:06:45.832+0000] {dagbag.py:545} INFO - Filling up the DagBag from /home/airflow/.local/lib/python3.12/site-packages/airflow/example_dags/tutorial_dag.py
[2026-05-16T17:06:45.835+0000] {processor.py:840} INFO - DAG(s) 'tutorial_dag' retrieved from /home/airflow/.local/lib/python3.12/site-packages/airflow/example_dags/tutorial_dag.py
[2026-05-16T17:06:45.843+0000] {logging_mixin.py:188} INFO - [2026-05-16T17:06:45.843+0000] {dag.py:3089} INFO - Sync 1 DAGs
[2026-05-16T17:06:45.848+0000] {logging_mixin.py:188} INFO - [2026-05-16T17:06:45.848+0000] {dag.py:3947} INFO - Setting next_dagrun for tutorial_dag to None, run_after=None
[2026-05-16T17:06:45.856+0000] {processor.py:183} INFO - Processing /home/airflow/.local/lib/python3.12/site-packages/airflow/example_dags/tutorial_dag.py took 0.029 seconds
[2026-05-16T17:07:16.557+0000] {processor.py:161} INFO - Started process (PID=5095) to work on /home/airflow/.local/lib/python3.12/site-packages/airflow/example_dags/tutorial_dag.py
[2026-05-16T17:07:16.557+0000] {processor.py:830} INFO - Processing file /home/airflow/.local/lib/python3.12/site-packages/airflow/example_dags/tutorial_dag.py for tasks to queue
[2026-05-16T17:07:16.558+0000] {logging_mixin.py:188} INFO - [2026-05-16T17:07:16.558+0000] {dagbag.py:545} INFO - Filling up the DagBag from /home/airflow/.local/lib/python3.12/site-packages/airflow/example_dags/tutorial_dag.py
[2026-05-16T17:07:16.560+0000] {processor.py:840} INFO - DAG(s) 'tutorial_dag' retrieved from /home/airflow/.local/lib/python3.12/site-packages/airflow/example_dags/tutorial_dag.py
[2026-05-16T17:07:16.570+0000] {logging_mixin.py:188} INFO - [2026-05-16T17:07:16.569+0000] {dag.py:3089} INFO - Sync 1 DAGs
[2026-05-16T17:07:16.575+0000] {logging_mixin.py:188} INFO - [2026-05-16T17:07:16.574+0000] {dag.py:3947} INFO - Setting next_dagrun for tutorial_dag to None, run_after=None
[2026-05-16T17:07:16.584+0000] {processor.py:183} INFO - Processing /home/airflow/.local/lib/python3.12/site-packages/airflow/example_dags/tutorial_dag.py took 0.031 seconds
[2026-05-16T17:07:47.298+0000] {processor.py:161} INFO - Started process (PID=5157) to work on /home/airflow/.local/lib/python3.12/site-packages/airflow/example_dags/tutorial_dag.py
[2026-05-16T17:07:47.299+0000] {processor.py:830} INFO - Processing file /home/airflow/.local/lib/python3.12/site-packages/airflow/example_dags/tutorial_dag.py for tasks to queue
[2026-05-16T17:07:47.299+0000] {logging_mixin.py:188} INFO - [2026-05-16T17:07:47.299+0000] {dagbag.py:545} INFO - Filling up the DagBag from /home/airflow/.local/lib/python3.12/site-packages/airflow/example_dags/tutorial_dag.py
[2026-05-16T17:07:47.302+0000] {processor.py:840} INFO - DAG(s) 'tutorial_dag' retrieved from /home/airflow/.local/lib/python3.12/site-packages/airflow/example_dags/tutorial_dag.py
[2026-05-16T17:07:47.315+0000] {logging_mixin.py:188} INFO - [2026-05-16T17:07:47.315+0000] {dag.py:3089} INFO - Sync 1 DAGs
[2026-05-16T17:07:47.325+0000] {logging_mixin.py:188} INFO - [2026-05-16T17:07:47.325+0000] {dag.py:3947} INFO - Setting next_dagrun for tutorial_dag to None, run_after=None
[2026-05-16T17:07:47.331+0000] {processor.py:183} INFO - Processing /home/airflow/.local/lib/python3.12/site-packages/airflow/example_dags/tutorial_dag.py took 0.036 seconds
[2026-05-16T17:08:18.260+0000] {processor.py:161} INFO - Started process (PID=5219) to work on /home/airflow/.local/lib/python3.12/site-packages/airflow/example_dags/tutorial_dag.py
[2026-05-16T17:08:18.261+0000] {processor.py:830} INFO - Processing file /home/airflow/.local/lib/python3.12/site-packages/airflow/example_dags/tutorial_dag.py for tasks to queue
[2026-05-16T17:08:18.262+0000] {logging_mixin.py:188} INFO - [2026-05-16T17:08:18.262+0000] {dagbag.py:545} INFO - Filling up the DagBag from /home/airflow/.local/lib/python3.12/site-packages/airflow/example_dags/tutorial_dag.py
[2026-05-16T17:08:18.265+0000] {processor.py:840} INFO - DAG(s) 'tutorial_dag' retrieved from /home/airflow/.local/lib/python3.12/site-packages/airflow/example_dags/tutorial_dag.py
[2026-05-16T17:08:18.279+0000] {logging_mixin.py:188} INFO - [2026-05-16T17:08:18.278+0000] {dag.py:3089} INFO - Sync 1 DAGs
[2026-05-16T17:08:18.285+0000] {logging_mixin.py:188} INFO - [2026-05-16T17:08:18.284+0000] {dag.py:3947} INFO - Setting next_dagrun for tutorial_dag to None, run_after=None
[2026-05-16T17:08:18.292+0000] {processor.py:183} INFO - Processing /home/airflow/.local/lib/python3.12/site-packages/airflow/example_dags/tutorial_dag.py took 0.034 seconds
[2026-05-16T17:08:48.368+0000] {processor.py:161} INFO - Started process (PID=5281) to work on /home/airflow/.local/lib/python3.12/site-packages/airflow/example_dags/tutorial_dag.py
[2026-05-16T17:08:48.368+0000] {processor.py:830} INFO - Processing file /home/airflow/.local/lib/python3.12/site-packages/airflow/example_dags/tutorial_dag.py for tasks to queue
[2026-05-16T17:08:48.369+0000] {logging_mixin.py:188} INFO - [2026-05-16T17:08:48.369+0000] {dagbag.py:545} INFO - Filling up the DagBag from /home/airflow/.local/lib/python3.12/site-packages/airflow/example_dags/tutorial_dag.py
[2026-05-16T17:08:48.372+0000] {processor.py:840} INFO - DAG(s) 'tutorial_dag' retrieved from /home/airflow/.local/lib/python3.12/site-packages/airflow/example_dags/tutorial_dag.py
[2026-05-16T17:08:48.381+0000] {logging_mixin.py:188} INFO - [2026-05-16T17:08:48.381+0000] {dag.py:3089} INFO - Sync 1 DAGs
[2026-05-16T17:08:48.387+0000] {logging_mixin.py:188} INFO - [2026-05-16T17:08:48.387+0000] {dag.py:3947} INFO - Setting next_dagrun for tutorial_dag to None, run_after=None
[2026-05-16T17:08:48.393+0000] {processor.py:183} INFO - Processing /home/airflow/.local/lib/python3.12/site-packages/airflow/example_dags/tutorial_dag.py took 0.029 seconds
[2026-05-16T17:09:19.362+0000] {processor.py:161} INFO - Started process (PID=5343) to work on /home/airflow/.local/lib/python3.12/site-packages/airflow/example_dags/tutorial_dag.py
[2026-05-16T17:09:19.362+0000] {processor.py:830} INFO - Processing file /home/airflow/.local/lib/python3.12/site-packages/airflow/example_dags/tutorial_dag.py for tasks to queue
[2026-05-16T17:09:19.363+0000] {logging_mixin.py:188} INFO - [2026-05-16T17:09:19.363+0000] {dagbag.py:545} INFO - Filling up the DagBag from /home/airflow/.local/lib/python3.12/site-packages/airflow/example_dags/tutorial_dag.py
[2026-05-16T17:09:19.365+0000] {processor.py:840} INFO - DAG(s) 'tutorial_dag' retrieved from /home/airflow/.local/lib/python3.12/site-packages/airflow/example_dags/tutorial_dag.py
[2026-05-16T17:09:19.375+0000] {logging_mixin.py:188} INFO - [2026-05-16T17:09:19.375+0000] {dag.py:3089} INFO - Sync 1 DAGs
[2026-05-16T17:09:19.379+0000] {logging_mixin.py:188} INFO - [2026-05-16T17:09:19.379+0000] {dag.py:3947} INFO - Setting next_dagrun for tutorial_dag to None, run_after=None
[2026-05-16T17:09:19.387+0000] {processor.py:183} INFO - Processing /home/airflow/.local/lib/python3.12/site-packages/airflow/example_dags/tutorial_dag.py took 0.028 seconds
[2026-05-16T17:09:50.251+0000] {processor.py:161} INFO - Started process (PID=5404) to work on /home/airflow/.local/lib/python3.12/site-packages/airflow/example_dags/tutorial_dag.py
[2026-05-16T17:09:50.252+0000] {processor.py:830} INFO - Processing file /home/airflow/.local/lib/python3.12/site-packages/airflow/example_dags/tutorial_dag.py for tasks to queue
[2026-05-16T17:09:50.252+0000] {logging_mixin.py:188} INFO - [2026-05-16T17:09:50.252+0000] {dagbag.py:545} INFO - Filling up the DagBag from /home/airflow/.local/lib/python3.12/site-packages/airflow/example_dags/tutorial_dag.py
[2026-05-16T17:09:50.255+0000] {processor.py:840} INFO - DAG(s) 'tutorial_dag' retrieved from /home/airflow/.local/lib/python3.12/site-packages/airflow/example_dags/tutorial_dag.py
[2026-05-16T17:09:50.264+0000] {logging_mixin.py:188} INFO - [2026-05-16T17:09:50.264+0000] {dag.py:3089} INFO - Sync 1 DAGs
[2026-05-16T17:09:50.270+0000] {logging_mixin.py:188} INFO - [2026-05-16T17:09:50.270+0000] {dag.py:3947} INFO - Setting next_dagrun for tutorial_dag to None, run_after=None
[2026-05-16T17:09:50.276+0000] {processor.py:183} INFO - Processing /home/airflow/.local/lib/python3.12/site-packages/airflow/example_dags/tutorial_dag.py took 0.028 seconds
[2026-05-16T17:10:21.264+0000] {processor.py:161} INFO - Started process (PID=5465) to work on /home/airflow/.local/lib/python3.12/site-packages/airflow/example_dags/tutorial_dag.py
[2026-05-16T17:10:21.264+0000] {processor.py:830} INFO - Processing file /home/airflow/.local/lib/python3.12/site-packages/airflow/example_dags/tutorial_dag.py for tasks to queue
[2026-05-16T17:10:21.267+0000] {logging_mixin.py:188} INFO - [2026-05-16T17:10:21.267+0000] {dagbag.py:545} INFO - Filling up the DagBag from /home/airflow/.local/lib/python3.12/site-packages/airflow/example_dags/tutorial_dag.py
[2026-05-16T17:10:21.275+0000] {processor.py:840} INFO - DAG(s) 'tutorial_dag' retrieved from /home/airflow/.local/lib/python3.12/site-packages/airflow/example_dags/tutorial_dag.py
[2026-05-16T17:10:21.309+0000] {logging_mixin.py:188} INFO - [2026-05-16T17:10:21.308+0000] {dag.py:3089} INFO - Sync 1 DAGs
[2026-05-16T17:10:21.320+0000] {logging_mixin.py:188} INFO - [2026-05-16T17:10:21.320+0000] {dag.py:3947} INFO - Setting next_dagrun for tutorial_dag to None, run_after=None
[2026-05-16T17:10:21.347+0000] {processor.py:183} INFO - Processing /home/airflow/.local/lib/python3.12/site-packages/airflow/example_dags/tutorial_dag.py took 0.093 seconds
[2026-05-16T17:10:52.158+0000] {processor.py:161} INFO - Started process (PID=5527) to work on /home/airflow/.local/lib/python3.12/site-packages/airflow/example_dags/tutorial_dag.py
[2026-05-16T17:10:52.161+0000] {processor.py:830} INFO - Processing file /home/airflow/.local/lib/python3.12/site-packages/airflow/example_dags/tutorial_dag.py for tasks to queue
[2026-05-16T17:10:52.163+0000] {logging_mixin.py:188} INFO - [2026-05-16T17:10:52.162+0000] {dagbag.py:545} INFO - Filling up the DagBag from /home/airflow/.local/lib/python3.12/site-packages/airflow/example_dags/tutorial_dag.py
[2026-05-16T17:10:52.165+0000] {processor.py:840} INFO - DAG(s) 'tutorial_dag' retrieved from /home/airflow/.local/lib/python3.12/site-packages/airflow/example_dags/tutorial_dag.py
[2026-05-16T17:10:52.177+0000] {logging_mixin.py:188} INFO - [2026-05-16T17:10:52.176+0000] {dag.py:3089} INFO - Sync 1 DAGs
[2026-05-16T17:10:52.182+0000] {logging_mixin.py:188} INFO - [2026-05-16T17:10:52.182+0000] {dag.py:3947} INFO - Setting next_dagrun for tutorial_dag to None, run_after=None
[2026-05-16T17:10:52.191+0000] {processor.py:183} INFO - Processing /home/airflow/.local/lib/python3.12/site-packages/airflow/example_dags/tutorial_dag.py took 0.038 seconds
[2026-05-16T17:11:22.839+0000] {processor.py:161} INFO - Started process (PID=5589) to work on /home/airflow/.local/lib/python3.12/site-packages/airflow/example_dags/tutorial_dag.py
[2026-05-16T17:11:22.839+0000] {processor.py:830} INFO - Processing file /home/airflow/.local/lib/python3.12/site-packages/airflow/example_dags/tutorial_dag.py for tasks to queue
[2026-05-16T17:11:22.840+0000] {logging_mixin.py:188} INFO - [2026-05-16T17:11:22.840+0000] {dagbag.py:545} INFO - Filling up the DagBag from /home/airflow/.local/lib/python3.12/site-packages/airflow/example_dags/tutorial_dag.py
[2026-05-16T17:11:22.842+0000] {processor.py:840} INFO - DAG(s) 'tutorial_dag' retrieved from /home/airflow/.local/lib/python3.12/site-packages/airflow/example_dags/tutorial_dag.py
[2026-05-16T17:11:22.851+0000] {logging_mixin.py:188} INFO - [2026-05-16T17:11:22.851+0000] {dag.py:3089} INFO - Sync 1 DAGs
[2026-05-16T17:11:22.857+0000] {logging_mixin.py:188} INFO - [2026-05-16T17:11:22.856+0000] {dag.py:3947} INFO - Setting next_dagrun for tutorial_dag to None, run_after=None
[2026-05-16T17:11:22.862+0000] {processor.py:183} INFO - Processing /home/airflow/.local/lib/python3.12/site-packages/airflow/example_dags/tutorial_dag.py took 0.027 seconds
[2026-05-16T17:11:53.641+0000] {processor.py:161} INFO - Started process (PID=5651) to work on /home/airflow/.local/lib/python3.12/site-packages/airflow/example_dags/tutorial_dag.py
[2026-05-16T17:11:53.642+0000] {processor.py:830} INFO - Processing file /home/airflow/.local/lib/python3.12/site-packages/airflow/example_dags/tutorial_dag.py for tasks to queue
[2026-05-16T17:11:53.643+0000] {logging_mixin.py:188} INFO - [2026-05-16T17:11:53.643+0000] {dagbag.py:545} INFO - Filling up the DagBag from /home/airflow/.local/lib/python3.12/site-packages/airflow/example_dags/tutorial_dag.py
[2026-05-16T17:11:53.646+0000] {processor.py:840} INFO - DAG(s) 'tutorial_dag' retrieved from /home/airflow/.local/lib/python3.12/site-packages/airflow/example_dags/tutorial_dag.py
[2026-05-16T17:11:53.660+0000] {logging_mixin.py:188} INFO - [2026-05-16T17:11:53.660+0000] {dag.py:3089} INFO - Sync 1 DAGs
[2026-05-16T17:11:53.666+0000] {logging_mixin.py:188} INFO - [2026-05-16T17:11:53.666+0000] {dag.py:3947} INFO - Setting next_dagrun for tutorial_dag to None, run_after=None
[2026-05-16T17:11:53.673+0000] {processor.py:183} INFO - Processing /home/airflow/.local/lib/python3.12/site-packages/airflow/example_dags/tutorial_dag.py took 0.034 seconds
[2026-05-16T17:12:24.372+0000] {processor.py:161} INFO - Started process (PID=5712) to work on /home/airflow/.local/lib/python3.12/site-packages/airflow/example_dags/tutorial_dag.py
[2026-05-16T17:12:24.372+0000] {processor.py:830} INFO - Processing file /home/airflow/.local/lib/python3.12/site-packages/airflow/example_dags/tutorial_dag.py for tasks to queue
[2026-05-16T17:12:24.373+0000] {logging_mixin.py:188} INFO - [2026-05-16T17:12:24.373+0000] {dagbag.py:545} INFO - Filling up the DagBag from /home/airflow/.local/lib/python3.12/site-packages/airflow/example_dags/tutorial_dag.py
[2026-05-16T17:12:24.376+0000] {processor.py:840} INFO - DAG(s) 'tutorial_dag' retrieved from /home/airflow/.local/lib/python3.12/site-packages/airflow/example_dags/tutorial_dag.py
[2026-05-16T17:12:24.384+0000] {logging_mixin.py:188} INFO - [2026-05-16T17:12:24.384+0000] {dag.py:3089} INFO - Sync 1 DAGs
[2026-05-16T17:12:24.389+0000] {logging_mixin.py:188} INFO - [2026-05-16T17:12:24.389+0000] {dag.py:3947} INFO - Setting next_dagrun for tutorial_dag to None, run_after=None
[2026-05-16T17:12:24.395+0000] {processor.py:183} INFO - Processing /home/airflow/.local/lib/python3.12/site-packages/airflow/example_dags/tutorial_dag.py took 0.026 seconds
[2026-05-16T17:12:55.107+0000] {processor.py:161} INFO - Started process (PID=5774) to work on /home/airflow/.local/lib/python3.12/site-packages/airflow/example_dags/tutorial_dag.py
[2026-05-16T17:12:55.108+0000] {processor.py:830} INFO - Processing file /home/airflow/.local/lib/python3.12/site-packages/airflow/example_dags/tutorial_dag.py for tasks to queue
[2026-05-16T17:12:55.109+0000] {logging_mixin.py:188} INFO - [2026-05-16T17:12:55.108+0000] {dagbag.py:545} INFO - Filling up the DagBag from /home/airflow/.local/lib/python3.12/site-packages/airflow/example_dags/tutorial_dag.py
[2026-05-16T17:12:55.111+0000] {processor.py:840} INFO - DAG(s) 'tutorial_dag' retrieved from /home/airflow/.local/lib/python3.12/site-packages/airflow/example_dags/tutorial_dag.py
[2026-05-16T17:12:55.120+0000] {logging_mixin.py:188} INFO - [2026-05-16T17:12:55.120+0000] {dag.py:3089} INFO - Sync 1 DAGs
[2026-05-16T17:12:55.126+0000] {logging_mixin.py:188} INFO - [2026-05-16T17:12:55.126+0000] {dag.py:3947} INFO - Setting next_dagrun for tutorial_dag to None, run_after=None
[2026-05-16T17:12:55.134+0000] {processor.py:183} INFO - Processing /home/airflow/.local/lib/python3.12/site-packages/airflow/example_dags/tutorial_dag.py took 0.031 seconds
[2026-05-16T17:13:25.877+0000] {processor.py:161} INFO - Started process (PID=5836) to work on /home/airflow/.local/lib/python3.12/site-packages/airflow/example_dags/tutorial_dag.py
[2026-05-16T17:13:25.878+0000] {processor.py:830} INFO - Processing file /home/airflow/.local/lib/python3.12/site-packages/airflow/example_dags/tutorial_dag.py for tasks to queue
[2026-05-16T17:13:25.879+0000] {logging_mixin.py:188} INFO - [2026-05-16T17:13:25.879+0000] {dagbag.py:545} INFO - Filling up the DagBag from /home/airflow/.local/lib/python3.12/site-packages/airflow/example_dags/tutorial_dag.py
[2026-05-16T17:13:25.881+0000] {processor.py:840} INFO - DAG(s) 'tutorial_dag' retrieved from /home/airflow/.local/lib/python3.12/site-packages/airflow/example_dags/tutorial_dag.py
[2026-05-16T17:13:25.891+0000] {logging_mixin.py:188} INFO - [2026-05-16T17:13:25.890+0000] {dag.py:3089} INFO - Sync 1 DAGs
[2026-05-16T17:13:25.896+0000] {logging_mixin.py:188} INFO - [2026-05-16T17:13:25.895+0000] {dag.py:3947} INFO - Setting next_dagrun for tutorial_dag to None, run_after=None
[2026-05-16T17:13:25.902+0000] {processor.py:183} INFO - Processing /home/airflow/.local/lib/python3.12/site-packages/airflow/example_dags/tutorial_dag.py took 0.027 seconds
[2026-05-16T17:13:56.678+0000] {processor.py:161} INFO - Started process (PID=5897) to work on /home/airflow/.local/lib/python3.12/site-packages/airflow/example_dags/tutorial_dag.py
[2026-05-16T17:13:56.678+0000] {processor.py:830} INFO - Processing file /home/airflow/.local/lib/python3.12/site-packages/airflow/example_dags/tutorial_dag.py for tasks to queue
[2026-05-16T17:13:56.679+0000] {logging_mixin.py:188} INFO - [2026-05-16T17:13:56.679+0000] {dagbag.py:545} INFO - Filling up the DagBag from /home/airflow/.local/lib/python3.12/site-packages/airflow/example_dags/tutorial_dag.py
[2026-05-16T17:13:56.681+0000] {processor.py:840} INFO - DAG(s) 'tutorial_dag' retrieved from /home/airflow/.local/lib/python3.12/site-packages/airflow/example_dags/tutorial_dag.py
[2026-05-16T17:13:56.691+0000] {logging_mixin.py:188} INFO - [2026-05-16T17:13:56.691+0000] {dag.py:3089} INFO - Sync 1 DAGs
[2026-05-16T17:13:56.696+0000] {logging_mixin.py:188} INFO - [2026-05-16T17:13:56.696+0000] {dag.py:3947} INFO - Setting next_dagrun for tutorial_dag to None, run_after=None
[2026-05-16T17:13:56.703+0000] {processor.py:183} INFO - Processing /home/airflow/.local/lib/python3.12/site-packages/airflow/example_dags/tutorial_dag.py took 0.029 seconds
[2026-05-16T17:14:27.480+0000] {processor.py:161} INFO - Started process (PID=5959) to work on /home/airflow/.local/lib/python3.12/site-packages/airflow/example_dags/tutorial_dag.py
[2026-05-16T17:14:27.480+0000] {processor.py:830} INFO - Processing file /home/airflow/.local/lib/python3.12/site-packages/airflow/example_dags/tutorial_dag.py for tasks to queue
[2026-05-16T17:14:27.481+0000] {logging_mixin.py:188} INFO - [2026-05-16T17:14:27.481+0000] {dagbag.py:545} INFO - Filling up the DagBag from /home/airflow/.local/lib/python3.12/site-packages/airflow/example_dags/tutorial_dag.py
[2026-05-16T17:14:27.483+0000] {processor.py:840} INFO - DAG(s) 'tutorial_dag' retrieved from /home/airflow/.local/lib/python3.12/site-packages/airflow/example_dags/tutorial_dag.py
[2026-05-16T17:14:27.491+0000] {logging_mixin.py:188} INFO - [2026-05-16T17:14:27.491+0000] {dag.py:3089} INFO - Sync 1 DAGs
[2026-05-16T17:14:27.495+0000] {logging_mixin.py:188} INFO - [2026-05-16T17:14:27.495+0000] {dag.py:3947} INFO - Setting next_dagrun for tutorial_dag to None, run_after=None
[2026-05-16T17:14:27.501+0000] {processor.py:183} INFO - Processing /home/airflow/.local/lib/python3.12/site-packages/airflow/example_dags/tutorial_dag.py took 0.023 seconds
[2026-05-16T17:14:58.210+0000] {processor.py:161} INFO - Started process (PID=6021) to work on /home/airflow/.local/lib/python3.12/site-packages/airflow/example_dags/tutorial_dag.py
[2026-05-16T17:14:58.211+0000] {processor.py:830} INFO - Processing file /home/airflow/.local/lib/python3.12/site-packages/airflow/example_dags/tutorial_dag.py for tasks to queue
[2026-05-16T17:14:58.212+0000] {logging_mixin.py:188} INFO - [2026-05-16T17:14:58.212+0000] {dagbag.py:545} INFO - Filling up the DagBag from /home/airflow/.local/lib/python3.12/site-packages/airflow/example_dags/tutorial_dag.py
[2026-05-16T17:14:58.220+0000] {processor.py:840} INFO - DAG(s) 'tutorial_dag' retrieved from /home/airflow/.local/lib/python3.12/site-packages/airflow/example_dags/tutorial_dag.py
[2026-05-16T17:14:58.231+0000] {logging_mixin.py:188} INFO - [2026-05-16T17:14:58.231+0000] {dag.py:3089} INFO - Sync 1 DAGs
[2026-05-16T17:14:58.236+0000] {logging_mixin.py:188} INFO - [2026-05-16T17:14:58.236+0000] {dag.py:3947} INFO - Setting next_dagrun for tutorial_dag to None, run_after=None
[2026-05-16T17:14:58.243+0000] {processor.py:183} INFO - Processing /home/airflow/.local/lib/python3.12/site-packages/airflow/example_dags/tutorial_dag.py took 0.036 seconds
[2026-05-16T17:15:29.075+0000] {processor.py:161} INFO - Started process (PID=6083) to work on /home/airflow/.local/lib/python3.12/site-packages/airflow/example_dags/tutorial_dag.py
[2026-05-16T17:15:29.075+0000] {processor.py:830} INFO - Processing file /home/airflow/.local/lib/python3.12/site-packages/airflow/example_dags/tutorial_dag.py for tasks to queue
[2026-05-16T17:15:29.076+0000] {logging_mixin.py:188} INFO - [2026-05-16T17:15:29.076+0000] {dagbag.py:545} INFO - Filling up the DagBag from /home/airflow/.local/lib/python3.12/site-packages/airflow/example_dags/tutorial_dag.py
[2026-05-16T17:15:29.078+0000] {processor.py:840} INFO - DAG(s) 'tutorial_dag' retrieved from /home/airflow/.local/lib/python3.12/site-packages/airflow/example_dags/tutorial_dag.py
[2026-05-16T17:15:29.087+0000] {logging_mixin.py:188} INFO - [2026-05-16T17:15:29.087+0000] {dag.py:3089} INFO - Sync 1 DAGs
[2026-05-16T17:15:29.092+0000] {logging_mixin.py:188} INFO - [2026-05-16T17:15:29.091+0000] {dag.py:3947} INFO - Setting next_dagrun for tutorial_dag to None, run_after=None
[2026-05-16T17:15:29.097+0000] {processor.py:183} INFO - Processing /home/airflow/.local/lib/python3.12/site-packages/airflow/example_dags/tutorial_dag.py took 0.025 seconds
[2026-05-16T17:15:59.867+0000] {processor.py:161} INFO - Started process (PID=6145) to work on /home/airflow/.local/lib/python3.12/site-packages/airflow/example_dags/tutorial_dag.py
[2026-05-16T17:15:59.868+0000] {processor.py:830} INFO - Processing file /home/airflow/.local/lib/python3.12/site-packages/airflow/example_dags/tutorial_dag.py for tasks to queue
[2026-05-16T17:15:59.869+0000] {logging_mixin.py:188} INFO - [2026-05-16T17:15:59.869+0000] {dagbag.py:545} INFO - Filling up the DagBag from /home/airflow/.local/lib/python3.12/site-packages/airflow/example_dags/tutorial_dag.py
[2026-05-16T17:15:59.871+0000] {processor.py:840} INFO - DAG(s) 'tutorial_dag' retrieved from /home/airflow/.local/lib/python3.12/site-packages/airflow/example_dags/tutorial_dag.py
[2026-05-16T17:15:59.879+0000] {logging_mixin.py:188} INFO - [2026-05-16T17:15:59.879+0000] {dag.py:3089} INFO - Sync 1 DAGs
[2026-05-16T17:15:59.883+0000] {logging_mixin.py:188} INFO - [2026-05-16T17:15:59.883+0000] {dag.py:3947} INFO - Setting next_dagrun for tutorial_dag to None, run_after=None
[2026-05-16T17:15:59.890+0000] {processor.py:183} INFO - Processing /home/airflow/.local/lib/python3.12/site-packages/airflow/example_dags/tutorial_dag.py took 0.026 seconds
[2026-05-16T17:16:30.711+0000] {processor.py:161} INFO - Started process (PID=6213) to work on /home/airflow/.local/lib/python3.12/site-packages/airflow/example_dags/tutorial_dag.py
[2026-05-16T17:16:30.711+0000] {processor.py:830} INFO - Processing file /home/airflow/.local/lib/python3.12/site-packages/airflow/example_dags/tutorial_dag.py for tasks to queue
[2026-05-16T17:16:30.712+0000] {logging_mixin.py:188} INFO - [2026-05-16T17:16:30.712+0000] {dagbag.py:545} INFO - Filling up the DagBag from /home/airflow/.local/lib/python3.12/site-packages/airflow/example_dags/tutorial_dag.py
[2026-05-16T17:16:30.715+0000] {processor.py:840} INFO - DAG(s) 'tutorial_dag' retrieved from /home/airflow/.local/lib/python3.12/site-packages/airflow/example_dags/tutorial_dag.py
[2026-05-16T17:16:30.727+0000] {logging_mixin.py:188} INFO - [2026-05-16T17:16:30.727+0000] {dag.py:3089} INFO - Sync 1 DAGs
[2026-05-16T17:16:30.732+0000] {logging_mixin.py:188} INFO - [2026-05-16T17:16:30.732+0000] {dag.py:3947} INFO - Setting next_dagrun for tutorial_dag to None, run_after=None
[2026-05-16T17:16:30.739+0000] {processor.py:183} INFO - Processing /home/airflow/.local/lib/python3.12/site-packages/airflow/example_dags/tutorial_dag.py took 0.032 seconds
[2026-05-16T17:17:01.578+0000] {processor.py:161} INFO - Started process (PID=6275) to work on /home/airflow/.local/lib/python3.12/site-packages/airflow/example_dags/tutorial_dag.py
[2026-05-16T17:17:01.578+0000] {processor.py:830} INFO - Processing file /home/airflow/.local/lib/python3.12/site-packages/airflow/example_dags/tutorial_dag.py for tasks to queue
[2026-05-16T17:17:01.579+0000] {logging_mixin.py:188} INFO - [2026-05-16T17:17:01.579+0000] {dagbag.py:545} INFO - Filling up the DagBag from /home/airflow/.local/lib/python3.12/site-packages/airflow/example_dags/tutorial_dag.py
[2026-05-16T17:17:01.582+0000] {processor.py:840} INFO - DAG(s) 'tutorial_dag' retrieved from /home/airflow/.local/lib/python3.12/site-packages/airflow/example_dags/tutorial_dag.py
[2026-05-16T17:17:01.592+0000] {logging_mixin.py:188} INFO - [2026-05-16T17:17:01.592+0000] {dag.py:3089} INFO - Sync 1 DAGs
[2026-05-16T17:17:01.599+0000] {logging_mixin.py:188} INFO - [2026-05-16T17:17:01.599+0000] {dag.py:3947} INFO - Setting next_dagrun for tutorial_dag to None, run_after=None
[2026-05-16T17:17:01.608+0000] {processor.py:183} INFO - Processing /home/airflow/.local/lib/python3.12/site-packages/airflow/example_dags/tutorial_dag.py took 0.032 seconds
[2026-05-16T17:17:32.403+0000] {processor.py:161} INFO - Started process (PID=6337) to work on /home/airflow/.local/lib/python3.12/site-packages/airflow/example_dags/tutorial_dag.py
[2026-05-16T17:17:32.404+0000] {processor.py:830} INFO - Processing file /home/airflow/.local/lib/python3.12/site-packages/airflow/example_dags/tutorial_dag.py for tasks to queue
[2026-05-16T17:17:32.405+0000] {logging_mixin.py:188} INFO - [2026-05-16T17:17:32.404+0000] {dagbag.py:545} INFO - Filling up the DagBag from /home/airflow/.local/lib/python3.12/site-packages/airflow/example_dags/tutorial_dag.py
[2026-05-16T17:17:32.408+0000] {processor.py:840} INFO - DAG(s) 'tutorial_dag' retrieved from /home/airflow/.local/lib/python3.12/site-packages/airflow/example_dags/tutorial_dag.py
[2026-05-16T17:17:32.417+0000] {logging_mixin.py:188} INFO - [2026-05-16T17:17:32.417+0000] {dag.py:3089} INFO - Sync 1 DAGs
[2026-05-16T17:17:32.422+0000] {logging_mixin.py:188} INFO - [2026-05-16T17:17:32.422+0000] {dag.py:3947} INFO - Setting next_dagrun for tutorial_dag to None, run_after=None
[2026-05-16T17:17:32.430+0000] {processor.py:183} INFO - Processing /home/airflow/.local/lib/python3.12/site-packages/airflow/example_dags/tutorial_dag.py took 0.030 seconds
[2026-05-16T17:18:03.190+0000] {processor.py:161} INFO - Started process (PID=6399) to work on /home/airflow/.local/lib/python3.12/site-packages/airflow/example_dags/tutorial_dag.py
[2026-05-16T17:18:03.190+0000] {processor.py:830} INFO - Processing file /home/airflow/.local/lib/python3.12/site-packages/airflow/example_dags/tutorial_dag.py for tasks to queue
[2026-05-16T17:18:03.191+0000] {logging_mixin.py:188} INFO - [2026-05-16T17:18:03.191+0000] {dagbag.py:545} INFO - Filling up the DagBag from /home/airflow/.local/lib/python3.12/site-packages/airflow/example_dags/tutorial_dag.py
[2026-05-16T17:18:03.194+0000] {processor.py:840} INFO - DAG(s) 'tutorial_dag' retrieved from /home/airflow/.local/lib/python3.12/site-packages/airflow/example_dags/tutorial_dag.py
[2026-05-16T17:18:03.202+0000] {logging_mixin.py:188} INFO - [2026-05-16T17:18:03.202+0000] {dag.py:3089} INFO - Sync 1 DAGs
[2026-05-16T17:18:03.207+0000] {logging_mixin.py:188} INFO - [2026-05-16T17:18:03.207+0000] {dag.py:3947} INFO - Setting next_dagrun for tutorial_dag to None, run_after=None
[2026-05-16T17:18:03.213+0000] {processor.py:183} INFO - Processing /home/airflow/.local/lib/python3.12/site-packages/airflow/example_dags/tutorial_dag.py took 0.026 seconds
[2026-05-16T17:18:33.997+0000] {processor.py:161} INFO - Started process (PID=6461) to work on /home/airflow/.local/lib/python3.12/site-packages/airflow/example_dags/tutorial_dag.py
[2026-05-16T17:18:33.998+0000] {processor.py:830} INFO - Processing file /home/airflow/.local/lib/python3.12/site-packages/airflow/example_dags/tutorial_dag.py for tasks to queue
[2026-05-16T17:18:33.999+0000] {logging_mixin.py:188} INFO - [2026-05-16T17:18:33.999+0000] {dagbag.py:545} INFO - Filling up the DagBag from /home/airflow/.local/lib/python3.12/site-packages/airflow/example_dags/tutorial_dag.py
[2026-05-16T17:18:34.001+0000] {processor.py:840} INFO - DAG(s) 'tutorial_dag' retrieved from /home/airflow/.local/lib/python3.12/site-packages/airflow/example_dags/tutorial_dag.py
[2026-05-16T17:18:34.014+0000] {logging_mixin.py:188} INFO - [2026-05-16T17:18:34.014+0000] {dag.py:3089} INFO - Sync 1 DAGs
[2026-05-16T17:18:34.019+0000] {logging_mixin.py:188} INFO - [2026-05-16T17:18:34.019+0000] {dag.py:3947} INFO - Setting next_dagrun for tutorial_dag to None, run_after=None
[2026-05-16T17:18:34.032+0000] {processor.py:183} INFO - Processing /home/airflow/.local/lib/python3.12/site-packages/airflow/example_dags/tutorial_dag.py took 0.038 seconds
[2026-05-16T17:19:04.828+0000] {processor.py:161} INFO - Started process (PID=6523) to work on /home/airflow/.local/lib/python3.12/site-packages/airflow/example_dags/tutorial_dag.py
[2026-05-16T17:19:04.829+0000] {processor.py:830} INFO - Processing file /home/airflow/.local/lib/python3.12/site-packages/airflow/example_dags/tutorial_dag.py for tasks to queue
[2026-05-16T17:19:04.830+0000] {logging_mixin.py:188} INFO - [2026-05-16T17:19:04.829+0000] {dagbag.py:545} INFO - Filling up the DagBag from /home/airflow/.local/lib/python3.12/site-packages/airflow/example_dags/tutorial_dag.py
[2026-05-16T17:19:04.832+0000] {processor.py:840} INFO - DAG(s) 'tutorial_dag' retrieved from /home/airflow/.local/lib/python3.12/site-packages/airflow/example_dags/tutorial_dag.py
[2026-05-16T17:19:04.845+0000] {logging_mixin.py:188} INFO - [2026-05-16T17:19:04.844+0000] {dag.py:3089} INFO - Sync 1 DAGs
[2026-05-16T17:19:04.850+0000] {logging_mixin.py:188} INFO - [2026-05-16T17:19:04.850+0000] {dag.py:3947} INFO - Setting next_dagrun for tutorial_dag to None, run_after=None
[2026-05-16T17:19:04.858+0000] {processor.py:183} INFO - Processing /home/airflow/.local/lib/python3.12/site-packages/airflow/example_dags/tutorial_dag.py took 0.032 seconds
[2026-05-16T17:19:35.533+0000] {processor.py:161} INFO - Started process (PID=6585) to work on /home/airflow/.local/lib/python3.12/site-packages/airflow/example_dags/tutorial_dag.py
[2026-05-16T17:19:35.534+0000] {processor.py:830} INFO - Processing file /home/airflow/.local/lib/python3.12/site-packages/airflow/example_dags/tutorial_dag.py for tasks to queue
[2026-05-16T17:19:35.535+0000] {logging_mixin.py:188} INFO - [2026-05-16T17:19:35.535+0000] {dagbag.py:545} INFO - Filling up the DagBag from /home/airflow/.local/lib/python3.12/site-packages/airflow/example_dags/tutorial_dag.py
[2026-05-16T17:19:35.538+0000] {processor.py:840} INFO - DAG(s) 'tutorial_dag' retrieved from /home/airflow/.local/lib/python3.12/site-packages/airflow/example_dags/tutorial_dag.py
[2026-05-16T17:19:35.547+0000] {logging_mixin.py:188} INFO - [2026-05-16T17:19:35.547+0000] {dag.py:3089} INFO - Sync 1 DAGs
[2026-05-16T17:19:35.552+0000] {logging_mixin.py:188} INFO - [2026-05-16T17:19:35.551+0000] {dag.py:3947} INFO - Setting next_dagrun for tutorial_dag to None, run_after=None
[2026-05-16T17:19:35.561+0000] {processor.py:183} INFO - Processing /home/airflow/.local/lib/python3.12/site-packages/airflow/example_dags/tutorial_dag.py took 0.030 seconds
[2026-05-16T17:20:06.186+0000] {processor.py:161} INFO - Started process (PID=6646) to work on /home/airflow/.local/lib/python3.12/site-packages/airflow/example_dags/tutorial_dag.py
[2026-05-16T17:20:06.186+0000] {processor.py:830} INFO - Processing file /home/airflow/.local/lib/python3.12/site-packages/airflow/example_dags/tutorial_dag.py for tasks to queue
[2026-05-16T17:20:06.187+0000] {logging_mixin.py:188} INFO - [2026-05-16T17:20:06.187+0000] {dagbag.py:545} INFO - Filling up the DagBag from /home/airflow/.local/lib/python3.12/site-packages/airflow/example_dags/tutorial_dag.py
[2026-05-16T17:20:06.190+0000] {processor.py:840} INFO - DAG(s) 'tutorial_dag' retrieved from /home/airflow/.local/lib/python3.12/site-packages/airflow/example_dags/tutorial_dag.py
[2026-05-16T17:20:06.198+0000] {logging_mixin.py:188} INFO - [2026-05-16T17:20:06.198+0000] {dag.py:3089} INFO - Sync 1 DAGs
[2026-05-16T17:20:06.203+0000] {logging_mixin.py:188} INFO - [2026-05-16T17:20:06.203+0000] {dag.py:3947} INFO - Setting next_dagrun for tutorial_dag to None, run_after=None
[2026-05-16T17:20:06.209+0000] {processor.py:183} INFO - Processing /home/airflow/.local/lib/python3.12/site-packages/airflow/example_dags/tutorial_dag.py took 0.026 seconds
[2026-05-16T17:20:37.122+0000] {processor.py:161} INFO - Started process (PID=6708) to work on /home/airflow/.local/lib/python3.12/site-packages/airflow/example_dags/tutorial_dag.py
[2026-05-16T17:20:37.123+0000] {processor.py:830} INFO - Processing file /home/airflow/.local/lib/python3.12/site-packages/airflow/example_dags/tutorial_dag.py for tasks to queue
[2026-05-16T17:20:37.124+0000] {logging_mixin.py:188} INFO - [2026-05-16T17:20:37.124+0000] {dagbag.py:545} INFO - Filling up the DagBag from /home/airflow/.local/lib/python3.12/site-packages/airflow/example_dags/tutorial_dag.py
[2026-05-16T17:20:37.127+0000] {processor.py:840} INFO - DAG(s) 'tutorial_dag' retrieved from /home/airflow/.local/lib/python3.12/site-packages/airflow/example_dags/tutorial_dag.py
[2026-05-16T17:20:37.137+0000] {logging_mixin.py:188} INFO - [2026-05-16T17:20:37.137+0000] {dag.py:3089} INFO - Sync 1 DAGs
[2026-05-16T17:20:37.143+0000] {logging_mixin.py:188} INFO - [2026-05-16T17:20:37.142+0000] {dag.py:3947} INFO - Setting next_dagrun for tutorial_dag to None, run_after=None
[2026-05-16T17:20:37.149+0000] {processor.py:183} INFO - Processing /home/airflow/.local/lib/python3.12/site-packages/airflow/example_dags/tutorial_dag.py took 0.031 seconds
[2026-05-16T17:21:07.275+0000] {processor.py:161} INFO - Started process (PID=6770) to work on /home/airflow/.local/lib/python3.12/site-packages/airflow/example_dags/tutorial_dag.py
[2026-05-16T17:21:07.276+0000] {processor.py:830} INFO - Processing file /home/airflow/.local/lib/python3.12/site-packages/airflow/example_dags/tutorial_dag.py for tasks to queue
[2026-05-16T17:21:07.277+0000] {logging_mixin.py:188} INFO - [2026-05-16T17:21:07.277+0000] {dagbag.py:545} INFO - Filling up the DagBag from /home/airflow/.local/lib/python3.12/site-packages/airflow/example_dags/tutorial_dag.py
[2026-05-16T17:21:07.280+0000] {processor.py:840} INFO - DAG(s) 'tutorial_dag' retrieved from /home/airflow/.local/lib/python3.12/site-packages/airflow/example_dags/tutorial_dag.py
[2026-05-16T17:21:07.289+0000] {logging_mixin.py:188} INFO - [2026-05-16T17:21:07.289+0000] {dag.py:3089} INFO - Sync 1 DAGs
[2026-05-16T17:21:07.295+0000] {logging_mixin.py:188} INFO - [2026-05-16T17:21:07.295+0000] {dag.py:3947} INFO - Setting next_dagrun for tutorial_dag to None, run_after=None
[2026-05-16T17:21:07.302+0000] {processor.py:183} INFO - Processing /home/airflow/.local/lib/python3.12/site-packages/airflow/example_dags/tutorial_dag.py took 0.030 seconds
[2026-05-16T17:21:39.367+0000] {processor.py:161} INFO - Started process (PID=6832) to work on /home/airflow/.local/lib/python3.12/site-packages/airflow/example_dags/tutorial_dag.py
[2026-05-16T17:21:39.368+0000] {processor.py:830} INFO - Processing file /home/airflow/.local/lib/python3.12/site-packages/airflow/example_dags/tutorial_dag.py for tasks to queue
[2026-05-16T17:21:39.370+0000] {logging_mixin.py:188} INFO - [2026-05-16T17:21:39.369+0000] {dagbag.py:545} INFO - Filling up the DagBag from /home/airflow/.local/lib/python3.12/site-packages/airflow/example_dags/tutorial_dag.py
[2026-05-16T17:21:39.373+0000] {processor.py:840} INFO - DAG(s) 'tutorial_dag' retrieved from /home/airflow/.local/lib/python3.12/site-packages/airflow/example_dags/tutorial_dag.py
[2026-05-16T17:21:39.386+0000] {logging_mixin.py:188} INFO - [2026-05-16T17:21:39.385+0000] {dag.py:3089} INFO - Sync 1 DAGs
[2026-05-16T17:21:39.394+0000] {logging_mixin.py:188} INFO - [2026-05-16T17:21:39.393+0000] {dag.py:3947} INFO - Setting next_dagrun for tutorial_dag to None, run_after=None
[2026-05-16T17:21:39.404+0000] {processor.py:183} INFO - Processing /home/airflow/.local/lib/python3.12/site-packages/airflow/example_dags/tutorial_dag.py took 0.040 seconds
[2026-05-16T17:22:09.922+0000] {processor.py:161} INFO - Started process (PID=6894) to work on /home/airflow/.local/lib/python3.12/site-packages/airflow/example_dags/tutorial_dag.py
[2026-05-16T17:22:09.927+0000] {processor.py:830} INFO - Processing file /home/airflow/.local/lib/python3.12/site-packages/airflow/example_dags/tutorial_dag.py for tasks to queue
[2026-05-16T17:22:09.929+0000] {logging_mixin.py:188} INFO - [2026-05-16T17:22:09.928+0000] {dagbag.py:545} INFO - Filling up the DagBag from /home/airflow/.local/lib/python3.12/site-packages/airflow/example_dags/tutorial_dag.py
[2026-05-16T17:22:09.935+0000] {processor.py:840} INFO - DAG(s) 'tutorial_dag' retrieved from /home/airflow/.local/lib/python3.12/site-packages/airflow/example_dags/tutorial_dag.py
[2026-05-16T17:22:09.968+0000] {logging_mixin.py:188} INFO - [2026-05-16T17:22:09.968+0000] {dag.py:3089} INFO - Sync 1 DAGs
[2026-05-16T17:22:09.985+0000] {logging_mixin.py:188} INFO - [2026-05-16T17:22:09.984+0000] {dag.py:3947} INFO - Setting next_dagrun for tutorial_dag to None, run_after=None
[2026-05-16T17:22:10.015+0000] {processor.py:183} INFO - Processing /home/airflow/.local/lib/python3.12/site-packages/airflow/example_dags/tutorial_dag.py took 0.104 seconds
[2026-05-16T17:25:07.079+0000] {processor.py:161} INFO - Started process (PID=6948) to work on /home/airflow/.local/lib/python3.12/site-packages/airflow/example_dags/tutorial_dag.py
[2026-05-16T17:25:07.080+0000] {processor.py:830} INFO - Processing file /home/airflow/.local/lib/python3.12/site-packages/airflow/example_dags/tutorial_dag.py for tasks to queue
[2026-05-16T17:25:07.082+0000] {logging_mixin.py:188} INFO - [2026-05-16T17:25:07.081+0000] {dagbag.py:545} INFO - Filling up the DagBag from /home/airflow/.local/lib/python3.12/site-packages/airflow/example_dags/tutorial_dag.py
[2026-05-16T17:25:07.087+0000] {processor.py:840} INFO - DAG(s) 'tutorial_dag' retrieved from /home/airflow/.local/lib/python3.12/site-packages/airflow/example_dags/tutorial_dag.py
[2026-05-16T17:25:07.119+0000] {logging_mixin.py:188} INFO - [2026-05-16T17:25:07.118+0000] {dag.py:3089} INFO - Sync 1 DAGs
[2026-05-16T17:25:07.140+0000] {logging_mixin.py:188} INFO - [2026-05-16T17:25:07.137+0000] {dag.py:3947} INFO - Setting next_dagrun for tutorial_dag to None, run_after=None
[2026-05-16T17:25:07.173+0000] {processor.py:183} INFO - Processing /home/airflow/.local/lib/python3.12/site-packages/airflow/example_dags/tutorial_dag.py took 0.101 seconds
[2026-05-16T17:25:39.323+0000] {processor.py:161} INFO - Started process (PID=7010) to work on /home/airflow/.local/lib/python3.12/site-packages/airflow/example_dags/tutorial_dag.py
[2026-05-16T17:25:39.327+0000] {processor.py:830} INFO - Processing file /home/airflow/.local/lib/python3.12/site-packages/airflow/example_dags/tutorial_dag.py for tasks to queue
[2026-05-16T17:25:39.330+0000] {logging_mixin.py:188} INFO - [2026-05-16T17:25:39.329+0000] {dagbag.py:545} INFO - Filling up the DagBag from /home/airflow/.local/lib/python3.12/site-packages/airflow/example_dags/tutorial_dag.py
[2026-05-16T17:25:39.336+0000] {processor.py:840} INFO - DAG(s) 'tutorial_dag' retrieved from /home/airflow/.local/lib/python3.12/site-packages/airflow/example_dags/tutorial_dag.py
[2026-05-16T17:25:39.371+0000] {logging_mixin.py:188} INFO - [2026-05-16T17:25:39.371+0000] {dag.py:3089} INFO - Sync 1 DAGs
[2026-05-16T17:25:39.392+0000] {logging_mixin.py:188} INFO - [2026-05-16T17:25:39.391+0000] {dag.py:3947} INFO - Setting next_dagrun for tutorial_dag to None, run_after=None
[2026-05-16T17:25:39.432+0000] {processor.py:183} INFO - Processing /home/airflow/.local/lib/python3.12/site-packages/airflow/example_dags/tutorial_dag.py took 0.123 seconds
[2026-05-16T17:30:12.272+0000] {processor.py:161} INFO - Started process (PID=7072) to work on /home/airflow/.local/lib/python3.12/site-packages/airflow/example_dags/tutorial_dag.py
[2026-05-16T17:30:12.274+0000] {processor.py:830} INFO - Processing file /home/airflow/.local/lib/python3.12/site-packages/airflow/example_dags/tutorial_dag.py for tasks to queue
[2026-05-16T17:30:12.278+0000] {logging_mixin.py:188} INFO - [2026-05-16T17:30:12.278+0000] {dagbag.py:545} INFO - Filling up the DagBag from /home/airflow/.local/lib/python3.12/site-packages/airflow/example_dags/tutorial_dag.py
[2026-05-16T17:30:12.289+0000] {processor.py:840} INFO - DAG(s) 'tutorial_dag' retrieved from /home/airflow/.local/lib/python3.12/site-packages/airflow/example_dags/tutorial_dag.py
[2026-05-16T17:30:12.326+0000] {logging_mixin.py:188} INFO - [2026-05-16T17:30:12.325+0000] {dag.py:3089} INFO - Sync 1 DAGs
[2026-05-16T17:30:12.345+0000] {logging_mixin.py:188} INFO - [2026-05-16T17:30:12.345+0000] {dag.py:3947} INFO - Setting next_dagrun for tutorial_dag to None, run_after=None
[2026-05-16T17:30:12.382+0000] {processor.py:183} INFO - Processing /home/airflow/.local/lib/python3.12/site-packages/airflow/example_dags/tutorial_dag.py took 0.121 seconds
[2026-05-16T17:30:45.088+0000] {processor.py:161} INFO - Started process (PID=7134) to work on /home/airflow/.local/lib/python3.12/site-packages/airflow/example_dags/tutorial_dag.py
[2026-05-16T17:30:45.092+0000] {processor.py:830} INFO - Processing file /home/airflow/.local/lib/python3.12/site-packages/airflow/example_dags/tutorial_dag.py for tasks to queue
[2026-05-16T17:30:45.102+0000] {logging_mixin.py:188} INFO - [2026-05-16T17:30:45.099+0000] {dagbag.py:545} INFO - Filling up the DagBag from /home/airflow/.local/lib/python3.12/site-packages/airflow/example_dags/tutorial_dag.py
[2026-05-16T17:30:45.128+0000] {processor.py:840} INFO - DAG(s) 'tutorial_dag' retrieved from /home/airflow/.local/lib/python3.12/site-packages/airflow/example_dags/tutorial_dag.py
[2026-05-16T17:30:45.258+0000] {logging_mixin.py:188} INFO - [2026-05-16T17:30:45.236+0000] {dag.py:3089} INFO - Sync 1 DAGs
[2026-05-16T17:30:45.319+0000] {logging_mixin.py:188} INFO - [2026-05-16T17:30:45.319+0000] {dag.py:3947} INFO - Setting next_dagrun for tutorial_dag to None, run_after=None
[2026-05-16T17:30:45.405+0000] {processor.py:183} INFO - Processing /home/airflow/.local/lib/python3.12/site-packages/airflow/example_dags/tutorial_dag.py took 0.337 seconds
[2026-05-16T17:46:32.788+0000] {processor.py:161} INFO - Started process (PID=7196) to work on /home/airflow/.local/lib/python3.12/site-packages/airflow/example_dags/tutorial_dag.py
[2026-05-16T17:46:32.789+0000] {processor.py:830} INFO - Processing file /home/airflow/.local/lib/python3.12/site-packages/airflow/example_dags/tutorial_dag.py for tasks to queue
[2026-05-16T17:46:32.790+0000] {logging_mixin.py:188} INFO - [2026-05-16T17:46:32.790+0000] {dagbag.py:545} INFO - Filling up the DagBag from /home/airflow/.local/lib/python3.12/site-packages/airflow/example_dags/tutorial_dag.py
[2026-05-16T17:46:32.794+0000] {processor.py:840} INFO - DAG(s) 'tutorial_dag' retrieved from /home/airflow/.local/lib/python3.12/site-packages/airflow/example_dags/tutorial_dag.py
[2026-05-16T17:46:32.809+0000] {logging_mixin.py:188} INFO - [2026-05-16T17:46:32.809+0000] {dag.py:3089} INFO - Sync 1 DAGs
[2026-05-16T17:46:32.818+0000] {logging_mixin.py:188} INFO - [2026-05-16T17:46:32.818+0000] {dag.py:3947} INFO - Setting next_dagrun for tutorial_dag to None, run_after=None
[2026-05-16T17:46:32.828+0000] {processor.py:183} INFO - Processing /home/airflow/.local/lib/python3.12/site-packages/airflow/example_dags/tutorial_dag.py took 0.045 seconds
[2026-05-16T17:47:06.440+0000] {processor.py:161} INFO - Started process (PID=7258) to work on /home/airflow/.local/lib/python3.12/site-packages/airflow/example_dags/tutorial_dag.py
[2026-05-16T17:47:06.441+0000] {processor.py:830} INFO - Processing file /home/airflow/.local/lib/python3.12/site-packages/airflow/example_dags/tutorial_dag.py for tasks to queue
[2026-05-16T17:47:06.443+0000] {logging_mixin.py:188} INFO - [2026-05-16T17:47:06.443+0000] {dagbag.py:545} INFO - Filling up the DagBag from /home/airflow/.local/lib/python3.12/site-packages/airflow/example_dags/tutorial_dag.py
[2026-05-16T17:47:06.451+0000] {processor.py:840} INFO - DAG(s) 'tutorial_dag' retrieved from /home/airflow/.local/lib/python3.12/site-packages/airflow/example_dags/tutorial_dag.py
[2026-05-16T17:47:06.488+0000] {logging_mixin.py:188} INFO - [2026-05-16T17:47:06.488+0000] {dag.py:3089} INFO - Sync 1 DAGs
[2026-05-16T17:47:06.511+0000] {logging_mixin.py:188} INFO - [2026-05-16T17:47:06.510+0000] {dag.py:3947} INFO - Setting next_dagrun for tutorial_dag to None, run_after=None
[2026-05-16T17:47:06.542+0000] {processor.py:183} INFO - Processing /home/airflow/.local/lib/python3.12/site-packages/airflow/example_dags/tutorial_dag.py took 0.123 seconds
[2026-05-16T18:45:36.615+0000] {processor.py:161} INFO - Started process (PID=7319) to work on /home/airflow/.local/lib/python3.12/site-packages/airflow/example_dags/tutorial_dag.py
[2026-05-16T18:45:36.616+0000] {processor.py:830} INFO - Processing file /home/airflow/.local/lib/python3.12/site-packages/airflow/example_dags/tutorial_dag.py for tasks to queue
[2026-05-16T18:45:36.617+0000] {logging_mixin.py:188} INFO - [2026-05-16T18:45:36.617+0000] {dagbag.py:545} INFO - Filling up the DagBag from /home/airflow/.local/lib/python3.12/site-packages/airflow/example_dags/tutorial_dag.py
[2026-05-16T18:45:36.621+0000] {processor.py:840} INFO - DAG(s) 'tutorial_dag' retrieved from /home/airflow/.local/lib/python3.12/site-packages/airflow/example_dags/tutorial_dag.py
[2026-05-16T18:45:36.638+0000] {logging_mixin.py:188} INFO - [2026-05-16T18:45:36.638+0000] {dag.py:3089} INFO - Sync 1 DAGs
[2026-05-16T18:45:36.648+0000] {logging_mixin.py:188} INFO - [2026-05-16T18:45:36.647+0000] {dag.py:3947} INFO - Setting next_dagrun for tutorial_dag to None, run_after=None
[2026-05-16T18:45:36.660+0000] {processor.py:183} INFO - Processing /home/airflow/.local/lib/python3.12/site-packages/airflow/example_dags/tutorial_dag.py took 0.050 seconds
[2026-05-16T18:46:07.479+0000] {processor.py:161} INFO - Started process (PID=7381) to work on /home/airflow/.local/lib/python3.12/site-packages/airflow/example_dags/tutorial_dag.py
[2026-05-16T18:46:07.481+0000] {processor.py:830} INFO - Processing file /home/airflow/.local/lib/python3.12/site-packages/airflow/example_dags/tutorial_dag.py for tasks to queue
[2026-05-16T18:46:07.484+0000] {logging_mixin.py:188} INFO - [2026-05-16T18:46:07.483+0000] {dagbag.py:545} INFO - Filling up the DagBag from /home/airflow/.local/lib/python3.12/site-packages/airflow/example_dags/tutorial_dag.py
[2026-05-16T18:46:07.496+0000] {processor.py:840} INFO - DAG(s) 'tutorial_dag' retrieved from /home/airflow/.local/lib/python3.12/site-packages/airflow/example_dags/tutorial_dag.py
[2026-05-16T18:46:07.541+0000] {logging_mixin.py:188} INFO - [2026-05-16T18:46:07.540+0000] {dag.py:3089} INFO - Sync 1 DAGs
[2026-05-16T18:46:07.555+0000] {logging_mixin.py:188} INFO - [2026-05-16T18:46:07.555+0000] {dag.py:3947} INFO - Setting next_dagrun for tutorial_dag to None, run_after=None
[2026-05-16T18:46:07.591+0000] {processor.py:183} INFO - Processing /home/airflow/.local/lib/python3.12/site-packages/airflow/example_dags/tutorial_dag.py took 0.123 seconds
[2026-05-16T19:23:28.806+0000] {processor.py:161} INFO - Started process (PID=7442) to work on /home/airflow/.local/lib/python3.12/site-packages/airflow/example_dags/tutorial_dag.py
[2026-05-16T19:23:28.806+0000] {processor.py:830} INFO - Processing file /home/airflow/.local/lib/python3.12/site-packages/airflow/example_dags/tutorial_dag.py for tasks to queue
[2026-05-16T19:23:28.808+0000] {logging_mixin.py:188} INFO - [2026-05-16T19:23:28.808+0000] {dagbag.py:545} INFO - Filling up the DagBag from /home/airflow/.local/lib/python3.12/site-packages/airflow/example_dags/tutorial_dag.py
[2026-05-16T19:23:28.813+0000] {processor.py:840} INFO - DAG(s) 'tutorial_dag' retrieved from /home/airflow/.local/lib/python3.12/site-packages/airflow/example_dags/tutorial_dag.py
[2026-05-16T19:23:28.830+0000] {logging_mixin.py:188} INFO - [2026-05-16T19:23:28.830+0000] {dag.py:3089} INFO - Sync 1 DAGs
[2026-05-16T19:23:28.838+0000] {logging_mixin.py:188} INFO - [2026-05-16T19:23:28.838+0000] {dag.py:3947} INFO - Setting next_dagrun for tutorial_dag to None, run_after=None
[2026-05-16T19:23:28.848+0000] {processor.py:183} INFO - Processing /home/airflow/.local/lib/python3.12/site-packages/airflow/example_dags/tutorial_dag.py took 0.048 seconds
[2026-05-16T19:23:59.651+0000] {processor.py:161} INFO - Started process (PID=7504) to work on /home/airflow/.local/lib/python3.12/site-packages/airflow/example_dags/tutorial_dag.py
[2026-05-16T19:23:59.651+0000] {processor.py:830} INFO - Processing file /home/airflow/.local/lib/python3.12/site-packages/airflow/example_dags/tutorial_dag.py for tasks to queue
[2026-05-16T19:23:59.652+0000] {logging_mixin.py:188} INFO - [2026-05-16T19:23:59.652+0000] {dagbag.py:545} INFO - Filling up the DagBag from /home/airflow/.local/lib/python3.12/site-packages/airflow/example_dags/tutorial_dag.py
[2026-05-16T19:23:59.654+0000] {processor.py:840} INFO - DAG(s) 'tutorial_dag' retrieved from /home/airflow/.local/lib/python3.12/site-packages/airflow/example_dags/tutorial_dag.py
[2026-05-16T19:23:59.664+0000] {logging_mixin.py:188} INFO - [2026-05-16T19:23:59.664+0000] {dag.py:3089} INFO - Sync 1 DAGs
[2026-05-16T19:23:59.669+0000] {logging_mixin.py:188} INFO - [2026-05-16T19:23:59.669+0000] {dag.py:3947} INFO - Setting next_dagrun for tutorial_dag to None, run_after=None
[2026-05-16T19:23:59.675+0000] {processor.py:183} INFO - Processing /home/airflow/.local/lib/python3.12/site-packages/airflow/example_dags/tutorial_dag.py took 0.027 seconds
[2026-05-16T20:13:35.864+0000] {processor.py:161} INFO - Started process (PID=7560) to work on /home/airflow/.local/lib/python3.12/site-packages/airflow/example_dags/tutorial_dag.py
[2026-05-16T20:13:35.864+0000] {processor.py:830} INFO - Processing file /home/airflow/.local/lib/python3.12/site-packages/airflow/example_dags/tutorial_dag.py for tasks to queue
[2026-05-16T20:13:35.868+0000] {logging_mixin.py:188} INFO - [2026-05-16T20:13:35.868+0000] {dagbag.py:545} INFO - Filling up the DagBag from /home/airflow/.local/lib/python3.12/site-packages/airflow/example_dags/tutorial_dag.py
[2026-05-16T20:13:35.873+0000] {processor.py:840} INFO - DAG(s) 'tutorial_dag' retrieved from /home/airflow/.local/lib/python3.12/site-packages/airflow/example_dags/tutorial_dag.py
[2026-05-16T20:13:35.885+0000] {logging_mixin.py:188} INFO - [2026-05-16T20:13:35.885+0000] {dag.py:3089} INFO - Sync 1 DAGs
[2026-05-16T20:13:35.890+0000] {logging_mixin.py:188} INFO - [2026-05-16T20:13:35.890+0000] {dag.py:3947} INFO - Setting next_dagrun for tutorial_dag to None, run_after=None
[2026-05-16T20:13:35.901+0000] {processor.py:183} INFO - Processing /home/airflow/.local/lib/python3.12/site-packages/airflow/example_dags/tutorial_dag.py took 0.041 seconds
[2026-05-16T20:14:06.386+0000] {processor.py:161} INFO - Started process (PID=7622) to work on /home/airflow/.local/lib/python3.12/site-packages/airflow/example_dags/tutorial_dag.py
[2026-05-16T20:14:06.387+0000] {processor.py:830} INFO - Processing file /home/airflow/.local/lib/python3.12/site-packages/airflow/example_dags/tutorial_dag.py for tasks to queue
[2026-05-16T20:14:06.387+0000] {logging_mixin.py:188} INFO - [2026-05-16T20:14:06.387+0000] {dagbag.py:545} INFO - Filling up the DagBag from /home/airflow/.local/lib/python3.12/site-packages/airflow/example_dags/tutorial_dag.py
[2026-05-16T20:14:06.389+0000] {processor.py:840} INFO - DAG(s) 'tutorial_dag' retrieved from /home/airflow/.local/lib/python3.12/site-packages/airflow/example_dags/tutorial_dag.py
[2026-05-16T20:14:06.396+0000] {logging_mixin.py:188} INFO - [2026-05-16T20:14:06.396+0000] {dag.py:3089} INFO - Sync 1 DAGs
[2026-05-16T20:14:06.400+0000] {logging_mixin.py:188} INFO - [2026-05-16T20:14:06.400+0000] {dag.py:3947} INFO - Setting next_dagrun for tutorial_dag to None, run_after=None
[2026-05-16T20:14:06.407+0000] {processor.py:183} INFO - Processing /home/airflow/.local/lib/python3.12/site-packages/airflow/example_dags/tutorial_dag.py took 0.024 seconds
[2026-05-16T20:14:36.725+0000] {processor.py:161} INFO - Started process (PID=7684) to work on /home/airflow/.local/lib/python3.12/site-packages/airflow/example_dags/tutorial_dag.py
[2026-05-16T20:14:36.726+0000] {processor.py:830} INFO - Processing file /home/airflow/.local/lib/python3.12/site-packages/airflow/example_dags/tutorial_dag.py for tasks to queue
[2026-05-16T20:14:36.726+0000] {logging_mixin.py:188} INFO - [2026-05-16T20:14:36.726+0000] {dagbag.py:545} INFO - Filling up the DagBag from /home/airflow/.local/lib/python3.12/site-packages/airflow/example_dags/tutorial_dag.py
[2026-05-16T20:14:36.728+0000] {processor.py:840} INFO - DAG(s) 'tutorial_dag' retrieved from /home/airflow/.local/lib/python3.12/site-packages/airflow/example_dags/tutorial_dag.py
[2026-05-16T20:14:36.736+0000] {logging_mixin.py:188} INFO - [2026-05-16T20:14:36.736+0000] {dag.py:3089} INFO - Sync 1 DAGs
[2026-05-16T20:14:36.740+0000] {logging_mixin.py:188} INFO - [2026-05-16T20:14:36.740+0000] {dag.py:3947} INFO - Setting next_dagrun for tutorial_dag to None, run_after=None
[2026-05-16T20:14:36.745+0000] {processor.py:183} INFO - Processing /home/airflow/.local/lib/python3.12/site-packages/airflow/example_dags/tutorial_dag.py took 0.022 seconds
[2026-05-16T20:15:07.054+0000] {processor.py:161} INFO - Started process (PID=7746) to work on /home/airflow/.local/lib/python3.12/site-packages/airflow/example_dags/tutorial_dag.py
[2026-05-16T20:15:07.055+0000] {processor.py:830} INFO - Processing file /home/airflow/.local/lib/python3.12/site-packages/airflow/example_dags/tutorial_dag.py for tasks to queue
[2026-05-16T20:15:07.056+0000] {logging_mixin.py:188} INFO - [2026-05-16T20:15:07.056+0000] {dagbag.py:545} INFO - Filling up the DagBag from /home/airflow/.local/lib/python3.12/site-packages/airflow/example_dags/tutorial_dag.py
[2026-05-16T20:15:07.058+0000] {processor.py:840} INFO - DAG(s) 'tutorial_dag' retrieved from /home/airflow/.local/lib/python3.12/site-packages/airflow/example_dags/tutorial_dag.py
[2026-05-16T20:15:07.067+0000] {logging_mixin.py:188} INFO - [2026-05-16T20:15:07.067+0000] {dag.py:3089} INFO - Sync 1 DAGs
[2026-05-16T20:15:07.071+0000] {logging_mixin.py:188} INFO - [2026-05-16T20:15:07.071+0000] {dag.py:3947} INFO - Setting next_dagrun for tutorial_dag to None, run_after=None
[2026-05-16T20:15:07.077+0000] {processor.py:183} INFO - Processing /home/airflow/.local/lib/python3.12/site-packages/airflow/example_dags/tutorial_dag.py took 0.026 seconds
[2026-05-16T20:15:37.466+0000] {processor.py:161} INFO - Started process (PID=7808) to work on /home/airflow/.local/lib/python3.12/site-packages/airflow/example_dags/tutorial_dag.py
[2026-05-16T20:15:37.467+0000] {processor.py:830} INFO - Processing file /home/airflow/.local/lib/python3.12/site-packages/airflow/example_dags/tutorial_dag.py for tasks to queue
[2026-05-16T20:15:37.468+0000] {logging_mixin.py:188} INFO - [2026-05-16T20:15:37.468+0000] {dagbag.py:545} INFO - Filling up the DagBag from /home/airflow/.local/lib/python3.12/site-packages/airflow/example_dags/tutorial_dag.py
[2026-05-16T20:15:37.471+0000] {processor.py:840} INFO - DAG(s) 'tutorial_dag' retrieved from /home/airflow/.local/lib/python3.12/site-packages/airflow/example_dags/tutorial_dag.py
[2026-05-16T20:15:37.482+0000] {logging_mixin.py:188} INFO - [2026-05-16T20:15:37.482+0000] {dag.py:3089} INFO - Sync 1 DAGs
[2026-05-16T20:15:37.487+0000] {logging_mixin.py:188} INFO - [2026-05-16T20:15:37.487+0000] {dag.py:3947} INFO - Setting next_dagrun for tutorial_dag to None, run_after=None
[2026-05-16T20:15:37.493+0000] {processor.py:183} INFO - Processing /home/airflow/.local/lib/python3.12/site-packages/airflow/example_dags/tutorial_dag.py took 0.029 seconds
[2026-05-16T20:16:07.952+0000] {processor.py:161} INFO - Started process (PID=7870) to work on /home/airflow/.local/lib/python3.12/site-packages/airflow/example_dags/tutorial_dag.py
[2026-05-16T20:16:07.952+0000] {processor.py:830} INFO - Processing file /home/airflow/.local/lib/python3.12/site-packages/airflow/example_dags/tutorial_dag.py for tasks to queue
[2026-05-16T20:16:07.953+0000] {logging_mixin.py:188} INFO - [2026-05-16T20:16:07.953+0000] {dagbag.py:545} INFO - Filling up the DagBag from /home/airflow/.local/lib/python3.12/site-packages/airflow/example_dags/tutorial_dag.py
[2026-05-16T20:16:07.955+0000] {processor.py:840} INFO - DAG(s) 'tutorial_dag' retrieved from /home/airflow/.local/lib/python3.12/site-packages/airflow/example_dags/tutorial_dag.py
[2026-05-16T20:16:07.962+0000] {logging_mixin.py:188} INFO - [2026-05-16T20:16:07.962+0000] {dag.py:3089} INFO - Sync 1 DAGs
[2026-05-16T20:16:07.966+0000] {logging_mixin.py:188} INFO - [2026-05-16T20:16:07.966+0000] {dag.py:3947} INFO - Setting next_dagrun for tutorial_dag to None, run_after=None
[2026-05-16T20:16:07.971+0000] {processor.py:183} INFO - Processing /home/airflow/.local/lib/python3.12/site-packages/airflow/example_dags/tutorial_dag.py took 0.021 seconds
[2026-05-16T20:16:38.484+0000] {processor.py:161} INFO - Started process (PID=7932) to work on /home/airflow/.local/lib/python3.12/site-packages/airflow/example_dags/tutorial_dag.py
[2026-05-16T20:16:38.484+0000] {processor.py:830} INFO - Processing file /home/airflow/.local/lib/python3.12/site-packages/airflow/example_dags/tutorial_dag.py for tasks to queue
[2026-05-16T20:16:38.485+0000] {logging_mixin.py:188} INFO - [2026-05-16T20:16:38.484+0000] {dagbag.py:545} INFO - Filling up the DagBag from /home/airflow/.local/lib/python3.12/site-packages/airflow/example_dags/tutorial_dag.py
[2026-05-16T20:16:38.486+0000] {processor.py:840} INFO - DAG(s) 'tutorial_dag' retrieved from /home/airflow/.local/lib/python3.12/site-packages/airflow/example_dags/tutorial_dag.py
[2026-05-16T20:16:38.495+0000] {logging_mixin.py:188} INFO - [2026-05-16T20:16:38.495+0000] {dag.py:3089} INFO - Sync 1 DAGs
[2026-05-16T20:16:38.500+0000] {logging_mixin.py:188} INFO - [2026-05-16T20:16:38.500+0000] {dag.py:3947} INFO - Setting next_dagrun for tutorial_dag to None, run_after=None
[2026-05-16T20:16:38.507+0000] {processor.py:183} INFO - Processing /home/airflow/.local/lib/python3.12/site-packages/airflow/example_dags/tutorial_dag.py took 0.026 seconds
[2026-05-16T20:17:09.362+0000] {processor.py:161} INFO - Started process (PID=7994) to work on /home/airflow/.local/lib/python3.12/site-packages/airflow/example_dags/tutorial_dag.py
[2026-05-16T20:17:09.362+0000] {processor.py:830} INFO - Processing file /home/airflow/.local/lib/python3.12/site-packages/airflow/example_dags/tutorial_dag.py for tasks to queue
[2026-05-16T20:17:09.363+0000] {logging_mixin.py:188} INFO - [2026-05-16T20:17:09.362+0000] {dagbag.py:545} INFO - Filling up the DagBag from /home/airflow/.local/lib/python3.12/site-packages/airflow/example_dags/tutorial_dag.py
[2026-05-16T20:17:09.365+0000] {processor.py:840} INFO - DAG(s) 'tutorial_dag' retrieved from /home/airflow/.local/lib/python3.12/site-packages/airflow/example_dags/tutorial_dag.py
[2026-05-16T20:17:09.370+0000] {logging_mixin.py:188} INFO - [2026-05-16T20:17:09.370+0000] {dag.py:3089} INFO - Sync 1 DAGs
[2026-05-16T20:17:09.374+0000] {logging_mixin.py:188} INFO - [2026-05-16T20:17:09.374+0000] {dag.py:3947} INFO - Setting next_dagrun for tutorial_dag to None, run_after=None
[2026-05-16T20:17:09.379+0000] {processor.py:183} INFO - Processing /home/airflow/.local/lib/python3.12/site-packages/airflow/example_dags/tutorial_dag.py took 0.020 seconds
[2026-05-16T20:17:39.725+0000] {processor.py:161} INFO - Started process (PID=8056) to work on /home/airflow/.local/lib/python3.12/site-packages/airflow/example_dags/tutorial_dag.py
[2026-05-16T20:17:39.725+0000] {processor.py:830} INFO - Processing file /home/airflow/.local/lib/python3.12/site-packages/airflow/example_dags/tutorial_dag.py for tasks to queue
[2026-05-16T20:17:39.726+0000] {logging_mixin.py:188} INFO - [2026-05-16T20:17:39.726+0000] {dagbag.py:545} INFO - Filling up the DagBag from /home/airflow/.local/lib/python3.12/site-packages/airflow/example_dags/tutorial_dag.py
[2026-05-16T20:17:39.728+0000] {processor.py:840} INFO - DAG(s) 'tutorial_dag' retrieved from /home/airflow/.local/lib/python3.12/site-packages/airflow/example_dags/tutorial_dag.py
[2026-05-16T20:17:39.736+0000] {logging_mixin.py:188} INFO - [2026-05-16T20:17:39.736+0000] {dag.py:3089} INFO - Sync 1 DAGs
[2026-05-16T20:17:39.740+0000] {logging_mixin.py:188} INFO - [2026-05-16T20:17:39.740+0000] {dag.py:3947} INFO - Setting next_dagrun for tutorial_dag to None, run_after=None
[2026-05-16T20:17:39.745+0000] {processor.py:183} INFO - Processing /home/airflow/.local/lib/python3.12/site-packages/airflow/example_dags/tutorial_dag.py took 0.022 seconds
[2026-05-16T20:18:10.065+0000] {processor.py:161} INFO - Started process (PID=8118) to work on /home/airflow/.local/lib/python3.12/site-packages/airflow/example_dags/tutorial_dag.py
[2026-05-16T20:18:10.066+0000] {processor.py:830} INFO - Processing file /home/airflow/.local/lib/python3.12/site-packages/airflow/example_dags/tutorial_dag.py for tasks to queue
[2026-05-16T20:18:10.066+0000] {logging_mixin.py:188} INFO - [2026-05-16T20:18:10.066+0000] {dagbag.py:545} INFO - Filling up the DagBag from /home/airflow/.local/lib/python3.12/site-packages/airflow/example_dags/tutorial_dag.py
[2026-05-16T20:18:10.070+0000] {processor.py:840} INFO - DAG(s) 'tutorial_dag' retrieved from /home/airflow/.local/lib/python3.12/site-packages/airflow/example_dags/tutorial_dag.py
[2026-05-16T20:18:10.079+0000] {logging_mixin.py:188} INFO - [2026-05-16T20:18:10.079+0000] {dag.py:3089} INFO - Sync 1 DAGs
[2026-05-16T20:18:10.083+0000] {logging_mixin.py:188} INFO - [2026-05-16T20:18:10.083+0000] {dag.py:3947} INFO - Setting next_dagrun for tutorial_dag to None, run_after=None
[2026-05-16T20:18:10.088+0000] {processor.py:183} INFO - Processing /home/airflow/.local/lib/python3.12/site-packages/airflow/example_dags/tutorial_dag.py took 0.026 seconds
[2026-05-16T20:18:40.518+0000] {processor.py:161} INFO - Started process (PID=8180) to work on /home/airflow/.local/lib/python3.12/site-packages/airflow/example_dags/tutorial_dag.py
[2026-05-16T20:18:40.518+0000] {processor.py:830} INFO - Processing file /home/airflow/.local/lib/python3.12/site-packages/airflow/example_dags/tutorial_dag.py for tasks to queue
[2026-05-16T20:18:40.520+0000] {logging_mixin.py:188} INFO - [2026-05-16T20:18:40.519+0000] {dagbag.py:545} INFO - Filling up the DagBag from /home/airflow/.local/lib/python3.12/site-packages/airflow/example_dags/tutorial_dag.py
[2026-05-16T20:18:40.522+0000] {processor.py:840} INFO - DAG(s) 'tutorial_dag' retrieved from /home/airflow/.local/lib/python3.12/site-packages/airflow/example_dags/tutorial_dag.py
[2026-05-16T20:18:40.528+0000] {logging_mixin.py:188} INFO - [2026-05-16T20:18:40.528+0000] {dag.py:3089} INFO - Sync 1 DAGs
[2026-05-16T20:18:40.532+0000] {logging_mixin.py:188} INFO - [2026-05-16T20:18:40.532+0000] {dag.py:3947} INFO - Setting next_dagrun for tutorial_dag to None, run_after=None
[2026-05-16T20:18:40.538+0000] {processor.py:183} INFO - Processing /home/airflow/.local/lib/python3.12/site-packages/airflow/example_dags/tutorial_dag.py took 0.023 seconds
[2026-05-16T20:19:10.975+0000] {processor.py:161} INFO - Started process (PID=8241) to work on /home/airflow/.local/lib/python3.12/site-packages/airflow/example_dags/tutorial_dag.py
[2026-05-16T20:19:10.976+0000] {processor.py:830} INFO - Processing file /home/airflow/.local/lib/python3.12/site-packages/airflow/example_dags/tutorial_dag.py for tasks to queue
[2026-05-16T20:19:10.976+0000] {logging_mixin.py:188} INFO - [2026-05-16T20:19:10.976+0000] {dagbag.py:545} INFO - Filling up the DagBag from /home/airflow/.local/lib/python3.12/site-packages/airflow/example_dags/tutorial_dag.py
[2026-05-16T20:19:10.978+0000] {processor.py:840} INFO - DAG(s) 'tutorial_dag' retrieved from /home/airflow/.local/lib/python3.12/site-packages/airflow/example_dags/tutorial_dag.py
[2026-05-16T20:19:10.986+0000] {logging_mixin.py:188} INFO - [2026-05-16T20:19:10.986+0000] {dag.py:3089} INFO - Sync 1 DAGs
[2026-05-16T20:19:10.990+0000] {logging_mixin.py:188} INFO - [2026-05-16T20:19:10.990+0000] {dag.py:3947} INFO - Setting next_dagrun for tutorial_dag to None, run_after=None
[2026-05-16T20:19:10.996+0000] {processor.py:183} INFO - Processing /home/airflow/.local/lib/python3.12/site-packages/airflow/example_dags/tutorial_dag.py took 0.023 seconds
[2026-05-16T20:19:41.362+0000] {processor.py:161} INFO - Started process (PID=8303) to work on /home/airflow/.local/lib/python3.12/site-packages/airflow/example_dags/tutorial_dag.py
[2026-05-16T20:19:41.362+0000] {processor.py:830} INFO - Processing file /home/airflow/.local/lib/python3.12/site-packages/airflow/example_dags/tutorial_dag.py for tasks to queue
[2026-05-16T20:19:41.363+0000] {logging_mixin.py:188} INFO - [2026-05-16T20:19:41.363+0000] {dagbag.py:545} INFO - Filling up the DagBag from /home/airflow/.local/lib/python3.12/site-packages/airflow/example_dags/tutorial_dag.py
[2026-05-16T20:19:41.365+0000] {processor.py:840} INFO - DAG(s) 'tutorial_dag' retrieved from /home/airflow/.local/lib/python3.12/site-packages/airflow/example_dags/tutorial_dag.py
[2026-05-16T20:19:41.372+0000] {logging_mixin.py:188} INFO - [2026-05-16T20:19:41.372+0000] {dag.py:3089} INFO - Sync 1 DAGs
[2026-05-16T20:19:41.376+0000] {logging_mixin.py:188} INFO - [2026-05-16T20:19:41.376+0000] {dag.py:3947} INFO - Setting next_dagrun for tutorial_dag to None, run_after=None
[2026-05-16T20:19:41.381+0000] {processor.py:183} INFO - Processing /home/airflow/.local/lib/python3.12/site-packages/airflow/example_dags/tutorial_dag.py took 0.022 seconds
