[2026-05-16T11:27:11.023+0000] {processor.py:161} INFO - Started process (PID=8584) to work on /opt/airflow/dags/dwh_layer.py
[2026-05-16T11:27:11.024+0000] {processor.py:830} INFO - Processing file /opt/airflow/dags/dwh_layer.py for tasks to queue
[2026-05-16T11:27:11.024+0000] {logging_mixin.py:188} INFO - [2026-05-16T11:27:11.024+0000] {dagbag.py:545} INFO - Filling up the DagBag from /opt/airflow/dags/dwh_layer.py
[2026-05-16T11:27:11.032+0000] {processor.py:840} INFO - DAG(s) 'dwh_modeling_dag' retrieved from /opt/airflow/dags/dwh_layer.py
[2026-05-16T11:27:11.074+0000] {logging_mixin.py:188} INFO - [2026-05-16T11:27:11.073+0000] {override.py:1858} INFO - Created Permission View: can read on DAG:dwh_modeling_dag
[2026-05-16T11:27:11.076+0000] {logging_mixin.py:188} INFO - [2026-05-16T11:27:11.076+0000] {override.py:1858} INFO - Created Permission View: can edit on DAG:dwh_modeling_dag
[2026-05-16T11:27:11.078+0000] {logging_mixin.py:188} INFO - [2026-05-16T11:27:11.078+0000] {override.py:1858} INFO - Created Permission View: can delete on DAG:dwh_modeling_dag
[2026-05-16T11:27:11.078+0000] {logging_mixin.py:188} INFO - [2026-05-16T11:27:11.078+0000] {dag.py:3089} INFO - Sync 1 DAGs
[2026-05-16T11:27:11.082+0000] {logging_mixin.py:188} INFO - [2026-05-16T11:27:11.082+0000] {dag.py:3111} INFO - Creating ORM DAG for dwh_modeling_dag
[2026-05-16T11:27:11.082+0000] {logging_mixin.py:188} INFO - [2026-05-16T11:27:11.082+0000] {dag.py:3947} INFO - Setting next_dagrun for dwh_modeling_dag to None, run_after=None
[2026-05-16T11:27:11.087+0000] {processor.py:183} INFO - Processing /opt/airflow/dags/dwh_layer.py took 0.069 seconds
[2026-05-16T11:27:41.483+0000] {processor.py:161} INFO - Started process (PID=8645) to work on /opt/airflow/dags/dwh_layer.py
[2026-05-16T11:27:41.484+0000] {processor.py:830} INFO - Processing file /opt/airflow/dags/dwh_layer.py for tasks to queue
[2026-05-16T11:27:41.485+0000] {logging_mixin.py:188} INFO - [2026-05-16T11:27:41.484+0000] {dagbag.py:545} INFO - Filling up the DagBag from /opt/airflow/dags/dwh_layer.py
[2026-05-16T11:27:41.492+0000] {processor.py:840} INFO - DAG(s) 'dwh_modeling_dag' retrieved from /opt/airflow/dags/dwh_layer.py
[2026-05-16T11:27:41.502+0000] {logging_mixin.py:188} INFO - [2026-05-16T11:27:41.501+0000] {dag.py:3089} INFO - Sync 1 DAGs
[2026-05-16T11:27:41.510+0000] {logging_mixin.py:188} INFO - [2026-05-16T11:27:41.509+0000] {dag.py:3947} INFO - Setting next_dagrun for dwh_modeling_dag to None, run_after=None
[2026-05-16T11:27:41.518+0000] {processor.py:183} INFO - Processing /opt/airflow/dags/dwh_layer.py took 0.041 seconds
[2026-05-16T11:28:11.568+0000] {processor.py:161} INFO - Started process (PID=8706) to work on /opt/airflow/dags/dwh_layer.py
[2026-05-16T11:28:11.570+0000] {processor.py:830} INFO - Processing file /opt/airflow/dags/dwh_layer.py for tasks to queue
[2026-05-16T11:28:11.571+0000] {logging_mixin.py:188} INFO - [2026-05-16T11:28:11.571+0000] {dagbag.py:545} INFO - Filling up the DagBag from /opt/airflow/dags/dwh_layer.py
[2026-05-16T11:28:11.579+0000] {processor.py:840} INFO - DAG(s) 'dwh_modeling_dag' retrieved from /opt/airflow/dags/dwh_layer.py
[2026-05-16T11:28:11.636+0000] {logging_mixin.py:188} INFO - [2026-05-16T11:28:11.636+0000] {dag.py:3089} INFO - Sync 1 DAGs
[2026-05-16T11:28:11.640+0000] {logging_mixin.py:188} INFO - [2026-05-16T11:28:11.640+0000] {dag.py:3947} INFO - Setting next_dagrun for dwh_modeling_dag to None, run_after=None
[2026-05-16T11:28:11.646+0000] {processor.py:183} INFO - Processing /opt/airflow/dags/dwh_layer.py took 0.086 seconds
[2026-05-16T11:28:42.104+0000] {processor.py:161} INFO - Started process (PID=8767) to work on /opt/airflow/dags/dwh_layer.py
[2026-05-16T11:28:42.107+0000] {processor.py:830} INFO - Processing file /opt/airflow/dags/dwh_layer.py for tasks to queue
[2026-05-16T11:28:42.108+0000] {logging_mixin.py:188} INFO - [2026-05-16T11:28:42.107+0000] {dagbag.py:545} INFO - Filling up the DagBag from /opt/airflow/dags/dwh_layer.py
[2026-05-16T11:28:42.114+0000] {processor.py:840} INFO - DAG(s) 'dwh_modeling_dag' retrieved from /opt/airflow/dags/dwh_layer.py
[2026-05-16T11:28:42.127+0000] {logging_mixin.py:188} INFO - [2026-05-16T11:28:42.127+0000] {dag.py:3089} INFO - Sync 1 DAGs
[2026-05-16T11:28:42.134+0000] {logging_mixin.py:188} INFO - [2026-05-16T11:28:42.134+0000] {dag.py:3947} INFO - Setting next_dagrun for dwh_modeling_dag to None, run_after=None
[2026-05-16T11:28:42.143+0000] {processor.py:183} INFO - Processing /opt/airflow/dags/dwh_layer.py took 0.049 seconds
[2026-05-16T11:29:12.621+0000] {processor.py:161} INFO - Started process (PID=8829) to work on /opt/airflow/dags/dwh_layer.py
[2026-05-16T11:29:12.622+0000] {processor.py:830} INFO - Processing file /opt/airflow/dags/dwh_layer.py for tasks to queue
[2026-05-16T11:29:12.623+0000] {logging_mixin.py:188} INFO - [2026-05-16T11:29:12.622+0000] {dagbag.py:545} INFO - Filling up the DagBag from /opt/airflow/dags/dwh_layer.py
[2026-05-16T11:29:12.629+0000] {processor.py:840} INFO - DAG(s) 'dwh_modeling_dag' retrieved from /opt/airflow/dags/dwh_layer.py
[2026-05-16T11:29:12.644+0000] {logging_mixin.py:188} INFO - [2026-05-16T11:29:12.644+0000] {dag.py:3089} INFO - Sync 1 DAGs
[2026-05-16T11:29:12.651+0000] {logging_mixin.py:188} INFO - [2026-05-16T11:29:12.650+0000] {dag.py:3947} INFO - Setting next_dagrun for dwh_modeling_dag to None, run_after=None
[2026-05-16T11:29:12.658+0000] {processor.py:183} INFO - Processing /opt/airflow/dags/dwh_layer.py took 0.044 seconds
[2026-05-16T11:29:43.133+0000] {processor.py:161} INFO - Started process (PID=8890) to work on /opt/airflow/dags/dwh_layer.py
[2026-05-16T11:29:43.135+0000] {processor.py:830} INFO - Processing file /opt/airflow/dags/dwh_layer.py for tasks to queue
[2026-05-16T11:29:43.136+0000] {logging_mixin.py:188} INFO - [2026-05-16T11:29:43.135+0000] {dagbag.py:545} INFO - Filling up the DagBag from /opt/airflow/dags/dwh_layer.py
[2026-05-16T11:29:43.144+0000] {processor.py:840} INFO - DAG(s) 'dwh_modeling_dag' retrieved from /opt/airflow/dags/dwh_layer.py
[2026-05-16T11:29:43.161+0000] {logging_mixin.py:188} INFO - [2026-05-16T11:29:43.161+0000] {dag.py:3089} INFO - Sync 1 DAGs
[2026-05-16T11:29:43.166+0000] {logging_mixin.py:188} INFO - [2026-05-16T11:29:43.166+0000] {dag.py:3947} INFO - Setting next_dagrun for dwh_modeling_dag to None, run_after=None
[2026-05-16T11:29:43.172+0000] {processor.py:183} INFO - Processing /opt/airflow/dags/dwh_layer.py took 0.046 seconds
[2026-05-16T11:30:13.895+0000] {processor.py:161} INFO - Started process (PID=8951) to work on /opt/airflow/dags/dwh_layer.py
[2026-05-16T11:30:13.896+0000] {processor.py:830} INFO - Processing file /opt/airflow/dags/dwh_layer.py for tasks to queue
[2026-05-16T11:30:13.897+0000] {logging_mixin.py:188} INFO - [2026-05-16T11:30:13.897+0000] {dagbag.py:545} INFO - Filling up the DagBag from /opt/airflow/dags/dwh_layer.py
[2026-05-16T11:30:13.905+0000] {processor.py:840} INFO - DAG(s) 'dwh_modeling_dag' retrieved from /opt/airflow/dags/dwh_layer.py
[2026-05-16T11:30:13.920+0000] {logging_mixin.py:188} INFO - [2026-05-16T11:30:13.920+0000] {dag.py:3089} INFO - Sync 1 DAGs
[2026-05-16T11:30:13.928+0000] {logging_mixin.py:188} INFO - [2026-05-16T11:30:13.928+0000] {dag.py:3947} INFO - Setting next_dagrun for dwh_modeling_dag to None, run_after=None
[2026-05-16T11:30:13.936+0000] {processor.py:183} INFO - Processing /opt/airflow/dags/dwh_layer.py took 0.050 seconds
[2026-05-16T11:30:44.652+0000] {processor.py:161} INFO - Started process (PID=9012) to work on /opt/airflow/dags/dwh_layer.py
[2026-05-16T11:30:44.653+0000] {processor.py:830} INFO - Processing file /opt/airflow/dags/dwh_layer.py for tasks to queue
[2026-05-16T11:30:44.654+0000] {logging_mixin.py:188} INFO - [2026-05-16T11:30:44.654+0000] {dagbag.py:545} INFO - Filling up the DagBag from /opt/airflow/dags/dwh_layer.py
[2026-05-16T11:30:44.663+0000] {processor.py:840} INFO - DAG(s) 'dwh_modeling_dag' retrieved from /opt/airflow/dags/dwh_layer.py
[2026-05-16T11:30:44.680+0000] {logging_mixin.py:188} INFO - [2026-05-16T11:30:44.680+0000] {dag.py:3089} INFO - Sync 1 DAGs
[2026-05-16T11:30:44.690+0000] {logging_mixin.py:188} INFO - [2026-05-16T11:30:44.690+0000] {dag.py:3947} INFO - Setting next_dagrun for dwh_modeling_dag to None, run_after=None
[2026-05-16T11:30:44.700+0000] {processor.py:183} INFO - Processing /opt/airflow/dags/dwh_layer.py took 0.054 seconds
[2026-05-16T11:31:15.130+0000] {processor.py:161} INFO - Started process (PID=9073) to work on /opt/airflow/dags/dwh_layer.py
[2026-05-16T11:31:15.131+0000] {processor.py:830} INFO - Processing file /opt/airflow/dags/dwh_layer.py for tasks to queue
[2026-05-16T11:31:15.131+0000] {logging_mixin.py:188} INFO - [2026-05-16T11:31:15.131+0000] {dagbag.py:545} INFO - Filling up the DagBag from /opt/airflow/dags/dwh_layer.py
[2026-05-16T11:31:15.136+0000] {processor.py:840} INFO - DAG(s) 'dwh_modeling_dag' retrieved from /opt/airflow/dags/dwh_layer.py
[2026-05-16T11:31:15.150+0000] {logging_mixin.py:188} INFO - [2026-05-16T11:31:15.149+0000] {dag.py:3089} INFO - Sync 1 DAGs
[2026-05-16T11:31:15.157+0000] {logging_mixin.py:188} INFO - [2026-05-16T11:31:15.157+0000] {dag.py:3947} INFO - Setting next_dagrun for dwh_modeling_dag to None, run_after=None
[2026-05-16T11:31:15.165+0000] {processor.py:183} INFO - Processing /opt/airflow/dags/dwh_layer.py took 0.040 seconds
[2026-05-16T11:31:45.654+0000] {processor.py:161} INFO - Started process (PID=9134) to work on /opt/airflow/dags/dwh_layer.py
[2026-05-16T11:31:45.655+0000] {processor.py:830} INFO - Processing file /opt/airflow/dags/dwh_layer.py for tasks to queue
[2026-05-16T11:31:45.655+0000] {logging_mixin.py:188} INFO - [2026-05-16T11:31:45.655+0000] {dagbag.py:545} INFO - Filling up the DagBag from /opt/airflow/dags/dwh_layer.py
[2026-05-16T11:31:45.663+0000] {processor.py:840} INFO - DAG(s) 'dwh_modeling_dag' retrieved from /opt/airflow/dags/dwh_layer.py
[2026-05-16T11:31:45.677+0000] {logging_mixin.py:188} INFO - [2026-05-16T11:31:45.677+0000] {dag.py:3089} INFO - Sync 1 DAGs
[2026-05-16T11:31:45.684+0000] {logging_mixin.py:188} INFO - [2026-05-16T11:31:45.683+0000] {dag.py:3947} INFO - Setting next_dagrun for dwh_modeling_dag to None, run_after=None
[2026-05-16T11:31:45.691+0000] {processor.py:183} INFO - Processing /opt/airflow/dags/dwh_layer.py took 0.044 seconds
[2026-05-16T11:32:16.124+0000] {processor.py:161} INFO - Started process (PID=9196) to work on /opt/airflow/dags/dwh_layer.py
[2026-05-16T11:32:16.125+0000] {processor.py:830} INFO - Processing file /opt/airflow/dags/dwh_layer.py for tasks to queue
[2026-05-16T11:32:16.125+0000] {logging_mixin.py:188} INFO - [2026-05-16T11:32:16.125+0000] {dagbag.py:545} INFO - Filling up the DagBag from /opt/airflow/dags/dwh_layer.py
[2026-05-16T11:32:16.131+0000] {processor.py:840} INFO - DAG(s) 'dwh_modeling_dag' retrieved from /opt/airflow/dags/dwh_layer.py
[2026-05-16T11:32:16.144+0000] {logging_mixin.py:188} INFO - [2026-05-16T11:32:16.144+0000] {dag.py:3089} INFO - Sync 1 DAGs
[2026-05-16T11:32:16.150+0000] {logging_mixin.py:188} INFO - [2026-05-16T11:32:16.150+0000] {dag.py:3947} INFO - Setting next_dagrun for dwh_modeling_dag to None, run_after=None
[2026-05-16T11:32:16.159+0000] {processor.py:183} INFO - Processing /opt/airflow/dags/dwh_layer.py took 0.042 seconds
[2026-05-16T11:32:46.778+0000] {processor.py:161} INFO - Started process (PID=9258) to work on /opt/airflow/dags/dwh_layer.py
[2026-05-16T11:32:46.779+0000] {processor.py:830} INFO - Processing file /opt/airflow/dags/dwh_layer.py for tasks to queue
[2026-05-16T11:32:46.780+0000] {logging_mixin.py:188} INFO - [2026-05-16T11:32:46.779+0000] {dagbag.py:545} INFO - Filling up the DagBag from /opt/airflow/dags/dwh_layer.py
[2026-05-16T11:32:46.787+0000] {processor.py:840} INFO - DAG(s) 'dwh_modeling_dag' retrieved from /opt/airflow/dags/dwh_layer.py
[2026-05-16T11:32:46.800+0000] {logging_mixin.py:188} INFO - [2026-05-16T11:32:46.799+0000] {dag.py:3089} INFO - Sync 1 DAGs
[2026-05-16T11:32:46.806+0000] {logging_mixin.py:188} INFO - [2026-05-16T11:32:46.806+0000] {dag.py:3947} INFO - Setting next_dagrun for dwh_modeling_dag to None, run_after=None
[2026-05-16T11:32:46.813+0000] {processor.py:183} INFO - Processing /opt/airflow/dags/dwh_layer.py took 0.043 seconds
[2026-05-16T11:33:17.393+0000] {processor.py:161} INFO - Started process (PID=9320) to work on /opt/airflow/dags/dwh_layer.py
[2026-05-16T11:33:17.394+0000] {processor.py:830} INFO - Processing file /opt/airflow/dags/dwh_layer.py for tasks to queue
[2026-05-16T11:33:17.395+0000] {logging_mixin.py:188} INFO - [2026-05-16T11:33:17.394+0000] {dagbag.py:545} INFO - Filling up the DagBag from /opt/airflow/dags/dwh_layer.py
[2026-05-16T11:33:17.400+0000] {processor.py:840} INFO - DAG(s) 'dwh_modeling_dag' retrieved from /opt/airflow/dags/dwh_layer.py
[2026-05-16T11:33:17.412+0000] {logging_mixin.py:188} INFO - [2026-05-16T11:33:17.412+0000] {dag.py:3089} INFO - Sync 1 DAGs
[2026-05-16T11:33:17.419+0000] {logging_mixin.py:188} INFO - [2026-05-16T11:33:17.419+0000] {dag.py:3947} INFO - Setting next_dagrun for dwh_modeling_dag to None, run_after=None
[2026-05-16T11:33:17.427+0000] {processor.py:183} INFO - Processing /opt/airflow/dags/dwh_layer.py took 0.040 seconds
[2026-05-16T11:33:47.877+0000] {processor.py:161} INFO - Started process (PID=9382) to work on /opt/airflow/dags/dwh_layer.py
[2026-05-16T11:33:47.878+0000] {processor.py:830} INFO - Processing file /opt/airflow/dags/dwh_layer.py for tasks to queue
[2026-05-16T11:33:47.879+0000] {logging_mixin.py:188} INFO - [2026-05-16T11:33:47.879+0000] {dagbag.py:545} INFO - Filling up the DagBag from /opt/airflow/dags/dwh_layer.py
[2026-05-16T11:33:47.888+0000] {processor.py:840} INFO - DAG(s) 'dwh_modeling_dag' retrieved from /opt/airflow/dags/dwh_layer.py
[2026-05-16T11:33:47.905+0000] {logging_mixin.py:188} INFO - [2026-05-16T11:33:47.905+0000] {dag.py:3089} INFO - Sync 1 DAGs
[2026-05-16T11:33:47.913+0000] {logging_mixin.py:188} INFO - [2026-05-16T11:33:47.913+0000] {dag.py:3947} INFO - Setting next_dagrun for dwh_modeling_dag to None, run_after=None
[2026-05-16T11:33:47.922+0000] {processor.py:183} INFO - Processing /opt/airflow/dags/dwh_layer.py took 0.054 seconds
[2026-05-16T11:34:18.352+0000] {processor.py:161} INFO - Started process (PID=9444) to work on /opt/airflow/dags/dwh_layer.py
[2026-05-16T11:34:18.353+0000] {processor.py:830} INFO - Processing file /opt/airflow/dags/dwh_layer.py for tasks to queue
[2026-05-16T11:34:18.353+0000] {logging_mixin.py:188} INFO - [2026-05-16T11:34:18.353+0000] {dagbag.py:545} INFO - Filling up the DagBag from /opt/airflow/dags/dwh_layer.py
[2026-05-16T11:34:18.358+0000] {processor.py:840} INFO - DAG(s) 'dwh_modeling_dag' retrieved from /opt/airflow/dags/dwh_layer.py
[2026-05-16T11:34:18.370+0000] {logging_mixin.py:188} INFO - [2026-05-16T11:34:18.370+0000] {dag.py:3089} INFO - Sync 1 DAGs
[2026-05-16T11:34:18.376+0000] {logging_mixin.py:188} INFO - [2026-05-16T11:34:18.376+0000] {dag.py:3947} INFO - Setting next_dagrun for dwh_modeling_dag to None, run_after=None
[2026-05-16T11:34:18.384+0000] {processor.py:183} INFO - Processing /opt/airflow/dags/dwh_layer.py took 0.037 seconds
[2026-05-16T11:34:48.832+0000] {processor.py:161} INFO - Started process (PID=9507) to work on /opt/airflow/dags/dwh_layer.py
[2026-05-16T11:34:48.833+0000] {processor.py:830} INFO - Processing file /opt/airflow/dags/dwh_layer.py for tasks to queue
[2026-05-16T11:34:48.833+0000] {logging_mixin.py:188} INFO - [2026-05-16T11:34:48.833+0000] {dagbag.py:545} INFO - Filling up the DagBag from /opt/airflow/dags/dwh_layer.py
[2026-05-16T11:34:48.840+0000] {processor.py:840} INFO - DAG(s) 'dwh_modeling_dag' retrieved from /opt/airflow/dags/dwh_layer.py
[2026-05-16T11:34:48.857+0000] {logging_mixin.py:188} INFO - [2026-05-16T11:34:48.857+0000] {dag.py:3089} INFO - Sync 1 DAGs
[2026-05-16T11:34:48.863+0000] {logging_mixin.py:188} INFO - [2026-05-16T11:34:48.863+0000] {dag.py:3947} INFO - Setting next_dagrun for dwh_modeling_dag to None, run_after=None
[2026-05-16T11:34:48.870+0000] {processor.py:183} INFO - Processing /opt/airflow/dags/dwh_layer.py took 0.044 seconds
[2026-05-16T11:35:19.393+0000] {processor.py:161} INFO - Started process (PID=9569) to work on /opt/airflow/dags/dwh_layer.py
[2026-05-16T11:35:19.394+0000] {processor.py:830} INFO - Processing file /opt/airflow/dags/dwh_layer.py for tasks to queue
[2026-05-16T11:35:19.395+0000] {logging_mixin.py:188} INFO - [2026-05-16T11:35:19.395+0000] {dagbag.py:545} INFO - Filling up the DagBag from /opt/airflow/dags/dwh_layer.py
[2026-05-16T11:35:19.402+0000] {processor.py:840} INFO - DAG(s) 'dwh_modeling_dag' retrieved from /opt/airflow/dags/dwh_layer.py
[2026-05-16T11:35:19.417+0000] {logging_mixin.py:188} INFO - [2026-05-16T11:35:19.417+0000] {dag.py:3089} INFO - Sync 1 DAGs
[2026-05-16T11:35:19.423+0000] {logging_mixin.py:188} INFO - [2026-05-16T11:35:19.423+0000] {dag.py:3947} INFO - Setting next_dagrun for dwh_modeling_dag to None, run_after=None
[2026-05-16T11:35:19.430+0000] {processor.py:183} INFO - Processing /opt/airflow/dags/dwh_layer.py took 0.044 seconds
[2026-05-16T11:35:49.926+0000] {processor.py:161} INFO - Started process (PID=9631) to work on /opt/airflow/dags/dwh_layer.py
[2026-05-16T11:35:49.927+0000] {processor.py:830} INFO - Processing file /opt/airflow/dags/dwh_layer.py for tasks to queue
[2026-05-16T11:35:49.928+0000] {logging_mixin.py:188} INFO - [2026-05-16T11:35:49.928+0000] {dagbag.py:545} INFO - Filling up the DagBag from /opt/airflow/dags/dwh_layer.py
[2026-05-16T11:35:49.937+0000] {processor.py:840} INFO - DAG(s) 'dwh_modeling_dag' retrieved from /opt/airflow/dags/dwh_layer.py
[2026-05-16T11:35:49.951+0000] {logging_mixin.py:188} INFO - [2026-05-16T11:35:49.951+0000] {dag.py:3089} INFO - Sync 1 DAGs
[2026-05-16T11:35:49.958+0000] {logging_mixin.py:188} INFO - [2026-05-16T11:35:49.958+0000] {dag.py:3947} INFO - Setting next_dagrun for dwh_modeling_dag to None, run_after=None
[2026-05-16T11:35:49.965+0000] {processor.py:183} INFO - Processing /opt/airflow/dags/dwh_layer.py took 0.046 seconds
[2026-05-16T11:36:20.463+0000] {processor.py:161} INFO - Started process (PID=9693) to work on /opt/airflow/dags/dwh_layer.py
[2026-05-16T11:36:20.464+0000] {processor.py:830} INFO - Processing file /opt/airflow/dags/dwh_layer.py for tasks to queue
[2026-05-16T11:36:20.465+0000] {logging_mixin.py:188} INFO - [2026-05-16T11:36:20.465+0000] {dagbag.py:545} INFO - Filling up the DagBag from /opt/airflow/dags/dwh_layer.py
[2026-05-16T11:36:20.475+0000] {processor.py:840} INFO - DAG(s) 'dwh_modeling_dag' retrieved from /opt/airflow/dags/dwh_layer.py
[2026-05-16T11:36:20.496+0000] {logging_mixin.py:188} INFO - [2026-05-16T11:36:20.495+0000] {dag.py:3089} INFO - Sync 1 DAGs
[2026-05-16T11:36:20.504+0000] {logging_mixin.py:188} INFO - [2026-05-16T11:36:20.504+0000] {dag.py:3947} INFO - Setting next_dagrun for dwh_modeling_dag to None, run_after=None
[2026-05-16T11:36:20.513+0000] {processor.py:183} INFO - Processing /opt/airflow/dags/dwh_layer.py took 0.059 seconds
[2026-05-16T11:36:51.111+0000] {processor.py:161} INFO - Started process (PID=9755) to work on /opt/airflow/dags/dwh_layer.py
[2026-05-16T11:36:51.113+0000] {processor.py:830} INFO - Processing file /opt/airflow/dags/dwh_layer.py for tasks to queue
[2026-05-16T11:36:51.114+0000] {logging_mixin.py:188} INFO - [2026-05-16T11:36:51.114+0000] {dagbag.py:545} INFO - Filling up the DagBag from /opt/airflow/dags/dwh_layer.py
[2026-05-16T11:36:51.121+0000] {processor.py:840} INFO - DAG(s) 'dwh_modeling_dag' retrieved from /opt/airflow/dags/dwh_layer.py
[2026-05-16T11:36:51.136+0000] {logging_mixin.py:188} INFO - [2026-05-16T11:36:51.136+0000] {dag.py:3089} INFO - Sync 1 DAGs
[2026-05-16T11:36:51.143+0000] {logging_mixin.py:188} INFO - [2026-05-16T11:36:51.143+0000] {dag.py:3947} INFO - Setting next_dagrun for dwh_modeling_dag to None, run_after=None
[2026-05-16T11:36:51.150+0000] {processor.py:183} INFO - Processing /opt/airflow/dags/dwh_layer.py took 0.045 seconds
[2026-05-16T11:37:21.788+0000] {processor.py:161} INFO - Started process (PID=9817) to work on /opt/airflow/dags/dwh_layer.py
[2026-05-16T11:37:21.789+0000] {processor.py:830} INFO - Processing file /opt/airflow/dags/dwh_layer.py for tasks to queue
[2026-05-16T11:37:21.790+0000] {logging_mixin.py:188} INFO - [2026-05-16T11:37:21.790+0000] {dagbag.py:545} INFO - Filling up the DagBag from /opt/airflow/dags/dwh_layer.py
[2026-05-16T11:37:21.798+0000] {processor.py:840} INFO - DAG(s) 'dwh_modeling_dag' retrieved from /opt/airflow/dags/dwh_layer.py
[2026-05-16T11:37:21.816+0000] {logging_mixin.py:188} INFO - [2026-05-16T11:37:21.815+0000] {dag.py:3089} INFO - Sync 1 DAGs
[2026-05-16T11:37:21.822+0000] {logging_mixin.py:188} INFO - [2026-05-16T11:37:21.822+0000] {dag.py:3947} INFO - Setting next_dagrun for dwh_modeling_dag to None, run_after=None
[2026-05-16T11:37:21.831+0000] {processor.py:183} INFO - Processing /opt/airflow/dags/dwh_layer.py took 0.050 seconds
[2026-05-16T11:37:52.440+0000] {processor.py:161} INFO - Started process (PID=9879) to work on /opt/airflow/dags/dwh_layer.py
[2026-05-16T11:37:52.442+0000] {processor.py:830} INFO - Processing file /opt/airflow/dags/dwh_layer.py for tasks to queue
[2026-05-16T11:37:52.443+0000] {logging_mixin.py:188} INFO - [2026-05-16T11:37:52.443+0000] {dagbag.py:545} INFO - Filling up the DagBag from /opt/airflow/dags/dwh_layer.py
[2026-05-16T11:37:52.451+0000] {processor.py:840} INFO - DAG(s) 'dwh_modeling_dag' retrieved from /opt/airflow/dags/dwh_layer.py
[2026-05-16T11:37:52.466+0000] {logging_mixin.py:188} INFO - [2026-05-16T11:37:52.466+0000] {dag.py:3089} INFO - Sync 1 DAGs
[2026-05-16T11:37:52.472+0000] {logging_mixin.py:188} INFO - [2026-05-16T11:37:52.472+0000] {dag.py:3947} INFO - Setting next_dagrun for dwh_modeling_dag to None, run_after=None
[2026-05-16T11:37:52.479+0000] {processor.py:183} INFO - Processing /opt/airflow/dags/dwh_layer.py took 0.046 seconds
[2026-05-16T11:38:23.060+0000] {processor.py:161} INFO - Started process (PID=9941) to work on /opt/airflow/dags/dwh_layer.py
[2026-05-16T11:38:23.061+0000] {processor.py:830} INFO - Processing file /opt/airflow/dags/dwh_layer.py for tasks to queue
[2026-05-16T11:38:23.062+0000] {logging_mixin.py:188} INFO - [2026-05-16T11:38:23.062+0000] {dagbag.py:545} INFO - Filling up the DagBag from /opt/airflow/dags/dwh_layer.py
[2026-05-16T11:38:23.071+0000] {processor.py:840} INFO - DAG(s) 'dwh_modeling_dag' retrieved from /opt/airflow/dags/dwh_layer.py
[2026-05-16T11:38:23.090+0000] {logging_mixin.py:188} INFO - [2026-05-16T11:38:23.090+0000] {dag.py:3089} INFO - Sync 1 DAGs
[2026-05-16T11:38:23.098+0000] {logging_mixin.py:188} INFO - [2026-05-16T11:38:23.098+0000] {dag.py:3947} INFO - Setting next_dagrun for dwh_modeling_dag to None, run_after=None
[2026-05-16T11:38:23.106+0000] {processor.py:183} INFO - Processing /opt/airflow/dags/dwh_layer.py took 0.054 seconds
[2026-05-16T11:38:53.212+0000] {processor.py:161} INFO - Started process (PID=10003) to work on /opt/airflow/dags/dwh_layer.py
[2026-05-16T11:38:53.213+0000] {processor.py:830} INFO - Processing file /opt/airflow/dags/dwh_layer.py for tasks to queue
[2026-05-16T11:38:53.214+0000] {logging_mixin.py:188} INFO - [2026-05-16T11:38:53.214+0000] {dagbag.py:545} INFO - Filling up the DagBag from /opt/airflow/dags/dwh_layer.py
[2026-05-16T11:38:53.222+0000] {processor.py:840} INFO - DAG(s) 'dwh_modeling_dag' retrieved from /opt/airflow/dags/dwh_layer.py
[2026-05-16T11:38:53.238+0000] {logging_mixin.py:188} INFO - [2026-05-16T11:38:53.238+0000] {dag.py:3089} INFO - Sync 1 DAGs
[2026-05-16T11:38:53.244+0000] {logging_mixin.py:188} INFO - [2026-05-16T11:38:53.244+0000] {dag.py:3947} INFO - Setting next_dagrun for dwh_modeling_dag to None, run_after=None
[2026-05-16T11:38:53.251+0000] {processor.py:183} INFO - Processing /opt/airflow/dags/dwh_layer.py took 0.045 seconds
[2026-05-16T11:39:23.943+0000] {processor.py:161} INFO - Started process (PID=10065) to work on /opt/airflow/dags/dwh_layer.py
[2026-05-16T11:39:23.945+0000] {processor.py:830} INFO - Processing file /opt/airflow/dags/dwh_layer.py for tasks to queue
[2026-05-16T11:39:23.945+0000] {logging_mixin.py:188} INFO - [2026-05-16T11:39:23.945+0000] {dagbag.py:545} INFO - Filling up the DagBag from /opt/airflow/dags/dwh_layer.py
[2026-05-16T11:39:23.952+0000] {processor.py:840} INFO - DAG(s) 'dwh_modeling_dag' retrieved from /opt/airflow/dags/dwh_layer.py
[2026-05-16T11:39:23.966+0000] {logging_mixin.py:188} INFO - [2026-05-16T11:39:23.966+0000] {dag.py:3089} INFO - Sync 1 DAGs
[2026-05-16T11:39:23.972+0000] {logging_mixin.py:188} INFO - [2026-05-16T11:39:23.972+0000] {dag.py:3947} INFO - Setting next_dagrun for dwh_modeling_dag to None, run_after=None
[2026-05-16T11:39:23.979+0000] {processor.py:183} INFO - Processing /opt/airflow/dags/dwh_layer.py took 0.043 seconds
[2026-05-16T11:39:54.766+0000] {processor.py:161} INFO - Started process (PID=10127) to work on /opt/airflow/dags/dwh_layer.py
[2026-05-16T11:39:54.767+0000] {processor.py:830} INFO - Processing file /opt/airflow/dags/dwh_layer.py for tasks to queue
[2026-05-16T11:39:54.767+0000] {logging_mixin.py:188} INFO - [2026-05-16T11:39:54.767+0000] {dagbag.py:545} INFO - Filling up the DagBag from /opt/airflow/dags/dwh_layer.py
[2026-05-16T11:39:54.775+0000] {processor.py:840} INFO - DAG(s) 'dwh_modeling_dag' retrieved from /opt/airflow/dags/dwh_layer.py
[2026-05-16T11:39:54.791+0000] {logging_mixin.py:188} INFO - [2026-05-16T11:39:54.791+0000] {dag.py:3089} INFO - Sync 1 DAGs
[2026-05-16T11:39:54.798+0000] {logging_mixin.py:188} INFO - [2026-05-16T11:39:54.798+0000] {dag.py:3947} INFO - Setting next_dagrun for dwh_modeling_dag to None, run_after=None
[2026-05-16T11:39:54.806+0000] {processor.py:183} INFO - Processing /opt/airflow/dags/dwh_layer.py took 0.046 seconds
[2026-05-16T11:40:25.463+0000] {processor.py:161} INFO - Started process (PID=10189) to work on /opt/airflow/dags/dwh_layer.py
[2026-05-16T11:40:25.464+0000] {processor.py:830} INFO - Processing file /opt/airflow/dags/dwh_layer.py for tasks to queue
[2026-05-16T11:40:25.465+0000] {logging_mixin.py:188} INFO - [2026-05-16T11:40:25.465+0000] {dagbag.py:545} INFO - Filling up the DagBag from /opt/airflow/dags/dwh_layer.py
[2026-05-16T11:40:25.471+0000] {processor.py:840} INFO - DAG(s) 'dwh_modeling_dag' retrieved from /opt/airflow/dags/dwh_layer.py
[2026-05-16T11:40:25.486+0000] {logging_mixin.py:188} INFO - [2026-05-16T11:40:25.486+0000] {dag.py:3089} INFO - Sync 1 DAGs
[2026-05-16T11:40:25.492+0000] {logging_mixin.py:188} INFO - [2026-05-16T11:40:25.492+0000] {dag.py:3947} INFO - Setting next_dagrun for dwh_modeling_dag to None, run_after=None
[2026-05-16T11:40:25.499+0000] {processor.py:183} INFO - Processing /opt/airflow/dags/dwh_layer.py took 0.042 seconds
[2026-05-16T11:40:56.126+0000] {processor.py:161} INFO - Started process (PID=10251) to work on /opt/airflow/dags/dwh_layer.py
[2026-05-16T11:40:56.128+0000] {processor.py:830} INFO - Processing file /opt/airflow/dags/dwh_layer.py for tasks to queue
[2026-05-16T11:40:56.128+0000] {logging_mixin.py:188} INFO - [2026-05-16T11:40:56.128+0000] {dagbag.py:545} INFO - Filling up the DagBag from /opt/airflow/dags/dwh_layer.py
[2026-05-16T11:40:56.136+0000] {processor.py:840} INFO - DAG(s) 'dwh_modeling_dag' retrieved from /opt/airflow/dags/dwh_layer.py
[2026-05-16T11:40:56.154+0000] {logging_mixin.py:188} INFO - [2026-05-16T11:40:56.153+0000] {dag.py:3089} INFO - Sync 1 DAGs
[2026-05-16T11:40:56.160+0000] {logging_mixin.py:188} INFO - [2026-05-16T11:40:56.160+0000] {dag.py:3947} INFO - Setting next_dagrun for dwh_modeling_dag to None, run_after=None
[2026-05-16T11:40:56.167+0000] {processor.py:183} INFO - Processing /opt/airflow/dags/dwh_layer.py took 0.049 seconds
[2026-05-16T11:41:26.788+0000] {processor.py:161} INFO - Started process (PID=10313) to work on /opt/airflow/dags/dwh_layer.py
[2026-05-16T11:41:26.790+0000] {processor.py:830} INFO - Processing file /opt/airflow/dags/dwh_layer.py for tasks to queue
[2026-05-16T11:41:26.791+0000] {logging_mixin.py:188} INFO - [2026-05-16T11:41:26.791+0000] {dagbag.py:545} INFO - Filling up the DagBag from /opt/airflow/dags/dwh_layer.py
[2026-05-16T11:41:26.798+0000] {processor.py:840} INFO - DAG(s) 'dwh_modeling_dag' retrieved from /opt/airflow/dags/dwh_layer.py
[2026-05-16T11:41:26.816+0000] {logging_mixin.py:188} INFO - [2026-05-16T11:41:26.816+0000] {dag.py:3089} INFO - Sync 1 DAGs
[2026-05-16T11:41:26.824+0000] {logging_mixin.py:188} INFO - [2026-05-16T11:41:26.824+0000] {dag.py:3947} INFO - Setting next_dagrun for dwh_modeling_dag to None, run_after=None
[2026-05-16T11:41:26.832+0000] {processor.py:183} INFO - Processing /opt/airflow/dags/dwh_layer.py took 0.051 seconds
[2026-05-16T11:41:57.459+0000] {processor.py:161} INFO - Started process (PID=10374) to work on /opt/airflow/dags/dwh_layer.py
[2026-05-16T11:41:57.461+0000] {processor.py:830} INFO - Processing file /opt/airflow/dags/dwh_layer.py for tasks to queue
[2026-05-16T11:41:57.462+0000] {logging_mixin.py:188} INFO - [2026-05-16T11:41:57.462+0000] {dagbag.py:545} INFO - Filling up the DagBag from /opt/airflow/dags/dwh_layer.py
[2026-05-16T11:41:57.471+0000] {processor.py:840} INFO - DAG(s) 'dwh_modeling_dag' retrieved from /opt/airflow/dags/dwh_layer.py
[2026-05-16T11:41:57.489+0000] {logging_mixin.py:188} INFO - [2026-05-16T11:41:57.489+0000] {dag.py:3089} INFO - Sync 1 DAGs
[2026-05-16T11:41:57.496+0000] {logging_mixin.py:188} INFO - [2026-05-16T11:41:57.495+0000] {dag.py:3947} INFO - Setting next_dagrun for dwh_modeling_dag to None, run_after=None
[2026-05-16T11:41:57.503+0000] {processor.py:183} INFO - Processing /opt/airflow/dags/dwh_layer.py took 0.052 seconds
[2026-05-16T11:42:28.068+0000] {processor.py:161} INFO - Started process (PID=10436) to work on /opt/airflow/dags/dwh_layer.py
[2026-05-16T11:42:28.069+0000] {processor.py:830} INFO - Processing file /opt/airflow/dags/dwh_layer.py for tasks to queue
[2026-05-16T11:42:28.069+0000] {logging_mixin.py:188} INFO - [2026-05-16T11:42:28.069+0000] {dagbag.py:545} INFO - Filling up the DagBag from /opt/airflow/dags/dwh_layer.py
[2026-05-16T11:42:28.075+0000] {processor.py:840} INFO - DAG(s) 'dwh_modeling_dag' retrieved from /opt/airflow/dags/dwh_layer.py
[2026-05-16T11:42:28.090+0000] {logging_mixin.py:188} INFO - [2026-05-16T11:42:28.090+0000] {dag.py:3089} INFO - Sync 1 DAGs
[2026-05-16T11:42:28.096+0000] {logging_mixin.py:188} INFO - [2026-05-16T11:42:28.096+0000] {dag.py:3947} INFO - Setting next_dagrun for dwh_modeling_dag to None, run_after=None
[2026-05-16T11:42:28.104+0000] {processor.py:183} INFO - Processing /opt/airflow/dags/dwh_layer.py took 0.043 seconds
[2026-05-16T11:42:58.591+0000] {processor.py:161} INFO - Started process (PID=10498) to work on /opt/airflow/dags/dwh_layer.py
[2026-05-16T11:42:58.593+0000] {processor.py:830} INFO - Processing file /opt/airflow/dags/dwh_layer.py for tasks to queue
[2026-05-16T11:42:58.594+0000] {logging_mixin.py:188} INFO - [2026-05-16T11:42:58.594+0000] {dagbag.py:545} INFO - Filling up the DagBag from /opt/airflow/dags/dwh_layer.py
[2026-05-16T11:42:58.602+0000] {processor.py:840} INFO - DAG(s) 'dwh_modeling_dag' retrieved from /opt/airflow/dags/dwh_layer.py
[2026-05-16T11:42:58.619+0000] {logging_mixin.py:188} INFO - [2026-05-16T11:42:58.619+0000] {dag.py:3089} INFO - Sync 1 DAGs
[2026-05-16T11:42:58.625+0000] {logging_mixin.py:188} INFO - [2026-05-16T11:42:58.625+0000] {dag.py:3947} INFO - Setting next_dagrun for dwh_modeling_dag to None, run_after=None
[2026-05-16T11:42:58.632+0000] {processor.py:183} INFO - Processing /opt/airflow/dags/dwh_layer.py took 0.048 seconds
[2026-05-16T11:43:29.383+0000] {processor.py:161} INFO - Started process (PID=10560) to work on /opt/airflow/dags/dwh_layer.py
[2026-05-16T11:43:29.384+0000] {processor.py:830} INFO - Processing file /opt/airflow/dags/dwh_layer.py for tasks to queue
[2026-05-16T11:43:29.385+0000] {logging_mixin.py:188} INFO - [2026-05-16T11:43:29.384+0000] {dagbag.py:545} INFO - Filling up the DagBag from /opt/airflow/dags/dwh_layer.py
[2026-05-16T11:43:29.393+0000] {processor.py:840} INFO - DAG(s) 'dwh_modeling_dag' retrieved from /opt/airflow/dags/dwh_layer.py
[2026-05-16T11:43:29.407+0000] {logging_mixin.py:188} INFO - [2026-05-16T11:43:29.406+0000] {dag.py:3089} INFO - Sync 1 DAGs
[2026-05-16T11:43:29.412+0000] {logging_mixin.py:188} INFO - [2026-05-16T11:43:29.412+0000] {dag.py:3947} INFO - Setting next_dagrun for dwh_modeling_dag to None, run_after=None
[2026-05-16T11:43:29.418+0000] {processor.py:183} INFO - Processing /opt/airflow/dags/dwh_layer.py took 0.043 seconds
[2026-05-16T11:44:00.090+0000] {processor.py:161} INFO - Started process (PID=10622) to work on /opt/airflow/dags/dwh_layer.py
[2026-05-16T11:44:00.092+0000] {processor.py:830} INFO - Processing file /opt/airflow/dags/dwh_layer.py for tasks to queue
[2026-05-16T11:44:00.093+0000] {logging_mixin.py:188} INFO - [2026-05-16T11:44:00.092+0000] {dagbag.py:545} INFO - Filling up the DagBag from /opt/airflow/dags/dwh_layer.py
[2026-05-16T11:44:00.100+0000] {processor.py:840} INFO - DAG(s) 'dwh_modeling_dag' retrieved from /opt/airflow/dags/dwh_layer.py
[2026-05-16T11:44:00.116+0000] {logging_mixin.py:188} INFO - [2026-05-16T11:44:00.116+0000] {dag.py:3089} INFO - Sync 1 DAGs
[2026-05-16T11:44:00.122+0000] {logging_mixin.py:188} INFO - [2026-05-16T11:44:00.122+0000] {dag.py:3947} INFO - Setting next_dagrun for dwh_modeling_dag to None, run_after=None
[2026-05-16T11:44:00.129+0000] {processor.py:183} INFO - Processing /opt/airflow/dags/dwh_layer.py took 0.046 seconds
[2026-05-16T11:44:30.910+0000] {processor.py:161} INFO - Started process (PID=10684) to work on /opt/airflow/dags/dwh_layer.py
[2026-05-16T11:44:30.911+0000] {processor.py:830} INFO - Processing file /opt/airflow/dags/dwh_layer.py for tasks to queue
[2026-05-16T11:44:30.912+0000] {logging_mixin.py:188} INFO - [2026-05-16T11:44:30.912+0000] {dagbag.py:545} INFO - Filling up the DagBag from /opt/airflow/dags/dwh_layer.py
[2026-05-16T11:44:30.918+0000] {processor.py:840} INFO - DAG(s) 'dwh_modeling_dag' retrieved from /opt/airflow/dags/dwh_layer.py
[2026-05-16T11:44:30.931+0000] {logging_mixin.py:188} INFO - [2026-05-16T11:44:30.931+0000] {dag.py:3089} INFO - Sync 1 DAGs
[2026-05-16T11:44:30.938+0000] {logging_mixin.py:188} INFO - [2026-05-16T11:44:30.937+0000] {dag.py:3947} INFO - Setting next_dagrun for dwh_modeling_dag to None, run_after=None
[2026-05-16T11:44:30.944+0000] {processor.py:183} INFO - Processing /opt/airflow/dags/dwh_layer.py took 0.041 seconds
[2026-05-16T11:45:01.599+0000] {processor.py:161} INFO - Started process (PID=10746) to work on /opt/airflow/dags/dwh_layer.py
[2026-05-16T11:45:01.601+0000] {processor.py:830} INFO - Processing file /opt/airflow/dags/dwh_layer.py for tasks to queue
[2026-05-16T11:45:01.602+0000] {logging_mixin.py:188} INFO - [2026-05-16T11:45:01.601+0000] {dagbag.py:545} INFO - Filling up the DagBag from /opt/airflow/dags/dwh_layer.py
[2026-05-16T11:45:01.609+0000] {processor.py:840} INFO - DAG(s) 'dwh_modeling_dag' retrieved from /opt/airflow/dags/dwh_layer.py
[2026-05-16T11:45:01.623+0000] {logging_mixin.py:188} INFO - [2026-05-16T11:45:01.623+0000] {dag.py:3089} INFO - Sync 1 DAGs
[2026-05-16T11:45:01.629+0000] {logging_mixin.py:188} INFO - [2026-05-16T11:45:01.629+0000] {dag.py:3947} INFO - Setting next_dagrun for dwh_modeling_dag to None, run_after=None
[2026-05-16T11:45:01.636+0000] {processor.py:183} INFO - Processing /opt/airflow/dags/dwh_layer.py took 0.044 seconds
[2026-05-16T11:45:32.213+0000] {processor.py:161} INFO - Started process (PID=10808) to work on /opt/airflow/dags/dwh_layer.py
[2026-05-16T11:45:32.214+0000] {processor.py:830} INFO - Processing file /opt/airflow/dags/dwh_layer.py for tasks to queue
[2026-05-16T11:45:32.215+0000] {logging_mixin.py:188} INFO - [2026-05-16T11:45:32.214+0000] {dagbag.py:545} INFO - Filling up the DagBag from /opt/airflow/dags/dwh_layer.py
[2026-05-16T11:45:32.223+0000] {processor.py:840} INFO - DAG(s) 'dwh_modeling_dag' retrieved from /opt/airflow/dags/dwh_layer.py
[2026-05-16T11:45:32.238+0000] {logging_mixin.py:188} INFO - [2026-05-16T11:45:32.238+0000] {dag.py:3089} INFO - Sync 1 DAGs
[2026-05-16T11:45:32.244+0000] {logging_mixin.py:188} INFO - [2026-05-16T11:45:32.244+0000] {dag.py:3947} INFO - Setting next_dagrun for dwh_modeling_dag to None, run_after=None
[2026-05-16T11:45:32.252+0000] {processor.py:183} INFO - Processing /opt/airflow/dags/dwh_layer.py took 0.046 seconds
[2026-05-16T11:46:03.097+0000] {processor.py:161} INFO - Started process (PID=10870) to work on /opt/airflow/dags/dwh_layer.py
[2026-05-16T11:46:03.099+0000] {processor.py:830} INFO - Processing file /opt/airflow/dags/dwh_layer.py for tasks to queue
[2026-05-16T11:46:03.099+0000] {logging_mixin.py:188} INFO - [2026-05-16T11:46:03.099+0000] {dagbag.py:545} INFO - Filling up the DagBag from /opt/airflow/dags/dwh_layer.py
[2026-05-16T11:46:03.105+0000] {processor.py:840} INFO - DAG(s) 'dwh_modeling_dag' retrieved from /opt/airflow/dags/dwh_layer.py
[2026-05-16T11:46:03.121+0000] {logging_mixin.py:188} INFO - [2026-05-16T11:46:03.121+0000] {dag.py:3089} INFO - Sync 1 DAGs
[2026-05-16T11:46:03.129+0000] {logging_mixin.py:188} INFO - [2026-05-16T11:46:03.128+0000] {dag.py:3947} INFO - Setting next_dagrun for dwh_modeling_dag to None, run_after=None
[2026-05-16T11:46:03.137+0000] {processor.py:183} INFO - Processing /opt/airflow/dags/dwh_layer.py took 0.048 seconds
[2026-05-16T11:46:33.216+0000] {processor.py:161} INFO - Started process (PID=10932) to work on /opt/airflow/dags/dwh_layer.py
[2026-05-16T11:46:33.216+0000] {processor.py:830} INFO - Processing file /opt/airflow/dags/dwh_layer.py for tasks to queue
[2026-05-16T11:46:33.217+0000] {logging_mixin.py:188} INFO - [2026-05-16T11:46:33.217+0000] {dagbag.py:545} INFO - Filling up the DagBag from /opt/airflow/dags/dwh_layer.py
[2026-05-16T11:46:33.222+0000] {processor.py:840} INFO - DAG(s) 'dwh_modeling_dag' retrieved from /opt/airflow/dags/dwh_layer.py
[2026-05-16T11:46:33.232+0000] {logging_mixin.py:188} INFO - [2026-05-16T11:46:33.232+0000] {dag.py:3089} INFO - Sync 1 DAGs
[2026-05-16T11:46:33.237+0000] {logging_mixin.py:188} INFO - [2026-05-16T11:46:33.237+0000] {dag.py:3947} INFO - Setting next_dagrun for dwh_modeling_dag to None, run_after=None
[2026-05-16T11:46:33.244+0000] {processor.py:183} INFO - Processing /opt/airflow/dags/dwh_layer.py took 0.034 seconds
[2026-05-16T11:47:03.319+0000] {processor.py:161} INFO - Started process (PID=10994) to work on /opt/airflow/dags/dwh_layer.py
[2026-05-16T11:47:03.320+0000] {processor.py:830} INFO - Processing file /opt/airflow/dags/dwh_layer.py for tasks to queue
[2026-05-16T11:47:03.321+0000] {logging_mixin.py:188} INFO - [2026-05-16T11:47:03.321+0000] {dagbag.py:545} INFO - Filling up the DagBag from /opt/airflow/dags/dwh_layer.py
[2026-05-16T11:47:03.330+0000] {processor.py:840} INFO - DAG(s) 'dwh_modeling_dag' retrieved from /opt/airflow/dags/dwh_layer.py
[2026-05-16T11:47:03.348+0000] {logging_mixin.py:188} INFO - [2026-05-16T11:47:03.348+0000] {dag.py:3089} INFO - Sync 1 DAGs
[2026-05-16T11:47:03.355+0000] {logging_mixin.py:188} INFO - [2026-05-16T11:47:03.354+0000] {dag.py:3947} INFO - Setting next_dagrun for dwh_modeling_dag to None, run_after=None
[2026-05-16T11:47:03.362+0000] {processor.py:183} INFO - Processing /opt/airflow/dags/dwh_layer.py took 0.052 seconds
[2026-05-16T11:47:33.837+0000] {processor.py:161} INFO - Started process (PID=11056) to work on /opt/airflow/dags/dwh_layer.py
[2026-05-16T11:47:33.838+0000] {processor.py:830} INFO - Processing file /opt/airflow/dags/dwh_layer.py for tasks to queue
[2026-05-16T11:47:33.838+0000] {logging_mixin.py:188} INFO - [2026-05-16T11:47:33.838+0000] {dagbag.py:545} INFO - Filling up the DagBag from /opt/airflow/dags/dwh_layer.py
[2026-05-16T11:47:33.841+0000] {processor.py:840} INFO - DAG(s) 'dwh_modeling_dag' retrieved from /opt/airflow/dags/dwh_layer.py
[2026-05-16T11:47:33.849+0000] {logging_mixin.py:188} INFO - [2026-05-16T11:47:33.849+0000] {dag.py:3089} INFO - Sync 1 DAGs
[2026-05-16T11:47:33.853+0000] {logging_mixin.py:188} INFO - [2026-05-16T11:47:33.852+0000] {dag.py:3947} INFO - Setting next_dagrun for dwh_modeling_dag to None, run_after=None
[2026-05-16T11:47:33.858+0000] {processor.py:183} INFO - Processing /opt/airflow/dags/dwh_layer.py took 0.023 seconds
[2026-05-16T11:48:04.358+0000] {processor.py:161} INFO - Started process (PID=11118) to work on /opt/airflow/dags/dwh_layer.py
[2026-05-16T11:48:04.359+0000] {processor.py:830} INFO - Processing file /opt/airflow/dags/dwh_layer.py for tasks to queue
[2026-05-16T11:48:04.359+0000] {logging_mixin.py:188} INFO - [2026-05-16T11:48:04.359+0000] {dagbag.py:545} INFO - Filling up the DagBag from /opt/airflow/dags/dwh_layer.py
[2026-05-16T11:48:04.363+0000] {processor.py:840} INFO - DAG(s) 'dwh_modeling_dag' retrieved from /opt/airflow/dags/dwh_layer.py
[2026-05-16T11:48:04.372+0000] {logging_mixin.py:188} INFO - [2026-05-16T11:48:04.372+0000] {dag.py:3089} INFO - Sync 1 DAGs
[2026-05-16T11:48:04.377+0000] {logging_mixin.py:188} INFO - [2026-05-16T11:48:04.377+0000] {dag.py:3947} INFO - Setting next_dagrun for dwh_modeling_dag to None, run_after=None
[2026-05-16T11:48:04.383+0000] {processor.py:183} INFO - Processing /opt/airflow/dags/dwh_layer.py took 0.027 seconds
[2026-05-16T11:48:34.931+0000] {processor.py:161} INFO - Started process (PID=11180) to work on /opt/airflow/dags/dwh_layer.py
[2026-05-16T11:48:34.932+0000] {processor.py:830} INFO - Processing file /opt/airflow/dags/dwh_layer.py for tasks to queue
[2026-05-16T11:48:34.932+0000] {logging_mixin.py:188} INFO - [2026-05-16T11:48:34.932+0000] {dagbag.py:545} INFO - Filling up the DagBag from /opt/airflow/dags/dwh_layer.py
[2026-05-16T11:48:34.935+0000] {processor.py:840} INFO - DAG(s) 'dwh_modeling_dag' retrieved from /opt/airflow/dags/dwh_layer.py
[2026-05-16T11:48:34.944+0000] {logging_mixin.py:188} INFO - [2026-05-16T11:48:34.943+0000] {dag.py:3089} INFO - Sync 1 DAGs
[2026-05-16T11:48:34.948+0000] {logging_mixin.py:188} INFO - [2026-05-16T11:48:34.948+0000] {dag.py:3947} INFO - Setting next_dagrun for dwh_modeling_dag to None, run_after=None
[2026-05-16T11:48:34.954+0000] {processor.py:183} INFO - Processing /opt/airflow/dags/dwh_layer.py took 0.026 seconds
[2026-05-16T11:49:05.705+0000] {processor.py:161} INFO - Started process (PID=11242) to work on /opt/airflow/dags/dwh_layer.py
[2026-05-16T11:49:05.707+0000] {processor.py:830} INFO - Processing file /opt/airflow/dags/dwh_layer.py for tasks to queue
[2026-05-16T11:49:05.707+0000] {logging_mixin.py:188} INFO - [2026-05-16T11:49:05.707+0000] {dagbag.py:545} INFO - Filling up the DagBag from /opt/airflow/dags/dwh_layer.py
[2026-05-16T11:49:05.712+0000] {processor.py:840} INFO - DAG(s) 'dwh_modeling_dag' retrieved from /opt/airflow/dags/dwh_layer.py
[2026-05-16T11:49:05.728+0000] {logging_mixin.py:188} INFO - [2026-05-16T11:49:05.728+0000] {dag.py:3089} INFO - Sync 1 DAGs
[2026-05-16T11:49:05.736+0000] {logging_mixin.py:188} INFO - [2026-05-16T11:49:05.736+0000] {dag.py:3947} INFO - Setting next_dagrun for dwh_modeling_dag to None, run_after=None
[2026-05-16T11:49:05.745+0000] {processor.py:183} INFO - Processing /opt/airflow/dags/dwh_layer.py took 0.046 seconds
[2026-05-16T11:49:35.843+0000] {processor.py:161} INFO - Started process (PID=11304) to work on /opt/airflow/dags/dwh_layer.py
[2026-05-16T11:49:35.844+0000] {processor.py:830} INFO - Processing file /opt/airflow/dags/dwh_layer.py for tasks to queue
[2026-05-16T11:49:35.844+0000] {logging_mixin.py:188} INFO - [2026-05-16T11:49:35.844+0000] {dagbag.py:545} INFO - Filling up the DagBag from /opt/airflow/dags/dwh_layer.py
[2026-05-16T11:49:35.848+0000] {processor.py:840} INFO - DAG(s) 'dwh_modeling_dag' retrieved from /opt/airflow/dags/dwh_layer.py
[2026-05-16T11:49:35.860+0000] {logging_mixin.py:188} INFO - [2026-05-16T11:49:35.859+0000] {dag.py:3089} INFO - Sync 1 DAGs
[2026-05-16T11:49:35.865+0000] {logging_mixin.py:188} INFO - [2026-05-16T11:49:35.865+0000] {dag.py:3947} INFO - Setting next_dagrun for dwh_modeling_dag to None, run_after=None
[2026-05-16T11:49:35.872+0000] {processor.py:183} INFO - Processing /opt/airflow/dags/dwh_layer.py took 0.033 seconds
[2026-05-16T11:50:05.908+0000] {processor.py:161} INFO - Started process (PID=11366) to work on /opt/airflow/dags/dwh_layer.py
[2026-05-16T11:50:05.908+0000] {processor.py:830} INFO - Processing file /opt/airflow/dags/dwh_layer.py for tasks to queue
[2026-05-16T11:50:05.909+0000] {logging_mixin.py:188} INFO - [2026-05-16T11:50:05.909+0000] {dagbag.py:545} INFO - Filling up the DagBag from /opt/airflow/dags/dwh_layer.py
[2026-05-16T11:50:05.916+0000] {processor.py:840} INFO - DAG(s) 'dwh_modeling_dag' retrieved from /opt/airflow/dags/dwh_layer.py
[2026-05-16T11:50:05.934+0000] {logging_mixin.py:188} INFO - [2026-05-16T11:50:05.934+0000] {dag.py:3089} INFO - Sync 1 DAGs
[2026-05-16T11:50:06.002+0000] {logging_mixin.py:188} INFO - [2026-05-16T11:50:06.002+0000] {dag.py:3947} INFO - Setting next_dagrun for dwh_modeling_dag to None, run_after=None
[2026-05-16T11:50:06.007+0000] {processor.py:183} INFO - Processing /opt/airflow/dags/dwh_layer.py took 0.107 seconds
[2026-05-16T11:50:36.545+0000] {processor.py:161} INFO - Started process (PID=11428) to work on /opt/airflow/dags/dwh_layer.py
[2026-05-16T11:50:36.546+0000] {processor.py:830} INFO - Processing file /opt/airflow/dags/dwh_layer.py for tasks to queue
[2026-05-16T11:50:36.546+0000] {logging_mixin.py:188} INFO - [2026-05-16T11:50:36.546+0000] {dagbag.py:545} INFO - Filling up the DagBag from /opt/airflow/dags/dwh_layer.py
[2026-05-16T11:50:36.551+0000] {processor.py:840} INFO - DAG(s) 'dwh_modeling_dag' retrieved from /opt/airflow/dags/dwh_layer.py
[2026-05-16T11:50:36.561+0000] {logging_mixin.py:188} INFO - [2026-05-16T11:50:36.561+0000] {dag.py:3089} INFO - Sync 1 DAGs
[2026-05-16T11:50:36.566+0000] {logging_mixin.py:188} INFO - [2026-05-16T11:50:36.566+0000] {dag.py:3947} INFO - Setting next_dagrun for dwh_modeling_dag to None, run_after=None
[2026-05-16T11:50:36.572+0000] {processor.py:183} INFO - Processing /opt/airflow/dags/dwh_layer.py took 0.033 seconds
[2026-05-16T11:51:07.006+0000] {processor.py:161} INFO - Started process (PID=11490) to work on /opt/airflow/dags/dwh_layer.py
[2026-05-16T11:51:07.006+0000] {processor.py:830} INFO - Processing file /opt/airflow/dags/dwh_layer.py for tasks to queue
[2026-05-16T11:51:07.007+0000] {logging_mixin.py:188} INFO - [2026-05-16T11:51:07.007+0000] {dagbag.py:545} INFO - Filling up the DagBag from /opt/airflow/dags/dwh_layer.py
[2026-05-16T11:51:07.013+0000] {processor.py:840} INFO - DAG(s) 'dwh_modeling_dag' retrieved from /opt/airflow/dags/dwh_layer.py
[2026-05-16T11:51:07.027+0000] {logging_mixin.py:188} INFO - [2026-05-16T11:51:07.027+0000] {dag.py:3089} INFO - Sync 1 DAGs
[2026-05-16T11:51:07.033+0000] {logging_mixin.py:188} INFO - [2026-05-16T11:51:07.033+0000] {dag.py:3947} INFO - Setting next_dagrun for dwh_modeling_dag to None, run_after=None
[2026-05-16T11:51:07.040+0000] {processor.py:183} INFO - Processing /opt/airflow/dags/dwh_layer.py took 0.040 seconds
[2026-05-16T11:51:37.499+0000] {processor.py:161} INFO - Started process (PID=11552) to work on /opt/airflow/dags/dwh_layer.py
[2026-05-16T11:51:37.499+0000] {processor.py:830} INFO - Processing file /opt/airflow/dags/dwh_layer.py for tasks to queue
[2026-05-16T11:51:37.500+0000] {logging_mixin.py:188} INFO - [2026-05-16T11:51:37.500+0000] {dagbag.py:545} INFO - Filling up the DagBag from /opt/airflow/dags/dwh_layer.py
[2026-05-16T11:51:37.503+0000] {processor.py:840} INFO - DAG(s) 'dwh_modeling_dag' retrieved from /opt/airflow/dags/dwh_layer.py
[2026-05-16T11:51:37.511+0000] {logging_mixin.py:188} INFO - [2026-05-16T11:51:37.511+0000] {dag.py:3089} INFO - Sync 1 DAGs
[2026-05-16T11:51:37.516+0000] {logging_mixin.py:188} INFO - [2026-05-16T11:51:37.516+0000] {dag.py:3947} INFO - Setting next_dagrun for dwh_modeling_dag to None, run_after=None
[2026-05-16T11:51:37.521+0000] {processor.py:183} INFO - Processing /opt/airflow/dags/dwh_layer.py took 0.025 seconds
[2026-05-16T11:52:07.932+0000] {processor.py:161} INFO - Started process (PID=11614) to work on /opt/airflow/dags/dwh_layer.py
[2026-05-16T11:52:07.932+0000] {processor.py:830} INFO - Processing file /opt/airflow/dags/dwh_layer.py for tasks to queue
[2026-05-16T11:52:07.933+0000] {logging_mixin.py:188} INFO - [2026-05-16T11:52:07.933+0000] {dagbag.py:545} INFO - Filling up the DagBag from /opt/airflow/dags/dwh_layer.py
[2026-05-16T11:52:07.935+0000] {processor.py:840} INFO - DAG(s) 'dwh_modeling_dag' retrieved from /opt/airflow/dags/dwh_layer.py
[2026-05-16T11:52:07.943+0000] {logging_mixin.py:188} INFO - [2026-05-16T11:52:07.943+0000] {dag.py:3089} INFO - Sync 1 DAGs
[2026-05-16T11:52:07.948+0000] {logging_mixin.py:188} INFO - [2026-05-16T11:52:07.948+0000] {dag.py:3947} INFO - Setting next_dagrun for dwh_modeling_dag to None, run_after=None
[2026-05-16T11:52:07.953+0000] {processor.py:183} INFO - Processing /opt/airflow/dags/dwh_layer.py took 0.023 seconds
[2026-05-16T11:52:38.646+0000] {processor.py:161} INFO - Started process (PID=11676) to work on /opt/airflow/dags/dwh_layer.py
[2026-05-16T11:52:38.646+0000] {processor.py:830} INFO - Processing file /opt/airflow/dags/dwh_layer.py for tasks to queue
[2026-05-16T11:52:38.647+0000] {logging_mixin.py:188} INFO - [2026-05-16T11:52:38.647+0000] {dagbag.py:545} INFO - Filling up the DagBag from /opt/airflow/dags/dwh_layer.py
[2026-05-16T11:52:38.652+0000] {processor.py:840} INFO - DAG(s) 'dwh_modeling_dag' retrieved from /opt/airflow/dags/dwh_layer.py
[2026-05-16T11:52:38.664+0000] {logging_mixin.py:188} INFO - [2026-05-16T11:52:38.664+0000] {dag.py:3089} INFO - Sync 1 DAGs
[2026-05-16T11:52:38.670+0000] {logging_mixin.py:188} INFO - [2026-05-16T11:52:38.670+0000] {dag.py:3947} INFO - Setting next_dagrun for dwh_modeling_dag to None, run_after=None
[2026-05-16T11:52:38.676+0000] {processor.py:183} INFO - Processing /opt/airflow/dags/dwh_layer.py took 0.037 seconds
[2026-05-16T11:53:09.263+0000] {processor.py:161} INFO - Started process (PID=11738) to work on /opt/airflow/dags/dwh_layer.py
[2026-05-16T11:53:09.265+0000] {processor.py:830} INFO - Processing file /opt/airflow/dags/dwh_layer.py for tasks to queue
[2026-05-16T11:53:09.266+0000] {logging_mixin.py:188} INFO - [2026-05-16T11:53:09.266+0000] {dagbag.py:545} INFO - Filling up the DagBag from /opt/airflow/dags/dwh_layer.py
[2026-05-16T11:53:09.272+0000] {processor.py:840} INFO - DAG(s) 'dwh_modeling_dag' retrieved from /opt/airflow/dags/dwh_layer.py
[2026-05-16T11:53:09.286+0000] {logging_mixin.py:188} INFO - [2026-05-16T11:53:09.286+0000] {dag.py:3089} INFO - Sync 1 DAGs
[2026-05-16T11:53:09.292+0000] {logging_mixin.py:188} INFO - [2026-05-16T11:53:09.292+0000] {dag.py:3947} INFO - Setting next_dagrun for dwh_modeling_dag to None, run_after=None
[2026-05-16T11:53:09.299+0000] {processor.py:183} INFO - Processing /opt/airflow/dags/dwh_layer.py took 0.041 seconds
[2026-05-16T11:53:39.885+0000] {processor.py:161} INFO - Started process (PID=11800) to work on /opt/airflow/dags/dwh_layer.py
[2026-05-16T11:53:39.886+0000] {processor.py:830} INFO - Processing file /opt/airflow/dags/dwh_layer.py for tasks to queue
[2026-05-16T11:53:39.887+0000] {logging_mixin.py:188} INFO - [2026-05-16T11:53:39.887+0000] {dagbag.py:545} INFO - Filling up the DagBag from /opt/airflow/dags/dwh_layer.py
[2026-05-16T11:53:39.894+0000] {processor.py:840} INFO - DAG(s) 'dwh_modeling_dag' retrieved from /opt/airflow/dags/dwh_layer.py
[2026-05-16T11:53:39.909+0000] {logging_mixin.py:188} INFO - [2026-05-16T11:53:39.909+0000] {dag.py:3089} INFO - Sync 1 DAGs
[2026-05-16T11:53:39.915+0000] {logging_mixin.py:188} INFO - [2026-05-16T11:53:39.915+0000] {dag.py:3947} INFO - Setting next_dagrun for dwh_modeling_dag to None, run_after=None
[2026-05-16T11:53:39.922+0000] {processor.py:183} INFO - Processing /opt/airflow/dags/dwh_layer.py took 0.043 seconds
[2026-05-16T11:54:10.508+0000] {processor.py:161} INFO - Started process (PID=11868) to work on /opt/airflow/dags/dwh_layer.py
[2026-05-16T11:54:10.509+0000] {processor.py:830} INFO - Processing file /opt/airflow/dags/dwh_layer.py for tasks to queue
[2026-05-16T11:54:10.509+0000] {logging_mixin.py:188} INFO - [2026-05-16T11:54:10.509+0000] {dagbag.py:545} INFO - Filling up the DagBag from /opt/airflow/dags/dwh_layer.py
[2026-05-16T11:54:10.514+0000] {processor.py:840} INFO - DAG(s) 'dwh_modeling_dag' retrieved from /opt/airflow/dags/dwh_layer.py
[2026-05-16T11:54:10.525+0000] {logging_mixin.py:188} INFO - [2026-05-16T11:54:10.525+0000] {dag.py:3089} INFO - Sync 1 DAGs
[2026-05-16T11:54:10.531+0000] {logging_mixin.py:188} INFO - [2026-05-16T11:54:10.531+0000] {dag.py:3947} INFO - Setting next_dagrun for dwh_modeling_dag to None, run_after=None
[2026-05-16T11:54:10.538+0000] {processor.py:183} INFO - Processing /opt/airflow/dags/dwh_layer.py took 0.034 seconds
[2026-05-16T11:54:41.105+0000] {processor.py:161} INFO - Started process (PID=11930) to work on /opt/airflow/dags/dwh_layer.py
[2026-05-16T11:54:41.106+0000] {processor.py:830} INFO - Processing file /opt/airflow/dags/dwh_layer.py for tasks to queue
[2026-05-16T11:54:41.107+0000] {logging_mixin.py:188} INFO - [2026-05-16T11:54:41.106+0000] {dagbag.py:545} INFO - Filling up the DagBag from /opt/airflow/dags/dwh_layer.py
[2026-05-16T11:54:41.114+0000] {processor.py:840} INFO - DAG(s) 'dwh_modeling_dag' retrieved from /opt/airflow/dags/dwh_layer.py
[2026-05-16T11:54:41.130+0000] {logging_mixin.py:188} INFO - [2026-05-16T11:54:41.130+0000] {dag.py:3089} INFO - Sync 1 DAGs
[2026-05-16T11:54:41.136+0000] {logging_mixin.py:188} INFO - [2026-05-16T11:54:41.136+0000] {dag.py:3947} INFO - Setting next_dagrun for dwh_modeling_dag to None, run_after=None
[2026-05-16T11:54:41.145+0000] {processor.py:183} INFO - Processing /opt/airflow/dags/dwh_layer.py took 0.047 seconds
[2026-05-16T11:55:11.687+0000] {processor.py:161} INFO - Started process (PID=11992) to work on /opt/airflow/dags/dwh_layer.py
[2026-05-16T11:55:11.688+0000] {processor.py:830} INFO - Processing file /opt/airflow/dags/dwh_layer.py for tasks to queue
[2026-05-16T11:55:11.689+0000] {logging_mixin.py:188} INFO - [2026-05-16T11:55:11.689+0000] {dagbag.py:545} INFO - Filling up the DagBag from /opt/airflow/dags/dwh_layer.py
[2026-05-16T11:55:11.696+0000] {processor.py:840} INFO - DAG(s) 'dwh_modeling_dag' retrieved from /opt/airflow/dags/dwh_layer.py
[2026-05-16T11:55:11.712+0000] {logging_mixin.py:188} INFO - [2026-05-16T11:55:11.712+0000] {dag.py:3089} INFO - Sync 1 DAGs
[2026-05-16T11:55:11.718+0000] {logging_mixin.py:188} INFO - [2026-05-16T11:55:11.718+0000] {dag.py:3947} INFO - Setting next_dagrun for dwh_modeling_dag to None, run_after=None
[2026-05-16T11:55:11.725+0000] {processor.py:183} INFO - Processing /opt/airflow/dags/dwh_layer.py took 0.044 seconds
[2026-05-16T11:55:42.400+0000] {processor.py:161} INFO - Started process (PID=12053) to work on /opt/airflow/dags/dwh_layer.py
[2026-05-16T11:55:42.401+0000] {processor.py:830} INFO - Processing file /opt/airflow/dags/dwh_layer.py for tasks to queue
[2026-05-16T11:55:42.402+0000] {logging_mixin.py:188} INFO - [2026-05-16T11:55:42.401+0000] {dagbag.py:545} INFO - Filling up the DagBag from /opt/airflow/dags/dwh_layer.py
[2026-05-16T11:55:42.410+0000] {processor.py:840} INFO - DAG(s) 'dwh_modeling_dag' retrieved from /opt/airflow/dags/dwh_layer.py
[2026-05-16T11:55:42.429+0000] {logging_mixin.py:188} INFO - [2026-05-16T11:55:42.429+0000] {dag.py:3089} INFO - Sync 1 DAGs
[2026-05-16T11:55:42.435+0000] {logging_mixin.py:188} INFO - [2026-05-16T11:55:42.435+0000] {dag.py:3947} INFO - Setting next_dagrun for dwh_modeling_dag to None, run_after=None
[2026-05-16T11:55:42.442+0000] {processor.py:183} INFO - Processing /opt/airflow/dags/dwh_layer.py took 0.051 seconds
[2026-05-16T11:56:13.106+0000] {processor.py:161} INFO - Started process (PID=12115) to work on /opt/airflow/dags/dwh_layer.py
[2026-05-16T11:56:13.107+0000] {processor.py:830} INFO - Processing file /opt/airflow/dags/dwh_layer.py for tasks to queue
[2026-05-16T11:56:13.108+0000] {logging_mixin.py:188} INFO - [2026-05-16T11:56:13.108+0000] {dagbag.py:545} INFO - Filling up the DagBag from /opt/airflow/dags/dwh_layer.py
[2026-05-16T11:56:13.117+0000] {processor.py:840} INFO - DAG(s) 'dwh_modeling_dag' retrieved from /opt/airflow/dags/dwh_layer.py
[2026-05-16T11:56:13.135+0000] {logging_mixin.py:188} INFO - [2026-05-16T11:56:13.135+0000] {dag.py:3089} INFO - Sync 1 DAGs
[2026-05-16T11:56:13.142+0000] {logging_mixin.py:188} INFO - [2026-05-16T11:56:13.142+0000] {dag.py:3947} INFO - Setting next_dagrun for dwh_modeling_dag to None, run_after=None
[2026-05-16T11:56:13.148+0000] {processor.py:183} INFO - Processing /opt/airflow/dags/dwh_layer.py took 0.050 seconds
[2026-05-16T11:56:43.716+0000] {processor.py:161} INFO - Started process (PID=12177) to work on /opt/airflow/dags/dwh_layer.py
[2026-05-16T11:56:43.716+0000] {processor.py:830} INFO - Processing file /opt/airflow/dags/dwh_layer.py for tasks to queue
[2026-05-16T11:56:43.717+0000] {logging_mixin.py:188} INFO - [2026-05-16T11:56:43.717+0000] {dagbag.py:545} INFO - Filling up the DagBag from /opt/airflow/dags/dwh_layer.py
[2026-05-16T11:56:43.723+0000] {processor.py:840} INFO - DAG(s) 'dwh_modeling_dag' retrieved from /opt/airflow/dags/dwh_layer.py
[2026-05-16T11:56:43.740+0000] {logging_mixin.py:188} INFO - [2026-05-16T11:56:43.740+0000] {dag.py:3089} INFO - Sync 1 DAGs
[2026-05-16T11:56:43.746+0000] {logging_mixin.py:188} INFO - [2026-05-16T11:56:43.746+0000] {dag.py:3947} INFO - Setting next_dagrun for dwh_modeling_dag to None, run_after=None
[2026-05-16T11:56:43.756+0000] {processor.py:183} INFO - Processing /opt/airflow/dags/dwh_layer.py took 0.047 seconds
[2026-05-16T11:57:14.271+0000] {processor.py:161} INFO - Started process (PID=12240) to work on /opt/airflow/dags/dwh_layer.py
[2026-05-16T11:57:14.273+0000] {processor.py:830} INFO - Processing file /opt/airflow/dags/dwh_layer.py for tasks to queue
[2026-05-16T11:57:14.274+0000] {logging_mixin.py:188} INFO - [2026-05-16T11:57:14.273+0000] {dagbag.py:545} INFO - Filling up the DagBag from /opt/airflow/dags/dwh_layer.py
[2026-05-16T11:57:14.279+0000] {processor.py:840} INFO - DAG(s) 'dwh_modeling_dag' retrieved from /opt/airflow/dags/dwh_layer.py
[2026-05-16T11:57:14.293+0000] {logging_mixin.py:188} INFO - [2026-05-16T11:57:14.293+0000] {dag.py:3089} INFO - Sync 1 DAGs
[2026-05-16T11:57:14.297+0000] {logging_mixin.py:188} INFO - [2026-05-16T11:57:14.297+0000] {dag.py:3947} INFO - Setting next_dagrun for dwh_modeling_dag to None, run_after=None
[2026-05-16T11:57:14.304+0000] {processor.py:183} INFO - Processing /opt/airflow/dags/dwh_layer.py took 0.037 seconds
[2026-05-16T11:57:44.807+0000] {processor.py:161} INFO - Started process (PID=12302) to work on /opt/airflow/dags/dwh_layer.py
[2026-05-16T11:57:44.808+0000] {processor.py:830} INFO - Processing file /opt/airflow/dags/dwh_layer.py for tasks to queue
[2026-05-16T11:57:44.809+0000] {logging_mixin.py:188} INFO - [2026-05-16T11:57:44.808+0000] {dagbag.py:545} INFO - Filling up the DagBag from /opt/airflow/dags/dwh_layer.py
[2026-05-16T11:57:44.816+0000] {processor.py:840} INFO - DAG(s) 'dwh_modeling_dag' retrieved from /opt/airflow/dags/dwh_layer.py
[2026-05-16T11:57:44.832+0000] {logging_mixin.py:188} INFO - [2026-05-16T11:57:44.831+0000] {dag.py:3089} INFO - Sync 1 DAGs
[2026-05-16T11:57:44.838+0000] {logging_mixin.py:188} INFO - [2026-05-16T11:57:44.838+0000] {dag.py:3947} INFO - Setting next_dagrun for dwh_modeling_dag to None, run_after=None
[2026-05-16T11:57:44.845+0000] {processor.py:183} INFO - Processing /opt/airflow/dags/dwh_layer.py took 0.044 seconds
[2026-05-16T11:58:15.356+0000] {processor.py:161} INFO - Started process (PID=12364) to work on /opt/airflow/dags/dwh_layer.py
[2026-05-16T11:58:15.357+0000] {processor.py:830} INFO - Processing file /opt/airflow/dags/dwh_layer.py for tasks to queue
[2026-05-16T11:58:15.357+0000] {logging_mixin.py:188} INFO - [2026-05-16T11:58:15.357+0000] {dagbag.py:545} INFO - Filling up the DagBag from /opt/airflow/dags/dwh_layer.py
[2026-05-16T11:58:15.361+0000] {processor.py:840} INFO - DAG(s) 'dwh_modeling_dag' retrieved from /opt/airflow/dags/dwh_layer.py
[2026-05-16T11:58:15.372+0000] {logging_mixin.py:188} INFO - [2026-05-16T11:58:15.372+0000] {dag.py:3089} INFO - Sync 1 DAGs
[2026-05-16T11:58:15.377+0000] {logging_mixin.py:188} INFO - [2026-05-16T11:58:15.377+0000] {dag.py:3947} INFO - Setting next_dagrun for dwh_modeling_dag to None, run_after=None
[2026-05-16T11:58:15.384+0000] {processor.py:183} INFO - Processing /opt/airflow/dags/dwh_layer.py took 0.033 seconds
[2026-05-16T11:58:45.869+0000] {processor.py:161} INFO - Started process (PID=12426) to work on /opt/airflow/dags/dwh_layer.py
[2026-05-16T11:58:45.871+0000] {processor.py:830} INFO - Processing file /opt/airflow/dags/dwh_layer.py for tasks to queue
[2026-05-16T11:58:45.872+0000] {logging_mixin.py:188} INFO - [2026-05-16T11:58:45.872+0000] {dagbag.py:545} INFO - Filling up the DagBag from /opt/airflow/dags/dwh_layer.py
[2026-05-16T11:58:45.879+0000] {processor.py:840} INFO - DAG(s) 'dwh_modeling_dag' retrieved from /opt/airflow/dags/dwh_layer.py
[2026-05-16T11:58:45.895+0000] {logging_mixin.py:188} INFO - [2026-05-16T11:58:45.895+0000] {dag.py:3089} INFO - Sync 1 DAGs
[2026-05-16T11:58:45.901+0000] {logging_mixin.py:188} INFO - [2026-05-16T11:58:45.901+0000] {dag.py:3947} INFO - Setting next_dagrun for dwh_modeling_dag to None, run_after=None
[2026-05-16T11:58:45.909+0000] {processor.py:183} INFO - Processing /opt/airflow/dags/dwh_layer.py took 0.047 seconds
[2026-05-16T11:59:16.422+0000] {processor.py:161} INFO - Started process (PID=12488) to work on /opt/airflow/dags/dwh_layer.py
[2026-05-16T11:59:16.423+0000] {processor.py:830} INFO - Processing file /opt/airflow/dags/dwh_layer.py for tasks to queue
[2026-05-16T11:59:16.424+0000] {logging_mixin.py:188} INFO - [2026-05-16T11:59:16.424+0000] {dagbag.py:545} INFO - Filling up the DagBag from /opt/airflow/dags/dwh_layer.py
[2026-05-16T11:59:16.431+0000] {processor.py:840} INFO - DAG(s) 'dwh_modeling_dag' retrieved from /opt/airflow/dags/dwh_layer.py
[2026-05-16T11:59:16.447+0000] {logging_mixin.py:188} INFO - [2026-05-16T11:59:16.447+0000] {dag.py:3089} INFO - Sync 1 DAGs
[2026-05-16T11:59:16.453+0000] {logging_mixin.py:188} INFO - [2026-05-16T11:59:16.453+0000] {dag.py:3947} INFO - Setting next_dagrun for dwh_modeling_dag to None, run_after=None
[2026-05-16T11:59:16.461+0000] {processor.py:183} INFO - Processing /opt/airflow/dags/dwh_layer.py took 0.046 seconds
[2026-05-16T11:59:46.886+0000] {processor.py:161} INFO - Started process (PID=12550) to work on /opt/airflow/dags/dwh_layer.py
[2026-05-16T11:59:46.887+0000] {processor.py:830} INFO - Processing file /opt/airflow/dags/dwh_layer.py for tasks to queue
[2026-05-16T11:59:46.888+0000] {logging_mixin.py:188} INFO - [2026-05-16T11:59:46.888+0000] {dagbag.py:545} INFO - Filling up the DagBag from /opt/airflow/dags/dwh_layer.py
[2026-05-16T11:59:46.896+0000] {processor.py:840} INFO - DAG(s) 'dwh_modeling_dag' retrieved from /opt/airflow/dags/dwh_layer.py
[2026-05-16T11:59:46.911+0000] {logging_mixin.py:188} INFO - [2026-05-16T11:59:46.911+0000] {dag.py:3089} INFO - Sync 1 DAGs
[2026-05-16T11:59:46.917+0000] {logging_mixin.py:188} INFO - [2026-05-16T11:59:46.917+0000] {dag.py:3947} INFO - Setting next_dagrun for dwh_modeling_dag to None, run_after=None
[2026-05-16T11:59:46.924+0000] {processor.py:183} INFO - Processing /opt/airflow/dags/dwh_layer.py took 0.046 seconds
[2026-05-16T12:00:17.448+0000] {processor.py:161} INFO - Started process (PID=12612) to work on /opt/airflow/dags/dwh_layer.py
[2026-05-16T12:00:17.450+0000] {processor.py:830} INFO - Processing file /opt/airflow/dags/dwh_layer.py for tasks to queue
[2026-05-16T12:00:17.451+0000] {logging_mixin.py:188} INFO - [2026-05-16T12:00:17.450+0000] {dagbag.py:545} INFO - Filling up the DagBag from /opt/airflow/dags/dwh_layer.py
[2026-05-16T12:00:17.460+0000] {processor.py:840} INFO - DAG(s) 'dwh_modeling_dag' retrieved from /opt/airflow/dags/dwh_layer.py
[2026-05-16T12:00:17.478+0000] {logging_mixin.py:188} INFO - [2026-05-16T12:00:17.478+0000] {dag.py:3089} INFO - Sync 1 DAGs
[2026-05-16T12:00:17.486+0000] {logging_mixin.py:188} INFO - [2026-05-16T12:00:17.486+0000] {dag.py:3947} INFO - Setting next_dagrun for dwh_modeling_dag to None, run_after=None
[2026-05-16T12:00:17.494+0000] {processor.py:183} INFO - Processing /opt/airflow/dags/dwh_layer.py took 0.054 seconds
[2026-05-16T12:00:48.107+0000] {processor.py:161} INFO - Started process (PID=12675) to work on /opt/airflow/dags/dwh_layer.py
[2026-05-16T12:00:48.108+0000] {processor.py:830} INFO - Processing file /opt/airflow/dags/dwh_layer.py for tasks to queue
[2026-05-16T12:00:48.108+0000] {logging_mixin.py:188} INFO - [2026-05-16T12:00:48.108+0000] {dagbag.py:545} INFO - Filling up the DagBag from /opt/airflow/dags/dwh_layer.py
[2026-05-16T12:00:48.114+0000] {processor.py:840} INFO - DAG(s) 'dwh_modeling_dag' retrieved from /opt/airflow/dags/dwh_layer.py
[2026-05-16T12:00:48.126+0000] {logging_mixin.py:188} INFO - [2026-05-16T12:00:48.126+0000] {dag.py:3089} INFO - Sync 1 DAGs
[2026-05-16T12:00:48.133+0000] {logging_mixin.py:188} INFO - [2026-05-16T12:00:48.133+0000] {dag.py:3947} INFO - Setting next_dagrun for dwh_modeling_dag to None, run_after=None
[2026-05-16T12:00:48.141+0000] {processor.py:183} INFO - Processing /opt/airflow/dags/dwh_layer.py took 0.039 seconds
[2026-05-16T12:01:18.719+0000] {processor.py:161} INFO - Started process (PID=12737) to work on /opt/airflow/dags/dwh_layer.py
[2026-05-16T12:01:18.720+0000] {processor.py:830} INFO - Processing file /opt/airflow/dags/dwh_layer.py for tasks to queue
[2026-05-16T12:01:18.721+0000] {logging_mixin.py:188} INFO - [2026-05-16T12:01:18.721+0000] {dagbag.py:545} INFO - Filling up the DagBag from /opt/airflow/dags/dwh_layer.py
[2026-05-16T12:01:18.728+0000] {processor.py:840} INFO - DAG(s) 'dwh_modeling_dag' retrieved from /opt/airflow/dags/dwh_layer.py
[2026-05-16T12:01:18.749+0000] {logging_mixin.py:188} INFO - [2026-05-16T12:01:18.748+0000] {dag.py:3089} INFO - Sync 1 DAGs
[2026-05-16T12:01:18.757+0000] {logging_mixin.py:188} INFO - [2026-05-16T12:01:18.757+0000] {dag.py:3947} INFO - Setting next_dagrun for dwh_modeling_dag to None, run_after=None
[2026-05-16T12:01:18.768+0000] {processor.py:183} INFO - Processing /opt/airflow/dags/dwh_layer.py took 0.056 seconds
[2026-05-16T12:01:49.308+0000] {processor.py:161} INFO - Started process (PID=12800) to work on /opt/airflow/dags/dwh_layer.py
[2026-05-16T12:01:49.310+0000] {processor.py:830} INFO - Processing file /opt/airflow/dags/dwh_layer.py for tasks to queue
[2026-05-16T12:01:49.310+0000] {logging_mixin.py:188} INFO - [2026-05-16T12:01:49.310+0000] {dagbag.py:545} INFO - Filling up the DagBag from /opt/airflow/dags/dwh_layer.py
[2026-05-16T12:01:49.317+0000] {processor.py:840} INFO - DAG(s) 'dwh_modeling_dag' retrieved from /opt/airflow/dags/dwh_layer.py
[2026-05-16T12:01:49.330+0000] {logging_mixin.py:188} INFO - [2026-05-16T12:01:49.330+0000] {dag.py:3089} INFO - Sync 1 DAGs
[2026-05-16T12:01:49.336+0000] {logging_mixin.py:188} INFO - [2026-05-16T12:01:49.336+0000] {dag.py:3947} INFO - Setting next_dagrun for dwh_modeling_dag to None, run_after=None
[2026-05-16T12:01:49.344+0000] {processor.py:183} INFO - Processing /opt/airflow/dags/dwh_layer.py took 0.043 seconds
[2026-05-16T12:02:19.741+0000] {processor.py:161} INFO - Started process (PID=12862) to work on /opt/airflow/dags/dwh_layer.py
[2026-05-16T12:02:19.742+0000] {processor.py:830} INFO - Processing file /opt/airflow/dags/dwh_layer.py for tasks to queue
[2026-05-16T12:02:19.742+0000] {logging_mixin.py:188} INFO - [2026-05-16T12:02:19.742+0000] {dagbag.py:545} INFO - Filling up the DagBag from /opt/airflow/dags/dwh_layer.py
[2026-05-16T12:02:19.749+0000] {processor.py:840} INFO - DAG(s) 'dwh_modeling_dag' retrieved from /opt/airflow/dags/dwh_layer.py
[2026-05-16T12:02:19.763+0000] {logging_mixin.py:188} INFO - [2026-05-16T12:02:19.763+0000] {dag.py:3089} INFO - Sync 1 DAGs
[2026-05-16T12:02:19.770+0000] {logging_mixin.py:188} INFO - [2026-05-16T12:02:19.770+0000] {dag.py:3947} INFO - Setting next_dagrun for dwh_modeling_dag to None, run_after=None
[2026-05-16T12:02:19.779+0000] {processor.py:183} INFO - Processing /opt/airflow/dags/dwh_layer.py took 0.044 seconds
[2026-05-16T12:02:50.380+0000] {processor.py:161} INFO - Started process (PID=12925) to work on /opt/airflow/dags/dwh_layer.py
[2026-05-16T12:02:50.381+0000] {processor.py:830} INFO - Processing file /opt/airflow/dags/dwh_layer.py for tasks to queue
[2026-05-16T12:02:50.382+0000] {logging_mixin.py:188} INFO - [2026-05-16T12:02:50.381+0000] {dagbag.py:545} INFO - Filling up the DagBag from /opt/airflow/dags/dwh_layer.py
[2026-05-16T12:02:50.387+0000] {processor.py:840} INFO - DAG(s) 'dwh_modeling_dag' retrieved from /opt/airflow/dags/dwh_layer.py
[2026-05-16T12:02:50.401+0000] {logging_mixin.py:188} INFO - [2026-05-16T12:02:50.401+0000] {dag.py:3089} INFO - Sync 1 DAGs
[2026-05-16T12:02:50.409+0000] {logging_mixin.py:188} INFO - [2026-05-16T12:02:50.409+0000] {dag.py:3947} INFO - Setting next_dagrun for dwh_modeling_dag to None, run_after=None
[2026-05-16T12:02:50.418+0000] {processor.py:183} INFO - Processing /opt/airflow/dags/dwh_layer.py took 0.043 seconds
[2026-05-16T12:03:20.910+0000] {processor.py:161} INFO - Started process (PID=12987) to work on /opt/airflow/dags/dwh_layer.py
[2026-05-16T12:03:20.910+0000] {processor.py:830} INFO - Processing file /opt/airflow/dags/dwh_layer.py for tasks to queue
[2026-05-16T12:03:20.911+0000] {logging_mixin.py:188} INFO - [2026-05-16T12:03:20.911+0000] {dagbag.py:545} INFO - Filling up the DagBag from /opt/airflow/dags/dwh_layer.py
[2026-05-16T12:03:20.916+0000] {processor.py:840} INFO - DAG(s) 'dwh_modeling_dag' retrieved from /opt/airflow/dags/dwh_layer.py
[2026-05-16T12:03:20.930+0000] {logging_mixin.py:188} INFO - [2026-05-16T12:03:20.930+0000] {dag.py:3089} INFO - Sync 1 DAGs
[2026-05-16T12:03:20.936+0000] {logging_mixin.py:188} INFO - [2026-05-16T12:03:20.936+0000] {dag.py:3947} INFO - Setting next_dagrun for dwh_modeling_dag to None, run_after=None
[2026-05-16T12:03:20.945+0000] {processor.py:183} INFO - Processing /opt/airflow/dags/dwh_layer.py took 0.041 seconds
[2026-05-16T12:03:51.677+0000] {processor.py:161} INFO - Started process (PID=13049) to work on /opt/airflow/dags/dwh_layer.py
[2026-05-16T12:03:51.678+0000] {processor.py:830} INFO - Processing file /opt/airflow/dags/dwh_layer.py for tasks to queue
[2026-05-16T12:03:51.679+0000] {logging_mixin.py:188} INFO - [2026-05-16T12:03:51.678+0000] {dagbag.py:545} INFO - Filling up the DagBag from /opt/airflow/dags/dwh_layer.py
[2026-05-16T12:03:51.687+0000] {processor.py:840} INFO - DAG(s) 'dwh_modeling_dag' retrieved from /opt/airflow/dags/dwh_layer.py
[2026-05-16T12:03:51.707+0000] {logging_mixin.py:188} INFO - [2026-05-16T12:03:51.706+0000] {dag.py:3089} INFO - Sync 1 DAGs
[2026-05-16T12:03:51.714+0000] {logging_mixin.py:188} INFO - [2026-05-16T12:03:51.714+0000] {dag.py:3947} INFO - Setting next_dagrun for dwh_modeling_dag to None, run_after=None
[2026-05-16T12:03:51.722+0000] {processor.py:183} INFO - Processing /opt/airflow/dags/dwh_layer.py took 0.053 seconds
[2026-05-16T12:04:22.410+0000] {processor.py:161} INFO - Started process (PID=13111) to work on /opt/airflow/dags/dwh_layer.py
[2026-05-16T12:04:22.411+0000] {processor.py:830} INFO - Processing file /opt/airflow/dags/dwh_layer.py for tasks to queue
[2026-05-16T12:04:22.411+0000] {logging_mixin.py:188} INFO - [2026-05-16T12:04:22.411+0000] {dagbag.py:545} INFO - Filling up the DagBag from /opt/airflow/dags/dwh_layer.py
[2026-05-16T12:04:22.419+0000] {processor.py:840} INFO - DAG(s) 'dwh_modeling_dag' retrieved from /opt/airflow/dags/dwh_layer.py
[2026-05-16T12:04:22.435+0000] {logging_mixin.py:188} INFO - [2026-05-16T12:04:22.435+0000] {dag.py:3089} INFO - Sync 1 DAGs
[2026-05-16T12:04:22.441+0000] {logging_mixin.py:188} INFO - [2026-05-16T12:04:22.441+0000] {dag.py:3947} INFO - Setting next_dagrun for dwh_modeling_dag to None, run_after=None
[2026-05-16T12:04:22.448+0000] {processor.py:183} INFO - Processing /opt/airflow/dags/dwh_layer.py took 0.045 seconds
[2026-05-16T12:04:52.908+0000] {processor.py:161} INFO - Started process (PID=13173) to work on /opt/airflow/dags/dwh_layer.py
[2026-05-16T12:04:52.909+0000] {processor.py:830} INFO - Processing file /opt/airflow/dags/dwh_layer.py for tasks to queue
[2026-05-16T12:04:52.909+0000] {logging_mixin.py:188} INFO - [2026-05-16T12:04:52.909+0000] {dagbag.py:545} INFO - Filling up the DagBag from /opt/airflow/dags/dwh_layer.py
[2026-05-16T12:04:52.914+0000] {processor.py:840} INFO - DAG(s) 'dwh_modeling_dag' retrieved from /opt/airflow/dags/dwh_layer.py
[2026-05-16T12:04:52.926+0000] {logging_mixin.py:188} INFO - [2026-05-16T12:04:52.925+0000] {dag.py:3089} INFO - Sync 1 DAGs
[2026-05-16T12:04:52.931+0000] {logging_mixin.py:188} INFO - [2026-05-16T12:04:52.931+0000] {dag.py:3947} INFO - Setting next_dagrun for dwh_modeling_dag to None, run_after=None
[2026-05-16T12:04:52.938+0000] {processor.py:183} INFO - Processing /opt/airflow/dags/dwh_layer.py took 0.035 seconds
[2026-05-16T12:05:23.535+0000] {processor.py:161} INFO - Started process (PID=13235) to work on /opt/airflow/dags/dwh_layer.py
[2026-05-16T12:05:23.535+0000] {processor.py:830} INFO - Processing file /opt/airflow/dags/dwh_layer.py for tasks to queue
[2026-05-16T12:05:23.536+0000] {logging_mixin.py:188} INFO - [2026-05-16T12:05:23.536+0000] {dagbag.py:545} INFO - Filling up the DagBag from /opt/airflow/dags/dwh_layer.py
[2026-05-16T12:05:23.542+0000] {processor.py:840} INFO - DAG(s) 'dwh_modeling_dag' retrieved from /opt/airflow/dags/dwh_layer.py
[2026-05-16T12:05:23.554+0000] {logging_mixin.py:188} INFO - [2026-05-16T12:05:23.554+0000] {dag.py:3089} INFO - Sync 1 DAGs
[2026-05-16T12:05:23.561+0000] {logging_mixin.py:188} INFO - [2026-05-16T12:05:23.561+0000] {dag.py:3947} INFO - Setting next_dagrun for dwh_modeling_dag to None, run_after=None
[2026-05-16T12:05:23.570+0000] {processor.py:183} INFO - Processing /opt/airflow/dags/dwh_layer.py took 0.043 seconds
[2026-05-16T12:05:54.111+0000] {processor.py:161} INFO - Started process (PID=13298) to work on /opt/airflow/dags/dwh_layer.py
[2026-05-16T12:05:54.112+0000] {processor.py:830} INFO - Processing file /opt/airflow/dags/dwh_layer.py for tasks to queue
[2026-05-16T12:05:54.113+0000] {logging_mixin.py:188} INFO - [2026-05-16T12:05:54.113+0000] {dagbag.py:545} INFO - Filling up the DagBag from /opt/airflow/dags/dwh_layer.py
[2026-05-16T12:05:54.121+0000] {processor.py:840} INFO - DAG(s) 'dwh_modeling_dag' retrieved from /opt/airflow/dags/dwh_layer.py
[2026-05-16T12:05:54.137+0000] {logging_mixin.py:188} INFO - [2026-05-16T12:05:54.137+0000] {dag.py:3089} INFO - Sync 1 DAGs
[2026-05-16T12:05:54.142+0000] {logging_mixin.py:188} INFO - [2026-05-16T12:05:54.142+0000] {dag.py:3947} INFO - Setting next_dagrun for dwh_modeling_dag to None, run_after=None
[2026-05-16T12:05:54.150+0000] {processor.py:183} INFO - Processing /opt/airflow/dags/dwh_layer.py took 0.047 seconds
[2026-05-16T12:06:24.751+0000] {processor.py:161} INFO - Started process (PID=13360) to work on /opt/airflow/dags/dwh_layer.py
[2026-05-16T12:06:24.751+0000] {processor.py:830} INFO - Processing file /opt/airflow/dags/dwh_layer.py for tasks to queue
[2026-05-16T12:06:24.752+0000] {logging_mixin.py:188} INFO - [2026-05-16T12:06:24.752+0000] {dagbag.py:545} INFO - Filling up the DagBag from /opt/airflow/dags/dwh_layer.py
[2026-05-16T12:06:24.761+0000] {processor.py:840} INFO - DAG(s) 'dwh_modeling_dag' retrieved from /opt/airflow/dags/dwh_layer.py
[2026-05-16T12:06:24.778+0000] {logging_mixin.py:188} INFO - [2026-05-16T12:06:24.777+0000] {dag.py:3089} INFO - Sync 1 DAGs
[2026-05-16T12:06:24.783+0000] {logging_mixin.py:188} INFO - [2026-05-16T12:06:24.783+0000] {dag.py:3947} INFO - Setting next_dagrun for dwh_modeling_dag to None, run_after=None
[2026-05-16T12:06:24.791+0000] {processor.py:183} INFO - Processing /opt/airflow/dags/dwh_layer.py took 0.048 seconds
[2026-05-16T12:06:55.523+0000] {processor.py:161} INFO - Started process (PID=13422) to work on /opt/airflow/dags/dwh_layer.py
[2026-05-16T12:06:55.524+0000] {processor.py:830} INFO - Processing file /opt/airflow/dags/dwh_layer.py for tasks to queue
[2026-05-16T12:06:55.525+0000] {logging_mixin.py:188} INFO - [2026-05-16T12:06:55.525+0000] {dagbag.py:545} INFO - Filling up the DagBag from /opt/airflow/dags/dwh_layer.py
[2026-05-16T12:06:55.531+0000] {processor.py:840} INFO - DAG(s) 'dwh_modeling_dag' retrieved from /opt/airflow/dags/dwh_layer.py
[2026-05-16T12:06:55.544+0000] {logging_mixin.py:188} INFO - [2026-05-16T12:06:55.543+0000] {dag.py:3089} INFO - Sync 1 DAGs
[2026-05-16T12:06:55.550+0000] {logging_mixin.py:188} INFO - [2026-05-16T12:06:55.550+0000] {dag.py:3947} INFO - Setting next_dagrun for dwh_modeling_dag to None, run_after=None
[2026-05-16T12:06:55.559+0000] {processor.py:183} INFO - Processing /opt/airflow/dags/dwh_layer.py took 0.041 seconds
[2026-05-16T12:07:26.180+0000] {processor.py:161} INFO - Started process (PID=13484) to work on /opt/airflow/dags/dwh_layer.py
[2026-05-16T12:07:26.181+0000] {processor.py:830} INFO - Processing file /opt/airflow/dags/dwh_layer.py for tasks to queue
[2026-05-16T12:07:26.182+0000] {logging_mixin.py:188} INFO - [2026-05-16T12:07:26.181+0000] {dagbag.py:545} INFO - Filling up the DagBag from /opt/airflow/dags/dwh_layer.py
[2026-05-16T12:07:26.188+0000] {processor.py:840} INFO - DAG(s) 'dwh_modeling_dag' retrieved from /opt/airflow/dags/dwh_layer.py
[2026-05-16T12:07:26.201+0000] {logging_mixin.py:188} INFO - [2026-05-16T12:07:26.201+0000] {dag.py:3089} INFO - Sync 1 DAGs
[2026-05-16T12:07:26.208+0000] {logging_mixin.py:188} INFO - [2026-05-16T12:07:26.208+0000] {dag.py:3947} INFO - Setting next_dagrun for dwh_modeling_dag to None, run_after=None
[2026-05-16T12:07:26.216+0000] {processor.py:183} INFO - Processing /opt/airflow/dags/dwh_layer.py took 0.040 seconds
[2026-05-16T12:07:56.940+0000] {processor.py:161} INFO - Started process (PID=13546) to work on /opt/airflow/dags/dwh_layer.py
[2026-05-16T12:07:56.941+0000] {processor.py:830} INFO - Processing file /opt/airflow/dags/dwh_layer.py for tasks to queue
[2026-05-16T12:07:56.943+0000] {logging_mixin.py:188} INFO - [2026-05-16T12:07:56.942+0000] {dagbag.py:545} INFO - Filling up the DagBag from /opt/airflow/dags/dwh_layer.py
[2026-05-16T12:07:56.948+0000] {processor.py:840} INFO - DAG(s) 'dwh_modeling_dag' retrieved from /opt/airflow/dags/dwh_layer.py
[2026-05-16T12:07:56.958+0000] {logging_mixin.py:188} INFO - [2026-05-16T12:07:56.958+0000] {dag.py:3089} INFO - Sync 1 DAGs
[2026-05-16T12:07:56.963+0000] {logging_mixin.py:188} INFO - [2026-05-16T12:07:56.963+0000] {dag.py:3947} INFO - Setting next_dagrun for dwh_modeling_dag to None, run_after=None
[2026-05-16T12:07:56.970+0000] {processor.py:183} INFO - Processing /opt/airflow/dags/dwh_layer.py took 0.038 seconds
[2026-05-16T12:08:27.598+0000] {processor.py:161} INFO - Started process (PID=13608) to work on /opt/airflow/dags/dwh_layer.py
[2026-05-16T12:08:27.599+0000] {processor.py:830} INFO - Processing file /opt/airflow/dags/dwh_layer.py for tasks to queue
[2026-05-16T12:08:27.599+0000] {logging_mixin.py:188} INFO - [2026-05-16T12:08:27.599+0000] {dagbag.py:545} INFO - Filling up the DagBag from /opt/airflow/dags/dwh_layer.py
[2026-05-16T12:08:27.607+0000] {processor.py:840} INFO - DAG(s) 'dwh_modeling_dag' retrieved from /opt/airflow/dags/dwh_layer.py
[2026-05-16T12:08:27.622+0000] {logging_mixin.py:188} INFO - [2026-05-16T12:08:27.622+0000] {dag.py:3089} INFO - Sync 1 DAGs
[2026-05-16T12:08:27.628+0000] {logging_mixin.py:188} INFO - [2026-05-16T12:08:27.628+0000] {dag.py:3947} INFO - Setting next_dagrun for dwh_modeling_dag to None, run_after=None
[2026-05-16T12:08:27.636+0000] {processor.py:183} INFO - Processing /opt/airflow/dags/dwh_layer.py took 0.045 seconds
[2026-05-16T12:08:58.171+0000] {processor.py:161} INFO - Started process (PID=13671) to work on /opt/airflow/dags/dwh_layer.py
[2026-05-16T12:08:58.173+0000] {processor.py:830} INFO - Processing file /opt/airflow/dags/dwh_layer.py for tasks to queue
[2026-05-16T12:08:58.173+0000] {logging_mixin.py:188} INFO - [2026-05-16T12:08:58.173+0000] {dagbag.py:545} INFO - Filling up the DagBag from /opt/airflow/dags/dwh_layer.py
[2026-05-16T12:08:58.182+0000] {processor.py:840} INFO - DAG(s) 'dwh_modeling_dag' retrieved from /opt/airflow/dags/dwh_layer.py
[2026-05-16T12:08:58.198+0000] {logging_mixin.py:188} INFO - [2026-05-16T12:08:58.198+0000] {dag.py:3089} INFO - Sync 1 DAGs
[2026-05-16T12:08:58.204+0000] {logging_mixin.py:188} INFO - [2026-05-16T12:08:58.204+0000] {dag.py:3947} INFO - Setting next_dagrun for dwh_modeling_dag to None, run_after=None
[2026-05-16T12:08:58.211+0000] {processor.py:183} INFO - Processing /opt/airflow/dags/dwh_layer.py took 0.046 seconds
[2026-05-16T12:09:28.253+0000] {processor.py:161} INFO - Started process (PID=13733) to work on /opt/airflow/dags/dwh_layer.py
[2026-05-16T12:09:28.254+0000] {processor.py:830} INFO - Processing file /opt/airflow/dags/dwh_layer.py for tasks to queue
[2026-05-16T12:09:28.254+0000] {logging_mixin.py:188} INFO - [2026-05-16T12:09:28.254+0000] {dagbag.py:545} INFO - Filling up the DagBag from /opt/airflow/dags/dwh_layer.py
[2026-05-16T12:09:28.259+0000] {processor.py:840} INFO - DAG(s) 'dwh_modeling_dag' retrieved from /opt/airflow/dags/dwh_layer.py
[2026-05-16T12:09:28.268+0000] {logging_mixin.py:188} INFO - [2026-05-16T12:09:28.268+0000] {dag.py:3089} INFO - Sync 1 DAGs
[2026-05-16T12:09:28.272+0000] {logging_mixin.py:188} INFO - [2026-05-16T12:09:28.272+0000] {dag.py:3947} INFO - Setting next_dagrun for dwh_modeling_dag to None, run_after=None
[2026-05-16T12:09:28.279+0000] {processor.py:183} INFO - Processing /opt/airflow/dags/dwh_layer.py took 0.029 seconds
[2026-05-16T12:09:59.140+0000] {processor.py:161} INFO - Started process (PID=13793) to work on /opt/airflow/dags/dwh_layer.py
[2026-05-16T12:09:59.142+0000] {processor.py:830} INFO - Processing file /opt/airflow/dags/dwh_layer.py for tasks to queue
[2026-05-16T12:09:59.143+0000] {logging_mixin.py:188} INFO - [2026-05-16T12:09:59.143+0000] {dagbag.py:545} INFO - Filling up the DagBag from /opt/airflow/dags/dwh_layer.py
[2026-05-16T12:09:59.152+0000] {processor.py:840} INFO - DAG(s) 'dwh_modeling_dag' retrieved from /opt/airflow/dags/dwh_layer.py
[2026-05-16T12:09:59.166+0000] {logging_mixin.py:188} INFO - [2026-05-16T12:09:59.166+0000] {dag.py:3089} INFO - Sync 1 DAGs
[2026-05-16T12:09:59.173+0000] {logging_mixin.py:188} INFO - [2026-05-16T12:09:59.173+0000] {dag.py:3947} INFO - Setting next_dagrun for dwh_modeling_dag to None, run_after=None
[2026-05-16T12:09:59.182+0000] {processor.py:183} INFO - Processing /opt/airflow/dags/dwh_layer.py took 0.049 seconds
[2026-05-16T12:10:30.157+0000] {processor.py:161} INFO - Started process (PID=13855) to work on /opt/airflow/dags/dwh_layer.py
[2026-05-16T12:10:30.158+0000] {processor.py:830} INFO - Processing file /opt/airflow/dags/dwh_layer.py for tasks to queue
[2026-05-16T12:10:30.160+0000] {logging_mixin.py:188} INFO - [2026-05-16T12:10:30.159+0000] {dagbag.py:545} INFO - Filling up the DagBag from /opt/airflow/dags/dwh_layer.py
[2026-05-16T12:10:30.172+0000] {processor.py:840} INFO - DAG(s) 'dwh_modeling_dag' retrieved from /opt/airflow/dags/dwh_layer.py
[2026-05-16T12:10:30.194+0000] {logging_mixin.py:188} INFO - [2026-05-16T12:10:30.193+0000] {dag.py:3089} INFO - Sync 1 DAGs
[2026-05-16T12:10:30.203+0000] {logging_mixin.py:188} INFO - [2026-05-16T12:10:30.203+0000] {dag.py:3947} INFO - Setting next_dagrun for dwh_modeling_dag to None, run_after=None
[2026-05-16T12:10:30.213+0000] {processor.py:183} INFO - Processing /opt/airflow/dags/dwh_layer.py took 0.070 seconds
[2026-05-16T12:11:00.986+0000] {processor.py:161} INFO - Started process (PID=13917) to work on /opt/airflow/dags/dwh_layer.py
[2026-05-16T12:11:00.988+0000] {processor.py:830} INFO - Processing file /opt/airflow/dags/dwh_layer.py for tasks to queue
[2026-05-16T12:11:00.989+0000] {logging_mixin.py:188} INFO - [2026-05-16T12:11:00.988+0000] {dagbag.py:545} INFO - Filling up the DagBag from /opt/airflow/dags/dwh_layer.py
[2026-05-16T12:11:00.997+0000] {processor.py:840} INFO - DAG(s) 'dwh_modeling_dag' retrieved from /opt/airflow/dags/dwh_layer.py
[2026-05-16T12:11:01.012+0000] {logging_mixin.py:188} INFO - [2026-05-16T12:11:01.011+0000] {dag.py:3089} INFO - Sync 1 DAGs
[2026-05-16T12:11:01.018+0000] {logging_mixin.py:188} INFO - [2026-05-16T12:11:01.018+0000] {dag.py:3947} INFO - Setting next_dagrun for dwh_modeling_dag to None, run_after=None
[2026-05-16T12:11:01.025+0000] {processor.py:183} INFO - Processing /opt/airflow/dags/dwh_layer.py took 0.044 seconds
[2026-05-16T12:11:31.726+0000] {processor.py:161} INFO - Started process (PID=13979) to work on /opt/airflow/dags/dwh_layer.py
[2026-05-16T12:11:31.727+0000] {processor.py:830} INFO - Processing file /opt/airflow/dags/dwh_layer.py for tasks to queue
[2026-05-16T12:11:31.729+0000] {logging_mixin.py:188} INFO - [2026-05-16T12:11:31.728+0000] {dagbag.py:545} INFO - Filling up the DagBag from /opt/airflow/dags/dwh_layer.py
[2026-05-16T12:11:31.738+0000] {processor.py:840} INFO - DAG(s) 'dwh_modeling_dag' retrieved from /opt/airflow/dags/dwh_layer.py
[2026-05-16T12:11:31.754+0000] {logging_mixin.py:188} INFO - [2026-05-16T12:11:31.754+0000] {dag.py:3089} INFO - Sync 1 DAGs
[2026-05-16T12:11:31.762+0000] {logging_mixin.py:188} INFO - [2026-05-16T12:11:31.762+0000] {dag.py:3947} INFO - Setting next_dagrun for dwh_modeling_dag to None, run_after=None
[2026-05-16T12:11:31.769+0000] {processor.py:183} INFO - Processing /opt/airflow/dags/dwh_layer.py took 0.051 seconds
[2026-05-16T12:12:02.494+0000] {processor.py:161} INFO - Started process (PID=14040) to work on /opt/airflow/dags/dwh_layer.py
[2026-05-16T12:12:02.494+0000] {processor.py:830} INFO - Processing file /opt/airflow/dags/dwh_layer.py for tasks to queue
[2026-05-16T12:12:02.495+0000] {logging_mixin.py:188} INFO - [2026-05-16T12:12:02.495+0000] {dagbag.py:545} INFO - Filling up the DagBag from /opt/airflow/dags/dwh_layer.py
[2026-05-16T12:12:02.500+0000] {processor.py:840} INFO - DAG(s) 'dwh_modeling_dag' retrieved from /opt/airflow/dags/dwh_layer.py
[2026-05-16T12:12:02.512+0000] {logging_mixin.py:188} INFO - [2026-05-16T12:12:02.512+0000] {dag.py:3089} INFO - Sync 1 DAGs
[2026-05-16T12:12:02.519+0000] {logging_mixin.py:188} INFO - [2026-05-16T12:12:02.519+0000] {dag.py:3947} INFO - Setting next_dagrun for dwh_modeling_dag to None, run_after=None
[2026-05-16T12:12:02.526+0000] {processor.py:183} INFO - Processing /opt/airflow/dags/dwh_layer.py took 0.037 seconds
[2026-05-16T12:12:33.191+0000] {processor.py:161} INFO - Started process (PID=14102) to work on /opt/airflow/dags/dwh_layer.py
[2026-05-16T12:12:33.192+0000] {processor.py:830} INFO - Processing file /opt/airflow/dags/dwh_layer.py for tasks to queue
[2026-05-16T12:12:33.193+0000] {logging_mixin.py:188} INFO - [2026-05-16T12:12:33.192+0000] {dagbag.py:545} INFO - Filling up the DagBag from /opt/airflow/dags/dwh_layer.py
[2026-05-16T12:12:33.201+0000] {processor.py:840} INFO - DAG(s) 'dwh_modeling_dag' retrieved from /opt/airflow/dags/dwh_layer.py
[2026-05-16T12:12:33.218+0000] {logging_mixin.py:188} INFO - [2026-05-16T12:12:33.217+0000] {dag.py:3089} INFO - Sync 1 DAGs
[2026-05-16T12:12:33.225+0000] {logging_mixin.py:188} INFO - [2026-05-16T12:12:33.225+0000] {dag.py:3947} INFO - Setting next_dagrun for dwh_modeling_dag to None, run_after=None
[2026-05-16T12:12:33.232+0000] {processor.py:183} INFO - Processing /opt/airflow/dags/dwh_layer.py took 0.054 seconds
[2026-05-16T12:13:03.811+0000] {processor.py:161} INFO - Started process (PID=14163) to work on /opt/airflow/dags/dwh_layer.py
[2026-05-16T12:13:03.812+0000] {processor.py:830} INFO - Processing file /opt/airflow/dags/dwh_layer.py for tasks to queue
[2026-05-16T12:13:03.813+0000] {logging_mixin.py:188} INFO - [2026-05-16T12:13:03.813+0000] {dagbag.py:545} INFO - Filling up the DagBag from /opt/airflow/dags/dwh_layer.py
[2026-05-16T12:13:03.821+0000] {processor.py:840} INFO - DAG(s) 'dwh_modeling_dag' retrieved from /opt/airflow/dags/dwh_layer.py
[2026-05-16T12:13:03.833+0000] {logging_mixin.py:188} INFO - [2026-05-16T12:13:03.833+0000] {dag.py:3089} INFO - Sync 1 DAGs
[2026-05-16T12:13:03.840+0000] {logging_mixin.py:188} INFO - [2026-05-16T12:13:03.840+0000] {dag.py:3947} INFO - Setting next_dagrun for dwh_modeling_dag to None, run_after=None
[2026-05-16T12:13:03.848+0000] {processor.py:183} INFO - Processing /opt/airflow/dags/dwh_layer.py took 0.043 seconds
[2026-05-16T12:13:34.481+0000] {processor.py:161} INFO - Started process (PID=14225) to work on /opt/airflow/dags/dwh_layer.py
[2026-05-16T12:13:34.483+0000] {processor.py:830} INFO - Processing file /opt/airflow/dags/dwh_layer.py for tasks to queue
[2026-05-16T12:13:34.484+0000] {logging_mixin.py:188} INFO - [2026-05-16T12:13:34.484+0000] {dagbag.py:545} INFO - Filling up the DagBag from /opt/airflow/dags/dwh_layer.py
[2026-05-16T12:13:34.489+0000] {processor.py:840} INFO - DAG(s) 'dwh_modeling_dag' retrieved from /opt/airflow/dags/dwh_layer.py
[2026-05-16T12:13:34.510+0000] {logging_mixin.py:188} INFO - [2026-05-16T12:13:34.510+0000] {dag.py:3089} INFO - Sync 1 DAGs
[2026-05-16T12:13:34.517+0000] {logging_mixin.py:188} INFO - [2026-05-16T12:13:34.517+0000] {dag.py:3947} INFO - Setting next_dagrun for dwh_modeling_dag to None, run_after=None
[2026-05-16T12:13:34.528+0000] {processor.py:183} INFO - Processing /opt/airflow/dags/dwh_layer.py took 0.055 seconds
[2026-05-16T12:14:05.013+0000] {processor.py:161} INFO - Started process (PID=14287) to work on /opt/airflow/dags/dwh_layer.py
[2026-05-16T12:14:05.015+0000] {processor.py:830} INFO - Processing file /opt/airflow/dags/dwh_layer.py for tasks to queue
[2026-05-16T12:14:05.015+0000] {logging_mixin.py:188} INFO - [2026-05-16T12:14:05.015+0000] {dagbag.py:545} INFO - Filling up the DagBag from /opt/airflow/dags/dwh_layer.py
[2026-05-16T12:14:05.025+0000] {processor.py:840} INFO - DAG(s) 'dwh_modeling_dag' retrieved from /opt/airflow/dags/dwh_layer.py
[2026-05-16T12:14:05.041+0000] {logging_mixin.py:188} INFO - [2026-05-16T12:14:05.040+0000] {dag.py:3089} INFO - Sync 1 DAGs
[2026-05-16T12:14:05.047+0000] {logging_mixin.py:188} INFO - [2026-05-16T12:14:05.047+0000] {dag.py:3947} INFO - Setting next_dagrun for dwh_modeling_dag to None, run_after=None
[2026-05-16T12:14:05.054+0000] {processor.py:183} INFO - Processing /opt/airflow/dags/dwh_layer.py took 0.048 seconds
[2026-05-16T12:14:35.628+0000] {processor.py:161} INFO - Started process (PID=14349) to work on /opt/airflow/dags/dwh_layer.py
[2026-05-16T12:14:35.629+0000] {processor.py:830} INFO - Processing file /opt/airflow/dags/dwh_layer.py for tasks to queue
[2026-05-16T12:14:35.630+0000] {logging_mixin.py:188} INFO - [2026-05-16T12:14:35.629+0000] {dagbag.py:545} INFO - Filling up the DagBag from /opt/airflow/dags/dwh_layer.py
[2026-05-16T12:14:35.636+0000] {processor.py:840} INFO - DAG(s) 'dwh_modeling_dag' retrieved from /opt/airflow/dags/dwh_layer.py
[2026-05-16T12:14:35.645+0000] {logging_mixin.py:188} INFO - [2026-05-16T12:14:35.645+0000] {dag.py:3089} INFO - Sync 1 DAGs
[2026-05-16T12:14:35.650+0000] {logging_mixin.py:188} INFO - [2026-05-16T12:14:35.650+0000] {dag.py:3947} INFO - Setting next_dagrun for dwh_modeling_dag to None, run_after=None
[2026-05-16T12:14:35.656+0000] {processor.py:183} INFO - Processing /opt/airflow/dags/dwh_layer.py took 0.033 seconds
[2026-05-16T12:15:06.282+0000] {processor.py:161} INFO - Started process (PID=14411) to work on /opt/airflow/dags/dwh_layer.py
[2026-05-16T12:15:06.283+0000] {processor.py:830} INFO - Processing file /opt/airflow/dags/dwh_layer.py for tasks to queue
[2026-05-16T12:15:06.284+0000] {logging_mixin.py:188} INFO - [2026-05-16T12:15:06.284+0000] {dagbag.py:545} INFO - Filling up the DagBag from /opt/airflow/dags/dwh_layer.py
[2026-05-16T12:15:06.289+0000] {processor.py:840} INFO - DAG(s) 'dwh_modeling_dag' retrieved from /opt/airflow/dags/dwh_layer.py
[2026-05-16T12:15:06.302+0000] {logging_mixin.py:188} INFO - [2026-05-16T12:15:06.302+0000] {dag.py:3089} INFO - Sync 1 DAGs
[2026-05-16T12:15:06.308+0000] {logging_mixin.py:188} INFO - [2026-05-16T12:15:06.308+0000] {dag.py:3947} INFO - Setting next_dagrun for dwh_modeling_dag to None, run_after=None
[2026-05-16T12:15:06.315+0000] {processor.py:183} INFO - Processing /opt/airflow/dags/dwh_layer.py took 0.037 seconds
[2026-05-16T12:15:37.074+0000] {processor.py:161} INFO - Started process (PID=14472) to work on /opt/airflow/dags/dwh_layer.py
[2026-05-16T12:15:37.075+0000] {processor.py:830} INFO - Processing file /opt/airflow/dags/dwh_layer.py for tasks to queue
[2026-05-16T12:15:37.076+0000] {logging_mixin.py:188} INFO - [2026-05-16T12:15:37.076+0000] {dagbag.py:545} INFO - Filling up the DagBag from /opt/airflow/dags/dwh_layer.py
[2026-05-16T12:15:37.080+0000] {processor.py:840} INFO - DAG(s) 'dwh_modeling_dag' retrieved from /opt/airflow/dags/dwh_layer.py
[2026-05-16T12:15:37.092+0000] {logging_mixin.py:188} INFO - [2026-05-16T12:15:37.092+0000] {dag.py:3089} INFO - Sync 1 DAGs
[2026-05-16T12:15:37.098+0000] {logging_mixin.py:188} INFO - [2026-05-16T12:15:37.098+0000] {dag.py:3947} INFO - Setting next_dagrun for dwh_modeling_dag to None, run_after=None
[2026-05-16T12:15:37.105+0000] {processor.py:183} INFO - Processing /opt/airflow/dags/dwh_layer.py took 0.036 seconds
[2026-05-16T12:16:07.869+0000] {processor.py:161} INFO - Started process (PID=14534) to work on /opt/airflow/dags/dwh_layer.py
[2026-05-16T12:16:07.871+0000] {processor.py:830} INFO - Processing file /opt/airflow/dags/dwh_layer.py for tasks to queue
[2026-05-16T12:16:07.871+0000] {logging_mixin.py:188} INFO - [2026-05-16T12:16:07.871+0000] {dagbag.py:545} INFO - Filling up the DagBag from /opt/airflow/dags/dwh_layer.py
[2026-05-16T12:16:07.879+0000] {processor.py:840} INFO - DAG(s) 'dwh_modeling_dag' retrieved from /opt/airflow/dags/dwh_layer.py
[2026-05-16T12:16:07.895+0000] {logging_mixin.py:188} INFO - [2026-05-16T12:16:07.895+0000] {dag.py:3089} INFO - Sync 1 DAGs
[2026-05-16T12:16:07.903+0000] {logging_mixin.py:188} INFO - [2026-05-16T12:16:07.903+0000] {dag.py:3947} INFO - Setting next_dagrun for dwh_modeling_dag to None, run_after=None
[2026-05-16T12:16:07.910+0000] {processor.py:183} INFO - Processing /opt/airflow/dags/dwh_layer.py took 0.048 seconds
[2026-05-16T12:16:38.252+0000] {processor.py:161} INFO - Started process (PID=14595) to work on /opt/airflow/dags/dwh_layer.py
[2026-05-16T12:16:38.253+0000] {processor.py:830} INFO - Processing file /opt/airflow/dags/dwh_layer.py for tasks to queue
[2026-05-16T12:16:38.253+0000] {logging_mixin.py:188} INFO - [2026-05-16T12:16:38.253+0000] {dagbag.py:545} INFO - Filling up the DagBag from /opt/airflow/dags/dwh_layer.py
[2026-05-16T12:16:38.261+0000] {processor.py:840} INFO - DAG(s) 'dwh_modeling_dag' retrieved from /opt/airflow/dags/dwh_layer.py
[2026-05-16T12:16:38.351+0000] {logging_mixin.py:188} INFO - [2026-05-16T12:16:38.351+0000] {dag.py:3089} INFO - Sync 1 DAGs
[2026-05-16T12:16:38.355+0000] {logging_mixin.py:188} INFO - [2026-05-16T12:16:38.355+0000] {dag.py:3947} INFO - Setting next_dagrun for dwh_modeling_dag to None, run_after=None
[2026-05-16T12:16:38.359+0000] {processor.py:183} INFO - Processing /opt/airflow/dags/dwh_layer.py took 0.115 seconds
[2026-05-16T12:17:09.165+0000] {processor.py:161} INFO - Started process (PID=14656) to work on /opt/airflow/dags/dwh_layer.py
[2026-05-16T12:17:09.167+0000] {processor.py:830} INFO - Processing file /opt/airflow/dags/dwh_layer.py for tasks to queue
[2026-05-16T12:17:09.168+0000] {logging_mixin.py:188} INFO - [2026-05-16T12:17:09.167+0000] {dagbag.py:545} INFO - Filling up the DagBag from /opt/airflow/dags/dwh_layer.py
[2026-05-16T12:17:09.174+0000] {processor.py:840} INFO - DAG(s) 'dwh_modeling_dag' retrieved from /opt/airflow/dags/dwh_layer.py
[2026-05-16T12:17:09.186+0000] {logging_mixin.py:188} INFO - [2026-05-16T12:17:09.186+0000] {dag.py:3089} INFO - Sync 1 DAGs
[2026-05-16T12:17:09.192+0000] {logging_mixin.py:188} INFO - [2026-05-16T12:17:09.192+0000] {dag.py:3947} INFO - Setting next_dagrun for dwh_modeling_dag to None, run_after=None
[2026-05-16T12:17:09.199+0000] {processor.py:183} INFO - Processing /opt/airflow/dags/dwh_layer.py took 0.039 seconds
[2026-05-16T12:17:39.660+0000] {processor.py:161} INFO - Started process (PID=14718) to work on /opt/airflow/dags/dwh_layer.py
[2026-05-16T12:17:39.661+0000] {processor.py:830} INFO - Processing file /opt/airflow/dags/dwh_layer.py for tasks to queue
[2026-05-16T12:17:39.662+0000] {logging_mixin.py:188} INFO - [2026-05-16T12:17:39.662+0000] {dagbag.py:545} INFO - Filling up the DagBag from /opt/airflow/dags/dwh_layer.py
[2026-05-16T12:17:39.667+0000] {processor.py:840} INFO - DAG(s) 'dwh_modeling_dag' retrieved from /opt/airflow/dags/dwh_layer.py
[2026-05-16T12:17:39.680+0000] {logging_mixin.py:188} INFO - [2026-05-16T12:17:39.680+0000] {dag.py:3089} INFO - Sync 1 DAGs
[2026-05-16T12:17:39.687+0000] {logging_mixin.py:188} INFO - [2026-05-16T12:17:39.687+0000] {dag.py:3947} INFO - Setting next_dagrun for dwh_modeling_dag to None, run_after=None
[2026-05-16T12:17:39.694+0000] {processor.py:183} INFO - Processing /opt/airflow/dags/dwh_layer.py took 0.045 seconds
[2026-05-16T12:18:10.253+0000] {processor.py:161} INFO - Started process (PID=14780) to work on /opt/airflow/dags/dwh_layer.py
[2026-05-16T12:18:10.255+0000] {processor.py:830} INFO - Processing file /opt/airflow/dags/dwh_layer.py for tasks to queue
[2026-05-16T12:18:10.256+0000] {logging_mixin.py:188} INFO - [2026-05-16T12:18:10.256+0000] {dagbag.py:545} INFO - Filling up the DagBag from /opt/airflow/dags/dwh_layer.py
[2026-05-16T12:18:10.262+0000] {processor.py:840} INFO - DAG(s) 'dwh_modeling_dag' retrieved from /opt/airflow/dags/dwh_layer.py
[2026-05-16T12:18:10.277+0000] {logging_mixin.py:188} INFO - [2026-05-16T12:18:10.277+0000] {dag.py:3089} INFO - Sync 1 DAGs
[2026-05-16T12:18:10.283+0000] {logging_mixin.py:188} INFO - [2026-05-16T12:18:10.283+0000] {dag.py:3947} INFO - Setting next_dagrun for dwh_modeling_dag to None, run_after=None
[2026-05-16T12:18:10.291+0000] {processor.py:183} INFO - Processing /opt/airflow/dags/dwh_layer.py took 0.044 seconds
[2026-05-16T12:18:40.866+0000] {processor.py:161} INFO - Started process (PID=14842) to work on /opt/airflow/dags/dwh_layer.py
[2026-05-16T12:18:40.870+0000] {processor.py:830} INFO - Processing file /opt/airflow/dags/dwh_layer.py for tasks to queue
[2026-05-16T12:18:40.870+0000] {logging_mixin.py:188} INFO - [2026-05-16T12:18:40.870+0000] {dagbag.py:545} INFO - Filling up the DagBag from /opt/airflow/dags/dwh_layer.py
[2026-05-16T12:18:40.880+0000] {processor.py:840} INFO - DAG(s) 'dwh_modeling_dag' retrieved from /opt/airflow/dags/dwh_layer.py
[2026-05-16T12:18:40.896+0000] {logging_mixin.py:188} INFO - [2026-05-16T12:18:40.895+0000] {dag.py:3089} INFO - Sync 1 DAGs
[2026-05-16T12:18:40.901+0000] {logging_mixin.py:188} INFO - [2026-05-16T12:18:40.901+0000] {dag.py:3947} INFO - Setting next_dagrun for dwh_modeling_dag to None, run_after=None
[2026-05-16T12:18:40.909+0000] {processor.py:183} INFO - Processing /opt/airflow/dags/dwh_layer.py took 0.056 seconds
[2026-05-16T12:19:11.501+0000] {processor.py:161} INFO - Started process (PID=14904) to work on /opt/airflow/dags/dwh_layer.py
[2026-05-16T12:19:11.502+0000] {processor.py:830} INFO - Processing file /opt/airflow/dags/dwh_layer.py for tasks to queue
[2026-05-16T12:19:11.503+0000] {logging_mixin.py:188} INFO - [2026-05-16T12:19:11.502+0000] {dagbag.py:545} INFO - Filling up the DagBag from /opt/airflow/dags/dwh_layer.py
[2026-05-16T12:19:11.510+0000] {processor.py:840} INFO - DAG(s) 'dwh_modeling_dag' retrieved from /opt/airflow/dags/dwh_layer.py
[2026-05-16T12:19:11.522+0000] {logging_mixin.py:188} INFO - [2026-05-16T12:19:11.522+0000] {dag.py:3089} INFO - Sync 1 DAGs
[2026-05-16T12:19:11.528+0000] {logging_mixin.py:188} INFO - [2026-05-16T12:19:11.528+0000] {dag.py:3947} INFO - Setting next_dagrun for dwh_modeling_dag to None, run_after=None
[2026-05-16T12:19:11.535+0000] {processor.py:183} INFO - Processing /opt/airflow/dags/dwh_layer.py took 0.041 seconds
[2026-05-16T12:19:41.954+0000] {processor.py:161} INFO - Started process (PID=14966) to work on /opt/airflow/dags/dwh_layer.py
[2026-05-16T12:19:41.955+0000] {processor.py:830} INFO - Processing file /opt/airflow/dags/dwh_layer.py for tasks to queue
[2026-05-16T12:19:41.955+0000] {logging_mixin.py:188} INFO - [2026-05-16T12:19:41.955+0000] {dagbag.py:545} INFO - Filling up the DagBag from /opt/airflow/dags/dwh_layer.py
[2026-05-16T12:19:41.960+0000] {processor.py:840} INFO - DAG(s) 'dwh_modeling_dag' retrieved from /opt/airflow/dags/dwh_layer.py
[2026-05-16T12:19:41.970+0000] {logging_mixin.py:188} INFO - [2026-05-16T12:19:41.970+0000] {dag.py:3089} INFO - Sync 1 DAGs
[2026-05-16T12:19:41.976+0000] {logging_mixin.py:188} INFO - [2026-05-16T12:19:41.976+0000] {dag.py:3947} INFO - Setting next_dagrun for dwh_modeling_dag to None, run_after=None
[2026-05-16T12:19:41.983+0000] {processor.py:183} INFO - Processing /opt/airflow/dags/dwh_layer.py took 0.033 seconds
[2026-05-16T12:20:12.515+0000] {processor.py:161} INFO - Started process (PID=15028) to work on /opt/airflow/dags/dwh_layer.py
[2026-05-16T12:20:12.517+0000] {processor.py:830} INFO - Processing file /opt/airflow/dags/dwh_layer.py for tasks to queue
[2026-05-16T12:20:12.518+0000] {logging_mixin.py:188} INFO - [2026-05-16T12:20:12.517+0000] {dagbag.py:545} INFO - Filling up the DagBag from /opt/airflow/dags/dwh_layer.py
[2026-05-16T12:20:12.526+0000] {processor.py:840} INFO - DAG(s) 'dwh_modeling_dag' retrieved from /opt/airflow/dags/dwh_layer.py
[2026-05-16T12:20:12.539+0000] {logging_mixin.py:188} INFO - [2026-05-16T12:20:12.539+0000] {dag.py:3089} INFO - Sync 1 DAGs
[2026-05-16T12:20:12.545+0000] {logging_mixin.py:188} INFO - [2026-05-16T12:20:12.545+0000] {dag.py:3947} INFO - Setting next_dagrun for dwh_modeling_dag to None, run_after=None
[2026-05-16T12:20:12.552+0000] {processor.py:183} INFO - Processing /opt/airflow/dags/dwh_layer.py took 0.044 seconds
[2026-05-16T12:20:43.027+0000] {processor.py:161} INFO - Started process (PID=15090) to work on /opt/airflow/dags/dwh_layer.py
[2026-05-16T12:20:43.028+0000] {processor.py:830} INFO - Processing file /opt/airflow/dags/dwh_layer.py for tasks to queue
[2026-05-16T12:20:43.029+0000] {logging_mixin.py:188} INFO - [2026-05-16T12:20:43.029+0000] {dagbag.py:545} INFO - Filling up the DagBag from /opt/airflow/dags/dwh_layer.py
[2026-05-16T12:20:43.035+0000] {processor.py:840} INFO - DAG(s) 'dwh_modeling_dag' retrieved from /opt/airflow/dags/dwh_layer.py
[2026-05-16T12:20:43.046+0000] {logging_mixin.py:188} INFO - [2026-05-16T12:20:43.046+0000] {dag.py:3089} INFO - Sync 1 DAGs
[2026-05-16T12:20:43.051+0000] {logging_mixin.py:188} INFO - [2026-05-16T12:20:43.051+0000] {dag.py:3947} INFO - Setting next_dagrun for dwh_modeling_dag to None, run_after=None
[2026-05-16T12:20:43.057+0000] {processor.py:183} INFO - Processing /opt/airflow/dags/dwh_layer.py took 0.035 seconds
[2026-05-16T12:21:13.585+0000] {processor.py:161} INFO - Started process (PID=15158) to work on /opt/airflow/dags/dwh_layer.py
[2026-05-16T12:21:13.586+0000] {processor.py:830} INFO - Processing file /opt/airflow/dags/dwh_layer.py for tasks to queue
[2026-05-16T12:21:13.587+0000] {logging_mixin.py:188} INFO - [2026-05-16T12:21:13.587+0000] {dagbag.py:545} INFO - Filling up the DagBag from /opt/airflow/dags/dwh_layer.py
[2026-05-16T12:21:13.594+0000] {processor.py:840} INFO - DAG(s) 'dwh_modeling_dag' retrieved from /opt/airflow/dags/dwh_layer.py
[2026-05-16T12:21:13.607+0000] {logging_mixin.py:188} INFO - [2026-05-16T12:21:13.607+0000] {dag.py:3089} INFO - Sync 1 DAGs
[2026-05-16T12:21:13.613+0000] {logging_mixin.py:188} INFO - [2026-05-16T12:21:13.613+0000] {dag.py:3947} INFO - Setting next_dagrun for dwh_modeling_dag to None, run_after=None
[2026-05-16T12:21:13.622+0000] {processor.py:183} INFO - Processing /opt/airflow/dags/dwh_layer.py took 0.043 seconds
[2026-05-16T12:21:44.094+0000] {processor.py:161} INFO - Started process (PID=15220) to work on /opt/airflow/dags/dwh_layer.py
[2026-05-16T12:21:44.096+0000] {processor.py:830} INFO - Processing file /opt/airflow/dags/dwh_layer.py for tasks to queue
[2026-05-16T12:21:44.097+0000] {logging_mixin.py:188} INFO - [2026-05-16T12:21:44.096+0000] {dagbag.py:545} INFO - Filling up the DagBag from /opt/airflow/dags/dwh_layer.py
[2026-05-16T12:21:44.103+0000] {processor.py:840} INFO - DAG(s) 'dwh_modeling_dag' retrieved from /opt/airflow/dags/dwh_layer.py
[2026-05-16T12:21:44.118+0000] {logging_mixin.py:188} INFO - [2026-05-16T12:21:44.117+0000] {dag.py:3089} INFO - Sync 1 DAGs
[2026-05-16T12:21:44.124+0000] {logging_mixin.py:188} INFO - [2026-05-16T12:21:44.124+0000] {dag.py:3947} INFO - Setting next_dagrun for dwh_modeling_dag to None, run_after=None
[2026-05-16T12:21:44.131+0000] {processor.py:183} INFO - Processing /opt/airflow/dags/dwh_layer.py took 0.044 seconds
[2026-05-16T12:22:14.552+0000] {processor.py:161} INFO - Started process (PID=15282) to work on /opt/airflow/dags/dwh_layer.py
[2026-05-16T12:22:14.552+0000] {processor.py:830} INFO - Processing file /opt/airflow/dags/dwh_layer.py for tasks to queue
[2026-05-16T12:22:14.553+0000] {logging_mixin.py:188} INFO - [2026-05-16T12:22:14.552+0000] {dagbag.py:545} INFO - Filling up the DagBag from /opt/airflow/dags/dwh_layer.py
[2026-05-16T12:22:14.556+0000] {processor.py:840} INFO - DAG(s) 'dwh_modeling_dag' retrieved from /opt/airflow/dags/dwh_layer.py
[2026-05-16T12:22:14.564+0000] {logging_mixin.py:188} INFO - [2026-05-16T12:22:14.564+0000] {dag.py:3089} INFO - Sync 1 DAGs
[2026-05-16T12:22:14.568+0000] {logging_mixin.py:188} INFO - [2026-05-16T12:22:14.568+0000] {dag.py:3947} INFO - Setting next_dagrun for dwh_modeling_dag to None, run_after=None
[2026-05-16T12:22:14.573+0000] {processor.py:183} INFO - Processing /opt/airflow/dags/dwh_layer.py took 0.024 seconds
[2026-05-16T12:22:45.120+0000] {processor.py:161} INFO - Started process (PID=15344) to work on /opt/airflow/dags/dwh_layer.py
[2026-05-16T12:22:45.122+0000] {processor.py:830} INFO - Processing file /opt/airflow/dags/dwh_layer.py for tasks to queue
[2026-05-16T12:22:45.122+0000] {logging_mixin.py:188} INFO - [2026-05-16T12:22:45.122+0000] {dagbag.py:545} INFO - Filling up the DagBag from /opt/airflow/dags/dwh_layer.py
[2026-05-16T12:22:45.127+0000] {processor.py:840} INFO - DAG(s) 'dwh_modeling_dag' retrieved from /opt/airflow/dags/dwh_layer.py
[2026-05-16T12:22:45.146+0000] {logging_mixin.py:188} INFO - [2026-05-16T12:22:45.146+0000] {dag.py:3089} INFO - Sync 1 DAGs
[2026-05-16T12:22:45.155+0000] {logging_mixin.py:188} INFO - [2026-05-16T12:22:45.155+0000] {dag.py:3947} INFO - Setting next_dagrun for dwh_modeling_dag to None, run_after=None
[2026-05-16T12:22:45.168+0000] {processor.py:183} INFO - Processing /opt/airflow/dags/dwh_layer.py took 0.055 seconds
[2026-05-16T12:23:15.625+0000] {processor.py:161} INFO - Started process (PID=15406) to work on /opt/airflow/dags/dwh_layer.py
[2026-05-16T12:23:15.626+0000] {processor.py:830} INFO - Processing file /opt/airflow/dags/dwh_layer.py for tasks to queue
[2026-05-16T12:23:15.626+0000] {logging_mixin.py:188} INFO - [2026-05-16T12:23:15.626+0000] {dagbag.py:545} INFO - Filling up the DagBag from /opt/airflow/dags/dwh_layer.py
[2026-05-16T12:23:15.634+0000] {processor.py:840} INFO - DAG(s) 'dwh_modeling_dag' retrieved from /opt/airflow/dags/dwh_layer.py
[2026-05-16T12:23:15.652+0000] {logging_mixin.py:188} INFO - [2026-05-16T12:23:15.652+0000] {dag.py:3089} INFO - Sync 1 DAGs
[2026-05-16T12:23:15.663+0000] {logging_mixin.py:188} INFO - [2026-05-16T12:23:15.663+0000] {dag.py:3947} INFO - Setting next_dagrun for dwh_modeling_dag to None, run_after=None
[2026-05-16T12:23:15.676+0000] {processor.py:183} INFO - Processing /opt/airflow/dags/dwh_layer.py took 0.057 seconds
[2026-05-16T12:23:46.254+0000] {processor.py:161} INFO - Started process (PID=15468) to work on /opt/airflow/dags/dwh_layer.py
[2026-05-16T12:23:46.256+0000] {processor.py:830} INFO - Processing file /opt/airflow/dags/dwh_layer.py for tasks to queue
[2026-05-16T12:23:46.256+0000] {logging_mixin.py:188} INFO - [2026-05-16T12:23:46.256+0000] {dagbag.py:545} INFO - Filling up the DagBag from /opt/airflow/dags/dwh_layer.py
[2026-05-16T12:23:46.263+0000] {processor.py:840} INFO - DAG(s) 'dwh_modeling_dag' retrieved from /opt/airflow/dags/dwh_layer.py
[2026-05-16T12:23:46.277+0000] {logging_mixin.py:188} INFO - [2026-05-16T12:23:46.277+0000] {dag.py:3089} INFO - Sync 1 DAGs
[2026-05-16T12:23:46.283+0000] {logging_mixin.py:188} INFO - [2026-05-16T12:23:46.283+0000] {dag.py:3947} INFO - Setting next_dagrun for dwh_modeling_dag to None, run_after=None
[2026-05-16T12:23:46.290+0000] {processor.py:183} INFO - Processing /opt/airflow/dags/dwh_layer.py took 0.042 seconds
[2026-05-16T12:24:16.782+0000] {processor.py:161} INFO - Started process (PID=15530) to work on /opt/airflow/dags/dwh_layer.py
[2026-05-16T12:24:16.783+0000] {processor.py:830} INFO - Processing file /opt/airflow/dags/dwh_layer.py for tasks to queue
[2026-05-16T12:24:16.784+0000] {logging_mixin.py:188} INFO - [2026-05-16T12:24:16.783+0000] {dagbag.py:545} INFO - Filling up the DagBag from /opt/airflow/dags/dwh_layer.py
[2026-05-16T12:24:16.791+0000] {processor.py:840} INFO - DAG(s) 'dwh_modeling_dag' retrieved from /opt/airflow/dags/dwh_layer.py
[2026-05-16T12:24:16.804+0000] {logging_mixin.py:188} INFO - [2026-05-16T12:24:16.804+0000] {dag.py:3089} INFO - Sync 1 DAGs
[2026-05-16T12:24:16.810+0000] {logging_mixin.py:188} INFO - [2026-05-16T12:24:16.810+0000] {dag.py:3947} INFO - Setting next_dagrun for dwh_modeling_dag to None, run_after=None
[2026-05-16T12:24:16.817+0000] {processor.py:183} INFO - Processing /opt/airflow/dags/dwh_layer.py took 0.042 seconds
[2026-05-16T12:24:47.303+0000] {processor.py:161} INFO - Started process (PID=15592) to work on /opt/airflow/dags/dwh_layer.py
[2026-05-16T12:24:47.304+0000] {processor.py:830} INFO - Processing file /opt/airflow/dags/dwh_layer.py for tasks to queue
[2026-05-16T12:24:47.305+0000] {logging_mixin.py:188} INFO - [2026-05-16T12:24:47.305+0000] {dagbag.py:545} INFO - Filling up the DagBag from /opt/airflow/dags/dwh_layer.py
[2026-05-16T12:24:47.318+0000] {processor.py:840} INFO - DAG(s) 'dwh_modeling_dag' retrieved from /opt/airflow/dags/dwh_layer.py
[2026-05-16T12:24:47.332+0000] {logging_mixin.py:188} INFO - [2026-05-16T12:24:47.332+0000] {dag.py:3089} INFO - Sync 1 DAGs
[2026-05-16T12:24:47.339+0000] {logging_mixin.py:188} INFO - [2026-05-16T12:24:47.339+0000] {dag.py:3947} INFO - Setting next_dagrun for dwh_modeling_dag to None, run_after=None
[2026-05-16T12:24:47.345+0000] {processor.py:183} INFO - Processing /opt/airflow/dags/dwh_layer.py took 0.048 seconds
[2026-05-16T12:25:18.129+0000] {processor.py:161} INFO - Started process (PID=15654) to work on /opt/airflow/dags/dwh_layer.py
[2026-05-16T12:25:18.130+0000] {processor.py:830} INFO - Processing file /opt/airflow/dags/dwh_layer.py for tasks to queue
[2026-05-16T12:25:18.131+0000] {logging_mixin.py:188} INFO - [2026-05-16T12:25:18.131+0000] {dagbag.py:545} INFO - Filling up the DagBag from /opt/airflow/dags/dwh_layer.py
[2026-05-16T12:25:18.137+0000] {processor.py:840} INFO - DAG(s) 'dwh_modeling_dag' retrieved from /opt/airflow/dags/dwh_layer.py
[2026-05-16T12:25:18.152+0000] {logging_mixin.py:188} INFO - [2026-05-16T12:25:18.151+0000] {dag.py:3089} INFO - Sync 1 DAGs
[2026-05-16T12:25:18.159+0000] {logging_mixin.py:188} INFO - [2026-05-16T12:25:18.159+0000] {dag.py:3947} INFO - Setting next_dagrun for dwh_modeling_dag to None, run_after=None
[2026-05-16T12:25:18.168+0000] {processor.py:183} INFO - Processing /opt/airflow/dags/dwh_layer.py took 0.047 seconds
[2026-05-16T12:25:48.760+0000] {processor.py:161} INFO - Started process (PID=15717) to work on /opt/airflow/dags/dwh_layer.py
[2026-05-16T12:25:48.761+0000] {processor.py:830} INFO - Processing file /opt/airflow/dags/dwh_layer.py for tasks to queue
[2026-05-16T12:25:48.761+0000] {logging_mixin.py:188} INFO - [2026-05-16T12:25:48.761+0000] {dagbag.py:545} INFO - Filling up the DagBag from /opt/airflow/dags/dwh_layer.py
[2026-05-16T12:25:48.767+0000] {processor.py:840} INFO - DAG(s) 'dwh_modeling_dag' retrieved from /opt/airflow/dags/dwh_layer.py
[2026-05-16T12:25:48.780+0000] {logging_mixin.py:188} INFO - [2026-05-16T12:25:48.780+0000] {dag.py:3089} INFO - Sync 1 DAGs
[2026-05-16T12:25:48.787+0000] {logging_mixin.py:188} INFO - [2026-05-16T12:25:48.787+0000] {dag.py:3947} INFO - Setting next_dagrun for dwh_modeling_dag to None, run_after=None
[2026-05-16T12:25:48.795+0000] {processor.py:183} INFO - Processing /opt/airflow/dags/dwh_layer.py took 0.040 seconds
[2026-05-16T12:26:19.209+0000] {processor.py:161} INFO - Started process (PID=15779) to work on /opt/airflow/dags/dwh_layer.py
[2026-05-16T12:26:19.210+0000] {processor.py:830} INFO - Processing file /opt/airflow/dags/dwh_layer.py for tasks to queue
[2026-05-16T12:26:19.211+0000] {logging_mixin.py:188} INFO - [2026-05-16T12:26:19.210+0000] {dagbag.py:545} INFO - Filling up the DagBag from /opt/airflow/dags/dwh_layer.py
[2026-05-16T12:26:19.218+0000] {processor.py:840} INFO - DAG(s) 'dwh_modeling_dag' retrieved from /opt/airflow/dags/dwh_layer.py
[2026-05-16T12:26:19.233+0000] {logging_mixin.py:188} INFO - [2026-05-16T12:26:19.233+0000] {dag.py:3089} INFO - Sync 1 DAGs
[2026-05-16T12:26:19.238+0000] {logging_mixin.py:188} INFO - [2026-05-16T12:26:19.238+0000] {dag.py:3947} INFO - Setting next_dagrun for dwh_modeling_dag to None, run_after=None
[2026-05-16T12:26:19.247+0000] {processor.py:183} INFO - Processing /opt/airflow/dags/dwh_layer.py took 0.044 seconds
[2026-05-16T12:26:49.883+0000] {processor.py:161} INFO - Started process (PID=15841) to work on /opt/airflow/dags/dwh_layer.py
[2026-05-16T12:26:49.884+0000] {processor.py:830} INFO - Processing file /opt/airflow/dags/dwh_layer.py for tasks to queue
[2026-05-16T12:26:49.885+0000] {logging_mixin.py:188} INFO - [2026-05-16T12:26:49.885+0000] {dagbag.py:545} INFO - Filling up the DagBag from /opt/airflow/dags/dwh_layer.py
[2026-05-16T12:26:49.895+0000] {processor.py:840} INFO - DAG(s) 'dwh_modeling_dag' retrieved from /opt/airflow/dags/dwh_layer.py
[2026-05-16T12:26:49.908+0000] {logging_mixin.py:188} INFO - [2026-05-16T12:26:49.907+0000] {dag.py:3089} INFO - Sync 1 DAGs
[2026-05-16T12:26:49.914+0000] {logging_mixin.py:188} INFO - [2026-05-16T12:26:49.914+0000] {dag.py:3947} INFO - Setting next_dagrun for dwh_modeling_dag to None, run_after=None
[2026-05-16T12:26:49.921+0000] {processor.py:183} INFO - Processing /opt/airflow/dags/dwh_layer.py took 0.044 seconds
[2026-05-16T12:27:20.412+0000] {processor.py:161} INFO - Started process (PID=15903) to work on /opt/airflow/dags/dwh_layer.py
[2026-05-16T12:27:20.413+0000] {processor.py:830} INFO - Processing file /opt/airflow/dags/dwh_layer.py for tasks to queue
[2026-05-16T12:27:20.413+0000] {logging_mixin.py:188} INFO - [2026-05-16T12:27:20.413+0000] {dagbag.py:545} INFO - Filling up the DagBag from /opt/airflow/dags/dwh_layer.py
[2026-05-16T12:27:20.420+0000] {processor.py:840} INFO - DAG(s) 'dwh_modeling_dag' retrieved from /opt/airflow/dags/dwh_layer.py
[2026-05-16T12:27:20.431+0000] {logging_mixin.py:188} INFO - [2026-05-16T12:27:20.431+0000] {dag.py:3089} INFO - Sync 1 DAGs
[2026-05-16T12:27:20.437+0000] {logging_mixin.py:188} INFO - [2026-05-16T12:27:20.437+0000] {dag.py:3947} INFO - Setting next_dagrun for dwh_modeling_dag to None, run_after=None
[2026-05-16T12:27:20.444+0000] {processor.py:183} INFO - Processing /opt/airflow/dags/dwh_layer.py took 0.038 seconds
[2026-05-16T12:27:50.845+0000] {processor.py:161} INFO - Started process (PID=15965) to work on /opt/airflow/dags/dwh_layer.py
[2026-05-16T12:27:50.846+0000] {processor.py:830} INFO - Processing file /opt/airflow/dags/dwh_layer.py for tasks to queue
[2026-05-16T12:27:50.847+0000] {logging_mixin.py:188} INFO - [2026-05-16T12:27:50.847+0000] {dagbag.py:545} INFO - Filling up the DagBag from /opt/airflow/dags/dwh_layer.py
[2026-05-16T12:27:50.852+0000] {processor.py:840} INFO - DAG(s) 'dwh_modeling_dag' retrieved from /opt/airflow/dags/dwh_layer.py
[2026-05-16T12:27:50.863+0000] {logging_mixin.py:188} INFO - [2026-05-16T12:27:50.862+0000] {dag.py:3089} INFO - Sync 1 DAGs
[2026-05-16T12:27:50.868+0000] {logging_mixin.py:188} INFO - [2026-05-16T12:27:50.868+0000] {dag.py:3947} INFO - Setting next_dagrun for dwh_modeling_dag to None, run_after=None
[2026-05-16T12:27:50.875+0000] {processor.py:183} INFO - Processing /opt/airflow/dags/dwh_layer.py took 0.034 seconds
[2026-05-16T12:28:21.350+0000] {processor.py:161} INFO - Started process (PID=16027) to work on /opt/airflow/dags/dwh_layer.py
[2026-05-16T12:28:21.351+0000] {processor.py:830} INFO - Processing file /opt/airflow/dags/dwh_layer.py for tasks to queue
[2026-05-16T12:28:21.352+0000] {logging_mixin.py:188} INFO - [2026-05-16T12:28:21.351+0000] {dagbag.py:545} INFO - Filling up the DagBag from /opt/airflow/dags/dwh_layer.py
[2026-05-16T12:28:21.360+0000] {processor.py:840} INFO - DAG(s) 'dwh_modeling_dag' retrieved from /opt/airflow/dags/dwh_layer.py
[2026-05-16T12:28:21.372+0000] {logging_mixin.py:188} INFO - [2026-05-16T12:28:21.372+0000] {dag.py:3089} INFO - Sync 1 DAGs
[2026-05-16T12:28:21.378+0000] {logging_mixin.py:188} INFO - [2026-05-16T12:28:21.378+0000] {dag.py:3947} INFO - Setting next_dagrun for dwh_modeling_dag to None, run_after=None
[2026-05-16T12:28:21.387+0000] {processor.py:183} INFO - Processing /opt/airflow/dags/dwh_layer.py took 0.044 seconds
[2026-05-16T12:28:51.985+0000] {processor.py:161} INFO - Started process (PID=16089) to work on /opt/airflow/dags/dwh_layer.py
[2026-05-16T12:28:51.986+0000] {processor.py:830} INFO - Processing file /opt/airflow/dags/dwh_layer.py for tasks to queue
[2026-05-16T12:28:51.987+0000] {logging_mixin.py:188} INFO - [2026-05-16T12:28:51.987+0000] {dagbag.py:545} INFO - Filling up the DagBag from /opt/airflow/dags/dwh_layer.py
[2026-05-16T12:28:51.995+0000] {processor.py:840} INFO - DAG(s) 'dwh_modeling_dag' retrieved from /opt/airflow/dags/dwh_layer.py
[2026-05-16T12:28:52.009+0000] {logging_mixin.py:188} INFO - [2026-05-16T12:28:52.009+0000] {dag.py:3089} INFO - Sync 1 DAGs
[2026-05-16T12:28:52.015+0000] {logging_mixin.py:188} INFO - [2026-05-16T12:28:52.015+0000] {dag.py:3947} INFO - Setting next_dagrun for dwh_modeling_dag to None, run_after=None
[2026-05-16T12:28:52.024+0000] {processor.py:183} INFO - Processing /opt/airflow/dags/dwh_layer.py took 0.048 seconds
[2026-05-16T12:29:22.479+0000] {processor.py:161} INFO - Started process (PID=16151) to work on /opt/airflow/dags/dwh_layer.py
[2026-05-16T12:29:22.480+0000] {processor.py:830} INFO - Processing file /opt/airflow/dags/dwh_layer.py for tasks to queue
[2026-05-16T12:29:22.481+0000] {logging_mixin.py:188} INFO - [2026-05-16T12:29:22.481+0000] {dagbag.py:545} INFO - Filling up the DagBag from /opt/airflow/dags/dwh_layer.py
[2026-05-16T12:29:22.490+0000] {processor.py:840} INFO - DAG(s) 'dwh_modeling_dag' retrieved from /opt/airflow/dags/dwh_layer.py
[2026-05-16T12:29:22.503+0000] {logging_mixin.py:188} INFO - [2026-05-16T12:29:22.503+0000] {dag.py:3089} INFO - Sync 1 DAGs
[2026-05-16T12:29:22.511+0000] {logging_mixin.py:188} INFO - [2026-05-16T12:29:22.511+0000] {dag.py:3947} INFO - Setting next_dagrun for dwh_modeling_dag to None, run_after=None
[2026-05-16T12:29:22.520+0000] {processor.py:183} INFO - Processing /opt/airflow/dags/dwh_layer.py took 0.049 seconds
[2026-05-16T12:29:53.029+0000] {processor.py:161} INFO - Started process (PID=16213) to work on /opt/airflow/dags/dwh_layer.py
[2026-05-16T12:29:53.030+0000] {processor.py:830} INFO - Processing file /opt/airflow/dags/dwh_layer.py for tasks to queue
[2026-05-16T12:29:53.031+0000] {logging_mixin.py:188} INFO - [2026-05-16T12:29:53.031+0000] {dagbag.py:545} INFO - Filling up the DagBag from /opt/airflow/dags/dwh_layer.py
[2026-05-16T12:29:53.040+0000] {processor.py:840} INFO - DAG(s) 'dwh_modeling_dag' retrieved from /opt/airflow/dags/dwh_layer.py
[2026-05-16T12:29:53.052+0000] {logging_mixin.py:188} INFO - [2026-05-16T12:29:53.052+0000] {dag.py:3089} INFO - Sync 1 DAGs
[2026-05-16T12:29:53.058+0000] {logging_mixin.py:188} INFO - [2026-05-16T12:29:53.058+0000] {dag.py:3947} INFO - Setting next_dagrun for dwh_modeling_dag to None, run_after=None
[2026-05-16T12:29:53.066+0000] {processor.py:183} INFO - Processing /opt/airflow/dags/dwh_layer.py took 0.044 seconds
[2026-05-16T12:31:46.403+0000] {processor.py:161} INFO - Started process (PID=16223) to work on /opt/airflow/dags/dwh_layer.py
[2026-05-16T12:31:46.404+0000] {processor.py:830} INFO - Processing file /opt/airflow/dags/dwh_layer.py for tasks to queue
[2026-05-16T12:31:46.404+0000] {logging_mixin.py:188} INFO - [2026-05-16T12:31:46.404+0000] {dagbag.py:545} INFO - Filling up the DagBag from /opt/airflow/dags/dwh_layer.py
[2026-05-16T12:31:46.408+0000] {processor.py:840} INFO - DAG(s) 'dwh_modeling_dag' retrieved from /opt/airflow/dags/dwh_layer.py
[2026-05-16T12:31:46.417+0000] {logging_mixin.py:188} INFO - [2026-05-16T12:31:46.416+0000] {dag.py:3089} INFO - Sync 1 DAGs
[2026-05-16T12:31:46.421+0000] {logging_mixin.py:188} INFO - [2026-05-16T12:31:46.421+0000] {dag.py:3947} INFO - Setting next_dagrun for dwh_modeling_dag to None, run_after=None
[2026-05-16T12:31:46.427+0000] {processor.py:183} INFO - Processing /opt/airflow/dags/dwh_layer.py took 0.026 seconds
[2026-05-16T12:32:16.733+0000] {processor.py:161} INFO - Started process (PID=16285) to work on /opt/airflow/dags/dwh_layer.py
[2026-05-16T12:32:16.733+0000] {processor.py:830} INFO - Processing file /opt/airflow/dags/dwh_layer.py for tasks to queue
[2026-05-16T12:32:16.733+0000] {logging_mixin.py:188} INFO - [2026-05-16T12:32:16.733+0000] {dagbag.py:545} INFO - Filling up the DagBag from /opt/airflow/dags/dwh_layer.py
[2026-05-16T12:32:16.736+0000] {processor.py:840} INFO - DAG(s) 'dwh_modeling_dag' retrieved from /opt/airflow/dags/dwh_layer.py
[2026-05-16T12:32:16.746+0000] {logging_mixin.py:188} INFO - [2026-05-16T12:32:16.746+0000] {dag.py:3089} INFO - Sync 1 DAGs
[2026-05-16T12:32:16.751+0000] {logging_mixin.py:188} INFO - [2026-05-16T12:32:16.751+0000] {dag.py:3947} INFO - Setting next_dagrun for dwh_modeling_dag to None, run_after=None
[2026-05-16T12:32:16.758+0000] {processor.py:183} INFO - Processing /opt/airflow/dags/dwh_layer.py took 0.030 seconds
[2026-05-16T13:03:45.002+0000] {processor.py:161} INFO - Started process (PID=16347) to work on /opt/airflow/dags/dwh_layer.py
[2026-05-16T13:03:45.002+0000] {processor.py:830} INFO - Processing file /opt/airflow/dags/dwh_layer.py for tasks to queue
[2026-05-16T13:03:45.003+0000] {logging_mixin.py:188} INFO - [2026-05-16T13:03:45.003+0000] {dagbag.py:545} INFO - Filling up the DagBag from /opt/airflow/dags/dwh_layer.py
[2026-05-16T13:03:45.009+0000] {processor.py:840} INFO - DAG(s) 'dwh_modeling_dag' retrieved from /opt/airflow/dags/dwh_layer.py
[2026-05-16T13:03:45.025+0000] {logging_mixin.py:188} INFO - [2026-05-16T13:03:45.025+0000] {dag.py:3089} INFO - Sync 1 DAGs
[2026-05-16T13:03:45.034+0000] {logging_mixin.py:188} INFO - [2026-05-16T13:03:45.034+0000] {dag.py:3947} INFO - Setting next_dagrun for dwh_modeling_dag to None, run_after=None
[2026-05-16T13:03:45.046+0000] {processor.py:183} INFO - Processing /opt/airflow/dags/dwh_layer.py took 0.050 seconds
[2026-05-16T13:04:15.396+0000] {processor.py:161} INFO - Started process (PID=16409) to work on /opt/airflow/dags/dwh_layer.py
[2026-05-16T13:04:15.396+0000] {processor.py:830} INFO - Processing file /opt/airflow/dags/dwh_layer.py for tasks to queue
[2026-05-16T13:04:15.396+0000] {logging_mixin.py:188} INFO - [2026-05-16T13:04:15.396+0000] {dagbag.py:545} INFO - Filling up the DagBag from /opt/airflow/dags/dwh_layer.py
[2026-05-16T13:04:15.399+0000] {processor.py:840} INFO - DAG(s) 'dwh_modeling_dag' retrieved from /opt/airflow/dags/dwh_layer.py
[2026-05-16T13:04:15.407+0000] {logging_mixin.py:188} INFO - [2026-05-16T13:04:15.407+0000] {dag.py:3089} INFO - Sync 1 DAGs
[2026-05-16T13:04:15.411+0000] {logging_mixin.py:188} INFO - [2026-05-16T13:04:15.411+0000] {dag.py:3947} INFO - Setting next_dagrun for dwh_modeling_dag to None, run_after=None
[2026-05-16T13:04:15.416+0000] {processor.py:183} INFO - Processing /opt/airflow/dags/dwh_layer.py took 0.023 seconds
[2026-05-16T13:04:46.043+0000] {processor.py:161} INFO - Started process (PID=16471) to work on /opt/airflow/dags/dwh_layer.py
[2026-05-16T13:04:46.044+0000] {processor.py:830} INFO - Processing file /opt/airflow/dags/dwh_layer.py for tasks to queue
[2026-05-16T13:04:46.044+0000] {logging_mixin.py:188} INFO - [2026-05-16T13:04:46.044+0000] {dagbag.py:545} INFO - Filling up the DagBag from /opt/airflow/dags/dwh_layer.py
[2026-05-16T13:04:46.047+0000] {processor.py:840} INFO - DAG(s) 'dwh_modeling_dag' retrieved from /opt/airflow/dags/dwh_layer.py
[2026-05-16T13:04:46.059+0000] {logging_mixin.py:188} INFO - [2026-05-16T13:04:46.059+0000] {dag.py:3089} INFO - Sync 1 DAGs
[2026-05-16T13:04:46.063+0000] {logging_mixin.py:188} INFO - [2026-05-16T13:04:46.063+0000] {dag.py:3947} INFO - Setting next_dagrun for dwh_modeling_dag to None, run_after=None
[2026-05-16T13:04:46.068+0000] {processor.py:183} INFO - Processing /opt/airflow/dags/dwh_layer.py took 0.028 seconds
[2026-05-16T13:05:16.735+0000] {processor.py:161} INFO - Started process (PID=16533) to work on /opt/airflow/dags/dwh_layer.py
[2026-05-16T13:05:16.736+0000] {processor.py:830} INFO - Processing file /opt/airflow/dags/dwh_layer.py for tasks to queue
[2026-05-16T13:05:16.736+0000] {logging_mixin.py:188} INFO - [2026-05-16T13:05:16.736+0000] {dagbag.py:545} INFO - Filling up the DagBag from /opt/airflow/dags/dwh_layer.py
[2026-05-16T13:05:16.739+0000] {processor.py:840} INFO - DAG(s) 'dwh_modeling_dag' retrieved from /opt/airflow/dags/dwh_layer.py
[2026-05-16T13:05:16.746+0000] {logging_mixin.py:188} INFO - [2026-05-16T13:05:16.746+0000] {dag.py:3089} INFO - Sync 1 DAGs
[2026-05-16T13:05:16.750+0000] {logging_mixin.py:188} INFO - [2026-05-16T13:05:16.750+0000] {dag.py:3947} INFO - Setting next_dagrun for dwh_modeling_dag to None, run_after=None
[2026-05-16T13:05:16.757+0000] {processor.py:183} INFO - Processing /opt/airflow/dags/dwh_layer.py took 0.024 seconds
[2026-05-16T13:06:32.901+0000] {processor.py:161} INFO - Started process (PID=16564) to work on /opt/airflow/dags/dwh_layer.py
[2026-05-16T13:06:32.901+0000] {processor.py:830} INFO - Processing file /opt/airflow/dags/dwh_layer.py for tasks to queue
[2026-05-16T13:06:32.902+0000] {logging_mixin.py:188} INFO - [2026-05-16T13:06:32.902+0000] {dagbag.py:545} INFO - Filling up the DagBag from /opt/airflow/dags/dwh_layer.py
[2026-05-16T13:06:32.905+0000] {processor.py:840} INFO - DAG(s) 'dwh_modeling_dag' retrieved from /opt/airflow/dags/dwh_layer.py
[2026-05-16T13:06:32.915+0000] {logging_mixin.py:188} INFO - [2026-05-16T13:06:32.915+0000] {dag.py:3089} INFO - Sync 1 DAGs
[2026-05-16T13:06:32.921+0000] {logging_mixin.py:188} INFO - [2026-05-16T13:06:32.921+0000] {dag.py:3947} INFO - Setting next_dagrun for dwh_modeling_dag to None, run_after=None
[2026-05-16T13:06:32.927+0000] {processor.py:183} INFO - Processing /opt/airflow/dags/dwh_layer.py took 0.029 seconds
[2026-05-16T13:07:03.372+0000] {processor.py:161} INFO - Started process (PID=16626) to work on /opt/airflow/dags/dwh_layer.py
[2026-05-16T13:07:03.372+0000] {processor.py:830} INFO - Processing file /opt/airflow/dags/dwh_layer.py for tasks to queue
[2026-05-16T13:07:03.372+0000] {logging_mixin.py:188} INFO - [2026-05-16T13:07:03.372+0000] {dagbag.py:545} INFO - Filling up the DagBag from /opt/airflow/dags/dwh_layer.py
[2026-05-16T13:07:03.375+0000] {processor.py:840} INFO - DAG(s) 'dwh_modeling_dag' retrieved from /opt/airflow/dags/dwh_layer.py
[2026-05-16T13:07:03.383+0000] {logging_mixin.py:188} INFO - [2026-05-16T13:07:03.383+0000] {dag.py:3089} INFO - Sync 1 DAGs
[2026-05-16T13:07:03.387+0000] {logging_mixin.py:188} INFO - [2026-05-16T13:07:03.387+0000] {dag.py:3947} INFO - Setting next_dagrun for dwh_modeling_dag to None, run_after=None
[2026-05-16T13:07:03.393+0000] {processor.py:183} INFO - Processing /opt/airflow/dags/dwh_layer.py took 0.024 seconds
[2026-05-16T13:07:33.795+0000] {processor.py:161} INFO - Started process (PID=16688) to work on /opt/airflow/dags/dwh_layer.py
[2026-05-16T13:07:33.796+0000] {processor.py:830} INFO - Processing file /opt/airflow/dags/dwh_layer.py for tasks to queue
[2026-05-16T13:07:33.796+0000] {logging_mixin.py:188} INFO - [2026-05-16T13:07:33.796+0000] {dagbag.py:545} INFO - Filling up the DagBag from /opt/airflow/dags/dwh_layer.py
[2026-05-16T13:07:33.800+0000] {processor.py:840} INFO - DAG(s) 'dwh_modeling_dag' retrieved from /opt/airflow/dags/dwh_layer.py
[2026-05-16T13:07:33.809+0000] {logging_mixin.py:188} INFO - [2026-05-16T13:07:33.809+0000] {dag.py:3089} INFO - Sync 1 DAGs
[2026-05-16T13:07:33.814+0000] {logging_mixin.py:188} INFO - [2026-05-16T13:07:33.814+0000] {dag.py:3947} INFO - Setting next_dagrun for dwh_modeling_dag to None, run_after=None
[2026-05-16T13:07:33.821+0000] {processor.py:183} INFO - Processing /opt/airflow/dags/dwh_layer.py took 0.028 seconds
[2026-05-16T13:08:04.238+0000] {processor.py:161} INFO - Started process (PID=16750) to work on /opt/airflow/dags/dwh_layer.py
[2026-05-16T13:08:04.238+0000] {processor.py:830} INFO - Processing file /opt/airflow/dags/dwh_layer.py for tasks to queue
[2026-05-16T13:08:04.239+0000] {logging_mixin.py:188} INFO - [2026-05-16T13:08:04.238+0000] {dagbag.py:545} INFO - Filling up the DagBag from /opt/airflow/dags/dwh_layer.py
[2026-05-16T13:08:04.242+0000] {processor.py:840} INFO - DAG(s) 'dwh_modeling_dag' retrieved from /opt/airflow/dags/dwh_layer.py
[2026-05-16T13:08:04.250+0000] {logging_mixin.py:188} INFO - [2026-05-16T13:08:04.250+0000] {dag.py:3089} INFO - Sync 1 DAGs
[2026-05-16T13:08:04.254+0000] {logging_mixin.py:188} INFO - [2026-05-16T13:08:04.254+0000] {dag.py:3947} INFO - Setting next_dagrun for dwh_modeling_dag to None, run_after=None
[2026-05-16T13:08:04.259+0000] {processor.py:183} INFO - Processing /opt/airflow/dags/dwh_layer.py took 0.024 seconds
[2026-05-16T13:08:34.676+0000] {processor.py:161} INFO - Started process (PID=16812) to work on /opt/airflow/dags/dwh_layer.py
[2026-05-16T13:08:34.677+0000] {processor.py:830} INFO - Processing file /opt/airflow/dags/dwh_layer.py for tasks to queue
[2026-05-16T13:08:34.677+0000] {logging_mixin.py:188} INFO - [2026-05-16T13:08:34.677+0000] {dagbag.py:545} INFO - Filling up the DagBag from /opt/airflow/dags/dwh_layer.py
[2026-05-16T13:08:34.680+0000] {processor.py:840} INFO - DAG(s) 'dwh_modeling_dag' retrieved from /opt/airflow/dags/dwh_layer.py
[2026-05-16T13:08:34.689+0000] {logging_mixin.py:188} INFO - [2026-05-16T13:08:34.688+0000] {dag.py:3089} INFO - Sync 1 DAGs
[2026-05-16T13:08:34.693+0000] {logging_mixin.py:188} INFO - [2026-05-16T13:08:34.693+0000] {dag.py:3947} INFO - Setting next_dagrun for dwh_modeling_dag to None, run_after=None
[2026-05-16T13:08:34.698+0000] {processor.py:183} INFO - Processing /opt/airflow/dags/dwh_layer.py took 0.025 seconds
[2026-05-16T13:09:05.108+0000] {processor.py:161} INFO - Started process (PID=16874) to work on /opt/airflow/dags/dwh_layer.py
[2026-05-16T13:09:05.109+0000] {processor.py:830} INFO - Processing file /opt/airflow/dags/dwh_layer.py for tasks to queue
[2026-05-16T13:09:05.109+0000] {logging_mixin.py:188} INFO - [2026-05-16T13:09:05.109+0000] {dagbag.py:545} INFO - Filling up the DagBag from /opt/airflow/dags/dwh_layer.py
[2026-05-16T13:09:05.113+0000] {processor.py:840} INFO - DAG(s) 'dwh_modeling_dag' retrieved from /opt/airflow/dags/dwh_layer.py
[2026-05-16T13:09:05.121+0000] {logging_mixin.py:188} INFO - [2026-05-16T13:09:05.121+0000] {dag.py:3089} INFO - Sync 1 DAGs
[2026-05-16T13:09:05.125+0000] {logging_mixin.py:188} INFO - [2026-05-16T13:09:05.125+0000] {dag.py:3947} INFO - Setting next_dagrun for dwh_modeling_dag to None, run_after=None
[2026-05-16T13:09:05.130+0000] {processor.py:183} INFO - Processing /opt/airflow/dags/dwh_layer.py took 0.025 seconds
[2026-05-16T13:09:35.663+0000] {processor.py:161} INFO - Started process (PID=16936) to work on /opt/airflow/dags/dwh_layer.py
[2026-05-16T13:09:35.663+0000] {processor.py:830} INFO - Processing file /opt/airflow/dags/dwh_layer.py for tasks to queue
[2026-05-16T13:09:35.664+0000] {logging_mixin.py:188} INFO - [2026-05-16T13:09:35.663+0000] {dagbag.py:545} INFO - Filling up the DagBag from /opt/airflow/dags/dwh_layer.py
[2026-05-16T13:09:35.667+0000] {processor.py:840} INFO - DAG(s) 'dwh_modeling_dag' retrieved from /opt/airflow/dags/dwh_layer.py
[2026-05-16T13:09:35.674+0000] {logging_mixin.py:188} INFO - [2026-05-16T13:09:35.674+0000] {dag.py:3089} INFO - Sync 1 DAGs
[2026-05-16T13:09:35.679+0000] {logging_mixin.py:188} INFO - [2026-05-16T13:09:35.678+0000] {dag.py:3947} INFO - Setting next_dagrun for dwh_modeling_dag to None, run_after=None
[2026-05-16T13:09:35.684+0000] {processor.py:183} INFO - Processing /opt/airflow/dags/dwh_layer.py took 0.024 seconds
[2026-05-16T13:10:06.147+0000] {processor.py:161} INFO - Started process (PID=16998) to work on /opt/airflow/dags/dwh_layer.py
[2026-05-16T13:10:06.148+0000] {processor.py:830} INFO - Processing file /opt/airflow/dags/dwh_layer.py for tasks to queue
[2026-05-16T13:10:06.148+0000] {logging_mixin.py:188} INFO - [2026-05-16T13:10:06.148+0000] {dagbag.py:545} INFO - Filling up the DagBag from /opt/airflow/dags/dwh_layer.py
[2026-05-16T13:10:06.151+0000] {processor.py:840} INFO - DAG(s) 'dwh_modeling_dag' retrieved from /opt/airflow/dags/dwh_layer.py
[2026-05-16T13:10:06.159+0000] {logging_mixin.py:188} INFO - [2026-05-16T13:10:06.159+0000] {dag.py:3089} INFO - Sync 1 DAGs
[2026-05-16T13:10:06.163+0000] {logging_mixin.py:188} INFO - [2026-05-16T13:10:06.163+0000] {dag.py:3947} INFO - Setting next_dagrun for dwh_modeling_dag to None, run_after=None
[2026-05-16T13:10:06.169+0000] {processor.py:183} INFO - Processing /opt/airflow/dags/dwh_layer.py took 0.024 seconds
[2026-05-16T13:10:36.658+0000] {processor.py:161} INFO - Started process (PID=17060) to work on /opt/airflow/dags/dwh_layer.py
[2026-05-16T13:10:36.658+0000] {processor.py:830} INFO - Processing file /opt/airflow/dags/dwh_layer.py for tasks to queue
[2026-05-16T13:10:36.659+0000] {logging_mixin.py:188} INFO - [2026-05-16T13:10:36.658+0000] {dagbag.py:545} INFO - Filling up the DagBag from /opt/airflow/dags/dwh_layer.py
[2026-05-16T13:10:36.662+0000] {processor.py:840} INFO - DAG(s) 'dwh_modeling_dag' retrieved from /opt/airflow/dags/dwh_layer.py
[2026-05-16T13:10:36.669+0000] {logging_mixin.py:188} INFO - [2026-05-16T13:10:36.669+0000] {dag.py:3089} INFO - Sync 1 DAGs
[2026-05-16T13:10:36.674+0000] {logging_mixin.py:188} INFO - [2026-05-16T13:10:36.674+0000] {dag.py:3947} INFO - Setting next_dagrun for dwh_modeling_dag to None, run_after=None
[2026-05-16T13:10:36.680+0000] {processor.py:183} INFO - Processing /opt/airflow/dags/dwh_layer.py took 0.025 seconds
[2026-05-16T13:11:07.157+0000] {processor.py:161} INFO - Started process (PID=17123) to work on /opt/airflow/dags/dwh_layer.py
[2026-05-16T13:11:07.158+0000] {processor.py:830} INFO - Processing file /opt/airflow/dags/dwh_layer.py for tasks to queue
[2026-05-16T13:11:07.158+0000] {logging_mixin.py:188} INFO - [2026-05-16T13:11:07.158+0000] {dagbag.py:545} INFO - Filling up the DagBag from /opt/airflow/dags/dwh_layer.py
[2026-05-16T13:11:07.161+0000] {processor.py:840} INFO - DAG(s) 'dwh_modeling_dag' retrieved from /opt/airflow/dags/dwh_layer.py
[2026-05-16T13:11:07.168+0000] {logging_mixin.py:188} INFO - [2026-05-16T13:11:07.168+0000] {dag.py:3089} INFO - Sync 1 DAGs
[2026-05-16T13:11:07.172+0000] {logging_mixin.py:188} INFO - [2026-05-16T13:11:07.172+0000] {dag.py:3947} INFO - Setting next_dagrun for dwh_modeling_dag to None, run_after=None
[2026-05-16T13:11:07.178+0000] {processor.py:183} INFO - Processing /opt/airflow/dags/dwh_layer.py took 0.023 seconds
[2026-05-16T13:11:37.617+0000] {processor.py:161} INFO - Started process (PID=17185) to work on /opt/airflow/dags/dwh_layer.py
[2026-05-16T13:11:37.618+0000] {processor.py:830} INFO - Processing file /opt/airflow/dags/dwh_layer.py for tasks to queue
[2026-05-16T13:11:37.618+0000] {logging_mixin.py:188} INFO - [2026-05-16T13:11:37.618+0000] {dagbag.py:545} INFO - Filling up the DagBag from /opt/airflow/dags/dwh_layer.py
[2026-05-16T13:11:37.621+0000] {processor.py:840} INFO - DAG(s) 'dwh_modeling_dag' retrieved from /opt/airflow/dags/dwh_layer.py
[2026-05-16T13:11:37.628+0000] {logging_mixin.py:188} INFO - [2026-05-16T13:11:37.628+0000] {dag.py:3089} INFO - Sync 1 DAGs
[2026-05-16T13:11:37.633+0000] {logging_mixin.py:188} INFO - [2026-05-16T13:11:37.633+0000] {dag.py:3947} INFO - Setting next_dagrun for dwh_modeling_dag to None, run_after=None
[2026-05-16T13:11:37.638+0000] {processor.py:183} INFO - Processing /opt/airflow/dags/dwh_layer.py took 0.024 seconds
[2026-05-16T13:12:08.136+0000] {processor.py:161} INFO - Started process (PID=17247) to work on /opt/airflow/dags/dwh_layer.py
[2026-05-16T13:12:08.136+0000] {processor.py:830} INFO - Processing file /opt/airflow/dags/dwh_layer.py for tasks to queue
[2026-05-16T13:12:08.137+0000] {logging_mixin.py:188} INFO - [2026-05-16T13:12:08.136+0000] {dagbag.py:545} INFO - Filling up the DagBag from /opt/airflow/dags/dwh_layer.py
[2026-05-16T13:12:08.140+0000] {processor.py:840} INFO - DAG(s) 'dwh_modeling_dag' retrieved from /opt/airflow/dags/dwh_layer.py
[2026-05-16T13:12:08.147+0000] {logging_mixin.py:188} INFO - [2026-05-16T13:12:08.147+0000] {dag.py:3089} INFO - Sync 1 DAGs
[2026-05-16T13:12:08.151+0000] {logging_mixin.py:188} INFO - [2026-05-16T13:12:08.151+0000] {dag.py:3947} INFO - Setting next_dagrun for dwh_modeling_dag to None, run_after=None
[2026-05-16T13:12:08.157+0000] {processor.py:183} INFO - Processing /opt/airflow/dags/dwh_layer.py took 0.024 seconds
[2026-05-16T13:12:38.614+0000] {processor.py:161} INFO - Started process (PID=17309) to work on /opt/airflow/dags/dwh_layer.py
[2026-05-16T13:12:38.615+0000] {processor.py:830} INFO - Processing file /opt/airflow/dags/dwh_layer.py for tasks to queue
[2026-05-16T13:12:38.615+0000] {logging_mixin.py:188} INFO - [2026-05-16T13:12:38.615+0000] {dagbag.py:545} INFO - Filling up the DagBag from /opt/airflow/dags/dwh_layer.py
[2026-05-16T13:12:38.619+0000] {processor.py:840} INFO - DAG(s) 'dwh_modeling_dag' retrieved from /opt/airflow/dags/dwh_layer.py
[2026-05-16T13:12:38.629+0000] {logging_mixin.py:188} INFO - [2026-05-16T13:12:38.629+0000] {dag.py:3089} INFO - Sync 1 DAGs
[2026-05-16T13:12:38.634+0000] {logging_mixin.py:188} INFO - [2026-05-16T13:12:38.634+0000] {dag.py:3947} INFO - Setting next_dagrun for dwh_modeling_dag to None, run_after=None
[2026-05-16T13:12:38.641+0000] {processor.py:183} INFO - Processing /opt/airflow/dags/dwh_layer.py took 0.030 seconds
[2026-05-16T13:13:09.350+0000] {processor.py:161} INFO - Started process (PID=17371) to work on /opt/airflow/dags/dwh_layer.py
[2026-05-16T13:13:09.351+0000] {processor.py:830} INFO - Processing file /opt/airflow/dags/dwh_layer.py for tasks to queue
[2026-05-16T13:13:09.351+0000] {logging_mixin.py:188} INFO - [2026-05-16T13:13:09.351+0000] {dagbag.py:545} INFO - Filling up the DagBag from /opt/airflow/dags/dwh_layer.py
[2026-05-16T13:13:09.354+0000] {processor.py:840} INFO - DAG(s) 'dwh_modeling_dag' retrieved from /opt/airflow/dags/dwh_layer.py
[2026-05-16T13:13:09.364+0000] {logging_mixin.py:188} INFO - [2026-05-16T13:13:09.364+0000] {dag.py:3089} INFO - Sync 1 DAGs
[2026-05-16T13:13:09.368+0000] {logging_mixin.py:188} INFO - [2026-05-16T13:13:09.368+0000] {dag.py:3947} INFO - Setting next_dagrun for dwh_modeling_dag to None, run_after=None
[2026-05-16T13:13:09.374+0000] {processor.py:183} INFO - Processing /opt/airflow/dags/dwh_layer.py took 0.027 seconds
[2026-05-16T13:13:40.224+0000] {processor.py:161} INFO - Started process (PID=17433) to work on /opt/airflow/dags/dwh_layer.py
[2026-05-16T13:13:40.224+0000] {processor.py:830} INFO - Processing file /opt/airflow/dags/dwh_layer.py for tasks to queue
[2026-05-16T13:13:40.224+0000] {logging_mixin.py:188} INFO - [2026-05-16T13:13:40.224+0000] {dagbag.py:545} INFO - Filling up the DagBag from /opt/airflow/dags/dwh_layer.py
[2026-05-16T13:13:40.308+0000] {processor.py:840} INFO - DAG(s) 'dwh_modeling_dag' retrieved from /opt/airflow/dags/dwh_layer.py
[2026-05-16T13:13:40.314+0000] {logging_mixin.py:188} INFO - [2026-05-16T13:13:40.314+0000] {dag.py:3089} INFO - Sync 1 DAGs
[2026-05-16T13:13:40.318+0000] {logging_mixin.py:188} INFO - [2026-05-16T13:13:40.318+0000] {dag.py:3947} INFO - Setting next_dagrun for dwh_modeling_dag to None, run_after=None
[2026-05-16T13:13:40.323+0000] {processor.py:183} INFO - Processing /opt/airflow/dags/dwh_layer.py took 0.102 seconds
[2026-05-16T13:14:11.085+0000] {processor.py:161} INFO - Started process (PID=17495) to work on /opt/airflow/dags/dwh_layer.py
[2026-05-16T13:14:11.086+0000] {processor.py:830} INFO - Processing file /opt/airflow/dags/dwh_layer.py for tasks to queue
[2026-05-16T13:14:11.087+0000] {logging_mixin.py:188} INFO - [2026-05-16T13:14:11.087+0000] {dagbag.py:545} INFO - Filling up the DagBag from /opt/airflow/dags/dwh_layer.py
[2026-05-16T13:14:11.090+0000] {processor.py:840} INFO - DAG(s) 'dwh_modeling_dag' retrieved from /opt/airflow/dags/dwh_layer.py
[2026-05-16T13:14:11.097+0000] {logging_mixin.py:188} INFO - [2026-05-16T13:14:11.097+0000] {dag.py:3089} INFO - Sync 1 DAGs
[2026-05-16T13:14:11.101+0000] {logging_mixin.py:188} INFO - [2026-05-16T13:14:11.101+0000] {dag.py:3947} INFO - Setting next_dagrun for dwh_modeling_dag to None, run_after=None
[2026-05-16T13:14:11.107+0000] {processor.py:183} INFO - Processing /opt/airflow/dags/dwh_layer.py took 0.024 seconds
[2026-05-16T13:14:41.512+0000] {processor.py:161} INFO - Started process (PID=17557) to work on /opt/airflow/dags/dwh_layer.py
[2026-05-16T13:14:41.512+0000] {processor.py:830} INFO - Processing file /opt/airflow/dags/dwh_layer.py for tasks to queue
[2026-05-16T13:14:41.512+0000] {logging_mixin.py:188} INFO - [2026-05-16T13:14:41.512+0000] {dagbag.py:545} INFO - Filling up the DagBag from /opt/airflow/dags/dwh_layer.py
[2026-05-16T13:14:41.515+0000] {processor.py:840} INFO - DAG(s) 'dwh_modeling_dag' retrieved from /opt/airflow/dags/dwh_layer.py
[2026-05-16T13:14:41.523+0000] {logging_mixin.py:188} INFO - [2026-05-16T13:14:41.523+0000] {dag.py:3089} INFO - Sync 1 DAGs
[2026-05-16T13:14:41.528+0000] {logging_mixin.py:188} INFO - [2026-05-16T13:14:41.528+0000] {dag.py:3947} INFO - Setting next_dagrun for dwh_modeling_dag to None, run_after=None
[2026-05-16T13:14:41.533+0000] {processor.py:183} INFO - Processing /opt/airflow/dags/dwh_layer.py took 0.024 seconds
[2026-05-16T13:15:11.945+0000] {processor.py:161} INFO - Started process (PID=17619) to work on /opt/airflow/dags/dwh_layer.py
[2026-05-16T13:15:11.946+0000] {processor.py:830} INFO - Processing file /opt/airflow/dags/dwh_layer.py for tasks to queue
[2026-05-16T13:15:11.946+0000] {logging_mixin.py:188} INFO - [2026-05-16T13:15:11.946+0000] {dagbag.py:545} INFO - Filling up the DagBag from /opt/airflow/dags/dwh_layer.py
[2026-05-16T13:15:11.949+0000] {processor.py:840} INFO - DAG(s) 'dwh_modeling_dag' retrieved from /opt/airflow/dags/dwh_layer.py
[2026-05-16T13:15:11.957+0000] {logging_mixin.py:188} INFO - [2026-05-16T13:15:11.957+0000] {dag.py:3089} INFO - Sync 1 DAGs
[2026-05-16T13:15:11.961+0000] {logging_mixin.py:188} INFO - [2026-05-16T13:15:11.961+0000] {dag.py:3947} INFO - Setting next_dagrun for dwh_modeling_dag to None, run_after=None
[2026-05-16T13:15:11.967+0000] {processor.py:183} INFO - Processing /opt/airflow/dags/dwh_layer.py took 0.024 seconds
[2026-05-16T13:15:42.490+0000] {processor.py:161} INFO - Started process (PID=17681) to work on /opt/airflow/dags/dwh_layer.py
[2026-05-16T13:15:42.491+0000] {processor.py:830} INFO - Processing file /opt/airflow/dags/dwh_layer.py for tasks to queue
[2026-05-16T13:15:42.491+0000] {logging_mixin.py:188} INFO - [2026-05-16T13:15:42.491+0000] {dagbag.py:545} INFO - Filling up the DagBag from /opt/airflow/dags/dwh_layer.py
[2026-05-16T13:15:42.494+0000] {processor.py:840} INFO - DAG(s) 'dwh_modeling_dag' retrieved from /opt/airflow/dags/dwh_layer.py
[2026-05-16T13:15:42.503+0000] {logging_mixin.py:188} INFO - [2026-05-16T13:15:42.503+0000] {dag.py:3089} INFO - Sync 1 DAGs
[2026-05-16T13:15:42.508+0000] {logging_mixin.py:188} INFO - [2026-05-16T13:15:42.508+0000] {dag.py:3947} INFO - Setting next_dagrun for dwh_modeling_dag to None, run_after=None
[2026-05-16T13:15:42.514+0000] {processor.py:183} INFO - Processing /opt/airflow/dags/dwh_layer.py took 0.026 seconds
[2026-05-16T13:16:12.868+0000] {processor.py:161} INFO - Started process (PID=17743) to work on /opt/airflow/dags/dwh_layer.py
[2026-05-16T13:16:12.869+0000] {processor.py:830} INFO - Processing file /opt/airflow/dags/dwh_layer.py for tasks to queue
[2026-05-16T13:16:12.869+0000] {logging_mixin.py:188} INFO - [2026-05-16T13:16:12.869+0000] {dagbag.py:545} INFO - Filling up the DagBag from /opt/airflow/dags/dwh_layer.py
[2026-05-16T13:16:12.872+0000] {processor.py:840} INFO - DAG(s) 'dwh_modeling_dag' retrieved from /opt/airflow/dags/dwh_layer.py
[2026-05-16T13:16:12.880+0000] {logging_mixin.py:188} INFO - [2026-05-16T13:16:12.880+0000] {dag.py:3089} INFO - Sync 1 DAGs
[2026-05-16T13:16:12.884+0000] {logging_mixin.py:188} INFO - [2026-05-16T13:16:12.884+0000] {dag.py:3947} INFO - Setting next_dagrun for dwh_modeling_dag to None, run_after=None
[2026-05-16T13:16:12.890+0000] {processor.py:183} INFO - Processing /opt/airflow/dags/dwh_layer.py took 0.024 seconds
[2026-05-16T13:16:43.372+0000] {processor.py:161} INFO - Started process (PID=17805) to work on /opt/airflow/dags/dwh_layer.py
[2026-05-16T13:16:43.372+0000] {processor.py:830} INFO - Processing file /opt/airflow/dags/dwh_layer.py for tasks to queue
[2026-05-16T13:16:43.372+0000] {logging_mixin.py:188} INFO - [2026-05-16T13:16:43.372+0000] {dagbag.py:545} INFO - Filling up the DagBag from /opt/airflow/dags/dwh_layer.py
[2026-05-16T13:16:43.375+0000] {processor.py:840} INFO - DAG(s) 'dwh_modeling_dag' retrieved from /opt/airflow/dags/dwh_layer.py
[2026-05-16T13:16:43.383+0000] {logging_mixin.py:188} INFO - [2026-05-16T13:16:43.383+0000] {dag.py:3089} INFO - Sync 1 DAGs
[2026-05-16T13:16:43.387+0000] {logging_mixin.py:188} INFO - [2026-05-16T13:16:43.387+0000] {dag.py:3947} INFO - Setting next_dagrun for dwh_modeling_dag to None, run_after=None
[2026-05-16T13:16:43.393+0000] {processor.py:183} INFO - Processing /opt/airflow/dags/dwh_layer.py took 0.024 seconds
[2026-05-16T13:17:13.919+0000] {processor.py:161} INFO - Started process (PID=17867) to work on /opt/airflow/dags/dwh_layer.py
[2026-05-16T13:17:13.919+0000] {processor.py:830} INFO - Processing file /opt/airflow/dags/dwh_layer.py for tasks to queue
[2026-05-16T13:17:13.920+0000] {logging_mixin.py:188} INFO - [2026-05-16T13:17:13.920+0000] {dagbag.py:545} INFO - Filling up the DagBag from /opt/airflow/dags/dwh_layer.py
[2026-05-16T13:17:13.923+0000] {processor.py:840} INFO - DAG(s) 'dwh_modeling_dag' retrieved from /opt/airflow/dags/dwh_layer.py
[2026-05-16T13:17:13.933+0000] {logging_mixin.py:188} INFO - [2026-05-16T13:17:13.932+0000] {dag.py:3089} INFO - Sync 1 DAGs
[2026-05-16T13:17:13.937+0000] {logging_mixin.py:188} INFO - [2026-05-16T13:17:13.937+0000] {dag.py:3947} INFO - Setting next_dagrun for dwh_modeling_dag to None, run_after=None
[2026-05-16T13:17:13.944+0000] {processor.py:183} INFO - Processing /opt/airflow/dags/dwh_layer.py took 0.027 seconds
[2026-05-16T13:17:44.374+0000] {processor.py:161} INFO - Started process (PID=17929) to work on /opt/airflow/dags/dwh_layer.py
[2026-05-16T13:17:44.374+0000] {processor.py:830} INFO - Processing file /opt/airflow/dags/dwh_layer.py for tasks to queue
[2026-05-16T13:17:44.375+0000] {logging_mixin.py:188} INFO - [2026-05-16T13:17:44.374+0000] {dagbag.py:545} INFO - Filling up the DagBag from /opt/airflow/dags/dwh_layer.py
[2026-05-16T13:17:44.377+0000] {processor.py:840} INFO - DAG(s) 'dwh_modeling_dag' retrieved from /opt/airflow/dags/dwh_layer.py
[2026-05-16T13:17:44.385+0000] {logging_mixin.py:188} INFO - [2026-05-16T13:17:44.385+0000] {dag.py:3089} INFO - Sync 1 DAGs
[2026-05-16T13:17:44.389+0000] {logging_mixin.py:188} INFO - [2026-05-16T13:17:44.388+0000] {dag.py:3947} INFO - Setting next_dagrun for dwh_modeling_dag to None, run_after=None
[2026-05-16T13:17:44.394+0000] {processor.py:183} INFO - Processing /opt/airflow/dags/dwh_layer.py took 0.022 seconds
[2026-05-16T13:18:14.930+0000] {processor.py:161} INFO - Started process (PID=17990) to work on /opt/airflow/dags/dwh_layer.py
[2026-05-16T13:18:14.930+0000] {processor.py:830} INFO - Processing file /opt/airflow/dags/dwh_layer.py for tasks to queue
[2026-05-16T13:18:14.930+0000] {logging_mixin.py:188} INFO - [2026-05-16T13:18:14.930+0000] {dagbag.py:545} INFO - Filling up the DagBag from /opt/airflow/dags/dwh_layer.py
[2026-05-16T13:18:14.934+0000] {processor.py:840} INFO - DAG(s) 'dwh_modeling_dag' retrieved from /opt/airflow/dags/dwh_layer.py
[2026-05-16T13:18:14.942+0000] {logging_mixin.py:188} INFO - [2026-05-16T13:18:14.942+0000] {dag.py:3089} INFO - Sync 1 DAGs
[2026-05-16T13:18:14.947+0000] {logging_mixin.py:188} INFO - [2026-05-16T13:18:14.947+0000] {dag.py:3947} INFO - Setting next_dagrun for dwh_modeling_dag to None, run_after=None
[2026-05-16T13:18:14.952+0000] {processor.py:183} INFO - Processing /opt/airflow/dags/dwh_layer.py took 0.025 seconds
[2026-05-16T13:18:45.367+0000] {processor.py:161} INFO - Started process (PID=18052) to work on /opt/airflow/dags/dwh_layer.py
[2026-05-16T13:18:45.368+0000] {processor.py:830} INFO - Processing file /opt/airflow/dags/dwh_layer.py for tasks to queue
[2026-05-16T13:18:45.368+0000] {logging_mixin.py:188} INFO - [2026-05-16T13:18:45.368+0000] {dagbag.py:545} INFO - Filling up the DagBag from /opt/airflow/dags/dwh_layer.py
[2026-05-16T13:18:45.371+0000] {processor.py:840} INFO - DAG(s) 'dwh_modeling_dag' retrieved from /opt/airflow/dags/dwh_layer.py
[2026-05-16T13:18:45.379+0000] {logging_mixin.py:188} INFO - [2026-05-16T13:18:45.379+0000] {dag.py:3089} INFO - Sync 1 DAGs
[2026-05-16T13:18:45.383+0000] {logging_mixin.py:188} INFO - [2026-05-16T13:18:45.383+0000] {dag.py:3947} INFO - Setting next_dagrun for dwh_modeling_dag to None, run_after=None
[2026-05-16T13:18:45.389+0000] {processor.py:183} INFO - Processing /opt/airflow/dags/dwh_layer.py took 0.024 seconds
[2026-05-16T13:19:15.727+0000] {processor.py:161} INFO - Started process (PID=18114) to work on /opt/airflow/dags/dwh_layer.py
[2026-05-16T13:19:15.727+0000] {processor.py:830} INFO - Processing file /opt/airflow/dags/dwh_layer.py for tasks to queue
[2026-05-16T13:19:15.727+0000] {logging_mixin.py:188} INFO - [2026-05-16T13:19:15.727+0000] {dagbag.py:545} INFO - Filling up the DagBag from /opt/airflow/dags/dwh_layer.py
[2026-05-16T13:19:15.730+0000] {processor.py:840} INFO - DAG(s) 'dwh_modeling_dag' retrieved from /opt/airflow/dags/dwh_layer.py
[2026-05-16T13:19:15.738+0000] {logging_mixin.py:188} INFO - [2026-05-16T13:19:15.738+0000] {dag.py:3089} INFO - Sync 1 DAGs
[2026-05-16T13:19:15.742+0000] {logging_mixin.py:188} INFO - [2026-05-16T13:19:15.742+0000] {dag.py:3947} INFO - Setting next_dagrun for dwh_modeling_dag to None, run_after=None
[2026-05-16T13:19:15.747+0000] {processor.py:183} INFO - Processing /opt/airflow/dags/dwh_layer.py took 0.022 seconds
[2026-05-16T13:19:46.180+0000] {processor.py:161} INFO - Started process (PID=18176) to work on /opt/airflow/dags/dwh_layer.py
[2026-05-16T13:19:46.181+0000] {processor.py:830} INFO - Processing file /opt/airflow/dags/dwh_layer.py for tasks to queue
[2026-05-16T13:19:46.181+0000] {logging_mixin.py:188} INFO - [2026-05-16T13:19:46.181+0000] {dagbag.py:545} INFO - Filling up the DagBag from /opt/airflow/dags/dwh_layer.py
[2026-05-16T13:19:46.185+0000] {processor.py:840} INFO - DAG(s) 'dwh_modeling_dag' retrieved from /opt/airflow/dags/dwh_layer.py
[2026-05-16T13:19:46.194+0000] {logging_mixin.py:188} INFO - [2026-05-16T13:19:46.194+0000] {dag.py:3089} INFO - Sync 1 DAGs
[2026-05-16T13:19:46.199+0000] {logging_mixin.py:188} INFO - [2026-05-16T13:19:46.199+0000] {dag.py:3947} INFO - Setting next_dagrun for dwh_modeling_dag to None, run_after=None
[2026-05-16T13:19:46.205+0000] {processor.py:183} INFO - Processing /opt/airflow/dags/dwh_layer.py took 0.029 seconds
[2026-05-16T13:20:16.564+0000] {processor.py:161} INFO - Started process (PID=18238) to work on /opt/airflow/dags/dwh_layer.py
[2026-05-16T13:20:16.564+0000] {processor.py:830} INFO - Processing file /opt/airflow/dags/dwh_layer.py for tasks to queue
[2026-05-16T13:20:16.564+0000] {logging_mixin.py:188} INFO - [2026-05-16T13:20:16.564+0000] {dagbag.py:545} INFO - Filling up the DagBag from /opt/airflow/dags/dwh_layer.py
[2026-05-16T13:20:16.567+0000] {processor.py:840} INFO - DAG(s) 'dwh_modeling_dag' retrieved from /opt/airflow/dags/dwh_layer.py
[2026-05-16T13:20:16.575+0000] {logging_mixin.py:188} INFO - [2026-05-16T13:20:16.575+0000] {dag.py:3089} INFO - Sync 1 DAGs
[2026-05-16T13:20:16.579+0000] {logging_mixin.py:188} INFO - [2026-05-16T13:20:16.579+0000] {dag.py:3947} INFO - Setting next_dagrun for dwh_modeling_dag to None, run_after=None
[2026-05-16T13:20:16.585+0000] {processor.py:183} INFO - Processing /opt/airflow/dags/dwh_layer.py took 0.024 seconds
[2026-05-16T13:20:46.974+0000] {processor.py:161} INFO - Started process (PID=18300) to work on /opt/airflow/dags/dwh_layer.py
[2026-05-16T13:20:46.974+0000] {processor.py:830} INFO - Processing file /opt/airflow/dags/dwh_layer.py for tasks to queue
[2026-05-16T13:20:46.975+0000] {logging_mixin.py:188} INFO - [2026-05-16T13:20:46.975+0000] {dagbag.py:545} INFO - Filling up the DagBag from /opt/airflow/dags/dwh_layer.py
[2026-05-16T13:20:46.978+0000] {processor.py:840} INFO - DAG(s) 'dwh_modeling_dag' retrieved from /opt/airflow/dags/dwh_layer.py
[2026-05-16T13:20:46.986+0000] {logging_mixin.py:188} INFO - [2026-05-16T13:20:46.986+0000] {dag.py:3089} INFO - Sync 1 DAGs
[2026-05-16T13:20:46.990+0000] {logging_mixin.py:188} INFO - [2026-05-16T13:20:46.990+0000] {dag.py:3947} INFO - Setting next_dagrun for dwh_modeling_dag to None, run_after=None
[2026-05-16T13:20:46.996+0000] {processor.py:183} INFO - Processing /opt/airflow/dags/dwh_layer.py took 0.024 seconds
[2026-05-16T13:21:17.414+0000] {processor.py:161} INFO - Started process (PID=18362) to work on /opt/airflow/dags/dwh_layer.py
[2026-05-16T13:21:17.414+0000] {processor.py:830} INFO - Processing file /opt/airflow/dags/dwh_layer.py for tasks to queue
[2026-05-16T13:21:17.414+0000] {logging_mixin.py:188} INFO - [2026-05-16T13:21:17.414+0000] {dagbag.py:545} INFO - Filling up the DagBag from /opt/airflow/dags/dwh_layer.py
[2026-05-16T13:21:17.418+0000] {processor.py:840} INFO - DAG(s) 'dwh_modeling_dag' retrieved from /opt/airflow/dags/dwh_layer.py
[2026-05-16T13:21:17.426+0000] {logging_mixin.py:188} INFO - [2026-05-16T13:21:17.426+0000] {dag.py:3089} INFO - Sync 1 DAGs
[2026-05-16T13:21:17.430+0000] {logging_mixin.py:188} INFO - [2026-05-16T13:21:17.430+0000] {dag.py:3947} INFO - Setting next_dagrun for dwh_modeling_dag to None, run_after=None
[2026-05-16T13:21:17.435+0000] {processor.py:183} INFO - Processing /opt/airflow/dags/dwh_layer.py took 0.024 seconds
[2026-05-16T13:21:47.849+0000] {processor.py:161} INFO - Started process (PID=18425) to work on /opt/airflow/dags/dwh_layer.py
[2026-05-16T13:21:47.850+0000] {processor.py:830} INFO - Processing file /opt/airflow/dags/dwh_layer.py for tasks to queue
[2026-05-16T13:21:47.850+0000] {logging_mixin.py:188} INFO - [2026-05-16T13:21:47.850+0000] {dagbag.py:545} INFO - Filling up the DagBag from /opt/airflow/dags/dwh_layer.py
[2026-05-16T13:21:47.853+0000] {processor.py:840} INFO - DAG(s) 'dwh_modeling_dag' retrieved from /opt/airflow/dags/dwh_layer.py
[2026-05-16T13:21:47.861+0000] {logging_mixin.py:188} INFO - [2026-05-16T13:21:47.861+0000] {dag.py:3089} INFO - Sync 1 DAGs
[2026-05-16T13:21:47.865+0000] {logging_mixin.py:188} INFO - [2026-05-16T13:21:47.865+0000] {dag.py:3947} INFO - Setting next_dagrun for dwh_modeling_dag to None, run_after=None
[2026-05-16T13:21:47.870+0000] {processor.py:183} INFO - Processing /opt/airflow/dags/dwh_layer.py took 0.023 seconds
[2026-05-16T13:22:18.196+0000] {processor.py:161} INFO - Started process (PID=18486) to work on /opt/airflow/dags/dwh_layer.py
[2026-05-16T13:22:18.196+0000] {processor.py:830} INFO - Processing file /opt/airflow/dags/dwh_layer.py for tasks to queue
[2026-05-16T13:22:18.197+0000] {logging_mixin.py:188} INFO - [2026-05-16T13:22:18.197+0000] {dagbag.py:545} INFO - Filling up the DagBag from /opt/airflow/dags/dwh_layer.py
[2026-05-16T13:22:18.200+0000] {processor.py:840} INFO - DAG(s) 'dwh_modeling_dag' retrieved from /opt/airflow/dags/dwh_layer.py
[2026-05-16T13:22:18.208+0000] {logging_mixin.py:188} INFO - [2026-05-16T13:22:18.208+0000] {dag.py:3089} INFO - Sync 1 DAGs
[2026-05-16T13:22:18.212+0000] {logging_mixin.py:188} INFO - [2026-05-16T13:22:18.212+0000] {dag.py:3947} INFO - Setting next_dagrun for dwh_modeling_dag to None, run_after=None
[2026-05-16T13:22:18.217+0000] {processor.py:183} INFO - Processing /opt/airflow/dags/dwh_layer.py took 0.024 seconds
[2026-05-16T13:22:48.611+0000] {processor.py:161} INFO - Started process (PID=18548) to work on /opt/airflow/dags/dwh_layer.py
[2026-05-16T13:22:48.611+0000] {processor.py:830} INFO - Processing file /opt/airflow/dags/dwh_layer.py for tasks to queue
[2026-05-16T13:22:48.611+0000] {logging_mixin.py:188} INFO - [2026-05-16T13:22:48.611+0000] {dagbag.py:545} INFO - Filling up the DagBag from /opt/airflow/dags/dwh_layer.py
[2026-05-16T13:22:48.615+0000] {processor.py:840} INFO - DAG(s) 'dwh_modeling_dag' retrieved from /opt/airflow/dags/dwh_layer.py
[2026-05-16T13:22:48.624+0000] {logging_mixin.py:188} INFO - [2026-05-16T13:22:48.624+0000] {dag.py:3089} INFO - Sync 1 DAGs
[2026-05-16T13:22:48.629+0000] {logging_mixin.py:188} INFO - [2026-05-16T13:22:48.629+0000] {dag.py:3947} INFO - Setting next_dagrun for dwh_modeling_dag to None, run_after=None
[2026-05-16T13:22:48.635+0000] {processor.py:183} INFO - Processing /opt/airflow/dags/dwh_layer.py took 0.027 seconds
[2026-05-16T13:23:19.065+0000] {processor.py:161} INFO - Started process (PID=18609) to work on /opt/airflow/dags/dwh_layer.py
[2026-05-16T13:23:19.065+0000] {processor.py:830} INFO - Processing file /opt/airflow/dags/dwh_layer.py for tasks to queue
[2026-05-16T13:23:19.066+0000] {logging_mixin.py:188} INFO - [2026-05-16T13:23:19.066+0000] {dagbag.py:545} INFO - Filling up the DagBag from /opt/airflow/dags/dwh_layer.py
[2026-05-16T13:23:19.069+0000] {processor.py:840} INFO - DAG(s) 'dwh_modeling_dag' retrieved from /opt/airflow/dags/dwh_layer.py
[2026-05-16T13:23:19.078+0000] {logging_mixin.py:188} INFO - [2026-05-16T13:23:19.078+0000] {dag.py:3089} INFO - Sync 1 DAGs
[2026-05-16T13:23:19.083+0000] {logging_mixin.py:188} INFO - [2026-05-16T13:23:19.082+0000] {dag.py:3947} INFO - Setting next_dagrun for dwh_modeling_dag to None, run_after=None
[2026-05-16T13:23:19.089+0000] {processor.py:183} INFO - Processing /opt/airflow/dags/dwh_layer.py took 0.028 seconds
[2026-05-16T13:23:49.444+0000] {processor.py:161} INFO - Started process (PID=18671) to work on /opt/airflow/dags/dwh_layer.py
[2026-05-16T13:23:49.444+0000] {processor.py:830} INFO - Processing file /opt/airflow/dags/dwh_layer.py for tasks to queue
[2026-05-16T13:23:49.444+0000] {logging_mixin.py:188} INFO - [2026-05-16T13:23:49.444+0000] {dagbag.py:545} INFO - Filling up the DagBag from /opt/airflow/dags/dwh_layer.py
[2026-05-16T13:23:49.448+0000] {processor.py:840} INFO - DAG(s) 'dwh_modeling_dag' retrieved from /opt/airflow/dags/dwh_layer.py
[2026-05-16T13:23:49.456+0000] {logging_mixin.py:188} INFO - [2026-05-16T13:23:49.456+0000] {dag.py:3089} INFO - Sync 1 DAGs
[2026-05-16T13:23:49.460+0000] {logging_mixin.py:188} INFO - [2026-05-16T13:23:49.460+0000] {dag.py:3947} INFO - Setting next_dagrun for dwh_modeling_dag to None, run_after=None
[2026-05-16T13:23:49.464+0000] {processor.py:183} INFO - Processing /opt/airflow/dags/dwh_layer.py took 0.025 seconds
[2026-05-16T13:24:19.873+0000] {processor.py:161} INFO - Started process (PID=18733) to work on /opt/airflow/dags/dwh_layer.py
[2026-05-16T13:24:19.873+0000] {processor.py:830} INFO - Processing file /opt/airflow/dags/dwh_layer.py for tasks to queue
[2026-05-16T13:24:19.874+0000] {logging_mixin.py:188} INFO - [2026-05-16T13:24:19.873+0000] {dagbag.py:545} INFO - Filling up the DagBag from /opt/airflow/dags/dwh_layer.py
[2026-05-16T13:24:19.877+0000] {processor.py:840} INFO - DAG(s) 'dwh_modeling_dag' retrieved from /opt/airflow/dags/dwh_layer.py
[2026-05-16T13:24:19.885+0000] {logging_mixin.py:188} INFO - [2026-05-16T13:24:19.885+0000] {dag.py:3089} INFO - Sync 1 DAGs
[2026-05-16T13:24:19.889+0000] {logging_mixin.py:188} INFO - [2026-05-16T13:24:19.889+0000] {dag.py:3947} INFO - Setting next_dagrun for dwh_modeling_dag to None, run_after=None
[2026-05-16T13:24:19.894+0000] {processor.py:183} INFO - Processing /opt/airflow/dags/dwh_layer.py took 0.024 seconds
[2026-05-16T13:24:50.369+0000] {processor.py:161} INFO - Started process (PID=18795) to work on /opt/airflow/dags/dwh_layer.py
[2026-05-16T13:24:50.369+0000] {processor.py:830} INFO - Processing file /opt/airflow/dags/dwh_layer.py for tasks to queue
[2026-05-16T13:24:50.370+0000] {logging_mixin.py:188} INFO - [2026-05-16T13:24:50.369+0000] {dagbag.py:545} INFO - Filling up the DagBag from /opt/airflow/dags/dwh_layer.py
[2026-05-16T13:24:50.373+0000] {processor.py:840} INFO - DAG(s) 'dwh_modeling_dag' retrieved from /opt/airflow/dags/dwh_layer.py
[2026-05-16T13:24:50.381+0000] {logging_mixin.py:188} INFO - [2026-05-16T13:24:50.381+0000] {dag.py:3089} INFO - Sync 1 DAGs
[2026-05-16T13:24:50.385+0000] {logging_mixin.py:188} INFO - [2026-05-16T13:24:50.385+0000] {dag.py:3947} INFO - Setting next_dagrun for dwh_modeling_dag to None, run_after=None
[2026-05-16T13:24:50.391+0000] {processor.py:183} INFO - Processing /opt/airflow/dags/dwh_layer.py took 0.024 seconds
[2026-05-16T13:25:20.865+0000] {processor.py:161} INFO - Started process (PID=18857) to work on /opt/airflow/dags/dwh_layer.py
[2026-05-16T13:25:20.865+0000] {processor.py:830} INFO - Processing file /opt/airflow/dags/dwh_layer.py for tasks to queue
[2026-05-16T13:25:20.866+0000] {logging_mixin.py:188} INFO - [2026-05-16T13:25:20.866+0000] {dagbag.py:545} INFO - Filling up the DagBag from /opt/airflow/dags/dwh_layer.py
[2026-05-16T13:25:20.869+0000] {processor.py:840} INFO - DAG(s) 'dwh_modeling_dag' retrieved from /opt/airflow/dags/dwh_layer.py
[2026-05-16T13:25:20.877+0000] {logging_mixin.py:188} INFO - [2026-05-16T13:25:20.877+0000] {dag.py:3089} INFO - Sync 1 DAGs
[2026-05-16T13:25:20.881+0000] {logging_mixin.py:188} INFO - [2026-05-16T13:25:20.881+0000] {dag.py:3947} INFO - Setting next_dagrun for dwh_modeling_dag to None, run_after=None
[2026-05-16T13:25:20.886+0000] {processor.py:183} INFO - Processing /opt/airflow/dags/dwh_layer.py took 0.024 seconds
[2026-05-16T13:25:51.244+0000] {processor.py:161} INFO - Started process (PID=18919) to work on /opt/airflow/dags/dwh_layer.py
[2026-05-16T13:25:51.244+0000] {processor.py:830} INFO - Processing file /opt/airflow/dags/dwh_layer.py for tasks to queue
[2026-05-16T13:25:51.245+0000] {logging_mixin.py:188} INFO - [2026-05-16T13:25:51.245+0000] {dagbag.py:545} INFO - Filling up the DagBag from /opt/airflow/dags/dwh_layer.py
[2026-05-16T13:25:51.248+0000] {processor.py:840} INFO - DAG(s) 'dwh_modeling_dag' retrieved from /opt/airflow/dags/dwh_layer.py
[2026-05-16T13:25:51.256+0000] {logging_mixin.py:188} INFO - [2026-05-16T13:25:51.255+0000] {dag.py:3089} INFO - Sync 1 DAGs
[2026-05-16T13:25:51.260+0000] {logging_mixin.py:188} INFO - [2026-05-16T13:25:51.260+0000] {dag.py:3947} INFO - Setting next_dagrun for dwh_modeling_dag to None, run_after=None
[2026-05-16T13:25:51.267+0000] {processor.py:183} INFO - Processing /opt/airflow/dags/dwh_layer.py took 0.025 seconds
[2026-05-16T13:26:21.730+0000] {processor.py:161} INFO - Started process (PID=18981) to work on /opt/airflow/dags/dwh_layer.py
[2026-05-16T13:26:21.730+0000] {processor.py:830} INFO - Processing file /opt/airflow/dags/dwh_layer.py for tasks to queue
[2026-05-16T13:26:21.731+0000] {logging_mixin.py:188} INFO - [2026-05-16T13:26:21.730+0000] {dagbag.py:545} INFO - Filling up the DagBag from /opt/airflow/dags/dwh_layer.py
[2026-05-16T13:26:21.733+0000] {processor.py:840} INFO - DAG(s) 'dwh_modeling_dag' retrieved from /opt/airflow/dags/dwh_layer.py
[2026-05-16T13:26:21.741+0000] {logging_mixin.py:188} INFO - [2026-05-16T13:26:21.741+0000] {dag.py:3089} INFO - Sync 1 DAGs
[2026-05-16T13:26:21.745+0000] {logging_mixin.py:188} INFO - [2026-05-16T13:26:21.745+0000] {dag.py:3947} INFO - Setting next_dagrun for dwh_modeling_dag to None, run_after=None
[2026-05-16T13:26:21.750+0000] {processor.py:183} INFO - Processing /opt/airflow/dags/dwh_layer.py took 0.023 seconds
[2026-05-16T13:26:52.398+0000] {processor.py:161} INFO - Started process (PID=19043) to work on /opt/airflow/dags/dwh_layer.py
[2026-05-16T13:26:52.399+0000] {processor.py:830} INFO - Processing file /opt/airflow/dags/dwh_layer.py for tasks to queue
[2026-05-16T13:26:52.399+0000] {logging_mixin.py:188} INFO - [2026-05-16T13:26:52.399+0000] {dagbag.py:545} INFO - Filling up the DagBag from /opt/airflow/dags/dwh_layer.py
[2026-05-16T13:26:52.402+0000] {processor.py:840} INFO - DAG(s) 'dwh_modeling_dag' retrieved from /opt/airflow/dags/dwh_layer.py
[2026-05-16T13:26:52.409+0000] {logging_mixin.py:188} INFO - [2026-05-16T13:26:52.409+0000] {dag.py:3089} INFO - Sync 1 DAGs
[2026-05-16T13:26:52.413+0000] {logging_mixin.py:188} INFO - [2026-05-16T13:26:52.413+0000] {dag.py:3947} INFO - Setting next_dagrun for dwh_modeling_dag to None, run_after=None
[2026-05-16T13:26:52.419+0000] {processor.py:183} INFO - Processing /opt/airflow/dags/dwh_layer.py took 0.023 seconds
[2026-05-16T13:27:23.254+0000] {processor.py:161} INFO - Started process (PID=19105) to work on /opt/airflow/dags/dwh_layer.py
[2026-05-16T13:27:23.254+0000] {processor.py:830} INFO - Processing file /opt/airflow/dags/dwh_layer.py for tasks to queue
[2026-05-16T13:27:23.254+0000] {logging_mixin.py:188} INFO - [2026-05-16T13:27:23.254+0000] {dagbag.py:545} INFO - Filling up the DagBag from /opt/airflow/dags/dwh_layer.py
[2026-05-16T13:27:23.257+0000] {processor.py:840} INFO - DAG(s) 'dwh_modeling_dag' retrieved from /opt/airflow/dags/dwh_layer.py
[2026-05-16T13:27:23.265+0000] {logging_mixin.py:188} INFO - [2026-05-16T13:27:23.265+0000] {dag.py:3089} INFO - Sync 1 DAGs
[2026-05-16T13:27:23.269+0000] {logging_mixin.py:188} INFO - [2026-05-16T13:27:23.269+0000] {dag.py:3947} INFO - Setting next_dagrun for dwh_modeling_dag to None, run_after=None
[2026-05-16T13:27:23.274+0000] {processor.py:183} INFO - Processing /opt/airflow/dags/dwh_layer.py took 0.023 seconds
[2026-05-16T13:27:53.918+0000] {processor.py:161} INFO - Started process (PID=19168) to work on /opt/airflow/dags/dwh_layer.py
[2026-05-16T13:27:53.919+0000] {processor.py:830} INFO - Processing file /opt/airflow/dags/dwh_layer.py for tasks to queue
[2026-05-16T13:27:53.919+0000] {logging_mixin.py:188} INFO - [2026-05-16T13:27:53.919+0000] {dagbag.py:545} INFO - Filling up the DagBag from /opt/airflow/dags/dwh_layer.py
[2026-05-16T13:27:53.922+0000] {processor.py:840} INFO - DAG(s) 'dwh_modeling_dag' retrieved from /opt/airflow/dags/dwh_layer.py
[2026-05-16T13:27:53.930+0000] {logging_mixin.py:188} INFO - [2026-05-16T13:27:53.930+0000] {dag.py:3089} INFO - Sync 1 DAGs
[2026-05-16T13:27:53.934+0000] {logging_mixin.py:188} INFO - [2026-05-16T13:27:53.934+0000] {dag.py:3947} INFO - Setting next_dagrun for dwh_modeling_dag to None, run_after=None
[2026-05-16T13:27:53.939+0000] {processor.py:183} INFO - Processing /opt/airflow/dags/dwh_layer.py took 0.023 seconds
[2026-05-16T13:28:24.287+0000] {processor.py:161} INFO - Started process (PID=19230) to work on /opt/airflow/dags/dwh_layer.py
[2026-05-16T13:28:24.288+0000] {processor.py:830} INFO - Processing file /opt/airflow/dags/dwh_layer.py for tasks to queue
[2026-05-16T13:28:24.288+0000] {logging_mixin.py:188} INFO - [2026-05-16T13:28:24.288+0000] {dagbag.py:545} INFO - Filling up the DagBag from /opt/airflow/dags/dwh_layer.py
[2026-05-16T13:28:24.291+0000] {processor.py:840} INFO - DAG(s) 'dwh_modeling_dag' retrieved from /opt/airflow/dags/dwh_layer.py
[2026-05-16T13:28:24.299+0000] {logging_mixin.py:188} INFO - [2026-05-16T13:28:24.299+0000] {dag.py:3089} INFO - Sync 1 DAGs
[2026-05-16T13:28:24.303+0000] {logging_mixin.py:188} INFO - [2026-05-16T13:28:24.303+0000] {dag.py:3947} INFO - Setting next_dagrun for dwh_modeling_dag to None, run_after=None
[2026-05-16T13:28:24.309+0000] {processor.py:183} INFO - Processing /opt/airflow/dags/dwh_layer.py took 0.024 seconds
[2026-05-16T13:28:54.713+0000] {processor.py:161} INFO - Started process (PID=19297) to work on /opt/airflow/dags/dwh_layer.py
[2026-05-16T13:28:54.714+0000] {processor.py:830} INFO - Processing file /opt/airflow/dags/dwh_layer.py for tasks to queue
[2026-05-16T13:28:54.714+0000] {logging_mixin.py:188} INFO - [2026-05-16T13:28:54.714+0000] {dagbag.py:545} INFO - Filling up the DagBag from /opt/airflow/dags/dwh_layer.py
[2026-05-16T13:28:54.717+0000] {processor.py:840} INFO - DAG(s) 'dwh_modeling_dag' retrieved from /opt/airflow/dags/dwh_layer.py
[2026-05-16T13:28:54.725+0000] {logging_mixin.py:188} INFO - [2026-05-16T13:28:54.725+0000] {dag.py:3089} INFO - Sync 1 DAGs
[2026-05-16T13:28:54.729+0000] {logging_mixin.py:188} INFO - [2026-05-16T13:28:54.729+0000] {dag.py:3947} INFO - Setting next_dagrun for dwh_modeling_dag to None, run_after=None
[2026-05-16T13:28:54.735+0000] {processor.py:183} INFO - Processing /opt/airflow/dags/dwh_layer.py took 0.024 seconds
[2026-05-16T13:29:25.044+0000] {processor.py:161} INFO - Started process (PID=19359) to work on /opt/airflow/dags/dwh_layer.py
[2026-05-16T13:29:25.044+0000] {processor.py:830} INFO - Processing file /opt/airflow/dags/dwh_layer.py for tasks to queue
[2026-05-16T13:29:25.045+0000] {logging_mixin.py:188} INFO - [2026-05-16T13:29:25.045+0000] {dagbag.py:545} INFO - Filling up the DagBag from /opt/airflow/dags/dwh_layer.py
[2026-05-16T13:29:25.048+0000] {processor.py:840} INFO - DAG(s) 'dwh_modeling_dag' retrieved from /opt/airflow/dags/dwh_layer.py
[2026-05-16T13:29:25.056+0000] {logging_mixin.py:188} INFO - [2026-05-16T13:29:25.056+0000] {dag.py:3089} INFO - Sync 1 DAGs
[2026-05-16T13:29:25.060+0000] {logging_mixin.py:188} INFO - [2026-05-16T13:29:25.060+0000] {dag.py:3947} INFO - Setting next_dagrun for dwh_modeling_dag to None, run_after=None
[2026-05-16T13:29:25.066+0000] {processor.py:183} INFO - Processing /opt/airflow/dags/dwh_layer.py took 0.025 seconds
[2026-05-16T13:29:55.354+0000] {processor.py:161} INFO - Started process (PID=19421) to work on /opt/airflow/dags/dwh_layer.py
[2026-05-16T13:29:55.355+0000] {processor.py:830} INFO - Processing file /opt/airflow/dags/dwh_layer.py for tasks to queue
[2026-05-16T13:29:55.355+0000] {logging_mixin.py:188} INFO - [2026-05-16T13:29:55.355+0000] {dagbag.py:545} INFO - Filling up the DagBag from /opt/airflow/dags/dwh_layer.py
[2026-05-16T13:29:55.358+0000] {processor.py:840} INFO - DAG(s) 'dwh_modeling_dag' retrieved from /opt/airflow/dags/dwh_layer.py
[2026-05-16T13:29:55.367+0000] {logging_mixin.py:188} INFO - [2026-05-16T13:29:55.367+0000] {dag.py:3089} INFO - Sync 1 DAGs
[2026-05-16T13:29:55.372+0000] {logging_mixin.py:188} INFO - [2026-05-16T13:29:55.372+0000] {dag.py:3947} INFO - Setting next_dagrun for dwh_modeling_dag to None, run_after=None
[2026-05-16T13:29:55.378+0000] {processor.py:183} INFO - Processing /opt/airflow/dags/dwh_layer.py took 0.027 seconds
[2026-05-16T13:30:25.847+0000] {processor.py:161} INFO - Started process (PID=19483) to work on /opt/airflow/dags/dwh_layer.py
[2026-05-16T13:30:25.847+0000] {processor.py:830} INFO - Processing file /opt/airflow/dags/dwh_layer.py for tasks to queue
[2026-05-16T13:30:25.847+0000] {logging_mixin.py:188} INFO - [2026-05-16T13:30:25.847+0000] {dagbag.py:545} INFO - Filling up the DagBag from /opt/airflow/dags/dwh_layer.py
[2026-05-16T13:30:25.851+0000] {processor.py:840} INFO - DAG(s) 'dwh_modeling_dag' retrieved from /opt/airflow/dags/dwh_layer.py
[2026-05-16T13:30:25.859+0000] {logging_mixin.py:188} INFO - [2026-05-16T13:30:25.859+0000] {dag.py:3089} INFO - Sync 1 DAGs
[2026-05-16T13:30:25.863+0000] {logging_mixin.py:188} INFO - [2026-05-16T13:30:25.863+0000] {dag.py:3947} INFO - Setting next_dagrun for dwh_modeling_dag to None, run_after=None
[2026-05-16T13:30:25.869+0000] {processor.py:183} INFO - Processing /opt/airflow/dags/dwh_layer.py took 0.024 seconds
[2026-05-16T13:30:56.307+0000] {processor.py:161} INFO - Started process (PID=19545) to work on /opt/airflow/dags/dwh_layer.py
[2026-05-16T13:30:56.307+0000] {processor.py:830} INFO - Processing file /opt/airflow/dags/dwh_layer.py for tasks to queue
[2026-05-16T13:30:56.308+0000] {logging_mixin.py:188} INFO - [2026-05-16T13:30:56.307+0000] {dagbag.py:545} INFO - Filling up the DagBag from /opt/airflow/dags/dwh_layer.py
[2026-05-16T13:30:56.311+0000] {processor.py:840} INFO - DAG(s) 'dwh_modeling_dag' retrieved from /opt/airflow/dags/dwh_layer.py
[2026-05-16T13:30:56.319+0000] {logging_mixin.py:188} INFO - [2026-05-16T13:30:56.318+0000] {dag.py:3089} INFO - Sync 1 DAGs
[2026-05-16T13:30:56.323+0000] {logging_mixin.py:188} INFO - [2026-05-16T13:30:56.323+0000] {dag.py:3947} INFO - Setting next_dagrun for dwh_modeling_dag to None, run_after=None
[2026-05-16T13:30:56.329+0000] {processor.py:183} INFO - Processing /opt/airflow/dags/dwh_layer.py took 0.024 seconds
[2026-05-16T13:31:26.658+0000] {processor.py:161} INFO - Started process (PID=19607) to work on /opt/airflow/dags/dwh_layer.py
[2026-05-16T13:31:26.658+0000] {processor.py:830} INFO - Processing file /opt/airflow/dags/dwh_layer.py for tasks to queue
[2026-05-16T13:31:26.658+0000] {logging_mixin.py:188} INFO - [2026-05-16T13:31:26.658+0000] {dagbag.py:545} INFO - Filling up the DagBag from /opt/airflow/dags/dwh_layer.py
[2026-05-16T13:31:26.661+0000] {processor.py:840} INFO - DAG(s) 'dwh_modeling_dag' retrieved from /opt/airflow/dags/dwh_layer.py
[2026-05-16T13:31:26.669+0000] {logging_mixin.py:188} INFO - [2026-05-16T13:31:26.669+0000] {dag.py:3089} INFO - Sync 1 DAGs
[2026-05-16T13:31:26.674+0000] {logging_mixin.py:188} INFO - [2026-05-16T13:31:26.674+0000] {dag.py:3947} INFO - Setting next_dagrun for dwh_modeling_dag to None, run_after=None
[2026-05-16T13:31:26.679+0000] {processor.py:183} INFO - Processing /opt/airflow/dags/dwh_layer.py took 0.024 seconds
[2026-05-16T13:31:57.019+0000] {processor.py:161} INFO - Started process (PID=19669) to work on /opt/airflow/dags/dwh_layer.py
[2026-05-16T13:31:57.020+0000] {processor.py:830} INFO - Processing file /opt/airflow/dags/dwh_layer.py for tasks to queue
[2026-05-16T13:31:57.020+0000] {logging_mixin.py:188} INFO - [2026-05-16T13:31:57.020+0000] {dagbag.py:545} INFO - Filling up the DagBag from /opt/airflow/dags/dwh_layer.py
[2026-05-16T13:31:57.023+0000] {processor.py:840} INFO - DAG(s) 'dwh_modeling_dag' retrieved from /opt/airflow/dags/dwh_layer.py
[2026-05-16T13:31:57.032+0000] {logging_mixin.py:188} INFO - [2026-05-16T13:31:57.032+0000] {dag.py:3089} INFO - Sync 1 DAGs
[2026-05-16T13:31:57.036+0000] {logging_mixin.py:188} INFO - [2026-05-16T13:31:57.036+0000] {dag.py:3947} INFO - Setting next_dagrun for dwh_modeling_dag to None, run_after=None
[2026-05-16T13:31:57.042+0000] {processor.py:183} INFO - Processing /opt/airflow/dags/dwh_layer.py took 0.026 seconds
[2026-05-16T13:32:27.337+0000] {processor.py:161} INFO - Started process (PID=19731) to work on /opt/airflow/dags/dwh_layer.py
[2026-05-16T13:32:27.338+0000] {processor.py:830} INFO - Processing file /opt/airflow/dags/dwh_layer.py for tasks to queue
[2026-05-16T13:32:27.338+0000] {logging_mixin.py:188} INFO - [2026-05-16T13:32:27.338+0000] {dagbag.py:545} INFO - Filling up the DagBag from /opt/airflow/dags/dwh_layer.py
[2026-05-16T13:32:27.341+0000] {processor.py:840} INFO - DAG(s) 'dwh_modeling_dag' retrieved from /opt/airflow/dags/dwh_layer.py
[2026-05-16T13:32:27.350+0000] {logging_mixin.py:188} INFO - [2026-05-16T13:32:27.350+0000] {dag.py:3089} INFO - Sync 1 DAGs
[2026-05-16T13:32:27.354+0000] {logging_mixin.py:188} INFO - [2026-05-16T13:32:27.354+0000] {dag.py:3947} INFO - Setting next_dagrun for dwh_modeling_dag to None, run_after=None
[2026-05-16T13:32:27.360+0000] {processor.py:183} INFO - Processing /opt/airflow/dags/dwh_layer.py took 0.025 seconds
[2026-05-16T13:32:57.683+0000] {processor.py:161} INFO - Started process (PID=19793) to work on /opt/airflow/dags/dwh_layer.py
[2026-05-16T13:32:57.683+0000] {processor.py:830} INFO - Processing file /opt/airflow/dags/dwh_layer.py for tasks to queue
[2026-05-16T13:32:57.684+0000] {logging_mixin.py:188} INFO - [2026-05-16T13:32:57.683+0000] {dagbag.py:545} INFO - Filling up the DagBag from /opt/airflow/dags/dwh_layer.py
[2026-05-16T13:32:57.687+0000] {processor.py:840} INFO - DAG(s) 'dwh_modeling_dag' retrieved from /opt/airflow/dags/dwh_layer.py
[2026-05-16T13:32:57.696+0000] {logging_mixin.py:188} INFO - [2026-05-16T13:32:57.696+0000] {dag.py:3089} INFO - Sync 1 DAGs
[2026-05-16T13:32:57.700+0000] {logging_mixin.py:188} INFO - [2026-05-16T13:32:57.700+0000] {dag.py:3947} INFO - Setting next_dagrun for dwh_modeling_dag to None, run_after=None
[2026-05-16T13:32:57.705+0000] {processor.py:183} INFO - Processing /opt/airflow/dags/dwh_layer.py took 0.026 seconds
[2026-05-16T13:33:27.957+0000] {processor.py:161} INFO - Started process (PID=19855) to work on /opt/airflow/dags/dwh_layer.py
[2026-05-16T13:33:27.958+0000] {processor.py:830} INFO - Processing file /opt/airflow/dags/dwh_layer.py for tasks to queue
[2026-05-16T13:33:27.958+0000] {logging_mixin.py:188} INFO - [2026-05-16T13:33:27.958+0000] {dagbag.py:545} INFO - Filling up the DagBag from /opt/airflow/dags/dwh_layer.py
[2026-05-16T13:33:27.961+0000] {processor.py:840} INFO - DAG(s) 'dwh_modeling_dag' retrieved from /opt/airflow/dags/dwh_layer.py
[2026-05-16T13:33:27.969+0000] {logging_mixin.py:188} INFO - [2026-05-16T13:33:27.969+0000] {dag.py:3089} INFO - Sync 1 DAGs
[2026-05-16T13:33:27.973+0000] {logging_mixin.py:188} INFO - [2026-05-16T13:33:27.973+0000] {dag.py:3947} INFO - Setting next_dagrun for dwh_modeling_dag to None, run_after=None
[2026-05-16T13:33:27.978+0000] {processor.py:183} INFO - Processing /opt/airflow/dags/dwh_layer.py took 0.023 seconds
[2026-05-16T13:33:58.349+0000] {processor.py:161} INFO - Started process (PID=19917) to work on /opt/airflow/dags/dwh_layer.py
[2026-05-16T13:33:58.352+0000] {processor.py:830} INFO - Processing file /opt/airflow/dags/dwh_layer.py for tasks to queue
[2026-05-16T13:33:58.353+0000] {logging_mixin.py:188} INFO - [2026-05-16T13:33:58.353+0000] {dagbag.py:545} INFO - Filling up the DagBag from /opt/airflow/dags/dwh_layer.py
[2026-05-16T13:33:58.359+0000] {processor.py:840} INFO - DAG(s) 'dwh_modeling_dag' retrieved from /opt/airflow/dags/dwh_layer.py
[2026-05-16T13:33:58.376+0000] {logging_mixin.py:188} INFO - [2026-05-16T13:33:58.376+0000] {dag.py:3089} INFO - Sync 1 DAGs
[2026-05-16T13:33:58.384+0000] {logging_mixin.py:188} INFO - [2026-05-16T13:33:58.384+0000] {dag.py:3947} INFO - Setting next_dagrun for dwh_modeling_dag to None, run_after=None
[2026-05-16T13:33:58.396+0000] {processor.py:183} INFO - Processing /opt/airflow/dags/dwh_layer.py took 0.050 seconds
[2026-05-16T13:34:28.941+0000] {processor.py:161} INFO - Started process (PID=19979) to work on /opt/airflow/dags/dwh_layer.py
[2026-05-16T13:34:28.941+0000] {processor.py:830} INFO - Processing file /opt/airflow/dags/dwh_layer.py for tasks to queue
[2026-05-16T13:34:28.942+0000] {logging_mixin.py:188} INFO - [2026-05-16T13:34:28.942+0000] {dagbag.py:545} INFO - Filling up the DagBag from /opt/airflow/dags/dwh_layer.py
[2026-05-16T13:34:28.945+0000] {processor.py:840} INFO - DAG(s) 'dwh_modeling_dag' retrieved from /opt/airflow/dags/dwh_layer.py
[2026-05-16T13:34:28.955+0000] {logging_mixin.py:188} INFO - [2026-05-16T13:34:28.955+0000] {dag.py:3089} INFO - Sync 1 DAGs
[2026-05-16T13:34:28.961+0000] {logging_mixin.py:188} INFO - [2026-05-16T13:34:28.961+0000] {dag.py:3947} INFO - Setting next_dagrun for dwh_modeling_dag to None, run_after=None
[2026-05-16T13:34:28.968+0000] {processor.py:183} INFO - Processing /opt/airflow/dags/dwh_layer.py took 0.029 seconds
[2026-05-16T13:34:59.689+0000] {processor.py:161} INFO - Started process (PID=20041) to work on /opt/airflow/dags/dwh_layer.py
[2026-05-16T13:34:59.690+0000] {processor.py:830} INFO - Processing file /opt/airflow/dags/dwh_layer.py for tasks to queue
[2026-05-16T13:34:59.690+0000] {logging_mixin.py:188} INFO - [2026-05-16T13:34:59.690+0000] {dagbag.py:545} INFO - Filling up the DagBag from /opt/airflow/dags/dwh_layer.py
[2026-05-16T13:34:59.693+0000] {processor.py:840} INFO - DAG(s) 'dwh_modeling_dag' retrieved from /opt/airflow/dags/dwh_layer.py
[2026-05-16T13:34:59.701+0000] {logging_mixin.py:188} INFO - [2026-05-16T13:34:59.701+0000] {dag.py:3089} INFO - Sync 1 DAGs
[2026-05-16T13:34:59.705+0000] {logging_mixin.py:188} INFO - [2026-05-16T13:34:59.705+0000] {dag.py:3947} INFO - Setting next_dagrun for dwh_modeling_dag to None, run_after=None
[2026-05-16T13:34:59.711+0000] {processor.py:183} INFO - Processing /opt/airflow/dags/dwh_layer.py took 0.024 seconds
[2026-05-16T13:35:30.438+0000] {processor.py:161} INFO - Started process (PID=20103) to work on /opt/airflow/dags/dwh_layer.py
[2026-05-16T13:35:30.438+0000] {processor.py:830} INFO - Processing file /opt/airflow/dags/dwh_layer.py for tasks to queue
[2026-05-16T13:35:30.438+0000] {logging_mixin.py:188} INFO - [2026-05-16T13:35:30.438+0000] {dagbag.py:545} INFO - Filling up the DagBag from /opt/airflow/dags/dwh_layer.py
[2026-05-16T13:35:30.441+0000] {processor.py:840} INFO - DAG(s) 'dwh_modeling_dag' retrieved from /opt/airflow/dags/dwh_layer.py
[2026-05-16T13:35:30.449+0000] {logging_mixin.py:188} INFO - [2026-05-16T13:35:30.449+0000] {dag.py:3089} INFO - Sync 1 DAGs
[2026-05-16T13:35:30.453+0000] {logging_mixin.py:188} INFO - [2026-05-16T13:35:30.453+0000] {dag.py:3947} INFO - Setting next_dagrun for dwh_modeling_dag to None, run_after=None
[2026-05-16T13:35:30.459+0000] {processor.py:183} INFO - Processing /opt/airflow/dags/dwh_layer.py took 0.023 seconds
[2026-05-16T13:36:00.920+0000] {processor.py:161} INFO - Started process (PID=20165) to work on /opt/airflow/dags/dwh_layer.py
[2026-05-16T13:36:00.921+0000] {processor.py:830} INFO - Processing file /opt/airflow/dags/dwh_layer.py for tasks to queue
[2026-05-16T13:36:00.921+0000] {logging_mixin.py:188} INFO - [2026-05-16T13:36:00.921+0000] {dagbag.py:545} INFO - Filling up the DagBag from /opt/airflow/dags/dwh_layer.py
[2026-05-16T13:36:00.924+0000] {processor.py:840} INFO - DAG(s) 'dwh_modeling_dag' retrieved from /opt/airflow/dags/dwh_layer.py
[2026-05-16T13:36:00.932+0000] {logging_mixin.py:188} INFO - [2026-05-16T13:36:00.932+0000] {dag.py:3089} INFO - Sync 1 DAGs
[2026-05-16T13:36:00.936+0000] {logging_mixin.py:188} INFO - [2026-05-16T13:36:00.936+0000] {dag.py:3947} INFO - Setting next_dagrun for dwh_modeling_dag to None, run_after=None
[2026-05-16T13:36:00.941+0000] {processor.py:183} INFO - Processing /opt/airflow/dags/dwh_layer.py took 0.024 seconds
[2026-05-16T13:36:31.295+0000] {processor.py:161} INFO - Started process (PID=20227) to work on /opt/airflow/dags/dwh_layer.py
[2026-05-16T13:36:31.296+0000] {processor.py:830} INFO - Processing file /opt/airflow/dags/dwh_layer.py for tasks to queue
[2026-05-16T13:36:31.296+0000] {logging_mixin.py:188} INFO - [2026-05-16T13:36:31.296+0000] {dagbag.py:545} INFO - Filling up the DagBag from /opt/airflow/dags/dwh_layer.py
[2026-05-16T13:36:31.299+0000] {processor.py:840} INFO - DAG(s) 'dwh_modeling_dag' retrieved from /opt/airflow/dags/dwh_layer.py
[2026-05-16T13:36:31.307+0000] {logging_mixin.py:188} INFO - [2026-05-16T13:36:31.307+0000] {dag.py:3089} INFO - Sync 1 DAGs
[2026-05-16T13:36:31.311+0000] {logging_mixin.py:188} INFO - [2026-05-16T13:36:31.311+0000] {dag.py:3947} INFO - Setting next_dagrun for dwh_modeling_dag to None, run_after=None
[2026-05-16T13:36:31.316+0000] {processor.py:183} INFO - Processing /opt/airflow/dags/dwh_layer.py took 0.023 seconds
[2026-05-16T13:37:01.582+0000] {processor.py:161} INFO - Started process (PID=20289) to work on /opt/airflow/dags/dwh_layer.py
[2026-05-16T13:37:01.582+0000] {processor.py:830} INFO - Processing file /opt/airflow/dags/dwh_layer.py for tasks to queue
[2026-05-16T13:37:01.583+0000] {logging_mixin.py:188} INFO - [2026-05-16T13:37:01.582+0000] {dagbag.py:545} INFO - Filling up the DagBag from /opt/airflow/dags/dwh_layer.py
[2026-05-16T13:37:01.586+0000] {processor.py:840} INFO - DAG(s) 'dwh_modeling_dag' retrieved from /opt/airflow/dags/dwh_layer.py
[2026-05-16T13:37:01.596+0000] {logging_mixin.py:188} INFO - [2026-05-16T13:37:01.596+0000] {dag.py:3089} INFO - Sync 1 DAGs
[2026-05-16T13:37:01.601+0000] {logging_mixin.py:188} INFO - [2026-05-16T13:37:01.601+0000] {dag.py:3947} INFO - Setting next_dagrun for dwh_modeling_dag to None, run_after=None
[2026-05-16T13:37:01.607+0000] {processor.py:183} INFO - Processing /opt/airflow/dags/dwh_layer.py took 0.028 seconds
[2026-05-16T13:37:32.007+0000] {processor.py:161} INFO - Started process (PID=20351) to work on /opt/airflow/dags/dwh_layer.py
[2026-05-16T13:37:32.008+0000] {processor.py:830} INFO - Processing file /opt/airflow/dags/dwh_layer.py for tasks to queue
[2026-05-16T13:37:32.008+0000] {logging_mixin.py:188} INFO - [2026-05-16T13:37:32.008+0000] {dagbag.py:545} INFO - Filling up the DagBag from /opt/airflow/dags/dwh_layer.py
[2026-05-16T13:37:32.011+0000] {processor.py:840} INFO - DAG(s) 'dwh_modeling_dag' retrieved from /opt/airflow/dags/dwh_layer.py
[2026-05-16T13:37:32.021+0000] {logging_mixin.py:188} INFO - [2026-05-16T13:37:32.021+0000] {dag.py:3089} INFO - Sync 1 DAGs
[2026-05-16T13:37:32.026+0000] {logging_mixin.py:188} INFO - [2026-05-16T13:37:32.026+0000] {dag.py:3947} INFO - Setting next_dagrun for dwh_modeling_dag to None, run_after=None
[2026-05-16T13:37:32.034+0000] {processor.py:183} INFO - Processing /opt/airflow/dags/dwh_layer.py took 0.029 seconds
[2026-05-16T13:38:02.440+0000] {processor.py:161} INFO - Started process (PID=20413) to work on /opt/airflow/dags/dwh_layer.py
[2026-05-16T13:38:02.440+0000] {processor.py:830} INFO - Processing file /opt/airflow/dags/dwh_layer.py for tasks to queue
[2026-05-16T13:38:02.440+0000] {logging_mixin.py:188} INFO - [2026-05-16T13:38:02.440+0000] {dagbag.py:545} INFO - Filling up the DagBag from /opt/airflow/dags/dwh_layer.py
[2026-05-16T13:38:02.444+0000] {processor.py:840} INFO - DAG(s) 'dwh_modeling_dag' retrieved from /opt/airflow/dags/dwh_layer.py
[2026-05-16T13:38:02.451+0000] {logging_mixin.py:188} INFO - [2026-05-16T13:38:02.451+0000] {dag.py:3089} INFO - Sync 1 DAGs
[2026-05-16T13:38:02.455+0000] {logging_mixin.py:188} INFO - [2026-05-16T13:38:02.455+0000] {dag.py:3947} INFO - Setting next_dagrun for dwh_modeling_dag to None, run_after=None
[2026-05-16T13:38:02.460+0000] {processor.py:183} INFO - Processing /opt/airflow/dags/dwh_layer.py took 0.026 seconds
[2026-05-16T13:38:32.818+0000] {processor.py:161} INFO - Started process (PID=20475) to work on /opt/airflow/dags/dwh_layer.py
[2026-05-16T13:38:32.818+0000] {processor.py:830} INFO - Processing file /opt/airflow/dags/dwh_layer.py for tasks to queue
[2026-05-16T13:38:32.819+0000] {logging_mixin.py:188} INFO - [2026-05-16T13:38:32.819+0000] {dagbag.py:545} INFO - Filling up the DagBag from /opt/airflow/dags/dwh_layer.py
[2026-05-16T13:38:32.822+0000] {processor.py:840} INFO - DAG(s) 'dwh_modeling_dag' retrieved from /opt/airflow/dags/dwh_layer.py
[2026-05-16T13:38:32.830+0000] {logging_mixin.py:188} INFO - [2026-05-16T13:38:32.830+0000] {dag.py:3089} INFO - Sync 1 DAGs
[2026-05-16T13:38:32.834+0000] {logging_mixin.py:188} INFO - [2026-05-16T13:38:32.834+0000] {dag.py:3947} INFO - Setting next_dagrun for dwh_modeling_dag to None, run_after=None
[2026-05-16T13:38:32.840+0000] {processor.py:183} INFO - Processing /opt/airflow/dags/dwh_layer.py took 0.025 seconds
[2026-05-16T13:39:03.307+0000] {processor.py:161} INFO - Started process (PID=20537) to work on /opt/airflow/dags/dwh_layer.py
[2026-05-16T13:39:03.307+0000] {processor.py:830} INFO - Processing file /opt/airflow/dags/dwh_layer.py for tasks to queue
[2026-05-16T13:39:03.307+0000] {logging_mixin.py:188} INFO - [2026-05-16T13:39:03.307+0000] {dagbag.py:545} INFO - Filling up the DagBag from /opt/airflow/dags/dwh_layer.py
[2026-05-16T13:39:03.310+0000] {processor.py:840} INFO - DAG(s) 'dwh_modeling_dag' retrieved from /opt/airflow/dags/dwh_layer.py
[2026-05-16T13:39:03.318+0000] {logging_mixin.py:188} INFO - [2026-05-16T13:39:03.318+0000] {dag.py:3089} INFO - Sync 1 DAGs
[2026-05-16T13:39:03.322+0000] {logging_mixin.py:188} INFO - [2026-05-16T13:39:03.322+0000] {dag.py:3947} INFO - Setting next_dagrun for dwh_modeling_dag to None, run_after=None
[2026-05-16T13:39:03.327+0000] {processor.py:183} INFO - Processing /opt/airflow/dags/dwh_layer.py took 0.023 seconds
[2026-05-16T13:39:33.682+0000] {processor.py:161} INFO - Started process (PID=20600) to work on /opt/airflow/dags/dwh_layer.py
[2026-05-16T13:39:33.683+0000] {processor.py:830} INFO - Processing file /opt/airflow/dags/dwh_layer.py for tasks to queue
[2026-05-16T13:39:33.683+0000] {logging_mixin.py:188} INFO - [2026-05-16T13:39:33.683+0000] {dagbag.py:545} INFO - Filling up the DagBag from /opt/airflow/dags/dwh_layer.py
[2026-05-16T13:39:33.686+0000] {processor.py:840} INFO - DAG(s) 'dwh_modeling_dag' retrieved from /opt/airflow/dags/dwh_layer.py
[2026-05-16T13:39:33.693+0000] {logging_mixin.py:188} INFO - [2026-05-16T13:39:33.693+0000] {dag.py:3089} INFO - Sync 1 DAGs
[2026-05-16T13:39:33.698+0000] {logging_mixin.py:188} INFO - [2026-05-16T13:39:33.698+0000] {dag.py:3947} INFO - Setting next_dagrun for dwh_modeling_dag to None, run_after=None
[2026-05-16T13:39:33.703+0000] {processor.py:183} INFO - Processing /opt/airflow/dags/dwh_layer.py took 0.023 seconds
[2026-05-16T13:40:04.055+0000] {processor.py:161} INFO - Started process (PID=20662) to work on /opt/airflow/dags/dwh_layer.py
[2026-05-16T13:40:04.056+0000] {processor.py:830} INFO - Processing file /opt/airflow/dags/dwh_layer.py for tasks to queue
[2026-05-16T13:40:04.056+0000] {logging_mixin.py:188} INFO - [2026-05-16T13:40:04.056+0000] {dagbag.py:545} INFO - Filling up the DagBag from /opt/airflow/dags/dwh_layer.py
[2026-05-16T13:40:04.059+0000] {processor.py:840} INFO - DAG(s) 'dwh_modeling_dag' retrieved from /opt/airflow/dags/dwh_layer.py
[2026-05-16T13:40:04.067+0000] {logging_mixin.py:188} INFO - [2026-05-16T13:40:04.067+0000] {dag.py:3089} INFO - Sync 1 DAGs
[2026-05-16T13:40:04.071+0000] {logging_mixin.py:188} INFO - [2026-05-16T13:40:04.071+0000] {dag.py:3947} INFO - Setting next_dagrun for dwh_modeling_dag to None, run_after=None
[2026-05-16T13:40:04.076+0000] {processor.py:183} INFO - Processing /opt/airflow/dags/dwh_layer.py took 0.023 seconds
[2026-05-16T13:40:34.412+0000] {processor.py:161} INFO - Started process (PID=20724) to work on /opt/airflow/dags/dwh_layer.py
[2026-05-16T13:40:34.412+0000] {processor.py:830} INFO - Processing file /opt/airflow/dags/dwh_layer.py for tasks to queue
[2026-05-16T13:40:34.413+0000] {logging_mixin.py:188} INFO - [2026-05-16T13:40:34.412+0000] {dagbag.py:545} INFO - Filling up the DagBag from /opt/airflow/dags/dwh_layer.py
[2026-05-16T13:40:34.416+0000] {processor.py:840} INFO - DAG(s) 'dwh_modeling_dag' retrieved from /opt/airflow/dags/dwh_layer.py
[2026-05-16T13:40:34.424+0000] {logging_mixin.py:188} INFO - [2026-05-16T13:40:34.424+0000] {dag.py:3089} INFO - Sync 1 DAGs
[2026-05-16T13:40:34.428+0000] {logging_mixin.py:188} INFO - [2026-05-16T13:40:34.428+0000] {dag.py:3947} INFO - Setting next_dagrun for dwh_modeling_dag to None, run_after=None
[2026-05-16T13:40:34.434+0000] {processor.py:183} INFO - Processing /opt/airflow/dags/dwh_layer.py took 0.025 seconds
[2026-05-16T13:41:04.733+0000] {processor.py:161} INFO - Started process (PID=20785) to work on /opt/airflow/dags/dwh_layer.py
[2026-05-16T13:41:04.733+0000] {processor.py:830} INFO - Processing file /opt/airflow/dags/dwh_layer.py for tasks to queue
[2026-05-16T13:41:04.734+0000] {logging_mixin.py:188} INFO - [2026-05-16T13:41:04.734+0000] {dagbag.py:545} INFO - Filling up the DagBag from /opt/airflow/dags/dwh_layer.py
[2026-05-16T13:41:04.737+0000] {processor.py:840} INFO - DAG(s) 'dwh_modeling_dag' retrieved from /opt/airflow/dags/dwh_layer.py
[2026-05-16T13:41:04.746+0000] {logging_mixin.py:188} INFO - [2026-05-16T13:41:04.746+0000] {dag.py:3089} INFO - Sync 1 DAGs
[2026-05-16T13:41:04.750+0000] {logging_mixin.py:188} INFO - [2026-05-16T13:41:04.750+0000] {dag.py:3947} INFO - Setting next_dagrun for dwh_modeling_dag to None, run_after=None
[2026-05-16T13:41:04.756+0000] {processor.py:183} INFO - Processing /opt/airflow/dags/dwh_layer.py took 0.026 seconds
[2026-05-16T13:41:35.129+0000] {processor.py:161} INFO - Started process (PID=20847) to work on /opt/airflow/dags/dwh_layer.py
[2026-05-16T13:41:35.129+0000] {processor.py:830} INFO - Processing file /opt/airflow/dags/dwh_layer.py for tasks to queue
[2026-05-16T13:41:35.129+0000] {logging_mixin.py:188} INFO - [2026-05-16T13:41:35.129+0000] {dagbag.py:545} INFO - Filling up the DagBag from /opt/airflow/dags/dwh_layer.py
[2026-05-16T13:41:35.132+0000] {processor.py:840} INFO - DAG(s) 'dwh_modeling_dag' retrieved from /opt/airflow/dags/dwh_layer.py
[2026-05-16T13:41:35.140+0000] {logging_mixin.py:188} INFO - [2026-05-16T13:41:35.140+0000] {dag.py:3089} INFO - Sync 1 DAGs
[2026-05-16T13:41:35.145+0000] {logging_mixin.py:188} INFO - [2026-05-16T13:41:35.144+0000] {dag.py:3947} INFO - Setting next_dagrun for dwh_modeling_dag to None, run_after=None
[2026-05-16T13:41:35.150+0000] {processor.py:183} INFO - Processing /opt/airflow/dags/dwh_layer.py took 0.024 seconds
[2026-05-16T13:42:05.572+0000] {processor.py:161} INFO - Started process (PID=20908) to work on /opt/airflow/dags/dwh_layer.py
[2026-05-16T13:42:05.573+0000] {processor.py:830} INFO - Processing file /opt/airflow/dags/dwh_layer.py for tasks to queue
[2026-05-16T13:42:05.573+0000] {logging_mixin.py:188} INFO - [2026-05-16T13:42:05.573+0000] {dagbag.py:545} INFO - Filling up the DagBag from /opt/airflow/dags/dwh_layer.py
[2026-05-16T13:42:05.576+0000] {processor.py:840} INFO - DAG(s) 'dwh_modeling_dag' retrieved from /opt/airflow/dags/dwh_layer.py
[2026-05-16T13:42:05.584+0000] {logging_mixin.py:188} INFO - [2026-05-16T13:42:05.584+0000] {dag.py:3089} INFO - Sync 1 DAGs
[2026-05-16T13:42:05.588+0000] {logging_mixin.py:188} INFO - [2026-05-16T13:42:05.588+0000] {dag.py:3947} INFO - Setting next_dagrun for dwh_modeling_dag to None, run_after=None
[2026-05-16T13:42:05.594+0000] {processor.py:183} INFO - Processing /opt/airflow/dags/dwh_layer.py took 0.024 seconds
[2026-05-16T13:42:35.910+0000] {processor.py:161} INFO - Started process (PID=20970) to work on /opt/airflow/dags/dwh_layer.py
[2026-05-16T13:42:35.910+0000] {processor.py:830} INFO - Processing file /opt/airflow/dags/dwh_layer.py for tasks to queue
[2026-05-16T13:42:35.910+0000] {logging_mixin.py:188} INFO - [2026-05-16T13:42:35.910+0000] {dagbag.py:545} INFO - Filling up the DagBag from /opt/airflow/dags/dwh_layer.py
[2026-05-16T13:42:35.913+0000] {processor.py:840} INFO - DAG(s) 'dwh_modeling_dag' retrieved from /opt/airflow/dags/dwh_layer.py
[2026-05-16T13:42:35.921+0000] {logging_mixin.py:188} INFO - [2026-05-16T13:42:35.921+0000] {dag.py:3089} INFO - Sync 1 DAGs
[2026-05-16T13:42:35.925+0000] {logging_mixin.py:188} INFO - [2026-05-16T13:42:35.925+0000] {dag.py:3947} INFO - Setting next_dagrun for dwh_modeling_dag to None, run_after=None
[2026-05-16T13:42:35.931+0000] {processor.py:183} INFO - Processing /opt/airflow/dags/dwh_layer.py took 0.023 seconds
[2026-05-16T13:43:06.263+0000] {processor.py:161} INFO - Started process (PID=21032) to work on /opt/airflow/dags/dwh_layer.py
[2026-05-16T13:43:06.264+0000] {processor.py:830} INFO - Processing file /opt/airflow/dags/dwh_layer.py for tasks to queue
[2026-05-16T13:43:06.264+0000] {logging_mixin.py:188} INFO - [2026-05-16T13:43:06.264+0000] {dagbag.py:545} INFO - Filling up the DagBag from /opt/airflow/dags/dwh_layer.py
[2026-05-16T13:43:06.267+0000] {processor.py:840} INFO - DAG(s) 'dwh_modeling_dag' retrieved from /opt/airflow/dags/dwh_layer.py
[2026-05-16T13:43:06.275+0000] {logging_mixin.py:188} INFO - [2026-05-16T13:43:06.275+0000] {dag.py:3089} INFO - Sync 1 DAGs
[2026-05-16T13:43:06.279+0000] {logging_mixin.py:188} INFO - [2026-05-16T13:43:06.279+0000] {dag.py:3947} INFO - Setting next_dagrun for dwh_modeling_dag to None, run_after=None
[2026-05-16T13:43:06.284+0000] {processor.py:183} INFO - Processing /opt/airflow/dags/dwh_layer.py took 0.023 seconds
[2026-05-16T13:43:36.652+0000] {processor.py:161} INFO - Started process (PID=21094) to work on /opt/airflow/dags/dwh_layer.py
[2026-05-16T13:43:36.652+0000] {processor.py:830} INFO - Processing file /opt/airflow/dags/dwh_layer.py for tasks to queue
[2026-05-16T13:43:36.652+0000] {logging_mixin.py:188} INFO - [2026-05-16T13:43:36.652+0000] {dagbag.py:545} INFO - Filling up the DagBag from /opt/airflow/dags/dwh_layer.py
[2026-05-16T13:43:36.655+0000] {processor.py:840} INFO - DAG(s) 'dwh_modeling_dag' retrieved from /opt/airflow/dags/dwh_layer.py
[2026-05-16T13:43:36.663+0000] {logging_mixin.py:188} INFO - [2026-05-16T13:43:36.663+0000] {dag.py:3089} INFO - Sync 1 DAGs
[2026-05-16T13:43:36.667+0000] {logging_mixin.py:188} INFO - [2026-05-16T13:43:36.667+0000] {dag.py:3947} INFO - Setting next_dagrun for dwh_modeling_dag to None, run_after=None
[2026-05-16T13:43:36.672+0000] {processor.py:183} INFO - Processing /opt/airflow/dags/dwh_layer.py took 0.023 seconds
[2026-05-16T13:44:07.046+0000] {processor.py:161} INFO - Started process (PID=21156) to work on /opt/airflow/dags/dwh_layer.py
[2026-05-16T13:44:07.047+0000] {processor.py:830} INFO - Processing file /opt/airflow/dags/dwh_layer.py for tasks to queue
[2026-05-16T13:44:07.047+0000] {logging_mixin.py:188} INFO - [2026-05-16T13:44:07.047+0000] {dagbag.py:545} INFO - Filling up the DagBag from /opt/airflow/dags/dwh_layer.py
[2026-05-16T13:44:07.050+0000] {processor.py:840} INFO - DAG(s) 'dwh_modeling_dag' retrieved from /opt/airflow/dags/dwh_layer.py
[2026-05-16T13:44:07.058+0000] {logging_mixin.py:188} INFO - [2026-05-16T13:44:07.058+0000] {dag.py:3089} INFO - Sync 1 DAGs
[2026-05-16T13:44:07.062+0000] {logging_mixin.py:188} INFO - [2026-05-16T13:44:07.062+0000] {dag.py:3947} INFO - Setting next_dagrun for dwh_modeling_dag to None, run_after=None
[2026-05-16T13:44:07.067+0000] {processor.py:183} INFO - Processing /opt/airflow/dags/dwh_layer.py took 0.023 seconds
[2026-05-16T13:44:37.381+0000] {processor.py:161} INFO - Started process (PID=21218) to work on /opt/airflow/dags/dwh_layer.py
[2026-05-16T13:44:37.382+0000] {processor.py:830} INFO - Processing file /opt/airflow/dags/dwh_layer.py for tasks to queue
[2026-05-16T13:44:37.382+0000] {logging_mixin.py:188} INFO - [2026-05-16T13:44:37.382+0000] {dagbag.py:545} INFO - Filling up the DagBag from /opt/airflow/dags/dwh_layer.py
[2026-05-16T13:44:37.386+0000] {processor.py:840} INFO - DAG(s) 'dwh_modeling_dag' retrieved from /opt/airflow/dags/dwh_layer.py
[2026-05-16T13:44:37.395+0000] {logging_mixin.py:188} INFO - [2026-05-16T13:44:37.395+0000] {dag.py:3089} INFO - Sync 1 DAGs
[2026-05-16T13:44:37.400+0000] {logging_mixin.py:188} INFO - [2026-05-16T13:44:37.400+0000] {dag.py:3947} INFO - Setting next_dagrun for dwh_modeling_dag to None, run_after=None
[2026-05-16T13:44:37.406+0000] {processor.py:183} INFO - Processing /opt/airflow/dags/dwh_layer.py took 0.028 seconds
[2026-05-16T13:45:07.649+0000] {processor.py:161} INFO - Started process (PID=21280) to work on /opt/airflow/dags/dwh_layer.py
[2026-05-16T13:45:07.649+0000] {processor.py:830} INFO - Processing file /opt/airflow/dags/dwh_layer.py for tasks to queue
[2026-05-16T13:45:07.649+0000] {logging_mixin.py:188} INFO - [2026-05-16T13:45:07.649+0000] {dagbag.py:545} INFO - Filling up the DagBag from /opt/airflow/dags/dwh_layer.py
[2026-05-16T13:45:07.652+0000] {processor.py:840} INFO - DAG(s) 'dwh_modeling_dag' retrieved from /opt/airflow/dags/dwh_layer.py
[2026-05-16T13:45:07.661+0000] {logging_mixin.py:188} INFO - [2026-05-16T13:45:07.660+0000] {dag.py:3089} INFO - Sync 1 DAGs
[2026-05-16T13:45:07.665+0000] {logging_mixin.py:188} INFO - [2026-05-16T13:45:07.665+0000] {dag.py:3947} INFO - Setting next_dagrun for dwh_modeling_dag to None, run_after=None
[2026-05-16T13:45:07.670+0000] {processor.py:183} INFO - Processing /opt/airflow/dags/dwh_layer.py took 0.024 seconds
[2026-05-16T13:45:38.049+0000] {processor.py:161} INFO - Started process (PID=21341) to work on /opt/airflow/dags/dwh_layer.py
[2026-05-16T13:45:38.050+0000] {processor.py:830} INFO - Processing file /opt/airflow/dags/dwh_layer.py for tasks to queue
[2026-05-16T13:45:38.050+0000] {logging_mixin.py:188} INFO - [2026-05-16T13:45:38.050+0000] {dagbag.py:545} INFO - Filling up the DagBag from /opt/airflow/dags/dwh_layer.py
[2026-05-16T13:45:38.053+0000] {processor.py:840} INFO - DAG(s) 'dwh_modeling_dag' retrieved from /opt/airflow/dags/dwh_layer.py
[2026-05-16T13:45:38.060+0000] {logging_mixin.py:188} INFO - [2026-05-16T13:45:38.060+0000] {dag.py:3089} INFO - Sync 1 DAGs
[2026-05-16T13:45:38.064+0000] {logging_mixin.py:188} INFO - [2026-05-16T13:45:38.064+0000] {dag.py:3947} INFO - Setting next_dagrun for dwh_modeling_dag to None, run_after=None
[2026-05-16T13:45:38.072+0000] {processor.py:183} INFO - Processing /opt/airflow/dags/dwh_layer.py took 0.024 seconds
[2026-05-16T13:46:08.388+0000] {processor.py:161} INFO - Started process (PID=21403) to work on /opt/airflow/dags/dwh_layer.py
[2026-05-16T13:46:08.389+0000] {processor.py:830} INFO - Processing file /opt/airflow/dags/dwh_layer.py for tasks to queue
[2026-05-16T13:46:08.389+0000] {logging_mixin.py:188} INFO - [2026-05-16T13:46:08.389+0000] {dagbag.py:545} INFO - Filling up the DagBag from /opt/airflow/dags/dwh_layer.py
[2026-05-16T13:46:08.392+0000] {processor.py:840} INFO - DAG(s) 'dwh_modeling_dag' retrieved from /opt/airflow/dags/dwh_layer.py
[2026-05-16T13:46:08.399+0000] {logging_mixin.py:188} INFO - [2026-05-16T13:46:08.399+0000] {dag.py:3089} INFO - Sync 1 DAGs
[2026-05-16T13:46:08.403+0000] {logging_mixin.py:188} INFO - [2026-05-16T13:46:08.403+0000] {dag.py:3947} INFO - Setting next_dagrun for dwh_modeling_dag to None, run_after=None
[2026-05-16T13:46:08.408+0000] {processor.py:183} INFO - Processing /opt/airflow/dags/dwh_layer.py took 0.022 seconds
[2026-05-16T13:46:38.676+0000] {processor.py:161} INFO - Started process (PID=21464) to work on /opt/airflow/dags/dwh_layer.py
[2026-05-16T13:46:38.676+0000] {processor.py:830} INFO - Processing file /opt/airflow/dags/dwh_layer.py for tasks to queue
[2026-05-16T13:46:38.677+0000] {logging_mixin.py:188} INFO - [2026-05-16T13:46:38.676+0000] {dagbag.py:545} INFO - Filling up the DagBag from /opt/airflow/dags/dwh_layer.py
[2026-05-16T13:46:38.679+0000] {processor.py:840} INFO - DAG(s) 'dwh_modeling_dag' retrieved from /opt/airflow/dags/dwh_layer.py
[2026-05-16T13:46:38.687+0000] {logging_mixin.py:188} INFO - [2026-05-16T13:46:38.687+0000] {dag.py:3089} INFO - Sync 1 DAGs
[2026-05-16T13:46:38.691+0000] {logging_mixin.py:188} INFO - [2026-05-16T13:46:38.691+0000] {dag.py:3947} INFO - Setting next_dagrun for dwh_modeling_dag to None, run_after=None
[2026-05-16T13:46:38.697+0000] {processor.py:183} INFO - Processing /opt/airflow/dags/dwh_layer.py took 0.023 seconds
[2026-05-16T13:47:09.031+0000] {processor.py:161} INFO - Started process (PID=21526) to work on /opt/airflow/dags/dwh_layer.py
[2026-05-16T13:47:09.031+0000] {processor.py:830} INFO - Processing file /opt/airflow/dags/dwh_layer.py for tasks to queue
[2026-05-16T13:47:09.032+0000] {logging_mixin.py:188} INFO - [2026-05-16T13:47:09.032+0000] {dagbag.py:545} INFO - Filling up the DagBag from /opt/airflow/dags/dwh_layer.py
[2026-05-16T13:47:09.035+0000] {processor.py:840} INFO - DAG(s) 'dwh_modeling_dag' retrieved from /opt/airflow/dags/dwh_layer.py
[2026-05-16T13:47:09.044+0000] {logging_mixin.py:188} INFO - [2026-05-16T13:47:09.044+0000] {dag.py:3089} INFO - Sync 1 DAGs
[2026-05-16T13:47:09.049+0000] {logging_mixin.py:188} INFO - [2026-05-16T13:47:09.049+0000] {dag.py:3947} INFO - Setting next_dagrun for dwh_modeling_dag to None, run_after=None
[2026-05-16T13:47:09.053+0000] {processor.py:183} INFO - Processing /opt/airflow/dags/dwh_layer.py took 0.025 seconds
[2026-05-16T13:47:39.397+0000] {processor.py:161} INFO - Started process (PID=21588) to work on /opt/airflow/dags/dwh_layer.py
[2026-05-16T13:47:39.397+0000] {processor.py:830} INFO - Processing file /opt/airflow/dags/dwh_layer.py for tasks to queue
[2026-05-16T13:47:39.397+0000] {logging_mixin.py:188} INFO - [2026-05-16T13:47:39.397+0000] {dagbag.py:545} INFO - Filling up the DagBag from /opt/airflow/dags/dwh_layer.py
[2026-05-16T13:47:39.400+0000] {processor.py:840} INFO - DAG(s) 'dwh_modeling_dag' retrieved from /opt/airflow/dags/dwh_layer.py
[2026-05-16T13:47:39.409+0000] {logging_mixin.py:188} INFO - [2026-05-16T13:47:39.408+0000] {dag.py:3089} INFO - Sync 1 DAGs
[2026-05-16T13:47:39.413+0000] {logging_mixin.py:188} INFO - [2026-05-16T13:47:39.412+0000] {dag.py:3947} INFO - Setting next_dagrun for dwh_modeling_dag to None, run_after=None
[2026-05-16T13:47:39.418+0000] {processor.py:183} INFO - Processing /opt/airflow/dags/dwh_layer.py took 0.023 seconds
[2026-05-16T13:48:09.708+0000] {processor.py:161} INFO - Started process (PID=21650) to work on /opt/airflow/dags/dwh_layer.py
[2026-05-16T13:48:09.709+0000] {processor.py:830} INFO - Processing file /opt/airflow/dags/dwh_layer.py for tasks to queue
[2026-05-16T13:48:09.709+0000] {logging_mixin.py:188} INFO - [2026-05-16T13:48:09.709+0000] {dagbag.py:545} INFO - Filling up the DagBag from /opt/airflow/dags/dwh_layer.py
[2026-05-16T13:48:09.712+0000] {processor.py:840} INFO - DAG(s) 'dwh_modeling_dag' retrieved from /opt/airflow/dags/dwh_layer.py
[2026-05-16T13:48:09.721+0000] {logging_mixin.py:188} INFO - [2026-05-16T13:48:09.721+0000] {dag.py:3089} INFO - Sync 1 DAGs
[2026-05-16T13:48:09.725+0000] {logging_mixin.py:188} INFO - [2026-05-16T13:48:09.725+0000] {dag.py:3947} INFO - Setting next_dagrun for dwh_modeling_dag to None, run_after=None
[2026-05-16T13:48:09.731+0000] {processor.py:183} INFO - Processing /opt/airflow/dags/dwh_layer.py took 0.026 seconds
[2026-05-16T13:48:40.099+0000] {processor.py:161} INFO - Started process (PID=21712) to work on /opt/airflow/dags/dwh_layer.py
[2026-05-16T13:48:40.099+0000] {processor.py:830} INFO - Processing file /opt/airflow/dags/dwh_layer.py for tasks to queue
[2026-05-16T13:48:40.099+0000] {logging_mixin.py:188} INFO - [2026-05-16T13:48:40.099+0000] {dagbag.py:545} INFO - Filling up the DagBag from /opt/airflow/dags/dwh_layer.py
[2026-05-16T13:48:40.103+0000] {processor.py:840} INFO - DAG(s) 'dwh_modeling_dag' retrieved from /opt/airflow/dags/dwh_layer.py
[2026-05-16T13:48:40.110+0000] {logging_mixin.py:188} INFO - [2026-05-16T13:48:40.110+0000] {dag.py:3089} INFO - Sync 1 DAGs
[2026-05-16T13:48:40.114+0000] {logging_mixin.py:188} INFO - [2026-05-16T13:48:40.114+0000] {dag.py:3947} INFO - Setting next_dagrun for dwh_modeling_dag to None, run_after=None
[2026-05-16T13:48:40.118+0000] {processor.py:183} INFO - Processing /opt/airflow/dags/dwh_layer.py took 0.022 seconds
[2026-05-16T13:49:10.474+0000] {processor.py:161} INFO - Started process (PID=21774) to work on /opt/airflow/dags/dwh_layer.py
[2026-05-16T13:49:10.476+0000] {processor.py:830} INFO - Processing file /opt/airflow/dags/dwh_layer.py for tasks to queue
[2026-05-16T13:49:10.477+0000] {logging_mixin.py:188} INFO - [2026-05-16T13:49:10.477+0000] {dagbag.py:545} INFO - Filling up the DagBag from /opt/airflow/dags/dwh_layer.py
[2026-05-16T13:49:10.480+0000] {processor.py:840} INFO - DAG(s) 'dwh_modeling_dag' retrieved from /opt/airflow/dags/dwh_layer.py
[2026-05-16T13:49:10.487+0000] {logging_mixin.py:188} INFO - [2026-05-16T13:49:10.487+0000] {dag.py:3089} INFO - Sync 1 DAGs
[2026-05-16T13:49:10.492+0000] {logging_mixin.py:188} INFO - [2026-05-16T13:49:10.492+0000] {dag.py:3947} INFO - Setting next_dagrun for dwh_modeling_dag to None, run_after=None
[2026-05-16T13:49:10.496+0000] {processor.py:183} INFO - Processing /opt/airflow/dags/dwh_layer.py took 0.024 seconds
[2026-05-16T13:49:40.797+0000] {processor.py:161} INFO - Started process (PID=21835) to work on /opt/airflow/dags/dwh_layer.py
[2026-05-16T13:49:40.797+0000] {processor.py:830} INFO - Processing file /opt/airflow/dags/dwh_layer.py for tasks to queue
[2026-05-16T13:49:40.797+0000] {logging_mixin.py:188} INFO - [2026-05-16T13:49:40.797+0000] {dagbag.py:545} INFO - Filling up the DagBag from /opt/airflow/dags/dwh_layer.py
[2026-05-16T13:49:40.800+0000] {processor.py:840} INFO - DAG(s) 'dwh_modeling_dag' retrieved from /opt/airflow/dags/dwh_layer.py
[2026-05-16T13:49:40.808+0000] {logging_mixin.py:188} INFO - [2026-05-16T13:49:40.808+0000] {dag.py:3089} INFO - Sync 1 DAGs
[2026-05-16T13:49:40.813+0000] {logging_mixin.py:188} INFO - [2026-05-16T13:49:40.813+0000] {dag.py:3947} INFO - Setting next_dagrun for dwh_modeling_dag to None, run_after=None
[2026-05-16T13:49:40.818+0000] {processor.py:183} INFO - Processing /opt/airflow/dags/dwh_layer.py took 0.024 seconds
[2026-05-16T13:50:11.099+0000] {processor.py:161} INFO - Started process (PID=21897) to work on /opt/airflow/dags/dwh_layer.py
[2026-05-16T13:50:11.100+0000] {processor.py:830} INFO - Processing file /opt/airflow/dags/dwh_layer.py for tasks to queue
[2026-05-16T13:50:11.100+0000] {logging_mixin.py:188} INFO - [2026-05-16T13:50:11.100+0000] {dagbag.py:545} INFO - Filling up the DagBag from /opt/airflow/dags/dwh_layer.py
[2026-05-16T13:50:11.103+0000] {processor.py:840} INFO - DAG(s) 'dwh_modeling_dag' retrieved from /opt/airflow/dags/dwh_layer.py
[2026-05-16T13:50:11.111+0000] {logging_mixin.py:188} INFO - [2026-05-16T13:50:11.111+0000] {dag.py:3089} INFO - Sync 1 DAGs
[2026-05-16T13:50:11.115+0000] {logging_mixin.py:188} INFO - [2026-05-16T13:50:11.115+0000] {dag.py:3947} INFO - Setting next_dagrun for dwh_modeling_dag to None, run_after=None
[2026-05-16T13:50:11.119+0000] {processor.py:183} INFO - Processing /opt/airflow/dags/dwh_layer.py took 0.022 seconds
[2026-05-16T13:50:41.410+0000] {processor.py:161} INFO - Started process (PID=21960) to work on /opt/airflow/dags/dwh_layer.py
[2026-05-16T13:50:41.410+0000] {processor.py:830} INFO - Processing file /opt/airflow/dags/dwh_layer.py for tasks to queue
[2026-05-16T13:50:41.411+0000] {logging_mixin.py:188} INFO - [2026-05-16T13:50:41.410+0000] {dagbag.py:545} INFO - Filling up the DagBag from /opt/airflow/dags/dwh_layer.py
[2026-05-16T13:50:41.413+0000] {processor.py:840} INFO - DAG(s) 'dwh_modeling_dag' retrieved from /opt/airflow/dags/dwh_layer.py
[2026-05-16T13:50:41.421+0000] {logging_mixin.py:188} INFO - [2026-05-16T13:50:41.421+0000] {dag.py:3089} INFO - Sync 1 DAGs
[2026-05-16T13:50:41.425+0000] {logging_mixin.py:188} INFO - [2026-05-16T13:50:41.425+0000] {dag.py:3947} INFO - Setting next_dagrun for dwh_modeling_dag to None, run_after=None
[2026-05-16T13:50:41.431+0000] {processor.py:183} INFO - Processing /opt/airflow/dags/dwh_layer.py took 0.024 seconds
[2026-05-16T13:51:11.773+0000] {processor.py:161} INFO - Started process (PID=22022) to work on /opt/airflow/dags/dwh_layer.py
[2026-05-16T13:51:11.774+0000] {processor.py:830} INFO - Processing file /opt/airflow/dags/dwh_layer.py for tasks to queue
[2026-05-16T13:51:11.774+0000] {logging_mixin.py:188} INFO - [2026-05-16T13:51:11.774+0000] {dagbag.py:545} INFO - Filling up the DagBag from /opt/airflow/dags/dwh_layer.py
[2026-05-16T13:51:11.777+0000] {processor.py:840} INFO - DAG(s) 'dwh_modeling_dag' retrieved from /opt/airflow/dags/dwh_layer.py
[2026-05-16T13:51:11.785+0000] {logging_mixin.py:188} INFO - [2026-05-16T13:51:11.785+0000] {dag.py:3089} INFO - Sync 1 DAGs
[2026-05-16T13:51:11.789+0000] {logging_mixin.py:188} INFO - [2026-05-16T13:51:11.789+0000] {dag.py:3947} INFO - Setting next_dagrun for dwh_modeling_dag to None, run_after=None
[2026-05-16T13:51:11.795+0000] {processor.py:183} INFO - Processing /opt/airflow/dags/dwh_layer.py took 0.024 seconds
[2026-05-16T13:51:42.078+0000] {processor.py:161} INFO - Started process (PID=22084) to work on /opt/airflow/dags/dwh_layer.py
[2026-05-16T13:51:42.079+0000] {processor.py:830} INFO - Processing file /opt/airflow/dags/dwh_layer.py for tasks to queue
[2026-05-16T13:51:42.079+0000] {logging_mixin.py:188} INFO - [2026-05-16T13:51:42.079+0000] {dagbag.py:545} INFO - Filling up the DagBag from /opt/airflow/dags/dwh_layer.py
[2026-05-16T13:51:42.082+0000] {processor.py:840} INFO - DAG(s) 'dwh_modeling_dag' retrieved from /opt/airflow/dags/dwh_layer.py
[2026-05-16T13:51:42.090+0000] {logging_mixin.py:188} INFO - [2026-05-16T13:51:42.090+0000] {dag.py:3089} INFO - Sync 1 DAGs
[2026-05-16T13:51:42.094+0000] {logging_mixin.py:188} INFO - [2026-05-16T13:51:42.094+0000] {dag.py:3947} INFO - Setting next_dagrun for dwh_modeling_dag to None, run_after=None
[2026-05-16T13:51:42.099+0000] {processor.py:183} INFO - Processing /opt/airflow/dags/dwh_layer.py took 0.023 seconds
[2026-05-16T13:52:12.449+0000] {processor.py:161} INFO - Started process (PID=22145) to work on /opt/airflow/dags/dwh_layer.py
[2026-05-16T13:52:12.450+0000] {processor.py:830} INFO - Processing file /opt/airflow/dags/dwh_layer.py for tasks to queue
[2026-05-16T13:52:12.450+0000] {logging_mixin.py:188} INFO - [2026-05-16T13:52:12.450+0000] {dagbag.py:545} INFO - Filling up the DagBag from /opt/airflow/dags/dwh_layer.py
[2026-05-16T13:52:12.453+0000] {processor.py:840} INFO - DAG(s) 'dwh_modeling_dag' retrieved from /opt/airflow/dags/dwh_layer.py
[2026-05-16T13:52:12.460+0000] {logging_mixin.py:188} INFO - [2026-05-16T13:52:12.460+0000] {dag.py:3089} INFO - Sync 1 DAGs
[2026-05-16T13:52:12.464+0000] {logging_mixin.py:188} INFO - [2026-05-16T13:52:12.464+0000] {dag.py:3947} INFO - Setting next_dagrun for dwh_modeling_dag to None, run_after=None
[2026-05-16T13:52:12.470+0000] {processor.py:183} INFO - Processing /opt/airflow/dags/dwh_layer.py took 0.023 seconds
[2026-05-16T13:52:43.020+0000] {processor.py:161} INFO - Started process (PID=22207) to work on /opt/airflow/dags/dwh_layer.py
[2026-05-16T13:52:43.021+0000] {processor.py:830} INFO - Processing file /opt/airflow/dags/dwh_layer.py for tasks to queue
[2026-05-16T13:52:43.021+0000] {logging_mixin.py:188} INFO - [2026-05-16T13:52:43.021+0000] {dagbag.py:545} INFO - Filling up the DagBag from /opt/airflow/dags/dwh_layer.py
[2026-05-16T13:52:43.024+0000] {processor.py:840} INFO - DAG(s) 'dwh_modeling_dag' retrieved from /opt/airflow/dags/dwh_layer.py
[2026-05-16T13:52:43.031+0000] {logging_mixin.py:188} INFO - [2026-05-16T13:52:43.031+0000] {dag.py:3089} INFO - Sync 1 DAGs
[2026-05-16T13:52:43.035+0000] {logging_mixin.py:188} INFO - [2026-05-16T13:52:43.035+0000] {dag.py:3947} INFO - Setting next_dagrun for dwh_modeling_dag to None, run_after=None
[2026-05-16T13:52:43.040+0000] {processor.py:183} INFO - Processing /opt/airflow/dags/dwh_layer.py took 0.023 seconds
[2026-05-16T13:53:13.768+0000] {processor.py:161} INFO - Started process (PID=22269) to work on /opt/airflow/dags/dwh_layer.py
[2026-05-16T13:53:13.769+0000] {processor.py:830} INFO - Processing file /opt/airflow/dags/dwh_layer.py for tasks to queue
[2026-05-16T13:53:13.769+0000] {logging_mixin.py:188} INFO - [2026-05-16T13:53:13.769+0000] {dagbag.py:545} INFO - Filling up the DagBag from /opt/airflow/dags/dwh_layer.py
[2026-05-16T13:53:13.772+0000] {processor.py:840} INFO - DAG(s) 'dwh_modeling_dag' retrieved from /opt/airflow/dags/dwh_layer.py
[2026-05-16T13:53:13.780+0000] {logging_mixin.py:188} INFO - [2026-05-16T13:53:13.780+0000] {dag.py:3089} INFO - Sync 1 DAGs
[2026-05-16T13:53:13.785+0000] {logging_mixin.py:188} INFO - [2026-05-16T13:53:13.784+0000] {dag.py:3947} INFO - Setting next_dagrun for dwh_modeling_dag to None, run_after=None
[2026-05-16T13:53:13.790+0000] {processor.py:183} INFO - Processing /opt/airflow/dags/dwh_layer.py took 0.024 seconds
[2026-05-16T13:53:44.529+0000] {processor.py:161} INFO - Started process (PID=22331) to work on /opt/airflow/dags/dwh_layer.py
[2026-05-16T13:53:44.529+0000] {processor.py:830} INFO - Processing file /opt/airflow/dags/dwh_layer.py for tasks to queue
[2026-05-16T13:53:44.529+0000] {logging_mixin.py:188} INFO - [2026-05-16T13:53:44.529+0000] {dagbag.py:545} INFO - Filling up the DagBag from /opt/airflow/dags/dwh_layer.py
[2026-05-16T13:53:44.532+0000] {processor.py:840} INFO - DAG(s) 'dwh_modeling_dag' retrieved from /opt/airflow/dags/dwh_layer.py
[2026-05-16T13:53:44.541+0000] {logging_mixin.py:188} INFO - [2026-05-16T13:53:44.541+0000] {dag.py:3089} INFO - Sync 1 DAGs
[2026-05-16T13:53:44.545+0000] {logging_mixin.py:188} INFO - [2026-05-16T13:53:44.545+0000] {dag.py:3947} INFO - Setting next_dagrun for dwh_modeling_dag to None, run_after=None
[2026-05-16T13:53:44.550+0000] {processor.py:183} INFO - Processing /opt/airflow/dags/dwh_layer.py took 0.024 seconds
[2026-05-16T13:54:15.216+0000] {processor.py:161} INFO - Started process (PID=22393) to work on /opt/airflow/dags/dwh_layer.py
[2026-05-16T13:54:15.216+0000] {processor.py:830} INFO - Processing file /opt/airflow/dags/dwh_layer.py for tasks to queue
[2026-05-16T13:54:15.216+0000] {logging_mixin.py:188} INFO - [2026-05-16T13:54:15.216+0000] {dagbag.py:545} INFO - Filling up the DagBag from /opt/airflow/dags/dwh_layer.py
[2026-05-16T13:54:15.219+0000] {processor.py:840} INFO - DAG(s) 'dwh_modeling_dag' retrieved from /opt/airflow/dags/dwh_layer.py
[2026-05-16T13:54:15.228+0000] {logging_mixin.py:188} INFO - [2026-05-16T13:54:15.228+0000] {dag.py:3089} INFO - Sync 1 DAGs
[2026-05-16T13:54:15.232+0000] {logging_mixin.py:188} INFO - [2026-05-16T13:54:15.232+0000] {dag.py:3947} INFO - Setting next_dagrun for dwh_modeling_dag to None, run_after=None
[2026-05-16T13:54:15.237+0000] {processor.py:183} INFO - Processing /opt/airflow/dags/dwh_layer.py took 0.024 seconds
[2026-05-16T13:54:45.647+0000] {processor.py:161} INFO - Started process (PID=22455) to work on /opt/airflow/dags/dwh_layer.py
[2026-05-16T13:54:45.648+0000] {processor.py:830} INFO - Processing file /opt/airflow/dags/dwh_layer.py for tasks to queue
[2026-05-16T13:54:45.648+0000] {logging_mixin.py:188} INFO - [2026-05-16T13:54:45.648+0000] {dagbag.py:545} INFO - Filling up the DagBag from /opt/airflow/dags/dwh_layer.py
[2026-05-16T13:54:45.651+0000] {processor.py:840} INFO - DAG(s) 'dwh_modeling_dag' retrieved from /opt/airflow/dags/dwh_layer.py
[2026-05-16T13:54:45.659+0000] {logging_mixin.py:188} INFO - [2026-05-16T13:54:45.659+0000] {dag.py:3089} INFO - Sync 1 DAGs
[2026-05-16T13:54:45.664+0000] {logging_mixin.py:188} INFO - [2026-05-16T13:54:45.663+0000] {dag.py:3947} INFO - Setting next_dagrun for dwh_modeling_dag to None, run_after=None
[2026-05-16T13:54:45.669+0000] {processor.py:183} INFO - Processing /opt/airflow/dags/dwh_layer.py took 0.024 seconds
[2026-05-16T13:55:16.068+0000] {processor.py:161} INFO - Started process (PID=22517) to work on /opt/airflow/dags/dwh_layer.py
[2026-05-16T13:55:16.068+0000] {processor.py:830} INFO - Processing file /opt/airflow/dags/dwh_layer.py for tasks to queue
[2026-05-16T13:55:16.068+0000] {logging_mixin.py:188} INFO - [2026-05-16T13:55:16.068+0000] {dagbag.py:545} INFO - Filling up the DagBag from /opt/airflow/dags/dwh_layer.py
[2026-05-16T13:55:16.072+0000] {processor.py:840} INFO - DAG(s) 'dwh_modeling_dag' retrieved from /opt/airflow/dags/dwh_layer.py
[2026-05-16T13:55:16.081+0000] {logging_mixin.py:188} INFO - [2026-05-16T13:55:16.080+0000] {dag.py:3089} INFO - Sync 1 DAGs
[2026-05-16T13:55:16.086+0000] {logging_mixin.py:188} INFO - [2026-05-16T13:55:16.086+0000] {dag.py:3947} INFO - Setting next_dagrun for dwh_modeling_dag to None, run_after=None
[2026-05-16T13:55:16.093+0000] {processor.py:183} INFO - Processing /opt/airflow/dags/dwh_layer.py took 0.029 seconds
[2026-05-16T13:55:46.601+0000] {processor.py:161} INFO - Started process (PID=22579) to work on /opt/airflow/dags/dwh_layer.py
[2026-05-16T13:55:46.602+0000] {processor.py:830} INFO - Processing file /opt/airflow/dags/dwh_layer.py for tasks to queue
[2026-05-16T13:55:46.602+0000] {logging_mixin.py:188} INFO - [2026-05-16T13:55:46.602+0000] {dagbag.py:545} INFO - Filling up the DagBag from /opt/airflow/dags/dwh_layer.py
[2026-05-16T13:55:46.606+0000] {processor.py:840} INFO - DAG(s) 'dwh_modeling_dag' retrieved from /opt/airflow/dags/dwh_layer.py
[2026-05-16T13:55:46.614+0000] {logging_mixin.py:188} INFO - [2026-05-16T13:55:46.614+0000] {dag.py:3089} INFO - Sync 1 DAGs
[2026-05-16T13:55:46.619+0000] {logging_mixin.py:188} INFO - [2026-05-16T13:55:46.619+0000] {dag.py:3947} INFO - Setting next_dagrun for dwh_modeling_dag to None, run_after=None
[2026-05-16T13:55:46.625+0000] {processor.py:183} INFO - Processing /opt/airflow/dags/dwh_layer.py took 0.027 seconds
[2026-05-16T13:56:17.084+0000] {processor.py:161} INFO - Started process (PID=22641) to work on /opt/airflow/dags/dwh_layer.py
[2026-05-16T13:56:17.084+0000] {processor.py:830} INFO - Processing file /opt/airflow/dags/dwh_layer.py for tasks to queue
[2026-05-16T13:56:17.085+0000] {logging_mixin.py:188} INFO - [2026-05-16T13:56:17.085+0000] {dagbag.py:545} INFO - Filling up the DagBag from /opt/airflow/dags/dwh_layer.py
[2026-05-16T13:56:17.087+0000] {processor.py:840} INFO - DAG(s) 'dwh_modeling_dag' retrieved from /opt/airflow/dags/dwh_layer.py
[2026-05-16T13:56:17.096+0000] {logging_mixin.py:188} INFO - [2026-05-16T13:56:17.096+0000] {dag.py:3089} INFO - Sync 1 DAGs
[2026-05-16T13:56:17.100+0000] {logging_mixin.py:188} INFO - [2026-05-16T13:56:17.100+0000] {dag.py:3947} INFO - Setting next_dagrun for dwh_modeling_dag to None, run_after=None
[2026-05-16T13:56:17.105+0000] {processor.py:183} INFO - Processing /opt/airflow/dags/dwh_layer.py took 0.024 seconds
[2026-05-16T13:56:47.501+0000] {processor.py:161} INFO - Started process (PID=22703) to work on /opt/airflow/dags/dwh_layer.py
[2026-05-16T13:56:47.502+0000] {processor.py:830} INFO - Processing file /opt/airflow/dags/dwh_layer.py for tasks to queue
[2026-05-16T13:56:47.502+0000] {logging_mixin.py:188} INFO - [2026-05-16T13:56:47.502+0000] {dagbag.py:545} INFO - Filling up the DagBag from /opt/airflow/dags/dwh_layer.py
[2026-05-16T13:56:47.505+0000] {processor.py:840} INFO - DAG(s) 'dwh_modeling_dag' retrieved from /opt/airflow/dags/dwh_layer.py
[2026-05-16T13:56:47.514+0000] {logging_mixin.py:188} INFO - [2026-05-16T13:56:47.514+0000] {dag.py:3089} INFO - Sync 1 DAGs
[2026-05-16T13:56:47.519+0000] {logging_mixin.py:188} INFO - [2026-05-16T13:56:47.519+0000] {dag.py:3947} INFO - Setting next_dagrun for dwh_modeling_dag to None, run_after=None
[2026-05-16T13:56:47.525+0000] {processor.py:183} INFO - Processing /opt/airflow/dags/dwh_layer.py took 0.027 seconds
[2026-05-16T13:57:17.958+0000] {processor.py:161} INFO - Started process (PID=22765) to work on /opt/airflow/dags/dwh_layer.py
[2026-05-16T13:57:17.958+0000] {processor.py:830} INFO - Processing file /opt/airflow/dags/dwh_layer.py for tasks to queue
[2026-05-16T13:57:17.959+0000] {logging_mixin.py:188} INFO - [2026-05-16T13:57:17.959+0000] {dagbag.py:545} INFO - Filling up the DagBag from /opt/airflow/dags/dwh_layer.py
[2026-05-16T13:57:17.962+0000] {processor.py:840} INFO - DAG(s) 'dwh_modeling_dag' retrieved from /opt/airflow/dags/dwh_layer.py
[2026-05-16T13:57:17.970+0000] {logging_mixin.py:188} INFO - [2026-05-16T13:57:17.970+0000] {dag.py:3089} INFO - Sync 1 DAGs
[2026-05-16T13:57:17.974+0000] {logging_mixin.py:188} INFO - [2026-05-16T13:57:17.974+0000] {dag.py:3947} INFO - Setting next_dagrun for dwh_modeling_dag to None, run_after=None
[2026-05-16T13:57:17.980+0000] {processor.py:183} INFO - Processing /opt/airflow/dags/dwh_layer.py took 0.025 seconds
[2026-05-16T13:57:48.312+0000] {processor.py:161} INFO - Started process (PID=22827) to work on /opt/airflow/dags/dwh_layer.py
[2026-05-16T13:57:48.313+0000] {processor.py:830} INFO - Processing file /opt/airflow/dags/dwh_layer.py for tasks to queue
[2026-05-16T13:57:48.313+0000] {logging_mixin.py:188} INFO - [2026-05-16T13:57:48.313+0000] {dagbag.py:545} INFO - Filling up the DagBag from /opt/airflow/dags/dwh_layer.py
[2026-05-16T13:57:48.316+0000] {processor.py:840} INFO - DAG(s) 'dwh_modeling_dag' retrieved from /opt/airflow/dags/dwh_layer.py
[2026-05-16T13:57:48.324+0000] {logging_mixin.py:188} INFO - [2026-05-16T13:57:48.324+0000] {dag.py:3089} INFO - Sync 1 DAGs
[2026-05-16T13:57:48.328+0000] {logging_mixin.py:188} INFO - [2026-05-16T13:57:48.328+0000] {dag.py:3947} INFO - Setting next_dagrun for dwh_modeling_dag to None, run_after=None
[2026-05-16T13:57:48.333+0000] {processor.py:183} INFO - Processing /opt/airflow/dags/dwh_layer.py took 0.023 seconds
[2026-05-16T13:58:18.768+0000] {processor.py:161} INFO - Started process (PID=22890) to work on /opt/airflow/dags/dwh_layer.py
[2026-05-16T13:58:18.769+0000] {processor.py:830} INFO - Processing file /opt/airflow/dags/dwh_layer.py for tasks to queue
[2026-05-16T13:58:18.769+0000] {logging_mixin.py:188} INFO - [2026-05-16T13:58:18.769+0000] {dagbag.py:545} INFO - Filling up the DagBag from /opt/airflow/dags/dwh_layer.py
[2026-05-16T13:58:18.772+0000] {processor.py:840} INFO - DAG(s) 'dwh_modeling_dag' retrieved from /opt/airflow/dags/dwh_layer.py
[2026-05-16T13:58:18.780+0000] {logging_mixin.py:188} INFO - [2026-05-16T13:58:18.780+0000] {dag.py:3089} INFO - Sync 1 DAGs
[2026-05-16T13:58:18.784+0000] {logging_mixin.py:188} INFO - [2026-05-16T13:58:18.784+0000] {dag.py:3947} INFO - Setting next_dagrun for dwh_modeling_dag to None, run_after=None
[2026-05-16T13:58:18.790+0000] {processor.py:183} INFO - Processing /opt/airflow/dags/dwh_layer.py took 0.024 seconds
[2026-05-16T13:58:49.128+0000] {processor.py:161} INFO - Started process (PID=22951) to work on /opt/airflow/dags/dwh_layer.py
[2026-05-16T13:58:49.129+0000] {processor.py:830} INFO - Processing file /opt/airflow/dags/dwh_layer.py for tasks to queue
[2026-05-16T13:58:49.129+0000] {logging_mixin.py:188} INFO - [2026-05-16T13:58:49.129+0000] {dagbag.py:545} INFO - Filling up the DagBag from /opt/airflow/dags/dwh_layer.py
[2026-05-16T13:58:49.132+0000] {processor.py:840} INFO - DAG(s) 'dwh_modeling_dag' retrieved from /opt/airflow/dags/dwh_layer.py
[2026-05-16T13:58:49.140+0000] {logging_mixin.py:188} INFO - [2026-05-16T13:58:49.140+0000] {dag.py:3089} INFO - Sync 1 DAGs
[2026-05-16T13:58:49.145+0000] {logging_mixin.py:188} INFO - [2026-05-16T13:58:49.145+0000] {dag.py:3947} INFO - Setting next_dagrun for dwh_modeling_dag to None, run_after=None
[2026-05-16T13:58:49.150+0000] {processor.py:183} INFO - Processing /opt/airflow/dags/dwh_layer.py took 0.024 seconds
[2026-05-16T13:59:19.540+0000] {processor.py:161} INFO - Started process (PID=23012) to work on /opt/airflow/dags/dwh_layer.py
[2026-05-16T13:59:19.540+0000] {processor.py:830} INFO - Processing file /opt/airflow/dags/dwh_layer.py for tasks to queue
[2026-05-16T13:59:19.541+0000] {logging_mixin.py:188} INFO - [2026-05-16T13:59:19.541+0000] {dagbag.py:545} INFO - Filling up the DagBag from /opt/airflow/dags/dwh_layer.py
[2026-05-16T13:59:19.544+0000] {processor.py:840} INFO - DAG(s) 'dwh_modeling_dag' retrieved from /opt/airflow/dags/dwh_layer.py
[2026-05-16T13:59:19.552+0000] {logging_mixin.py:188} INFO - [2026-05-16T13:59:19.552+0000] {dag.py:3089} INFO - Sync 1 DAGs
[2026-05-16T13:59:19.557+0000] {logging_mixin.py:188} INFO - [2026-05-16T13:59:19.557+0000] {dag.py:3947} INFO - Setting next_dagrun for dwh_modeling_dag to None, run_after=None
[2026-05-16T13:59:19.562+0000] {processor.py:183} INFO - Processing /opt/airflow/dags/dwh_layer.py took 0.025 seconds
[2026-05-16T13:59:49.983+0000] {processor.py:161} INFO - Started process (PID=23074) to work on /opt/airflow/dags/dwh_layer.py
[2026-05-16T13:59:49.983+0000] {processor.py:830} INFO - Processing file /opt/airflow/dags/dwh_layer.py for tasks to queue
[2026-05-16T13:59:49.984+0000] {logging_mixin.py:188} INFO - [2026-05-16T13:59:49.984+0000] {dagbag.py:545} INFO - Filling up the DagBag from /opt/airflow/dags/dwh_layer.py
[2026-05-16T13:59:49.987+0000] {processor.py:840} INFO - DAG(s) 'dwh_modeling_dag' retrieved from /opt/airflow/dags/dwh_layer.py
[2026-05-16T13:59:49.996+0000] {logging_mixin.py:188} INFO - [2026-05-16T13:59:49.996+0000] {dag.py:3089} INFO - Sync 1 DAGs
[2026-05-16T13:59:50.002+0000] {logging_mixin.py:188} INFO - [2026-05-16T13:59:50.001+0000] {dag.py:3947} INFO - Setting next_dagrun for dwh_modeling_dag to None, run_after=None
[2026-05-16T13:59:50.009+0000] {processor.py:183} INFO - Processing /opt/airflow/dags/dwh_layer.py took 0.029 seconds
[2026-05-16T14:00:20.545+0000] {processor.py:161} INFO - Started process (PID=23136) to work on /opt/airflow/dags/dwh_layer.py
[2026-05-16T14:00:20.545+0000] {processor.py:830} INFO - Processing file /opt/airflow/dags/dwh_layer.py for tasks to queue
[2026-05-16T14:00:20.546+0000] {logging_mixin.py:188} INFO - [2026-05-16T14:00:20.546+0000] {dagbag.py:545} INFO - Filling up the DagBag from /opt/airflow/dags/dwh_layer.py
[2026-05-16T14:00:20.549+0000] {processor.py:840} INFO - DAG(s) 'dwh_modeling_dag' retrieved from /opt/airflow/dags/dwh_layer.py
[2026-05-16T14:00:20.556+0000] {logging_mixin.py:188} INFO - [2026-05-16T14:00:20.556+0000] {dag.py:3089} INFO - Sync 1 DAGs
[2026-05-16T14:00:20.560+0000] {logging_mixin.py:188} INFO - [2026-05-16T14:00:20.560+0000] {dag.py:3947} INFO - Setting next_dagrun for dwh_modeling_dag to None, run_after=None
[2026-05-16T14:00:20.566+0000] {processor.py:183} INFO - Processing /opt/airflow/dags/dwh_layer.py took 0.023 seconds
[2026-05-16T14:00:50.934+0000] {processor.py:161} INFO - Started process (PID=23198) to work on /opt/airflow/dags/dwh_layer.py
[2026-05-16T14:00:50.935+0000] {processor.py:830} INFO - Processing file /opt/airflow/dags/dwh_layer.py for tasks to queue
[2026-05-16T14:00:50.935+0000] {logging_mixin.py:188} INFO - [2026-05-16T14:00:50.935+0000] {dagbag.py:545} INFO - Filling up the DagBag from /opt/airflow/dags/dwh_layer.py
[2026-05-16T14:00:50.938+0000] {processor.py:840} INFO - DAG(s) 'dwh_modeling_dag' retrieved from /opt/airflow/dags/dwh_layer.py
[2026-05-16T14:00:50.946+0000] {logging_mixin.py:188} INFO - [2026-05-16T14:00:50.946+0000] {dag.py:3089} INFO - Sync 1 DAGs
[2026-05-16T14:00:50.950+0000] {logging_mixin.py:188} INFO - [2026-05-16T14:00:50.950+0000] {dag.py:3947} INFO - Setting next_dagrun for dwh_modeling_dag to None, run_after=None
[2026-05-16T14:00:50.955+0000] {processor.py:183} INFO - Processing /opt/airflow/dags/dwh_layer.py took 0.023 seconds
[2026-05-16T14:01:21.365+0000] {processor.py:161} INFO - Started process (PID=23260) to work on /opt/airflow/dags/dwh_layer.py
[2026-05-16T14:01:21.365+0000] {processor.py:830} INFO - Processing file /opt/airflow/dags/dwh_layer.py for tasks to queue
[2026-05-16T14:01:21.366+0000] {logging_mixin.py:188} INFO - [2026-05-16T14:01:21.366+0000] {dagbag.py:545} INFO - Filling up the DagBag from /opt/airflow/dags/dwh_layer.py
[2026-05-16T14:01:21.369+0000] {processor.py:840} INFO - DAG(s) 'dwh_modeling_dag' retrieved from /opt/airflow/dags/dwh_layer.py
[2026-05-16T14:01:21.377+0000] {logging_mixin.py:188} INFO - [2026-05-16T14:01:21.377+0000] {dag.py:3089} INFO - Sync 1 DAGs
[2026-05-16T14:01:21.381+0000] {logging_mixin.py:188} INFO - [2026-05-16T14:01:21.381+0000] {dag.py:3947} INFO - Setting next_dagrun for dwh_modeling_dag to None, run_after=None
[2026-05-16T14:01:21.387+0000] {processor.py:183} INFO - Processing /opt/airflow/dags/dwh_layer.py took 0.024 seconds
[2026-05-16T14:01:51.846+0000] {processor.py:161} INFO - Started process (PID=23322) to work on /opt/airflow/dags/dwh_layer.py
[2026-05-16T14:01:51.846+0000] {processor.py:830} INFO - Processing file /opt/airflow/dags/dwh_layer.py for tasks to queue
[2026-05-16T14:01:51.846+0000] {logging_mixin.py:188} INFO - [2026-05-16T14:01:51.846+0000] {dagbag.py:545} INFO - Filling up the DagBag from /opt/airflow/dags/dwh_layer.py
[2026-05-16T14:01:51.849+0000] {processor.py:840} INFO - DAG(s) 'dwh_modeling_dag' retrieved from /opt/airflow/dags/dwh_layer.py
[2026-05-16T14:01:51.857+0000] {logging_mixin.py:188} INFO - [2026-05-16T14:01:51.857+0000] {dag.py:3089} INFO - Sync 1 DAGs
[2026-05-16T14:01:51.861+0000] {logging_mixin.py:188} INFO - [2026-05-16T14:01:51.861+0000] {dag.py:3947} INFO - Setting next_dagrun for dwh_modeling_dag to None, run_after=None
[2026-05-16T14:01:51.866+0000] {processor.py:183} INFO - Processing /opt/airflow/dags/dwh_layer.py took 0.023 seconds
[2026-05-16T14:02:22.254+0000] {processor.py:161} INFO - Started process (PID=23384) to work on /opt/airflow/dags/dwh_layer.py
[2026-05-16T14:02:22.255+0000] {processor.py:830} INFO - Processing file /opt/airflow/dags/dwh_layer.py for tasks to queue
[2026-05-16T14:02:22.255+0000] {logging_mixin.py:188} INFO - [2026-05-16T14:02:22.255+0000] {dagbag.py:545} INFO - Filling up the DagBag from /opt/airflow/dags/dwh_layer.py
[2026-05-16T14:02:22.258+0000] {processor.py:840} INFO - DAG(s) 'dwh_modeling_dag' retrieved from /opt/airflow/dags/dwh_layer.py
[2026-05-16T14:02:22.266+0000] {logging_mixin.py:188} INFO - [2026-05-16T14:02:22.266+0000] {dag.py:3089} INFO - Sync 1 DAGs
[2026-05-16T14:02:22.270+0000] {logging_mixin.py:188} INFO - [2026-05-16T14:02:22.270+0000] {dag.py:3947} INFO - Setting next_dagrun for dwh_modeling_dag to None, run_after=None
[2026-05-16T14:02:22.275+0000] {processor.py:183} INFO - Processing /opt/airflow/dags/dwh_layer.py took 0.025 seconds
[2026-05-16T14:02:52.591+0000] {processor.py:161} INFO - Started process (PID=23446) to work on /opt/airflow/dags/dwh_layer.py
[2026-05-16T14:02:52.592+0000] {processor.py:830} INFO - Processing file /opt/airflow/dags/dwh_layer.py for tasks to queue
[2026-05-16T14:02:52.592+0000] {logging_mixin.py:188} INFO - [2026-05-16T14:02:52.592+0000] {dagbag.py:545} INFO - Filling up the DagBag from /opt/airflow/dags/dwh_layer.py
[2026-05-16T14:02:52.595+0000] {processor.py:840} INFO - DAG(s) 'dwh_modeling_dag' retrieved from /opt/airflow/dags/dwh_layer.py
[2026-05-16T14:02:52.602+0000] {logging_mixin.py:188} INFO - [2026-05-16T14:02:52.602+0000] {dag.py:3089} INFO - Sync 1 DAGs
[2026-05-16T14:02:52.606+0000] {logging_mixin.py:188} INFO - [2026-05-16T14:02:52.606+0000] {dag.py:3947} INFO - Setting next_dagrun for dwh_modeling_dag to None, run_after=None
[2026-05-16T14:02:52.611+0000] {processor.py:183} INFO - Processing /opt/airflow/dags/dwh_layer.py took 0.022 seconds
[2026-05-16T14:03:23.012+0000] {processor.py:161} INFO - Started process (PID=23508) to work on /opt/airflow/dags/dwh_layer.py
[2026-05-16T14:03:23.017+0000] {processor.py:830} INFO - Processing file /opt/airflow/dags/dwh_layer.py for tasks to queue
[2026-05-16T14:03:23.017+0000] {logging_mixin.py:188} INFO - [2026-05-16T14:03:23.017+0000] {dagbag.py:545} INFO - Filling up the DagBag from /opt/airflow/dags/dwh_layer.py
[2026-05-16T14:03:23.023+0000] {processor.py:840} INFO - DAG(s) 'dwh_modeling_dag' retrieved from /opt/airflow/dags/dwh_layer.py
[2026-05-16T14:03:23.038+0000] {logging_mixin.py:188} INFO - [2026-05-16T14:03:23.038+0000] {dag.py:3089} INFO - Sync 1 DAGs
[2026-05-16T14:03:23.042+0000] {logging_mixin.py:188} INFO - [2026-05-16T14:03:23.042+0000] {dag.py:3947} INFO - Setting next_dagrun for dwh_modeling_dag to None, run_after=None
[2026-05-16T14:03:23.051+0000] {processor.py:183} INFO - Processing /opt/airflow/dags/dwh_layer.py took 0.043 seconds
[2026-05-16T14:03:53.686+0000] {processor.py:161} INFO - Started process (PID=23570) to work on /opt/airflow/dags/dwh_layer.py
[2026-05-16T14:03:53.686+0000] {processor.py:830} INFO - Processing file /opt/airflow/dags/dwh_layer.py for tasks to queue
[2026-05-16T14:03:53.686+0000] {logging_mixin.py:188} INFO - [2026-05-16T14:03:53.686+0000] {dagbag.py:545} INFO - Filling up the DagBag from /opt/airflow/dags/dwh_layer.py
[2026-05-16T14:03:53.689+0000] {processor.py:840} INFO - DAG(s) 'dwh_modeling_dag' retrieved from /opt/airflow/dags/dwh_layer.py
[2026-05-16T14:03:53.697+0000] {logging_mixin.py:188} INFO - [2026-05-16T14:03:53.697+0000] {dag.py:3089} INFO - Sync 1 DAGs
[2026-05-16T14:03:53.701+0000] {logging_mixin.py:188} INFO - [2026-05-16T14:03:53.701+0000] {dag.py:3947} INFO - Setting next_dagrun for dwh_modeling_dag to None, run_after=None
[2026-05-16T14:03:53.706+0000] {processor.py:183} INFO - Processing /opt/airflow/dags/dwh_layer.py took 0.022 seconds
[2026-05-16T14:04:24.444+0000] {processor.py:161} INFO - Started process (PID=23632) to work on /opt/airflow/dags/dwh_layer.py
[2026-05-16T14:04:24.444+0000] {processor.py:830} INFO - Processing file /opt/airflow/dags/dwh_layer.py for tasks to queue
[2026-05-16T14:04:24.445+0000] {logging_mixin.py:188} INFO - [2026-05-16T14:04:24.445+0000] {dagbag.py:545} INFO - Filling up the DagBag from /opt/airflow/dags/dwh_layer.py
[2026-05-16T14:04:24.448+0000] {processor.py:840} INFO - DAG(s) 'dwh_modeling_dag' retrieved from /opt/airflow/dags/dwh_layer.py
[2026-05-16T14:04:24.456+0000] {logging_mixin.py:188} INFO - [2026-05-16T14:04:24.455+0000] {dag.py:3089} INFO - Sync 1 DAGs
[2026-05-16T14:04:24.460+0000] {logging_mixin.py:188} INFO - [2026-05-16T14:04:24.460+0000] {dag.py:3947} INFO - Setting next_dagrun for dwh_modeling_dag to None, run_after=None
[2026-05-16T14:04:24.465+0000] {processor.py:183} INFO - Processing /opt/airflow/dags/dwh_layer.py took 0.024 seconds
[2026-05-16T14:04:55.221+0000] {processor.py:161} INFO - Started process (PID=23694) to work on /opt/airflow/dags/dwh_layer.py
[2026-05-16T14:04:55.221+0000] {processor.py:830} INFO - Processing file /opt/airflow/dags/dwh_layer.py for tasks to queue
[2026-05-16T14:04:55.221+0000] {logging_mixin.py:188} INFO - [2026-05-16T14:04:55.221+0000] {dagbag.py:545} INFO - Filling up the DagBag from /opt/airflow/dags/dwh_layer.py
[2026-05-16T14:04:55.224+0000] {processor.py:840} INFO - DAG(s) 'dwh_modeling_dag' retrieved from /opt/airflow/dags/dwh_layer.py
[2026-05-16T14:04:55.231+0000] {logging_mixin.py:188} INFO - [2026-05-16T14:04:55.231+0000] {dag.py:3089} INFO - Sync 1 DAGs
[2026-05-16T14:04:55.235+0000] {logging_mixin.py:188} INFO - [2026-05-16T14:04:55.235+0000] {dag.py:3947} INFO - Setting next_dagrun for dwh_modeling_dag to None, run_after=None
[2026-05-16T14:04:55.241+0000] {processor.py:183} INFO - Processing /opt/airflow/dags/dwh_layer.py took 0.022 seconds
[2026-05-16T14:05:25.854+0000] {processor.py:161} INFO - Started process (PID=23755) to work on /opt/airflow/dags/dwh_layer.py
[2026-05-16T14:05:25.855+0000] {processor.py:830} INFO - Processing file /opt/airflow/dags/dwh_layer.py for tasks to queue
[2026-05-16T14:05:25.855+0000] {logging_mixin.py:188} INFO - [2026-05-16T14:05:25.855+0000] {dagbag.py:545} INFO - Filling up the DagBag from /opt/airflow/dags/dwh_layer.py
[2026-05-16T14:05:25.858+0000] {processor.py:840} INFO - DAG(s) 'dwh_modeling_dag' retrieved from /opt/airflow/dags/dwh_layer.py
[2026-05-16T14:05:25.866+0000] {logging_mixin.py:188} INFO - [2026-05-16T14:05:25.866+0000] {dag.py:3089} INFO - Sync 1 DAGs
[2026-05-16T14:05:25.870+0000] {logging_mixin.py:188} INFO - [2026-05-16T14:05:25.870+0000] {dag.py:3947} INFO - Setting next_dagrun for dwh_modeling_dag to None, run_after=None
[2026-05-16T14:05:25.876+0000] {processor.py:183} INFO - Processing /opt/airflow/dags/dwh_layer.py took 0.024 seconds
[2026-05-16T14:05:56.266+0000] {processor.py:161} INFO - Started process (PID=23818) to work on /opt/airflow/dags/dwh_layer.py
[2026-05-16T14:05:56.267+0000] {processor.py:830} INFO - Processing file /opt/airflow/dags/dwh_layer.py for tasks to queue
[2026-05-16T14:05:56.267+0000] {logging_mixin.py:188} INFO - [2026-05-16T14:05:56.267+0000] {dagbag.py:545} INFO - Filling up the DagBag from /opt/airflow/dags/dwh_layer.py
[2026-05-16T14:05:56.271+0000] {processor.py:840} INFO - DAG(s) 'dwh_modeling_dag' retrieved from /opt/airflow/dags/dwh_layer.py
[2026-05-16T14:05:56.279+0000] {logging_mixin.py:188} INFO - [2026-05-16T14:05:56.279+0000] {dag.py:3089} INFO - Sync 1 DAGs
[2026-05-16T14:05:56.285+0000] {logging_mixin.py:188} INFO - [2026-05-16T14:05:56.285+0000] {dag.py:3947} INFO - Setting next_dagrun for dwh_modeling_dag to None, run_after=None
[2026-05-16T14:05:56.291+0000] {processor.py:183} INFO - Processing /opt/airflow/dags/dwh_layer.py took 0.028 seconds
[2026-05-16T14:06:26.692+0000] {processor.py:161} INFO - Started process (PID=23880) to work on /opt/airflow/dags/dwh_layer.py
[2026-05-16T14:06:26.692+0000] {processor.py:830} INFO - Processing file /opt/airflow/dags/dwh_layer.py for tasks to queue
[2026-05-16T14:06:26.693+0000] {logging_mixin.py:188} INFO - [2026-05-16T14:06:26.692+0000] {dagbag.py:545} INFO - Filling up the DagBag from /opt/airflow/dags/dwh_layer.py
[2026-05-16T14:06:26.696+0000] {processor.py:840} INFO - DAG(s) 'dwh_modeling_dag' retrieved from /opt/airflow/dags/dwh_layer.py
[2026-05-16T14:06:26.704+0000] {logging_mixin.py:188} INFO - [2026-05-16T14:06:26.704+0000] {dag.py:3089} INFO - Sync 1 DAGs
[2026-05-16T14:06:26.708+0000] {logging_mixin.py:188} INFO - [2026-05-16T14:06:26.708+0000] {dag.py:3947} INFO - Setting next_dagrun for dwh_modeling_dag to None, run_after=None
[2026-05-16T14:06:26.713+0000] {processor.py:183} INFO - Processing /opt/airflow/dags/dwh_layer.py took 0.024 seconds
[2026-05-16T14:06:57.076+0000] {processor.py:161} INFO - Started process (PID=23942) to work on /opt/airflow/dags/dwh_layer.py
[2026-05-16T14:06:57.077+0000] {processor.py:830} INFO - Processing file /opt/airflow/dags/dwh_layer.py for tasks to queue
[2026-05-16T14:06:57.077+0000] {logging_mixin.py:188} INFO - [2026-05-16T14:06:57.077+0000] {dagbag.py:545} INFO - Filling up the DagBag from /opt/airflow/dags/dwh_layer.py
[2026-05-16T14:06:57.081+0000] {processor.py:840} INFO - DAG(s) 'dwh_modeling_dag' retrieved from /opt/airflow/dags/dwh_layer.py
[2026-05-16T14:06:57.088+0000] {logging_mixin.py:188} INFO - [2026-05-16T14:06:57.088+0000] {dag.py:3089} INFO - Sync 1 DAGs
[2026-05-16T14:06:57.093+0000] {logging_mixin.py:188} INFO - [2026-05-16T14:06:57.093+0000] {dag.py:3947} INFO - Setting next_dagrun for dwh_modeling_dag to None, run_after=None
[2026-05-16T14:06:57.098+0000] {processor.py:183} INFO - Processing /opt/airflow/dags/dwh_layer.py took 0.025 seconds
[2026-05-16T14:07:27.618+0000] {processor.py:161} INFO - Started process (PID=24004) to work on /opt/airflow/dags/dwh_layer.py
[2026-05-16T14:07:27.619+0000] {processor.py:830} INFO - Processing file /opt/airflow/dags/dwh_layer.py for tasks to queue
[2026-05-16T14:07:27.619+0000] {logging_mixin.py:188} INFO - [2026-05-16T14:07:27.619+0000] {dagbag.py:545} INFO - Filling up the DagBag from /opt/airflow/dags/dwh_layer.py
[2026-05-16T14:07:27.623+0000] {processor.py:840} INFO - DAG(s) 'dwh_modeling_dag' retrieved from /opt/airflow/dags/dwh_layer.py
[2026-05-16T14:07:27.631+0000] {logging_mixin.py:188} INFO - [2026-05-16T14:07:27.631+0000] {dag.py:3089} INFO - Sync 1 DAGs
[2026-05-16T14:07:27.636+0000] {logging_mixin.py:188} INFO - [2026-05-16T14:07:27.636+0000] {dag.py:3947} INFO - Setting next_dagrun for dwh_modeling_dag to None, run_after=None
[2026-05-16T14:07:27.642+0000] {processor.py:183} INFO - Processing /opt/airflow/dags/dwh_layer.py took 0.026 seconds
[2026-05-16T14:07:58.041+0000] {processor.py:161} INFO - Started process (PID=24066) to work on /opt/airflow/dags/dwh_layer.py
[2026-05-16T14:07:58.041+0000] {processor.py:830} INFO - Processing file /opt/airflow/dags/dwh_layer.py for tasks to queue
[2026-05-16T14:07:58.042+0000] {logging_mixin.py:188} INFO - [2026-05-16T14:07:58.042+0000] {dagbag.py:545} INFO - Filling up the DagBag from /opt/airflow/dags/dwh_layer.py
[2026-05-16T14:07:58.045+0000] {processor.py:840} INFO - DAG(s) 'dwh_modeling_dag' retrieved from /opt/airflow/dags/dwh_layer.py
[2026-05-16T14:07:58.053+0000] {logging_mixin.py:188} INFO - [2026-05-16T14:07:58.053+0000] {dag.py:3089} INFO - Sync 1 DAGs
[2026-05-16T14:07:58.058+0000] {logging_mixin.py:188} INFO - [2026-05-16T14:07:58.058+0000] {dag.py:3947} INFO - Setting next_dagrun for dwh_modeling_dag to None, run_after=None
[2026-05-16T14:07:58.064+0000] {processor.py:183} INFO - Processing /opt/airflow/dags/dwh_layer.py took 0.026 seconds
[2026-05-16T14:08:28.469+0000] {processor.py:161} INFO - Started process (PID=24134) to work on /opt/airflow/dags/dwh_layer.py
[2026-05-16T14:08:28.469+0000] {processor.py:830} INFO - Processing file /opt/airflow/dags/dwh_layer.py for tasks to queue
[2026-05-16T14:08:28.470+0000] {logging_mixin.py:188} INFO - [2026-05-16T14:08:28.470+0000] {dagbag.py:545} INFO - Filling up the DagBag from /opt/airflow/dags/dwh_layer.py
[2026-05-16T14:08:28.473+0000] {processor.py:840} INFO - DAG(s) 'dwh_modeling_dag' retrieved from /opt/airflow/dags/dwh_layer.py
[2026-05-16T14:08:28.480+0000] {logging_mixin.py:188} INFO - [2026-05-16T14:08:28.480+0000] {dag.py:3089} INFO - Sync 1 DAGs
[2026-05-16T14:08:28.485+0000] {logging_mixin.py:188} INFO - [2026-05-16T14:08:28.485+0000] {dag.py:3947} INFO - Setting next_dagrun for dwh_modeling_dag to None, run_after=None
[2026-05-16T14:08:28.490+0000] {processor.py:183} INFO - Processing /opt/airflow/dags/dwh_layer.py took 0.024 seconds
[2026-05-16T14:08:58.880+0000] {processor.py:161} INFO - Started process (PID=24196) to work on /opt/airflow/dags/dwh_layer.py
[2026-05-16T14:08:58.881+0000] {processor.py:830} INFO - Processing file /opt/airflow/dags/dwh_layer.py for tasks to queue
[2026-05-16T14:08:58.881+0000] {logging_mixin.py:188} INFO - [2026-05-16T14:08:58.881+0000] {dagbag.py:545} INFO - Filling up the DagBag from /opt/airflow/dags/dwh_layer.py
[2026-05-16T14:08:58.885+0000] {processor.py:840} INFO - DAG(s) 'dwh_modeling_dag' retrieved from /opt/airflow/dags/dwh_layer.py
[2026-05-16T14:08:58.895+0000] {logging_mixin.py:188} INFO - [2026-05-16T14:08:58.895+0000] {dag.py:3089} INFO - Sync 1 DAGs
[2026-05-16T14:08:58.900+0000] {logging_mixin.py:188} INFO - [2026-05-16T14:08:58.900+0000] {dag.py:3947} INFO - Setting next_dagrun for dwh_modeling_dag to None, run_after=None
[2026-05-16T14:08:58.907+0000] {processor.py:183} INFO - Processing /opt/airflow/dags/dwh_layer.py took 0.029 seconds
[2026-05-16T14:09:29.334+0000] {processor.py:161} INFO - Started process (PID=24258) to work on /opt/airflow/dags/dwh_layer.py
[2026-05-16T14:09:29.335+0000] {processor.py:830} INFO - Processing file /opt/airflow/dags/dwh_layer.py for tasks to queue
[2026-05-16T14:09:29.335+0000] {logging_mixin.py:188} INFO - [2026-05-16T14:09:29.335+0000] {dagbag.py:545} INFO - Filling up the DagBag from /opt/airflow/dags/dwh_layer.py
[2026-05-16T14:09:29.339+0000] {processor.py:840} INFO - DAG(s) 'dwh_modeling_dag' retrieved from /opt/airflow/dags/dwh_layer.py
[2026-05-16T14:09:29.348+0000] {logging_mixin.py:188} INFO - [2026-05-16T14:09:29.348+0000] {dag.py:3089} INFO - Sync 1 DAGs
[2026-05-16T14:09:29.353+0000] {logging_mixin.py:188} INFO - [2026-05-16T14:09:29.353+0000] {dag.py:3947} INFO - Setting next_dagrun for dwh_modeling_dag to None, run_after=None
[2026-05-16T14:09:29.359+0000] {processor.py:183} INFO - Processing /opt/airflow/dags/dwh_layer.py took 0.027 seconds
[2026-05-16T14:09:59.935+0000] {processor.py:161} INFO - Started process (PID=24320) to work on /opt/airflow/dags/dwh_layer.py
[2026-05-16T14:09:59.935+0000] {processor.py:830} INFO - Processing file /opt/airflow/dags/dwh_layer.py for tasks to queue
[2026-05-16T14:09:59.935+0000] {logging_mixin.py:188} INFO - [2026-05-16T14:09:59.935+0000] {dagbag.py:545} INFO - Filling up the DagBag from /opt/airflow/dags/dwh_layer.py
[2026-05-16T14:09:59.939+0000] {processor.py:840} INFO - DAG(s) 'dwh_modeling_dag' retrieved from /opt/airflow/dags/dwh_layer.py
[2026-05-16T14:09:59.948+0000] {logging_mixin.py:188} INFO - [2026-05-16T14:09:59.948+0000] {dag.py:3089} INFO - Sync 1 DAGs
[2026-05-16T14:09:59.953+0000] {logging_mixin.py:188} INFO - [2026-05-16T14:09:59.953+0000] {dag.py:3947} INFO - Setting next_dagrun for dwh_modeling_dag to None, run_after=None
[2026-05-16T14:09:59.960+0000] {processor.py:183} INFO - Processing /opt/airflow/dags/dwh_layer.py took 0.028 seconds
[2026-05-16T14:10:30.505+0000] {processor.py:161} INFO - Started process (PID=24382) to work on /opt/airflow/dags/dwh_layer.py
[2026-05-16T14:10:30.506+0000] {processor.py:830} INFO - Processing file /opt/airflow/dags/dwh_layer.py for tasks to queue
[2026-05-16T14:10:30.506+0000] {logging_mixin.py:188} INFO - [2026-05-16T14:10:30.506+0000] {dagbag.py:545} INFO - Filling up the DagBag from /opt/airflow/dags/dwh_layer.py
[2026-05-16T14:10:30.509+0000] {processor.py:840} INFO - DAG(s) 'dwh_modeling_dag' retrieved from /opt/airflow/dags/dwh_layer.py
[2026-05-16T14:10:30.518+0000] {logging_mixin.py:188} INFO - [2026-05-16T14:10:30.517+0000] {dag.py:3089} INFO - Sync 1 DAGs
[2026-05-16T14:10:30.522+0000] {logging_mixin.py:188} INFO - [2026-05-16T14:10:30.522+0000] {dag.py:3947} INFO - Setting next_dagrun for dwh_modeling_dag to None, run_after=None
[2026-05-16T14:10:30.528+0000] {processor.py:183} INFO - Processing /opt/airflow/dags/dwh_layer.py took 0.025 seconds
[2026-05-16T14:11:00.945+0000] {processor.py:161} INFO - Started process (PID=24444) to work on /opt/airflow/dags/dwh_layer.py
[2026-05-16T14:11:00.945+0000] {processor.py:830} INFO - Processing file /opt/airflow/dags/dwh_layer.py for tasks to queue
[2026-05-16T14:11:00.946+0000] {logging_mixin.py:188} INFO - [2026-05-16T14:11:00.945+0000] {dagbag.py:545} INFO - Filling up the DagBag from /opt/airflow/dags/dwh_layer.py
[2026-05-16T14:11:00.949+0000] {processor.py:840} INFO - DAG(s) 'dwh_modeling_dag' retrieved from /opt/airflow/dags/dwh_layer.py
[2026-05-16T14:11:00.957+0000] {logging_mixin.py:188} INFO - [2026-05-16T14:11:00.957+0000] {dag.py:3089} INFO - Sync 1 DAGs
[2026-05-16T14:11:00.961+0000] {logging_mixin.py:188} INFO - [2026-05-16T14:11:00.961+0000] {dag.py:3947} INFO - Setting next_dagrun for dwh_modeling_dag to None, run_after=None
[2026-05-16T14:11:00.966+0000] {processor.py:183} INFO - Processing /opt/airflow/dags/dwh_layer.py took 0.024 seconds
[2026-05-16T14:11:31.337+0000] {processor.py:161} INFO - Started process (PID=24506) to work on /opt/airflow/dags/dwh_layer.py
[2026-05-16T14:11:31.338+0000] {processor.py:830} INFO - Processing file /opt/airflow/dags/dwh_layer.py for tasks to queue
[2026-05-16T14:11:31.338+0000] {logging_mixin.py:188} INFO - [2026-05-16T14:11:31.338+0000] {dagbag.py:545} INFO - Filling up the DagBag from /opt/airflow/dags/dwh_layer.py
[2026-05-16T14:11:31.341+0000] {processor.py:840} INFO - DAG(s) 'dwh_modeling_dag' retrieved from /opt/airflow/dags/dwh_layer.py
[2026-05-16T14:11:31.349+0000] {logging_mixin.py:188} INFO - [2026-05-16T14:11:31.349+0000] {dag.py:3089} INFO - Sync 1 DAGs
[2026-05-16T14:11:31.353+0000] {logging_mixin.py:188} INFO - [2026-05-16T14:11:31.353+0000] {dag.py:3947} INFO - Setting next_dagrun for dwh_modeling_dag to None, run_after=None
[2026-05-16T14:11:31.358+0000] {processor.py:183} INFO - Processing /opt/airflow/dags/dwh_layer.py took 0.026 seconds
[2026-05-16T14:12:01.751+0000] {processor.py:161} INFO - Started process (PID=24568) to work on /opt/airflow/dags/dwh_layer.py
[2026-05-16T14:12:01.752+0000] {processor.py:830} INFO - Processing file /opt/airflow/dags/dwh_layer.py for tasks to queue
[2026-05-16T14:12:01.752+0000] {logging_mixin.py:188} INFO - [2026-05-16T14:12:01.752+0000] {dagbag.py:545} INFO - Filling up the DagBag from /opt/airflow/dags/dwh_layer.py
[2026-05-16T14:12:01.755+0000] {processor.py:840} INFO - DAG(s) 'dwh_modeling_dag' retrieved from /opt/airflow/dags/dwh_layer.py
[2026-05-16T14:12:01.763+0000] {logging_mixin.py:188} INFO - [2026-05-16T14:12:01.763+0000] {dag.py:3089} INFO - Sync 1 DAGs
[2026-05-16T14:12:01.767+0000] {logging_mixin.py:188} INFO - [2026-05-16T14:12:01.767+0000] {dag.py:3947} INFO - Setting next_dagrun for dwh_modeling_dag to None, run_after=None
[2026-05-16T14:12:01.773+0000] {processor.py:183} INFO - Processing /opt/airflow/dags/dwh_layer.py took 0.024 seconds
[2026-05-16T14:12:32.278+0000] {processor.py:161} INFO - Started process (PID=24630) to work on /opt/airflow/dags/dwh_layer.py
[2026-05-16T14:12:32.279+0000] {processor.py:830} INFO - Processing file /opt/airflow/dags/dwh_layer.py for tasks to queue
[2026-05-16T14:12:32.279+0000] {logging_mixin.py:188} INFO - [2026-05-16T14:12:32.279+0000] {dagbag.py:545} INFO - Filling up the DagBag from /opt/airflow/dags/dwh_layer.py
[2026-05-16T14:12:32.282+0000] {processor.py:840} INFO - DAG(s) 'dwh_modeling_dag' retrieved from /opt/airflow/dags/dwh_layer.py
[2026-05-16T14:12:32.290+0000] {logging_mixin.py:188} INFO - [2026-05-16T14:12:32.290+0000] {dag.py:3089} INFO - Sync 1 DAGs
[2026-05-16T14:12:32.295+0000] {logging_mixin.py:188} INFO - [2026-05-16T14:12:32.295+0000] {dag.py:3947} INFO - Setting next_dagrun for dwh_modeling_dag to None, run_after=None
[2026-05-16T14:12:32.300+0000] {processor.py:183} INFO - Processing /opt/airflow/dags/dwh_layer.py took 0.024 seconds
[2026-05-16T14:13:02.722+0000] {processor.py:161} INFO - Started process (PID=24692) to work on /opt/airflow/dags/dwh_layer.py
[2026-05-16T14:13:02.723+0000] {processor.py:830} INFO - Processing file /opt/airflow/dags/dwh_layer.py for tasks to queue
[2026-05-16T14:13:02.723+0000] {logging_mixin.py:188} INFO - [2026-05-16T14:13:02.723+0000] {dagbag.py:545} INFO - Filling up the DagBag from /opt/airflow/dags/dwh_layer.py
[2026-05-16T14:13:02.726+0000] {processor.py:840} INFO - DAG(s) 'dwh_modeling_dag' retrieved from /opt/airflow/dags/dwh_layer.py
[2026-05-16T14:13:02.734+0000] {logging_mixin.py:188} INFO - [2026-05-16T14:13:02.733+0000] {dag.py:3089} INFO - Sync 1 DAGs
[2026-05-16T14:13:02.738+0000] {logging_mixin.py:188} INFO - [2026-05-16T14:13:02.738+0000] {dag.py:3947} INFO - Setting next_dagrun for dwh_modeling_dag to None, run_after=None
[2026-05-16T14:13:02.743+0000] {processor.py:183} INFO - Processing /opt/airflow/dags/dwh_layer.py took 0.024 seconds
[2026-05-16T14:13:33.242+0000] {processor.py:161} INFO - Started process (PID=24753) to work on /opt/airflow/dags/dwh_layer.py
[2026-05-16T14:13:33.243+0000] {processor.py:830} INFO - Processing file /opt/airflow/dags/dwh_layer.py for tasks to queue
[2026-05-16T14:13:33.243+0000] {logging_mixin.py:188} INFO - [2026-05-16T14:13:33.243+0000] {dagbag.py:545} INFO - Filling up the DagBag from /opt/airflow/dags/dwh_layer.py
[2026-05-16T14:13:33.246+0000] {processor.py:840} INFO - DAG(s) 'dwh_modeling_dag' retrieved from /opt/airflow/dags/dwh_layer.py
[2026-05-16T14:13:33.255+0000] {logging_mixin.py:188} INFO - [2026-05-16T14:13:33.255+0000] {dag.py:3089} INFO - Sync 1 DAGs
[2026-05-16T14:13:33.259+0000] {logging_mixin.py:188} INFO - [2026-05-16T14:13:33.259+0000] {dag.py:3947} INFO - Setting next_dagrun for dwh_modeling_dag to None, run_after=None
[2026-05-16T14:13:33.265+0000] {processor.py:183} INFO - Processing /opt/airflow/dags/dwh_layer.py took 0.025 seconds
[2026-05-16T14:14:03.744+0000] {processor.py:161} INFO - Started process (PID=24815) to work on /opt/airflow/dags/dwh_layer.py
[2026-05-16T14:14:03.745+0000] {processor.py:830} INFO - Processing file /opt/airflow/dags/dwh_layer.py for tasks to queue
[2026-05-16T14:14:03.745+0000] {logging_mixin.py:188} INFO - [2026-05-16T14:14:03.745+0000] {dagbag.py:545} INFO - Filling up the DagBag from /opt/airflow/dags/dwh_layer.py
[2026-05-16T14:14:03.748+0000] {processor.py:840} INFO - DAG(s) 'dwh_modeling_dag' retrieved from /opt/airflow/dags/dwh_layer.py
[2026-05-16T14:14:03.756+0000] {logging_mixin.py:188} INFO - [2026-05-16T14:14:03.756+0000] {dag.py:3089} INFO - Sync 1 DAGs
[2026-05-16T14:14:03.760+0000] {logging_mixin.py:188} INFO - [2026-05-16T14:14:03.760+0000] {dag.py:3947} INFO - Setting next_dagrun for dwh_modeling_dag to None, run_after=None
[2026-05-16T14:14:03.766+0000] {processor.py:183} INFO - Processing /opt/airflow/dags/dwh_layer.py took 0.024 seconds
[2026-05-16T14:14:34.638+0000] {processor.py:161} INFO - Started process (PID=24877) to work on /opt/airflow/dags/dwh_layer.py
[2026-05-16T14:14:34.638+0000] {processor.py:830} INFO - Processing file /opt/airflow/dags/dwh_layer.py for tasks to queue
[2026-05-16T14:14:34.639+0000] {logging_mixin.py:188} INFO - [2026-05-16T14:14:34.639+0000] {dagbag.py:545} INFO - Filling up the DagBag from /opt/airflow/dags/dwh_layer.py
[2026-05-16T14:14:34.642+0000] {processor.py:840} INFO - DAG(s) 'dwh_modeling_dag' retrieved from /opt/airflow/dags/dwh_layer.py
[2026-05-16T14:14:34.650+0000] {logging_mixin.py:188} INFO - [2026-05-16T14:14:34.650+0000] {dag.py:3089} INFO - Sync 1 DAGs
[2026-05-16T14:14:34.655+0000] {logging_mixin.py:188} INFO - [2026-05-16T14:14:34.655+0000] {dag.py:3947} INFO - Setting next_dagrun for dwh_modeling_dag to None, run_after=None
[2026-05-16T14:14:34.660+0000] {processor.py:183} INFO - Processing /opt/airflow/dags/dwh_layer.py took 0.025 seconds
[2026-05-16T14:15:05.136+0000] {processor.py:161} INFO - Started process (PID=24939) to work on /opt/airflow/dags/dwh_layer.py
[2026-05-16T14:15:05.136+0000] {processor.py:830} INFO - Processing file /opt/airflow/dags/dwh_layer.py for tasks to queue
[2026-05-16T14:15:05.136+0000] {logging_mixin.py:188} INFO - [2026-05-16T14:15:05.136+0000] {dagbag.py:545} INFO - Filling up the DagBag from /opt/airflow/dags/dwh_layer.py
[2026-05-16T14:15:05.139+0000] {processor.py:840} INFO - DAG(s) 'dwh_modeling_dag' retrieved from /opt/airflow/dags/dwh_layer.py
[2026-05-16T14:15:05.146+0000] {logging_mixin.py:188} INFO - [2026-05-16T14:15:05.146+0000] {dag.py:3089} INFO - Sync 1 DAGs
[2026-05-16T14:15:05.150+0000] {logging_mixin.py:188} INFO - [2026-05-16T14:15:05.150+0000] {dag.py:3947} INFO - Setting next_dagrun for dwh_modeling_dag to None, run_after=None
[2026-05-16T14:15:05.155+0000] {processor.py:183} INFO - Processing /opt/airflow/dags/dwh_layer.py took 0.022 seconds
[2026-05-16T14:15:35.592+0000] {processor.py:161} INFO - Started process (PID=25001) to work on /opt/airflow/dags/dwh_layer.py
[2026-05-16T14:15:35.593+0000] {processor.py:830} INFO - Processing file /opt/airflow/dags/dwh_layer.py for tasks to queue
[2026-05-16T14:15:35.593+0000] {logging_mixin.py:188} INFO - [2026-05-16T14:15:35.593+0000] {dagbag.py:545} INFO - Filling up the DagBag from /opt/airflow/dags/dwh_layer.py
[2026-05-16T14:15:35.597+0000] {processor.py:840} INFO - DAG(s) 'dwh_modeling_dag' retrieved from /opt/airflow/dags/dwh_layer.py
[2026-05-16T14:15:35.606+0000] {logging_mixin.py:188} INFO - [2026-05-16T14:15:35.606+0000] {dag.py:3089} INFO - Sync 1 DAGs
[2026-05-16T14:15:35.611+0000] {logging_mixin.py:188} INFO - [2026-05-16T14:15:35.611+0000] {dag.py:3947} INFO - Setting next_dagrun for dwh_modeling_dag to None, run_after=None
[2026-05-16T14:15:35.618+0000] {processor.py:183} INFO - Processing /opt/airflow/dags/dwh_layer.py took 0.029 seconds
[2026-05-16T14:27:54.688+0000] {processor.py:161} INFO - Started process (PID=25057) to work on /opt/airflow/dags/dwh_layer.py
[2026-05-16T14:27:54.688+0000] {processor.py:830} INFO - Processing file /opt/airflow/dags/dwh_layer.py for tasks to queue
[2026-05-16T14:27:54.689+0000] {logging_mixin.py:188} INFO - [2026-05-16T14:27:54.689+0000] {dagbag.py:545} INFO - Filling up the DagBag from /opt/airflow/dags/dwh_layer.py
[2026-05-16T14:27:54.692+0000] {processor.py:840} INFO - DAG(s) 'dwh_modeling_dag' retrieved from /opt/airflow/dags/dwh_layer.py
[2026-05-16T14:27:54.702+0000] {logging_mixin.py:188} INFO - [2026-05-16T14:27:54.701+0000] {dag.py:3089} INFO - Sync 1 DAGs
[2026-05-16T14:27:54.706+0000] {logging_mixin.py:188} INFO - [2026-05-16T14:27:54.706+0000] {dag.py:3947} INFO - Setting next_dagrun for dwh_modeling_dag to None, run_after=None
[2026-05-16T14:27:54.712+0000] {processor.py:183} INFO - Processing /opt/airflow/dags/dwh_layer.py took 0.027 seconds
[2026-05-16T14:28:25.163+0000] {processor.py:161} INFO - Started process (PID=25118) to work on /opt/airflow/dags/dwh_layer.py
[2026-05-16T14:28:25.164+0000] {processor.py:830} INFO - Processing file /opt/airflow/dags/dwh_layer.py for tasks to queue
[2026-05-16T14:28:25.164+0000] {logging_mixin.py:188} INFO - [2026-05-16T14:28:25.164+0000] {dagbag.py:545} INFO - Filling up the DagBag from /opt/airflow/dags/dwh_layer.py
[2026-05-16T14:28:25.167+0000] {processor.py:840} INFO - DAG(s) 'dwh_modeling_dag' retrieved from /opt/airflow/dags/dwh_layer.py
[2026-05-16T14:28:25.175+0000] {logging_mixin.py:188} INFO - [2026-05-16T14:28:25.175+0000] {dag.py:3089} INFO - Sync 1 DAGs
[2026-05-16T14:28:25.179+0000] {logging_mixin.py:188} INFO - [2026-05-16T14:28:25.179+0000] {dag.py:3947} INFO - Setting next_dagrun for dwh_modeling_dag to None, run_after=None
[2026-05-16T14:28:25.185+0000] {processor.py:183} INFO - Processing /opt/airflow/dags/dwh_layer.py took 0.024 seconds
[2026-05-16T14:28:55.544+0000] {processor.py:161} INFO - Started process (PID=25180) to work on /opt/airflow/dags/dwh_layer.py
[2026-05-16T14:28:55.545+0000] {processor.py:830} INFO - Processing file /opt/airflow/dags/dwh_layer.py for tasks to queue
[2026-05-16T14:28:55.545+0000] {logging_mixin.py:188} INFO - [2026-05-16T14:28:55.545+0000] {dagbag.py:545} INFO - Filling up the DagBag from /opt/airflow/dags/dwh_layer.py
[2026-05-16T14:28:55.548+0000] {processor.py:840} INFO - DAG(s) 'dwh_modeling_dag' retrieved from /opt/airflow/dags/dwh_layer.py
[2026-05-16T14:28:55.556+0000] {logging_mixin.py:188} INFO - [2026-05-16T14:28:55.556+0000] {dag.py:3089} INFO - Sync 1 DAGs
[2026-05-16T14:28:55.560+0000] {logging_mixin.py:188} INFO - [2026-05-16T14:28:55.560+0000] {dag.py:3947} INFO - Setting next_dagrun for dwh_modeling_dag to None, run_after=None
[2026-05-16T14:28:55.566+0000] {processor.py:183} INFO - Processing /opt/airflow/dags/dwh_layer.py took 0.024 seconds
[2026-05-16T14:29:26.110+0000] {processor.py:161} INFO - Started process (PID=25242) to work on /opt/airflow/dags/dwh_layer.py
[2026-05-16T14:29:26.110+0000] {processor.py:830} INFO - Processing file /opt/airflow/dags/dwh_layer.py for tasks to queue
[2026-05-16T14:29:26.111+0000] {logging_mixin.py:188} INFO - [2026-05-16T14:29:26.111+0000] {dagbag.py:545} INFO - Filling up the DagBag from /opt/airflow/dags/dwh_layer.py
[2026-05-16T14:29:26.118+0000] {processor.py:840} INFO - DAG(s) 'dwh_modeling_dag' retrieved from /opt/airflow/dags/dwh_layer.py
[2026-05-16T14:29:26.125+0000] {logging_mixin.py:188} INFO - [2026-05-16T14:29:26.125+0000] {dag.py:3089} INFO - Sync 1 DAGs
[2026-05-16T14:29:26.131+0000] {logging_mixin.py:188} INFO - [2026-05-16T14:29:26.131+0000] {dag.py:3947} INFO - Setting next_dagrun for dwh_modeling_dag to None, run_after=None
[2026-05-16T14:29:26.138+0000] {processor.py:183} INFO - Processing /opt/airflow/dags/dwh_layer.py took 0.034 seconds
[2026-05-16T14:29:56.782+0000] {processor.py:161} INFO - Started process (PID=25304) to work on /opt/airflow/dags/dwh_layer.py
[2026-05-16T14:29:56.783+0000] {processor.py:830} INFO - Processing file /opt/airflow/dags/dwh_layer.py for tasks to queue
[2026-05-16T14:29:56.783+0000] {logging_mixin.py:188} INFO - [2026-05-16T14:29:56.783+0000] {dagbag.py:545} INFO - Filling up the DagBag from /opt/airflow/dags/dwh_layer.py
[2026-05-16T14:29:56.786+0000] {processor.py:840} INFO - DAG(s) 'dwh_modeling_dag' retrieved from /opt/airflow/dags/dwh_layer.py
[2026-05-16T14:29:56.795+0000] {logging_mixin.py:188} INFO - [2026-05-16T14:29:56.795+0000] {dag.py:3089} INFO - Sync 1 DAGs
[2026-05-16T14:29:56.799+0000] {logging_mixin.py:188} INFO - [2026-05-16T14:29:56.799+0000] {dag.py:3947} INFO - Setting next_dagrun for dwh_modeling_dag to None, run_after=None
[2026-05-16T14:29:56.808+0000] {processor.py:183} INFO - Processing /opt/airflow/dags/dwh_layer.py took 0.028 seconds
[2026-05-16T14:30:27.226+0000] {processor.py:161} INFO - Started process (PID=25365) to work on /opt/airflow/dags/dwh_layer.py
[2026-05-16T14:30:27.226+0000] {processor.py:830} INFO - Processing file /opt/airflow/dags/dwh_layer.py for tasks to queue
[2026-05-16T14:30:27.226+0000] {logging_mixin.py:188} INFO - [2026-05-16T14:30:27.226+0000] {dagbag.py:545} INFO - Filling up the DagBag from /opt/airflow/dags/dwh_layer.py
[2026-05-16T14:30:27.230+0000] {processor.py:840} INFO - DAG(s) 'dwh_modeling_dag' retrieved from /opt/airflow/dags/dwh_layer.py
[2026-05-16T14:30:27.243+0000] {logging_mixin.py:188} INFO - [2026-05-16T14:30:27.243+0000] {dag.py:3089} INFO - Sync 1 DAGs
[2026-05-16T14:30:27.251+0000] {logging_mixin.py:188} INFO - [2026-05-16T14:30:27.251+0000] {dag.py:3947} INFO - Setting next_dagrun for dwh_modeling_dag to None, run_after=None
[2026-05-16T14:30:27.257+0000] {processor.py:183} INFO - Processing /opt/airflow/dags/dwh_layer.py took 0.034 seconds
[2026-05-16T14:30:57.641+0000] {processor.py:161} INFO - Started process (PID=25427) to work on /opt/airflow/dags/dwh_layer.py
[2026-05-16T14:30:57.642+0000] {processor.py:830} INFO - Processing file /opt/airflow/dags/dwh_layer.py for tasks to queue
[2026-05-16T14:30:57.642+0000] {logging_mixin.py:188} INFO - [2026-05-16T14:30:57.642+0000] {dagbag.py:545} INFO - Filling up the DagBag from /opt/airflow/dags/dwh_layer.py
[2026-05-16T14:30:57.645+0000] {processor.py:840} INFO - DAG(s) 'dwh_modeling_dag' retrieved from /opt/airflow/dags/dwh_layer.py
[2026-05-16T14:30:57.653+0000] {logging_mixin.py:188} INFO - [2026-05-16T14:30:57.653+0000] {dag.py:3089} INFO - Sync 1 DAGs
[2026-05-16T14:30:57.658+0000] {logging_mixin.py:188} INFO - [2026-05-16T14:30:57.657+0000] {dag.py:3947} INFO - Setting next_dagrun for dwh_modeling_dag to None, run_after=None
[2026-05-16T14:30:57.664+0000] {processor.py:183} INFO - Processing /opt/airflow/dags/dwh_layer.py took 0.025 seconds
[2026-05-16T14:31:28.089+0000] {processor.py:161} INFO - Started process (PID=25494) to work on /opt/airflow/dags/dwh_layer.py
[2026-05-16T14:31:28.090+0000] {processor.py:830} INFO - Processing file /opt/airflow/dags/dwh_layer.py for tasks to queue
[2026-05-16T14:31:28.090+0000] {logging_mixin.py:188} INFO - [2026-05-16T14:31:28.090+0000] {dagbag.py:545} INFO - Filling up the DagBag from /opt/airflow/dags/dwh_layer.py
[2026-05-16T14:31:28.094+0000] {processor.py:840} INFO - DAG(s) 'dwh_modeling_dag' retrieved from /opt/airflow/dags/dwh_layer.py
[2026-05-16T14:31:28.103+0000] {logging_mixin.py:188} INFO - [2026-05-16T14:31:28.102+0000] {dag.py:3089} INFO - Sync 1 DAGs
[2026-05-16T14:31:28.107+0000] {logging_mixin.py:188} INFO - [2026-05-16T14:31:28.107+0000] {dag.py:3947} INFO - Setting next_dagrun for dwh_modeling_dag to None, run_after=None
[2026-05-16T14:31:28.113+0000] {processor.py:183} INFO - Processing /opt/airflow/dags/dwh_layer.py took 0.027 seconds
[2026-05-16T14:31:58.581+0000] {processor.py:161} INFO - Started process (PID=25556) to work on /opt/airflow/dags/dwh_layer.py
[2026-05-16T14:31:58.581+0000] {processor.py:830} INFO - Processing file /opt/airflow/dags/dwh_layer.py for tasks to queue
[2026-05-16T14:31:58.582+0000] {logging_mixin.py:188} INFO - [2026-05-16T14:31:58.582+0000] {dagbag.py:545} INFO - Filling up the DagBag from /opt/airflow/dags/dwh_layer.py
[2026-05-16T14:31:58.585+0000] {processor.py:840} INFO - DAG(s) 'dwh_modeling_dag' retrieved from /opt/airflow/dags/dwh_layer.py
[2026-05-16T14:31:58.594+0000] {logging_mixin.py:188} INFO - [2026-05-16T14:31:58.593+0000] {dag.py:3089} INFO - Sync 1 DAGs
[2026-05-16T14:31:58.598+0000] {logging_mixin.py:188} INFO - [2026-05-16T14:31:58.598+0000] {dag.py:3947} INFO - Setting next_dagrun for dwh_modeling_dag to None, run_after=None
[2026-05-16T14:31:58.604+0000] {processor.py:183} INFO - Processing /opt/airflow/dags/dwh_layer.py took 0.025 seconds
[2026-05-16T14:32:28.950+0000] {processor.py:161} INFO - Started process (PID=25618) to work on /opt/airflow/dags/dwh_layer.py
[2026-05-16T14:32:28.950+0000] {processor.py:830} INFO - Processing file /opt/airflow/dags/dwh_layer.py for tasks to queue
[2026-05-16T14:32:28.951+0000] {logging_mixin.py:188} INFO - [2026-05-16T14:32:28.950+0000] {dagbag.py:545} INFO - Filling up the DagBag from /opt/airflow/dags/dwh_layer.py
[2026-05-16T14:32:28.954+0000] {processor.py:840} INFO - DAG(s) 'dwh_modeling_dag' retrieved from /opt/airflow/dags/dwh_layer.py
[2026-05-16T14:32:28.962+0000] {logging_mixin.py:188} INFO - [2026-05-16T14:32:28.962+0000] {dag.py:3089} INFO - Sync 1 DAGs
[2026-05-16T14:32:28.967+0000] {logging_mixin.py:188} INFO - [2026-05-16T14:32:28.966+0000] {dag.py:3947} INFO - Setting next_dagrun for dwh_modeling_dag to None, run_after=None
[2026-05-16T14:32:28.980+0000] {processor.py:183} INFO - Processing /opt/airflow/dags/dwh_layer.py took 0.033 seconds
[2026-05-16T14:32:59.380+0000] {processor.py:161} INFO - Started process (PID=25680) to work on /opt/airflow/dags/dwh_layer.py
[2026-05-16T14:32:59.380+0000] {processor.py:830} INFO - Processing file /opt/airflow/dags/dwh_layer.py for tasks to queue
[2026-05-16T14:32:59.381+0000] {logging_mixin.py:188} INFO - [2026-05-16T14:32:59.380+0000] {dagbag.py:545} INFO - Filling up the DagBag from /opt/airflow/dags/dwh_layer.py
[2026-05-16T14:32:59.386+0000] {processor.py:840} INFO - DAG(s) 'dwh_modeling_dag' retrieved from /opt/airflow/dags/dwh_layer.py
[2026-05-16T14:32:59.394+0000] {logging_mixin.py:188} INFO - [2026-05-16T14:32:59.394+0000] {dag.py:3089} INFO - Sync 1 DAGs
[2026-05-16T14:32:59.398+0000] {logging_mixin.py:188} INFO - [2026-05-16T14:32:59.398+0000] {dag.py:3947} INFO - Setting next_dagrun for dwh_modeling_dag to None, run_after=None
[2026-05-16T14:32:59.403+0000] {processor.py:183} INFO - Processing /opt/airflow/dags/dwh_layer.py took 0.027 seconds
[2026-05-16T14:33:29.781+0000] {processor.py:161} INFO - Started process (PID=25742) to work on /opt/airflow/dags/dwh_layer.py
[2026-05-16T14:33:29.781+0000] {processor.py:830} INFO - Processing file /opt/airflow/dags/dwh_layer.py for tasks to queue
[2026-05-16T14:33:29.782+0000] {logging_mixin.py:188} INFO - [2026-05-16T14:33:29.781+0000] {dagbag.py:545} INFO - Filling up the DagBag from /opt/airflow/dags/dwh_layer.py
[2026-05-16T14:33:29.785+0000] {processor.py:840} INFO - DAG(s) 'dwh_modeling_dag' retrieved from /opt/airflow/dags/dwh_layer.py
[2026-05-16T14:33:29.793+0000] {logging_mixin.py:188} INFO - [2026-05-16T14:33:29.793+0000] {dag.py:3089} INFO - Sync 1 DAGs
[2026-05-16T14:33:29.797+0000] {logging_mixin.py:188} INFO - [2026-05-16T14:33:29.797+0000] {dag.py:3947} INFO - Setting next_dagrun for dwh_modeling_dag to None, run_after=None
[2026-05-16T14:33:29.803+0000] {processor.py:183} INFO - Processing /opt/airflow/dags/dwh_layer.py took 0.024 seconds
[2026-05-16T14:34:00.267+0000] {processor.py:161} INFO - Started process (PID=25804) to work on /opt/airflow/dags/dwh_layer.py
[2026-05-16T14:34:00.267+0000] {processor.py:830} INFO - Processing file /opt/airflow/dags/dwh_layer.py for tasks to queue
[2026-05-16T14:34:00.267+0000] {logging_mixin.py:188} INFO - [2026-05-16T14:34:00.267+0000] {dagbag.py:545} INFO - Filling up the DagBag from /opt/airflow/dags/dwh_layer.py
[2026-05-16T14:34:00.271+0000] {processor.py:840} INFO - DAG(s) 'dwh_modeling_dag' retrieved from /opt/airflow/dags/dwh_layer.py
[2026-05-16T14:34:00.279+0000] {logging_mixin.py:188} INFO - [2026-05-16T14:34:00.279+0000] {dag.py:3089} INFO - Sync 1 DAGs
[2026-05-16T14:34:00.283+0000] {logging_mixin.py:188} INFO - [2026-05-16T14:34:00.283+0000] {dag.py:3947} INFO - Setting next_dagrun for dwh_modeling_dag to None, run_after=None
[2026-05-16T14:34:00.288+0000] {processor.py:183} INFO - Processing /opt/airflow/dags/dwh_layer.py took 0.024 seconds
[2026-05-16T14:34:30.668+0000] {processor.py:161} INFO - Started process (PID=25866) to work on /opt/airflow/dags/dwh_layer.py
[2026-05-16T14:34:30.668+0000] {processor.py:830} INFO - Processing file /opt/airflow/dags/dwh_layer.py for tasks to queue
[2026-05-16T14:34:30.669+0000] {logging_mixin.py:188} INFO - [2026-05-16T14:34:30.669+0000] {dagbag.py:545} INFO - Filling up the DagBag from /opt/airflow/dags/dwh_layer.py
[2026-05-16T14:34:30.672+0000] {processor.py:840} INFO - DAG(s) 'dwh_modeling_dag' retrieved from /opt/airflow/dags/dwh_layer.py
[2026-05-16T14:34:30.682+0000] {logging_mixin.py:188} INFO - [2026-05-16T14:34:30.681+0000] {dag.py:3089} INFO - Sync 1 DAGs
[2026-05-16T14:34:30.687+0000] {logging_mixin.py:188} INFO - [2026-05-16T14:34:30.687+0000] {dag.py:3947} INFO - Setting next_dagrun for dwh_modeling_dag to None, run_after=None
[2026-05-16T14:34:30.694+0000] {processor.py:183} INFO - Processing /opt/airflow/dags/dwh_layer.py took 0.029 seconds
[2026-05-16T14:35:01.319+0000] {processor.py:161} INFO - Started process (PID=25927) to work on /opt/airflow/dags/dwh_layer.py
[2026-05-16T14:35:01.319+0000] {processor.py:830} INFO - Processing file /opt/airflow/dags/dwh_layer.py for tasks to queue
[2026-05-16T14:35:01.320+0000] {logging_mixin.py:188} INFO - [2026-05-16T14:35:01.319+0000] {dagbag.py:545} INFO - Filling up the DagBag from /opt/airflow/dags/dwh_layer.py
[2026-05-16T14:35:01.323+0000] {processor.py:840} INFO - DAG(s) 'dwh_modeling_dag' retrieved from /opt/airflow/dags/dwh_layer.py
[2026-05-16T14:35:01.333+0000] {logging_mixin.py:188} INFO - [2026-05-16T14:35:01.332+0000] {dag.py:3089} INFO - Sync 1 DAGs
[2026-05-16T14:35:01.337+0000] {logging_mixin.py:188} INFO - [2026-05-16T14:35:01.337+0000] {dag.py:3947} INFO - Setting next_dagrun for dwh_modeling_dag to None, run_after=None
[2026-05-16T14:35:01.345+0000] {processor.py:183} INFO - Processing /opt/airflow/dags/dwh_layer.py took 0.029 seconds
[2026-05-16T14:35:31.989+0000] {processor.py:161} INFO - Started process (PID=25989) to work on /opt/airflow/dags/dwh_layer.py
[2026-05-16T14:35:31.989+0000] {processor.py:830} INFO - Processing file /opt/airflow/dags/dwh_layer.py for tasks to queue
[2026-05-16T14:35:31.989+0000] {logging_mixin.py:188} INFO - [2026-05-16T14:35:31.989+0000] {dagbag.py:545} INFO - Filling up the DagBag from /opt/airflow/dags/dwh_layer.py
[2026-05-16T14:35:31.993+0000] {processor.py:840} INFO - DAG(s) 'dwh_modeling_dag' retrieved from /opt/airflow/dags/dwh_layer.py
[2026-05-16T14:35:32.002+0000] {logging_mixin.py:188} INFO - [2026-05-16T14:35:32.002+0000] {dag.py:3089} INFO - Sync 1 DAGs
[2026-05-16T14:35:32.007+0000] {logging_mixin.py:188} INFO - [2026-05-16T14:35:32.007+0000] {dag.py:3947} INFO - Setting next_dagrun for dwh_modeling_dag to None, run_after=None
[2026-05-16T14:35:32.013+0000] {processor.py:183} INFO - Processing /opt/airflow/dags/dwh_layer.py took 0.027 seconds
[2026-05-16T14:36:02.391+0000] {processor.py:161} INFO - Started process (PID=26051) to work on /opt/airflow/dags/dwh_layer.py
[2026-05-16T14:36:02.391+0000] {processor.py:830} INFO - Processing file /opt/airflow/dags/dwh_layer.py for tasks to queue
[2026-05-16T14:36:02.392+0000] {logging_mixin.py:188} INFO - [2026-05-16T14:36:02.392+0000] {dagbag.py:545} INFO - Filling up the DagBag from /opt/airflow/dags/dwh_layer.py
[2026-05-16T14:36:02.395+0000] {processor.py:840} INFO - DAG(s) 'dwh_modeling_dag' retrieved from /opt/airflow/dags/dwh_layer.py
[2026-05-16T14:36:02.403+0000] {logging_mixin.py:188} INFO - [2026-05-16T14:36:02.403+0000] {dag.py:3089} INFO - Sync 1 DAGs
[2026-05-16T14:36:02.407+0000] {logging_mixin.py:188} INFO - [2026-05-16T14:36:02.407+0000] {dag.py:3947} INFO - Setting next_dagrun for dwh_modeling_dag to None, run_after=None
[2026-05-16T14:36:02.413+0000] {processor.py:183} INFO - Processing /opt/airflow/dags/dwh_layer.py took 0.024 seconds
[2026-05-16T14:36:33.801+0000] {processor.py:161} INFO - Started process (PID=26113) to work on /opt/airflow/dags/dwh_layer.py
[2026-05-16T14:36:33.802+0000] {processor.py:830} INFO - Processing file /opt/airflow/dags/dwh_layer.py for tasks to queue
[2026-05-16T14:36:33.803+0000] {logging_mixin.py:188} INFO - [2026-05-16T14:36:33.802+0000] {dagbag.py:545} INFO - Filling up the DagBag from /opt/airflow/dags/dwh_layer.py
[2026-05-16T14:36:33.808+0000] {processor.py:840} INFO - DAG(s) 'dwh_modeling_dag' retrieved from /opt/airflow/dags/dwh_layer.py
[2026-05-16T14:36:33.821+0000] {logging_mixin.py:188} INFO - [2026-05-16T14:36:33.821+0000] {dag.py:3089} INFO - Sync 1 DAGs
[2026-05-16T14:36:33.827+0000] {logging_mixin.py:188} INFO - [2026-05-16T14:36:33.827+0000] {dag.py:3947} INFO - Setting next_dagrun for dwh_modeling_dag to None, run_after=None
[2026-05-16T14:36:33.834+0000] {processor.py:183} INFO - Processing /opt/airflow/dags/dwh_layer.py took 0.039 seconds
[2026-05-16T14:37:04.295+0000] {processor.py:161} INFO - Started process (PID=26175) to work on /opt/airflow/dags/dwh_layer.py
[2026-05-16T14:37:04.297+0000] {processor.py:830} INFO - Processing file /opt/airflow/dags/dwh_layer.py for tasks to queue
[2026-05-16T14:37:04.298+0000] {logging_mixin.py:188} INFO - [2026-05-16T14:37:04.297+0000] {dagbag.py:545} INFO - Filling up the DagBag from /opt/airflow/dags/dwh_layer.py
[2026-05-16T14:37:04.306+0000] {processor.py:840} INFO - DAG(s) 'dwh_modeling_dag' retrieved from /opt/airflow/dags/dwh_layer.py
[2026-05-16T14:37:04.320+0000] {logging_mixin.py:188} INFO - [2026-05-16T14:37:04.320+0000] {dag.py:3089} INFO - Sync 1 DAGs
[2026-05-16T14:37:04.326+0000] {logging_mixin.py:188} INFO - [2026-05-16T14:37:04.326+0000] {dag.py:3947} INFO - Setting next_dagrun for dwh_modeling_dag to None, run_after=None
[2026-05-16T14:37:04.333+0000] {processor.py:183} INFO - Processing /opt/airflow/dags/dwh_layer.py took 0.046 seconds
[2026-05-16T14:37:34.847+0000] {processor.py:161} INFO - Started process (PID=26237) to work on /opt/airflow/dags/dwh_layer.py
[2026-05-16T14:37:34.851+0000] {processor.py:830} INFO - Processing file /opt/airflow/dags/dwh_layer.py for tasks to queue
[2026-05-16T14:37:34.852+0000] {logging_mixin.py:188} INFO - [2026-05-16T14:37:34.852+0000] {dagbag.py:545} INFO - Filling up the DagBag from /opt/airflow/dags/dwh_layer.py
[2026-05-16T14:37:34.864+0000] {processor.py:840} INFO - DAG(s) 'dwh_modeling_dag' retrieved from /opt/airflow/dags/dwh_layer.py
[2026-05-16T14:37:34.878+0000] {logging_mixin.py:188} INFO - [2026-05-16T14:37:34.878+0000] {dag.py:3089} INFO - Sync 1 DAGs
[2026-05-16T14:37:34.883+0000] {logging_mixin.py:188} INFO - [2026-05-16T14:37:34.883+0000] {dag.py:3947} INFO - Setting next_dagrun for dwh_modeling_dag to None, run_after=None
[2026-05-16T14:37:34.893+0000] {processor.py:183} INFO - Processing /opt/airflow/dags/dwh_layer.py took 0.054 seconds
[2026-05-16T14:38:05.258+0000] {processor.py:161} INFO - Started process (PID=26299) to work on /opt/airflow/dags/dwh_layer.py
[2026-05-16T14:38:05.259+0000] {processor.py:830} INFO - Processing file /opt/airflow/dags/dwh_layer.py for tasks to queue
[2026-05-16T14:38:05.260+0000] {logging_mixin.py:188} INFO - [2026-05-16T14:38:05.259+0000] {dagbag.py:545} INFO - Filling up the DagBag from /opt/airflow/dags/dwh_layer.py
[2026-05-16T14:38:05.268+0000] {processor.py:840} INFO - DAG(s) 'dwh_modeling_dag' retrieved from /opt/airflow/dags/dwh_layer.py
[2026-05-16T14:38:05.280+0000] {logging_mixin.py:188} INFO - [2026-05-16T14:38:05.280+0000] {dag.py:3089} INFO - Sync 1 DAGs
[2026-05-16T14:38:05.286+0000] {logging_mixin.py:188} INFO - [2026-05-16T14:38:05.286+0000] {dag.py:3947} INFO - Setting next_dagrun for dwh_modeling_dag to None, run_after=None
[2026-05-16T14:38:05.293+0000] {processor.py:183} INFO - Processing /opt/airflow/dags/dwh_layer.py took 0.042 seconds
[2026-05-16T14:38:35.732+0000] {processor.py:161} INFO - Started process (PID=26361) to work on /opt/airflow/dags/dwh_layer.py
[2026-05-16T14:38:35.733+0000] {processor.py:830} INFO - Processing file /opt/airflow/dags/dwh_layer.py for tasks to queue
[2026-05-16T14:38:35.733+0000] {logging_mixin.py:188} INFO - [2026-05-16T14:38:35.733+0000] {dagbag.py:545} INFO - Filling up the DagBag from /opt/airflow/dags/dwh_layer.py
[2026-05-16T14:38:35.736+0000] {processor.py:840} INFO - DAG(s) 'dwh_modeling_dag' retrieved from /opt/airflow/dags/dwh_layer.py
[2026-05-16T14:38:35.744+0000] {logging_mixin.py:188} INFO - [2026-05-16T14:38:35.744+0000] {dag.py:3089} INFO - Sync 1 DAGs
[2026-05-16T14:38:35.749+0000] {logging_mixin.py:188} INFO - [2026-05-16T14:38:35.749+0000] {dag.py:3947} INFO - Setting next_dagrun for dwh_modeling_dag to None, run_after=None
[2026-05-16T14:38:35.753+0000] {processor.py:183} INFO - Processing /opt/airflow/dags/dwh_layer.py took 0.023 seconds
[2026-05-16T14:39:06.126+0000] {processor.py:161} INFO - Started process (PID=26423) to work on /opt/airflow/dags/dwh_layer.py
[2026-05-16T14:39:06.127+0000] {processor.py:830} INFO - Processing file /opt/airflow/dags/dwh_layer.py for tasks to queue
[2026-05-16T14:39:06.127+0000] {logging_mixin.py:188} INFO - [2026-05-16T14:39:06.127+0000] {dagbag.py:545} INFO - Filling up the DagBag from /opt/airflow/dags/dwh_layer.py
[2026-05-16T14:39:06.135+0000] {processor.py:840} INFO - DAG(s) 'dwh_modeling_dag' retrieved from /opt/airflow/dags/dwh_layer.py
[2026-05-16T14:39:06.148+0000] {logging_mixin.py:188} INFO - [2026-05-16T14:39:06.148+0000] {dag.py:3089} INFO - Sync 1 DAGs
[2026-05-16T14:39:06.156+0000] {logging_mixin.py:188} INFO - [2026-05-16T14:39:06.156+0000] {dag.py:3947} INFO - Setting next_dagrun for dwh_modeling_dag to None, run_after=None
[2026-05-16T14:39:06.167+0000] {processor.py:183} INFO - Processing /opt/airflow/dags/dwh_layer.py took 0.048 seconds
[2026-05-16T14:39:36.647+0000] {processor.py:161} INFO - Started process (PID=26485) to work on /opt/airflow/dags/dwh_layer.py
[2026-05-16T14:39:36.648+0000] {processor.py:830} INFO - Processing file /opt/airflow/dags/dwh_layer.py for tasks to queue
[2026-05-16T14:39:36.648+0000] {logging_mixin.py:188} INFO - [2026-05-16T14:39:36.648+0000] {dagbag.py:545} INFO - Filling up the DagBag from /opt/airflow/dags/dwh_layer.py
[2026-05-16T14:39:36.653+0000] {processor.py:840} INFO - DAG(s) 'dwh_modeling_dag' retrieved from /opt/airflow/dags/dwh_layer.py
[2026-05-16T14:39:36.666+0000] {logging_mixin.py:188} INFO - [2026-05-16T14:39:36.665+0000] {dag.py:3089} INFO - Sync 1 DAGs
[2026-05-16T14:39:36.671+0000] {logging_mixin.py:188} INFO - [2026-05-16T14:39:36.671+0000] {dag.py:3947} INFO - Setting next_dagrun for dwh_modeling_dag to None, run_after=None
[2026-05-16T14:39:36.678+0000] {processor.py:183} INFO - Processing /opt/airflow/dags/dwh_layer.py took 0.036 seconds
[2026-05-16T14:40:07.490+0000] {processor.py:161} INFO - Started process (PID=26547) to work on /opt/airflow/dags/dwh_layer.py
[2026-05-16T14:40:07.493+0000] {processor.py:830} INFO - Processing file /opt/airflow/dags/dwh_layer.py for tasks to queue
[2026-05-16T14:40:07.495+0000] {logging_mixin.py:188} INFO - [2026-05-16T14:40:07.494+0000] {dagbag.py:545} INFO - Filling up the DagBag from /opt/airflow/dags/dwh_layer.py
[2026-05-16T14:40:07.502+0000] {processor.py:840} INFO - DAG(s) 'dwh_modeling_dag' retrieved from /opt/airflow/dags/dwh_layer.py
[2026-05-16T14:40:07.515+0000] {logging_mixin.py:188} INFO - [2026-05-16T14:40:07.515+0000] {dag.py:3089} INFO - Sync 1 DAGs
[2026-05-16T14:40:07.521+0000] {logging_mixin.py:188} INFO - [2026-05-16T14:40:07.521+0000] {dag.py:3947} INFO - Setting next_dagrun for dwh_modeling_dag to None, run_after=None
[2026-05-16T14:40:07.528+0000] {processor.py:183} INFO - Processing /opt/airflow/dags/dwh_layer.py took 0.044 seconds
[2026-05-16T14:40:38.213+0000] {processor.py:161} INFO - Started process (PID=26609) to work on /opt/airflow/dags/dwh_layer.py
[2026-05-16T14:40:38.214+0000] {processor.py:830} INFO - Processing file /opt/airflow/dags/dwh_layer.py for tasks to queue
[2026-05-16T14:40:38.214+0000] {logging_mixin.py:188} INFO - [2026-05-16T14:40:38.214+0000] {dagbag.py:545} INFO - Filling up the DagBag from /opt/airflow/dags/dwh_layer.py
[2026-05-16T14:40:38.223+0000] {processor.py:840} INFO - DAG(s) 'dwh_modeling_dag' retrieved from /opt/airflow/dags/dwh_layer.py
[2026-05-16T14:40:38.238+0000] {logging_mixin.py:188} INFO - [2026-05-16T14:40:38.237+0000] {dag.py:3089} INFO - Sync 1 DAGs
[2026-05-16T14:40:38.244+0000] {logging_mixin.py:188} INFO - [2026-05-16T14:40:38.244+0000] {dag.py:3947} INFO - Setting next_dagrun for dwh_modeling_dag to None, run_after=None
[2026-05-16T14:40:38.252+0000] {processor.py:183} INFO - Processing /opt/airflow/dags/dwh_layer.py took 0.047 seconds
[2026-05-16T14:41:08.767+0000] {processor.py:161} INFO - Started process (PID=26671) to work on /opt/airflow/dags/dwh_layer.py
[2026-05-16T14:41:08.768+0000] {processor.py:830} INFO - Processing file /opt/airflow/dags/dwh_layer.py for tasks to queue
[2026-05-16T14:41:08.769+0000] {logging_mixin.py:188} INFO - [2026-05-16T14:41:08.769+0000] {dagbag.py:545} INFO - Filling up the DagBag from /opt/airflow/dags/dwh_layer.py
[2026-05-16T14:41:08.777+0000] {processor.py:840} INFO - DAG(s) 'dwh_modeling_dag' retrieved from /opt/airflow/dags/dwh_layer.py
[2026-05-16T14:41:08.791+0000] {logging_mixin.py:188} INFO - [2026-05-16T14:41:08.790+0000] {dag.py:3089} INFO - Sync 1 DAGs
[2026-05-16T14:41:08.796+0000] {logging_mixin.py:188} INFO - [2026-05-16T14:41:08.796+0000] {dag.py:3947} INFO - Setting next_dagrun for dwh_modeling_dag to None, run_after=None
[2026-05-16T14:41:08.803+0000] {processor.py:183} INFO - Processing /opt/airflow/dags/dwh_layer.py took 0.044 seconds
[2026-05-16T14:41:39.217+0000] {processor.py:161} INFO - Started process (PID=26733) to work on /opt/airflow/dags/dwh_layer.py
[2026-05-16T14:41:39.218+0000] {processor.py:830} INFO - Processing file /opt/airflow/dags/dwh_layer.py for tasks to queue
[2026-05-16T14:41:39.219+0000] {logging_mixin.py:188} INFO - [2026-05-16T14:41:39.219+0000] {dagbag.py:545} INFO - Filling up the DagBag from /opt/airflow/dags/dwh_layer.py
[2026-05-16T14:41:39.227+0000] {processor.py:840} INFO - DAG(s) 'dwh_modeling_dag' retrieved from /opt/airflow/dags/dwh_layer.py
[2026-05-16T14:41:39.239+0000] {logging_mixin.py:188} INFO - [2026-05-16T14:41:39.239+0000] {dag.py:3089} INFO - Sync 1 DAGs
[2026-05-16T14:41:39.246+0000] {logging_mixin.py:188} INFO - [2026-05-16T14:41:39.245+0000] {dag.py:3947} INFO - Setting next_dagrun for dwh_modeling_dag to None, run_after=None
[2026-05-16T14:41:39.253+0000] {processor.py:183} INFO - Processing /opt/airflow/dags/dwh_layer.py took 0.043 seconds
[2026-05-16T14:42:09.611+0000] {processor.py:161} INFO - Started process (PID=26795) to work on /opt/airflow/dags/dwh_layer.py
[2026-05-16T14:42:09.613+0000] {processor.py:830} INFO - Processing file /opt/airflow/dags/dwh_layer.py for tasks to queue
[2026-05-16T14:42:09.613+0000] {logging_mixin.py:188} INFO - [2026-05-16T14:42:09.613+0000] {dagbag.py:545} INFO - Filling up the DagBag from /opt/airflow/dags/dwh_layer.py
[2026-05-16T14:42:09.621+0000] {processor.py:840} INFO - DAG(s) 'dwh_modeling_dag' retrieved from /opt/airflow/dags/dwh_layer.py
[2026-05-16T14:42:09.636+0000] {logging_mixin.py:188} INFO - [2026-05-16T14:42:09.636+0000] {dag.py:3089} INFO - Sync 1 DAGs
[2026-05-16T14:42:09.643+0000] {logging_mixin.py:188} INFO - [2026-05-16T14:42:09.642+0000] {dag.py:3947} INFO - Setting next_dagrun for dwh_modeling_dag to None, run_after=None
[2026-05-16T14:42:09.650+0000] {processor.py:183} INFO - Processing /opt/airflow/dags/dwh_layer.py took 0.046 seconds
[2026-05-16T14:42:40.029+0000] {processor.py:161} INFO - Started process (PID=26857) to work on /opt/airflow/dags/dwh_layer.py
[2026-05-16T14:42:40.030+0000] {processor.py:830} INFO - Processing file /opt/airflow/dags/dwh_layer.py for tasks to queue
[2026-05-16T14:42:40.030+0000] {logging_mixin.py:188} INFO - [2026-05-16T14:42:40.030+0000] {dagbag.py:545} INFO - Filling up the DagBag from /opt/airflow/dags/dwh_layer.py
[2026-05-16T14:42:40.034+0000] {processor.py:840} INFO - DAG(s) 'dwh_modeling_dag' retrieved from /opt/airflow/dags/dwh_layer.py
[2026-05-16T14:42:40.046+0000] {logging_mixin.py:188} INFO - [2026-05-16T14:42:40.045+0000] {dag.py:3089} INFO - Sync 1 DAGs
[2026-05-16T14:42:40.051+0000] {logging_mixin.py:188} INFO - [2026-05-16T14:42:40.050+0000] {dag.py:3947} INFO - Setting next_dagrun for dwh_modeling_dag to None, run_after=None
[2026-05-16T14:42:40.056+0000] {processor.py:183} INFO - Processing /opt/airflow/dags/dwh_layer.py took 0.030 seconds
[2026-05-16T14:43:10.446+0000] {processor.py:161} INFO - Started process (PID=26919) to work on /opt/airflow/dags/dwh_layer.py
[2026-05-16T14:43:10.448+0000] {processor.py:830} INFO - Processing file /opt/airflow/dags/dwh_layer.py for tasks to queue
[2026-05-16T14:43:10.449+0000] {logging_mixin.py:188} INFO - [2026-05-16T14:43:10.448+0000] {dagbag.py:545} INFO - Filling up the DagBag from /opt/airflow/dags/dwh_layer.py
[2026-05-16T14:43:10.455+0000] {processor.py:840} INFO - DAG(s) 'dwh_modeling_dag' retrieved from /opt/airflow/dags/dwh_layer.py
[2026-05-16T14:43:10.467+0000] {logging_mixin.py:188} INFO - [2026-05-16T14:43:10.466+0000] {dag.py:3089} INFO - Sync 1 DAGs
[2026-05-16T14:43:10.473+0000] {logging_mixin.py:188} INFO - [2026-05-16T14:43:10.473+0000] {dag.py:3947} INFO - Setting next_dagrun for dwh_modeling_dag to None, run_after=None
[2026-05-16T14:43:10.482+0000] {processor.py:183} INFO - Processing /opt/airflow/dags/dwh_layer.py took 0.042 seconds
[2026-05-16T14:43:40.923+0000] {processor.py:161} INFO - Started process (PID=26981) to work on /opt/airflow/dags/dwh_layer.py
[2026-05-16T14:43:40.924+0000] {processor.py:830} INFO - Processing file /opt/airflow/dags/dwh_layer.py for tasks to queue
[2026-05-16T14:43:40.925+0000] {logging_mixin.py:188} INFO - [2026-05-16T14:43:40.924+0000] {dagbag.py:545} INFO - Filling up the DagBag from /opt/airflow/dags/dwh_layer.py
[2026-05-16T14:43:40.932+0000] {processor.py:840} INFO - DAG(s) 'dwh_modeling_dag' retrieved from /opt/airflow/dags/dwh_layer.py
[2026-05-16T14:43:40.948+0000] {logging_mixin.py:188} INFO - [2026-05-16T14:43:40.948+0000] {dag.py:3089} INFO - Sync 1 DAGs
[2026-05-16T14:43:40.955+0000] {logging_mixin.py:188} INFO - [2026-05-16T14:43:40.955+0000] {dag.py:3947} INFO - Setting next_dagrun for dwh_modeling_dag to None, run_after=None
[2026-05-16T14:43:40.963+0000] {processor.py:183} INFO - Processing /opt/airflow/dags/dwh_layer.py took 0.046 seconds
[2026-05-16T14:44:11.305+0000] {processor.py:161} INFO - Started process (PID=27043) to work on /opt/airflow/dags/dwh_layer.py
[2026-05-16T14:44:11.306+0000] {processor.py:830} INFO - Processing file /opt/airflow/dags/dwh_layer.py for tasks to queue
[2026-05-16T14:44:11.307+0000] {logging_mixin.py:188} INFO - [2026-05-16T14:44:11.307+0000] {dagbag.py:545} INFO - Filling up the DagBag from /opt/airflow/dags/dwh_layer.py
[2026-05-16T14:44:11.313+0000] {processor.py:840} INFO - DAG(s) 'dwh_modeling_dag' retrieved from /opt/airflow/dags/dwh_layer.py
[2026-05-16T14:44:11.325+0000] {logging_mixin.py:188} INFO - [2026-05-16T14:44:11.325+0000] {dag.py:3089} INFO - Sync 1 DAGs
[2026-05-16T14:44:11.331+0000] {logging_mixin.py:188} INFO - [2026-05-16T14:44:11.331+0000] {dag.py:3947} INFO - Setting next_dagrun for dwh_modeling_dag to None, run_after=None
[2026-05-16T14:44:11.338+0000] {processor.py:183} INFO - Processing /opt/airflow/dags/dwh_layer.py took 0.038 seconds
[2026-05-16T14:44:41.743+0000] {processor.py:161} INFO - Started process (PID=27105) to work on /opt/airflow/dags/dwh_layer.py
[2026-05-16T14:44:41.743+0000] {processor.py:830} INFO - Processing file /opt/airflow/dags/dwh_layer.py for tasks to queue
[2026-05-16T14:44:41.744+0000] {logging_mixin.py:188} INFO - [2026-05-16T14:44:41.743+0000] {dagbag.py:545} INFO - Filling up the DagBag from /opt/airflow/dags/dwh_layer.py
[2026-05-16T14:44:41.747+0000] {processor.py:840} INFO - DAG(s) 'dwh_modeling_dag' retrieved from /opt/airflow/dags/dwh_layer.py
[2026-05-16T14:44:41.758+0000] {logging_mixin.py:188} INFO - [2026-05-16T14:44:41.758+0000] {dag.py:3089} INFO - Sync 1 DAGs
[2026-05-16T14:44:41.764+0000] {logging_mixin.py:188} INFO - [2026-05-16T14:44:41.763+0000] {dag.py:3947} INFO - Setting next_dagrun for dwh_modeling_dag to None, run_after=None
[2026-05-16T14:44:41.769+0000] {processor.py:183} INFO - Processing /opt/airflow/dags/dwh_layer.py took 0.029 seconds
[2026-05-16T14:45:12.237+0000] {processor.py:161} INFO - Started process (PID=27167) to work on /opt/airflow/dags/dwh_layer.py
[2026-05-16T14:45:12.238+0000] {processor.py:830} INFO - Processing file /opt/airflow/dags/dwh_layer.py for tasks to queue
[2026-05-16T14:45:12.238+0000] {logging_mixin.py:188} INFO - [2026-05-16T14:45:12.238+0000] {dagbag.py:545} INFO - Filling up the DagBag from /opt/airflow/dags/dwh_layer.py
[2026-05-16T14:45:12.242+0000] {processor.py:840} INFO - DAG(s) 'dwh_modeling_dag' retrieved from /opt/airflow/dags/dwh_layer.py
[2026-05-16T14:45:12.252+0000] {logging_mixin.py:188} INFO - [2026-05-16T14:45:12.252+0000] {dag.py:3089} INFO - Sync 1 DAGs
[2026-05-16T14:45:12.257+0000] {logging_mixin.py:188} INFO - [2026-05-16T14:45:12.257+0000] {dag.py:3947} INFO - Setting next_dagrun for dwh_modeling_dag to None, run_after=None
[2026-05-16T14:45:12.263+0000] {processor.py:183} INFO - Processing /opt/airflow/dags/dwh_layer.py took 0.031 seconds
[2026-05-16T14:45:42.601+0000] {processor.py:161} INFO - Started process (PID=27229) to work on /opt/airflow/dags/dwh_layer.py
[2026-05-16T14:45:42.602+0000] {processor.py:830} INFO - Processing file /opt/airflow/dags/dwh_layer.py for tasks to queue
[2026-05-16T14:45:42.603+0000] {logging_mixin.py:188} INFO - [2026-05-16T14:45:42.603+0000] {dagbag.py:545} INFO - Filling up the DagBag from /opt/airflow/dags/dwh_layer.py
[2026-05-16T14:45:42.611+0000] {processor.py:840} INFO - DAG(s) 'dwh_modeling_dag' retrieved from /opt/airflow/dags/dwh_layer.py
[2026-05-16T14:45:42.624+0000] {logging_mixin.py:188} INFO - [2026-05-16T14:45:42.624+0000] {dag.py:3089} INFO - Sync 1 DAGs
[2026-05-16T14:45:42.631+0000] {logging_mixin.py:188} INFO - [2026-05-16T14:45:42.631+0000] {dag.py:3947} INFO - Setting next_dagrun for dwh_modeling_dag to None, run_after=None
[2026-05-16T14:45:42.638+0000] {processor.py:183} INFO - Processing /opt/airflow/dags/dwh_layer.py took 0.044 seconds
[2026-05-16T14:46:13.112+0000] {processor.py:161} INFO - Started process (PID=27291) to work on /opt/airflow/dags/dwh_layer.py
[2026-05-16T14:46:13.114+0000] {processor.py:830} INFO - Processing file /opt/airflow/dags/dwh_layer.py for tasks to queue
[2026-05-16T14:46:13.115+0000] {logging_mixin.py:188} INFO - [2026-05-16T14:46:13.114+0000] {dagbag.py:545} INFO - Filling up the DagBag from /opt/airflow/dags/dwh_layer.py
[2026-05-16T14:46:13.123+0000] {processor.py:840} INFO - DAG(s) 'dwh_modeling_dag' retrieved from /opt/airflow/dags/dwh_layer.py
[2026-05-16T14:46:13.135+0000] {logging_mixin.py:188} INFO - [2026-05-16T14:46:13.135+0000] {dag.py:3089} INFO - Sync 1 DAGs
[2026-05-16T14:46:13.141+0000] {logging_mixin.py:188} INFO - [2026-05-16T14:46:13.141+0000] {dag.py:3947} INFO - Setting next_dagrun for dwh_modeling_dag to None, run_after=None
[2026-05-16T14:46:13.148+0000] {processor.py:183} INFO - Processing /opt/airflow/dags/dwh_layer.py took 0.043 seconds
[2026-05-16T14:46:43.577+0000] {processor.py:161} INFO - Started process (PID=27352) to work on /opt/airflow/dags/dwh_layer.py
[2026-05-16T14:46:43.579+0000] {processor.py:830} INFO - Processing file /opt/airflow/dags/dwh_layer.py for tasks to queue
[2026-05-16T14:46:43.579+0000] {logging_mixin.py:188} INFO - [2026-05-16T14:46:43.579+0000] {dagbag.py:545} INFO - Filling up the DagBag from /opt/airflow/dags/dwh_layer.py
[2026-05-16T14:46:43.587+0000] {processor.py:840} INFO - DAG(s) 'dwh_modeling_dag' retrieved from /opt/airflow/dags/dwh_layer.py
[2026-05-16T14:46:43.600+0000] {logging_mixin.py:188} INFO - [2026-05-16T14:46:43.600+0000] {dag.py:3089} INFO - Sync 1 DAGs
[2026-05-16T14:46:43.606+0000] {logging_mixin.py:188} INFO - [2026-05-16T14:46:43.606+0000] {dag.py:3947} INFO - Setting next_dagrun for dwh_modeling_dag to None, run_after=None
[2026-05-16T14:46:43.613+0000] {processor.py:183} INFO - Processing /opt/airflow/dags/dwh_layer.py took 0.043 seconds
[2026-05-16T14:47:14.043+0000] {processor.py:161} INFO - Started process (PID=27413) to work on /opt/airflow/dags/dwh_layer.py
[2026-05-16T14:47:14.044+0000] {processor.py:830} INFO - Processing file /opt/airflow/dags/dwh_layer.py for tasks to queue
[2026-05-16T14:47:14.045+0000] {logging_mixin.py:188} INFO - [2026-05-16T14:47:14.045+0000] {dagbag.py:545} INFO - Filling up the DagBag from /opt/airflow/dags/dwh_layer.py
[2026-05-16T14:47:14.052+0000] {processor.py:840} INFO - DAG(s) 'dwh_modeling_dag' retrieved from /opt/airflow/dags/dwh_layer.py
[2026-05-16T14:47:14.064+0000] {logging_mixin.py:188} INFO - [2026-05-16T14:47:14.064+0000] {dag.py:3089} INFO - Sync 1 DAGs
[2026-05-16T14:47:14.070+0000] {logging_mixin.py:188} INFO - [2026-05-16T14:47:14.070+0000] {dag.py:3947} INFO - Setting next_dagrun for dwh_modeling_dag to None, run_after=None
[2026-05-16T14:47:14.077+0000] {processor.py:183} INFO - Processing /opt/airflow/dags/dwh_layer.py took 0.040 seconds
[2026-05-16T14:47:44.542+0000] {processor.py:161} INFO - Started process (PID=27476) to work on /opt/airflow/dags/dwh_layer.py
[2026-05-16T14:47:44.543+0000] {processor.py:830} INFO - Processing file /opt/airflow/dags/dwh_layer.py for tasks to queue
[2026-05-16T14:47:44.544+0000] {logging_mixin.py:188} INFO - [2026-05-16T14:47:44.543+0000] {dagbag.py:545} INFO - Filling up the DagBag from /opt/airflow/dags/dwh_layer.py
[2026-05-16T14:47:44.550+0000] {processor.py:840} INFO - DAG(s) 'dwh_modeling_dag' retrieved from /opt/airflow/dags/dwh_layer.py
[2026-05-16T14:47:44.562+0000] {logging_mixin.py:188} INFO - [2026-05-16T14:47:44.562+0000] {dag.py:3089} INFO - Sync 1 DAGs
[2026-05-16T14:47:44.568+0000] {logging_mixin.py:188} INFO - [2026-05-16T14:47:44.568+0000] {dag.py:3947} INFO - Setting next_dagrun for dwh_modeling_dag to None, run_after=None
[2026-05-16T14:47:44.575+0000] {processor.py:183} INFO - Processing /opt/airflow/dags/dwh_layer.py took 0.039 seconds
[2026-05-16T14:48:15.012+0000] {processor.py:161} INFO - Started process (PID=27538) to work on /opt/airflow/dags/dwh_layer.py
[2026-05-16T14:48:15.013+0000] {processor.py:830} INFO - Processing file /opt/airflow/dags/dwh_layer.py for tasks to queue
[2026-05-16T14:48:15.014+0000] {logging_mixin.py:188} INFO - [2026-05-16T14:48:15.013+0000] {dagbag.py:545} INFO - Filling up the DagBag from /opt/airflow/dags/dwh_layer.py
[2026-05-16T14:48:15.020+0000] {processor.py:840} INFO - DAG(s) 'dwh_modeling_dag' retrieved from /opt/airflow/dags/dwh_layer.py
[2026-05-16T14:48:15.036+0000] {logging_mixin.py:188} INFO - [2026-05-16T14:48:15.035+0000] {dag.py:3089} INFO - Sync 1 DAGs
[2026-05-16T14:48:15.043+0000] {logging_mixin.py:188} INFO - [2026-05-16T14:48:15.043+0000] {dag.py:3947} INFO - Setting next_dagrun for dwh_modeling_dag to None, run_after=None
[2026-05-16T14:48:15.051+0000] {processor.py:183} INFO - Processing /opt/airflow/dags/dwh_layer.py took 0.045 seconds
[2026-05-16T14:48:45.509+0000] {processor.py:161} INFO - Started process (PID=27600) to work on /opt/airflow/dags/dwh_layer.py
[2026-05-16T14:48:45.510+0000] {processor.py:830} INFO - Processing file /opt/airflow/dags/dwh_layer.py for tasks to queue
[2026-05-16T14:48:45.511+0000] {logging_mixin.py:188} INFO - [2026-05-16T14:48:45.511+0000] {dagbag.py:545} INFO - Filling up the DagBag from /opt/airflow/dags/dwh_layer.py
[2026-05-16T14:48:45.518+0000] {processor.py:840} INFO - DAG(s) 'dwh_modeling_dag' retrieved from /opt/airflow/dags/dwh_layer.py
[2026-05-16T14:48:45.532+0000] {logging_mixin.py:188} INFO - [2026-05-16T14:48:45.532+0000] {dag.py:3089} INFO - Sync 1 DAGs
[2026-05-16T14:48:45.539+0000] {logging_mixin.py:188} INFO - [2026-05-16T14:48:45.538+0000] {dag.py:3947} INFO - Setting next_dagrun for dwh_modeling_dag to None, run_after=None
[2026-05-16T14:48:45.547+0000] {processor.py:183} INFO - Processing /opt/airflow/dags/dwh_layer.py took 0.044 seconds
[2026-05-16T14:49:15.887+0000] {processor.py:161} INFO - Started process (PID=27662) to work on /opt/airflow/dags/dwh_layer.py
[2026-05-16T14:49:15.888+0000] {processor.py:830} INFO - Processing file /opt/airflow/dags/dwh_layer.py for tasks to queue
[2026-05-16T14:49:15.889+0000] {logging_mixin.py:188} INFO - [2026-05-16T14:49:15.889+0000] {dagbag.py:545} INFO - Filling up the DagBag from /opt/airflow/dags/dwh_layer.py
[2026-05-16T14:49:15.896+0000] {processor.py:840} INFO - DAG(s) 'dwh_modeling_dag' retrieved from /opt/airflow/dags/dwh_layer.py
[2026-05-16T14:49:15.911+0000] {logging_mixin.py:188} INFO - [2026-05-16T14:49:15.910+0000] {dag.py:3089} INFO - Sync 1 DAGs
[2026-05-16T14:49:15.922+0000] {logging_mixin.py:188} INFO - [2026-05-16T14:49:15.922+0000] {dag.py:3947} INFO - Setting next_dagrun for dwh_modeling_dag to None, run_after=None
[2026-05-16T14:49:15.930+0000] {processor.py:183} INFO - Processing /opt/airflow/dags/dwh_layer.py took 0.050 seconds
[2026-05-16T14:49:46.315+0000] {processor.py:161} INFO - Started process (PID=27724) to work on /opt/airflow/dags/dwh_layer.py
[2026-05-16T14:49:46.317+0000] {processor.py:830} INFO - Processing file /opt/airflow/dags/dwh_layer.py for tasks to queue
[2026-05-16T14:49:46.317+0000] {logging_mixin.py:188} INFO - [2026-05-16T14:49:46.317+0000] {dagbag.py:545} INFO - Filling up the DagBag from /opt/airflow/dags/dwh_layer.py
[2026-05-16T14:49:46.325+0000] {processor.py:840} INFO - DAG(s) 'dwh_modeling_dag' retrieved from /opt/airflow/dags/dwh_layer.py
[2026-05-16T14:49:46.337+0000] {logging_mixin.py:188} INFO - [2026-05-16T14:49:46.337+0000] {dag.py:3089} INFO - Sync 1 DAGs
[2026-05-16T14:49:46.343+0000] {logging_mixin.py:188} INFO - [2026-05-16T14:49:46.343+0000] {dag.py:3947} INFO - Setting next_dagrun for dwh_modeling_dag to None, run_after=None
[2026-05-16T14:49:46.350+0000] {processor.py:183} INFO - Processing /opt/airflow/dags/dwh_layer.py took 0.042 seconds
[2026-05-16T14:50:16.700+0000] {processor.py:161} INFO - Started process (PID=27786) to work on /opt/airflow/dags/dwh_layer.py
[2026-05-16T14:50:16.701+0000] {processor.py:830} INFO - Processing file /opt/airflow/dags/dwh_layer.py for tasks to queue
[2026-05-16T14:50:16.701+0000] {logging_mixin.py:188} INFO - [2026-05-16T14:50:16.701+0000] {dagbag.py:545} INFO - Filling up the DagBag from /opt/airflow/dags/dwh_layer.py
[2026-05-16T14:50:16.708+0000] {processor.py:840} INFO - DAG(s) 'dwh_modeling_dag' retrieved from /opt/airflow/dags/dwh_layer.py
[2026-05-16T14:50:16.720+0000] {logging_mixin.py:188} INFO - [2026-05-16T14:50:16.720+0000] {dag.py:3089} INFO - Sync 1 DAGs
[2026-05-16T14:50:16.727+0000] {logging_mixin.py:188} INFO - [2026-05-16T14:50:16.727+0000] {dag.py:3947} INFO - Setting next_dagrun for dwh_modeling_dag to None, run_after=None
[2026-05-16T14:50:16.734+0000] {processor.py:183} INFO - Processing /opt/airflow/dags/dwh_layer.py took 0.041 seconds
[2026-05-16T14:50:47.038+0000] {processor.py:161} INFO - Started process (PID=27848) to work on /opt/airflow/dags/dwh_layer.py
[2026-05-16T14:50:47.039+0000] {processor.py:830} INFO - Processing file /opt/airflow/dags/dwh_layer.py for tasks to queue
[2026-05-16T14:50:47.040+0000] {logging_mixin.py:188} INFO - [2026-05-16T14:50:47.039+0000] {dagbag.py:545} INFO - Filling up the DagBag from /opt/airflow/dags/dwh_layer.py
[2026-05-16T14:50:47.046+0000] {processor.py:840} INFO - DAG(s) 'dwh_modeling_dag' retrieved from /opt/airflow/dags/dwh_layer.py
[2026-05-16T14:50:47.058+0000] {logging_mixin.py:188} INFO - [2026-05-16T14:50:47.058+0000] {dag.py:3089} INFO - Sync 1 DAGs
[2026-05-16T14:50:47.064+0000] {logging_mixin.py:188} INFO - [2026-05-16T14:50:47.064+0000] {dag.py:3947} INFO - Setting next_dagrun for dwh_modeling_dag to None, run_after=None
[2026-05-16T14:50:47.070+0000] {processor.py:183} INFO - Processing /opt/airflow/dags/dwh_layer.py took 0.039 seconds
[2026-05-16T14:51:17.389+0000] {processor.py:161} INFO - Started process (PID=27910) to work on /opt/airflow/dags/dwh_layer.py
[2026-05-16T14:51:17.390+0000] {processor.py:830} INFO - Processing file /opt/airflow/dags/dwh_layer.py for tasks to queue
[2026-05-16T14:51:17.391+0000] {logging_mixin.py:188} INFO - [2026-05-16T14:51:17.391+0000] {dagbag.py:545} INFO - Filling up the DagBag from /opt/airflow/dags/dwh_layer.py
[2026-05-16T14:51:17.399+0000] {processor.py:840} INFO - DAG(s) 'dwh_modeling_dag' retrieved from /opt/airflow/dags/dwh_layer.py
[2026-05-16T14:51:17.414+0000] {logging_mixin.py:188} INFO - [2026-05-16T14:51:17.413+0000] {dag.py:3089} INFO - Sync 1 DAGs
[2026-05-16T14:51:17.419+0000] {logging_mixin.py:188} INFO - [2026-05-16T14:51:17.419+0000] {dag.py:3947} INFO - Setting next_dagrun for dwh_modeling_dag to None, run_after=None
[2026-05-16T14:51:17.429+0000] {processor.py:183} INFO - Processing /opt/airflow/dags/dwh_layer.py took 0.045 seconds
[2026-05-16T14:51:47.800+0000] {processor.py:161} INFO - Started process (PID=27972) to work on /opt/airflow/dags/dwh_layer.py
[2026-05-16T14:51:47.801+0000] {processor.py:830} INFO - Processing file /opt/airflow/dags/dwh_layer.py for tasks to queue
[2026-05-16T14:51:47.802+0000] {logging_mixin.py:188} INFO - [2026-05-16T14:51:47.802+0000] {dagbag.py:545} INFO - Filling up the DagBag from /opt/airflow/dags/dwh_layer.py
[2026-05-16T14:51:47.810+0000] {processor.py:840} INFO - DAG(s) 'dwh_modeling_dag' retrieved from /opt/airflow/dags/dwh_layer.py
[2026-05-16T14:51:47.823+0000] {logging_mixin.py:188} INFO - [2026-05-16T14:51:47.823+0000] {dag.py:3089} INFO - Sync 1 DAGs
[2026-05-16T14:51:47.829+0000] {logging_mixin.py:188} INFO - [2026-05-16T14:51:47.829+0000] {dag.py:3947} INFO - Setting next_dagrun for dwh_modeling_dag to None, run_after=None
[2026-05-16T14:51:47.836+0000] {processor.py:183} INFO - Processing /opt/airflow/dags/dwh_layer.py took 0.043 seconds
[2026-05-16T14:52:18.090+0000] {processor.py:161} INFO - Started process (PID=28034) to work on /opt/airflow/dags/dwh_layer.py
[2026-05-16T14:52:18.091+0000] {processor.py:830} INFO - Processing file /opt/airflow/dags/dwh_layer.py for tasks to queue
[2026-05-16T14:52:18.092+0000] {logging_mixin.py:188} INFO - [2026-05-16T14:52:18.092+0000] {dagbag.py:545} INFO - Filling up the DagBag from /opt/airflow/dags/dwh_layer.py
[2026-05-16T14:52:18.100+0000] {processor.py:840} INFO - DAG(s) 'dwh_modeling_dag' retrieved from /opt/airflow/dags/dwh_layer.py
[2026-05-16T14:52:18.113+0000] {logging_mixin.py:188} INFO - [2026-05-16T14:52:18.113+0000] {dag.py:3089} INFO - Sync 1 DAGs
[2026-05-16T14:52:18.119+0000] {logging_mixin.py:188} INFO - [2026-05-16T14:52:18.119+0000] {dag.py:3947} INFO - Setting next_dagrun for dwh_modeling_dag to None, run_after=None
[2026-05-16T14:52:18.126+0000] {processor.py:183} INFO - Processing /opt/airflow/dags/dwh_layer.py took 0.044 seconds
[2026-05-16T14:52:48.362+0000] {processor.py:161} INFO - Started process (PID=28096) to work on /opt/airflow/dags/dwh_layer.py
[2026-05-16T14:52:48.363+0000] {processor.py:830} INFO - Processing file /opt/airflow/dags/dwh_layer.py for tasks to queue
[2026-05-16T14:52:48.363+0000] {logging_mixin.py:188} INFO - [2026-05-16T14:52:48.363+0000] {dagbag.py:545} INFO - Filling up the DagBag from /opt/airflow/dags/dwh_layer.py
[2026-05-16T14:52:48.369+0000] {processor.py:840} INFO - DAG(s) 'dwh_modeling_dag' retrieved from /opt/airflow/dags/dwh_layer.py
[2026-05-16T14:52:48.384+0000] {logging_mixin.py:188} INFO - [2026-05-16T14:52:48.384+0000] {dag.py:3089} INFO - Sync 1 DAGs
[2026-05-16T14:52:48.393+0000] {logging_mixin.py:188} INFO - [2026-05-16T14:52:48.393+0000] {dag.py:3947} INFO - Setting next_dagrun for dwh_modeling_dag to None, run_after=None
[2026-05-16T14:52:48.402+0000] {processor.py:183} INFO - Processing /opt/airflow/dags/dwh_layer.py took 0.043 seconds
[2026-05-16T14:53:18.668+0000] {processor.py:161} INFO - Started process (PID=28158) to work on /opt/airflow/dags/dwh_layer.py
[2026-05-16T14:53:18.669+0000] {processor.py:830} INFO - Processing file /opt/airflow/dags/dwh_layer.py for tasks to queue
[2026-05-16T14:53:18.670+0000] {logging_mixin.py:188} INFO - [2026-05-16T14:53:18.670+0000] {dagbag.py:545} INFO - Filling up the DagBag from /opt/airflow/dags/dwh_layer.py
[2026-05-16T14:53:18.677+0000] {processor.py:840} INFO - DAG(s) 'dwh_modeling_dag' retrieved from /opt/airflow/dags/dwh_layer.py
[2026-05-16T14:53:18.689+0000] {logging_mixin.py:188} INFO - [2026-05-16T14:53:18.689+0000] {dag.py:3089} INFO - Sync 1 DAGs
[2026-05-16T14:53:18.695+0000] {logging_mixin.py:188} INFO - [2026-05-16T14:53:18.695+0000] {dag.py:3947} INFO - Setting next_dagrun for dwh_modeling_dag to None, run_after=None
[2026-05-16T14:53:18.701+0000] {processor.py:183} INFO - Processing /opt/airflow/dags/dwh_layer.py took 0.039 seconds
[2026-05-16T14:53:49.019+0000] {processor.py:161} INFO - Started process (PID=28220) to work on /opt/airflow/dags/dwh_layer.py
[2026-05-16T14:53:49.020+0000] {processor.py:830} INFO - Processing file /opt/airflow/dags/dwh_layer.py for tasks to queue
[2026-05-16T14:53:49.020+0000] {logging_mixin.py:188} INFO - [2026-05-16T14:53:49.020+0000] {dagbag.py:545} INFO - Filling up the DagBag from /opt/airflow/dags/dwh_layer.py
[2026-05-16T14:53:49.025+0000] {processor.py:840} INFO - DAG(s) 'dwh_modeling_dag' retrieved from /opt/airflow/dags/dwh_layer.py
[2026-05-16T14:53:49.040+0000] {logging_mixin.py:188} INFO - [2026-05-16T14:53:49.039+0000] {dag.py:3089} INFO - Sync 1 DAGs
[2026-05-16T14:53:49.046+0000] {logging_mixin.py:188} INFO - [2026-05-16T14:53:49.046+0000] {dag.py:3947} INFO - Setting next_dagrun for dwh_modeling_dag to None, run_after=None
[2026-05-16T14:53:49.056+0000] {processor.py:183} INFO - Processing /opt/airflow/dags/dwh_layer.py took 0.044 seconds
[2026-05-16T14:54:19.423+0000] {processor.py:161} INFO - Started process (PID=28281) to work on /opt/airflow/dags/dwh_layer.py
[2026-05-16T14:54:19.428+0000] {processor.py:830} INFO - Processing file /opt/airflow/dags/dwh_layer.py for tasks to queue
[2026-05-16T14:54:19.428+0000] {logging_mixin.py:188} INFO - [2026-05-16T14:54:19.428+0000] {dagbag.py:545} INFO - Filling up the DagBag from /opt/airflow/dags/dwh_layer.py
[2026-05-16T14:54:19.432+0000] {processor.py:840} INFO - DAG(s) 'dwh_modeling_dag' retrieved from /opt/airflow/dags/dwh_layer.py
[2026-05-16T14:54:19.446+0000] {logging_mixin.py:188} INFO - [2026-05-16T14:54:19.446+0000] {dag.py:3089} INFO - Sync 1 DAGs
[2026-05-16T14:54:19.454+0000] {logging_mixin.py:188} INFO - [2026-05-16T14:54:19.454+0000] {dag.py:3947} INFO - Setting next_dagrun for dwh_modeling_dag to None, run_after=None
[2026-05-16T14:54:19.468+0000] {processor.py:183} INFO - Processing /opt/airflow/dags/dwh_layer.py took 0.047 seconds
[2026-05-16T14:54:50.071+0000] {processor.py:161} INFO - Started process (PID=28343) to work on /opt/airflow/dags/dwh_layer.py
[2026-05-16T14:54:50.072+0000] {processor.py:830} INFO - Processing file /opt/airflow/dags/dwh_layer.py for tasks to queue
[2026-05-16T14:54:50.073+0000] {logging_mixin.py:188} INFO - [2026-05-16T14:54:50.073+0000] {dagbag.py:545} INFO - Filling up the DagBag from /opt/airflow/dags/dwh_layer.py
[2026-05-16T14:54:50.079+0000] {processor.py:840} INFO - DAG(s) 'dwh_modeling_dag' retrieved from /opt/airflow/dags/dwh_layer.py
[2026-05-16T14:54:50.091+0000] {logging_mixin.py:188} INFO - [2026-05-16T14:54:50.091+0000] {dag.py:3089} INFO - Sync 1 DAGs
[2026-05-16T14:54:50.097+0000] {logging_mixin.py:188} INFO - [2026-05-16T14:54:50.097+0000] {dag.py:3947} INFO - Setting next_dagrun for dwh_modeling_dag to None, run_after=None
[2026-05-16T14:54:50.104+0000] {processor.py:183} INFO - Processing /opt/airflow/dags/dwh_layer.py took 0.039 seconds
[2026-05-16T14:55:20.835+0000] {processor.py:161} INFO - Started process (PID=28405) to work on /opt/airflow/dags/dwh_layer.py
[2026-05-16T14:55:20.835+0000] {processor.py:830} INFO - Processing file /opt/airflow/dags/dwh_layer.py for tasks to queue
[2026-05-16T14:55:20.836+0000] {logging_mixin.py:188} INFO - [2026-05-16T14:55:20.836+0000] {dagbag.py:545} INFO - Filling up the DagBag from /opt/airflow/dags/dwh_layer.py
[2026-05-16T14:55:20.843+0000] {processor.py:840} INFO - DAG(s) 'dwh_modeling_dag' retrieved from /opt/airflow/dags/dwh_layer.py
[2026-05-16T14:55:20.856+0000] {logging_mixin.py:188} INFO - [2026-05-16T14:55:20.856+0000] {dag.py:3089} INFO - Sync 1 DAGs
[2026-05-16T14:55:20.862+0000] {logging_mixin.py:188} INFO - [2026-05-16T14:55:20.861+0000] {dag.py:3947} INFO - Setting next_dagrun for dwh_modeling_dag to None, run_after=None
[2026-05-16T14:55:20.868+0000] {processor.py:183} INFO - Processing /opt/airflow/dags/dwh_layer.py took 0.040 seconds
[2026-05-16T14:55:51.405+0000] {processor.py:161} INFO - Started process (PID=28467) to work on /opt/airflow/dags/dwh_layer.py
[2026-05-16T14:55:51.405+0000] {processor.py:830} INFO - Processing file /opt/airflow/dags/dwh_layer.py for tasks to queue
[2026-05-16T14:55:51.406+0000] {logging_mixin.py:188} INFO - [2026-05-16T14:55:51.406+0000] {dagbag.py:545} INFO - Filling up the DagBag from /opt/airflow/dags/dwh_layer.py
[2026-05-16T14:55:51.412+0000] {processor.py:840} INFO - DAG(s) 'dwh_modeling_dag' retrieved from /opt/airflow/dags/dwh_layer.py
[2026-05-16T14:55:51.423+0000] {logging_mixin.py:188} INFO - [2026-05-16T14:55:51.423+0000] {dag.py:3089} INFO - Sync 1 DAGs
[2026-05-16T14:55:51.429+0000] {logging_mixin.py:188} INFO - [2026-05-16T14:55:51.429+0000] {dag.py:3947} INFO - Setting next_dagrun for dwh_modeling_dag to None, run_after=None
[2026-05-16T14:55:51.436+0000] {processor.py:183} INFO - Processing /opt/airflow/dags/dwh_layer.py took 0.036 seconds
[2026-05-16T14:56:21.771+0000] {processor.py:161} INFO - Started process (PID=28530) to work on /opt/airflow/dags/dwh_layer.py
[2026-05-16T14:56:21.772+0000] {processor.py:830} INFO - Processing file /opt/airflow/dags/dwh_layer.py for tasks to queue
[2026-05-16T14:56:21.773+0000] {logging_mixin.py:188} INFO - [2026-05-16T14:56:21.773+0000] {dagbag.py:545} INFO - Filling up the DagBag from /opt/airflow/dags/dwh_layer.py
[2026-05-16T14:56:21.779+0000] {processor.py:840} INFO - DAG(s) 'dwh_modeling_dag' retrieved from /opt/airflow/dags/dwh_layer.py
[2026-05-16T14:56:21.792+0000] {logging_mixin.py:188} INFO - [2026-05-16T14:56:21.792+0000] {dag.py:3089} INFO - Sync 1 DAGs
[2026-05-16T14:56:21.798+0000] {logging_mixin.py:188} INFO - [2026-05-16T14:56:21.798+0000] {dag.py:3947} INFO - Setting next_dagrun for dwh_modeling_dag to None, run_after=None
[2026-05-16T14:56:21.804+0000] {processor.py:183} INFO - Processing /opt/airflow/dags/dwh_layer.py took 0.040 seconds
[2026-05-16T14:56:52.037+0000] {processor.py:161} INFO - Started process (PID=28592) to work on /opt/airflow/dags/dwh_layer.py
[2026-05-16T14:56:52.038+0000] {processor.py:830} INFO - Processing file /opt/airflow/dags/dwh_layer.py for tasks to queue
[2026-05-16T14:56:52.039+0000] {logging_mixin.py:188} INFO - [2026-05-16T14:56:52.038+0000] {dagbag.py:545} INFO - Filling up the DagBag from /opt/airflow/dags/dwh_layer.py
[2026-05-16T14:56:52.045+0000] {processor.py:840} INFO - DAG(s) 'dwh_modeling_dag' retrieved from /opt/airflow/dags/dwh_layer.py
[2026-05-16T14:56:52.057+0000] {logging_mixin.py:188} INFO - [2026-05-16T14:56:52.057+0000] {dag.py:3089} INFO - Sync 1 DAGs
[2026-05-16T14:56:52.064+0000] {logging_mixin.py:188} INFO - [2026-05-16T14:56:52.064+0000] {dag.py:3947} INFO - Setting next_dagrun for dwh_modeling_dag to None, run_after=None
[2026-05-16T14:56:52.071+0000] {processor.py:183} INFO - Processing /opt/airflow/dags/dwh_layer.py took 0.040 seconds
[2026-05-16T14:57:22.352+0000] {processor.py:161} INFO - Started process (PID=28654) to work on /opt/airflow/dags/dwh_layer.py
[2026-05-16T14:57:22.353+0000] {processor.py:830} INFO - Processing file /opt/airflow/dags/dwh_layer.py for tasks to queue
[2026-05-16T14:57:22.354+0000] {logging_mixin.py:188} INFO - [2026-05-16T14:57:22.354+0000] {dagbag.py:545} INFO - Filling up the DagBag from /opt/airflow/dags/dwh_layer.py
[2026-05-16T14:57:22.360+0000] {processor.py:840} INFO - DAG(s) 'dwh_modeling_dag' retrieved from /opt/airflow/dags/dwh_layer.py
[2026-05-16T14:57:22.373+0000] {logging_mixin.py:188} INFO - [2026-05-16T14:57:22.373+0000] {dag.py:3089} INFO - Sync 1 DAGs
[2026-05-16T14:57:22.379+0000] {logging_mixin.py:188} INFO - [2026-05-16T14:57:22.379+0000] {dag.py:3947} INFO - Setting next_dagrun for dwh_modeling_dag to None, run_after=None
[2026-05-16T14:57:22.386+0000] {processor.py:183} INFO - Processing /opt/airflow/dags/dwh_layer.py took 0.040 seconds
[2026-05-16T14:57:53.144+0000] {processor.py:161} INFO - Started process (PID=28716) to work on /opt/airflow/dags/dwh_layer.py
[2026-05-16T14:57:53.145+0000] {processor.py:830} INFO - Processing file /opt/airflow/dags/dwh_layer.py for tasks to queue
[2026-05-16T14:57:53.146+0000] {logging_mixin.py:188} INFO - [2026-05-16T14:57:53.146+0000] {dagbag.py:545} INFO - Filling up the DagBag from /opt/airflow/dags/dwh_layer.py
[2026-05-16T14:57:53.154+0000] {processor.py:840} INFO - DAG(s) 'dwh_modeling_dag' retrieved from /opt/airflow/dags/dwh_layer.py
[2026-05-16T14:57:53.168+0000] {logging_mixin.py:188} INFO - [2026-05-16T14:57:53.168+0000] {dag.py:3089} INFO - Sync 1 DAGs
[2026-05-16T14:57:53.178+0000] {logging_mixin.py:188} INFO - [2026-05-16T14:57:53.178+0000] {dag.py:3947} INFO - Setting next_dagrun for dwh_modeling_dag to None, run_after=None
[2026-05-16T14:57:53.187+0000] {processor.py:183} INFO - Processing /opt/airflow/dags/dwh_layer.py took 0.050 seconds
[2026-05-16T14:58:23.893+0000] {processor.py:161} INFO - Started process (PID=28778) to work on /opt/airflow/dags/dwh_layer.py
[2026-05-16T14:58:23.894+0000] {processor.py:830} INFO - Processing file /opt/airflow/dags/dwh_layer.py for tasks to queue
[2026-05-16T14:58:23.895+0000] {logging_mixin.py:188} INFO - [2026-05-16T14:58:23.894+0000] {dagbag.py:545} INFO - Filling up the DagBag from /opt/airflow/dags/dwh_layer.py
[2026-05-16T14:58:23.902+0000] {processor.py:840} INFO - DAG(s) 'dwh_modeling_dag' retrieved from /opt/airflow/dags/dwh_layer.py
[2026-05-16T14:58:23.918+0000] {logging_mixin.py:188} INFO - [2026-05-16T14:58:23.917+0000] {dag.py:3089} INFO - Sync 1 DAGs
[2026-05-16T14:58:23.924+0000] {logging_mixin.py:188} INFO - [2026-05-16T14:58:23.924+0000] {dag.py:3947} INFO - Setting next_dagrun for dwh_modeling_dag to None, run_after=None
[2026-05-16T14:58:23.931+0000] {processor.py:183} INFO - Processing /opt/airflow/dags/dwh_layer.py took 0.045 seconds
[2026-05-16T14:58:54.813+0000] {processor.py:161} INFO - Started process (PID=28840) to work on /opt/airflow/dags/dwh_layer.py
[2026-05-16T14:58:54.814+0000] {processor.py:830} INFO - Processing file /opt/airflow/dags/dwh_layer.py for tasks to queue
[2026-05-16T14:58:54.815+0000] {logging_mixin.py:188} INFO - [2026-05-16T14:58:54.815+0000] {dagbag.py:545} INFO - Filling up the DagBag from /opt/airflow/dags/dwh_layer.py
[2026-05-16T14:58:54.819+0000] {processor.py:840} INFO - DAG(s) 'dwh_modeling_dag' retrieved from /opt/airflow/dags/dwh_layer.py
[2026-05-16T14:58:54.830+0000] {logging_mixin.py:188} INFO - [2026-05-16T14:58:54.830+0000] {dag.py:3089} INFO - Sync 1 DAGs
[2026-05-16T14:58:54.835+0000] {logging_mixin.py:188} INFO - [2026-05-16T14:58:54.835+0000] {dag.py:3947} INFO - Setting next_dagrun for dwh_modeling_dag to None, run_after=None
[2026-05-16T14:58:54.841+0000] {processor.py:183} INFO - Processing /opt/airflow/dags/dwh_layer.py took 0.034 seconds
[2026-05-16T14:59:25.121+0000] {processor.py:161} INFO - Started process (PID=28902) to work on /opt/airflow/dags/dwh_layer.py
[2026-05-16T14:59:25.122+0000] {processor.py:830} INFO - Processing file /opt/airflow/dags/dwh_layer.py for tasks to queue
[2026-05-16T14:59:25.122+0000] {logging_mixin.py:188} INFO - [2026-05-16T14:59:25.122+0000] {dagbag.py:545} INFO - Filling up the DagBag from /opt/airflow/dags/dwh_layer.py
[2026-05-16T14:59:25.127+0000] {processor.py:840} INFO - DAG(s) 'dwh_modeling_dag' retrieved from /opt/airflow/dags/dwh_layer.py
[2026-05-16T14:59:25.142+0000] {logging_mixin.py:188} INFO - [2026-05-16T14:59:25.141+0000] {dag.py:3089} INFO - Sync 1 DAGs
[2026-05-16T14:59:25.148+0000] {logging_mixin.py:188} INFO - [2026-05-16T14:59:25.147+0000] {dag.py:3947} INFO - Setting next_dagrun for dwh_modeling_dag to None, run_after=None
[2026-05-16T14:59:25.154+0000] {processor.py:183} INFO - Processing /opt/airflow/dags/dwh_layer.py took 0.038 seconds
[2026-05-16T14:59:55.489+0000] {processor.py:161} INFO - Started process (PID=28964) to work on /opt/airflow/dags/dwh_layer.py
[2026-05-16T14:59:55.490+0000] {processor.py:830} INFO - Processing file /opt/airflow/dags/dwh_layer.py for tasks to queue
[2026-05-16T14:59:55.491+0000] {logging_mixin.py:188} INFO - [2026-05-16T14:59:55.491+0000] {dagbag.py:545} INFO - Filling up the DagBag from /opt/airflow/dags/dwh_layer.py
[2026-05-16T14:59:55.499+0000] {processor.py:840} INFO - DAG(s) 'dwh_modeling_dag' retrieved from /opt/airflow/dags/dwh_layer.py
[2026-05-16T14:59:55.512+0000] {logging_mixin.py:188} INFO - [2026-05-16T14:59:55.512+0000] {dag.py:3089} INFO - Sync 1 DAGs
[2026-05-16T14:59:55.518+0000] {logging_mixin.py:188} INFO - [2026-05-16T14:59:55.518+0000] {dag.py:3947} INFO - Setting next_dagrun for dwh_modeling_dag to None, run_after=None
[2026-05-16T14:59:55.525+0000] {processor.py:183} INFO - Processing /opt/airflow/dags/dwh_layer.py took 0.044 seconds
[2026-05-16T15:00:25.921+0000] {processor.py:161} INFO - Started process (PID=29026) to work on /opt/airflow/dags/dwh_layer.py
[2026-05-16T15:00:25.923+0000] {processor.py:830} INFO - Processing file /opt/airflow/dags/dwh_layer.py for tasks to queue
[2026-05-16T15:00:25.924+0000] {logging_mixin.py:188} INFO - [2026-05-16T15:00:25.923+0000] {dagbag.py:545} INFO - Filling up the DagBag from /opt/airflow/dags/dwh_layer.py
[2026-05-16T15:00:25.931+0000] {processor.py:840} INFO - DAG(s) 'dwh_modeling_dag' retrieved from /opt/airflow/dags/dwh_layer.py
[2026-05-16T15:00:25.943+0000] {logging_mixin.py:188} INFO - [2026-05-16T15:00:25.943+0000] {dag.py:3089} INFO - Sync 1 DAGs
[2026-05-16T15:00:25.949+0000] {logging_mixin.py:188} INFO - [2026-05-16T15:00:25.949+0000] {dag.py:3947} INFO - Setting next_dagrun for dwh_modeling_dag to None, run_after=None
[2026-05-16T15:00:25.956+0000] {processor.py:183} INFO - Processing /opt/airflow/dags/dwh_layer.py took 0.042 seconds
[2026-05-16T15:00:56.375+0000] {processor.py:161} INFO - Started process (PID=29088) to work on /opt/airflow/dags/dwh_layer.py
[2026-05-16T15:00:56.377+0000] {processor.py:830} INFO - Processing file /opt/airflow/dags/dwh_layer.py for tasks to queue
[2026-05-16T15:00:56.377+0000] {logging_mixin.py:188} INFO - [2026-05-16T15:00:56.377+0000] {dagbag.py:545} INFO - Filling up the DagBag from /opt/airflow/dags/dwh_layer.py
[2026-05-16T15:00:56.383+0000] {processor.py:840} INFO - DAG(s) 'dwh_modeling_dag' retrieved from /opt/airflow/dags/dwh_layer.py
[2026-05-16T15:00:56.394+0000] {logging_mixin.py:188} INFO - [2026-05-16T15:00:56.394+0000] {dag.py:3089} INFO - Sync 1 DAGs
[2026-05-16T15:00:56.403+0000] {logging_mixin.py:188} INFO - [2026-05-16T15:00:56.402+0000] {dag.py:3947} INFO - Setting next_dagrun for dwh_modeling_dag to None, run_after=None
[2026-05-16T15:00:56.415+0000] {processor.py:183} INFO - Processing /opt/airflow/dags/dwh_layer.py took 0.049 seconds
[2026-05-16T15:01:26.829+0000] {processor.py:161} INFO - Started process (PID=29150) to work on /opt/airflow/dags/dwh_layer.py
[2026-05-16T15:01:26.831+0000] {processor.py:830} INFO - Processing file /opt/airflow/dags/dwh_layer.py for tasks to queue
[2026-05-16T15:01:26.832+0000] {logging_mixin.py:188} INFO - [2026-05-16T15:01:26.831+0000] {dagbag.py:545} INFO - Filling up the DagBag from /opt/airflow/dags/dwh_layer.py
[2026-05-16T15:01:26.840+0000] {processor.py:840} INFO - DAG(s) 'dwh_modeling_dag' retrieved from /opt/airflow/dags/dwh_layer.py
[2026-05-16T15:01:26.853+0000] {logging_mixin.py:188} INFO - [2026-05-16T15:01:26.853+0000] {dag.py:3089} INFO - Sync 1 DAGs
[2026-05-16T15:01:26.859+0000] {logging_mixin.py:188} INFO - [2026-05-16T15:01:26.859+0000] {dag.py:3947} INFO - Setting next_dagrun for dwh_modeling_dag to None, run_after=None
[2026-05-16T15:01:26.866+0000] {processor.py:183} INFO - Processing /opt/airflow/dags/dwh_layer.py took 0.044 seconds
[2026-05-16T15:01:57.262+0000] {processor.py:161} INFO - Started process (PID=29212) to work on /opt/airflow/dags/dwh_layer.py
[2026-05-16T15:01:57.264+0000] {processor.py:830} INFO - Processing file /opt/airflow/dags/dwh_layer.py for tasks to queue
[2026-05-16T15:01:57.264+0000] {logging_mixin.py:188} INFO - [2026-05-16T15:01:57.264+0000] {dagbag.py:545} INFO - Filling up the DagBag from /opt/airflow/dags/dwh_layer.py
[2026-05-16T15:01:57.270+0000] {processor.py:840} INFO - DAG(s) 'dwh_modeling_dag' retrieved from /opt/airflow/dags/dwh_layer.py
[2026-05-16T15:01:57.283+0000] {logging_mixin.py:188} INFO - [2026-05-16T15:01:57.283+0000] {dag.py:3089} INFO - Sync 1 DAGs
[2026-05-16T15:01:57.290+0000] {logging_mixin.py:188} INFO - [2026-05-16T15:01:57.290+0000] {dag.py:3947} INFO - Setting next_dagrun for dwh_modeling_dag to None, run_after=None
[2026-05-16T15:01:57.297+0000] {processor.py:183} INFO - Processing /opt/airflow/dags/dwh_layer.py took 0.042 seconds
[2026-05-16T15:02:27.657+0000] {processor.py:161} INFO - Started process (PID=29274) to work on /opt/airflow/dags/dwh_layer.py
[2026-05-16T15:02:27.658+0000] {processor.py:830} INFO - Processing file /opt/airflow/dags/dwh_layer.py for tasks to queue
[2026-05-16T15:02:27.659+0000] {logging_mixin.py:188} INFO - [2026-05-16T15:02:27.658+0000] {dagbag.py:545} INFO - Filling up the DagBag from /opt/airflow/dags/dwh_layer.py
[2026-05-16T15:02:27.663+0000] {processor.py:840} INFO - DAG(s) 'dwh_modeling_dag' retrieved from /opt/airflow/dags/dwh_layer.py
[2026-05-16T15:02:27.676+0000] {logging_mixin.py:188} INFO - [2026-05-16T15:02:27.676+0000] {dag.py:3089} INFO - Sync 1 DAGs
[2026-05-16T15:02:27.682+0000] {logging_mixin.py:188} INFO - [2026-05-16T15:02:27.682+0000] {dag.py:3947} INFO - Setting next_dagrun for dwh_modeling_dag to None, run_after=None
[2026-05-16T15:02:27.690+0000] {processor.py:183} INFO - Processing /opt/airflow/dags/dwh_layer.py took 0.039 seconds
[2026-05-16T15:02:58.084+0000] {processor.py:161} INFO - Started process (PID=29336) to work on /opt/airflow/dags/dwh_layer.py
[2026-05-16T15:02:58.085+0000] {processor.py:830} INFO - Processing file /opt/airflow/dags/dwh_layer.py for tasks to queue
[2026-05-16T15:02:58.086+0000] {logging_mixin.py:188} INFO - [2026-05-16T15:02:58.085+0000] {dagbag.py:545} INFO - Filling up the DagBag from /opt/airflow/dags/dwh_layer.py
[2026-05-16T15:02:58.090+0000] {processor.py:840} INFO - DAG(s) 'dwh_modeling_dag' retrieved from /opt/airflow/dags/dwh_layer.py
[2026-05-16T15:02:58.102+0000] {logging_mixin.py:188} INFO - [2026-05-16T15:02:58.102+0000] {dag.py:3089} INFO - Sync 1 DAGs
[2026-05-16T15:02:58.108+0000] {logging_mixin.py:188} INFO - [2026-05-16T15:02:58.107+0000] {dag.py:3947} INFO - Setting next_dagrun for dwh_modeling_dag to None, run_after=None
[2026-05-16T15:02:58.114+0000] {processor.py:183} INFO - Processing /opt/airflow/dags/dwh_layer.py took 0.034 seconds
[2026-05-16T15:03:28.539+0000] {processor.py:161} INFO - Started process (PID=29398) to work on /opt/airflow/dags/dwh_layer.py
[2026-05-16T15:03:28.540+0000] {processor.py:830} INFO - Processing file /opt/airflow/dags/dwh_layer.py for tasks to queue
[2026-05-16T15:03:28.541+0000] {logging_mixin.py:188} INFO - [2026-05-16T15:03:28.541+0000] {dagbag.py:545} INFO - Filling up the DagBag from /opt/airflow/dags/dwh_layer.py
[2026-05-16T15:03:28.550+0000] {processor.py:840} INFO - DAG(s) 'dwh_modeling_dag' retrieved from /opt/airflow/dags/dwh_layer.py
[2026-05-16T15:03:28.568+0000] {logging_mixin.py:188} INFO - [2026-05-16T15:03:28.568+0000] {dag.py:3089} INFO - Sync 1 DAGs
[2026-05-16T15:03:28.575+0000] {logging_mixin.py:188} INFO - [2026-05-16T15:03:28.575+0000] {dag.py:3947} INFO - Setting next_dagrun for dwh_modeling_dag to None, run_after=None
[2026-05-16T15:03:28.583+0000] {processor.py:183} INFO - Processing /opt/airflow/dags/dwh_layer.py took 0.050 seconds
[2026-05-16T16:25:51.136+0000] {processor.py:161} INFO - Started process (PID=45) to work on /opt/airflow/dags/dwh_layer.py
[2026-05-16T16:25:51.140+0000] {processor.py:830} INFO - Processing file /opt/airflow/dags/dwh_layer.py for tasks to queue
[2026-05-16T16:25:51.144+0000] {logging_mixin.py:188} INFO - [2026-05-16T16:25:51.144+0000] {dagbag.py:545} INFO - Filling up the DagBag from /opt/airflow/dags/dwh_layer.py
[2026-05-16T16:25:51.167+0000] {processor.py:840} INFO - DAG(s) 'dwh_modeling_dag' retrieved from /opt/airflow/dags/dwh_layer.py
[2026-05-16T16:25:51.334+0000] {logging_mixin.py:188} INFO - [2026-05-16T16:25:51.334+0000] {dag.py:3089} INFO - Sync 1 DAGs
[2026-05-16T16:25:51.349+0000] {logging_mixin.py:188} INFO - [2026-05-16T16:25:51.349+0000] {dag.py:3947} INFO - Setting next_dagrun for dwh_modeling_dag to None, run_after=None
[2026-05-16T16:25:51.373+0000] {processor.py:183} INFO - Processing /opt/airflow/dags/dwh_layer.py took 0.252 seconds
[2026-05-16T16:26:21.978+0000] {processor.py:161} INFO - Started process (PID=107) to work on /opt/airflow/dags/dwh_layer.py
[2026-05-16T16:26:21.978+0000] {processor.py:830} INFO - Processing file /opt/airflow/dags/dwh_layer.py for tasks to queue
[2026-05-16T16:26:21.979+0000] {logging_mixin.py:188} INFO - [2026-05-16T16:26:21.979+0000] {dagbag.py:545} INFO - Filling up the DagBag from /opt/airflow/dags/dwh_layer.py
[2026-05-16T16:26:21.982+0000] {processor.py:840} INFO - DAG(s) 'dwh_modeling_dag' retrieved from /opt/airflow/dags/dwh_layer.py
[2026-05-16T16:26:21.992+0000] {logging_mixin.py:188} INFO - [2026-05-16T16:26:21.992+0000] {dag.py:3089} INFO - Sync 1 DAGs
[2026-05-16T16:26:21.997+0000] {logging_mixin.py:188} INFO - [2026-05-16T16:26:21.997+0000] {dag.py:3947} INFO - Setting next_dagrun for dwh_modeling_dag to None, run_after=None
[2026-05-16T16:26:22.004+0000] {processor.py:183} INFO - Processing /opt/airflow/dags/dwh_layer.py took 0.028 seconds
[2026-05-16T16:26:52.202+0000] {processor.py:161} INFO - Started process (PID=169) to work on /opt/airflow/dags/dwh_layer.py
[2026-05-16T16:26:52.202+0000] {processor.py:830} INFO - Processing file /opt/airflow/dags/dwh_layer.py for tasks to queue
[2026-05-16T16:26:52.203+0000] {logging_mixin.py:188} INFO - [2026-05-16T16:26:52.203+0000] {dagbag.py:545} INFO - Filling up the DagBag from /opt/airflow/dags/dwh_layer.py
[2026-05-16T16:26:52.207+0000] {processor.py:840} INFO - DAG(s) 'dwh_modeling_dag' retrieved from /opt/airflow/dags/dwh_layer.py
[2026-05-16T16:26:52.218+0000] {logging_mixin.py:188} INFO - [2026-05-16T16:26:52.218+0000] {dag.py:3089} INFO - Sync 1 DAGs
[2026-05-16T16:26:52.224+0000] {logging_mixin.py:188} INFO - [2026-05-16T16:26:52.224+0000] {dag.py:3947} INFO - Setting next_dagrun for dwh_modeling_dag to None, run_after=None
[2026-05-16T16:26:52.230+0000] {processor.py:183} INFO - Processing /opt/airflow/dags/dwh_layer.py took 0.032 seconds
[2026-05-16T16:27:22.339+0000] {processor.py:161} INFO - Started process (PID=231) to work on /opt/airflow/dags/dwh_layer.py
[2026-05-16T16:27:22.340+0000] {processor.py:830} INFO - Processing file /opt/airflow/dags/dwh_layer.py for tasks to queue
[2026-05-16T16:27:22.341+0000] {logging_mixin.py:188} INFO - [2026-05-16T16:27:22.341+0000] {dagbag.py:545} INFO - Filling up the DagBag from /opt/airflow/dags/dwh_layer.py
[2026-05-16T16:27:22.344+0000] {processor.py:840} INFO - DAG(s) 'dwh_modeling_dag' retrieved from /opt/airflow/dags/dwh_layer.py
[2026-05-16T16:27:22.355+0000] {logging_mixin.py:188} INFO - [2026-05-16T16:27:22.354+0000] {dag.py:3089} INFO - Sync 1 DAGs
[2026-05-16T16:27:22.360+0000] {logging_mixin.py:188} INFO - [2026-05-16T16:27:22.360+0000] {dag.py:3947} INFO - Setting next_dagrun for dwh_modeling_dag to None, run_after=None
[2026-05-16T16:27:22.369+0000] {processor.py:183} INFO - Processing /opt/airflow/dags/dwh_layer.py took 0.033 seconds
[2026-05-16T16:27:53.101+0000] {processor.py:161} INFO - Started process (PID=292) to work on /opt/airflow/dags/dwh_layer.py
[2026-05-16T16:27:53.102+0000] {processor.py:830} INFO - Processing file /opt/airflow/dags/dwh_layer.py for tasks to queue
[2026-05-16T16:27:53.102+0000] {logging_mixin.py:188} INFO - [2026-05-16T16:27:53.102+0000] {dagbag.py:545} INFO - Filling up the DagBag from /opt/airflow/dags/dwh_layer.py
[2026-05-16T16:27:53.105+0000] {processor.py:840} INFO - DAG(s) 'dwh_modeling_dag' retrieved from /opt/airflow/dags/dwh_layer.py
[2026-05-16T16:27:53.114+0000] {logging_mixin.py:188} INFO - [2026-05-16T16:27:53.114+0000] {dag.py:3089} INFO - Sync 1 DAGs
[2026-05-16T16:27:53.118+0000] {logging_mixin.py:188} INFO - [2026-05-16T16:27:53.118+0000] {dag.py:3947} INFO - Setting next_dagrun for dwh_modeling_dag to None, run_after=None
[2026-05-16T16:27:53.124+0000] {processor.py:183} INFO - Processing /opt/airflow/dags/dwh_layer.py took 0.026 seconds
[2026-05-16T16:28:23.681+0000] {processor.py:161} INFO - Started process (PID=354) to work on /opt/airflow/dags/dwh_layer.py
[2026-05-16T16:28:23.682+0000] {processor.py:830} INFO - Processing file /opt/airflow/dags/dwh_layer.py for tasks to queue
[2026-05-16T16:28:23.682+0000] {logging_mixin.py:188} INFO - [2026-05-16T16:28:23.682+0000] {dagbag.py:545} INFO - Filling up the DagBag from /opt/airflow/dags/dwh_layer.py
[2026-05-16T16:28:23.685+0000] {processor.py:840} INFO - DAG(s) 'dwh_modeling_dag' retrieved from /opt/airflow/dags/dwh_layer.py
[2026-05-16T16:28:23.694+0000] {logging_mixin.py:188} INFO - [2026-05-16T16:28:23.694+0000] {dag.py:3089} INFO - Sync 1 DAGs
[2026-05-16T16:28:23.698+0000] {logging_mixin.py:188} INFO - [2026-05-16T16:28:23.698+0000] {dag.py:3947} INFO - Setting next_dagrun for dwh_modeling_dag to None, run_after=None
[2026-05-16T16:28:23.705+0000] {processor.py:183} INFO - Processing /opt/airflow/dags/dwh_layer.py took 0.027 seconds
[2026-05-16T16:28:54.252+0000] {processor.py:161} INFO - Started process (PID=416) to work on /opt/airflow/dags/dwh_layer.py
[2026-05-16T16:28:54.252+0000] {processor.py:830} INFO - Processing file /opt/airflow/dags/dwh_layer.py for tasks to queue
[2026-05-16T16:28:54.253+0000] {logging_mixin.py:188} INFO - [2026-05-16T16:28:54.253+0000] {dagbag.py:545} INFO - Filling up the DagBag from /opt/airflow/dags/dwh_layer.py
[2026-05-16T16:28:54.256+0000] {processor.py:840} INFO - DAG(s) 'dwh_modeling_dag' retrieved from /opt/airflow/dags/dwh_layer.py
[2026-05-16T16:28:54.265+0000] {logging_mixin.py:188} INFO - [2026-05-16T16:28:54.265+0000] {dag.py:3089} INFO - Sync 1 DAGs
[2026-05-16T16:28:54.269+0000] {logging_mixin.py:188} INFO - [2026-05-16T16:28:54.269+0000] {dag.py:3947} INFO - Setting next_dagrun for dwh_modeling_dag to None, run_after=None
[2026-05-16T16:28:54.275+0000] {processor.py:183} INFO - Processing /opt/airflow/dags/dwh_layer.py took 0.027 seconds
[2026-05-16T16:29:24.930+0000] {processor.py:161} INFO - Started process (PID=477) to work on /opt/airflow/dags/dwh_layer.py
[2026-05-16T16:29:24.930+0000] {processor.py:830} INFO - Processing file /opt/airflow/dags/dwh_layer.py for tasks to queue
[2026-05-16T16:29:24.931+0000] {logging_mixin.py:188} INFO - [2026-05-16T16:29:24.931+0000] {dagbag.py:545} INFO - Filling up the DagBag from /opt/airflow/dags/dwh_layer.py
[2026-05-16T16:29:24.934+0000] {processor.py:840} INFO - DAG(s) 'dwh_modeling_dag' retrieved from /opt/airflow/dags/dwh_layer.py
[2026-05-16T16:29:24.945+0000] {logging_mixin.py:188} INFO - [2026-05-16T16:29:24.945+0000] {dag.py:3089} INFO - Sync 1 DAGs
[2026-05-16T16:29:24.949+0000] {logging_mixin.py:188} INFO - [2026-05-16T16:29:24.949+0000] {dag.py:3947} INFO - Setting next_dagrun for dwh_modeling_dag to None, run_after=None
[2026-05-16T16:29:24.956+0000] {processor.py:183} INFO - Processing /opt/airflow/dags/dwh_layer.py took 0.030 seconds
[2026-05-16T16:29:55.665+0000] {processor.py:161} INFO - Started process (PID=544) to work on /opt/airflow/dags/dwh_layer.py
[2026-05-16T16:29:55.666+0000] {processor.py:830} INFO - Processing file /opt/airflow/dags/dwh_layer.py for tasks to queue
[2026-05-16T16:29:55.667+0000] {logging_mixin.py:188} INFO - [2026-05-16T16:29:55.667+0000] {dagbag.py:545} INFO - Filling up the DagBag from /opt/airflow/dags/dwh_layer.py
[2026-05-16T16:29:55.670+0000] {processor.py:840} INFO - DAG(s) 'dwh_modeling_dag' retrieved from /opt/airflow/dags/dwh_layer.py
[2026-05-16T16:29:55.680+0000] {logging_mixin.py:188} INFO - [2026-05-16T16:29:55.680+0000] {dag.py:3089} INFO - Sync 1 DAGs
[2026-05-16T16:29:55.685+0000] {logging_mixin.py:188} INFO - [2026-05-16T16:29:55.685+0000] {dag.py:3947} INFO - Setting next_dagrun for dwh_modeling_dag to None, run_after=None
[2026-05-16T16:29:55.691+0000] {processor.py:183} INFO - Processing /opt/airflow/dags/dwh_layer.py took 0.029 seconds
[2026-05-16T16:30:26.329+0000] {processor.py:161} INFO - Started process (PID=606) to work on /opt/airflow/dags/dwh_layer.py
[2026-05-16T16:30:26.330+0000] {processor.py:830} INFO - Processing file /opt/airflow/dags/dwh_layer.py for tasks to queue
[2026-05-16T16:30:26.331+0000] {logging_mixin.py:188} INFO - [2026-05-16T16:30:26.331+0000] {dagbag.py:545} INFO - Filling up the DagBag from /opt/airflow/dags/dwh_layer.py
[2026-05-16T16:30:26.334+0000] {processor.py:840} INFO - DAG(s) 'dwh_modeling_dag' retrieved from /opt/airflow/dags/dwh_layer.py
[2026-05-16T16:30:26.344+0000] {logging_mixin.py:188} INFO - [2026-05-16T16:30:26.344+0000] {dag.py:3089} INFO - Sync 1 DAGs
[2026-05-16T16:30:26.350+0000] {logging_mixin.py:188} INFO - [2026-05-16T16:30:26.350+0000] {dag.py:3947} INFO - Setting next_dagrun for dwh_modeling_dag to None, run_after=None
[2026-05-16T16:30:26.356+0000] {processor.py:183} INFO - Processing /opt/airflow/dags/dwh_layer.py took 0.030 seconds
[2026-05-16T16:30:56.972+0000] {processor.py:161} INFO - Started process (PID=668) to work on /opt/airflow/dags/dwh_layer.py
[2026-05-16T16:30:56.973+0000] {processor.py:830} INFO - Processing file /opt/airflow/dags/dwh_layer.py for tasks to queue
[2026-05-16T16:30:56.974+0000] {logging_mixin.py:188} INFO - [2026-05-16T16:30:56.974+0000] {dagbag.py:545} INFO - Filling up the DagBag from /opt/airflow/dags/dwh_layer.py
[2026-05-16T16:30:56.978+0000] {processor.py:840} INFO - DAG(s) 'dwh_modeling_dag' retrieved from /opt/airflow/dags/dwh_layer.py
[2026-05-16T16:30:56.989+0000] {logging_mixin.py:188} INFO - [2026-05-16T16:30:56.989+0000] {dag.py:3089} INFO - Sync 1 DAGs
[2026-05-16T16:30:56.995+0000] {logging_mixin.py:188} INFO - [2026-05-16T16:30:56.995+0000] {dag.py:3947} INFO - Setting next_dagrun for dwh_modeling_dag to None, run_after=None
[2026-05-16T16:30:57.003+0000] {processor.py:183} INFO - Processing /opt/airflow/dags/dwh_layer.py took 0.034 seconds
[2026-05-16T16:31:27.125+0000] {processor.py:161} INFO - Started process (PID=730) to work on /opt/airflow/dags/dwh_layer.py
[2026-05-16T16:31:27.125+0000] {processor.py:830} INFO - Processing file /opt/airflow/dags/dwh_layer.py for tasks to queue
[2026-05-16T16:31:27.126+0000] {logging_mixin.py:188} INFO - [2026-05-16T16:31:27.126+0000] {dagbag.py:545} INFO - Filling up the DagBag from /opt/airflow/dags/dwh_layer.py
[2026-05-16T16:31:27.130+0000] {processor.py:840} INFO - DAG(s) 'dwh_modeling_dag' retrieved from /opt/airflow/dags/dwh_layer.py
[2026-05-16T16:31:27.139+0000] {logging_mixin.py:188} INFO - [2026-05-16T16:31:27.138+0000] {dag.py:3089} INFO - Sync 1 DAGs
[2026-05-16T16:31:27.143+0000] {logging_mixin.py:188} INFO - [2026-05-16T16:31:27.143+0000] {dag.py:3947} INFO - Setting next_dagrun for dwh_modeling_dag to None, run_after=None
[2026-05-16T16:31:27.150+0000] {processor.py:183} INFO - Processing /opt/airflow/dags/dwh_layer.py took 0.028 seconds
[2026-05-16T16:31:57.276+0000] {processor.py:161} INFO - Started process (PID=791) to work on /opt/airflow/dags/dwh_layer.py
[2026-05-16T16:31:57.276+0000] {processor.py:830} INFO - Processing file /opt/airflow/dags/dwh_layer.py for tasks to queue
[2026-05-16T16:31:57.277+0000] {logging_mixin.py:188} INFO - [2026-05-16T16:31:57.277+0000] {dagbag.py:545} INFO - Filling up the DagBag from /opt/airflow/dags/dwh_layer.py
[2026-05-16T16:31:57.281+0000] {processor.py:840} INFO - DAG(s) 'dwh_modeling_dag' retrieved from /opt/airflow/dags/dwh_layer.py
[2026-05-16T16:31:57.290+0000] {logging_mixin.py:188} INFO - [2026-05-16T16:31:57.289+0000] {dag.py:3089} INFO - Sync 1 DAGs
[2026-05-16T16:31:57.295+0000] {logging_mixin.py:188} INFO - [2026-05-16T16:31:57.295+0000] {dag.py:3947} INFO - Setting next_dagrun for dwh_modeling_dag to None, run_after=None
[2026-05-16T16:31:57.301+0000] {processor.py:183} INFO - Processing /opt/airflow/dags/dwh_layer.py took 0.028 seconds
[2026-05-16T16:32:27.483+0000] {processor.py:161} INFO - Started process (PID=853) to work on /opt/airflow/dags/dwh_layer.py
[2026-05-16T16:32:27.484+0000] {processor.py:830} INFO - Processing file /opt/airflow/dags/dwh_layer.py for tasks to queue
[2026-05-16T16:32:27.485+0000] {logging_mixin.py:188} INFO - [2026-05-16T16:32:27.485+0000] {dagbag.py:545} INFO - Filling up the DagBag from /opt/airflow/dags/dwh_layer.py
[2026-05-16T16:32:27.488+0000] {processor.py:840} INFO - DAG(s) 'dwh_modeling_dag' retrieved from /opt/airflow/dags/dwh_layer.py
[2026-05-16T16:32:27.499+0000] {logging_mixin.py:188} INFO - [2026-05-16T16:32:27.499+0000] {dag.py:3089} INFO - Sync 1 DAGs
[2026-05-16T16:32:27.505+0000] {logging_mixin.py:188} INFO - [2026-05-16T16:32:27.505+0000] {dag.py:3947} INFO - Setting next_dagrun for dwh_modeling_dag to None, run_after=None
[2026-05-16T16:32:27.513+0000] {processor.py:183} INFO - Processing /opt/airflow/dags/dwh_layer.py took 0.033 seconds
[2026-05-16T16:32:57.644+0000] {processor.py:161} INFO - Started process (PID=915) to work on /opt/airflow/dags/dwh_layer.py
[2026-05-16T16:32:57.644+0000] {processor.py:830} INFO - Processing file /opt/airflow/dags/dwh_layer.py for tasks to queue
[2026-05-16T16:32:57.646+0000] {logging_mixin.py:188} INFO - [2026-05-16T16:32:57.645+0000] {dagbag.py:545} INFO - Filling up the DagBag from /opt/airflow/dags/dwh_layer.py
[2026-05-16T16:32:57.649+0000] {processor.py:840} INFO - DAG(s) 'dwh_modeling_dag' retrieved from /opt/airflow/dags/dwh_layer.py
[2026-05-16T16:32:57.658+0000] {logging_mixin.py:188} INFO - [2026-05-16T16:32:57.658+0000] {dag.py:3089} INFO - Sync 1 DAGs
[2026-05-16T16:32:57.663+0000] {logging_mixin.py:188} INFO - [2026-05-16T16:32:57.662+0000] {dag.py:3947} INFO - Setting next_dagrun for dwh_modeling_dag to None, run_after=None
[2026-05-16T16:32:57.669+0000] {processor.py:183} INFO - Processing /opt/airflow/dags/dwh_layer.py took 0.028 seconds
[2026-05-16T16:33:27.915+0000] {processor.py:161} INFO - Started process (PID=977) to work on /opt/airflow/dags/dwh_layer.py
[2026-05-16T16:33:27.915+0000] {processor.py:830} INFO - Processing file /opt/airflow/dags/dwh_layer.py for tasks to queue
[2026-05-16T16:33:27.916+0000] {logging_mixin.py:188} INFO - [2026-05-16T16:33:27.916+0000] {dagbag.py:545} INFO - Filling up the DagBag from /opt/airflow/dags/dwh_layer.py
[2026-05-16T16:33:27.919+0000] {processor.py:840} INFO - DAG(s) 'dwh_modeling_dag' retrieved from /opt/airflow/dags/dwh_layer.py
[2026-05-16T16:33:27.928+0000] {logging_mixin.py:188} INFO - [2026-05-16T16:33:27.928+0000] {dag.py:3089} INFO - Sync 1 DAGs
[2026-05-16T16:33:27.933+0000] {logging_mixin.py:188} INFO - [2026-05-16T16:33:27.933+0000] {dag.py:3947} INFO - Setting next_dagrun for dwh_modeling_dag to None, run_after=None
[2026-05-16T16:33:27.940+0000] {processor.py:183} INFO - Processing /opt/airflow/dags/dwh_layer.py took 0.029 seconds
[2026-05-16T16:33:58.119+0000] {processor.py:161} INFO - Started process (PID=1039) to work on /opt/airflow/dags/dwh_layer.py
[2026-05-16T16:33:58.120+0000] {processor.py:830} INFO - Processing file /opt/airflow/dags/dwh_layer.py for tasks to queue
[2026-05-16T16:33:58.120+0000] {logging_mixin.py:188} INFO - [2026-05-16T16:33:58.120+0000] {dagbag.py:545} INFO - Filling up the DagBag from /opt/airflow/dags/dwh_layer.py
[2026-05-16T16:33:58.123+0000] {processor.py:840} INFO - DAG(s) 'dwh_modeling_dag' retrieved from /opt/airflow/dags/dwh_layer.py
[2026-05-16T16:33:58.134+0000] {logging_mixin.py:188} INFO - [2026-05-16T16:33:58.134+0000] {dag.py:3089} INFO - Sync 1 DAGs
[2026-05-16T16:33:58.140+0000] {logging_mixin.py:188} INFO - [2026-05-16T16:33:58.140+0000] {dag.py:3947} INFO - Setting next_dagrun for dwh_modeling_dag to None, run_after=None
[2026-05-16T16:33:58.149+0000] {processor.py:183} INFO - Processing /opt/airflow/dags/dwh_layer.py took 0.032 seconds
[2026-05-16T16:34:28.303+0000] {processor.py:161} INFO - Started process (PID=1100) to work on /opt/airflow/dags/dwh_layer.py
[2026-05-16T16:34:28.304+0000] {processor.py:830} INFO - Processing file /opt/airflow/dags/dwh_layer.py for tasks to queue
[2026-05-16T16:34:28.305+0000] {logging_mixin.py:188} INFO - [2026-05-16T16:34:28.305+0000] {dagbag.py:545} INFO - Filling up the DagBag from /opt/airflow/dags/dwh_layer.py
[2026-05-16T16:34:28.308+0000] {processor.py:840} INFO - DAG(s) 'dwh_modeling_dag' retrieved from /opt/airflow/dags/dwh_layer.py
[2026-05-16T16:34:28.317+0000] {logging_mixin.py:188} INFO - [2026-05-16T16:34:28.317+0000] {dag.py:3089} INFO - Sync 1 DAGs
[2026-05-16T16:34:28.324+0000] {logging_mixin.py:188} INFO - [2026-05-16T16:34:28.323+0000] {dag.py:3947} INFO - Setting next_dagrun for dwh_modeling_dag to None, run_after=None
[2026-05-16T16:34:28.330+0000] {processor.py:183} INFO - Processing /opt/airflow/dags/dwh_layer.py took 0.031 seconds
[2026-05-16T16:34:58.977+0000] {processor.py:161} INFO - Started process (PID=1162) to work on /opt/airflow/dags/dwh_layer.py
[2026-05-16T16:34:58.977+0000] {processor.py:830} INFO - Processing file /opt/airflow/dags/dwh_layer.py for tasks to queue
[2026-05-16T16:34:58.978+0000] {logging_mixin.py:188} INFO - [2026-05-16T16:34:58.978+0000] {dagbag.py:545} INFO - Filling up the DagBag from /opt/airflow/dags/dwh_layer.py
[2026-05-16T16:34:58.981+0000] {processor.py:840} INFO - DAG(s) 'dwh_modeling_dag' retrieved from /opt/airflow/dags/dwh_layer.py
[2026-05-16T16:34:58.991+0000] {logging_mixin.py:188} INFO - [2026-05-16T16:34:58.990+0000] {dag.py:3089} INFO - Sync 1 DAGs
[2026-05-16T16:34:58.995+0000] {logging_mixin.py:188} INFO - [2026-05-16T16:34:58.995+0000] {dag.py:3947} INFO - Setting next_dagrun for dwh_modeling_dag to None, run_after=None
[2026-05-16T16:34:59.003+0000] {processor.py:183} INFO - Processing /opt/airflow/dags/dwh_layer.py took 0.028 seconds
[2026-05-16T16:35:29.657+0000] {processor.py:161} INFO - Started process (PID=1224) to work on /opt/airflow/dags/dwh_layer.py
[2026-05-16T16:35:29.658+0000] {processor.py:830} INFO - Processing file /opt/airflow/dags/dwh_layer.py for tasks to queue
[2026-05-16T16:35:29.659+0000] {logging_mixin.py:188} INFO - [2026-05-16T16:35:29.658+0000] {dagbag.py:545} INFO - Filling up the DagBag from /opt/airflow/dags/dwh_layer.py
[2026-05-16T16:35:29.661+0000] {processor.py:840} INFO - DAG(s) 'dwh_modeling_dag' retrieved from /opt/airflow/dags/dwh_layer.py
[2026-05-16T16:35:29.670+0000] {logging_mixin.py:188} INFO - [2026-05-16T16:35:29.670+0000] {dag.py:3089} INFO - Sync 1 DAGs
[2026-05-16T16:35:29.676+0000] {logging_mixin.py:188} INFO - [2026-05-16T16:35:29.676+0000] {dag.py:3947} INFO - Setting next_dagrun for dwh_modeling_dag to None, run_after=None
[2026-05-16T16:35:29.683+0000] {processor.py:183} INFO - Processing /opt/airflow/dags/dwh_layer.py took 0.028 seconds
[2026-05-16T16:36:00.393+0000] {processor.py:161} INFO - Started process (PID=1286) to work on /opt/airflow/dags/dwh_layer.py
[2026-05-16T16:36:00.393+0000] {processor.py:830} INFO - Processing file /opt/airflow/dags/dwh_layer.py for tasks to queue
[2026-05-16T16:36:00.394+0000] {logging_mixin.py:188} INFO - [2026-05-16T16:36:00.394+0000] {dagbag.py:545} INFO - Filling up the DagBag from /opt/airflow/dags/dwh_layer.py
[2026-05-16T16:36:00.397+0000] {processor.py:840} INFO - DAG(s) 'dwh_modeling_dag' retrieved from /opt/airflow/dags/dwh_layer.py
[2026-05-16T16:36:00.407+0000] {logging_mixin.py:188} INFO - [2026-05-16T16:36:00.407+0000] {dag.py:3089} INFO - Sync 1 DAGs
[2026-05-16T16:36:00.412+0000] {logging_mixin.py:188} INFO - [2026-05-16T16:36:00.412+0000] {dag.py:3947} INFO - Setting next_dagrun for dwh_modeling_dag to None, run_after=None
[2026-05-16T16:36:00.419+0000] {processor.py:183} INFO - Processing /opt/airflow/dags/dwh_layer.py took 0.029 seconds
[2026-05-16T16:36:30.969+0000] {processor.py:161} INFO - Started process (PID=1348) to work on /opt/airflow/dags/dwh_layer.py
[2026-05-16T16:36:30.969+0000] {processor.py:830} INFO - Processing file /opt/airflow/dags/dwh_layer.py for tasks to queue
[2026-05-16T16:36:30.970+0000] {logging_mixin.py:188} INFO - [2026-05-16T16:36:30.970+0000] {dagbag.py:545} INFO - Filling up the DagBag from /opt/airflow/dags/dwh_layer.py
[2026-05-16T16:36:30.973+0000] {processor.py:840} INFO - DAG(s) 'dwh_modeling_dag' retrieved from /opt/airflow/dags/dwh_layer.py
[2026-05-16T16:36:30.981+0000] {logging_mixin.py:188} INFO - [2026-05-16T16:36:30.981+0000] {dag.py:3089} INFO - Sync 1 DAGs
[2026-05-16T16:36:30.986+0000] {logging_mixin.py:188} INFO - [2026-05-16T16:36:30.986+0000] {dag.py:3947} INFO - Setting next_dagrun for dwh_modeling_dag to None, run_after=None
[2026-05-16T16:36:30.993+0000] {processor.py:183} INFO - Processing /opt/airflow/dags/dwh_layer.py took 0.027 seconds
[2026-05-16T16:37:01.598+0000] {processor.py:161} INFO - Started process (PID=1410) to work on /opt/airflow/dags/dwh_layer.py
[2026-05-16T16:37:01.599+0000] {processor.py:830} INFO - Processing file /opt/airflow/dags/dwh_layer.py for tasks to queue
[2026-05-16T16:37:01.600+0000] {logging_mixin.py:188} INFO - [2026-05-16T16:37:01.600+0000] {dagbag.py:545} INFO - Filling up the DagBag from /opt/airflow/dags/dwh_layer.py
[2026-05-16T16:37:01.604+0000] {processor.py:840} INFO - DAG(s) 'dwh_modeling_dag' retrieved from /opt/airflow/dags/dwh_layer.py
[2026-05-16T16:37:01.616+0000] {logging_mixin.py:188} INFO - [2026-05-16T16:37:01.615+0000] {dag.py:3089} INFO - Sync 1 DAGs
[2026-05-16T16:37:01.622+0000] {logging_mixin.py:188} INFO - [2026-05-16T16:37:01.622+0000] {dag.py:3947} INFO - Setting next_dagrun for dwh_modeling_dag to None, run_after=None
[2026-05-16T16:37:01.630+0000] {processor.py:183} INFO - Processing /opt/airflow/dags/dwh_layer.py took 0.035 seconds
[2026-05-16T16:37:32.242+0000] {processor.py:161} INFO - Started process (PID=1471) to work on /opt/airflow/dags/dwh_layer.py
[2026-05-16T16:37:32.242+0000] {processor.py:830} INFO - Processing file /opt/airflow/dags/dwh_layer.py for tasks to queue
[2026-05-16T16:37:32.244+0000] {logging_mixin.py:188} INFO - [2026-05-16T16:37:32.244+0000] {dagbag.py:545} INFO - Filling up the DagBag from /opt/airflow/dags/dwh_layer.py
[2026-05-16T16:37:32.247+0000] {processor.py:840} INFO - DAG(s) 'dwh_modeling_dag' retrieved from /opt/airflow/dags/dwh_layer.py
[2026-05-16T16:37:32.257+0000] {logging_mixin.py:188} INFO - [2026-05-16T16:37:32.257+0000] {dag.py:3089} INFO - Sync 1 DAGs
[2026-05-16T16:37:32.264+0000] {logging_mixin.py:188} INFO - [2026-05-16T16:37:32.264+0000] {dag.py:3947} INFO - Setting next_dagrun for dwh_modeling_dag to None, run_after=None
[2026-05-16T16:37:32.272+0000] {processor.py:183} INFO - Processing /opt/airflow/dags/dwh_layer.py took 0.036 seconds
[2026-05-16T16:38:02.854+0000] {processor.py:161} INFO - Started process (PID=1533) to work on /opt/airflow/dags/dwh_layer.py
[2026-05-16T16:38:02.855+0000] {processor.py:830} INFO - Processing file /opt/airflow/dags/dwh_layer.py for tasks to queue
[2026-05-16T16:38:02.856+0000] {logging_mixin.py:188} INFO - [2026-05-16T16:38:02.856+0000] {dagbag.py:545} INFO - Filling up the DagBag from /opt/airflow/dags/dwh_layer.py
[2026-05-16T16:38:02.860+0000] {processor.py:840} INFO - DAG(s) 'dwh_modeling_dag' retrieved from /opt/airflow/dags/dwh_layer.py
[2026-05-16T16:38:02.869+0000] {logging_mixin.py:188} INFO - [2026-05-16T16:38:02.868+0000] {dag.py:3089} INFO - Sync 1 DAGs
[2026-05-16T16:38:02.873+0000] {logging_mixin.py:188} INFO - [2026-05-16T16:38:02.873+0000] {dag.py:3947} INFO - Setting next_dagrun for dwh_modeling_dag to None, run_after=None
[2026-05-16T16:38:02.880+0000] {processor.py:183} INFO - Processing /opt/airflow/dags/dwh_layer.py took 0.028 seconds
[2026-05-16T16:38:33.420+0000] {processor.py:161} INFO - Started process (PID=1595) to work on /opt/airflow/dags/dwh_layer.py
[2026-05-16T16:38:33.420+0000] {processor.py:830} INFO - Processing file /opt/airflow/dags/dwh_layer.py for tasks to queue
[2026-05-16T16:38:33.421+0000] {logging_mixin.py:188} INFO - [2026-05-16T16:38:33.421+0000] {dagbag.py:545} INFO - Filling up the DagBag from /opt/airflow/dags/dwh_layer.py
[2026-05-16T16:38:33.424+0000] {processor.py:840} INFO - DAG(s) 'dwh_modeling_dag' retrieved from /opt/airflow/dags/dwh_layer.py
[2026-05-16T16:38:33.434+0000] {logging_mixin.py:188} INFO - [2026-05-16T16:38:33.434+0000] {dag.py:3089} INFO - Sync 1 DAGs
[2026-05-16T16:38:33.440+0000] {logging_mixin.py:188} INFO - [2026-05-16T16:38:33.440+0000] {dag.py:3947} INFO - Setting next_dagrun for dwh_modeling_dag to None, run_after=None
[2026-05-16T16:38:33.449+0000] {processor.py:183} INFO - Processing /opt/airflow/dags/dwh_layer.py took 0.033 seconds
[2026-05-16T16:39:04.020+0000] {processor.py:161} INFO - Started process (PID=1657) to work on /opt/airflow/dags/dwh_layer.py
[2026-05-16T16:39:04.020+0000] {processor.py:830} INFO - Processing file /opt/airflow/dags/dwh_layer.py for tasks to queue
[2026-05-16T16:39:04.021+0000] {logging_mixin.py:188} INFO - [2026-05-16T16:39:04.021+0000] {dagbag.py:545} INFO - Filling up the DagBag from /opt/airflow/dags/dwh_layer.py
[2026-05-16T16:39:04.024+0000] {processor.py:840} INFO - DAG(s) 'dwh_modeling_dag' retrieved from /opt/airflow/dags/dwh_layer.py
[2026-05-16T16:39:04.033+0000] {logging_mixin.py:188} INFO - [2026-05-16T16:39:04.033+0000] {dag.py:3089} INFO - Sync 1 DAGs
[2026-05-16T16:39:04.038+0000] {logging_mixin.py:188} INFO - [2026-05-16T16:39:04.038+0000] {dag.py:3947} INFO - Setting next_dagrun for dwh_modeling_dag to None, run_after=None
[2026-05-16T16:39:04.044+0000] {processor.py:183} INFO - Processing /opt/airflow/dags/dwh_layer.py took 0.027 seconds
[2026-05-16T16:39:34.618+0000] {processor.py:161} INFO - Started process (PID=1719) to work on /opt/airflow/dags/dwh_layer.py
[2026-05-16T16:39:34.619+0000] {processor.py:830} INFO - Processing file /opt/airflow/dags/dwh_layer.py for tasks to queue
[2026-05-16T16:39:34.620+0000] {logging_mixin.py:188} INFO - [2026-05-16T16:39:34.619+0000] {dagbag.py:545} INFO - Filling up the DagBag from /opt/airflow/dags/dwh_layer.py
[2026-05-16T16:39:34.622+0000] {processor.py:840} INFO - DAG(s) 'dwh_modeling_dag' retrieved from /opt/airflow/dags/dwh_layer.py
[2026-05-16T16:39:34.633+0000] {logging_mixin.py:188} INFO - [2026-05-16T16:39:34.632+0000] {dag.py:3089} INFO - Sync 1 DAGs
[2026-05-16T16:39:34.638+0000] {logging_mixin.py:188} INFO - [2026-05-16T16:39:34.638+0000] {dag.py:3947} INFO - Setting next_dagrun for dwh_modeling_dag to None, run_after=None
[2026-05-16T16:39:34.645+0000] {processor.py:183} INFO - Processing /opt/airflow/dags/dwh_layer.py took 0.029 seconds
[2026-05-16T16:40:05.268+0000] {processor.py:161} INFO - Started process (PID=1781) to work on /opt/airflow/dags/dwh_layer.py
[2026-05-16T16:40:05.269+0000] {processor.py:830} INFO - Processing file /opt/airflow/dags/dwh_layer.py for tasks to queue
[2026-05-16T16:40:05.270+0000] {logging_mixin.py:188} INFO - [2026-05-16T16:40:05.269+0000] {dagbag.py:545} INFO - Filling up the DagBag from /opt/airflow/dags/dwh_layer.py
[2026-05-16T16:40:05.273+0000] {processor.py:840} INFO - DAG(s) 'dwh_modeling_dag' retrieved from /opt/airflow/dags/dwh_layer.py
[2026-05-16T16:40:05.284+0000] {logging_mixin.py:188} INFO - [2026-05-16T16:40:05.284+0000] {dag.py:3089} INFO - Sync 1 DAGs
[2026-05-16T16:40:05.290+0000] {logging_mixin.py:188} INFO - [2026-05-16T16:40:05.289+0000] {dag.py:3947} INFO - Setting next_dagrun for dwh_modeling_dag to None, run_after=None
[2026-05-16T16:40:05.297+0000] {processor.py:183} INFO - Processing /opt/airflow/dags/dwh_layer.py took 0.032 seconds
[2026-05-16T16:40:35.997+0000] {processor.py:161} INFO - Started process (PID=1843) to work on /opt/airflow/dags/dwh_layer.py
[2026-05-16T16:40:35.998+0000] {processor.py:830} INFO - Processing file /opt/airflow/dags/dwh_layer.py for tasks to queue
[2026-05-16T16:40:35.999+0000] {logging_mixin.py:188} INFO - [2026-05-16T16:40:35.999+0000] {dagbag.py:545} INFO - Filling up the DagBag from /opt/airflow/dags/dwh_layer.py
[2026-05-16T16:40:36.002+0000] {processor.py:840} INFO - DAG(s) 'dwh_modeling_dag' retrieved from /opt/airflow/dags/dwh_layer.py
[2026-05-16T16:40:36.011+0000] {logging_mixin.py:188} INFO - [2026-05-16T16:40:36.011+0000] {dag.py:3089} INFO - Sync 1 DAGs
[2026-05-16T16:40:36.016+0000] {logging_mixin.py:188} INFO - [2026-05-16T16:40:36.016+0000] {dag.py:3947} INFO - Setting next_dagrun for dwh_modeling_dag to None, run_after=None
[2026-05-16T16:40:36.022+0000] {processor.py:183} INFO - Processing /opt/airflow/dags/dwh_layer.py took 0.028 seconds
[2026-05-16T16:41:06.735+0000] {processor.py:161} INFO - Started process (PID=1904) to work on /opt/airflow/dags/dwh_layer.py
[2026-05-16T16:41:06.735+0000] {processor.py:830} INFO - Processing file /opt/airflow/dags/dwh_layer.py for tasks to queue
[2026-05-16T16:41:06.736+0000] {logging_mixin.py:188} INFO - [2026-05-16T16:41:06.736+0000] {dagbag.py:545} INFO - Filling up the DagBag from /opt/airflow/dags/dwh_layer.py
[2026-05-16T16:41:06.739+0000] {processor.py:840} INFO - DAG(s) 'dwh_modeling_dag' retrieved from /opt/airflow/dags/dwh_layer.py
[2026-05-16T16:41:06.749+0000] {logging_mixin.py:188} INFO - [2026-05-16T16:41:06.749+0000] {dag.py:3089} INFO - Sync 1 DAGs
[2026-05-16T16:41:06.754+0000] {logging_mixin.py:188} INFO - [2026-05-16T16:41:06.754+0000] {dag.py:3947} INFO - Setting next_dagrun for dwh_modeling_dag to None, run_after=None
[2026-05-16T16:41:06.761+0000] {processor.py:183} INFO - Processing /opt/airflow/dags/dwh_layer.py took 0.029 seconds
[2026-05-16T16:41:37.344+0000] {processor.py:161} INFO - Started process (PID=1965) to work on /opt/airflow/dags/dwh_layer.py
[2026-05-16T16:41:37.345+0000] {processor.py:830} INFO - Processing file /opt/airflow/dags/dwh_layer.py for tasks to queue
[2026-05-16T16:41:37.346+0000] {logging_mixin.py:188} INFO - [2026-05-16T16:41:37.346+0000] {dagbag.py:545} INFO - Filling up the DagBag from /opt/airflow/dags/dwh_layer.py
[2026-05-16T16:41:37.350+0000] {processor.py:840} INFO - DAG(s) 'dwh_modeling_dag' retrieved from /opt/airflow/dags/dwh_layer.py
[2026-05-16T16:41:37.361+0000] {logging_mixin.py:188} INFO - [2026-05-16T16:41:37.360+0000] {dag.py:3089} INFO - Sync 1 DAGs
[2026-05-16T16:41:37.367+0000] {logging_mixin.py:188} INFO - [2026-05-16T16:41:37.367+0000] {dag.py:3947} INFO - Setting next_dagrun for dwh_modeling_dag to None, run_after=None
[2026-05-16T16:41:37.374+0000] {processor.py:183} INFO - Processing /opt/airflow/dags/dwh_layer.py took 0.033 seconds
[2026-05-16T16:42:08.040+0000] {processor.py:161} INFO - Started process (PID=2027) to work on /opt/airflow/dags/dwh_layer.py
[2026-05-16T16:42:08.040+0000] {processor.py:830} INFO - Processing file /opt/airflow/dags/dwh_layer.py for tasks to queue
[2026-05-16T16:42:08.041+0000] {logging_mixin.py:188} INFO - [2026-05-16T16:42:08.041+0000] {dagbag.py:545} INFO - Filling up the DagBag from /opt/airflow/dags/dwh_layer.py
[2026-05-16T16:42:08.044+0000] {processor.py:840} INFO - DAG(s) 'dwh_modeling_dag' retrieved from /opt/airflow/dags/dwh_layer.py
[2026-05-16T16:42:08.053+0000] {logging_mixin.py:188} INFO - [2026-05-16T16:42:08.053+0000] {dag.py:3089} INFO - Sync 1 DAGs
[2026-05-16T16:42:08.057+0000] {logging_mixin.py:188} INFO - [2026-05-16T16:42:08.057+0000] {dag.py:3947} INFO - Setting next_dagrun for dwh_modeling_dag to None, run_after=None
[2026-05-16T16:42:08.064+0000] {processor.py:183} INFO - Processing /opt/airflow/dags/dwh_layer.py took 0.027 seconds
[2026-05-16T16:42:38.640+0000] {processor.py:161} INFO - Started process (PID=2089) to work on /opt/airflow/dags/dwh_layer.py
[2026-05-16T16:42:38.640+0000] {processor.py:830} INFO - Processing file /opt/airflow/dags/dwh_layer.py for tasks to queue
[2026-05-16T16:42:38.641+0000] {logging_mixin.py:188} INFO - [2026-05-16T16:42:38.641+0000] {dagbag.py:545} INFO - Filling up the DagBag from /opt/airflow/dags/dwh_layer.py
[2026-05-16T16:42:38.644+0000] {processor.py:840} INFO - DAG(s) 'dwh_modeling_dag' retrieved from /opt/airflow/dags/dwh_layer.py
[2026-05-16T16:42:38.653+0000] {logging_mixin.py:188} INFO - [2026-05-16T16:42:38.653+0000] {dag.py:3089} INFO - Sync 1 DAGs
[2026-05-16T16:42:38.658+0000] {logging_mixin.py:188} INFO - [2026-05-16T16:42:38.657+0000] {dag.py:3947} INFO - Setting next_dagrun for dwh_modeling_dag to None, run_after=None
[2026-05-16T16:42:38.663+0000] {processor.py:183} INFO - Processing /opt/airflow/dags/dwh_layer.py took 0.026 seconds
[2026-05-16T16:43:09.139+0000] {processor.py:161} INFO - Started process (PID=2150) to work on /opt/airflow/dags/dwh_layer.py
[2026-05-16T16:43:09.140+0000] {processor.py:830} INFO - Processing file /opt/airflow/dags/dwh_layer.py for tasks to queue
[2026-05-16T16:43:09.141+0000] {logging_mixin.py:188} INFO - [2026-05-16T16:43:09.140+0000] {dagbag.py:545} INFO - Filling up the DagBag from /opt/airflow/dags/dwh_layer.py
[2026-05-16T16:43:09.143+0000] {processor.py:840} INFO - DAG(s) 'dwh_modeling_dag' retrieved from /opt/airflow/dags/dwh_layer.py
[2026-05-16T16:43:09.153+0000] {logging_mixin.py:188} INFO - [2026-05-16T16:43:09.153+0000] {dag.py:3089} INFO - Sync 1 DAGs
[2026-05-16T16:43:09.159+0000] {logging_mixin.py:188} INFO - [2026-05-16T16:43:09.159+0000] {dag.py:3947} INFO - Setting next_dagrun for dwh_modeling_dag to None, run_after=None
[2026-05-16T16:43:09.166+0000] {processor.py:183} INFO - Processing /opt/airflow/dags/dwh_layer.py took 0.030 seconds
[2026-05-16T16:43:39.724+0000] {processor.py:161} INFO - Started process (PID=2212) to work on /opt/airflow/dags/dwh_layer.py
[2026-05-16T16:43:39.724+0000] {processor.py:830} INFO - Processing file /opt/airflow/dags/dwh_layer.py for tasks to queue
[2026-05-16T16:43:39.725+0000] {logging_mixin.py:188} INFO - [2026-05-16T16:43:39.725+0000] {dagbag.py:545} INFO - Filling up the DagBag from /opt/airflow/dags/dwh_layer.py
[2026-05-16T16:43:39.728+0000] {processor.py:840} INFO - DAG(s) 'dwh_modeling_dag' retrieved from /opt/airflow/dags/dwh_layer.py
[2026-05-16T16:43:39.737+0000] {logging_mixin.py:188} INFO - [2026-05-16T16:43:39.737+0000] {dag.py:3089} INFO - Sync 1 DAGs
[2026-05-16T16:43:39.742+0000] {logging_mixin.py:188} INFO - [2026-05-16T16:43:39.742+0000] {dag.py:3947} INFO - Setting next_dagrun for dwh_modeling_dag to None, run_after=None
[2026-05-16T16:43:39.747+0000] {processor.py:183} INFO - Processing /opt/airflow/dags/dwh_layer.py took 0.026 seconds
[2026-05-16T16:44:10.281+0000] {processor.py:161} INFO - Started process (PID=2274) to work on /opt/airflow/dags/dwh_layer.py
[2026-05-16T16:44:10.282+0000] {processor.py:830} INFO - Processing file /opt/airflow/dags/dwh_layer.py for tasks to queue
[2026-05-16T16:44:10.283+0000] {logging_mixin.py:188} INFO - [2026-05-16T16:44:10.283+0000] {dagbag.py:545} INFO - Filling up the DagBag from /opt/airflow/dags/dwh_layer.py
[2026-05-16T16:44:10.286+0000] {processor.py:840} INFO - DAG(s) 'dwh_modeling_dag' retrieved from /opt/airflow/dags/dwh_layer.py
[2026-05-16T16:44:10.296+0000] {logging_mixin.py:188} INFO - [2026-05-16T16:44:10.296+0000] {dag.py:3089} INFO - Sync 1 DAGs
[2026-05-16T16:44:10.302+0000] {logging_mixin.py:188} INFO - [2026-05-16T16:44:10.302+0000] {dag.py:3947} INFO - Setting next_dagrun for dwh_modeling_dag to None, run_after=None
[2026-05-16T16:44:10.310+0000] {processor.py:183} INFO - Processing /opt/airflow/dags/dwh_layer.py took 0.031 seconds
[2026-05-16T16:44:40.941+0000] {processor.py:161} INFO - Started process (PID=2336) to work on /opt/airflow/dags/dwh_layer.py
[2026-05-16T16:44:40.942+0000] {processor.py:830} INFO - Processing file /opt/airflow/dags/dwh_layer.py for tasks to queue
[2026-05-16T16:44:40.943+0000] {logging_mixin.py:188} INFO - [2026-05-16T16:44:40.942+0000] {dagbag.py:545} INFO - Filling up the DagBag from /opt/airflow/dags/dwh_layer.py
[2026-05-16T16:44:40.946+0000] {processor.py:840} INFO - DAG(s) 'dwh_modeling_dag' retrieved from /opt/airflow/dags/dwh_layer.py
[2026-05-16T16:44:40.956+0000] {logging_mixin.py:188} INFO - [2026-05-16T16:44:40.956+0000] {dag.py:3089} INFO - Sync 1 DAGs
[2026-05-16T16:44:40.962+0000] {logging_mixin.py:188} INFO - [2026-05-16T16:44:40.962+0000] {dag.py:3947} INFO - Setting next_dagrun for dwh_modeling_dag to None, run_after=None
[2026-05-16T16:44:40.968+0000] {processor.py:183} INFO - Processing /opt/airflow/dags/dwh_layer.py took 0.032 seconds
[2026-05-16T16:45:11.499+0000] {processor.py:161} INFO - Started process (PID=2398) to work on /opt/airflow/dags/dwh_layer.py
[2026-05-16T16:45:11.499+0000] {processor.py:830} INFO - Processing file /opt/airflow/dags/dwh_layer.py for tasks to queue
[2026-05-16T16:45:11.500+0000] {logging_mixin.py:188} INFO - [2026-05-16T16:45:11.500+0000] {dagbag.py:545} INFO - Filling up the DagBag from /opt/airflow/dags/dwh_layer.py
[2026-05-16T16:45:11.503+0000] {processor.py:840} INFO - DAG(s) 'dwh_modeling_dag' retrieved from /opt/airflow/dags/dwh_layer.py
[2026-05-16T16:45:11.512+0000] {logging_mixin.py:188} INFO - [2026-05-16T16:45:11.512+0000] {dag.py:3089} INFO - Sync 1 DAGs
[2026-05-16T16:45:11.516+0000] {logging_mixin.py:188} INFO - [2026-05-16T16:45:11.516+0000] {dag.py:3947} INFO - Setting next_dagrun for dwh_modeling_dag to None, run_after=None
[2026-05-16T16:45:11.522+0000] {processor.py:183} INFO - Processing /opt/airflow/dags/dwh_layer.py took 0.026 seconds
[2026-05-16T16:45:42.061+0000] {processor.py:161} INFO - Started process (PID=2460) to work on /opt/airflow/dags/dwh_layer.py
[2026-05-16T16:45:42.062+0000] {processor.py:830} INFO - Processing file /opt/airflow/dags/dwh_layer.py for tasks to queue
[2026-05-16T16:45:42.063+0000] {logging_mixin.py:188} INFO - [2026-05-16T16:45:42.063+0000] {dagbag.py:545} INFO - Filling up the DagBag from /opt/airflow/dags/dwh_layer.py
[2026-05-16T16:45:42.066+0000] {processor.py:840} INFO - DAG(s) 'dwh_modeling_dag' retrieved from /opt/airflow/dags/dwh_layer.py
[2026-05-16T16:45:42.075+0000] {logging_mixin.py:188} INFO - [2026-05-16T16:45:42.075+0000] {dag.py:3089} INFO - Sync 1 DAGs
[2026-05-16T16:45:42.081+0000] {logging_mixin.py:188} INFO - [2026-05-16T16:45:42.081+0000] {dag.py:3947} INFO - Setting next_dagrun for dwh_modeling_dag to None, run_after=None
[2026-05-16T16:45:42.088+0000] {processor.py:183} INFO - Processing /opt/airflow/dags/dwh_layer.py took 0.030 seconds
[2026-05-16T16:46:12.808+0000] {processor.py:161} INFO - Started process (PID=2522) to work on /opt/airflow/dags/dwh_layer.py
[2026-05-16T16:46:12.809+0000] {processor.py:830} INFO - Processing file /opt/airflow/dags/dwh_layer.py for tasks to queue
[2026-05-16T16:46:12.810+0000] {logging_mixin.py:188} INFO - [2026-05-16T16:46:12.809+0000] {dagbag.py:545} INFO - Filling up the DagBag from /opt/airflow/dags/dwh_layer.py
[2026-05-16T16:46:12.813+0000] {processor.py:840} INFO - DAG(s) 'dwh_modeling_dag' retrieved from /opt/airflow/dags/dwh_layer.py
[2026-05-16T16:46:12.821+0000] {logging_mixin.py:188} INFO - [2026-05-16T16:46:12.821+0000] {dag.py:3089} INFO - Sync 1 DAGs
[2026-05-16T16:46:12.827+0000] {logging_mixin.py:188} INFO - [2026-05-16T16:46:12.827+0000] {dag.py:3947} INFO - Setting next_dagrun for dwh_modeling_dag to None, run_after=None
[2026-05-16T16:46:12.833+0000] {processor.py:183} INFO - Processing /opt/airflow/dags/dwh_layer.py took 0.027 seconds
[2026-05-16T16:46:43.621+0000] {processor.py:161} INFO - Started process (PID=2584) to work on /opt/airflow/dags/dwh_layer.py
[2026-05-16T16:46:43.622+0000] {processor.py:830} INFO - Processing file /opt/airflow/dags/dwh_layer.py for tasks to queue
[2026-05-16T16:46:43.623+0000] {logging_mixin.py:188} INFO - [2026-05-16T16:46:43.622+0000] {dagbag.py:545} INFO - Filling up the DagBag from /opt/airflow/dags/dwh_layer.py
[2026-05-16T16:46:43.626+0000] {processor.py:840} INFO - DAG(s) 'dwh_modeling_dag' retrieved from /opt/airflow/dags/dwh_layer.py
[2026-05-16T16:46:43.634+0000] {logging_mixin.py:188} INFO - [2026-05-16T16:46:43.634+0000] {dag.py:3089} INFO - Sync 1 DAGs
[2026-05-16T16:46:43.639+0000] {logging_mixin.py:188} INFO - [2026-05-16T16:46:43.639+0000] {dag.py:3947} INFO - Setting next_dagrun for dwh_modeling_dag to None, run_after=None
[2026-05-16T16:46:43.644+0000] {processor.py:183} INFO - Processing /opt/airflow/dags/dwh_layer.py took 0.026 seconds
[2026-05-16T16:47:14.135+0000] {processor.py:161} INFO - Started process (PID=2646) to work on /opt/airflow/dags/dwh_layer.py
[2026-05-16T16:47:14.136+0000] {processor.py:830} INFO - Processing file /opt/airflow/dags/dwh_layer.py for tasks to queue
[2026-05-16T16:47:14.137+0000] {logging_mixin.py:188} INFO - [2026-05-16T16:47:14.136+0000] {dagbag.py:545} INFO - Filling up the DagBag from /opt/airflow/dags/dwh_layer.py
[2026-05-16T16:47:14.139+0000] {processor.py:840} INFO - DAG(s) 'dwh_modeling_dag' retrieved from /opt/airflow/dags/dwh_layer.py
[2026-05-16T16:47:14.149+0000] {logging_mixin.py:188} INFO - [2026-05-16T16:47:14.149+0000] {dag.py:3089} INFO - Sync 1 DAGs
[2026-05-16T16:47:14.153+0000] {logging_mixin.py:188} INFO - [2026-05-16T16:47:14.153+0000] {dag.py:3947} INFO - Setting next_dagrun for dwh_modeling_dag to None, run_after=None
[2026-05-16T16:47:14.159+0000] {processor.py:183} INFO - Processing /opt/airflow/dags/dwh_layer.py took 0.026 seconds
[2026-05-16T16:47:44.716+0000] {processor.py:161} INFO - Started process (PID=2708) to work on /opt/airflow/dags/dwh_layer.py
[2026-05-16T16:47:44.717+0000] {processor.py:830} INFO - Processing file /opt/airflow/dags/dwh_layer.py for tasks to queue
[2026-05-16T16:47:44.718+0000] {logging_mixin.py:188} INFO - [2026-05-16T16:47:44.718+0000] {dagbag.py:545} INFO - Filling up the DagBag from /opt/airflow/dags/dwh_layer.py
[2026-05-16T16:47:44.720+0000] {processor.py:840} INFO - DAG(s) 'dwh_modeling_dag' retrieved from /opt/airflow/dags/dwh_layer.py
[2026-05-16T16:47:44.730+0000] {logging_mixin.py:188} INFO - [2026-05-16T16:47:44.730+0000] {dag.py:3089} INFO - Sync 1 DAGs
[2026-05-16T16:47:44.735+0000] {logging_mixin.py:188} INFO - [2026-05-16T16:47:44.735+0000] {dag.py:3947} INFO - Setting next_dagrun for dwh_modeling_dag to None, run_after=None
[2026-05-16T16:47:44.745+0000] {processor.py:183} INFO - Processing /opt/airflow/dags/dwh_layer.py took 0.032 seconds
[2026-05-16T16:48:15.159+0000] {processor.py:161} INFO - Started process (PID=2770) to work on /opt/airflow/dags/dwh_layer.py
[2026-05-16T16:48:15.159+0000] {processor.py:830} INFO - Processing file /opt/airflow/dags/dwh_layer.py for tasks to queue
[2026-05-16T16:48:15.160+0000] {logging_mixin.py:188} INFO - [2026-05-16T16:48:15.160+0000] {dagbag.py:545} INFO - Filling up the DagBag from /opt/airflow/dags/dwh_layer.py
[2026-05-16T16:48:15.164+0000] {processor.py:840} INFO - DAG(s) 'dwh_modeling_dag' retrieved from /opt/airflow/dags/dwh_layer.py
[2026-05-16T16:48:15.172+0000] {logging_mixin.py:188} INFO - [2026-05-16T16:48:15.172+0000] {dag.py:3089} INFO - Sync 1 DAGs
[2026-05-16T16:48:15.177+0000] {logging_mixin.py:188} INFO - [2026-05-16T16:48:15.177+0000] {dag.py:3947} INFO - Setting next_dagrun for dwh_modeling_dag to None, run_after=None
[2026-05-16T16:48:15.184+0000] {processor.py:183} INFO - Processing /opt/airflow/dags/dwh_layer.py took 0.028 seconds
[2026-05-16T16:48:45.731+0000] {processor.py:161} INFO - Started process (PID=2832) to work on /opt/airflow/dags/dwh_layer.py
[2026-05-16T16:48:45.731+0000] {processor.py:830} INFO - Processing file /opt/airflow/dags/dwh_layer.py for tasks to queue
[2026-05-16T16:48:45.732+0000] {logging_mixin.py:188} INFO - [2026-05-16T16:48:45.732+0000] {dagbag.py:545} INFO - Filling up the DagBag from /opt/airflow/dags/dwh_layer.py
[2026-05-16T16:48:45.735+0000] {processor.py:840} INFO - DAG(s) 'dwh_modeling_dag' retrieved from /opt/airflow/dags/dwh_layer.py
[2026-05-16T16:48:45.746+0000] {logging_mixin.py:188} INFO - [2026-05-16T16:48:45.746+0000] {dag.py:3089} INFO - Sync 1 DAGs
[2026-05-16T16:48:45.752+0000] {logging_mixin.py:188} INFO - [2026-05-16T16:48:45.752+0000] {dag.py:3947} INFO - Setting next_dagrun for dwh_modeling_dag to None, run_after=None
[2026-05-16T16:48:45.759+0000] {processor.py:183} INFO - Processing /opt/airflow/dags/dwh_layer.py took 0.031 seconds
[2026-05-16T16:49:16.303+0000] {processor.py:161} INFO - Started process (PID=2894) to work on /opt/airflow/dags/dwh_layer.py
[2026-05-16T16:49:16.304+0000] {processor.py:830} INFO - Processing file /opt/airflow/dags/dwh_layer.py for tasks to queue
[2026-05-16T16:49:16.306+0000] {logging_mixin.py:188} INFO - [2026-05-16T16:49:16.306+0000] {dagbag.py:545} INFO - Filling up the DagBag from /opt/airflow/dags/dwh_layer.py
[2026-05-16T16:49:16.309+0000] {processor.py:840} INFO - DAG(s) 'dwh_modeling_dag' retrieved from /opt/airflow/dags/dwh_layer.py
[2026-05-16T16:49:16.333+0000] {logging_mixin.py:188} INFO - [2026-05-16T16:49:16.333+0000] {dag.py:3089} INFO - Sync 1 DAGs
[2026-05-16T16:49:16.341+0000] {logging_mixin.py:188} INFO - [2026-05-16T16:49:16.340+0000] {dag.py:3947} INFO - Setting next_dagrun for dwh_modeling_dag to None, run_after=None
[2026-05-16T16:49:16.354+0000] {processor.py:183} INFO - Processing /opt/airflow/dags/dwh_layer.py took 0.055 seconds
[2026-05-16T16:49:47.222+0000] {processor.py:161} INFO - Started process (PID=2956) to work on /opt/airflow/dags/dwh_layer.py
[2026-05-16T16:49:47.222+0000] {processor.py:830} INFO - Processing file /opt/airflow/dags/dwh_layer.py for tasks to queue
[2026-05-16T16:49:47.223+0000] {logging_mixin.py:188} INFO - [2026-05-16T16:49:47.223+0000] {dagbag.py:545} INFO - Filling up the DagBag from /opt/airflow/dags/dwh_layer.py
[2026-05-16T16:49:47.227+0000] {processor.py:840} INFO - DAG(s) 'dwh_modeling_dag' retrieved from /opt/airflow/dags/dwh_layer.py
[2026-05-16T16:49:47.238+0000] {logging_mixin.py:188} INFO - [2026-05-16T16:49:47.238+0000] {dag.py:3089} INFO - Sync 1 DAGs
[2026-05-16T16:49:47.243+0000] {logging_mixin.py:188} INFO - [2026-05-16T16:49:47.243+0000] {dag.py:3947} INFO - Setting next_dagrun for dwh_modeling_dag to None, run_after=None
[2026-05-16T16:49:47.252+0000] {processor.py:183} INFO - Processing /opt/airflow/dags/dwh_layer.py took 0.034 seconds
[2026-05-16T16:50:17.421+0000] {processor.py:161} INFO - Started process (PID=3018) to work on /opt/airflow/dags/dwh_layer.py
[2026-05-16T16:50:17.422+0000] {processor.py:830} INFO - Processing file /opt/airflow/dags/dwh_layer.py for tasks to queue
[2026-05-16T16:50:17.423+0000] {logging_mixin.py:188} INFO - [2026-05-16T16:50:17.423+0000] {dagbag.py:545} INFO - Filling up the DagBag from /opt/airflow/dags/dwh_layer.py
[2026-05-16T16:50:17.427+0000] {processor.py:840} INFO - DAG(s) 'dwh_modeling_dag' retrieved from /opt/airflow/dags/dwh_layer.py
[2026-05-16T16:50:17.440+0000] {logging_mixin.py:188} INFO - [2026-05-16T16:50:17.439+0000] {dag.py:3089} INFO - Sync 1 DAGs
[2026-05-16T16:50:17.445+0000] {logging_mixin.py:188} INFO - [2026-05-16T16:50:17.445+0000] {dag.py:3947} INFO - Setting next_dagrun for dwh_modeling_dag to None, run_after=None
[2026-05-16T16:50:17.454+0000] {processor.py:183} INFO - Processing /opt/airflow/dags/dwh_layer.py took 0.036 seconds
[2026-05-16T16:50:47.530+0000] {processor.py:161} INFO - Started process (PID=3079) to work on /opt/airflow/dags/dwh_layer.py
[2026-05-16T16:50:47.530+0000] {processor.py:830} INFO - Processing file /opt/airflow/dags/dwh_layer.py for tasks to queue
[2026-05-16T16:50:47.531+0000] {logging_mixin.py:188} INFO - [2026-05-16T16:50:47.531+0000] {dagbag.py:545} INFO - Filling up the DagBag from /opt/airflow/dags/dwh_layer.py
[2026-05-16T16:50:47.534+0000] {processor.py:840} INFO - DAG(s) 'dwh_modeling_dag' retrieved from /opt/airflow/dags/dwh_layer.py
[2026-05-16T16:50:47.543+0000] {logging_mixin.py:188} INFO - [2026-05-16T16:50:47.543+0000] {dag.py:3089} INFO - Sync 1 DAGs
[2026-05-16T16:50:47.548+0000] {logging_mixin.py:188} INFO - [2026-05-16T16:50:47.548+0000] {dag.py:3947} INFO - Setting next_dagrun for dwh_modeling_dag to None, run_after=None
[2026-05-16T16:50:47.555+0000] {processor.py:183} INFO - Processing /opt/airflow/dags/dwh_layer.py took 0.028 seconds
[2026-05-16T16:51:18.240+0000] {processor.py:161} INFO - Started process (PID=3141) to work on /opt/airflow/dags/dwh_layer.py
[2026-05-16T16:51:18.240+0000] {processor.py:830} INFO - Processing file /opt/airflow/dags/dwh_layer.py for tasks to queue
[2026-05-16T16:51:18.241+0000] {logging_mixin.py:188} INFO - [2026-05-16T16:51:18.241+0000] {dagbag.py:545} INFO - Filling up the DagBag from /opt/airflow/dags/dwh_layer.py
[2026-05-16T16:51:18.244+0000] {processor.py:840} INFO - DAG(s) 'dwh_modeling_dag' retrieved from /opt/airflow/dags/dwh_layer.py
[2026-05-16T16:51:18.255+0000] {logging_mixin.py:188} INFO - [2026-05-16T16:51:18.255+0000] {dag.py:3089} INFO - Sync 1 DAGs
[2026-05-16T16:51:18.260+0000] {logging_mixin.py:188} INFO - [2026-05-16T16:51:18.260+0000] {dag.py:3947} INFO - Setting next_dagrun for dwh_modeling_dag to None, run_after=None
[2026-05-16T16:51:18.269+0000] {processor.py:183} INFO - Processing /opt/airflow/dags/dwh_layer.py took 0.032 seconds
[2026-05-16T16:51:49.028+0000] {processor.py:161} INFO - Started process (PID=3203) to work on /opt/airflow/dags/dwh_layer.py
[2026-05-16T16:51:49.029+0000] {processor.py:830} INFO - Processing file /opt/airflow/dags/dwh_layer.py for tasks to queue
[2026-05-16T16:51:49.030+0000] {logging_mixin.py:188} INFO - [2026-05-16T16:51:49.029+0000] {dagbag.py:545} INFO - Filling up the DagBag from /opt/airflow/dags/dwh_layer.py
[2026-05-16T16:51:49.032+0000] {processor.py:840} INFO - DAG(s) 'dwh_modeling_dag' retrieved from /opt/airflow/dags/dwh_layer.py
[2026-05-16T16:51:49.041+0000] {logging_mixin.py:188} INFO - [2026-05-16T16:51:49.041+0000] {dag.py:3089} INFO - Sync 1 DAGs
[2026-05-16T16:51:49.048+0000] {logging_mixin.py:188} INFO - [2026-05-16T16:51:49.048+0000] {dag.py:3947} INFO - Setting next_dagrun for dwh_modeling_dag to None, run_after=None
[2026-05-16T16:51:49.059+0000] {processor.py:183} INFO - Processing /opt/airflow/dags/dwh_layer.py took 0.034 seconds
[2026-05-16T16:52:19.742+0000] {processor.py:161} INFO - Started process (PID=3264) to work on /opt/airflow/dags/dwh_layer.py
[2026-05-16T16:52:19.742+0000] {processor.py:830} INFO - Processing file /opt/airflow/dags/dwh_layer.py for tasks to queue
[2026-05-16T16:52:19.743+0000] {logging_mixin.py:188} INFO - [2026-05-16T16:52:19.743+0000] {dagbag.py:545} INFO - Filling up the DagBag from /opt/airflow/dags/dwh_layer.py
[2026-05-16T16:52:19.746+0000] {processor.py:840} INFO - DAG(s) 'dwh_modeling_dag' retrieved from /opt/airflow/dags/dwh_layer.py
[2026-05-16T16:52:19.756+0000] {logging_mixin.py:188} INFO - [2026-05-16T16:52:19.755+0000] {dag.py:3089} INFO - Sync 1 DAGs
[2026-05-16T16:52:19.760+0000] {logging_mixin.py:188} INFO - [2026-05-16T16:52:19.760+0000] {dag.py:3947} INFO - Setting next_dagrun for dwh_modeling_dag to None, run_after=None
[2026-05-16T16:52:19.767+0000] {processor.py:183} INFO - Processing /opt/airflow/dags/dwh_layer.py took 0.028 seconds
[2026-05-16T16:52:49.885+0000] {processor.py:161} INFO - Started process (PID=3326) to work on /opt/airflow/dags/dwh_layer.py
[2026-05-16T16:52:49.886+0000] {processor.py:830} INFO - Processing file /opt/airflow/dags/dwh_layer.py for tasks to queue
[2026-05-16T16:52:49.886+0000] {logging_mixin.py:188} INFO - [2026-05-16T16:52:49.886+0000] {dagbag.py:545} INFO - Filling up the DagBag from /opt/airflow/dags/dwh_layer.py
[2026-05-16T16:52:49.890+0000] {processor.py:840} INFO - DAG(s) 'dwh_modeling_dag' retrieved from /opt/airflow/dags/dwh_layer.py
[2026-05-16T16:52:49.900+0000] {logging_mixin.py:188} INFO - [2026-05-16T16:52:49.900+0000] {dag.py:3089} INFO - Sync 1 DAGs
[2026-05-16T16:52:49.906+0000] {logging_mixin.py:188} INFO - [2026-05-16T16:52:49.906+0000] {dag.py:3947} INFO - Setting next_dagrun for dwh_modeling_dag to None, run_after=None
[2026-05-16T16:52:49.913+0000] {processor.py:183} INFO - Processing /opt/airflow/dags/dwh_layer.py took 0.031 seconds
[2026-05-16T16:53:19.987+0000] {processor.py:161} INFO - Started process (PID=3387) to work on /opt/airflow/dags/dwh_layer.py
[2026-05-16T16:53:19.987+0000] {processor.py:830} INFO - Processing file /opt/airflow/dags/dwh_layer.py for tasks to queue
[2026-05-16T16:53:19.989+0000] {logging_mixin.py:188} INFO - [2026-05-16T16:53:19.988+0000] {dagbag.py:545} INFO - Filling up the DagBag from /opt/airflow/dags/dwh_layer.py
[2026-05-16T16:53:19.991+0000] {processor.py:840} INFO - DAG(s) 'dwh_modeling_dag' retrieved from /opt/airflow/dags/dwh_layer.py
[2026-05-16T16:53:20.002+0000] {logging_mixin.py:188} INFO - [2026-05-16T16:53:20.002+0000] {dag.py:3089} INFO - Sync 1 DAGs
[2026-05-16T16:53:20.007+0000] {logging_mixin.py:188} INFO - [2026-05-16T16:53:20.007+0000] {dag.py:3947} INFO - Setting next_dagrun for dwh_modeling_dag to None, run_after=None
[2026-05-16T16:53:20.015+0000] {processor.py:183} INFO - Processing /opt/airflow/dags/dwh_layer.py took 0.032 seconds
[2026-05-16T16:53:50.811+0000] {processor.py:161} INFO - Started process (PID=3449) to work on /opt/airflow/dags/dwh_layer.py
[2026-05-16T16:53:50.811+0000] {processor.py:830} INFO - Processing file /opt/airflow/dags/dwh_layer.py for tasks to queue
[2026-05-16T16:53:50.812+0000] {logging_mixin.py:188} INFO - [2026-05-16T16:53:50.812+0000] {dagbag.py:545} INFO - Filling up the DagBag from /opt/airflow/dags/dwh_layer.py
[2026-05-16T16:53:50.815+0000] {processor.py:840} INFO - DAG(s) 'dwh_modeling_dag' retrieved from /opt/airflow/dags/dwh_layer.py
[2026-05-16T16:53:50.829+0000] {logging_mixin.py:188} INFO - [2026-05-16T16:53:50.829+0000] {dag.py:3089} INFO - Sync 1 DAGs
[2026-05-16T16:53:50.835+0000] {logging_mixin.py:188} INFO - [2026-05-16T16:53:50.835+0000] {dag.py:3947} INFO - Setting next_dagrun for dwh_modeling_dag to None, run_after=None
[2026-05-16T16:53:50.842+0000] {processor.py:183} INFO - Processing /opt/airflow/dags/dwh_layer.py took 0.034 seconds
[2026-05-16T16:54:21.551+0000] {processor.py:161} INFO - Started process (PID=3511) to work on /opt/airflow/dags/dwh_layer.py
[2026-05-16T16:54:21.552+0000] {processor.py:830} INFO - Processing file /opt/airflow/dags/dwh_layer.py for tasks to queue
[2026-05-16T16:54:21.553+0000] {logging_mixin.py:188} INFO - [2026-05-16T16:54:21.553+0000] {dagbag.py:545} INFO - Filling up the DagBag from /opt/airflow/dags/dwh_layer.py
[2026-05-16T16:54:21.556+0000] {processor.py:840} INFO - DAG(s) 'dwh_modeling_dag' retrieved from /opt/airflow/dags/dwh_layer.py
[2026-05-16T16:54:21.566+0000] {logging_mixin.py:188} INFO - [2026-05-16T16:54:21.566+0000] {dag.py:3089} INFO - Sync 1 DAGs
[2026-05-16T16:54:21.570+0000] {logging_mixin.py:188} INFO - [2026-05-16T16:54:21.570+0000] {dag.py:3947} INFO - Setting next_dagrun for dwh_modeling_dag to None, run_after=None
[2026-05-16T16:54:21.577+0000] {processor.py:183} INFO - Processing /opt/airflow/dags/dwh_layer.py took 0.029 seconds
[2026-05-16T16:54:52.153+0000] {processor.py:161} INFO - Started process (PID=3573) to work on /opt/airflow/dags/dwh_layer.py
[2026-05-16T16:54:52.154+0000] {processor.py:830} INFO - Processing file /opt/airflow/dags/dwh_layer.py for tasks to queue
[2026-05-16T16:54:52.155+0000] {logging_mixin.py:188} INFO - [2026-05-16T16:54:52.154+0000] {dagbag.py:545} INFO - Filling up the DagBag from /opt/airflow/dags/dwh_layer.py
[2026-05-16T16:54:52.158+0000] {processor.py:840} INFO - DAG(s) 'dwh_modeling_dag' retrieved from /opt/airflow/dags/dwh_layer.py
[2026-05-16T16:54:52.167+0000] {logging_mixin.py:188} INFO - [2026-05-16T16:54:52.167+0000] {dag.py:3089} INFO - Sync 1 DAGs
[2026-05-16T16:54:52.171+0000] {logging_mixin.py:188} INFO - [2026-05-16T16:54:52.171+0000] {dag.py:3947} INFO - Setting next_dagrun for dwh_modeling_dag to None, run_after=None
[2026-05-16T16:54:52.182+0000] {processor.py:183} INFO - Processing /opt/airflow/dags/dwh_layer.py took 0.032 seconds
[2026-05-16T16:55:22.808+0000] {processor.py:161} INFO - Started process (PID=3635) to work on /opt/airflow/dags/dwh_layer.py
[2026-05-16T16:55:22.810+0000] {processor.py:830} INFO - Processing file /opt/airflow/dags/dwh_layer.py for tasks to queue
[2026-05-16T16:55:22.810+0000] {logging_mixin.py:188} INFO - [2026-05-16T16:55:22.810+0000] {dagbag.py:545} INFO - Filling up the DagBag from /opt/airflow/dags/dwh_layer.py
[2026-05-16T16:55:22.813+0000] {processor.py:840} INFO - DAG(s) 'dwh_modeling_dag' retrieved from /opt/airflow/dags/dwh_layer.py
[2026-05-16T16:55:22.822+0000] {logging_mixin.py:188} INFO - [2026-05-16T16:55:22.822+0000] {dag.py:3089} INFO - Sync 1 DAGs
[2026-05-16T16:55:22.827+0000] {logging_mixin.py:188} INFO - [2026-05-16T16:55:22.827+0000] {dag.py:3947} INFO - Setting next_dagrun for dwh_modeling_dag to None, run_after=None
[2026-05-16T16:55:22.833+0000] {processor.py:183} INFO - Processing /opt/airflow/dags/dwh_layer.py took 0.028 seconds
[2026-05-16T16:55:53.530+0000] {processor.py:161} INFO - Started process (PID=3696) to work on /opt/airflow/dags/dwh_layer.py
[2026-05-16T16:55:53.531+0000] {processor.py:830} INFO - Processing file /opt/airflow/dags/dwh_layer.py for tasks to queue
[2026-05-16T16:55:53.532+0000] {logging_mixin.py:188} INFO - [2026-05-16T16:55:53.532+0000] {dagbag.py:545} INFO - Filling up the DagBag from /opt/airflow/dags/dwh_layer.py
[2026-05-16T16:55:53.535+0000] {processor.py:840} INFO - DAG(s) 'dwh_modeling_dag' retrieved from /opt/airflow/dags/dwh_layer.py
[2026-05-16T16:55:53.545+0000] {logging_mixin.py:188} INFO - [2026-05-16T16:55:53.544+0000] {dag.py:3089} INFO - Sync 1 DAGs
[2026-05-16T16:55:53.550+0000] {logging_mixin.py:188} INFO - [2026-05-16T16:55:53.549+0000] {dag.py:3947} INFO - Setting next_dagrun for dwh_modeling_dag to None, run_after=None
[2026-05-16T16:55:53.556+0000] {processor.py:183} INFO - Processing /opt/airflow/dags/dwh_layer.py took 0.029 seconds
[2026-05-16T16:56:23.633+0000] {processor.py:161} INFO - Started process (PID=3757) to work on /opt/airflow/dags/dwh_layer.py
[2026-05-16T16:56:23.634+0000] {processor.py:830} INFO - Processing file /opt/airflow/dags/dwh_layer.py for tasks to queue
[2026-05-16T16:56:23.634+0000] {logging_mixin.py:188} INFO - [2026-05-16T16:56:23.634+0000] {dagbag.py:545} INFO - Filling up the DagBag from /opt/airflow/dags/dwh_layer.py
[2026-05-16T16:56:23.637+0000] {processor.py:840} INFO - DAG(s) 'dwh_modeling_dag' retrieved from /opt/airflow/dags/dwh_layer.py
[2026-05-16T16:56:23.646+0000] {logging_mixin.py:188} INFO - [2026-05-16T16:56:23.646+0000] {dag.py:3089} INFO - Sync 1 DAGs
[2026-05-16T16:56:23.651+0000] {logging_mixin.py:188} INFO - [2026-05-16T16:56:23.651+0000] {dag.py:3947} INFO - Setting next_dagrun for dwh_modeling_dag to None, run_after=None
[2026-05-16T16:56:23.658+0000] {processor.py:183} INFO - Processing /opt/airflow/dags/dwh_layer.py took 0.028 seconds
[2026-05-16T16:56:54.376+0000] {processor.py:161} INFO - Started process (PID=3819) to work on /opt/airflow/dags/dwh_layer.py
[2026-05-16T16:56:54.377+0000] {processor.py:830} INFO - Processing file /opt/airflow/dags/dwh_layer.py for tasks to queue
[2026-05-16T16:56:54.378+0000] {logging_mixin.py:188} INFO - [2026-05-16T16:56:54.378+0000] {dagbag.py:545} INFO - Filling up the DagBag from /opt/airflow/dags/dwh_layer.py
[2026-05-16T16:56:54.381+0000] {processor.py:840} INFO - DAG(s) 'dwh_modeling_dag' retrieved from /opt/airflow/dags/dwh_layer.py
[2026-05-16T16:56:54.390+0000] {logging_mixin.py:188} INFO - [2026-05-16T16:56:54.390+0000] {dag.py:3089} INFO - Sync 1 DAGs
[2026-05-16T16:56:54.395+0000] {logging_mixin.py:188} INFO - [2026-05-16T16:56:54.395+0000] {dag.py:3947} INFO - Setting next_dagrun for dwh_modeling_dag to None, run_after=None
[2026-05-16T16:56:54.403+0000] {processor.py:183} INFO - Processing /opt/airflow/dags/dwh_layer.py took 0.031 seconds
[2026-05-16T16:57:24.483+0000] {processor.py:161} INFO - Started process (PID=3881) to work on /opt/airflow/dags/dwh_layer.py
[2026-05-16T16:57:24.483+0000] {processor.py:830} INFO - Processing file /opt/airflow/dags/dwh_layer.py for tasks to queue
[2026-05-16T16:57:24.484+0000] {logging_mixin.py:188} INFO - [2026-05-16T16:57:24.484+0000] {dagbag.py:545} INFO - Filling up the DagBag from /opt/airflow/dags/dwh_layer.py
[2026-05-16T16:57:24.487+0000] {processor.py:840} INFO - DAG(s) 'dwh_modeling_dag' retrieved from /opt/airflow/dags/dwh_layer.py
[2026-05-16T16:57:24.497+0000] {logging_mixin.py:188} INFO - [2026-05-16T16:57:24.497+0000] {dag.py:3089} INFO - Sync 1 DAGs
[2026-05-16T16:57:24.501+0000] {logging_mixin.py:188} INFO - [2026-05-16T16:57:24.501+0000] {dag.py:3947} INFO - Setting next_dagrun for dwh_modeling_dag to None, run_after=None
[2026-05-16T16:57:24.508+0000] {processor.py:183} INFO - Processing /opt/airflow/dags/dwh_layer.py took 0.028 seconds
[2026-05-16T16:57:55.325+0000] {processor.py:161} INFO - Started process (PID=3942) to work on /opt/airflow/dags/dwh_layer.py
[2026-05-16T16:57:55.326+0000] {processor.py:830} INFO - Processing file /opt/airflow/dags/dwh_layer.py for tasks to queue
[2026-05-16T16:57:55.327+0000] {logging_mixin.py:188} INFO - [2026-05-16T16:57:55.327+0000] {dagbag.py:545} INFO - Filling up the DagBag from /opt/airflow/dags/dwh_layer.py
[2026-05-16T16:57:55.330+0000] {processor.py:840} INFO - DAG(s) 'dwh_modeling_dag' retrieved from /opt/airflow/dags/dwh_layer.py
[2026-05-16T16:57:55.339+0000] {logging_mixin.py:188} INFO - [2026-05-16T16:57:55.339+0000] {dag.py:3089} INFO - Sync 1 DAGs
[2026-05-16T16:57:55.345+0000] {logging_mixin.py:188} INFO - [2026-05-16T16:57:55.345+0000] {dag.py:3947} INFO - Setting next_dagrun for dwh_modeling_dag to None, run_after=None
[2026-05-16T16:57:55.353+0000] {processor.py:183} INFO - Processing /opt/airflow/dags/dwh_layer.py took 0.030 seconds
[2026-05-16T16:58:26.090+0000] {processor.py:161} INFO - Started process (PID=4004) to work on /opt/airflow/dags/dwh_layer.py
[2026-05-16T16:58:26.091+0000] {processor.py:830} INFO - Processing file /opt/airflow/dags/dwh_layer.py for tasks to queue
[2026-05-16T16:58:26.092+0000] {logging_mixin.py:188} INFO - [2026-05-16T16:58:26.092+0000] {dagbag.py:545} INFO - Filling up the DagBag from /opt/airflow/dags/dwh_layer.py
[2026-05-16T16:58:26.095+0000] {processor.py:840} INFO - DAG(s) 'dwh_modeling_dag' retrieved from /opt/airflow/dags/dwh_layer.py
[2026-05-16T16:58:26.105+0000] {logging_mixin.py:188} INFO - [2026-05-16T16:58:26.104+0000] {dag.py:3089} INFO - Sync 1 DAGs
[2026-05-16T16:58:26.110+0000] {logging_mixin.py:188} INFO - [2026-05-16T16:58:26.110+0000] {dag.py:3947} INFO - Setting next_dagrun for dwh_modeling_dag to None, run_after=None
[2026-05-16T16:58:26.117+0000] {processor.py:183} INFO - Processing /opt/airflow/dags/dwh_layer.py took 0.030 seconds
[2026-05-16T16:58:56.751+0000] {processor.py:161} INFO - Started process (PID=4065) to work on /opt/airflow/dags/dwh_layer.py
[2026-05-16T16:58:56.751+0000] {processor.py:830} INFO - Processing file /opt/airflow/dags/dwh_layer.py for tasks to queue
[2026-05-16T16:58:56.752+0000] {logging_mixin.py:188} INFO - [2026-05-16T16:58:56.752+0000] {dagbag.py:545} INFO - Filling up the DagBag from /opt/airflow/dags/dwh_layer.py
[2026-05-16T16:58:56.754+0000] {processor.py:840} INFO - DAG(s) 'dwh_modeling_dag' retrieved from /opt/airflow/dags/dwh_layer.py
[2026-05-16T16:58:56.763+0000] {logging_mixin.py:188} INFO - [2026-05-16T16:58:56.763+0000] {dag.py:3089} INFO - Sync 1 DAGs
[2026-05-16T16:58:56.768+0000] {logging_mixin.py:188} INFO - [2026-05-16T16:58:56.768+0000] {dag.py:3947} INFO - Setting next_dagrun for dwh_modeling_dag to None, run_after=None
[2026-05-16T16:58:56.774+0000] {processor.py:183} INFO - Processing /opt/airflow/dags/dwh_layer.py took 0.026 seconds
[2026-05-16T16:59:27.503+0000] {processor.py:161} INFO - Started process (PID=4127) to work on /opt/airflow/dags/dwh_layer.py
[2026-05-16T16:59:27.503+0000] {processor.py:830} INFO - Processing file /opt/airflow/dags/dwh_layer.py for tasks to queue
[2026-05-16T16:59:27.504+0000] {logging_mixin.py:188} INFO - [2026-05-16T16:59:27.504+0000] {dagbag.py:545} INFO - Filling up the DagBag from /opt/airflow/dags/dwh_layer.py
[2026-05-16T16:59:27.507+0000] {processor.py:840} INFO - DAG(s) 'dwh_modeling_dag' retrieved from /opt/airflow/dags/dwh_layer.py
[2026-05-16T16:59:27.516+0000] {logging_mixin.py:188} INFO - [2026-05-16T16:59:27.516+0000] {dag.py:3089} INFO - Sync 1 DAGs
[2026-05-16T16:59:27.521+0000] {logging_mixin.py:188} INFO - [2026-05-16T16:59:27.521+0000] {dag.py:3947} INFO - Setting next_dagrun for dwh_modeling_dag to None, run_after=None
[2026-05-16T16:59:27.527+0000] {processor.py:183} INFO - Processing /opt/airflow/dags/dwh_layer.py took 0.027 seconds
[2026-05-16T16:59:58.287+0000] {processor.py:161} INFO - Started process (PID=4195) to work on /opt/airflow/dags/dwh_layer.py
[2026-05-16T16:59:58.287+0000] {processor.py:830} INFO - Processing file /opt/airflow/dags/dwh_layer.py for tasks to queue
[2026-05-16T16:59:58.288+0000] {logging_mixin.py:188} INFO - [2026-05-16T16:59:58.288+0000] {dagbag.py:545} INFO - Filling up the DagBag from /opt/airflow/dags/dwh_layer.py
[2026-05-16T16:59:58.290+0000] {processor.py:840} INFO - DAG(s) 'dwh_modeling_dag' retrieved from /opt/airflow/dags/dwh_layer.py
[2026-05-16T16:59:58.299+0000] {logging_mixin.py:188} INFO - [2026-05-16T16:59:58.299+0000] {dag.py:3089} INFO - Sync 1 DAGs
[2026-05-16T16:59:58.304+0000] {logging_mixin.py:188} INFO - [2026-05-16T16:59:58.303+0000] {dag.py:3947} INFO - Setting next_dagrun for dwh_modeling_dag to None, run_after=None
[2026-05-16T16:59:58.310+0000] {processor.py:183} INFO - Processing /opt/airflow/dags/dwh_layer.py took 0.026 seconds
[2026-05-16T17:00:28.959+0000] {processor.py:161} INFO - Started process (PID=4257) to work on /opt/airflow/dags/dwh_layer.py
[2026-05-16T17:00:28.960+0000] {processor.py:830} INFO - Processing file /opt/airflow/dags/dwh_layer.py for tasks to queue
[2026-05-16T17:00:28.961+0000] {logging_mixin.py:188} INFO - [2026-05-16T17:00:28.961+0000] {dagbag.py:545} INFO - Filling up the DagBag from /opt/airflow/dags/dwh_layer.py
[2026-05-16T17:00:28.964+0000] {processor.py:840} INFO - DAG(s) 'dwh_modeling_dag' retrieved from /opt/airflow/dags/dwh_layer.py
[2026-05-16T17:00:28.973+0000] {logging_mixin.py:188} INFO - [2026-05-16T17:00:28.973+0000] {dag.py:3089} INFO - Sync 1 DAGs
[2026-05-16T17:00:28.978+0000] {logging_mixin.py:188} INFO - [2026-05-16T17:00:28.978+0000] {dag.py:3947} INFO - Setting next_dagrun for dwh_modeling_dag to None, run_after=None
[2026-05-16T17:00:28.986+0000] {processor.py:183} INFO - Processing /opt/airflow/dags/dwh_layer.py took 0.029 seconds
[2026-05-16T17:00:59.753+0000] {processor.py:161} INFO - Started process (PID=4319) to work on /opt/airflow/dags/dwh_layer.py
[2026-05-16T17:00:59.753+0000] {processor.py:830} INFO - Processing file /opt/airflow/dags/dwh_layer.py for tasks to queue
[2026-05-16T17:00:59.754+0000] {logging_mixin.py:188} INFO - [2026-05-16T17:00:59.754+0000] {dagbag.py:545} INFO - Filling up the DagBag from /opt/airflow/dags/dwh_layer.py
[2026-05-16T17:00:59.757+0000] {processor.py:840} INFO - DAG(s) 'dwh_modeling_dag' retrieved from /opt/airflow/dags/dwh_layer.py
[2026-05-16T17:00:59.766+0000] {logging_mixin.py:188} INFO - [2026-05-16T17:00:59.766+0000] {dag.py:3089} INFO - Sync 1 DAGs
[2026-05-16T17:00:59.770+0000] {logging_mixin.py:188} INFO - [2026-05-16T17:00:59.770+0000] {dag.py:3947} INFO - Setting next_dagrun for dwh_modeling_dag to None, run_after=None
[2026-05-16T17:00:59.776+0000] {processor.py:183} INFO - Processing /opt/airflow/dags/dwh_layer.py took 0.027 seconds
[2026-05-16T17:01:30.392+0000] {processor.py:161} INFO - Started process (PID=4381) to work on /opt/airflow/dags/dwh_layer.py
[2026-05-16T17:01:30.393+0000] {processor.py:830} INFO - Processing file /opt/airflow/dags/dwh_layer.py for tasks to queue
[2026-05-16T17:01:30.394+0000] {logging_mixin.py:188} INFO - [2026-05-16T17:01:30.394+0000] {dagbag.py:545} INFO - Filling up the DagBag from /opt/airflow/dags/dwh_layer.py
[2026-05-16T17:01:30.397+0000] {processor.py:840} INFO - DAG(s) 'dwh_modeling_dag' retrieved from /opt/airflow/dags/dwh_layer.py
[2026-05-16T17:01:30.406+0000] {logging_mixin.py:188} INFO - [2026-05-16T17:01:30.406+0000] {dag.py:3089} INFO - Sync 1 DAGs
[2026-05-16T17:01:30.411+0000] {logging_mixin.py:188} INFO - [2026-05-16T17:01:30.411+0000] {dag.py:3947} INFO - Setting next_dagrun for dwh_modeling_dag to None, run_after=None
[2026-05-16T17:01:30.418+0000] {processor.py:183} INFO - Processing /opt/airflow/dags/dwh_layer.py took 0.028 seconds
[2026-05-16T17:02:01.139+0000] {processor.py:161} INFO - Started process (PID=4443) to work on /opt/airflow/dags/dwh_layer.py
[2026-05-16T17:02:01.139+0000] {processor.py:830} INFO - Processing file /opt/airflow/dags/dwh_layer.py for tasks to queue
[2026-05-16T17:02:01.140+0000] {logging_mixin.py:188} INFO - [2026-05-16T17:02:01.140+0000] {dagbag.py:545} INFO - Filling up the DagBag from /opt/airflow/dags/dwh_layer.py
[2026-05-16T17:02:01.143+0000] {processor.py:840} INFO - DAG(s) 'dwh_modeling_dag' retrieved from /opt/airflow/dags/dwh_layer.py
[2026-05-16T17:02:01.152+0000] {logging_mixin.py:188} INFO - [2026-05-16T17:02:01.152+0000] {dag.py:3089} INFO - Sync 1 DAGs
[2026-05-16T17:02:01.157+0000] {logging_mixin.py:188} INFO - [2026-05-16T17:02:01.157+0000] {dag.py:3947} INFO - Setting next_dagrun for dwh_modeling_dag to None, run_after=None
[2026-05-16T17:02:01.164+0000] {processor.py:183} INFO - Processing /opt/airflow/dags/dwh_layer.py took 0.028 seconds
[2026-05-16T17:02:31.837+0000] {processor.py:161} INFO - Started process (PID=4505) to work on /opt/airflow/dags/dwh_layer.py
[2026-05-16T17:02:31.837+0000] {processor.py:830} INFO - Processing file /opt/airflow/dags/dwh_layer.py for tasks to queue
[2026-05-16T17:02:31.838+0000] {logging_mixin.py:188} INFO - [2026-05-16T17:02:31.838+0000] {dagbag.py:545} INFO - Filling up the DagBag from /opt/airflow/dags/dwh_layer.py
[2026-05-16T17:02:31.841+0000] {processor.py:840} INFO - DAG(s) 'dwh_modeling_dag' retrieved from /opt/airflow/dags/dwh_layer.py
[2026-05-16T17:02:31.849+0000] {logging_mixin.py:188} INFO - [2026-05-16T17:02:31.849+0000] {dag.py:3089} INFO - Sync 1 DAGs
[2026-05-16T17:02:31.854+0000] {logging_mixin.py:188} INFO - [2026-05-16T17:02:31.854+0000] {dag.py:3947} INFO - Setting next_dagrun for dwh_modeling_dag to None, run_after=None
[2026-05-16T17:02:31.862+0000] {processor.py:183} INFO - Processing /opt/airflow/dags/dwh_layer.py took 0.027 seconds
[2026-05-16T17:03:02.456+0000] {processor.py:161} INFO - Started process (PID=4567) to work on /opt/airflow/dags/dwh_layer.py
[2026-05-16T17:03:02.457+0000] {processor.py:830} INFO - Processing file /opt/airflow/dags/dwh_layer.py for tasks to queue
[2026-05-16T17:03:02.458+0000] {logging_mixin.py:188} INFO - [2026-05-16T17:03:02.458+0000] {dagbag.py:545} INFO - Filling up the DagBag from /opt/airflow/dags/dwh_layer.py
[2026-05-16T17:03:02.461+0000] {processor.py:840} INFO - DAG(s) 'dwh_modeling_dag' retrieved from /opt/airflow/dags/dwh_layer.py
[2026-05-16T17:03:02.472+0000] {logging_mixin.py:188} INFO - [2026-05-16T17:03:02.472+0000] {dag.py:3089} INFO - Sync 1 DAGs
[2026-05-16T17:03:02.477+0000] {logging_mixin.py:188} INFO - [2026-05-16T17:03:02.477+0000] {dag.py:3947} INFO - Setting next_dagrun for dwh_modeling_dag to None, run_after=None
[2026-05-16T17:03:02.486+0000] {processor.py:183} INFO - Processing /opt/airflow/dags/dwh_layer.py took 0.032 seconds
[2026-05-16T17:03:32.643+0000] {processor.py:161} INFO - Started process (PID=4628) to work on /opt/airflow/dags/dwh_layer.py
[2026-05-16T17:03:32.644+0000] {processor.py:830} INFO - Processing file /opt/airflow/dags/dwh_layer.py for tasks to queue
[2026-05-16T17:03:32.644+0000] {logging_mixin.py:188} INFO - [2026-05-16T17:03:32.644+0000] {dagbag.py:545} INFO - Filling up the DagBag from /opt/airflow/dags/dwh_layer.py
[2026-05-16T17:03:32.648+0000] {processor.py:840} INFO - DAG(s) 'dwh_modeling_dag' retrieved from /opt/airflow/dags/dwh_layer.py
[2026-05-16T17:03:32.659+0000] {logging_mixin.py:188} INFO - [2026-05-16T17:03:32.659+0000] {dag.py:3089} INFO - Sync 1 DAGs
[2026-05-16T17:03:32.665+0000] {logging_mixin.py:188} INFO - [2026-05-16T17:03:32.664+0000] {dag.py:3947} INFO - Setting next_dagrun for dwh_modeling_dag to None, run_after=None
[2026-05-16T17:03:32.674+0000] {processor.py:183} INFO - Processing /opt/airflow/dags/dwh_layer.py took 0.034 seconds
[2026-05-16T17:04:03.152+0000] {processor.py:161} INFO - Started process (PID=4690) to work on /opt/airflow/dags/dwh_layer.py
[2026-05-16T17:04:03.155+0000] {processor.py:830} INFO - Processing file /opt/airflow/dags/dwh_layer.py for tasks to queue
[2026-05-16T17:04:03.156+0000] {logging_mixin.py:188} INFO - [2026-05-16T17:04:03.155+0000] {dagbag.py:545} INFO - Filling up the DagBag from /opt/airflow/dags/dwh_layer.py
[2026-05-16T17:04:03.164+0000] {processor.py:840} INFO - DAG(s) 'dwh_modeling_dag' retrieved from /opt/airflow/dags/dwh_layer.py
[2026-05-16T17:04:03.174+0000] {logging_mixin.py:188} INFO - [2026-05-16T17:04:03.174+0000] {dag.py:3089} INFO - Sync 1 DAGs
[2026-05-16T17:04:03.180+0000] {logging_mixin.py:188} INFO - [2026-05-16T17:04:03.180+0000] {dag.py:3947} INFO - Setting next_dagrun for dwh_modeling_dag to None, run_after=None
[2026-05-16T17:04:03.189+0000] {processor.py:183} INFO - Processing /opt/airflow/dags/dwh_layer.py took 0.044 seconds
[2026-05-16T17:04:33.780+0000] {processor.py:161} INFO - Started process (PID=4752) to work on /opt/airflow/dags/dwh_layer.py
[2026-05-16T17:04:33.781+0000] {processor.py:830} INFO - Processing file /opt/airflow/dags/dwh_layer.py for tasks to queue
[2026-05-16T17:04:33.782+0000] {logging_mixin.py:188} INFO - [2026-05-16T17:04:33.781+0000] {dagbag.py:545} INFO - Filling up the DagBag from /opt/airflow/dags/dwh_layer.py
[2026-05-16T17:04:33.785+0000] {processor.py:840} INFO - DAG(s) 'dwh_modeling_dag' retrieved from /opt/airflow/dags/dwh_layer.py
[2026-05-16T17:04:33.796+0000] {logging_mixin.py:188} INFO - [2026-05-16T17:04:33.796+0000] {dag.py:3089} INFO - Sync 1 DAGs
[2026-05-16T17:04:33.802+0000] {logging_mixin.py:188} INFO - [2026-05-16T17:04:33.802+0000] {dag.py:3947} INFO - Setting next_dagrun for dwh_modeling_dag to None, run_after=None
[2026-05-16T17:04:33.809+0000] {processor.py:183} INFO - Processing /opt/airflow/dags/dwh_layer.py took 0.031 seconds
[2026-05-16T17:05:04.555+0000] {processor.py:161} INFO - Started process (PID=4813) to work on /opt/airflow/dags/dwh_layer.py
[2026-05-16T17:05:04.556+0000] {processor.py:830} INFO - Processing file /opt/airflow/dags/dwh_layer.py for tasks to queue
[2026-05-16T17:05:04.557+0000] {logging_mixin.py:188} INFO - [2026-05-16T17:05:04.557+0000] {dagbag.py:545} INFO - Filling up the DagBag from /opt/airflow/dags/dwh_layer.py
[2026-05-16T17:05:04.561+0000] {processor.py:840} INFO - DAG(s) 'dwh_modeling_dag' retrieved from /opt/airflow/dags/dwh_layer.py
[2026-05-16T17:05:04.572+0000] {logging_mixin.py:188} INFO - [2026-05-16T17:05:04.572+0000] {dag.py:3089} INFO - Sync 1 DAGs
[2026-05-16T17:05:04.579+0000] {logging_mixin.py:188} INFO - [2026-05-16T17:05:04.579+0000] {dag.py:3947} INFO - Setting next_dagrun for dwh_modeling_dag to None, run_after=None
[2026-05-16T17:05:04.593+0000] {processor.py:183} INFO - Processing /opt/airflow/dags/dwh_layer.py took 0.041 seconds
[2026-05-16T17:05:35.289+0000] {processor.py:161} INFO - Started process (PID=4874) to work on /opt/airflow/dags/dwh_layer.py
[2026-05-16T17:05:35.290+0000] {processor.py:830} INFO - Processing file /opt/airflow/dags/dwh_layer.py for tasks to queue
[2026-05-16T17:05:35.291+0000] {logging_mixin.py:188} INFO - [2026-05-16T17:05:35.290+0000] {dagbag.py:545} INFO - Filling up the DagBag from /opt/airflow/dags/dwh_layer.py
[2026-05-16T17:05:35.294+0000] {processor.py:840} INFO - DAG(s) 'dwh_modeling_dag' retrieved from /opt/airflow/dags/dwh_layer.py
[2026-05-16T17:05:35.305+0000] {logging_mixin.py:188} INFO - [2026-05-16T17:05:35.305+0000] {dag.py:3089} INFO - Sync 1 DAGs
[2026-05-16T17:05:35.310+0000] {logging_mixin.py:188} INFO - [2026-05-16T17:05:35.310+0000] {dag.py:3947} INFO - Setting next_dagrun for dwh_modeling_dag to None, run_after=None
[2026-05-16T17:05:35.318+0000] {processor.py:183} INFO - Processing /opt/airflow/dags/dwh_layer.py took 0.031 seconds
[2026-05-16T17:06:06.057+0000] {processor.py:161} INFO - Started process (PID=4936) to work on /opt/airflow/dags/dwh_layer.py
[2026-05-16T17:06:06.057+0000] {processor.py:830} INFO - Processing file /opt/airflow/dags/dwh_layer.py for tasks to queue
[2026-05-16T17:06:06.058+0000] {logging_mixin.py:188} INFO - [2026-05-16T17:06:06.058+0000] {dagbag.py:545} INFO - Filling up the DagBag from /opt/airflow/dags/dwh_layer.py
[2026-05-16T17:06:06.061+0000] {processor.py:840} INFO - DAG(s) 'dwh_modeling_dag' retrieved from /opt/airflow/dags/dwh_layer.py
[2026-05-16T17:06:06.074+0000] {logging_mixin.py:188} INFO - [2026-05-16T17:06:06.073+0000] {dag.py:3089} INFO - Sync 1 DAGs
[2026-05-16T17:06:06.080+0000] {logging_mixin.py:188} INFO - [2026-05-16T17:06:06.080+0000] {dag.py:3947} INFO - Setting next_dagrun for dwh_modeling_dag to None, run_after=None
[2026-05-16T17:06:06.089+0000] {processor.py:183} INFO - Processing /opt/airflow/dags/dwh_layer.py took 0.035 seconds
[2026-05-16T17:06:36.746+0000] {processor.py:161} INFO - Started process (PID=4998) to work on /opt/airflow/dags/dwh_layer.py
[2026-05-16T17:06:36.746+0000] {processor.py:830} INFO - Processing file /opt/airflow/dags/dwh_layer.py for tasks to queue
[2026-05-16T17:06:36.747+0000] {logging_mixin.py:188} INFO - [2026-05-16T17:06:36.747+0000] {dagbag.py:545} INFO - Filling up the DagBag from /opt/airflow/dags/dwh_layer.py
[2026-05-16T17:06:36.750+0000] {processor.py:840} INFO - DAG(s) 'dwh_modeling_dag' retrieved from /opt/airflow/dags/dwh_layer.py
[2026-05-16T17:06:36.759+0000] {logging_mixin.py:188} INFO - [2026-05-16T17:06:36.759+0000] {dag.py:3089} INFO - Sync 1 DAGs
[2026-05-16T17:06:36.765+0000] {logging_mixin.py:188} INFO - [2026-05-16T17:06:36.765+0000] {dag.py:3947} INFO - Setting next_dagrun for dwh_modeling_dag to None, run_after=None
[2026-05-16T17:06:36.772+0000] {processor.py:183} INFO - Processing /opt/airflow/dags/dwh_layer.py took 0.030 seconds
[2026-05-16T17:07:07.460+0000] {processor.py:161} INFO - Started process (PID=5059) to work on /opt/airflow/dags/dwh_layer.py
[2026-05-16T17:07:07.461+0000] {processor.py:830} INFO - Processing file /opt/airflow/dags/dwh_layer.py for tasks to queue
[2026-05-16T17:07:07.462+0000] {logging_mixin.py:188} INFO - [2026-05-16T17:07:07.462+0000] {dagbag.py:545} INFO - Filling up the DagBag from /opt/airflow/dags/dwh_layer.py
[2026-05-16T17:07:07.465+0000] {processor.py:840} INFO - DAG(s) 'dwh_modeling_dag' retrieved from /opt/airflow/dags/dwh_layer.py
[2026-05-16T17:07:07.475+0000] {logging_mixin.py:188} INFO - [2026-05-16T17:07:07.475+0000] {dag.py:3089} INFO - Sync 1 DAGs
[2026-05-16T17:07:07.480+0000] {logging_mixin.py:188} INFO - [2026-05-16T17:07:07.480+0000] {dag.py:3947} INFO - Setting next_dagrun for dwh_modeling_dag to None, run_after=None
[2026-05-16T17:07:07.489+0000] {processor.py:183} INFO - Processing /opt/airflow/dags/dwh_layer.py took 0.032 seconds
[2026-05-16T17:07:38.180+0000] {processor.py:161} INFO - Started process (PID=5121) to work on /opt/airflow/dags/dwh_layer.py
[2026-05-16T17:07:38.180+0000] {processor.py:830} INFO - Processing file /opt/airflow/dags/dwh_layer.py for tasks to queue
[2026-05-16T17:07:38.181+0000] {logging_mixin.py:188} INFO - [2026-05-16T17:07:38.181+0000] {dagbag.py:545} INFO - Filling up the DagBag from /opt/airflow/dags/dwh_layer.py
[2026-05-16T17:07:38.184+0000] {processor.py:840} INFO - DAG(s) 'dwh_modeling_dag' retrieved from /opt/airflow/dags/dwh_layer.py
[2026-05-16T17:07:38.194+0000] {logging_mixin.py:188} INFO - [2026-05-16T17:07:38.194+0000] {dag.py:3089} INFO - Sync 1 DAGs
[2026-05-16T17:07:38.199+0000] {logging_mixin.py:188} INFO - [2026-05-16T17:07:38.199+0000] {dag.py:3947} INFO - Setting next_dagrun for dwh_modeling_dag to None, run_after=None
[2026-05-16T17:07:38.206+0000] {processor.py:183} INFO - Processing /opt/airflow/dags/dwh_layer.py took 0.029 seconds
[2026-05-16T17:08:08.955+0000] {processor.py:161} INFO - Started process (PID=5183) to work on /opt/airflow/dags/dwh_layer.py
[2026-05-16T17:08:08.956+0000] {processor.py:830} INFO - Processing file /opt/airflow/dags/dwh_layer.py for tasks to queue
[2026-05-16T17:08:08.958+0000] {logging_mixin.py:188} INFO - [2026-05-16T17:08:08.957+0000] {dagbag.py:545} INFO - Filling up the DagBag from /opt/airflow/dags/dwh_layer.py
[2026-05-16T17:08:08.964+0000] {processor.py:840} INFO - DAG(s) 'dwh_modeling_dag' retrieved from /opt/airflow/dags/dwh_layer.py
[2026-05-16T17:08:08.985+0000] {logging_mixin.py:188} INFO - [2026-05-16T17:08:08.984+0000] {dag.py:3089} INFO - Sync 1 DAGs
[2026-05-16T17:08:08.994+0000] {logging_mixin.py:188} INFO - [2026-05-16T17:08:08.993+0000] {dag.py:3947} INFO - Setting next_dagrun for dwh_modeling_dag to None, run_after=None
[2026-05-16T17:08:09.010+0000] {processor.py:183} INFO - Processing /opt/airflow/dags/dwh_layer.py took 0.065 seconds
[2026-05-16T17:08:39.101+0000] {processor.py:161} INFO - Started process (PID=5245) to work on /opt/airflow/dags/dwh_layer.py
[2026-05-16T17:08:39.102+0000] {processor.py:830} INFO - Processing file /opt/airflow/dags/dwh_layer.py for tasks to queue
[2026-05-16T17:08:39.103+0000] {logging_mixin.py:188} INFO - [2026-05-16T17:08:39.102+0000] {dagbag.py:545} INFO - Filling up the DagBag from /opt/airflow/dags/dwh_layer.py
[2026-05-16T17:08:39.106+0000] {processor.py:840} INFO - DAG(s) 'dwh_modeling_dag' retrieved from /opt/airflow/dags/dwh_layer.py
[2026-05-16T17:08:39.117+0000] {logging_mixin.py:188} INFO - [2026-05-16T17:08:39.116+0000] {dag.py:3089} INFO - Sync 1 DAGs
[2026-05-16T17:08:39.123+0000] {logging_mixin.py:188} INFO - [2026-05-16T17:08:39.123+0000] {dag.py:3947} INFO - Setting next_dagrun for dwh_modeling_dag to None, run_after=None
[2026-05-16T17:08:39.132+0000] {processor.py:183} INFO - Processing /opt/airflow/dags/dwh_layer.py took 0.033 seconds
[2026-05-16T17:09:09.184+0000] {processor.py:161} INFO - Started process (PID=5307) to work on /opt/airflow/dags/dwh_layer.py
[2026-05-16T17:09:09.185+0000] {processor.py:830} INFO - Processing file /opt/airflow/dags/dwh_layer.py for tasks to queue
[2026-05-16T17:09:09.186+0000] {logging_mixin.py:188} INFO - [2026-05-16T17:09:09.186+0000] {dagbag.py:545} INFO - Filling up the DagBag from /opt/airflow/dags/dwh_layer.py
[2026-05-16T17:09:09.190+0000] {processor.py:840} INFO - DAG(s) 'dwh_modeling_dag' retrieved from /opt/airflow/dags/dwh_layer.py
[2026-05-16T17:09:09.199+0000] {logging_mixin.py:188} INFO - [2026-05-16T17:09:09.199+0000] {dag.py:3089} INFO - Sync 1 DAGs
[2026-05-16T17:09:09.205+0000] {logging_mixin.py:188} INFO - [2026-05-16T17:09:09.205+0000] {dag.py:3947} INFO - Setting next_dagrun for dwh_modeling_dag to None, run_after=None
[2026-05-16T17:09:09.212+0000] {processor.py:183} INFO - Processing /opt/airflow/dags/dwh_layer.py took 0.032 seconds
[2026-05-16T17:09:39.989+0000] {processor.py:161} INFO - Started process (PID=5368) to work on /opt/airflow/dags/dwh_layer.py
[2026-05-16T17:09:39.990+0000] {processor.py:830} INFO - Processing file /opt/airflow/dags/dwh_layer.py for tasks to queue
[2026-05-16T17:09:39.991+0000] {logging_mixin.py:188} INFO - [2026-05-16T17:09:39.991+0000] {dagbag.py:545} INFO - Filling up the DagBag from /opt/airflow/dags/dwh_layer.py
[2026-05-16T17:09:39.994+0000] {processor.py:840} INFO - DAG(s) 'dwh_modeling_dag' retrieved from /opt/airflow/dags/dwh_layer.py
[2026-05-16T17:09:40.003+0000] {logging_mixin.py:188} INFO - [2026-05-16T17:09:40.003+0000] {dag.py:3089} INFO - Sync 1 DAGs
[2026-05-16T17:09:40.010+0000] {logging_mixin.py:188} INFO - [2026-05-16T17:09:40.009+0000] {dag.py:3947} INFO - Setting next_dagrun for dwh_modeling_dag to None, run_after=None
[2026-05-16T17:09:40.021+0000] {processor.py:183} INFO - Processing /opt/airflow/dags/dwh_layer.py took 0.035 seconds
[2026-05-16T17:10:10.857+0000] {processor.py:161} INFO - Started process (PID=5429) to work on /opt/airflow/dags/dwh_layer.py
[2026-05-16T17:10:10.857+0000] {processor.py:830} INFO - Processing file /opt/airflow/dags/dwh_layer.py for tasks to queue
[2026-05-16T17:10:10.858+0000] {logging_mixin.py:188} INFO - [2026-05-16T17:10:10.858+0000] {dagbag.py:545} INFO - Filling up the DagBag from /opt/airflow/dags/dwh_layer.py
[2026-05-16T17:10:10.860+0000] {processor.py:840} INFO - DAG(s) 'dwh_modeling_dag' retrieved from /opt/airflow/dags/dwh_layer.py
[2026-05-16T17:10:10.869+0000] {logging_mixin.py:188} INFO - [2026-05-16T17:10:10.869+0000] {dag.py:3089} INFO - Sync 1 DAGs
[2026-05-16T17:10:10.874+0000] {logging_mixin.py:188} INFO - [2026-05-16T17:10:10.874+0000] {dag.py:3947} INFO - Setting next_dagrun for dwh_modeling_dag to None, run_after=None
[2026-05-16T17:10:10.881+0000] {processor.py:183} INFO - Processing /opt/airflow/dags/dwh_layer.py took 0.027 seconds
[2026-05-16T17:10:41.032+0000] {processor.py:161} INFO - Started process (PID=5491) to work on /opt/airflow/dags/dwh_layer.py
[2026-05-16T17:10:41.033+0000] {processor.py:830} INFO - Processing file /opt/airflow/dags/dwh_layer.py for tasks to queue
[2026-05-16T17:10:41.034+0000] {logging_mixin.py:188} INFO - [2026-05-16T17:10:41.034+0000] {dagbag.py:545} INFO - Filling up the DagBag from /opt/airflow/dags/dwh_layer.py
[2026-05-16T17:10:41.037+0000] {processor.py:840} INFO - DAG(s) 'dwh_modeling_dag' retrieved from /opt/airflow/dags/dwh_layer.py
[2026-05-16T17:10:41.046+0000] {logging_mixin.py:188} INFO - [2026-05-16T17:10:41.046+0000] {dag.py:3089} INFO - Sync 1 DAGs
[2026-05-16T17:10:41.051+0000] {logging_mixin.py:188} INFO - [2026-05-16T17:10:41.051+0000] {dag.py:3947} INFO - Setting next_dagrun for dwh_modeling_dag to None, run_after=None
[2026-05-16T17:10:41.058+0000] {processor.py:183} INFO - Processing /opt/airflow/dags/dwh_layer.py took 0.029 seconds
[2026-05-16T17:11:11.785+0000] {processor.py:161} INFO - Started process (PID=5553) to work on /opt/airflow/dags/dwh_layer.py
[2026-05-16T17:11:11.785+0000] {processor.py:830} INFO - Processing file /opt/airflow/dags/dwh_layer.py for tasks to queue
[2026-05-16T17:11:11.786+0000] {logging_mixin.py:188} INFO - [2026-05-16T17:11:11.786+0000] {dagbag.py:545} INFO - Filling up the DagBag from /opt/airflow/dags/dwh_layer.py
[2026-05-16T17:11:11.790+0000] {processor.py:840} INFO - DAG(s) 'dwh_modeling_dag' retrieved from /opt/airflow/dags/dwh_layer.py
[2026-05-16T17:11:11.800+0000] {logging_mixin.py:188} INFO - [2026-05-16T17:11:11.800+0000] {dag.py:3089} INFO - Sync 1 DAGs
[2026-05-16T17:11:11.806+0000] {logging_mixin.py:188} INFO - [2026-05-16T17:11:11.806+0000] {dag.py:3947} INFO - Setting next_dagrun for dwh_modeling_dag to None, run_after=None
[2026-05-16T17:11:11.814+0000] {processor.py:183} INFO - Processing /opt/airflow/dags/dwh_layer.py took 0.032 seconds
[2026-05-16T17:11:42.461+0000] {processor.py:161} INFO - Started process (PID=5615) to work on /opt/airflow/dags/dwh_layer.py
[2026-05-16T17:11:42.461+0000] {processor.py:830} INFO - Processing file /opt/airflow/dags/dwh_layer.py for tasks to queue
[2026-05-16T17:11:42.462+0000] {logging_mixin.py:188} INFO - [2026-05-16T17:11:42.462+0000] {dagbag.py:545} INFO - Filling up the DagBag from /opt/airflow/dags/dwh_layer.py
[2026-05-16T17:11:42.465+0000] {processor.py:840} INFO - DAG(s) 'dwh_modeling_dag' retrieved from /opt/airflow/dags/dwh_layer.py
[2026-05-16T17:11:42.475+0000] {logging_mixin.py:188} INFO - [2026-05-16T17:11:42.475+0000] {dag.py:3089} INFO - Sync 1 DAGs
[2026-05-16T17:11:42.480+0000] {logging_mixin.py:188} INFO - [2026-05-16T17:11:42.480+0000] {dag.py:3947} INFO - Setting next_dagrun for dwh_modeling_dag to None, run_after=None
[2026-05-16T17:11:42.487+0000] {processor.py:183} INFO - Processing /opt/airflow/dags/dwh_layer.py took 0.029 seconds
[2026-05-16T17:12:13.230+0000] {processor.py:161} INFO - Started process (PID=5676) to work on /opt/airflow/dags/dwh_layer.py
[2026-05-16T17:12:13.231+0000] {processor.py:830} INFO - Processing file /opt/airflow/dags/dwh_layer.py for tasks to queue
[2026-05-16T17:12:13.232+0000] {logging_mixin.py:188} INFO - [2026-05-16T17:12:13.232+0000] {dagbag.py:545} INFO - Filling up the DagBag from /opt/airflow/dags/dwh_layer.py
[2026-05-16T17:12:13.235+0000] {processor.py:840} INFO - DAG(s) 'dwh_modeling_dag' retrieved from /opt/airflow/dags/dwh_layer.py
[2026-05-16T17:12:13.245+0000] {logging_mixin.py:188} INFO - [2026-05-16T17:12:13.245+0000] {dag.py:3089} INFO - Sync 1 DAGs
[2026-05-16T17:12:13.250+0000] {logging_mixin.py:188} INFO - [2026-05-16T17:12:13.250+0000] {dag.py:3947} INFO - Setting next_dagrun for dwh_modeling_dag to None, run_after=None
[2026-05-16T17:12:13.257+0000] {processor.py:183} INFO - Processing /opt/airflow/dags/dwh_layer.py took 0.030 seconds
[2026-05-16T17:12:44.007+0000] {processor.py:161} INFO - Started process (PID=5738) to work on /opt/airflow/dags/dwh_layer.py
[2026-05-16T17:12:44.007+0000] {processor.py:830} INFO - Processing file /opt/airflow/dags/dwh_layer.py for tasks to queue
[2026-05-16T17:12:44.008+0000] {logging_mixin.py:188} INFO - [2026-05-16T17:12:44.008+0000] {dagbag.py:545} INFO - Filling up the DagBag from /opt/airflow/dags/dwh_layer.py
[2026-05-16T17:12:44.011+0000] {processor.py:840} INFO - DAG(s) 'dwh_modeling_dag' retrieved from /opt/airflow/dags/dwh_layer.py
[2026-05-16T17:12:44.023+0000] {logging_mixin.py:188} INFO - [2026-05-16T17:12:44.022+0000] {dag.py:3089} INFO - Sync 1 DAGs
[2026-05-16T17:12:44.029+0000] {logging_mixin.py:188} INFO - [2026-05-16T17:12:44.029+0000] {dag.py:3947} INFO - Setting next_dagrun for dwh_modeling_dag to None, run_after=None
[2026-05-16T17:12:44.037+0000] {processor.py:183} INFO - Processing /opt/airflow/dags/dwh_layer.py took 0.033 seconds
[2026-05-16T17:13:14.761+0000] {processor.py:161} INFO - Started process (PID=5800) to work on /opt/airflow/dags/dwh_layer.py
[2026-05-16T17:13:14.761+0000] {processor.py:830} INFO - Processing file /opt/airflow/dags/dwh_layer.py for tasks to queue
[2026-05-16T17:13:14.762+0000] {logging_mixin.py:188} INFO - [2026-05-16T17:13:14.762+0000] {dagbag.py:545} INFO - Filling up the DagBag from /opt/airflow/dags/dwh_layer.py
[2026-05-16T17:13:14.765+0000] {processor.py:840} INFO - DAG(s) 'dwh_modeling_dag' retrieved from /opt/airflow/dags/dwh_layer.py
[2026-05-16T17:13:14.775+0000] {logging_mixin.py:188} INFO - [2026-05-16T17:13:14.775+0000] {dag.py:3089} INFO - Sync 1 DAGs
[2026-05-16T17:13:14.780+0000] {logging_mixin.py:188} INFO - [2026-05-16T17:13:14.780+0000] {dag.py:3947} INFO - Setting next_dagrun for dwh_modeling_dag to None, run_after=None
[2026-05-16T17:13:14.788+0000] {processor.py:183} INFO - Processing /opt/airflow/dags/dwh_layer.py took 0.030 seconds
[2026-05-16T17:13:45.578+0000] {processor.py:161} INFO - Started process (PID=5861) to work on /opt/airflow/dags/dwh_layer.py
[2026-05-16T17:13:45.579+0000] {processor.py:830} INFO - Processing file /opt/airflow/dags/dwh_layer.py for tasks to queue
[2026-05-16T17:13:45.580+0000] {logging_mixin.py:188} INFO - [2026-05-16T17:13:45.580+0000] {dagbag.py:545} INFO - Filling up the DagBag from /opt/airflow/dags/dwh_layer.py
[2026-05-16T17:13:45.583+0000] {processor.py:840} INFO - DAG(s) 'dwh_modeling_dag' retrieved from /opt/airflow/dags/dwh_layer.py
[2026-05-16T17:13:45.593+0000] {logging_mixin.py:188} INFO - [2026-05-16T17:13:45.593+0000] {dag.py:3089} INFO - Sync 1 DAGs
[2026-05-16T17:13:45.599+0000] {logging_mixin.py:188} INFO - [2026-05-16T17:13:45.599+0000] {dag.py:3947} INFO - Setting next_dagrun for dwh_modeling_dag to None, run_after=None
[2026-05-16T17:13:45.610+0000] {processor.py:183} INFO - Processing /opt/airflow/dags/dwh_layer.py took 0.034 seconds
[2026-05-16T17:14:16.369+0000] {processor.py:161} INFO - Started process (PID=5923) to work on /opt/airflow/dags/dwh_layer.py
[2026-05-16T17:14:16.370+0000] {processor.py:830} INFO - Processing file /opt/airflow/dags/dwh_layer.py for tasks to queue
[2026-05-16T17:14:16.372+0000] {logging_mixin.py:188} INFO - [2026-05-16T17:14:16.371+0000] {dagbag.py:545} INFO - Filling up the DagBag from /opt/airflow/dags/dwh_layer.py
[2026-05-16T17:14:16.375+0000] {processor.py:840} INFO - DAG(s) 'dwh_modeling_dag' retrieved from /opt/airflow/dags/dwh_layer.py
[2026-05-16T17:14:16.387+0000] {logging_mixin.py:188} INFO - [2026-05-16T17:14:16.387+0000] {dag.py:3089} INFO - Sync 1 DAGs
[2026-05-16T17:14:16.394+0000] {logging_mixin.py:188} INFO - [2026-05-16T17:14:16.394+0000] {dag.py:3947} INFO - Setting next_dagrun for dwh_modeling_dag to None, run_after=None
[2026-05-16T17:14:16.406+0000] {processor.py:183} INFO - Processing /opt/airflow/dags/dwh_layer.py took 0.040 seconds
[2026-05-16T17:14:47.111+0000] {processor.py:161} INFO - Started process (PID=5985) to work on /opt/airflow/dags/dwh_layer.py
[2026-05-16T17:14:47.111+0000] {processor.py:830} INFO - Processing file /opt/airflow/dags/dwh_layer.py for tasks to queue
[2026-05-16T17:14:47.112+0000] {logging_mixin.py:188} INFO - [2026-05-16T17:14:47.112+0000] {dagbag.py:545} INFO - Filling up the DagBag from /opt/airflow/dags/dwh_layer.py
[2026-05-16T17:14:47.115+0000] {processor.py:840} INFO - DAG(s) 'dwh_modeling_dag' retrieved from /opt/airflow/dags/dwh_layer.py
[2026-05-16T17:14:47.125+0000] {logging_mixin.py:188} INFO - [2026-05-16T17:14:47.125+0000] {dag.py:3089} INFO - Sync 1 DAGs
[2026-05-16T17:14:47.130+0000] {logging_mixin.py:188} INFO - [2026-05-16T17:14:47.130+0000] {dag.py:3947} INFO - Setting next_dagrun for dwh_modeling_dag to None, run_after=None
[2026-05-16T17:14:47.136+0000] {processor.py:183} INFO - Processing /opt/airflow/dags/dwh_layer.py took 0.028 seconds
[2026-05-16T17:15:17.930+0000] {processor.py:161} INFO - Started process (PID=6047) to work on /opt/airflow/dags/dwh_layer.py
[2026-05-16T17:15:17.931+0000] {processor.py:830} INFO - Processing file /opt/airflow/dags/dwh_layer.py for tasks to queue
[2026-05-16T17:15:17.932+0000] {logging_mixin.py:188} INFO - [2026-05-16T17:15:17.932+0000] {dagbag.py:545} INFO - Filling up the DagBag from /opt/airflow/dags/dwh_layer.py
[2026-05-16T17:15:17.935+0000] {processor.py:840} INFO - DAG(s) 'dwh_modeling_dag' retrieved from /opt/airflow/dags/dwh_layer.py
[2026-05-16T17:15:17.944+0000] {logging_mixin.py:188} INFO - [2026-05-16T17:15:17.944+0000] {dag.py:3089} INFO - Sync 1 DAGs
[2026-05-16T17:15:17.949+0000] {logging_mixin.py:188} INFO - [2026-05-16T17:15:17.949+0000] {dag.py:3947} INFO - Setting next_dagrun for dwh_modeling_dag to None, run_after=None
[2026-05-16T17:15:17.955+0000] {processor.py:183} INFO - Processing /opt/airflow/dags/dwh_layer.py took 0.027 seconds
[2026-05-16T17:15:48.731+0000] {processor.py:161} INFO - Started process (PID=6109) to work on /opt/airflow/dags/dwh_layer.py
[2026-05-16T17:15:48.731+0000] {processor.py:830} INFO - Processing file /opt/airflow/dags/dwh_layer.py for tasks to queue
[2026-05-16T17:15:48.733+0000] {logging_mixin.py:188} INFO - [2026-05-16T17:15:48.732+0000] {dagbag.py:545} INFO - Filling up the DagBag from /opt/airflow/dags/dwh_layer.py
[2026-05-16T17:15:48.739+0000] {processor.py:840} INFO - DAG(s) 'dwh_modeling_dag' retrieved from /opt/airflow/dags/dwh_layer.py
[2026-05-16T17:15:48.756+0000] {logging_mixin.py:188} INFO - [2026-05-16T17:15:48.756+0000] {dag.py:3089} INFO - Sync 1 DAGs
[2026-05-16T17:15:48.766+0000] {logging_mixin.py:188} INFO - [2026-05-16T17:15:48.766+0000] {dag.py:3947} INFO - Setting next_dagrun for dwh_modeling_dag to None, run_after=None
[2026-05-16T17:15:48.780+0000] {processor.py:183} INFO - Processing /opt/airflow/dags/dwh_layer.py took 0.057 seconds
[2026-05-16T17:16:19.562+0000] {processor.py:161} INFO - Started process (PID=6171) to work on /opt/airflow/dags/dwh_layer.py
[2026-05-16T17:16:19.564+0000] {processor.py:830} INFO - Processing file /opt/airflow/dags/dwh_layer.py for tasks to queue
[2026-05-16T17:16:19.565+0000] {logging_mixin.py:188} INFO - [2026-05-16T17:16:19.565+0000] {dagbag.py:545} INFO - Filling up the DagBag from /opt/airflow/dags/dwh_layer.py
[2026-05-16T17:16:19.572+0000] {processor.py:840} INFO - DAG(s) 'dwh_modeling_dag' retrieved from /opt/airflow/dags/dwh_layer.py
[2026-05-16T17:16:19.585+0000] {logging_mixin.py:188} INFO - [2026-05-16T17:16:19.585+0000] {dag.py:3089} INFO - Sync 1 DAGs
[2026-05-16T17:16:19.590+0000] {logging_mixin.py:188} INFO - [2026-05-16T17:16:19.590+0000] {dag.py:3947} INFO - Setting next_dagrun for dwh_modeling_dag to None, run_after=None
[2026-05-16T17:16:19.603+0000] {processor.py:183} INFO - Processing /opt/airflow/dags/dwh_layer.py took 0.048 seconds
[2026-05-16T17:16:50.349+0000] {processor.py:161} INFO - Started process (PID=6233) to work on /opt/airflow/dags/dwh_layer.py
[2026-05-16T17:16:50.350+0000] {processor.py:830} INFO - Processing file /opt/airflow/dags/dwh_layer.py for tasks to queue
[2026-05-16T17:16:50.352+0000] {logging_mixin.py:188} INFO - [2026-05-16T17:16:50.351+0000] {dagbag.py:545} INFO - Filling up the DagBag from /opt/airflow/dags/dwh_layer.py
[2026-05-16T17:16:50.357+0000] {processor.py:840} INFO - DAG(s) 'dwh_modeling_dag' retrieved from /opt/airflow/dags/dwh_layer.py
[2026-05-16T17:16:50.379+0000] {logging_mixin.py:188} INFO - [2026-05-16T17:16:50.379+0000] {dag.py:3089} INFO - Sync 1 DAGs
[2026-05-16T17:16:50.388+0000] {logging_mixin.py:188} INFO - [2026-05-16T17:16:50.388+0000] {dag.py:3947} INFO - Setting next_dagrun for dwh_modeling_dag to None, run_after=None
[2026-05-16T17:16:50.401+0000] {processor.py:183} INFO - Processing /opt/airflow/dags/dwh_layer.py took 0.055 seconds
[2026-05-16T17:17:21.198+0000] {processor.py:161} INFO - Started process (PID=6295) to work on /opt/airflow/dags/dwh_layer.py
[2026-05-16T17:17:21.199+0000] {processor.py:830} INFO - Processing file /opt/airflow/dags/dwh_layer.py for tasks to queue
[2026-05-16T17:17:21.200+0000] {logging_mixin.py:188} INFO - [2026-05-16T17:17:21.200+0000] {dagbag.py:545} INFO - Filling up the DagBag from /opt/airflow/dags/dwh_layer.py
[2026-05-16T17:17:21.204+0000] {processor.py:840} INFO - DAG(s) 'dwh_modeling_dag' retrieved from /opt/airflow/dags/dwh_layer.py
[2026-05-16T17:17:21.213+0000] {logging_mixin.py:188} INFO - [2026-05-16T17:17:21.213+0000] {dag.py:3089} INFO - Sync 1 DAGs
[2026-05-16T17:17:21.219+0000] {logging_mixin.py:188} INFO - [2026-05-16T17:17:21.218+0000] {dag.py:3947} INFO - Setting next_dagrun for dwh_modeling_dag to None, run_after=None
[2026-05-16T17:17:21.226+0000] {processor.py:183} INFO - Processing /opt/airflow/dags/dwh_layer.py took 0.030 seconds
[2026-05-16T17:17:52.003+0000] {processor.py:161} INFO - Started process (PID=6357) to work on /opt/airflow/dags/dwh_layer.py
[2026-05-16T17:17:52.003+0000] {processor.py:830} INFO - Processing file /opt/airflow/dags/dwh_layer.py for tasks to queue
[2026-05-16T17:17:52.004+0000] {logging_mixin.py:188} INFO - [2026-05-16T17:17:52.004+0000] {dagbag.py:545} INFO - Filling up the DagBag from /opt/airflow/dags/dwh_layer.py
[2026-05-16T17:17:52.007+0000] {processor.py:840} INFO - DAG(s) 'dwh_modeling_dag' retrieved from /opt/airflow/dags/dwh_layer.py
[2026-05-16T17:17:52.019+0000] {logging_mixin.py:188} INFO - [2026-05-16T17:17:52.019+0000] {dag.py:3089} INFO - Sync 1 DAGs
[2026-05-16T17:17:52.025+0000] {logging_mixin.py:188} INFO - [2026-05-16T17:17:52.025+0000] {dag.py:3947} INFO - Setting next_dagrun for dwh_modeling_dag to None, run_after=None
[2026-05-16T17:17:52.033+0000] {processor.py:183} INFO - Processing /opt/airflow/dags/dwh_layer.py took 0.033 seconds
[2026-05-16T17:18:22.830+0000] {processor.py:161} INFO - Started process (PID=6419) to work on /opt/airflow/dags/dwh_layer.py
[2026-05-16T17:18:22.831+0000] {processor.py:830} INFO - Processing file /opt/airflow/dags/dwh_layer.py for tasks to queue
[2026-05-16T17:18:22.831+0000] {logging_mixin.py:188} INFO - [2026-05-16T17:18:22.831+0000] {dagbag.py:545} INFO - Filling up the DagBag from /opt/airflow/dags/dwh_layer.py
[2026-05-16T17:18:22.834+0000] {processor.py:840} INFO - DAG(s) 'dwh_modeling_dag' retrieved from /opt/airflow/dags/dwh_layer.py
[2026-05-16T17:18:22.845+0000] {logging_mixin.py:188} INFO - [2026-05-16T17:18:22.845+0000] {dag.py:3089} INFO - Sync 1 DAGs
[2026-05-16T17:18:22.851+0000] {logging_mixin.py:188} INFO - [2026-05-16T17:18:22.851+0000] {dag.py:3947} INFO - Setting next_dagrun for dwh_modeling_dag to None, run_after=None
[2026-05-16T17:18:22.860+0000] {processor.py:183} INFO - Processing /opt/airflow/dags/dwh_layer.py took 0.032 seconds
[2026-05-16T17:18:53.641+0000] {processor.py:161} INFO - Started process (PID=6481) to work on /opt/airflow/dags/dwh_layer.py
[2026-05-16T17:18:53.641+0000] {processor.py:830} INFO - Processing file /opt/airflow/dags/dwh_layer.py for tasks to queue
[2026-05-16T17:18:53.642+0000] {logging_mixin.py:188} INFO - [2026-05-16T17:18:53.642+0000] {dagbag.py:545} INFO - Filling up the DagBag from /opt/airflow/dags/dwh_layer.py
[2026-05-16T17:18:53.645+0000] {processor.py:840} INFO - DAG(s) 'dwh_modeling_dag' retrieved from /opt/airflow/dags/dwh_layer.py
[2026-05-16T17:18:53.654+0000] {logging_mixin.py:188} INFO - [2026-05-16T17:18:53.654+0000] {dag.py:3089} INFO - Sync 1 DAGs
[2026-05-16T17:18:53.659+0000] {logging_mixin.py:188} INFO - [2026-05-16T17:18:53.659+0000] {dag.py:3947} INFO - Setting next_dagrun for dwh_modeling_dag to None, run_after=None
[2026-05-16T17:18:53.665+0000] {processor.py:183} INFO - Processing /opt/airflow/dags/dwh_layer.py took 0.028 seconds
[2026-05-16T17:19:24.445+0000] {processor.py:161} INFO - Started process (PID=6543) to work on /opt/airflow/dags/dwh_layer.py
[2026-05-16T17:19:24.445+0000] {processor.py:830} INFO - Processing file /opt/airflow/dags/dwh_layer.py for tasks to queue
[2026-05-16T17:19:24.446+0000] {logging_mixin.py:188} INFO - [2026-05-16T17:19:24.446+0000] {dagbag.py:545} INFO - Filling up the DagBag from /opt/airflow/dags/dwh_layer.py
[2026-05-16T17:19:24.449+0000] {processor.py:840} INFO - DAG(s) 'dwh_modeling_dag' retrieved from /opt/airflow/dags/dwh_layer.py
[2026-05-16T17:19:24.459+0000] {logging_mixin.py:188} INFO - [2026-05-16T17:19:24.458+0000] {dag.py:3089} INFO - Sync 1 DAGs
[2026-05-16T17:19:24.464+0000] {logging_mixin.py:188} INFO - [2026-05-16T17:19:24.464+0000] {dag.py:3947} INFO - Setting next_dagrun for dwh_modeling_dag to None, run_after=None
[2026-05-16T17:19:24.471+0000] {processor.py:183} INFO - Processing /opt/airflow/dags/dwh_layer.py took 0.029 seconds
[2026-05-16T17:19:55.142+0000] {processor.py:161} INFO - Started process (PID=6605) to work on /opt/airflow/dags/dwh_layer.py
[2026-05-16T17:19:55.142+0000] {processor.py:830} INFO - Processing file /opt/airflow/dags/dwh_layer.py for tasks to queue
[2026-05-16T17:19:55.143+0000] {logging_mixin.py:188} INFO - [2026-05-16T17:19:55.143+0000] {dagbag.py:545} INFO - Filling up the DagBag from /opt/airflow/dags/dwh_layer.py
[2026-05-16T17:19:55.146+0000] {processor.py:840} INFO - DAG(s) 'dwh_modeling_dag' retrieved from /opt/airflow/dags/dwh_layer.py
[2026-05-16T17:19:55.158+0000] {logging_mixin.py:188} INFO - [2026-05-16T17:19:55.158+0000] {dag.py:3089} INFO - Sync 1 DAGs
[2026-05-16T17:19:55.163+0000] {logging_mixin.py:188} INFO - [2026-05-16T17:19:55.163+0000] {dag.py:3947} INFO - Setting next_dagrun for dwh_modeling_dag to None, run_after=None
[2026-05-16T17:19:55.170+0000] {processor.py:183} INFO - Processing /opt/airflow/dags/dwh_layer.py took 0.031 seconds
[2026-05-16T17:20:25.917+0000] {processor.py:161} INFO - Started process (PID=6666) to work on /opt/airflow/dags/dwh_layer.py
[2026-05-16T17:20:25.917+0000] {processor.py:830} INFO - Processing file /opt/airflow/dags/dwh_layer.py for tasks to queue
[2026-05-16T17:20:25.918+0000] {logging_mixin.py:188} INFO - [2026-05-16T17:20:25.918+0000] {dagbag.py:545} INFO - Filling up the DagBag from /opt/airflow/dags/dwh_layer.py
[2026-05-16T17:20:25.921+0000] {processor.py:840} INFO - DAG(s) 'dwh_modeling_dag' retrieved from /opt/airflow/dags/dwh_layer.py
[2026-05-16T17:20:25.929+0000] {logging_mixin.py:188} INFO - [2026-05-16T17:20:25.929+0000] {dag.py:3089} INFO - Sync 1 DAGs
[2026-05-16T17:20:25.935+0000] {logging_mixin.py:188} INFO - [2026-05-16T17:20:25.934+0000] {dag.py:3947} INFO - Setting next_dagrun for dwh_modeling_dag to None, run_after=None
[2026-05-16T17:20:25.943+0000] {processor.py:183} INFO - Processing /opt/airflow/dags/dwh_layer.py took 0.029 seconds
[2026-05-16T17:20:55.980+0000] {processor.py:161} INFO - Started process (PID=6728) to work on /opt/airflow/dags/dwh_layer.py
[2026-05-16T17:20:55.980+0000] {processor.py:830} INFO - Processing file /opt/airflow/dags/dwh_layer.py for tasks to queue
[2026-05-16T17:20:55.981+0000] {logging_mixin.py:188} INFO - [2026-05-16T17:20:55.981+0000] {dagbag.py:545} INFO - Filling up the DagBag from /opt/airflow/dags/dwh_layer.py
[2026-05-16T17:20:55.985+0000] {processor.py:840} INFO - DAG(s) 'dwh_modeling_dag' retrieved from /opt/airflow/dags/dwh_layer.py
[2026-05-16T17:20:55.995+0000] {logging_mixin.py:188} INFO - [2026-05-16T17:20:55.995+0000] {dag.py:3089} INFO - Sync 1 DAGs
[2026-05-16T17:20:56.002+0000] {logging_mixin.py:188} INFO - [2026-05-16T17:20:56.001+0000] {dag.py:3947} INFO - Setting next_dagrun for dwh_modeling_dag to None, run_after=None
[2026-05-16T17:20:56.010+0000] {processor.py:183} INFO - Processing /opt/airflow/dags/dwh_layer.py took 0.034 seconds
[2026-05-16T17:21:26.155+0000] {processor.py:161} INFO - Started process (PID=6790) to work on /opt/airflow/dags/dwh_layer.py
[2026-05-16T17:21:26.155+0000] {processor.py:830} INFO - Processing file /opt/airflow/dags/dwh_layer.py for tasks to queue
[2026-05-16T17:21:26.156+0000] {logging_mixin.py:188} INFO - [2026-05-16T17:21:26.156+0000] {dagbag.py:545} INFO - Filling up the DagBag from /opt/airflow/dags/dwh_layer.py
[2026-05-16T17:21:26.159+0000] {processor.py:840} INFO - DAG(s) 'dwh_modeling_dag' retrieved from /opt/airflow/dags/dwh_layer.py
[2026-05-16T17:21:26.170+0000] {logging_mixin.py:188} INFO - [2026-05-16T17:21:26.170+0000] {dag.py:3089} INFO - Sync 1 DAGs
[2026-05-16T17:21:26.176+0000] {logging_mixin.py:188} INFO - [2026-05-16T17:21:26.175+0000] {dag.py:3947} INFO - Setting next_dagrun for dwh_modeling_dag to None, run_after=None
[2026-05-16T17:21:26.185+0000] {processor.py:183} INFO - Processing /opt/airflow/dags/dwh_layer.py took 0.033 seconds
[2026-05-16T17:21:56.642+0000] {processor.py:161} INFO - Started process (PID=6852) to work on /opt/airflow/dags/dwh_layer.py
[2026-05-16T17:21:56.645+0000] {processor.py:830} INFO - Processing file /opt/airflow/dags/dwh_layer.py for tasks to queue
[2026-05-16T17:21:56.648+0000] {logging_mixin.py:188} INFO - [2026-05-16T17:21:56.648+0000] {dagbag.py:545} INFO - Filling up the DagBag from /opt/airflow/dags/dwh_layer.py
[2026-05-16T17:21:56.661+0000] {processor.py:840} INFO - DAG(s) 'dwh_modeling_dag' retrieved from /opt/airflow/dags/dwh_layer.py
[2026-05-16T17:21:56.717+0000] {logging_mixin.py:188} INFO - [2026-05-16T17:21:56.717+0000] {dag.py:3089} INFO - Sync 1 DAGs
[2026-05-16T17:21:56.742+0000] {logging_mixin.py:188} INFO - [2026-05-16T17:21:56.741+0000] {dag.py:3947} INFO - Setting next_dagrun for dwh_modeling_dag to None, run_after=None
[2026-05-16T17:21:56.797+0000] {processor.py:183} INFO - Processing /opt/airflow/dags/dwh_layer.py took 0.173 seconds
[2026-05-16T17:25:04.054+0000] {processor.py:161} INFO - Started process (PID=6912) to work on /opt/airflow/dags/dwh_layer.py
[2026-05-16T17:25:04.054+0000] {processor.py:830} INFO - Processing file /opt/airflow/dags/dwh_layer.py for tasks to queue
[2026-05-16T17:25:04.057+0000] {logging_mixin.py:188} INFO - [2026-05-16T17:25:04.056+0000] {dagbag.py:545} INFO - Filling up the DagBag from /opt/airflow/dags/dwh_layer.py
[2026-05-16T17:25:04.065+0000] {processor.py:840} INFO - DAG(s) 'dwh_modeling_dag' retrieved from /opt/airflow/dags/dwh_layer.py
[2026-05-16T17:25:04.096+0000] {logging_mixin.py:188} INFO - [2026-05-16T17:25:04.096+0000] {dag.py:3089} INFO - Sync 1 DAGs
[2026-05-16T17:25:04.111+0000] {logging_mixin.py:188} INFO - [2026-05-16T17:25:04.111+0000] {dag.py:3947} INFO - Setting next_dagrun for dwh_modeling_dag to None, run_after=None
[2026-05-16T17:25:04.146+0000] {processor.py:183} INFO - Processing /opt/airflow/dags/dwh_layer.py took 0.099 seconds
[2026-05-16T17:25:35.000+0000] {processor.py:161} INFO - Started process (PID=6974) to work on /opt/airflow/dags/dwh_layer.py
[2026-05-16T17:25:35.004+0000] {processor.py:830} INFO - Processing file /opt/airflow/dags/dwh_layer.py for tasks to queue
[2026-05-16T17:25:35.009+0000] {logging_mixin.py:188} INFO - [2026-05-16T17:25:35.009+0000] {dagbag.py:545} INFO - Filling up the DagBag from /opt/airflow/dags/dwh_layer.py
[2026-05-16T17:25:35.024+0000] {processor.py:840} INFO - DAG(s) 'dwh_modeling_dag' retrieved from /opt/airflow/dags/dwh_layer.py
[2026-05-16T17:25:35.091+0000] {logging_mixin.py:188} INFO - [2026-05-16T17:25:35.090+0000] {dag.py:3089} INFO - Sync 1 DAGs
[2026-05-16T17:25:35.114+0000] {logging_mixin.py:188} INFO - [2026-05-16T17:25:35.113+0000] {dag.py:3947} INFO - Setting next_dagrun for dwh_modeling_dag to None, run_after=None
[2026-05-16T17:25:35.140+0000] {processor.py:183} INFO - Processing /opt/airflow/dags/dwh_layer.py took 0.153 seconds
[2026-05-16T17:30:05.872+0000] {processor.py:161} INFO - Started process (PID=7036) to work on /opt/airflow/dags/dwh_layer.py
[2026-05-16T17:30:05.874+0000] {processor.py:830} INFO - Processing file /opt/airflow/dags/dwh_layer.py for tasks to queue
[2026-05-16T17:30:05.885+0000] {logging_mixin.py:188} INFO - [2026-05-16T17:30:05.884+0000] {dagbag.py:545} INFO - Filling up the DagBag from /opt/airflow/dags/dwh_layer.py
[2026-05-16T17:30:05.919+0000] {processor.py:840} INFO - DAG(s) 'dwh_modeling_dag' retrieved from /opt/airflow/dags/dwh_layer.py
[2026-05-16T17:30:06.019+0000] {logging_mixin.py:188} INFO - [2026-05-16T17:30:06.017+0000] {dag.py:3089} INFO - Sync 1 DAGs
[2026-05-16T17:30:06.044+0000] {logging_mixin.py:188} INFO - [2026-05-16T17:30:06.043+0000] {dag.py:3947} INFO - Setting next_dagrun for dwh_modeling_dag to None, run_after=None
[2026-05-16T17:30:06.068+0000] {processor.py:183} INFO - Processing /opt/airflow/dags/dwh_layer.py took 0.241 seconds
[2026-05-16T17:30:36.186+0000] {processor.py:161} INFO - Started process (PID=7098) to work on /opt/airflow/dags/dwh_layer.py
[2026-05-16T17:30:36.189+0000] {processor.py:830} INFO - Processing file /opt/airflow/dags/dwh_layer.py for tasks to queue
[2026-05-16T17:30:36.192+0000] {logging_mixin.py:188} INFO - [2026-05-16T17:30:36.191+0000] {dagbag.py:545} INFO - Filling up the DagBag from /opt/airflow/dags/dwh_layer.py
[2026-05-16T17:30:36.202+0000] {processor.py:840} INFO - DAG(s) 'dwh_modeling_dag' retrieved from /opt/airflow/dags/dwh_layer.py
[2026-05-16T17:30:36.277+0000] {logging_mixin.py:188} INFO - [2026-05-16T17:30:36.276+0000] {dag.py:3089} INFO - Sync 1 DAGs
[2026-05-16T17:30:36.297+0000] {logging_mixin.py:188} INFO - [2026-05-16T17:30:36.297+0000] {dag.py:3947} INFO - Setting next_dagrun for dwh_modeling_dag to None, run_after=None
[2026-05-16T17:30:36.335+0000] {processor.py:183} INFO - Processing /opt/airflow/dags/dwh_layer.py took 0.165 seconds
[2026-05-16T17:46:31.487+0000] {processor.py:161} INFO - Started process (PID=7160) to work on /opt/airflow/dags/dwh_layer.py
[2026-05-16T17:46:31.488+0000] {processor.py:830} INFO - Processing file /opt/airflow/dags/dwh_layer.py for tasks to queue
[2026-05-16T17:46:31.489+0000] {logging_mixin.py:188} INFO - [2026-05-16T17:46:31.489+0000] {dagbag.py:545} INFO - Filling up the DagBag from /opt/airflow/dags/dwh_layer.py
[2026-05-16T17:46:31.493+0000] {processor.py:840} INFO - DAG(s) 'dwh_modeling_dag' retrieved from /opt/airflow/dags/dwh_layer.py
[2026-05-16T17:46:31.507+0000] {logging_mixin.py:188} INFO - [2026-05-16T17:46:31.507+0000] {dag.py:3089} INFO - Sync 1 DAGs
[2026-05-16T17:46:31.514+0000] {logging_mixin.py:188} INFO - [2026-05-16T17:46:31.514+0000] {dag.py:3947} INFO - Setting next_dagrun for dwh_modeling_dag to None, run_after=None
[2026-05-16T17:46:31.523+0000] {processor.py:183} INFO - Processing /opt/airflow/dags/dwh_layer.py took 0.040 seconds
[2026-05-16T17:47:02.072+0000] {processor.py:161} INFO - Started process (PID=7222) to work on /opt/airflow/dags/dwh_layer.py
[2026-05-16T17:47:02.074+0000] {processor.py:830} INFO - Processing file /opt/airflow/dags/dwh_layer.py for tasks to queue
[2026-05-16T17:47:02.079+0000] {logging_mixin.py:188} INFO - [2026-05-16T17:47:02.078+0000] {dagbag.py:545} INFO - Filling up the DagBag from /opt/airflow/dags/dwh_layer.py
[2026-05-16T17:47:02.088+0000] {processor.py:840} INFO - DAG(s) 'dwh_modeling_dag' retrieved from /opt/airflow/dags/dwh_layer.py
[2026-05-16T17:47:02.129+0000] {logging_mixin.py:188} INFO - [2026-05-16T17:47:02.128+0000] {dag.py:3089} INFO - Sync 1 DAGs
[2026-05-16T17:47:02.157+0000] {logging_mixin.py:188} INFO - [2026-05-16T17:47:02.157+0000] {dag.py:3947} INFO - Setting next_dagrun for dwh_modeling_dag to None, run_after=None
[2026-05-16T17:47:02.203+0000] {processor.py:183} INFO - Processing /opt/airflow/dags/dwh_layer.py took 0.141 seconds
[2026-05-16T18:45:33.339+0000] {processor.py:161} INFO - Started process (PID=7283) to work on /opt/airflow/dags/dwh_layer.py
[2026-05-16T18:45:33.341+0000] {processor.py:830} INFO - Processing file /opt/airflow/dags/dwh_layer.py for tasks to queue
[2026-05-16T18:45:33.345+0000] {logging_mixin.py:188} INFO - [2026-05-16T18:45:33.344+0000] {dagbag.py:545} INFO - Filling up the DagBag from /opt/airflow/dags/dwh_layer.py
[2026-05-16T18:45:33.353+0000] {processor.py:840} INFO - DAG(s) 'dwh_modeling_dag' retrieved from /opt/airflow/dags/dwh_layer.py
[2026-05-16T18:45:33.395+0000] {logging_mixin.py:188} INFO - [2026-05-16T18:45:33.394+0000] {dag.py:3089} INFO - Sync 1 DAGs
[2026-05-16T18:45:33.414+0000] {logging_mixin.py:188} INFO - [2026-05-16T18:45:33.414+0000] {dag.py:3947} INFO - Setting next_dagrun for dwh_modeling_dag to None, run_after=None
[2026-05-16T18:45:33.445+0000] {processor.py:183} INFO - Processing /opt/airflow/dags/dwh_layer.py took 0.116 seconds
[2026-05-16T18:46:03.670+0000] {processor.py:161} INFO - Started process (PID=7345) to work on /opt/airflow/dags/dwh_layer.py
[2026-05-16T18:46:03.671+0000] {processor.py:830} INFO - Processing file /opt/airflow/dags/dwh_layer.py for tasks to queue
[2026-05-16T18:46:03.673+0000] {logging_mixin.py:188} INFO - [2026-05-16T18:46:03.673+0000] {dagbag.py:545} INFO - Filling up the DagBag from /opt/airflow/dags/dwh_layer.py
[2026-05-16T18:46:03.679+0000] {processor.py:840} INFO - DAG(s) 'dwh_modeling_dag' retrieved from /opt/airflow/dags/dwh_layer.py
[2026-05-16T18:46:03.734+0000] {logging_mixin.py:188} INFO - [2026-05-16T18:46:03.734+0000] {dag.py:3089} INFO - Sync 1 DAGs
[2026-05-16T18:46:03.753+0000] {logging_mixin.py:188} INFO - [2026-05-16T18:46:03.752+0000] {dag.py:3947} INFO - Setting next_dagrun for dwh_modeling_dag to None, run_after=None
[2026-05-16T18:46:03.795+0000] {processor.py:183} INFO - Processing /opt/airflow/dags/dwh_layer.py took 0.135 seconds
[2026-05-16T19:23:27.244+0000] {processor.py:161} INFO - Started process (PID=7406) to work on /opt/airflow/dags/dwh_layer.py
[2026-05-16T19:23:27.246+0000] {processor.py:830} INFO - Processing file /opt/airflow/dags/dwh_layer.py for tasks to queue
[2026-05-16T19:23:27.248+0000] {logging_mixin.py:188} INFO - [2026-05-16T19:23:27.248+0000] {dagbag.py:545} INFO - Filling up the DagBag from /opt/airflow/dags/dwh_layer.py
[2026-05-16T19:23:27.257+0000] {processor.py:840} INFO - DAG(s) 'dwh_modeling_dag' retrieved from /opt/airflow/dags/dwh_layer.py
[2026-05-16T19:23:27.296+0000] {logging_mixin.py:188} INFO - [2026-05-16T19:23:27.295+0000] {dag.py:3089} INFO - Sync 1 DAGs
[2026-05-16T19:23:27.317+0000] {logging_mixin.py:188} INFO - [2026-05-16T19:23:27.317+0000] {dag.py:3947} INFO - Setting next_dagrun for dwh_modeling_dag to None, run_after=None
[2026-05-16T19:23:27.364+0000] {processor.py:183} INFO - Processing /opt/airflow/dags/dwh_layer.py took 0.133 seconds
[2026-05-16T19:23:57.692+0000] {processor.py:161} INFO - Started process (PID=7468) to work on /opt/airflow/dags/dwh_layer.py
[2026-05-16T19:23:57.692+0000] {processor.py:830} INFO - Processing file /opt/airflow/dags/dwh_layer.py for tasks to queue
[2026-05-16T19:23:57.693+0000] {logging_mixin.py:188} INFO - [2026-05-16T19:23:57.693+0000] {dagbag.py:545} INFO - Filling up the DagBag from /opt/airflow/dags/dwh_layer.py
[2026-05-16T19:23:57.696+0000] {processor.py:840} INFO - DAG(s) 'dwh_modeling_dag' retrieved from /opt/airflow/dags/dwh_layer.py
[2026-05-16T19:23:57.705+0000] {logging_mixin.py:188} INFO - [2026-05-16T19:23:57.705+0000] {dag.py:3089} INFO - Sync 1 DAGs
[2026-05-16T19:23:57.710+0000] {logging_mixin.py:188} INFO - [2026-05-16T19:23:57.710+0000] {dag.py:3947} INFO - Setting next_dagrun for dwh_modeling_dag to None, run_after=None
[2026-05-16T19:23:57.716+0000] {processor.py:183} INFO - Processing /opt/airflow/dags/dwh_layer.py took 0.027 seconds
[2026-05-16T20:13:34.838+0000] {processor.py:161} INFO - Started process (PID=7524) to work on /opt/airflow/dags/dwh_layer.py
[2026-05-16T20:13:34.838+0000] {processor.py:830} INFO - Processing file /opt/airflow/dags/dwh_layer.py for tasks to queue
[2026-05-16T20:13:34.839+0000] {logging_mixin.py:188} INFO - [2026-05-16T20:13:34.839+0000] {dagbag.py:545} INFO - Filling up the DagBag from /opt/airflow/dags/dwh_layer.py
[2026-05-16T20:13:34.842+0000] {processor.py:840} INFO - DAG(s) 'dwh_modeling_dag' retrieved from /opt/airflow/dags/dwh_layer.py
[2026-05-16T20:13:34.852+0000] {logging_mixin.py:188} INFO - [2026-05-16T20:13:34.852+0000] {dag.py:3089} INFO - Sync 1 DAGs
[2026-05-16T20:13:34.858+0000] {logging_mixin.py:188} INFO - [2026-05-16T20:13:34.857+0000] {dag.py:3947} INFO - Setting next_dagrun for dwh_modeling_dag to None, run_after=None
[2026-05-16T20:13:34.867+0000] {processor.py:183} INFO - Processing /opt/airflow/dags/dwh_layer.py took 0.033 seconds
[2026-05-16T20:14:05.608+0000] {processor.py:161} INFO - Started process (PID=7586) to work on /opt/airflow/dags/dwh_layer.py
[2026-05-16T20:14:05.608+0000] {processor.py:830} INFO - Processing file /opt/airflow/dags/dwh_layer.py for tasks to queue
[2026-05-16T20:14:05.609+0000] {logging_mixin.py:188} INFO - [2026-05-16T20:14:05.609+0000] {dagbag.py:545} INFO - Filling up the DagBag from /opt/airflow/dags/dwh_layer.py
[2026-05-16T20:14:05.611+0000] {processor.py:840} INFO - DAG(s) 'dwh_modeling_dag' retrieved from /opt/airflow/dags/dwh_layer.py
[2026-05-16T20:14:05.619+0000] {logging_mixin.py:188} INFO - [2026-05-16T20:14:05.619+0000] {dag.py:3089} INFO - Sync 1 DAGs
[2026-05-16T20:14:05.624+0000] {logging_mixin.py:188} INFO - [2026-05-16T20:14:05.624+0000] {dag.py:3947} INFO - Setting next_dagrun for dwh_modeling_dag to None, run_after=None
[2026-05-16T20:14:05.629+0000] {processor.py:183} INFO - Processing /opt/airflow/dags/dwh_layer.py took 0.024 seconds
[2026-05-16T20:14:35.966+0000] {processor.py:161} INFO - Started process (PID=7648) to work on /opt/airflow/dags/dwh_layer.py
[2026-05-16T20:14:35.966+0000] {processor.py:830} INFO - Processing file /opt/airflow/dags/dwh_layer.py for tasks to queue
[2026-05-16T20:14:35.967+0000] {logging_mixin.py:188} INFO - [2026-05-16T20:14:35.967+0000] {dagbag.py:545} INFO - Filling up the DagBag from /opt/airflow/dags/dwh_layer.py
[2026-05-16T20:14:35.970+0000] {processor.py:840} INFO - DAG(s) 'dwh_modeling_dag' retrieved from /opt/airflow/dags/dwh_layer.py
[2026-05-16T20:14:35.977+0000] {logging_mixin.py:188} INFO - [2026-05-16T20:14:35.977+0000] {dag.py:3089} INFO - Sync 1 DAGs
[2026-05-16T20:14:35.981+0000] {logging_mixin.py:188} INFO - [2026-05-16T20:14:35.981+0000] {dag.py:3947} INFO - Setting next_dagrun for dwh_modeling_dag to None, run_after=None
[2026-05-16T20:14:35.987+0000] {processor.py:183} INFO - Processing /opt/airflow/dags/dwh_layer.py took 0.023 seconds
[2026-05-16T20:15:06.298+0000] {processor.py:161} INFO - Started process (PID=7710) to work on /opt/airflow/dags/dwh_layer.py
[2026-05-16T20:15:06.298+0000] {processor.py:830} INFO - Processing file /opt/airflow/dags/dwh_layer.py for tasks to queue
[2026-05-16T20:15:06.299+0000] {logging_mixin.py:188} INFO - [2026-05-16T20:15:06.299+0000] {dagbag.py:545} INFO - Filling up the DagBag from /opt/airflow/dags/dwh_layer.py
[2026-05-16T20:15:06.302+0000] {processor.py:840} INFO - DAG(s) 'dwh_modeling_dag' retrieved from /opt/airflow/dags/dwh_layer.py
[2026-05-16T20:15:06.311+0000] {logging_mixin.py:188} INFO - [2026-05-16T20:15:06.311+0000] {dag.py:3089} INFO - Sync 1 DAGs
[2026-05-16T20:15:06.315+0000] {logging_mixin.py:188} INFO - [2026-05-16T20:15:06.315+0000] {dag.py:3947} INFO - Setting next_dagrun for dwh_modeling_dag to None, run_after=None
[2026-05-16T20:15:06.321+0000] {processor.py:183} INFO - Processing /opt/airflow/dags/dwh_layer.py took 0.027 seconds
[2026-05-16T20:15:36.641+0000] {processor.py:161} INFO - Started process (PID=7772) to work on /opt/airflow/dags/dwh_layer.py
[2026-05-16T20:15:36.642+0000] {processor.py:830} INFO - Processing file /opt/airflow/dags/dwh_layer.py for tasks to queue
[2026-05-16T20:15:36.642+0000] {logging_mixin.py:188} INFO - [2026-05-16T20:15:36.642+0000] {dagbag.py:545} INFO - Filling up the DagBag from /opt/airflow/dags/dwh_layer.py
[2026-05-16T20:15:36.645+0000] {processor.py:840} INFO - DAG(s) 'dwh_modeling_dag' retrieved from /opt/airflow/dags/dwh_layer.py
[2026-05-16T20:15:36.653+0000] {logging_mixin.py:188} INFO - [2026-05-16T20:15:36.653+0000] {dag.py:3089} INFO - Sync 1 DAGs
[2026-05-16T20:15:36.658+0000] {logging_mixin.py:188} INFO - [2026-05-16T20:15:36.658+0000] {dag.py:3947} INFO - Setting next_dagrun for dwh_modeling_dag to None, run_after=None
[2026-05-16T20:15:36.665+0000] {processor.py:183} INFO - Processing /opt/airflow/dags/dwh_layer.py took 0.026 seconds
[2026-05-16T20:16:07.088+0000] {processor.py:161} INFO - Started process (PID=7834) to work on /opt/airflow/dags/dwh_layer.py
[2026-05-16T20:16:07.089+0000] {processor.py:830} INFO - Processing file /opt/airflow/dags/dwh_layer.py for tasks to queue
[2026-05-16T20:16:07.090+0000] {logging_mixin.py:188} INFO - [2026-05-16T20:16:07.089+0000] {dagbag.py:545} INFO - Filling up the DagBag from /opt/airflow/dags/dwh_layer.py
[2026-05-16T20:16:07.092+0000] {processor.py:840} INFO - DAG(s) 'dwh_modeling_dag' retrieved from /opt/airflow/dags/dwh_layer.py
[2026-05-16T20:16:07.102+0000] {logging_mixin.py:188} INFO - [2026-05-16T20:16:07.102+0000] {dag.py:3089} INFO - Sync 1 DAGs
[2026-05-16T20:16:07.106+0000] {logging_mixin.py:188} INFO - [2026-05-16T20:16:07.106+0000] {dag.py:3947} INFO - Setting next_dagrun for dwh_modeling_dag to None, run_after=None
[2026-05-16T20:16:07.112+0000] {processor.py:183} INFO - Processing /opt/airflow/dags/dwh_layer.py took 0.027 seconds
[2026-05-16T20:16:37.721+0000] {processor.py:161} INFO - Started process (PID=7896) to work on /opt/airflow/dags/dwh_layer.py
[2026-05-16T20:16:37.721+0000] {processor.py:830} INFO - Processing file /opt/airflow/dags/dwh_layer.py for tasks to queue
[2026-05-16T20:16:37.722+0000] {logging_mixin.py:188} INFO - [2026-05-16T20:16:37.722+0000] {dagbag.py:545} INFO - Filling up the DagBag from /opt/airflow/dags/dwh_layer.py
[2026-05-16T20:16:37.725+0000] {processor.py:840} INFO - DAG(s) 'dwh_modeling_dag' retrieved from /opt/airflow/dags/dwh_layer.py
[2026-05-16T20:16:37.732+0000] {logging_mixin.py:188} INFO - [2026-05-16T20:16:37.732+0000] {dag.py:3089} INFO - Sync 1 DAGs
[2026-05-16T20:16:37.736+0000] {logging_mixin.py:188} INFO - [2026-05-16T20:16:37.736+0000] {dag.py:3947} INFO - Setting next_dagrun for dwh_modeling_dag to None, run_after=None
[2026-05-16T20:16:37.741+0000] {processor.py:183} INFO - Processing /opt/airflow/dags/dwh_layer.py took 0.022 seconds
[2026-05-16T20:17:08.452+0000] {processor.py:161} INFO - Started process (PID=7958) to work on /opt/airflow/dags/dwh_layer.py
[2026-05-16T20:17:08.452+0000] {processor.py:830} INFO - Processing file /opt/airflow/dags/dwh_layer.py for tasks to queue
[2026-05-16T20:17:08.453+0000] {logging_mixin.py:188} INFO - [2026-05-16T20:17:08.453+0000] {dagbag.py:545} INFO - Filling up the DagBag from /opt/airflow/dags/dwh_layer.py
[2026-05-16T20:17:08.534+0000] {processor.py:840} INFO - DAG(s) 'dwh_modeling_dag' retrieved from /opt/airflow/dags/dwh_layer.py
[2026-05-16T20:17:08.541+0000] {logging_mixin.py:188} INFO - [2026-05-16T20:17:08.541+0000] {dag.py:3089} INFO - Sync 1 DAGs
[2026-05-16T20:17:08.544+0000] {logging_mixin.py:188} INFO - [2026-05-16T20:17:08.544+0000] {dag.py:3947} INFO - Setting next_dagrun for dwh_modeling_dag to None, run_after=None
[2026-05-16T20:17:08.549+0000] {processor.py:183} INFO - Processing /opt/airflow/dags/dwh_layer.py took 0.101 seconds
[2026-05-16T20:17:38.989+0000] {processor.py:161} INFO - Started process (PID=8020) to work on /opt/airflow/dags/dwh_layer.py
[2026-05-16T20:17:38.989+0000] {processor.py:830} INFO - Processing file /opt/airflow/dags/dwh_layer.py for tasks to queue
[2026-05-16T20:17:38.990+0000] {logging_mixin.py:188} INFO - [2026-05-16T20:17:38.990+0000] {dagbag.py:545} INFO - Filling up the DagBag from /opt/airflow/dags/dwh_layer.py
[2026-05-16T20:17:38.993+0000] {processor.py:840} INFO - DAG(s) 'dwh_modeling_dag' retrieved from /opt/airflow/dags/dwh_layer.py
[2026-05-16T20:17:39.005+0000] {logging_mixin.py:188} INFO - [2026-05-16T20:17:39.005+0000] {dag.py:3089} INFO - Sync 1 DAGs
[2026-05-16T20:17:39.011+0000] {logging_mixin.py:188} INFO - [2026-05-16T20:17:39.010+0000] {dag.py:3947} INFO - Setting next_dagrun for dwh_modeling_dag to None, run_after=None
[2026-05-16T20:17:39.017+0000] {processor.py:183} INFO - Processing /opt/airflow/dags/dwh_layer.py took 0.030 seconds
[2026-05-16T20:18:09.312+0000] {processor.py:161} INFO - Started process (PID=8082) to work on /opt/airflow/dags/dwh_layer.py
[2026-05-16T20:18:09.313+0000] {processor.py:830} INFO - Processing file /opt/airflow/dags/dwh_layer.py for tasks to queue
[2026-05-16T20:18:09.313+0000] {logging_mixin.py:188} INFO - [2026-05-16T20:18:09.313+0000] {dagbag.py:545} INFO - Filling up the DagBag from /opt/airflow/dags/dwh_layer.py
[2026-05-16T20:18:09.316+0000] {processor.py:840} INFO - DAG(s) 'dwh_modeling_dag' retrieved from /opt/airflow/dags/dwh_layer.py
[2026-05-16T20:18:09.324+0000] {logging_mixin.py:188} INFO - [2026-05-16T20:18:09.324+0000] {dag.py:3089} INFO - Sync 1 DAGs
[2026-05-16T20:18:09.328+0000] {logging_mixin.py:188} INFO - [2026-05-16T20:18:09.328+0000] {dag.py:3947} INFO - Setting next_dagrun for dwh_modeling_dag to None, run_after=None
[2026-05-16T20:18:09.334+0000] {processor.py:183} INFO - Processing /opt/airflow/dags/dwh_layer.py took 0.024 seconds
[2026-05-16T20:18:39.735+0000] {processor.py:161} INFO - Started process (PID=8144) to work on /opt/airflow/dags/dwh_layer.py
[2026-05-16T20:18:39.736+0000] {processor.py:830} INFO - Processing file /opt/airflow/dags/dwh_layer.py for tasks to queue
[2026-05-16T20:18:39.736+0000] {logging_mixin.py:188} INFO - [2026-05-16T20:18:39.736+0000] {dagbag.py:545} INFO - Filling up the DagBag from /opt/airflow/dags/dwh_layer.py
[2026-05-16T20:18:39.739+0000] {processor.py:840} INFO - DAG(s) 'dwh_modeling_dag' retrieved from /opt/airflow/dags/dwh_layer.py
[2026-05-16T20:18:39.746+0000] {logging_mixin.py:188} INFO - [2026-05-16T20:18:39.746+0000] {dag.py:3089} INFO - Sync 1 DAGs
[2026-05-16T20:18:39.750+0000] {logging_mixin.py:188} INFO - [2026-05-16T20:18:39.750+0000] {dag.py:3947} INFO - Setting next_dagrun for dwh_modeling_dag to None, run_after=None
[2026-05-16T20:18:39.756+0000] {processor.py:183} INFO - Processing /opt/airflow/dags/dwh_layer.py took 0.023 seconds
[2026-05-16T20:19:10.144+0000] {processor.py:161} INFO - Started process (PID=8205) to work on /opt/airflow/dags/dwh_layer.py
[2026-05-16T20:19:10.144+0000] {processor.py:830} INFO - Processing file /opt/airflow/dags/dwh_layer.py for tasks to queue
[2026-05-16T20:19:10.145+0000] {logging_mixin.py:188} INFO - [2026-05-16T20:19:10.145+0000] {dagbag.py:545} INFO - Filling up the DagBag from /opt/airflow/dags/dwh_layer.py
[2026-05-16T20:19:10.147+0000] {processor.py:840} INFO - DAG(s) 'dwh_modeling_dag' retrieved from /opt/airflow/dags/dwh_layer.py
[2026-05-16T20:19:10.156+0000] {logging_mixin.py:188} INFO - [2026-05-16T20:19:10.155+0000] {dag.py:3089} INFO - Sync 1 DAGs
[2026-05-16T20:19:10.160+0000] {logging_mixin.py:188} INFO - [2026-05-16T20:19:10.160+0000] {dag.py:3947} INFO - Setting next_dagrun for dwh_modeling_dag to None, run_after=None
[2026-05-16T20:19:10.167+0000] {processor.py:183} INFO - Processing /opt/airflow/dags/dwh_layer.py took 0.026 seconds
[2026-05-16T20:19:40.603+0000] {processor.py:161} INFO - Started process (PID=8267) to work on /opt/airflow/dags/dwh_layer.py
[2026-05-16T20:19:40.604+0000] {processor.py:830} INFO - Processing file /opt/airflow/dags/dwh_layer.py for tasks to queue
[2026-05-16T20:19:40.605+0000] {logging_mixin.py:188} INFO - [2026-05-16T20:19:40.604+0000] {dagbag.py:545} INFO - Filling up the DagBag from /opt/airflow/dags/dwh_layer.py
[2026-05-16T20:19:40.607+0000] {processor.py:840} INFO - DAG(s) 'dwh_modeling_dag' retrieved from /opt/airflow/dags/dwh_layer.py
[2026-05-16T20:19:40.615+0000] {logging_mixin.py:188} INFO - [2026-05-16T20:19:40.615+0000] {dag.py:3089} INFO - Sync 1 DAGs
[2026-05-16T20:19:40.619+0000] {logging_mixin.py:188} INFO - [2026-05-16T20:19:40.619+0000] {dag.py:3947} INFO - Setting next_dagrun for dwh_modeling_dag to None, run_after=None
[2026-05-16T20:19:40.624+0000] {processor.py:183} INFO - Processing /opt/airflow/dags/dwh_layer.py took 0.024 seconds
